count,scenario,index,run,sample,gpu_ms,cpu_submit_ms
10000,aligned_still,linked,1,0,1.175552,0.0165
10000,aligned_still,linked,1,1,0.955392,0.0312
10000,aligned_still,linked,1,2,0.943104,0.0075
10000,aligned_still,linked,1,3,0.959488,0.0047
10000,aligned_still,linked,1,4,0.9472,0.005
10000,aligned_still,linked,1,5,1.084416,0.0033
10000,aligned_still,linked,1,6,0.994304,0.0043
10000,aligned_still,linked,1,7,0.941056,0.0047
10000,aligned_still,linked,1,8,1.168384,0.0048
10000,aligned_still,linked,1,9,0.941056,0.0045
10000,aligned_still,linked,1,10,0.96256,0.0043
10000,aligned_still,linked,1,11,0.951296,0.0044
10000,aligned_still,linked,1,12,0.96256,0.0149
10000,aligned_still,linked,1,13,1.138688,0.0044
10000,aligned_still,linked,1,14,0.939008,0.0052
10000,aligned_still,linked,1,15,0.934912,0.0044
10000,aligned_still,linked,1,16,1.152,0.0042
10000,aligned_still,linked,1,17,0.941056,0.0043
10000,aligned_still,linked,1,18,0.96256,0.0045
10000,aligned_still,linked,1,19,0.9472,0.0043
10000,aligned_still,linked,1,20,1.142784,0.0074
10000,aligned_still,linked,1,21,0.949248,0.0046
10000,aligned_still,linked,1,22,0.948224,0.0042
10000,aligned_still,linked,1,23,0.944128,0.0044
10000,aligned_still,linked,1,24,0.922624,0.0042
10000,aligned_still,linked,1,25,1.158144,0.0039
10000,aligned_still,linked,1,26,0.949248,0.0043
10000,aligned_still,linked,1,27,0.970752,0.0042
10000,aligned_still,linked,1,28,0.941056,0.0044
10000,aligned_still,linked,1,29,1.14176,0.0047
10000,aligned_still,linked,1,30,0.950272,0.0044
10000,aligned_still,linked,1,31,0.966656,0.0041
10000,aligned_still,linked,1,32,0.939008,0.0046
10000,aligned_still,linked,1,33,0.955392,0.0044
10000,aligned_still,linked,1,34,1.1264,0.0043
10000,aligned_still,linked,1,35,0.946176,0.0046
10000,aligned_still,linked,1,36,0.946176,0.0044
10000,aligned_still,linked,1,37,1.143808,0.0054
10000,aligned_still,linked,1,38,0.950272,0.0045
10000,aligned_still,linked,1,39,0.955392,0.0057
10000,aligned_still,bounded_linked,1,0,1.007616,0.0074
10000,aligned_still,bounded_linked,1,1,0.990208,0.0051
10000,aligned_still,bounded_linked,1,2,0.996352,0.0048
10000,aligned_still,bounded_linked,1,3,0.98304,0.0047
10000,aligned_still,bounded_linked,1,4,0.9728,0.0049
10000,aligned_still,bounded_linked,1,5,0.984064,0.0049
10000,aligned_still,bounded_linked,1,6,0.99328,0.0046
10000,aligned_still,bounded_linked,1,7,0.98816,0.0048
10000,aligned_still,bounded_linked,1,8,0.971776,0.0047
10000,aligned_still,bounded_linked,1,9,0.996352,0.0046
10000,aligned_still,bounded_linked,1,10,0.991232,0.005
10000,aligned_still,bounded_linked,1,11,0.974848,0.0045
10000,aligned_still,bounded_linked,1,12,1.010688,0.0046
10000,aligned_still,bounded_linked,1,13,0.989184,0.0045
10000,aligned_still,bounded_linked,1,14,0.986112,0.0046
10000,aligned_still,bounded_linked,1,15,0.973824,0.0048
10000,aligned_still,bounded_linked,1,16,1.025024,0.0046
10000,aligned_still,bounded_linked,1,17,0.98816,0.0048
10000,aligned_still,bounded_linked,1,18,0.989184,0.0046
10000,aligned_still,bounded_linked,1,19,0.97792,0.0052
10000,aligned_still,bounded_linked,1,20,0.999424,0.0046
10000,aligned_still,bounded_linked,1,21,0.999424,0.0045
10000,aligned_still,bounded_linked,1,22,0.992256,0.0045
10000,aligned_still,bounded_linked,1,23,0.9728,0.0057
10000,aligned_still,bounded_linked,1,24,0.986112,0.0045
10000,aligned_still,bounded_linked,1,25,0.992256,0.0045
10000,aligned_still,bounded_linked,1,26,0.987136,0.0045
10000,aligned_still,bounded_linked,1,27,0.973824,0.0047
10000,aligned_still,bounded_linked,1,28,0.986112,0.0048
10000,aligned_still,bounded_linked,1,29,0.999424,0.0047
10000,aligned_still,bounded_linked,1,30,0.984064,0.0047
10000,aligned_still,bounded_linked,1,31,1.011712,0.0045
10000,aligned_still,bounded_linked,1,32,0.990208,0.0047
10000,aligned_still,bounded_linked,1,33,0.9984,0.0047
10000,aligned_still,bounded_linked,1,34,0.973824,0.0045
10000,aligned_still,bounded_linked,1,35,1.015808,0.0045
10000,aligned_still,bounded_linked,1,36,0.99328,0.0047
10000,aligned_still,bounded_linked,1,37,0.999424,0.0047
10000,aligned_still,bounded_linked,1,38,0.973824,0.0045
10000,aligned_still,bounded_linked,1,39,1.00864,0.0046
10000,aligned_still,exact_ranges,1,0,1.118208,0.0087
10000,aligned_still,exact_ranges,1,1,1.067008,0.0072
10000,aligned_still,exact_ranges,1,2,1.042432,0.0072
10000,aligned_still,exact_ranges,1,3,1.068032,0.0069
10000,aligned_still,exact_ranges,1,4,1.056768,0.0108
10000,aligned_still,exact_ranges,1,5,1.083392,0.0069
10000,aligned_still,exact_ranges,1,6,1.062912,0.0068
10000,aligned_still,exact_ranges,1,7,1.052672,0.0067
10000,aligned_still,exact_ranges,1,8,1.060864,0.0066
10000,aligned_still,exact_ranges,1,9,1.058816,0.0114
10000,aligned_still,exact_ranges,1,10,1.092608,0.0068
10000,aligned_still,exact_ranges,1,11,1.057792,0.0069
10000,aligned_still,exact_ranges,1,12,1.05472,0.0071
10000,aligned_still,exact_ranges,1,13,1.060864,0.0068
10000,aligned_still,exact_ranges,1,14,1.04448,0.0067
10000,aligned_still,exact_ranges,1,15,1.0496,0.0069
10000,aligned_still,exact_ranges,1,16,1.058816,0.0069
10000,aligned_still,exact_ranges,1,17,1.261568,0.0177
10000,aligned_still,exact_ranges,1,18,1.065984,0.0071
10000,aligned_still,exact_ranges,1,19,1.06496,0.0312
10000,aligned_still,exact_ranges,1,20,1.05984,0.007
10000,aligned_still,exact_ranges,1,21,1.03936,0.0067
10000,aligned_still,exact_ranges,1,22,1.074176,0.0119
10000,aligned_still,exact_ranges,1,23,1.06496,0.0068
10000,aligned_still,exact_ranges,1,24,1.104896,0.0071
10000,aligned_still,exact_ranges,1,25,1.074176,0.0071
10000,aligned_still,exact_ranges,1,26,1.053696,0.0071
10000,aligned_still,exact_ranges,1,27,1.055744,0.0067
10000,aligned_still,exact_ranges,1,28,1.051648,0.0068
10000,aligned_still,exact_ranges,1,29,1.078272,0.0067
10000,aligned_still,exact_ranges,1,30,1.051648,0.0073
10000,aligned_still,exact_ranges,1,31,1.052672,0.0068
10000,aligned_still,exact_ranges,1,32,1.067008,0.0068
10000,aligned_still,exact_ranges,1,33,1.041408,0.0069
10000,aligned_still,exact_ranges,1,34,1.052672,0.0067
10000,aligned_still,exact_ranges,1,35,1.05472,0.0071
10000,aligned_still,exact_ranges,1,36,1.091584,0.0069
10000,aligned_still,exact_ranges,1,37,1.0752,0.0236
10000,aligned_still,exact_ranges,1,38,1.065984,0.0094
10000,aligned_still,exact_ranges,1,39,1.077248,0.0073
10000,aligned_still,bounded_linked,2,0,1.035264,0.0055
10000,aligned_still,bounded_linked,2,1,0.965632,0.0047
10000,aligned_still,bounded_linked,2,2,0.996352,0.0045
10000,aligned_still,bounded_linked,2,3,0.987136,0.0043
10000,aligned_still,bounded_linked,2,4,0.974848,0.0044
10000,aligned_still,bounded_linked,2,5,1.010688,0.0045
10000,aligned_still,bounded_linked,2,6,0.985088,0.0044
10000,aligned_still,bounded_linked,2,7,1.000448,0.0048
10000,aligned_still,bounded_linked,2,8,0.974848,0.0048
10000,aligned_still,bounded_linked,2,9,1.011712,0.0055
10000,aligned_still,bounded_linked,2,10,0.986112,0.0057
10000,aligned_still,bounded_linked,2,11,0.996352,0.0051
10000,aligned_still,bounded_linked,2,12,0.976896,0.0044
10000,aligned_still,bounded_linked,2,13,0.991232,0.0045
10000,aligned_still,bounded_linked,2,14,0.994304,0.0043
10000,aligned_still,bounded_linked,2,15,0.982016,0.0045
10000,aligned_still,bounded_linked,2,16,0.973824,0.0043
10000,aligned_still,bounded_linked,2,17,0.994304,0.0084
10000,aligned_still,bounded_linked,2,18,0.995328,0.0042
10000,aligned_still,bounded_linked,2,19,0.995328,0.0045
10000,aligned_still,bounded_linked,2,20,0.973824,0.0043
10000,aligned_still,bounded_linked,2,21,0.995328,0.0044
10000,aligned_still,bounded_linked,2,22,0.984064,0.0043
10000,aligned_still,bounded_linked,2,23,0.976896,0.0043
10000,aligned_still,bounded_linked,2,24,1.009664,0.0045
10000,aligned_still,bounded_linked,2,25,0.997376,0.0044
10000,aligned_still,bounded_linked,2,26,1.000448,0.0045
10000,aligned_still,bounded_linked,2,27,0.973824,0.0045
10000,aligned_still,bounded_linked,2,28,1.015808,0.0051
10000,aligned_still,bounded_linked,2,29,0.99328,0.0043
10000,aligned_still,bounded_linked,2,30,0.987136,0.0047
10000,aligned_still,bounded_linked,2,31,0.980992,0.0043
10000,aligned_still,bounded_linked,2,32,0.999424,0.0076
10000,aligned_still,bounded_linked,2,33,0.997376,0.0046
10000,aligned_still,bounded_linked,2,34,0.98816,0.0043
10000,aligned_still,bounded_linked,2,35,0.973824,0.0043
10000,aligned_still,bounded_linked,2,36,0.994304,0.0074
10000,aligned_still,bounded_linked,2,37,0.994304,0.0045
10000,aligned_still,bounded_linked,2,38,0.9984,0.0045
10000,aligned_still,bounded_linked,2,39,0.97792,0.0045
10000,aligned_still,exact_ranges,2,0,1.092608,0.0236
10000,aligned_still,exact_ranges,2,1,1.074176,0.0118
10000,aligned_still,exact_ranges,2,2,1.055744,0.007
10000,aligned_still,exact_ranges,2,3,1.093632,0.0067
10000,aligned_still,exact_ranges,2,4,1.073152,0.0067
10000,aligned_still,exact_ranges,2,5,1.089536,0.0067
10000,aligned_still,exact_ranges,2,6,1.065984,0.0066
10000,aligned_still,exact_ranges,2,7,1.053696,0.0065
10000,aligned_still,exact_ranges,2,8,1.052672,0.0066
10000,aligned_still,exact_ranges,2,9,1.07008,0.0095
10000,aligned_still,exact_ranges,2,10,1.067008,0.0088
10000,aligned_still,exact_ranges,2,11,1.340416,0.0062
10000,aligned_still,exact_ranges,2,12,1.061888,0.0065
10000,aligned_still,exact_ranges,2,13,1.071104,0.0066
10000,aligned_still,exact_ranges,2,14,1.042432,0.0067
10000,aligned_still,exact_ranges,2,15,1.052672,0.0068
10000,aligned_still,exact_ranges,2,16,1.062912,0.0065
10000,aligned_still,exact_ranges,2,17,1.098752,0.0066
10000,aligned_still,exact_ranges,2,18,1.074176,0.0069
10000,aligned_still,exact_ranges,2,19,1.055744,0.0066
10000,aligned_still,exact_ranges,2,20,1.073152,0.0066
10000,aligned_still,exact_ranges,2,21,1.05472,0.0063
10000,aligned_still,exact_ranges,2,22,1.082368,0.0067
10000,aligned_still,exact_ranges,2,23,1.067008,0.0114
10000,aligned_still,exact_ranges,2,24,1.082368,0.0114
10000,aligned_still,exact_ranges,2,25,1.062912,0.0066
10000,aligned_still,exact_ranges,2,26,1.0496,0.0064
10000,aligned_still,exact_ranges,2,27,1.060864,0.0065
10000,aligned_still,exact_ranges,2,28,1.055744,0.011
10000,aligned_still,exact_ranges,2,29,1.08544,0.0066
10000,aligned_still,exact_ranges,2,30,1.05472,0.0109
10000,aligned_still,exact_ranges,2,31,1.0752,0.0067
10000,aligned_still,exact_ranges,2,32,1.062912,0.0067
10000,aligned_still,exact_ranges,2,33,1.043456,0.0067
10000,aligned_still,exact_ranges,2,34,1.055744,0.007
10000,aligned_still,exact_ranges,2,35,1.051648,0.0067
10000,aligned_still,exact_ranges,2,36,1.099776,0.0066
10000,aligned_still,exact_ranges,2,37,1.0752,0.0066
10000,aligned_still,exact_ranges,2,38,1.323008,0.0068
10000,aligned_still,exact_ranges,2,39,1.514496,0.0065
10000,aligned_still,linked,2,0,0.9728,0.0072
10000,aligned_still,linked,2,1,1.271808,0.0048
10000,aligned_still,linked,2,2,0.95232,0.0046
10000,aligned_still,linked,2,3,0.963584,0.0043
10000,aligned_still,linked,2,4,0.95232,0.0045
10000,aligned_still,linked,2,5,1.261568,0.0048
10000,aligned_still,linked,2,6,1.007616,0.0044
10000,aligned_still,linked,2,7,0.946176,0.0047
10000,aligned_still,linked,2,8,0.971776,0.005
10000,aligned_still,linked,2,9,1.262592,0.0054
10000,aligned_still,linked,2,10,0.939008,0.0042
10000,aligned_still,linked,2,11,0.935936,0.0048
10000,aligned_still,linked,2,12,0.956416,0.0042
10000,aligned_still,linked,2,13,1.260544,0.0044
10000,aligned_still,linked,2,14,0.95744,0.0047
10000,aligned_still,linked,2,15,0.939008,0.0046
10000,aligned_still,linked,2,16,0.961536,0.0045
10000,aligned_still,linked,2,17,1.256448,0.0044
10000,aligned_still,linked,2,18,1.01376,0.0043
10000,aligned_still,linked,2,19,0.941056,0.0042
10000,aligned_still,linked,2,20,0.951296,0.0042
10000,aligned_still,linked,2,21,1.267712,0.0044
10000,aligned_still,linked,2,22,0.958464,0.0045
10000,aligned_still,linked,2,23,0.937984,0.0048
10000,aligned_still,linked,2,24,0.930816,0.0044
10000,aligned_still,linked,2,25,1.299456,0.0056
10000,aligned_still,linked,2,26,0.948224,0.0044
10000,aligned_still,linked,2,27,0.98304,0.0042
10000,aligned_still,linked,2,28,0.939008,0.0044
10000,aligned_still,linked,2,29,1.268736,0.0045
10000,aligned_still,linked,2,30,0.950272,0.0044
10000,aligned_still,linked,2,31,0.958464,0.0078
10000,aligned_still,linked,2,32,0.939008,0.0049
10000,aligned_still,linked,2,33,0.955392,0.0031
10000,aligned_still,linked,2,34,1.27488,0.0047
10000,aligned_still,linked,2,35,0.96256,0.0044
10000,aligned_still,linked,2,36,0.9472,0.0043
10000,aligned_still,linked,2,37,1.236992,0.0045
10000,aligned_still,linked,2,38,1.004544,0.0044
10000,aligned_still,linked,2,39,0.95232,0.0087
10000,aligned_still,exact_ranges,3,0,1.099776,0.0117
10000,aligned_still,exact_ranges,3,1,1.076224,0.009
10000,aligned_still,exact_ranges,3,2,1.087488,0.0086
10000,aligned_still,exact_ranges,3,3,1.410048,0.0271
10000,aligned_still,exact_ranges,3,4,1.08032,0.009
10000,aligned_still,exact_ranges,3,5,1.028096,0.0088
10000,aligned_still,exact_ranges,3,6,1.36192,0.0083
10000,aligned_still,exact_ranges,3,7,1.061888,0.0084
10000,aligned_still,exact_ranges,3,8,1.09056,0.0083
10000,aligned_still,exact_ranges,3,9,1.087488,0.0118
10000,aligned_still,exact_ranges,3,10,1.435648,0.0078
10000,aligned_still,exact_ranges,3,11,1.05984,0.0083
10000,aligned_still,exact_ranges,3,12,1.055744,0.0092
10000,aligned_still,exact_ranges,3,13,1.378304,0.0187
10000,aligned_still,exact_ranges,3,14,1.056768,0.0129
10000,aligned_still,exact_ranges,3,15,1.10592,0.0129
10000,aligned_still,exact_ranges,3,16,1.069056,0.0129
10000,aligned_still,exact_ranges,3,17,1.056768,0.0124
10000,aligned_still,exact_ranges,3,18,1.07008,0.0118
10000,aligned_still,exact_ranges,3,19,1.052672,0.0115
10000,aligned_still,exact_ranges,3,20,1.084416,0.0135
10000,aligned_still,exact_ranges,3,21,1.073152,0.0121
10000,aligned_still,exact_ranges,3,22,1.091584,0.0122
10000,aligned_still,exact_ranges,3,23,1.076224,0.0127
10000,aligned_still,exact_ranges,3,24,1.052672,0.0117
10000,aligned_still,exact_ranges,3,25,1.063936,0.0125
10000,aligned_still,exact_ranges,3,26,1.05472,0.0123
10000,aligned_still,exact_ranges,3,27,1.084416,0.0116
10000,aligned_still,exact_ranges,3,28,1.124352,0.0117
10000,aligned_still,exact_ranges,3,29,1.063936,0.0113
10000,aligned_still,exact_ranges,3,30,1.069056,0.0122
10000,aligned_still,exact_ranges,3,31,1.043456,0.0125
10000,aligned_still,exact_ranges,3,32,1.058816,0.024
10000,aligned_still,exact_ranges,3,33,1.057792,0.0155
10000,aligned_still,exact_ranges,3,34,1.097728,0.0131
10000,aligned_still,exact_ranges,3,35,1.303552,0.0124
10000,aligned_still,exact_ranges,3,36,1.042432,0.0124
10000,aligned_still,exact_ranges,3,37,1.060864,0.0124
10000,aligned_still,exact_ranges,3,38,1.058816,0.0122
10000,aligned_still,exact_ranges,3,39,1.088512,0.0122
10000,aligned_still,linked,3,0,0.973824,0.0098
10000,aligned_still,linked,3,1,0.93696,0.0041
10000,aligned_still,linked,3,2,0.970752,0.0046
10000,aligned_still,linked,3,3,0.935936,0.0042
10000,aligned_still,linked,3,4,0.954368,0.0041
10000,aligned_still,linked,3,5,0.935936,0.0046
10000,aligned_still,linked,3,6,1.178624,0.0074
10000,aligned_still,linked,3,7,0.93696,0.0045
10000,aligned_still,linked,3,8,0.960512,0.0045
10000,aligned_still,linked,3,9,0.940032,0.004
10000,aligned_still,linked,3,10,0.959488,0.004
10000,aligned_still,linked,3,11,0.946176,0.0045
10000,aligned_still,linked,3,12,0.955392,0.0041
10000,aligned_still,linked,3,13,0.941056,0.0043
10000,aligned_still,linked,3,14,0.95232,0.004
10000,aligned_still,linked,3,15,0.940032,0.0045
10000,aligned_still,linked,3,16,0.959488,0.0043
10000,aligned_still,linked,3,17,0.951296,0.0049
10000,aligned_still,linked,3,18,0.9216,0.004
10000,aligned_still,linked,3,19,0.986112,0.0042
10000,aligned_still,linked,3,20,0.94208,0.0039
10000,aligned_still,linked,3,21,0.971776,0.0038
10000,aligned_still,linked,3,22,0.94208,0.0045
10000,aligned_still,linked,3,23,0.959488,0.0041
10000,aligned_still,linked,3,24,0.934912,0.004
10000,aligned_still,linked,3,25,0.951296,0.004
10000,aligned_still,linked,3,26,0.940032,0.0043
10000,aligned_still,linked,3,27,0.9472,0.0042
10000,aligned_still,linked,3,28,0.937984,0.008
10000,aligned_still,linked,3,29,0.951296,0.0042
10000,aligned_still,linked,3,30,0.9472,0.0046
10000,aligned_still,linked,3,31,0.956416,0.004
10000,aligned_still,linked,3,32,0.945152,0.0046
10000,aligned_still,linked,3,33,0.951296,0.0041
10000,aligned_still,linked,3,34,0.946176,0.0058
10000,aligned_still,linked,3,35,0.95744,0.004
10000,aligned_still,linked,3,36,0.949248,0.004
10000,aligned_still,linked,3,37,0.915456,0.0039
10000,aligned_still,linked,3,38,1.20832,0.0051
10000,aligned_still,linked,3,39,0.948224,0.0041
10000,aligned_still,bounded_linked,3,0,1.000448,0.0089
10000,aligned_still,bounded_linked,3,1,0.990208,0.0058
10000,aligned_still,bounded_linked,3,2,0.986112,0.0047
10000,aligned_still,bounded_linked,3,3,0.986112,0.0051
10000,aligned_still,bounded_linked,3,4,1.007616,0.0048
10000,aligned_still,bounded_linked,3,5,0.991232,0.0052
10000,aligned_still,bounded_linked,3,6,0.992256,0.0048
10000,aligned_still,bounded_linked,3,7,0.973824,0.0114
10000,aligned_still,bounded_linked,3,8,1.260544,0.0043
10000,aligned_still,bounded_linked,3,9,0.984064,0.0051
10000,aligned_still,bounded_linked,3,10,0.994304,0.0049
10000,aligned_still,bounded_linked,3,11,0.982016,0.0047
10000,aligned_still,bounded_linked,3,12,0.991232,0.0049
10000,aligned_still,bounded_linked,3,13,0.9984,0.0047
10000,aligned_still,bounded_linked,3,14,0.992256,0.0047
10000,aligned_still,bounded_linked,3,15,0.98304,0.0052
10000,aligned_still,bounded_linked,3,16,0.997376,0.0087
10000,aligned_still,bounded_linked,3,17,0.994304,0.0052
10000,aligned_still,bounded_linked,3,18,0.99328,0.0049
10000,aligned_still,bounded_linked,3,19,1.209344,0.0091
10000,aligned_still,bounded_linked,3,20,0.986112,0.005
10000,aligned_still,bounded_linked,3,21,0.99328,0.0049
10000,aligned_still,bounded_linked,3,22,0.991232,0.0046
10000,aligned_still,bounded_linked,3,23,1.240064,0.0053
10000,aligned_still,bounded_linked,3,24,0.992256,0.0049
10000,aligned_still,bounded_linked,3,25,0.996352,0.0047
10000,aligned_still,bounded_linked,3,26,0.984064,0.0046
10000,aligned_still,bounded_linked,3,27,1.391616,0.0053
10000,aligned_still,bounded_linked,3,28,0.984064,0.0052
10000,aligned_still,bounded_linked,3,29,0.996352,0.0048
10000,aligned_still,bounded_linked,3,30,0.979968,0.009
10000,aligned_still,bounded_linked,3,31,1.262592,0.0051
10000,aligned_still,bounded_linked,3,32,0.98304,0.0048
10000,aligned_still,bounded_linked,3,33,0.990208,0.005
10000,aligned_still,bounded_linked,3,34,1.201152,0.0047
10000,aligned_still,bounded_linked,3,35,1.04448,0.0054
10000,aligned_still,bounded_linked,3,36,0.995328,0.0048
10000,aligned_still,bounded_linked,3,37,1.002496,0.0047
10000,aligned_still,bounded_linked,3,38,1.243136,0.0053
10000,aligned_still,bounded_linked,3,39,0.992256,0.0055
10000,staggered_still,linked,1,0,1.002496,0.0064
10000,staggered_still,linked,1,1,0.951296,0.005
10000,staggered_still,linked,1,2,0.98816,0.0049
10000,staggered_still,linked,1,3,1.201152,0.0048
10000,staggered_still,linked,1,4,0.963584,0.0047
10000,staggered_still,linked,1,5,0.939008,0.0049
10000,staggered_still,linked,1,6,0.970752,0.0051
10000,staggered_still,linked,1,7,1.175552,0.005
10000,staggered_still,linked,1,8,0.961536,0.0047
10000,staggered_still,linked,1,9,0.943104,0.0049
10000,staggered_still,linked,1,10,0.961536,0.0047
10000,staggered_still,linked,1,11,1.186816,0.0048
10000,staggered_still,linked,1,12,0.970752,0.0048
10000,staggered_still,linked,1,13,0.945152,0.0049
10000,staggered_still,linked,1,14,0.964608,0.0046
10000,staggered_still,linked,1,15,1.184768,0.0049
10000,staggered_still,linked,1,16,0.965632,0.0048
10000,staggered_still,linked,1,17,0.955392,0.0046
10000,staggered_still,linked,1,18,0.927744,0.0048
10000,staggered_still,linked,1,19,0.985088,0.0044
10000,staggered_still,linked,1,20,1.181696,0.0049
10000,staggered_still,linked,1,21,1.006592,0.0045
10000,staggered_still,linked,1,22,0.950272,0.0048
10000,staggered_still,linked,1,23,1.180672,0.0068
10000,staggered_still,linked,1,24,1.011712,0.005
10000,staggered_still,linked,1,25,0.965632,0.0053
10000,staggered_still,linked,1,26,0.9472,0.0045
10000,staggered_still,linked,1,27,1.191936,0.0049
10000,staggered_still,linked,1,28,0.955392,0.0054
10000,staggered_still,linked,1,29,0.956416,0.0052
10000,staggered_still,linked,1,30,0.953344,0.0047
10000,staggered_still,linked,1,31,0.953344,0.0045
10000,staggered_still,linked,1,32,1.186816,0.0049
10000,staggered_still,linked,1,33,0.955392,0.005
10000,staggered_still,linked,1,34,0.9472,0.0048
10000,staggered_still,linked,1,35,0.96256,0.0045
10000,staggered_still,linked,1,36,1.2032,0.0096
10000,staggered_still,linked,1,37,0.917504,0.0046
10000,staggered_still,linked,1,38,0.992256,0.0056
10000,staggered_still,linked,1,39,0.95744,0.005
10000,staggered_still,bounded_linked,1,0,1.047552,0.0067
10000,staggered_still,bounded_linked,1,1,0.999424,0.0051
10000,staggered_still,bounded_linked,1,2,0.997376,0.0048
10000,staggered_still,bounded_linked,1,3,0.996352,0.0049
10000,staggered_still,bounded_linked,1,4,1.262592,0.0049
10000,staggered_still,bounded_linked,1,5,1.000448,0.0047
10000,staggered_still,bounded_linked,1,6,1.00864,0.0048
10000,staggered_still,bounded_linked,1,7,1.231872,0.0048
10000,staggered_still,bounded_linked,1,8,1.05472,0.0053
10000,staggered_still,bounded_linked,1,9,1.004544,0.0089
10000,staggered_still,bounded_linked,1,10,1.007616,0.0047
10000,staggered_still,bounded_linked,1,11,1.211392,0.0047
10000,staggered_still,bounded_linked,1,12,1.055744,0.0051
10000,staggered_still,bounded_linked,1,13,0.9984,0.0049
10000,staggered_still,bounded_linked,1,14,0.9984,0.0048
10000,staggered_still,bounded_linked,1,15,1.2288,0.0049
10000,staggered_still,bounded_linked,1,16,0.997376,0.0049
10000,staggered_still,bounded_linked,1,17,1.006592,0.0046
10000,staggered_still,bounded_linked,1,18,1.00352,0.0049
10000,staggered_still,bounded_linked,1,19,0.986112,0.0049
10000,staggered_still,bounded_linked,1,20,1.000448,0.0047
10000,staggered_still,bounded_linked,1,21,1.007616,0.0048
10000,staggered_still,bounded_linked,1,22,1.001472,0.0049
10000,staggered_still,bounded_linked,1,23,1.01888,0.0048
10000,staggered_still,bounded_linked,1,24,1.00864,0.0049
10000,staggered_still,bounded_linked,1,25,1.004544,0.0048
10000,staggered_still,bounded_linked,1,26,0.992256,0.0047
10000,staggered_still,bounded_linked,1,27,1.017856,0.0048
10000,staggered_still,bounded_linked,1,28,1.007616,0.0047
10000,staggered_still,bounded_linked,1,29,1.00352,0.0048
10000,staggered_still,bounded_linked,1,30,0.984064,0.0047
10000,staggered_still,bounded_linked,1,31,1.006592,0.0092
10000,staggered_still,bounded_linked,1,32,0.995328,0.0087
10000,staggered_still,bounded_linked,1,33,0.994304,0.0049
10000,staggered_still,bounded_linked,1,34,0.979968,0.0051
10000,staggered_still,bounded_linked,1,35,0.995328,0.0049
10000,staggered_still,bounded_linked,1,36,0.999424,0.0048
10000,staggered_still,bounded_linked,1,37,1.229824,0.005
10000,staggered_still,bounded_linked,1,38,0.985088,0.0049
10000,staggered_still,bounded_linked,1,39,1.007616,0.0048
10000,staggered_still,exact_ranges,1,0,1.09568,0.013
10000,staggered_still,exact_ranges,1,1,1.087488,0.0081
10000,staggered_still,exact_ranges,1,2,1.396736,0.0076
10000,staggered_still,exact_ranges,1,3,1.079296,0.0076
10000,staggered_still,exact_ranges,1,4,1.08544,0.0106
10000,staggered_still,exact_ranges,1,5,1.119232,0.0112
10000,staggered_still,exact_ranges,1,6,1.094656,0.0075
10000,staggered_still,exact_ranges,1,7,1.062912,0.0084
10000,staggered_still,exact_ranges,1,8,1.079296,0.0287
10000,staggered_still,exact_ranges,1,9,1.079296,0.0077
10000,staggered_still,exact_ranges,1,10,1.088512,0.0106
10000,staggered_still,exact_ranges,1,11,1.086464,0.0126
10000,staggered_still,exact_ranges,1,12,1.08032,0.0145
10000,staggered_still,exact_ranges,1,13,1.343488,0.0074
10000,staggered_still,exact_ranges,1,14,1.063936,0.0069
10000,staggered_still,exact_ranges,1,15,1.0752,0.0079
10000,staggered_still,exact_ranges,1,16,1.074176,0.0073
10000,staggered_still,exact_ranges,1,17,1.125376,0.0072
10000,staggered_still,exact_ranges,1,18,1.088512,0.0075
10000,staggered_still,exact_ranges,1,19,1.057792,0.0074
10000,staggered_still,exact_ranges,1,20,1.08544,0.0115
10000,staggered_still,exact_ranges,1,21,1.09056,0.0072
10000,staggered_still,exact_ranges,1,22,1.097728,0.007
10000,staggered_still,exact_ranges,1,23,1.091584,0.0073
10000,staggered_still,exact_ranges,1,24,1.129472,0.007
10000,staggered_still,exact_ranges,1,25,1.096704,0.0076
10000,staggered_still,exact_ranges,1,26,1.07008,0.0073
10000,staggered_still,exact_ranges,1,27,1.05984,0.0118
10000,staggered_still,exact_ranges,1,28,1.058816,0.0067
10000,staggered_still,exact_ranges,1,29,1.08544,0.0074
10000,staggered_still,exact_ranges,1,30,1.071104,0.0071
10000,staggered_still,exact_ranges,1,31,1.062912,0.0096
10000,staggered_still,exact_ranges,1,32,1.078272,0.0074
10000,staggered_still,exact_ranges,1,33,1.051648,0.0072
10000,staggered_still,exact_ranges,1,34,1.055744,0.0073
10000,staggered_still,exact_ranges,1,35,1.0752,0.0076
10000,staggered_still,exact_ranges,1,36,1.11104,0.0073
10000,staggered_still,exact_ranges,1,37,1.078272,0.0075
10000,staggered_still,exact_ranges,1,38,1.069056,0.0074
10000,staggered_still,exact_ranges,1,39,1.308672,0.0076
10000,staggered_still,bounded_linked,2,0,1.048576,0.0177
10000,staggered_still,bounded_linked,2,1,1.22368,0.0152
10000,staggered_still,bounded_linked,2,2,0.995328,0.0082
10000,staggered_still,bounded_linked,2,3,1.006592,0.0063
10000,staggered_still,bounded_linked,2,4,0.987136,0.0065
10000,staggered_still,bounded_linked,2,5,1.265664,0.0115
10000,staggered_still,bounded_linked,2,6,1.001472,0.007
10000,staggered_still,bounded_linked,2,7,1.033216,0.0064
10000,staggered_still,bounded_linked,2,8,1.000448,0.0065
10000,staggered_still,bounded_linked,2,9,1.276928,0.0045
10000,staggered_still,bounded_linked,2,10,0.9984,0.0042
10000,staggered_still,bounded_linked,2,11,0.9984,0.0041
10000,staggered_still,bounded_linked,2,12,0.986112,0.0119
10000,staggered_still,bounded_linked,2,13,1.004544,0.0096
10000,staggered_still,bounded_linked,2,14,1.00352,0.011
10000,staggered_still,bounded_linked,2,15,0.994304,0.0103
10000,staggered_still,bounded_linked,2,16,1.230848,0.0119
10000,staggered_still,bounded_linked,2,17,1.001472,0.0119
10000,staggered_still,bounded_linked,2,18,1.000448,0.0095
10000,staggered_still,bounded_linked,2,19,1.002496,0.0115
10000,staggered_still,bounded_linked,2,20,0.985088,0.0117
10000,staggered_still,bounded_linked,2,21,1.00352,0.012
10000,staggered_still,bounded_linked,2,22,1.002496,0.011
10000,staggered_still,bounded_linked,2,23,0.986112,0.0038
10000,staggered_still,bounded_linked,2,24,1.027072,0.0126
10000,staggered_still,bounded_linked,2,25,1.00352,0.0103
10000,staggered_still,bounded_linked,2,26,1.00864,0.0119
10000,staggered_still,bounded_linked,2,27,0.991232,0.0094
10000,staggered_still,bounded_linked,2,28,1.267712,0.0114
10000,staggered_still,bounded_linked,2,29,1.00864,0.0098
10000,staggered_still,bounded_linked,2,30,1.006592,0.0127
10000,staggered_still,bounded_linked,2,31,0.984064,0.0111
10000,staggered_still,bounded_linked,2,32,1.000448,0.0114
10000,staggered_still,bounded_linked,2,33,1.00864,0.0102
10000,staggered_still,bounded_linked,2,34,1.009664,0.0114
10000,staggered_still,bounded_linked,2,35,1.00352,0.0116
10000,staggered_still,bounded_linked,2,36,1.016832,0.011
10000,staggered_still,bounded_linked,2,37,1.00864,0.0064
10000,staggered_still,bounded_linked,2,38,1.010688,0.0097
10000,staggered_still,bounded_linked,2,39,0.995328,0.0124
10000,staggered_still,exact_ranges,2,0,1.115136,0.0245
10000,staggered_still,exact_ranges,2,1,1.098752,0.0167
10000,staggered_still,exact_ranges,2,2,1.073152,0.0138
10000,staggered_still,exact_ranges,2,3,1.297408,0.0128
10000,staggered_still,exact_ranges,2,4,1.068032,0.0128
10000,staggered_still,exact_ranges,2,5,1.110016,0.0123
10000,staggered_still,exact_ranges,2,6,1.08032,0.0129
10000,staggered_still,exact_ranges,2,7,1.144832,0.0121
10000,staggered_still,exact_ranges,2,8,1.094656,0.0122
10000,staggered_still,exact_ranges,2,9,1.069056,0.0118
10000,staggered_still,exact_ranges,2,10,1.093632,0.0124
10000,staggered_still,exact_ranges,2,11,1.094656,0.0142
10000,staggered_still,exact_ranges,2,12,1.071104,0.0203
10000,staggered_still,exact_ranges,2,13,1.0752,0.0147
10000,staggered_still,exact_ranges,2,14,1.06496,0.0119
10000,staggered_still,exact_ranges,2,15,1.07008,0.0186
10000,staggered_still,exact_ranges,2,16,1.060864,0.0114
10000,staggered_still,exact_ranges,2,17,1.644544,0.0125
10000,staggered_still,exact_ranges,2,18,1.082368,0.0115
10000,staggered_still,exact_ranges,2,19,1.061888,0.0116
10000,staggered_still,exact_ranges,2,20,1.088512,0.0203
10000,staggered_still,exact_ranges,2,21,1.0752,0.012
10000,staggered_still,exact_ranges,2,22,1.08032,0.0118
10000,staggered_still,exact_ranges,2,23,1.323008,0.0114
10000,staggered_still,exact_ranges,2,24,1.079296,0.0116
10000,staggered_still,exact_ranges,2,25,1.09568,0.0112
10000,staggered_still,exact_ranges,2,26,1.073152,0.0116
10000,staggered_still,exact_ranges,2,27,1.082368,0.011
10000,staggered_still,exact_ranges,2,28,1.081344,0.011
10000,staggered_still,exact_ranges,2,29,1.093632,0.0118
10000,staggered_still,exact_ranges,2,30,1.088512,0.0109
10000,staggered_still,exact_ranges,2,31,1.043456,0.0112
10000,staggered_still,exact_ranges,2,32,1.02912,0.0111
10000,staggered_still,exact_ranges,2,33,1.282048,0.0209
10000,staggered_still,exact_ranges,2,34,1.088512,0.0111
10000,staggered_still,exact_ranges,2,35,1.069056,0.0193
10000,staggered_still,exact_ranges,2,36,1.127424,0.0111
10000,staggered_still,exact_ranges,2,37,1.083392,0.0112
10000,staggered_still,exact_ranges,2,38,1.078272,0.0113
10000,staggered_still,exact_ranges,2,39,1.086464,0.0112
10000,staggered_still,linked,2,0,1.19296,0.0178
10000,staggered_still,linked,2,1,1.318912,0.007
10000,staggered_still,linked,2,2,0.951296,0.0069
10000,staggered_still,linked,2,3,0.956416,0.0066
10000,staggered_still,linked,2,4,0.945152,0.0067
10000,staggered_still,linked,2,5,0.922624,0.007
10000,staggered_still,linked,2,6,0.978944,0.0085
10000,staggered_still,linked,2,7,0.996352,0.0081
10000,staggered_still,linked,2,8,0.975872,0.0065
10000,staggered_still,linked,2,9,1.106944,0.0064
10000,staggered_still,linked,2,10,0.96768,0.0062
10000,staggered_still,linked,2,11,0.935936,0.0065
10000,staggered_still,linked,2,12,0.950272,0.0062
10000,staggered_still,linked,2,13,1.103872,0.0069
10000,staggered_still,linked,2,14,1.115136,0.0066
10000,staggered_still,linked,2,15,1.323008,0.0066
10000,staggered_still,linked,2,16,0.954368,0.0064
10000,staggered_still,linked,2,17,0.946176,0.0071
10000,staggered_still,linked,2,18,1.123328,0.0065
10000,staggered_still,linked,2,19,0.948224,0.0064
10000,staggered_still,linked,2,20,0.953344,0.0066
10000,staggered_still,linked,2,21,1.113088,0.0136
10000,staggered_still,linked,2,22,0.950272,0.0203
10000,staggered_still,linked,2,23,1.113088,0.0091
10000,staggered_still,linked,2,24,0.920576,0.0063
10000,staggered_still,linked,2,25,0.980992,0.0063
10000,staggered_still,linked,2,26,0.949248,0.0067
10000,staggered_still,linked,2,27,0.979968,0.0072
10000,staggered_still,linked,2,28,0.945152,0.0072
10000,staggered_still,linked,2,29,0.961536,0.0069
10000,staggered_still,linked,2,30,0.94208,0.0062
10000,staggered_still,linked,2,31,0.969728,0.0073
10000,staggered_still,linked,2,32,0.939008,0.0063
10000,staggered_still,linked,2,33,0.964608,0.0064
10000,staggered_still,linked,2,34,0.94208,0.0064
10000,staggered_still,linked,2,35,0.965632,0.0068
10000,staggered_still,linked,2,36,0.95232,0.0068
10000,staggered_still,linked,2,37,0.963584,0.0066
10000,staggered_still,linked,2,38,0.95232,0.0064
10000,staggered_still,linked,2,39,0.954368,0.0065
10000,staggered_still,exact_ranges,3,0,1.087488,0.0085
10000,staggered_still,exact_ranges,3,1,1.06496,0.0076
10000,staggered_still,exact_ranges,3,2,1.069056,0.0074
10000,staggered_still,exact_ranges,3,3,1.122304,0.0072
10000,staggered_still,exact_ranges,3,4,1.092608,0.0071
10000,staggered_still,exact_ranges,3,5,1.061888,0.0072
10000,staggered_still,exact_ranges,3,6,1.081344,0.0073
10000,staggered_still,exact_ranges,3,7,1.061888,0.007
10000,staggered_still,exact_ranges,3,8,1.084416,0.007
10000,staggered_still,exact_ranges,3,9,1.06496,0.0071
10000,staggered_still,exact_ranges,3,10,1.107968,0.0072
10000,staggered_still,exact_ranges,3,11,1.086464,0.0071
10000,staggered_still,exact_ranges,3,12,1.06496,0.0075
10000,staggered_still,exact_ranges,3,13,1.077248,0.0073
10000,staggered_still,exact_ranges,3,14,1.063936,0.0071
10000,staggered_still,exact_ranges,3,15,1.079296,0.0104
10000,staggered_still,exact_ranges,3,16,1.06496,0.0077
10000,staggered_still,exact_ranges,3,17,1.067008,0.007
10000,staggered_still,exact_ranges,3,18,1.074176,0.0069
10000,staggered_still,exact_ranges,3,19,1.048576,0.0072
10000,staggered_still,exact_ranges,3,20,1.067008,0.007
10000,staggered_still,exact_ranges,3,21,1.06496,0.0074
10000,staggered_still,exact_ranges,3,22,1.104896,0.007
10000,staggered_still,exact_ranges,3,23,1.041408,0.0069
10000,staggered_still,exact_ranges,3,24,1.057792,0.0073
10000,staggered_still,exact_ranges,3,25,1.053696,0.0071
10000,staggered_still,exact_ranges,3,26,1.040384,0.0069
10000,staggered_still,exact_ranges,3,27,1.055744,0.0069
10000,staggered_still,exact_ranges,3,28,1.04448,0.007
10000,staggered_still,exact_ranges,3,29,1.452032,0.007
10000,staggered_still,exact_ranges,3,30,1.446912,0.0073
10000,staggered_still,exact_ranges,3,31,1.53088,0.0069
10000,staggered_still,exact_ranges,3,32,1.599488,0.0068
10000,staggered_still,exact_ranges,3,33,1.614848,0.0069
10000,staggered_still,exact_ranges,3,34,1.103872,0.0075
10000,staggered_still,exact_ranges,3,35,1.291264,0.007
10000,staggered_still,exact_ranges,3,36,1.26464,0.0075
10000,staggered_still,exact_ranges,3,37,1.084416,0.0121
10000,staggered_still,exact_ranges,3,38,1.086464,0.0173
10000,staggered_still,exact_ranges,3,39,1.086464,0.0071
10000,staggered_still,linked,3,0,0.98816,0.0187
10000,staggered_still,linked,3,1,0.960512,0.0079
10000,staggered_still,linked,3,2,0.951296,0.007
10000,staggered_still,linked,3,3,1.196032,0.0074
10000,staggered_still,linked,3,4,1.160192,0.007
10000,staggered_still,linked,3,5,1.142784,0.0142
10000,staggered_still,linked,3,6,1.114112,0.0078
10000,staggered_still,linked,3,7,0.955392,0.007
10000,staggered_still,linked,3,8,0.949248,0.0077
10000,staggered_still,linked,3,9,0.923648,0.007
10000,staggered_still,linked,3,10,1.16736,0.0072
10000,staggered_still,linked,3,11,0.950272,0.0071
10000,staggered_still,linked,3,12,0.992256,0.0072
10000,staggered_still,linked,3,13,0.949248,0.0071
10000,staggered_still,linked,3,14,0.961536,0.0069
10000,staggered_still,linked,3,15,1.114112,0.0074
10000,staggered_still,linked,3,16,0.960512,0.0067
10000,staggered_still,linked,3,17,1.102848,0.0072
10000,staggered_still,linked,3,18,1.125376,0.0067
10000,staggered_still,linked,3,19,0.98304,0.0069
10000,staggered_still,linked,3,20,0.966656,0.0068
10000,staggered_still,linked,3,21,0.951296,0.0066
10000,staggered_still,linked,3,22,0.964608,0.0072
10000,staggered_still,linked,3,23,0.953344,0.0067
10000,staggered_still,linked,3,24,0.955392,0.0068
10000,staggered_still,linked,3,25,0.943104,0.0075
10000,staggered_still,linked,3,26,0.965632,0.007
10000,staggered_still,linked,3,27,0.946176,0.0079
10000,staggered_still,linked,3,28,0.922624,0.0071
10000,staggered_still,linked,3,29,0.996352,0.007
10000,staggered_still,linked,3,30,0.945152,0.007
10000,staggered_still,linked,3,31,0.986112,0.0071
10000,staggered_still,linked,3,32,0.948224,0.0073
10000,staggered_still,linked,3,33,0.963584,0.0072
10000,staggered_still,linked,3,34,0.956416,0.0068
10000,staggered_still,linked,3,35,1.118208,0.0088
10000,staggered_still,linked,3,36,1.115136,0.0068
10000,staggered_still,linked,3,37,0.961536,0.008
10000,staggered_still,linked,3,38,0.939008,0.0072
10000,staggered_still,linked,3,39,0.971776,0.0077
10000,staggered_still,bounded_linked,3,0,1.025024,0.0577
10000,staggered_still,bounded_linked,3,1,1.028096,0.0653
10000,staggered_still,bounded_linked,3,2,1.00352,0.0365
10000,staggered_still,bounded_linked,3,3,1.00352,0.0313
10000,staggered_still,bounded_linked,3,4,1.000448,0.0262
10000,staggered_still,bounded_linked,3,5,1.03424,0.0266
10000,staggered_still,bounded_linked,3,6,1.23392,0.0251
10000,staggered_still,bounded_linked,3,7,1.002496,0.0251
10000,staggered_still,bounded_linked,3,8,0.98816,0.0245
10000,staggered_still,bounded_linked,3,9,0.9984,0.0497
10000,staggered_still,bounded_linked,3,10,1.41312,0.0229
10000,staggered_still,bounded_linked,3,11,1.24416,0.0225
10000,staggered_still,bounded_linked,3,12,1.370112,0.0219
10000,staggered_still,bounded_linked,3,13,1.179648,0.021
10000,staggered_still,bounded_linked,3,14,0.995328,0.0285
10000,staggered_still,bounded_linked,3,15,0.996352,0.0192
10000,staggered_still,bounded_linked,3,16,0.979968,0.0208
10000,staggered_still,bounded_linked,3,17,1.225728,0.0223
10000,staggered_still,bounded_linked,3,18,1.332224,0.021
10000,staggered_still,bounded_linked,3,19,0.992256,0.0219
10000,staggered_still,bounded_linked,3,20,1.028096,0.0194
10000,staggered_still,bounded_linked,3,21,1.009664,0.0228
10000,staggered_still,bounded_linked,3,22,1.015808,0.0363
10000,staggered_still,bounded_linked,3,23,0.991232,0.0569
10000,staggered_still,bounded_linked,3,24,1.247232,0.0251
10000,staggered_still,bounded_linked,3,25,1.364992,0.0261
10000,staggered_still,bounded_linked,3,26,1.027072,0.0266
10000,staggered_still,bounded_linked,3,27,0.987136,0.025
10000,staggered_still,bounded_linked,3,28,1.002496,0.0359
10000,staggered_still,bounded_linked,3,29,1.000448,0.027
10000,staggered_still,bounded_linked,3,30,1.007616,0.0352
10000,staggered_still,bounded_linked,3,31,1.400832,0.0245
10000,staggered_still,bounded_linked,3,32,1.156096,0.043
10000,staggered_still,bounded_linked,3,33,1.001472,0.0372
10000,staggered_still,bounded_linked,3,34,1.00864,0.0383
10000,staggered_still,bounded_linked,3,35,0.986112,0.0361
10000,staggered_still,bounded_linked,3,36,1.229824,0.0439
10000,staggered_still,bounded_linked,3,37,1.00864,0.0444
10000,staggered_still,bounded_linked,3,38,1.330176,0.0407
10000,staggered_still,bounded_linked,3,39,1.268736,0.0467
10000,staggered_driven,linked,1,0,1.037312,0.019
10000,staggered_driven,linked,1,1,1.284096,0.0144
10000,staggered_driven,linked,1,2,1.332224,0.0139
10000,staggered_driven,linked,1,3,1.031168,0.0131
10000,staggered_driven,linked,1,4,1.01888,0.0134
10000,staggered_driven,linked,1,5,1.036288,0.0136
10000,staggered_driven,linked,1,6,1.03424,0.015
10000,staggered_driven,linked,1,7,1.04448,0.0118
10000,staggered_driven,linked,1,8,1.027072,0.0149
10000,staggered_driven,linked,1,9,1.033216,0.0129
10000,staggered_driven,linked,1,10,1.011712,0.0124
10000,staggered_driven,linked,1,11,1.038336,0.0123
10000,staggered_driven,linked,1,12,1.028096,0.0122
10000,staggered_driven,linked,1,13,1.28,0.0131
10000,staggered_driven,linked,1,14,1.2032,0.0165
10000,staggered_driven,linked,1,15,1.069056,0.0157
10000,staggered_driven,linked,1,16,1.040384,0.0307
10000,staggered_driven,linked,1,17,1.089536,0.0173
10000,staggered_driven,linked,1,18,1.027072,0.0163
10000,staggered_driven,linked,1,19,1.076224,0.0403
10000,staggered_driven,linked,1,20,1.055744,0.0201
10000,staggered_driven,linked,1,21,1.263616,0.0169
10000,staggered_driven,linked,1,22,1.046528,0.0185
10000,staggered_driven,linked,1,23,1.038336,0.0218
10000,staggered_driven,linked,1,24,1.046528,0.0158
10000,staggered_driven,linked,1,25,1.042432,0.0152
10000,staggered_driven,linked,1,26,1.052672,0.0172
10000,staggered_driven,linked,1,27,1.035264,0.0154
10000,staggered_driven,linked,1,28,1.043456,0.0174
10000,staggered_driven,linked,1,29,1.260544,0.0502
10000,staggered_driven,linked,1,30,1.048576,0.0205
10000,staggered_driven,linked,1,31,1.053696,0.0145
10000,staggered_driven,linked,1,32,1.316864,0.0213
10000,staggered_driven,linked,1,33,1.058816,0.0196
10000,staggered_driven,linked,1,34,1.05472,0.0206
10000,staggered_driven,linked,1,35,1.01888,0.0158
10000,staggered_driven,linked,1,36,1.061888,0.0156
10000,staggered_driven,linked,1,37,0.976896,0.0156
10000,staggered_driven,linked,1,38,1.042432,0.0252
10000,staggered_driven,linked,1,39,1.036288,0.0196
10000,staggered_driven,bounded_linked,1,0,1.068032,0.0089
10000,staggered_driven,bounded_linked,1,1,1.063936,0.0073
10000,staggered_driven,bounded_linked,1,2,1.06496,0.0067
10000,staggered_driven,bounded_linked,1,3,1.074176,0.0105
10000,staggered_driven,bounded_linked,1,4,1.053696,0.0068
10000,staggered_driven,bounded_linked,1,5,1.08032,0.0067
10000,staggered_driven,bounded_linked,1,6,1.086464,0.007
10000,staggered_driven,bounded_linked,1,7,1.077248,0.0067
10000,staggered_driven,bounded_linked,1,8,1.074176,0.0067
10000,staggered_driven,bounded_linked,1,9,1.060864,0.0066
10000,staggered_driven,bounded_linked,1,10,1.079296,0.0066
10000,staggered_driven,bounded_linked,1,11,1.078272,0.0064
10000,staggered_driven,bounded_linked,1,12,1.0752,0.0068
10000,staggered_driven,bounded_linked,1,13,1.102848,0.0071
10000,staggered_driven,bounded_linked,1,14,1.087488,0.0083
10000,staggered_driven,bounded_linked,1,15,1.106944,0.0067
10000,staggered_driven,bounded_linked,1,16,1.102848,0.0065
10000,staggered_driven,bounded_linked,1,17,1.094656,0.0068
10000,staggered_driven,bounded_linked,1,18,1.091584,0.0066
10000,staggered_driven,bounded_linked,1,19,1.10592,0.0066
10000,staggered_driven,bounded_linked,1,20,1.110016,0.0068
10000,staggered_driven,bounded_linked,1,21,1.082368,0.0065
10000,staggered_driven,bounded_linked,1,22,1.093632,0.007
10000,staggered_driven,bounded_linked,1,23,1.065984,0.0064
10000,staggered_driven,bounded_linked,1,24,1.09056,0.0064
10000,staggered_driven,bounded_linked,1,25,1.092608,0.0066
10000,staggered_driven,bounded_linked,1,26,1.302528,0.0065
10000,staggered_driven,bounded_linked,1,27,1.086464,0.0065
10000,staggered_driven,bounded_linked,1,28,1.084416,0.0069
10000,staggered_driven,bounded_linked,1,29,1.10592,0.0067
10000,staggered_driven,bounded_linked,1,30,1.084416,0.0068
10000,staggered_driven,bounded_linked,1,31,1.10592,0.0067
10000,staggered_driven,bounded_linked,1,32,1.115136,0.0064
10000,staggered_driven,bounded_linked,1,33,1.104896,0.0067
10000,staggered_driven,bounded_linked,1,34,1.076224,0.0066
10000,staggered_driven,bounded_linked,1,35,1.072128,0.0063
10000,staggered_driven,bounded_linked,1,36,1.08032,0.0067
10000,staggered_driven,bounded_linked,1,37,1.045504,0.0065
10000,staggered_driven,bounded_linked,1,38,1.063936,0.0065
10000,staggered_driven,bounded_linked,1,39,1.079296,0.0072
10000,staggered_driven,exact_ranges,1,0,1.184768,0.0322
10000,staggered_driven,exact_ranges,1,1,1.195008,0.0282
10000,staggered_driven,exact_ranges,1,2,1.370112,0.012
10000,staggered_driven,exact_ranges,1,3,1.201152,0.0123
10000,staggered_driven,exact_ranges,1,4,1.179648,0.0114
10000,staggered_driven,exact_ranges,1,5,1.4848,0.0155
10000,staggered_driven,exact_ranges,1,6,1.189888,0.0146
10000,staggered_driven,exact_ranges,1,7,1.188864,0.0295
10000,staggered_driven,exact_ranges,1,8,1.332224,0.0158
10000,staggered_driven,exact_ranges,1,9,1.160192,0.0137
10000,staggered_driven,exact_ranges,1,10,1.152,0.0266
10000,staggered_driven,exact_ranges,1,11,1.178624,0.014
10000,staggered_driven,exact_ranges,1,12,1.36704,0.0163
10000,staggered_driven,exact_ranges,1,13,1.166336,0.0132
10000,staggered_driven,exact_ranges,1,14,1.205248,0.0192
10000,staggered_driven,exact_ranges,1,15,1.214464,0.0285
10000,staggered_driven,exact_ranges,1,16,1.43872,0.0158
10000,staggered_driven,exact_ranges,1,17,1.185792,0.0461
10000,staggered_driven,exact_ranges,1,18,1.439744,0.04
10000,staggered_driven,exact_ranges,1,19,1.205248,0.0414
10000,staggered_driven,exact_ranges,1,20,1.199104,0.0355
10000,staggered_driven,exact_ranges,1,21,1.342464,0.0158
10000,staggered_driven,exact_ranges,1,22,1.388544,0.0157
10000,staggered_driven,exact_ranges,1,23,1.204224,0.0136
10000,staggered_driven,exact_ranges,1,24,1.173504,0.0135
10000,staggered_driven,exact_ranges,1,25,1.420288,0.0315
10000,staggered_driven,exact_ranges,1,26,1.347584,0.0136
10000,staggered_driven,exact_ranges,1,27,1.174528,0.0139
10000,staggered_driven,exact_ranges,1,28,1.375232,0.014
10000,staggered_driven,exact_ranges,1,29,1.206272,0.0136
10000,staggered_driven,exact_ranges,1,30,1.224704,0.0135
10000,staggered_driven,exact_ranges,1,31,1.186816,0.0215
10000,staggered_driven,exact_ranges,1,32,1.384448,0.0233
10000,staggered_driven,exact_ranges,1,33,1.186816,0.0123
10000,staggered_driven,exact_ranges,1,34,1.169408,0.021
10000,staggered_driven,exact_ranges,1,35,1.332224,0.0137
10000,staggered_driven,exact_ranges,1,36,1.159168,0.0136
10000,staggered_driven,exact_ranges,1,37,1.170432,0.0138
10000,staggered_driven,exact_ranges,1,38,1.355776,0.0217
10000,staggered_driven,exact_ranges,1,39,1.152,0.0142
10000,staggered_driven,bounded_linked,2,0,1.067008,0.0491
10000,staggered_driven,bounded_linked,2,1,1.243136,0.0423
10000,staggered_driven,bounded_linked,2,2,1.268736,0.0324
10000,staggered_driven,bounded_linked,2,3,1.072128,0.0323
10000,staggered_driven,bounded_linked,2,4,1.057792,0.0318
10000,staggered_driven,bounded_linked,2,5,1.08544,0.0618
10000,staggered_driven,bounded_linked,2,6,1.460224,0.0558
10000,staggered_driven,bounded_linked,2,7,1.079296,0.0368
10000,staggered_driven,bounded_linked,2,8,1.089536,0.0989
10000,staggered_driven,bounded_linked,2,9,1.063936,0.0409
10000,staggered_driven,bounded_linked,2,10,1.30048,0.0765
10000,staggered_driven,bounded_linked,2,11,1.273856,0.0353
10000,staggered_driven,bounded_linked,2,12,1.09056,0.0322
10000,staggered_driven,bounded_linked,2,13,1.101824,0.0361
10000,staggered_driven,bounded_linked,2,14,1.088512,0.0453
10000,staggered_driven,bounded_linked,2,15,1.309696,0.0374
10000,staggered_driven,bounded_linked,2,16,1.10592,0.053
10000,staggered_driven,bounded_linked,2,17,1.122304,0.076
10000,staggered_driven,bounded_linked,2,18,1.281024,0.0483
10000,staggered_driven,bounded_linked,2,19,1.292288,0.0475
10000,staggered_driven,bounded_linked,2,20,1.114112,0.0788
10000,staggered_driven,bounded_linked,2,21,1.276928,0.0467
10000,staggered_driven,bounded_linked,2,22,1.283072,0.0633
10000,staggered_driven,bounded_linked,2,23,1.083392,0.0897
10000,staggered_driven,bounded_linked,2,24,1.110016,0.046
10000,staggered_driven,bounded_linked,2,25,1.09056,0.0411
10000,staggered_driven,bounded_linked,2,26,1.255424,0.0525
10000,staggered_driven,bounded_linked,2,27,1.28512,0.0812
10000,staggered_driven,bounded_linked,2,28,1.07008,0.0938
10000,staggered_driven,bounded_linked,2,29,1.452032,0.0656
10000,staggered_driven,bounded_linked,2,30,1.086464,0.055
10000,staggered_driven,bounded_linked,2,31,1.114112,0.0712
10000,staggered_driven,bounded_linked,2,32,1.445888,0.0623
10000,staggered_driven,bounded_linked,2,33,1.10592,0.0635
10000,staggered_driven,bounded_linked,2,34,1.089536,0.066
10000,staggered_driven,bounded_linked,2,35,1.0752,0.0709
10000,staggered_driven,bounded_linked,2,36,1.072128,0.0651
10000,staggered_driven,bounded_linked,2,37,1.0496,0.0681
10000,staggered_driven,bounded_linked,2,38,1.287168,0.0631
10000,staggered_driven,bounded_linked,2,39,1.230848,0.0525
10000,staggered_driven,exact_ranges,2,0,1.189888,0.0371
10000,staggered_driven,exact_ranges,2,1,1.169408,0.0194
10000,staggered_driven,exact_ranges,2,2,1.319936,0.0365
10000,staggered_driven,exact_ranges,2,3,1.17248,0.026
10000,staggered_driven,exact_ranges,2,4,1.186816,0.026
10000,staggered_driven,exact_ranges,2,5,1.147904,0.0234
10000,staggered_driven,exact_ranges,2,6,1.173504,0.0367
10000,staggered_driven,exact_ranges,2,7,1.158144,0.0285
10000,staggered_driven,exact_ranges,2,8,1.16736,0.0412
10000,staggered_driven,exact_ranges,2,9,1.165312,0.0257
10000,staggered_driven,exact_ranges,2,10,1.14688,0.0256
10000,staggered_driven,exact_ranges,2,11,1.185792,0.0237
10000,staggered_driven,exact_ranges,2,12,1.608704,0.0238
10000,staggered_driven,exact_ranges,2,13,1.149952,0.0228
10000,staggered_driven,exact_ranges,2,14,1.206272,0.0371
10000,staggered_driven,exact_ranges,2,15,1.193984,0.023
10000,staggered_driven,exact_ranges,2,16,1.174528,0.0315
10000,staggered_driven,exact_ranges,2,17,1.191936,0.0214
10000,staggered_driven,exact_ranges,2,18,1.179648,0.0536
10000,staggered_driven,exact_ranges,2,19,1.508352,0.029
10000,staggered_driven,exact_ranges,2,20,1.183744,0.0203
10000,staggered_driven,exact_ranges,2,21,1.185792,0.0381
10000,staggered_driven,exact_ranges,2,22,1.212416,0.0193
10000,staggered_driven,exact_ranges,2,23,1.199104,0.0188
10000,staggered_driven,exact_ranges,2,24,1.164288,0.0181
10000,staggered_driven,exact_ranges,2,25,1.193984,0.0301
10000,staggered_driven,exact_ranges,2,26,1.19296,0.0178
10000,staggered_driven,exact_ranges,2,27,1.173504,0.0181
10000,staggered_driven,exact_ranges,2,28,1.181696,0.0175
10000,staggered_driven,exact_ranges,2,29,1.18272,0.0241
10000,staggered_driven,exact_ranges,2,30,1.21856,0.0173
10000,staggered_driven,exact_ranges,2,31,1.1776,0.0281
10000,staggered_driven,exact_ranges,2,32,1.173504,0.0176
10000,staggered_driven,exact_ranges,2,33,1.191936,0.0174
10000,staggered_driven,exact_ranges,2,34,1.16736,0.0283
10000,staggered_driven,exact_ranges,2,35,1.139712,0.0172
10000,staggered_driven,exact_ranges,2,36,1.399808,0.0168
10000,staggered_driven,exact_ranges,2,37,1.142784,0.0162
10000,staggered_driven,exact_ranges,2,38,1.18784,0.0169
10000,staggered_driven,exact_ranges,2,39,1.161216,0.0291
10000,staggered_driven,linked,2,0,1.027072,0.0149
10000,staggered_driven,linked,2,1,1.01888,0.0065
10000,staggered_driven,linked,2,2,1.014784,0.0093
10000,staggered_driven,linked,2,3,1.028096,0.0058
10000,staggered_driven,linked,2,4,1.01376,0.0059
10000,staggered_driven,linked,2,5,1.033216,0.006
10000,staggered_driven,linked,2,6,1.37216,0.0059
10000,staggered_driven,linked,2,7,1.04448,0.0059
10000,staggered_driven,linked,2,8,1.026048,0.0059
10000,staggered_driven,linked,2,9,1.037312,0.0057
10000,staggered_driven,linked,2,10,1.015808,0.0059
10000,staggered_driven,linked,2,11,1.03424,0.006
10000,staggered_driven,linked,2,12,1.020928,0.006
10000,staggered_driven,linked,2,13,1.056768,0.0121
10000,staggered_driven,linked,2,14,1.037312,0.0058
10000,staggered_driven,linked,2,15,1.055744,0.0057
10000,staggered_driven,linked,2,16,1.048576,0.0055
10000,staggered_driven,linked,2,17,1.072128,0.0062
10000,staggered_driven,linked,2,18,1.026048,0.0059
10000,staggered_driven,linked,2,19,1.078272,0.0058
10000,staggered_driven,linked,2,20,1.072128,0.0061
10000,staggered_driven,linked,2,21,1.035264,0.0058
10000,staggered_driven,linked,2,22,1.041408,0.0058
10000,staggered_driven,linked,2,23,1.024,0.0058
10000,staggered_driven,linked,2,24,1.048576,0.0058
10000,staggered_driven,linked,2,25,1.02912,0.0055
10000,staggered_driven,linked,2,26,1.043456,0.0058
10000,staggered_driven,linked,2,27,1.025024,0.0057
10000,staggered_driven,linked,2,28,1.053696,0.0056
10000,staggered_driven,linked,2,29,1.275904,0.0059
10000,staggered_driven,linked,2,30,1.03936,0.0059
10000,staggered_driven,linked,2,31,1.060864,0.0059
10000,staggered_driven,linked,2,32,1.068032,0.0057
10000,staggered_driven,linked,2,33,1.056768,0.0057
10000,staggered_driven,linked,2,34,1.063936,0.0056
10000,staggered_driven,linked,2,35,1.017856,0.0058
10000,staggered_driven,linked,2,36,1.05984,0.0056
10000,staggered_driven,linked,2,37,1.242112,0.0055
10000,staggered_driven,linked,2,38,1.041408,0.0058
10000,staggered_driven,linked,2,39,1.042432,0.0059
10000,staggered_driven,exact_ranges,3,0,1.371136,0.0238
10000,staggered_driven,exact_ranges,3,1,1.165312,0.0123
10000,staggered_driven,exact_ranges,3,2,1.153024,0.0118
10000,staggered_driven,exact_ranges,3,3,1.353728,0.0114
10000,staggered_driven,exact_ranges,3,4,1.189888,0.0171
10000,staggered_driven,exact_ranges,3,5,1.139712,0.0114
10000,staggered_driven,exact_ranges,3,6,1.156096,0.018
10000,staggered_driven,exact_ranges,3,7,1.357824,0.0114
10000,staggered_driven,exact_ranges,3,8,1.158144,0.0114
10000,staggered_driven,exact_ranges,3,9,1.164288,0.0112
10000,staggered_driven,exact_ranges,3,10,1.337344,0.0112
10000,staggered_driven,exact_ranges,3,11,1.189888,0.0115
10000,staggered_driven,exact_ranges,3,12,1.159168,0.0139
10000,staggered_driven,exact_ranges,3,13,1.360896,0.0114
10000,staggered_driven,exact_ranges,3,14,1.230848,0.0124
10000,staggered_driven,exact_ranges,3,15,1.200128,0.0116
10000,staggered_driven,exact_ranges,3,16,1.1776,0.0119
10000,staggered_driven,exact_ranges,3,17,1.380352,0.0115
10000,staggered_driven,exact_ranges,3,18,1.155072,0.0116
10000,staggered_driven,exact_ranges,3,19,1.165312,0.0114
10000,staggered_driven,exact_ranges,3,20,1.1776,0.019
10000,staggered_driven,exact_ranges,3,21,1.3824,0.0119
10000,staggered_driven,exact_ranges,3,22,1.206272,0.0117
10000,staggered_driven,exact_ranges,3,23,1.205248,0.013
10000,staggered_driven,exact_ranges,3,24,1.445888,0.0121
10000,staggered_driven,exact_ranges,3,25,1.196032,0.0118
10000,staggered_driven,exact_ranges,3,26,1.190912,0.012
10000,staggered_driven,exact_ranges,3,27,1.410048,0.012
10000,staggered_driven,exact_ranges,3,28,1.184768,0.012
10000,staggered_driven,exact_ranges,3,29,1.176576,0.0122
10000,staggered_driven,exact_ranges,3,30,1.424384,0.0119
10000,staggered_driven,exact_ranges,3,31,1.215488,0.0121
10000,staggered_driven,exact_ranges,3,32,1.174528,0.0122
10000,staggered_driven,exact_ranges,3,33,1.215488,0.0124
10000,staggered_driven,exact_ranges,3,34,1.504256,0.0121
10000,staggered_driven,exact_ranges,3,35,1.134592,0.0124
10000,staggered_driven,exact_ranges,3,36,1.16224,0.0121
10000,staggered_driven,exact_ranges,3,37,1.429504,0.0125
10000,staggered_driven,exact_ranges,3,38,1.179648,0.0122
10000,staggered_driven,exact_ranges,3,39,1.180672,0.0123
10000,staggered_driven,linked,3,0,1.212416,0.0148
10000,staggered_driven,linked,3,1,1.027072,0.0092
10000,staggered_driven,linked,3,2,1.012736,0.021
10000,staggered_driven,linked,3,3,1.033216,0.0084
10000,staggered_driven,linked,3,4,1.193984,0.0092
10000,staggered_driven,linked,3,5,1.02912,0.0087
10000,staggered_driven,linked,3,6,1.030144,0.0086
10000,staggered_driven,linked,3,7,1.055744,0.0086
10000,staggered_driven,linked,3,8,1.21344,0.0091
10000,staggered_driven,linked,3,9,1.021952,0.0103
10000,staggered_driven,linked,3,10,1.022976,0.0086
10000,staggered_driven,linked,3,11,1.026048,0.0085
10000,staggered_driven,linked,3,12,1.2032,0.0085
10000,staggered_driven,linked,3,13,1.05472,0.0084
10000,staggered_driven,linked,3,14,1.05472,0.0085
10000,staggered_driven,linked,3,15,1.072128,0.0089
10000,staggered_driven,linked,3,16,1.224704,0.0086
10000,staggered_driven,linked,3,17,1.086464,0.0086
10000,staggered_driven,linked,3,18,1.021952,0.0087
10000,staggered_driven,linked,3,19,1.069056,0.0084
10000,staggered_driven,linked,3,20,1.273856,0.0095
10000,staggered_driven,linked,3,21,1.041408,0.009
10000,staggered_driven,linked,3,22,1.0496,0.0084
10000,staggered_driven,linked,3,23,1.258496,0.0086
10000,staggered_driven,linked,3,24,1.043456,0.0084
10000,staggered_driven,linked,3,25,1.02912,0.0088
10000,staggered_driven,linked,3,26,1.053696,0.0088
10000,staggered_driven,linked,3,27,1.214464,0.0085
10000,staggered_driven,linked,3,28,1.045504,0.0084
10000,staggered_driven,linked,3,29,1.031168,0.0214
10000,staggered_driven,linked,3,30,1.067008,0.0087
10000,staggered_driven,linked,3,31,1.234944,0.0085
10000,staggered_driven,linked,3,32,1.067008,0.0083
10000,staggered_driven,linked,3,33,1.053696,0.0086
10000,staggered_driven,linked,3,34,1.242112,0.0087
10000,staggered_driven,linked,3,35,1.026048,0.0088
10000,staggered_driven,linked,3,36,1.0496,0.0082
10000,staggered_driven,linked,3,37,0.979968,0.0087
10000,staggered_driven,linked,3,38,1.227776,0.0087
10000,staggered_driven,linked,3,39,1.026048,0.0089
10000,staggered_driven,bounded_linked,3,0,1.08544,0.0217
10000,staggered_driven,bounded_linked,3,1,1.05472,0.0237
10000,staggered_driven,bounded_linked,3,2,1.063936,0.0111
10000,staggered_driven,bounded_linked,3,3,1.26976,0.0108
10000,staggered_driven,bounded_linked,3,4,1.060864,0.0108
10000,staggered_driven,bounded_linked,3,5,1.091584,0.0098
10000,staggered_driven,bounded_linked,3,6,1.08544,0.0109
10000,staggered_driven,bounded_linked,3,7,1.273856,0.0111
10000,staggered_driven,bounded_linked,3,8,1.091584,0.0106
10000,staggered_driven,bounded_linked,3,9,1.06496,0.0107
10000,staggered_driven,bounded_linked,3,10,1.089536,0.0207
10000,staggered_driven,bounded_linked,3,11,1.2544,0.0103
10000,staggered_driven,bounded_linked,3,12,1.076224,0.01
10000,staggered_driven,bounded_linked,3,13,1.102848,0.0101
10000,staggered_driven,bounded_linked,3,14,1.317888,0.0103
10000,staggered_driven,bounded_linked,3,15,1.128448,0.0108
10000,staggered_driven,bounded_linked,3,16,1.088512,0.0102
10000,staggered_driven,bounded_linked,3,17,1.094656,0.0174
10000,staggered_driven,bounded_linked,3,18,1.304576,0.0108
10000,staggered_driven,bounded_linked,3,19,1.117184,0.0102
10000,staggered_driven,bounded_linked,3,20,1.093632,0.0102
10000,staggered_driven,bounded_linked,3,21,1.098752,0.0106
10000,staggered_driven,bounded_linked,3,22,1.278976,0.0102
10000,staggered_driven,bounded_linked,3,23,1.077248,0.0101
10000,staggered_driven,bounded_linked,3,24,1.102848,0.0102
10000,staggered_driven,bounded_linked,3,25,1.084416,0.014
10000,staggered_driven,bounded_linked,3,26,1.371136,0.0099
10000,staggered_driven,bounded_linked,3,27,1.089536,0.0096
10000,staggered_driven,bounded_linked,3,28,1.056768,0.0099
10000,staggered_driven,bounded_linked,3,29,1.088512,0.01
10000,staggered_driven,bounded_linked,3,30,1.083392,0.0176
10000,staggered_driven,bounded_linked,3,31,1.1008,0.01
10000,staggered_driven,bounded_linked,3,32,1.666048,0.0097
10000,staggered_driven,bounded_linked,3,33,1.335296,0.01
10000,staggered_driven,bounded_linked,3,34,1.422336,0.0098
10000,staggered_driven,bounded_linked,3,35,1.183744,0.0104
10000,staggered_driven,bounded_linked,3,36,1.086464,0.0099
10000,staggered_driven,bounded_linked,3,37,1.035264,0.0103
10000,staggered_driven,bounded_linked,3,38,1.39264,0.0099
10000,staggered_driven,bounded_linked,3,39,1.072128,0.0105
65536,aligned_still,linked,1,0,2.944,0.0231
65536,aligned_still,linked,1,1,2.955264,0.0087
65536,aligned_still,linked,1,2,3.212288,0.008
65536,aligned_still,linked,1,3,2.992128,0.0078
65536,aligned_still,linked,1,4,2.904064,0.0079
65536,aligned_still,linked,1,5,2.870272,0.0077
65536,aligned_still,linked,1,6,2.911232,0.0076
65536,aligned_still,linked,1,7,2.90304,0.008
65536,aligned_still,linked,1,8,3.152896,0.0081
65536,aligned_still,linked,1,9,3.204096,0.0081
65536,aligned_still,linked,1,10,2.989056,0.0075
65536,aligned_still,linked,1,11,2.950144,0.0074
65536,aligned_still,linked,1,12,2.91328,0.0074
65536,aligned_still,linked,1,13,2.941952,0.0082
65536,aligned_still,linked,1,14,2.895872,0.0077
65536,aligned_still,linked,1,15,3.022848,0.0079
65536,aligned_still,linked,1,16,2.925568,0.0077
65536,aligned_still,linked,1,17,2.944,0.008
65536,aligned_still,linked,1,18,2.937856,0.0077
65536,aligned_still,linked,1,19,2.89792,0.0075
65536,aligned_still,linked,1,20,3.286016,0.0144
65536,aligned_still,linked,1,21,2.915328,0.0105
65536,aligned_still,linked,1,22,2.940928,0.0078
65536,aligned_still,linked,1,23,2.919424,0.0094
65536,aligned_still,linked,1,24,2.895872,0.0158
65536,aligned_still,linked,1,25,2.922496,0.0112
65536,aligned_still,linked,1,26,2.886656,0.0106
65536,aligned_still,linked,1,27,2.91328,0.0071
65536,aligned_still,linked,1,28,2.886656,0.0088
65536,aligned_still,linked,1,29,2.932736,0.0077
65536,aligned_still,linked,1,30,2.906112,0.0084
65536,aligned_still,linked,1,31,3.190784,0.0078
65536,aligned_still,linked,1,32,2.980864,0.0079
65536,aligned_still,linked,1,33,2.868224,0.0078
65536,aligned_still,linked,1,34,2.911232,0.0089
65536,aligned_still,linked,1,35,2.922496,0.0086
65536,aligned_still,linked,1,36,2.942976,0.008
65536,aligned_still,linked,1,37,2.937856,0.0102
65536,aligned_still,linked,1,38,2.8928,0.0074
65536,aligned_still,linked,1,39,2.937856,0.0083
65536,aligned_still,bounded_linked,1,0,3.093504,0.0071
65536,aligned_still,bounded_linked,1,1,3.054592,0.0054
65536,aligned_still,bounded_linked,1,2,3.069952,0.005
65536,aligned_still,bounded_linked,1,3,3.03616,0.0053
65536,aligned_still,bounded_linked,1,4,3.019776,0.0049
65536,aligned_still,bounded_linked,1,5,3.089408,0.005
65536,aligned_still,bounded_linked,1,6,3.354624,0.0092
65536,aligned_still,bounded_linked,1,7,3.05152,0.0052
65536,aligned_still,bounded_linked,1,8,3.035136,0.005
65536,aligned_still,bounded_linked,1,9,3.059712,0.0049
65536,aligned_still,bounded_linked,1,10,3.033088,0.0048
65536,aligned_still,bounded_linked,1,11,3.01056,0.0049
65536,aligned_still,bounded_linked,1,12,3.002368,0.0052
65536,aligned_still,bounded_linked,1,13,3.076096,0.0047
65536,aligned_still,bounded_linked,1,14,3.044352,0.0051
65536,aligned_still,bounded_linked,1,15,3.059712,0.0049
65536,aligned_still,bounded_linked,1,16,3.311616,0.0047
65536,aligned_still,bounded_linked,1,17,3.075072,0.0047
65536,aligned_still,bounded_linked,1,18,3.072,0.0048
65536,aligned_still,bounded_linked,1,19,3.069952,0.0048
65536,aligned_still,bounded_linked,1,20,3.05664,0.0046
65536,aligned_still,bounded_linked,1,21,3.047424,0.0048
65536,aligned_still,bounded_linked,1,22,3.059712,0.0047
65536,aligned_still,bounded_linked,1,23,3.039232,0.0124
65536,aligned_still,bounded_linked,1,24,3.011584,0.0053
65536,aligned_still,bounded_linked,1,25,3.01568,0.0047
65536,aligned_still,bounded_linked,1,26,3.03616,0.0049
65536,aligned_still,bounded_linked,1,27,3.388416,0.0049
65536,aligned_still,bounded_linked,1,28,3.075072,0.0049
65536,aligned_still,bounded_linked,1,29,3.048448,0.0049
65536,aligned_still,bounded_linked,1,30,3.05664,0.0046
65536,aligned_still,bounded_linked,1,31,3.026944,0.005
65536,aligned_still,bounded_linked,1,32,3.075072,0.0049
65536,aligned_still,bounded_linked,1,33,3.045376,0.005
65536,aligned_still,bounded_linked,1,34,3.042304,0.005
65536,aligned_still,bounded_linked,1,35,3.050496,0.0048
65536,aligned_still,bounded_linked,1,36,3.065856,0.0051
65536,aligned_still,bounded_linked,1,37,3.340288,0.0049
65536,aligned_still,bounded_linked,1,38,3.078144,0.0051
65536,aligned_still,bounded_linked,1,39,3.021824,0.005
65536,aligned_still,exact_ranges,1,0,3.985408,0.0169
65536,aligned_still,exact_ranges,1,1,3.971072,0.0073
65536,aligned_still,exact_ranges,1,2,3.991552,0.0071
65536,aligned_still,exact_ranges,1,3,3.946496,0.0071
65536,aligned_still,exact_ranges,1,4,3.946496,0.0069
65536,aligned_still,exact_ranges,1,5,4.5056,0.0069
65536,aligned_still,exact_ranges,1,6,3.979264,0.0069
65536,aligned_still,exact_ranges,1,7,3.950592,0.0071
65536,aligned_still,exact_ranges,1,8,3.976192,0.0068
65536,aligned_still,exact_ranges,1,9,3.98848,0.007
65536,aligned_still,exact_ranges,1,10,3.960832,0.0072
65536,aligned_still,exact_ranges,1,11,4.021248,0.0071
65536,aligned_still,exact_ranges,1,12,4.24448,0.0068
65536,aligned_still,exact_ranges,1,13,4.18304,0.007
65536,aligned_still,exact_ranges,1,14,4.0192,0.011
65536,aligned_still,exact_ranges,1,15,3.996672,0.0069
65536,aligned_still,exact_ranges,1,16,4.00896,0.0072
65536,aligned_still,exact_ranges,1,17,3.940352,0.0153
65536,aligned_still,exact_ranges,1,18,3.945472,0.0069
65536,aligned_still,exact_ranges,1,19,3.9424,0.0069
65536,aligned_still,exact_ranges,1,20,4.269056,0.0069
65536,aligned_still,exact_ranges,1,21,4.29568,0.0069
65536,aligned_still,exact_ranges,1,22,4.004864,0.007
65536,aligned_still,exact_ranges,1,23,3.984384,0.0069
65536,aligned_still,exact_ranges,1,24,4.022272,0.0068
65536,aligned_still,exact_ranges,1,25,3.949568,0.0071
65536,aligned_still,exact_ranges,1,26,3.93216,0.0069
65536,aligned_still,exact_ranges,1,27,3.995648,0.0069
65536,aligned_still,exact_ranges,1,28,3.981312,0.007
65536,aligned_still,exact_ranges,1,29,4.24448,0.011
65536,aligned_still,exact_ranges,1,30,4.00896,0.0064
65536,aligned_still,exact_ranges,1,31,3.940352,0.0071
65536,aligned_still,exact_ranges,1,32,3.990528,0.0069
65536,aligned_still,exact_ranges,1,33,3.996672,0.0069
65536,aligned_still,exact_ranges,1,34,3.966976,0.007
65536,aligned_still,exact_ranges,1,35,3.966976,0.007
65536,aligned_still,exact_ranges,1,36,4.273152,0.0068
65536,aligned_still,exact_ranges,1,37,3.98848,0.0071
65536,aligned_still,exact_ranges,1,38,4.226048,0.007
65536,aligned_still,exact_ranges,1,39,4.011008,0.0072
65536,aligned_still,bounded_linked,2,0,3.364864,0.0058
65536,aligned_still,bounded_linked,2,1,3.063808,0.0076
65536,aligned_still,bounded_linked,2,2,3.33312,0.0052
65536,aligned_still,bounded_linked,2,3,3.324928,0.0046
65536,aligned_still,bounded_linked,2,4,3.296256,0.0047
65536,aligned_still,bounded_linked,2,5,3.310592,0.0045
65536,aligned_still,bounded_linked,2,6,3.060736,0.0046
65536,aligned_still,bounded_linked,2,7,3.509248,0.0049
65536,aligned_still,bounded_linked,2,8,3.315712,0.0045
65536,aligned_still,bounded_linked,2,9,3.311616,0.0043
65536,aligned_still,bounded_linked,2,10,3.247104,0.0047
65536,aligned_still,bounded_linked,2,11,3.067904,0.0045
65536,aligned_still,bounded_linked,2,12,3.35872,0.0045
65536,aligned_still,bounded_linked,2,13,3.34336,0.0048
65536,aligned_still,bounded_linked,2,14,3.3024,0.0044
65536,aligned_still,bounded_linked,2,15,3.329024,0.0044
65536,aligned_still,bounded_linked,2,16,3.10784,0.0045
65536,aligned_still,bounded_linked,2,17,3.32288,0.0084
65536,aligned_still,bounded_linked,2,18,3.375104,0.0046
65536,aligned_still,bounded_linked,2,19,3.238912,0.0045
65536,aligned_still,bounded_linked,2,20,3.059712,0.0046
65536,aligned_still,bounded_linked,2,21,3.334144,0.0047
65536,aligned_still,bounded_linked,2,22,3.364864,0.0045
65536,aligned_still,bounded_linked,2,23,3.129344,0.0045
65536,aligned_still,bounded_linked,2,24,3.500032,0.0046
65536,aligned_still,bounded_linked,2,25,3.08736,0.0045
65536,aligned_still,bounded_linked,2,26,3.283968,0.0046
65536,aligned_still,bounded_linked,2,27,3.31776,0.0046
65536,aligned_still,bounded_linked,2,28,3.342336,0.0045
65536,aligned_still,bounded_linked,2,29,3.08736,0.0045
65536,aligned_still,bounded_linked,2,30,3.293184,0.0046
65536,aligned_still,bounded_linked,2,31,3.332096,0.0046
65536,aligned_still,bounded_linked,2,32,3.29216,0.0046
65536,aligned_still,bounded_linked,2,33,3.192832,0.0047
65536,aligned_still,bounded_linked,2,34,3.119104,0.0046
65536,aligned_still,bounded_linked,2,35,3.277824,0.0044
65536,aligned_still,bounded_linked,2,36,3.526656,0.0045
65536,aligned_still,bounded_linked,2,37,3.300352,0.0046
65536,aligned_still,bounded_linked,2,38,3.383296,0.0046
65536,aligned_still,bounded_linked,2,39,3.109888,0.0046
65536,aligned_still,exact_ranges,2,0,4.02944,0.0166
65536,aligned_still,exact_ranges,2,1,4.189184,0.0068
65536,aligned_still,exact_ranges,2,2,3.996672,0.0067
65536,aligned_still,exact_ranges,2,3,3.989504,0.0063
65536,aligned_still,exact_ranges,2,4,4.3264,0.0063
65536,aligned_still,exact_ranges,2,5,4.01408,0.0063
65536,aligned_still,exact_ranges,2,6,3.991552,0.0064
65536,aligned_still,exact_ranges,2,7,3.948544,0.0064
65536,aligned_still,exact_ranges,2,8,3.982336,0.0064
65536,aligned_still,exact_ranges,2,9,3.982336,0.0065
65536,aligned_still,exact_ranges,2,10,3.928064,0.0062
65536,aligned_still,exact_ranges,2,11,4.018176,0.0064
65536,aligned_still,exact_ranges,2,12,4.196352,0.007
65536,aligned_still,exact_ranges,2,13,3.997696,0.0067
65536,aligned_still,exact_ranges,2,14,4.016128,0.0064
65536,aligned_still,exact_ranges,2,15,3.9936,0.0063
65536,aligned_still,exact_ranges,2,16,3.954688,0.0064
65536,aligned_still,exact_ranges,2,17,3.97824,0.0063
65536,aligned_still,exact_ranges,2,18,3.971072,0.0067
65536,aligned_still,exact_ranges,2,19,3.975168,0.0065
65536,aligned_still,exact_ranges,2,20,4.235264,0.0062
65536,aligned_still,exact_ranges,2,21,4.023296,0.0067
65536,aligned_still,exact_ranges,2,22,3.992576,0.007
65536,aligned_still,exact_ranges,2,23,3.97824,0.0062
65536,aligned_still,exact_ranges,2,24,3.98848,0.0064
65536,aligned_still,exact_ranges,2,25,3.98336,0.0063
65536,aligned_still,exact_ranges,2,26,3.958784,0.0067
65536,aligned_still,exact_ranges,2,27,3.981312,0.007
65536,aligned_still,exact_ranges,2,28,4.185088,0.0064
65536,aligned_still,exact_ranges,2,29,4.030464,0.0066
65536,aligned_still,exact_ranges,2,30,4.040704,0.0067
65536,aligned_still,exact_ranges,2,31,3.990528,0.0065
65536,aligned_still,exact_ranges,2,32,3.961856,0.0064
65536,aligned_still,exact_ranges,2,33,4.011008,0.0109
65536,aligned_still,exact_ranges,2,34,3.980288,0.0062
65536,aligned_still,exact_ranges,2,35,3.951616,0.0066
65536,aligned_still,exact_ranges,2,36,3.970048,0.0072
65536,aligned_still,exact_ranges,2,37,4.238336,0.0063
65536,aligned_still,exact_ranges,2,38,3.9936,0.0064
65536,aligned_still,exact_ranges,2,39,3.969024,0.0063
65536,aligned_still,linked,2,0,2.95424,0.0072
65536,aligned_still,linked,2,1,3.219456,0.0041
65536,aligned_still,linked,2,2,2.910208,0.0046
65536,aligned_still,linked,2,3,2.955264,0.0039
65536,aligned_still,linked,2,4,2.927616,0.004
65536,aligned_still,linked,2,5,2.917376,0.004
65536,aligned_still,linked,2,6,2.934784,0.0041
65536,aligned_still,linked,2,7,2.911232,0.0044
65536,aligned_still,linked,2,8,2.920448,0.0043
65536,aligned_still,linked,2,9,2.881536,0.0039
65536,aligned_still,linked,2,10,2.944,0.0042
65536,aligned_still,linked,2,11,2.945024,0.0038
65536,aligned_still,linked,2,12,3.144704,0.0045
65536,aligned_still,linked,2,13,3.002368,0.004
65536,aligned_still,linked,2,14,2.925568,0.004
65536,aligned_still,linked,2,15,2.97984,0.0039
65536,aligned_still,linked,2,16,2.956288,0.0038
65536,aligned_still,linked,2,17,2.97472,0.0036
65536,aligned_still,linked,2,18,2.95936,0.004
65536,aligned_still,linked,2,19,2.917376,0.0038
65536,aligned_still,linked,2,20,2.958336,0.0036
65536,aligned_still,linked,2,21,2.91328,0.0041
65536,aligned_still,linked,2,22,2.96448,0.0039
65536,aligned_still,linked,2,23,3.151872,0.0039
65536,aligned_still,linked,2,24,2.924544,0.0039
65536,aligned_still,linked,2,25,2.980864,0.004
65536,aligned_still,linked,2,26,2.926592,0.0039
65536,aligned_still,linked,2,27,2.975744,0.0038
65536,aligned_still,linked,2,28,2.934784,0.004
65536,aligned_still,linked,2,29,2.989056,0.0046
65536,aligned_still,linked,2,30,2.966528,0.008
65536,aligned_still,linked,2,31,2.955264,0.0039
65536,aligned_still,linked,2,32,2.968576,0.0038
65536,aligned_still,linked,2,33,2.941952,0.0039
65536,aligned_still,linked,2,34,2.976768,0.0051
65536,aligned_still,linked,2,35,3.309568,0.0046
65536,aligned_still,linked,2,36,2.981888,0.0041
65536,aligned_still,linked,2,37,2.977792,0.0042
65536,aligned_still,linked,2,38,2.93888,0.0069
65536,aligned_still,linked,2,39,2.973696,0.004
65536,aligned_still,exact_ranges,3,0,3.997696,0.0102
65536,aligned_still,exact_ranges,3,1,3.971072,0.009
65536,aligned_still,exact_ranges,3,2,3.959808,0.0099
65536,aligned_still,exact_ranges,3,3,4.199424,0.0071
65536,aligned_still,exact_ranges,3,4,3.986432,0.0066
65536,aligned_still,exact_ranges,3,5,4.00896,0.0065
65536,aligned_still,exact_ranges,3,6,3.970048,0.0065
65536,aligned_still,exact_ranges,3,7,3.969024,0.0064
65536,aligned_still,exact_ranges,3,8,3.97312,0.0064
65536,aligned_still,exact_ranges,3,9,3.955712,0.0063
65536,aligned_still,exact_ranges,3,10,3.982336,0.0067
65536,aligned_still,exact_ranges,3,11,4.20352,0.0062
65536,aligned_still,exact_ranges,3,12,3.969024,0.0062
65536,aligned_still,exact_ranges,3,13,4.006912,0.0063
65536,aligned_still,exact_ranges,3,14,4.012032,0.0066
65536,aligned_still,exact_ranges,3,15,3.954688,0.0063
65536,aligned_still,exact_ranges,3,16,4.015104,0.007
65536,aligned_still,exact_ranges,3,17,3.98336,0.0063
65536,aligned_still,exact_ranges,3,18,3.97824,0.0132
65536,aligned_still,exact_ranges,3,19,4.018176,0.0063
65536,aligned_still,exact_ranges,3,20,4.192256,0.0064
65536,aligned_still,exact_ranges,3,21,3.995648,0.0065
65536,aligned_still,exact_ranges,3,22,3.989504,0.0067
65536,aligned_still,exact_ranges,3,23,3.945472,0.0105
65536,aligned_still,exact_ranges,3,24,3.98336,0.0067
65536,aligned_still,exact_ranges,3,25,3.970048,0.0066
65536,aligned_still,exact_ranges,3,26,3.966976,0.0063
65536,aligned_still,exact_ranges,3,27,3.976192,0.0065
65536,aligned_still,exact_ranges,3,28,4.246528,0.0064
65536,aligned_still,exact_ranges,3,29,4.161536,0.0064
65536,aligned_still,exact_ranges,3,30,4.0192,0.0068
65536,aligned_still,exact_ranges,3,31,3.96288,0.0065
65536,aligned_still,exact_ranges,3,32,3.996672,0.0065
65536,aligned_still,exact_ranges,3,33,4.005888,0.0065
65536,aligned_still,exact_ranges,3,34,3.996672,0.0069
65536,aligned_still,exact_ranges,3,35,4.023296,0.0065
65536,aligned_still,exact_ranges,3,36,4.235264,0.0065
65536,aligned_still,exact_ranges,3,37,3.98848,0.0066
65536,aligned_still,exact_ranges,3,38,4.0192,0.0069
65536,aligned_still,exact_ranges,3,39,3.979264,0.0104
65536,aligned_still,linked,3,0,2.9952,0.014
65536,aligned_still,linked,3,1,3.19488,0.0045
65536,aligned_still,linked,3,2,3.131392,0.0045
65536,aligned_still,linked,3,3,3.125248,0.0043
65536,aligned_still,linked,3,4,2.9952,0.0043
65536,aligned_still,linked,3,5,3.152896,0.0043
65536,aligned_still,linked,3,6,3.124224,0.0041
65536,aligned_still,linked,3,7,3.171328,0.0043
65536,aligned_still,linked,3,8,2.99008,0.0043
65536,aligned_still,linked,3,9,3.29216,0.0041
65536,aligned_still,linked,3,10,3.145728,0.003
65536,aligned_still,linked,3,11,2.92864,0.0046
65536,aligned_still,linked,3,12,3.241984,0.0042
65536,aligned_still,linked,3,13,3.181568,0.0042
65536,aligned_still,linked,3,14,3.091456,0.0041
65536,aligned_still,linked,3,15,2.991104,0.004
65536,aligned_still,linked,3,16,3.167232,0.0041
65536,aligned_still,linked,3,17,3.213312,0.0038
65536,aligned_still,linked,3,18,3.176448,0.0045
65536,aligned_still,linked,3,19,2.992128,0.0042
65536,aligned_still,linked,3,20,3.298304,0.005
65536,aligned_still,linked,3,21,3.26144,0.0037
65536,aligned_still,linked,3,22,3.162112,0.0043
65536,aligned_still,linked,3,23,3.181568,0.0069
65536,aligned_still,linked,3,24,2.985984,0.0054
65536,aligned_still,linked,3,25,2.946048,0.0042
65536,aligned_still,linked,3,26,3.241984,0.0043
65536,aligned_still,linked,3,27,3.457024,0.0041
65536,aligned_still,linked,3,28,3.221504,0.0044
65536,aligned_still,linked,3,29,3.247104,0.0039
65536,aligned_still,linked,3,30,3.150848,0.0044
65536,aligned_still,linked,3,31,3.021824,0.0043
65536,aligned_still,linked,3,32,3.257344,0.0044
65536,aligned_still,linked,3,33,3.198976,0.004
65536,aligned_still,linked,3,34,2.975744,0.0048
65536,aligned_still,linked,3,35,3.249152,0.0042
65536,aligned_still,linked,3,36,3.265536,0.0039
65536,aligned_still,linked,3,37,3.342336,0.0042
65536,aligned_still,linked,3,38,3.207168,0.004
65536,aligned_still,linked,3,39,2.992128,0.0044
65536,aligned_still,bounded_linked,3,0,3.127296,0.014
65536,aligned_still,bounded_linked,3,1,3.411968,0.0056
65536,aligned_still,bounded_linked,3,2,3.218432,0.0059
65536,aligned_still,bounded_linked,3,3,3.283968,0.0054
65536,aligned_still,bounded_linked,3,4,3.09248,0.0053
65536,aligned_still,bounded_linked,3,5,3.305472,0.0051
65536,aligned_still,bounded_linked,3,6,3.274752,0.0058
65536,aligned_still,bounded_linked,3,7,3.21536,0.0054
65536,aligned_still,bounded_linked,3,8,3.208192,0.0051
65536,aligned_still,bounded_linked,3,9,3.084288,0.0055
65536,aligned_still,bounded_linked,3,10,3.419136,0.0057
65536,aligned_still,bounded_linked,3,11,3.378176,0.0056
65536,aligned_still,bounded_linked,3,12,3.29728,0.0052
65536,aligned_still,bounded_linked,3,13,3.110912,0.0052
65536,aligned_still,bounded_linked,3,14,3.309568,0.005
65536,aligned_still,bounded_linked,3,15,3.260416,0.0054
65536,aligned_still,bounded_linked,3,16,3.24096,0.0052
65536,aligned_still,bounded_linked,3,17,3.233792,0.0056
65536,aligned_still,bounded_linked,3,18,3.125248,0.0052
65536,aligned_still,bounded_linked,3,19,3.272704,0.005
65536,aligned_still,bounded_linked,3,20,3.306496,0.0054
65536,aligned_still,bounded_linked,3,21,3.269632,0.0051
65536,aligned_still,bounded_linked,3,22,3.099648,0.005
65536,aligned_still,bounded_linked,3,23,3.392512,0.0052
65536,aligned_still,bounded_linked,3,24,3.303424,0.0053
65536,aligned_still,bounded_linked,3,25,3.267584,0.0053
65536,aligned_still,bounded_linked,3,26,3.103744,0.0099
65536,aligned_still,bounded_linked,3,27,3.506176,0.0051
65536,aligned_still,bounded_linked,3,28,3.361792,0.0051
65536,aligned_still,bounded_linked,3,29,3.381248,0.0052
65536,aligned_still,bounded_linked,3,30,3.314688,0.0054
65536,aligned_still,bounded_linked,3,31,3.272704,0.0053
65536,aligned_still,bounded_linked,3,32,3.126272,0.0052
65536,aligned_still,bounded_linked,3,33,3.277824,0.0055
65536,aligned_still,bounded_linked,3,34,3.239936,0.0052
65536,aligned_still,bounded_linked,3,35,3.300352,0.0052
65536,aligned_still,bounded_linked,3,36,3.079168,0.0057
65536,aligned_still,bounded_linked,3,37,3.320832,0.0053
65536,aligned_still,bounded_linked,3,38,3.33312,0.0054
65536,aligned_still,bounded_linked,3,39,3.286016,0.0055
65536,staggered_still,linked,1,0,3.259392,0.0062
65536,staggered_still,linked,1,1,3.001344,0.0044
65536,staggered_still,linked,1,2,3.265536,0.0041
65536,staggered_still,linked,1,3,3.3024,0.0042
65536,staggered_still,linked,1,4,3.202048,0.0042
65536,staggered_still,linked,1,5,3.24608,0.0039
65536,staggered_still,linked,1,6,3.072,0.0043
65536,staggered_still,linked,1,7,3.304448,0.0042
65536,staggered_still,linked,1,8,3.2256,0.0029
65536,staggered_still,linked,1,9,3.236864,0.0046
65536,staggered_still,linked,1,10,2.961408,0.0042
65536,staggered_still,linked,1,11,3.228672,0.0039
65536,staggered_still,linked,1,12,3.34848,0.004
65536,staggered_still,linked,1,13,3.18976,0.0043
65536,staggered_still,linked,1,14,2.965504,0.004
65536,staggered_still,linked,1,15,3.373056,0.0075
65536,staggered_still,linked,1,16,3.227648,0.0038
65536,staggered_still,linked,1,17,3.149824,0.0076
65536,staggered_still,linked,1,18,3.208192,0.004
65536,staggered_still,linked,1,19,3.002368,0.0041
65536,staggered_still,linked,1,20,3.260416,0.0099
65536,staggered_still,linked,1,21,3.15392,0.0042
65536,staggered_still,linked,1,22,2.929664,0.004
65536,staggered_still,linked,1,23,3.303424,0.0042
65536,staggered_still,linked,1,24,3.1744,0.0039
65536,staggered_still,linked,1,25,3.238912,0.004
65536,staggered_still,linked,1,26,3.238912,0.0049
65536,staggered_still,linked,1,27,3.01056,0.004
65536,staggered_still,linked,1,28,3.239936,0.0047
65536,staggered_still,linked,1,29,3.21024,0.0038
65536,staggered_still,linked,1,30,3.217408,0.0049
65536,staggered_still,linked,1,31,2.948096,0.004
65536,staggered_still,linked,1,32,3.273728,0.0042
65536,staggered_still,linked,1,33,3.196928,0.0041
65536,staggered_still,linked,1,34,3.273728,0.004
65536,staggered_still,linked,1,35,2.976768,0.004
65536,staggered_still,linked,1,36,3.238912,0.0043
65536,staggered_still,linked,1,37,3.31264,0.0051
65536,staggered_still,linked,1,38,3.24096,0.0041
65536,staggered_still,linked,1,39,3.023872,0.0039
65536,staggered_still,bounded_linked,1,0,3.46112,0.0149
65536,staggered_still,bounded_linked,1,1,3.2512,0.0049
65536,staggered_still,bounded_linked,1,2,3.07712,0.0041
65536,staggered_still,bounded_linked,1,3,3.375104,0.0041
65536,staggered_still,bounded_linked,1,4,3.423232,0.004
65536,staggered_still,bounded_linked,1,5,3.072,0.0041
65536,staggered_still,bounded_linked,1,6,3.395584,0.0039
65536,staggered_still,bounded_linked,1,7,3.337216,0.0039
65536,staggered_still,bounded_linked,1,8,3.392512,0.0064
65536,staggered_still,bounded_linked,1,9,3.377152,0.0051
65536,staggered_still,bounded_linked,1,10,3.264512,0.0051
65536,staggered_still,bounded_linked,1,11,3.31776,0.0039
65536,staggered_still,bounded_linked,1,12,3.113984,0.0051
65536,staggered_still,bounded_linked,1,13,3.38944,0.004
65536,staggered_still,bounded_linked,1,14,3.457024,0.004
65536,staggered_still,bounded_linked,1,15,3.408896,0.0041
65536,staggered_still,bounded_linked,1,16,3.339264,0.0039
65536,staggered_still,bounded_linked,1,17,3.089408,0.0038
65536,staggered_still,bounded_linked,1,18,3.304448,0.004
65536,staggered_still,bounded_linked,1,19,3.304448,0.0042
65536,staggered_still,bounded_linked,1,20,3.296256,0.0042
65536,staggered_still,bounded_linked,1,21,3.089408,0.004
65536,staggered_still,bounded_linked,1,22,3.291136,0.0043
65536,staggered_still,bounded_linked,1,23,3.381248,0.0039
65536,staggered_still,bounded_linked,1,24,3.377152,0.0039
65536,staggered_still,bounded_linked,1,25,3.227648,0.004
65536,staggered_still,bounded_linked,1,26,3.067904,0.0041
65536,staggered_still,bounded_linked,1,27,3.365888,0.0042
65536,staggered_still,bounded_linked,1,28,3.381248,0.004
65536,staggered_still,bounded_linked,1,29,3.352576,0.0041
65536,staggered_still,bounded_linked,1,30,3.275776,0.0041
65536,staggered_still,bounded_linked,1,31,3.10272,0.0038
65536,staggered_still,bounded_linked,1,32,3.319808,0.0041
65536,staggered_still,bounded_linked,1,33,3.531776,0.0041
65536,staggered_still,bounded_linked,1,34,3.325952,0.004
65536,staggered_still,bounded_linked,1,35,3.37408,0.0044
65536,staggered_still,bounded_linked,1,36,3.14368,0.004
65536,staggered_still,bounded_linked,1,37,3.35872,0.0052
65536,staggered_still,bounded_linked,1,38,3.35872,0.0044
65536,staggered_still,bounded_linked,1,39,3.255296,0.0047
65536,staggered_still,exact_ranges,1,0,4.289536,0.016
65536,staggered_still,exact_ranges,1,1,4.235264,0.0072
65536,staggered_still,exact_ranges,1,2,4.20864,0.0105
65536,staggered_still,exact_ranges,1,3,4.226048,0.0068
65536,staggered_still,exact_ranges,1,4,4.219904,0.0065
65536,staggered_still,exact_ranges,1,5,4.237312,0.0069
65536,staggered_still,exact_ranges,1,6,4.169728,0.0065
65536,staggered_still,exact_ranges,1,7,4.28544,0.0065
65536,staggered_still,exact_ranges,1,8,4.24448,0.0066
65536,staggered_still,exact_ranges,1,9,4.219904,0.0068
65536,staggered_still,exact_ranges,1,10,4.410368,0.0065
65536,staggered_still,exact_ranges,1,11,4.061184,0.0068
65536,staggered_still,exact_ranges,1,12,4.238336,0.0073
65536,staggered_still,exact_ranges,1,13,4.205568,0.0071
65536,staggered_still,exact_ranges,1,14,4.492288,0.0069
65536,staggered_still,exact_ranges,1,15,4.25984,0.0067
65536,staggered_still,exact_ranges,1,16,4.261888,0.0065
65536,staggered_still,exact_ranges,1,17,4.262912,0.0068
65536,staggered_still,exact_ranges,1,18,4.21376,0.0064
65536,staggered_still,exact_ranges,1,19,4.204544,0.0071
65536,staggered_still,exact_ranges,1,20,4.185088,0.0064
65536,staggered_still,exact_ranges,1,21,4.185088,0.0068
65536,staggered_still,exact_ranges,1,22,4.252672,0.0066
65536,staggered_still,exact_ranges,1,23,4.267008,0.0066
65536,staggered_still,exact_ranges,1,24,4.182016,0.0068
65536,staggered_still,exact_ranges,1,25,4.179968,0.0067
65536,staggered_still,exact_ranges,1,26,4.163584,0.0067
65536,staggered_still,exact_ranges,1,27,4.180992,0.0066
65536,staggered_still,exact_ranges,1,28,4.178944,0.0068
65536,staggered_still,exact_ranges,1,29,4.160512,0.0069
65536,staggered_still,exact_ranges,1,30,4.292608,0.0066
65536,staggered_still,exact_ranges,1,31,4.201472,0.0071
65536,staggered_still,exact_ranges,1,32,4.176896,0.0113
65536,staggered_still,exact_ranges,1,33,4.237312,0.0066
65536,staggered_still,exact_ranges,1,34,4.179968,0.0106
65536,staggered_still,exact_ranges,1,35,4.18304,0.0067
65536,staggered_still,exact_ranges,1,36,4.169728,0.0066
65536,staggered_still,exact_ranges,1,37,4.159488,0.0066
65536,staggered_still,exact_ranges,1,38,4.276224,0.0072
65536,staggered_still,exact_ranges,1,39,4.216832,0.0067
65536,staggered_still,bounded_linked,2,0,3.349504,0.0103
65536,staggered_still,bounded_linked,2,1,3.328,0.0052
65536,staggered_still,bounded_linked,2,2,3.11296,0.0082
65536,staggered_still,bounded_linked,2,3,3.371008,0.0049
65536,staggered_still,bounded_linked,2,4,3.352576,0.0048
65536,staggered_still,bounded_linked,2,5,3.328,0.0049
65536,staggered_still,bounded_linked,2,6,3.289088,0.0048
65536,staggered_still,bounded_linked,2,7,3.01568,0.0048
65536,staggered_still,bounded_linked,2,8,3.309568,0.0048
65536,staggered_still,bounded_linked,2,9,3.301376,0.0047
65536,staggered_still,bounded_linked,2,10,3.299328,0.0051
65536,staggered_still,bounded_linked,2,11,3.081216,0.0049
65536,staggered_still,bounded_linked,2,12,3.349504,0.0058
65536,staggered_still,bounded_linked,2,13,3.375104,0.0099
65536,staggered_still,bounded_linked,2,14,3.356672,0.0088
65536,staggered_still,bounded_linked,2,15,3.414016,0.0048
65536,staggered_still,bounded_linked,2,16,3.11296,0.0085
65536,staggered_still,bounded_linked,2,17,3.380224,0.0052
65536,staggered_still,bounded_linked,2,18,3.3792,0.005
65536,staggered_still,bounded_linked,2,19,3.330048,0.0049
65536,staggered_still,bounded_linked,2,20,3.375104,0.005
65536,staggered_still,bounded_linked,2,21,3.152896,0.0047
65536,staggered_still,bounded_linked,2,22,3.419136,0.0052
65536,staggered_still,bounded_linked,2,23,3.367936,0.005
65536,staggered_still,bounded_linked,2,24,3.31264,0.005
65536,staggered_still,bounded_linked,2,25,3.383296,0.005
65536,staggered_still,bounded_linked,2,26,3.132416,0.005
65536,staggered_still,bounded_linked,2,27,3.419136,0.0056
65536,staggered_still,bounded_linked,2,28,3.419136,0.0051
65536,staggered_still,bounded_linked,2,29,3.49184,0.0052
65536,staggered_still,bounded_linked,2,30,3.347456,0.005
65536,staggered_still,bounded_linked,2,31,3.127296,0.0049
65536,staggered_still,bounded_linked,2,32,3.337216,0.0093
65536,staggered_still,bounded_linked,2,33,3.365888,0.0049
65536,staggered_still,bounded_linked,2,34,3.419136,0.005
65536,staggered_still,bounded_linked,2,35,3.350528,0.0048
65536,staggered_still,bounded_linked,2,36,3.12832,0.0049
65536,staggered_still,bounded_linked,2,37,3.377152,0.0094
65536,staggered_still,bounded_linked,2,38,3.342336,0.0097
65536,staggered_still,bounded_linked,2,39,3.325952,0.0049
65536,staggered_still,exact_ranges,2,0,4.318208,0.0197
65536,staggered_still,exact_ranges,2,1,4.224,0.007
65536,staggered_still,exact_ranges,2,2,4.302848,0.0067
65536,staggered_still,exact_ranges,2,3,4.284416,0.0071
65536,staggered_still,exact_ranges,2,4,4.282368,0.0071
65536,staggered_still,exact_ranges,2,5,4.248576,0.0066
65536,staggered_still,exact_ranges,2,6,4.221952,0.0065
65536,staggered_still,exact_ranges,2,7,4.323328,0.0067
65536,staggered_still,exact_ranges,2,8,4.253696,0.0066
65536,staggered_still,exact_ranges,2,9,4.28032,0.0179
65536,staggered_still,exact_ranges,2,10,4.25984,0.0074
65536,staggered_still,exact_ranges,2,11,4.33152,0.0067
65536,staggered_still,exact_ranges,2,12,4.189184,0.0066
65536,staggered_still,exact_ranges,2,13,4.205568,0.007
65536,staggered_still,exact_ranges,2,14,4.26496,0.0066
65536,staggered_still,exact_ranges,2,15,4.2496,0.008
65536,staggered_still,exact_ranges,2,16,4.255744,0.0067
65536,staggered_still,exact_ranges,2,17,4.21376,0.0109
65536,staggered_still,exact_ranges,2,18,4.246528,0.0068
65536,staggered_still,exact_ranges,2,19,4.30592,0.0066
65536,staggered_still,exact_ranges,2,20,4.25984,0.0069
65536,staggered_still,exact_ranges,2,21,4.207616,0.0068
65536,staggered_still,exact_ranges,2,22,4.242432,0.0072
65536,staggered_still,exact_ranges,2,23,4.210688,0.007
65536,staggered_still,exact_ranges,2,24,4.189184,0.0067
65536,staggered_still,exact_ranges,2,25,4.18304,0.0079
65536,staggered_still,exact_ranges,2,26,4.276224,0.0067
65536,staggered_still,exact_ranges,2,27,4.291584,0.0068
65536,staggered_still,exact_ranges,2,28,4.54144,0.0068
65536,staggered_still,exact_ranges,2,29,4.281344,0.0066
65536,staggered_still,exact_ranges,2,30,4.227072,0.0218
65536,staggered_still,exact_ranges,2,31,4.23936,0.0202
65536,staggered_still,exact_ranges,2,32,4.243456,0.0071
65536,staggered_still,exact_ranges,2,33,4.278272,0.0065
65536,staggered_still,exact_ranges,2,34,4.255744,0.0066
65536,staggered_still,exact_ranges,2,35,4.18816,0.0068
65536,staggered_still,exact_ranges,2,36,4.186112,0.0067
65536,staggered_still,exact_ranges,2,37,4.165632,0.0066
65536,staggered_still,exact_ranges,2,38,4.187136,0.0066
65536,staggered_still,exact_ranges,2,39,4.175872,0.0067
65536,staggered_still,linked,2,0,3.21024,0.0077
65536,staggered_still,linked,2,1,3.151872,0.0045
65536,staggered_still,linked,2,2,3.100672,0.0041
65536,staggered_still,linked,2,3,3.00544,0.0042
65536,staggered_still,linked,2,4,3.163136,0.0042
65536,staggered_still,linked,2,5,3.2256,0.0063
65536,staggered_still,linked,2,6,3.229696,0.0039
65536,staggered_still,linked,2,7,2.97472,0.0046
65536,staggered_still,linked,2,8,3.267584,0.0041
65536,staggered_still,linked,2,9,3.147776,0.0044
65536,staggered_still,linked,2,10,3.178496,0.004
65536,staggered_still,linked,2,11,2.965504,0.0038
65536,staggered_still,linked,2,12,3.277824,0.0043
65536,staggered_still,linked,2,13,3.156992,0.0042
65536,staggered_still,linked,2,14,3.313664,0.0039
65536,staggered_still,linked,2,15,3.033088,0.004
65536,staggered_still,linked,2,16,3.252224,0.0043
65536,staggered_still,linked,2,17,3.26144,0.0041
65536,staggered_still,linked,2,18,3.171328,0.0042
65536,staggered_still,linked,2,19,2.966528,0.0042
65536,staggered_still,linked,2,20,3.190784,0.0044
65536,staggered_still,linked,2,21,3.185664,0.0039
65536,staggered_still,linked,2,22,3.160064,0.0043
65536,staggered_still,linked,2,23,2.944,0.0043
65536,staggered_still,linked,2,24,3.222528,0.0081
65536,staggered_still,linked,2,25,3.263488,0.0043
65536,staggered_still,linked,2,26,3.28192,0.0041
65536,staggered_still,linked,2,27,2.981888,0.004
65536,staggered_still,linked,2,28,3.21536,0.0042
65536,staggered_still,linked,2,29,3.361792,0.0045
65536,staggered_still,linked,2,30,3.181568,0.0039
65536,staggered_still,linked,2,31,2.981888,0.0042
65536,staggered_still,linked,2,32,3.247104,0.0039
65536,staggered_still,linked,2,33,3.149824,0.004
65536,staggered_still,linked,2,34,3.192832,0.004
65536,staggered_still,linked,2,35,2.95424,0.0043
65536,staggered_still,linked,2,36,3.27168,0.004
65536,staggered_still,linked,2,37,3.275776,0.0046
65536,staggered_still,linked,2,38,3.135488,0.0041
65536,staggered_still,linked,2,39,3.258368,0.0042
65536,staggered_still,exact_ranges,3,0,4.236288,0.0084
65536,staggered_still,exact_ranges,3,1,4.278272,0.007
65536,staggered_still,exact_ranges,3,2,4.338688,0.0186
65536,staggered_still,exact_ranges,3,3,4.211712,0.0096
65536,staggered_still,exact_ranges,3,4,4.23424,0.0067
65536,staggered_still,exact_ranges,3,5,4.201472,0.0067
65536,staggered_still,exact_ranges,3,6,4.204544,0.0065
65536,staggered_still,exact_ranges,3,7,4.161536,0.0066
65536,staggered_still,exact_ranges,3,8,4.20352,0.0064
65536,staggered_still,exact_ranges,3,9,4.245504,0.0066
65536,staggered_still,exact_ranges,3,10,4.28032,0.0066
65536,staggered_still,exact_ranges,3,11,4.399104,0.0067
65536,staggered_still,exact_ranges,3,12,4.068352,0.0069
65536,staggered_still,exact_ranges,3,13,4.477952,0.0064
65536,staggered_still,exact_ranges,3,14,4.281344,0.0069
65536,staggered_still,exact_ranges,3,15,4.291584,0.0067
65536,staggered_still,exact_ranges,3,16,4.292608,0.0067
65536,staggered_still,exact_ranges,3,17,4.25984,0.0066
65536,staggered_still,exact_ranges,3,18,4.251648,0.0065
65536,staggered_still,exact_ranges,3,19,4.271104,0.0068
65536,staggered_still,exact_ranges,3,20,4.178944,0.0068
65536,staggered_still,exact_ranges,3,21,4.19328,0.007
65536,staggered_still,exact_ranges,3,22,4.184064,0.0064
65536,staggered_still,exact_ranges,3,23,4.173824,0.0114
65536,staggered_still,exact_ranges,3,24,4.267008,0.0103
65536,staggered_still,exact_ranges,3,25,4.222976,0.0065
65536,staggered_still,exact_ranges,3,26,4.182016,0.0067
65536,staggered_still,exact_ranges,3,27,4.178944,0.0077
65536,staggered_still,exact_ranges,3,28,4.17792,0.0064
65536,staggered_still,exact_ranges,3,29,4.176896,0.007
65536,staggered_still,exact_ranges,3,30,4.189184,0.0087
65536,staggered_still,exact_ranges,3,31,4.164608,0.0086
65536,staggered_still,exact_ranges,3,32,4.304896,0.0069
65536,staggered_still,exact_ranges,3,33,4.340736,0.0144
65536,staggered_still,exact_ranges,3,34,4.179968,0.0067
65536,staggered_still,exact_ranges,3,35,4.288512,0.0071
65536,staggered_still,exact_ranges,3,36,4.194304,0.0066
65536,staggered_still,exact_ranges,3,37,4.19328,0.0066
65536,staggered_still,exact_ranges,3,38,4.217856,0.0067
65536,staggered_still,exact_ranges,3,39,4.204544,0.0104
65536,staggered_still,linked,3,0,3.25632,0.0367
65536,staggered_still,linked,3,1,3.195904,0.0059
65536,staggered_still,linked,3,2,3.20512,0.0058
65536,staggered_still,linked,3,3,2.976768,0.0054
65536,staggered_still,linked,3,4,3.212288,0.0034
65536,staggered_still,linked,3,5,3.318784,0.002
65536,staggered_still,linked,3,6,3.170304,0.0036
65536,staggered_still,linked,3,7,2.939904,0.0034
65536,staggered_still,linked,3,8,3.250176,0.0016
65536,staggered_still,linked,3,9,3.2512,0.0021
65536,staggered_still,linked,3,10,3.181568,0.0028
65536,staggered_still,linked,3,11,2.915328,0.0036
65536,staggered_still,linked,3,12,3.30752,0.0023
65536,staggered_still,linked,3,13,3.275776,0.0018
65536,staggered_still,linked,3,14,3.1744,0.0023
65536,staggered_still,linked,3,15,3.262464,0.0026
65536,staggered_still,linked,3,16,2.97984,0.0018
65536,staggered_still,linked,3,17,3.185664,0.0023
65536,staggered_still,linked,3,18,3.18464,0.0017
65536,staggered_still,linked,3,19,3.162112,0.0024
65536,staggered_still,linked,3,20,2.956288,0.0021
65536,staggered_still,linked,3,21,3.23072,0.0034
65536,staggered_still,linked,3,22,3.180544,0.0036
65536,staggered_still,linked,3,23,2.983936,0.0017
65536,staggered_still,linked,3,24,3.275776,0.002
65536,staggered_still,linked,3,25,3.2256,0.0019
65536,staggered_still,linked,3,26,3.216384,0.0028
65536,staggered_still,linked,3,27,3.222528,0.0022
65536,staggered_still,linked,3,28,2.9696,0.0016
65536,staggered_still,linked,3,29,3.273728,0.0015
65536,staggered_still,linked,3,30,3.177472,0.002
65536,staggered_still,linked,3,31,3.223552,0.004
65536,staggered_still,linked,3,32,2.982912,0.0036
65536,staggered_still,linked,3,33,3.214336,0.0019
65536,staggered_still,linked,3,34,3.303424,0.0023
65536,staggered_still,linked,3,35,3.187712,0.0034
65536,staggered_still,linked,3,36,2.994176,0.0024
65536,staggered_still,linked,3,37,3.209216,0.0033
65536,staggered_still,linked,3,38,3.295232,0.0044
65536,staggered_still,linked,3,39,3.15904,0.0023
65536,staggered_still,bounded_linked,3,0,3.411968,0.0107
65536,staggered_still,bounded_linked,3,1,3.258368,0.0051
65536,staggered_still,bounded_linked,3,2,3.064832,0.0046
65536,staggered_still,bounded_linked,3,3,3.344384,0.0052
65536,staggered_still,bounded_linked,3,4,3.405824,0.0049
65536,staggered_still,bounded_linked,3,5,3.316736,0.0047
65536,staggered_still,bounded_linked,3,6,3.331072,0.0046
65536,staggered_still,bounded_linked,3,7,3.0976,0.0046
65536,staggered_still,bounded_linked,3,8,3.301376,0.0046
65536,staggered_still,bounded_linked,3,9,3.244032,0.0046
65536,staggered_still,bounded_linked,3,10,3.23584,0.0046
65536,staggered_still,bounded_linked,3,11,3.345408,0.0047
65536,staggered_still,bounded_linked,3,12,3.145728,0.0082
65536,staggered_still,bounded_linked,3,13,3.365888,0.0046
65536,staggered_still,bounded_linked,3,14,3.356672,0.0046
65536,staggered_still,bounded_linked,3,15,3.398656,0.0047
65536,staggered_still,bounded_linked,3,16,3.160064,0.0078
65536,staggered_still,bounded_linked,3,17,3.31264,0.0049
65536,staggered_still,bounded_linked,3,18,3.299328,0.0047
65536,staggered_still,bounded_linked,3,19,3.336192,0.0045
65536,staggered_still,bounded_linked,3,20,3.315712,0.0047
65536,staggered_still,bounded_linked,3,21,3.11296,0.0047
65536,staggered_still,bounded_linked,3,22,3.380224,0.0046
65536,staggered_still,bounded_linked,3,23,3.329024,0.0046
65536,staggered_still,bounded_linked,3,24,3.34336,0.0047
65536,staggered_still,bounded_linked,3,25,3.391488,0.0046
65536,staggered_still,bounded_linked,3,26,3.168256,0.0046
65536,staggered_still,bounded_linked,3,27,3.337216,0.0078
65536,staggered_still,bounded_linked,3,28,3.308544,0.0043
65536,staggered_still,bounded_linked,3,29,3.291136,0.0052
65536,staggered_still,bounded_linked,3,30,3.365888,0.0048
65536,staggered_still,bounded_linked,3,31,3.151872,0.0044
65536,staggered_still,bounded_linked,3,32,3.378176,0.0045
65536,staggered_still,bounded_linked,3,33,3.34336,0.0046
65536,staggered_still,bounded_linked,3,34,3.324928,0.0047
65536,staggered_still,bounded_linked,3,35,3.474432,0.0045
65536,staggered_still,bounded_linked,3,36,3.163136,0.0045
65536,staggered_still,bounded_linked,3,37,3.328,0.0045
65536,staggered_still,bounded_linked,3,38,3.33824,0.0047
65536,staggered_still,bounded_linked,3,39,3.323904,0.0045
65536,staggered_driven,linked,1,0,3.081216,0.0106
65536,staggered_driven,linked,1,1,3.28704,0.0048
65536,staggered_driven,linked,1,2,3.237888,0.0044
65536,staggered_driven,linked,1,3,3.265536,0.0044
65536,staggered_driven,linked,1,4,3.289088,0.0046
65536,staggered_driven,linked,1,5,3.126272,0.0045
65536,staggered_driven,linked,1,6,3.375104,0.0043
65536,staggered_driven,linked,1,7,3.248128,0.0046
65536,staggered_driven,linked,1,8,3.283968,0.0043
65536,staggered_driven,linked,1,9,3.079168,0.0051
65536,staggered_driven,linked,1,10,3.346432,0.0044
65536,staggered_driven,linked,1,11,3.300352,0.0045
65536,staggered_driven,linked,1,12,3.273728,0.0048
65536,staggered_driven,linked,1,13,3.055616,0.0044
65536,staggered_driven,linked,1,14,3.311616,0.0046
65536,staggered_driven,linked,1,15,3.459072,0.0045
65536,staggered_driven,linked,1,16,3.300352,0.0046
65536,staggered_driven,linked,1,17,3.243008,0.0045
65536,staggered_driven,linked,1,18,3.070976,0.0043
65536,staggered_driven,linked,1,19,3.32288,0.0047
65536,staggered_driven,linked,1,20,3.401728,0.0047
65536,staggered_driven,linked,1,21,3.25632,0.0046
65536,staggered_driven,linked,1,22,3.357696,0.0081
65536,staggered_driven,linked,1,23,3.101696,0.0047
65536,staggered_driven,linked,1,24,3.334144,0.0043
65536,staggered_driven,linked,1,25,3.36896,0.0046
65536,staggered_driven,linked,1,26,3.227648,0.0046
65536,staggered_driven,linked,1,27,3.208192,0.0045
65536,staggered_driven,linked,1,28,3.0976,0.0043
65536,staggered_driven,linked,1,29,3.298304,0.004
65536,staggered_driven,linked,1,30,3.253248,0.0041
65536,staggered_driven,linked,1,31,3.250176,0.0049
65536,staggered_driven,linked,1,32,3.0208,0.0043
65536,staggered_driven,linked,1,33,3.392512,0.0041
65536,staggered_driven,linked,1,34,3.288064,0.0042
65536,staggered_driven,linked,1,35,3.253248,0.0047
65536,staggered_driven,linked,1,36,3.059712,0.0041
65536,staggered_driven,linked,1,37,3.355648,0.0078
65536,staggered_driven,linked,1,38,3.403776,0.0042
65536,staggered_driven,linked,1,39,3.277824,0.0047
65536,staggered_driven,bounded_linked,1,0,3.423232,0.0087
65536,staggered_driven,bounded_linked,1,1,3.400704,0.0054
65536,staggered_driven,bounded_linked,1,2,3.506176,0.005
65536,staggered_driven,bounded_linked,1,3,3.24096,0.0048
65536,staggered_driven,bounded_linked,1,4,3.539968,0.0048
65536,staggered_driven,bounded_linked,1,5,3.762176,0.0055
65536,staggered_driven,bounded_linked,1,6,3.398656,0.0103
65536,staggered_driven,bounded_linked,1,7,3.411968,0.0099
65536,staggered_driven,bounded_linked,1,8,3.39456,0.0051
65536,staggered_driven,bounded_linked,1,9,3.197952,0.005
65536,staggered_driven,bounded_linked,1,10,3.760128,0.0164
65536,staggered_driven,bounded_linked,1,11,3.371008,0.0075
65536,staggered_driven,bounded_linked,1,12,3.71712,0.0069
65536,staggered_driven,bounded_linked,1,13,3.547136,0.0054
65536,staggered_driven,bounded_linked,1,14,3.396608,0.0052
65536,staggered_driven,bounded_linked,1,15,3.185664,0.0051
65536,staggered_driven,bounded_linked,1,16,3.390464,0.0048
65536,staggered_driven,bounded_linked,1,17,3.355648,0.0051
65536,staggered_driven,bounded_linked,1,18,3.3792,0.0054
65536,staggered_driven,bounded_linked,1,19,3.360768,0.005
65536,staggered_driven,bounded_linked,1,20,3.177472,0.0049
65536,staggered_driven,bounded_linked,1,21,3.521536,0.0049
65536,staggered_driven,bounded_linked,1,22,3.463168,0.005
65536,staggered_driven,bounded_linked,1,23,3.579904,0.005
65536,staggered_driven,bounded_linked,1,24,3.515392,0.0049
65536,staggered_driven,bounded_linked,1,25,3.37408,0.0051
65536,staggered_driven,bounded_linked,1,26,3.158016,0.0048
65536,staggered_driven,bounded_linked,1,27,3.526656,0.0056
65536,staggered_driven,bounded_linked,1,28,3.523584,0.0049
65536,staggered_driven,bounded_linked,1,29,3.387392,0.005
65536,staggered_driven,bounded_linked,1,30,3.516416,0.0049
65536,staggered_driven,bounded_linked,1,31,3.222528,0.0068
65536,staggered_driven,bounded_linked,1,32,3.490816,0.0043
65536,staggered_driven,bounded_linked,1,33,3.843072,0.0042
65536,staggered_driven,bounded_linked,1,34,3.436544,0.0042
65536,staggered_driven,bounded_linked,1,35,3.411968,0.0023
65536,staggered_driven,bounded_linked,1,36,3.38432,0.0076
65536,staggered_driven,bounded_linked,1,37,3.18976,0.0052
65536,staggered_driven,bounded_linked,1,38,3.408896,0.005
65536,staggered_driven,bounded_linked,1,39,3.724288,0.0051
65536,staggered_driven,exact_ranges,1,0,4.296704,0.0123
65536,staggered_driven,exact_ranges,1,1,4.286464,0.0071
65536,staggered_driven,exact_ranges,1,2,4.242432,0.007
65536,staggered_driven,exact_ranges,1,3,4.207616,0.007
65536,staggered_driven,exact_ranges,1,4,4.277248,0.0128
65536,staggered_driven,exact_ranges,1,5,4.284416,0.0077
65536,staggered_driven,exact_ranges,1,6,4.297728,0.0072
65536,staggered_driven,exact_ranges,1,7,4.215808,0.0072
65536,staggered_driven,exact_ranges,1,8,4.312064,0.0069
65536,staggered_driven,exact_ranges,1,9,4.291584,0.007
65536,staggered_driven,exact_ranges,1,10,4.238336,0.0072
65536,staggered_driven,exact_ranges,1,11,4.241408,0.0069
65536,staggered_driven,exact_ranges,1,12,4.291584,0.0069
65536,staggered_driven,exact_ranges,1,13,4.353024,0.0069
65536,staggered_driven,exact_ranges,1,14,4.332544,0.0079
65536,staggered_driven,exact_ranges,1,15,4.304896,0.0072
65536,staggered_driven,exact_ranges,1,16,4.308992,0.0069
65536,staggered_driven,exact_ranges,1,17,4.276224,0.0074
65536,staggered_driven,exact_ranges,1,18,4.267008,0.0097
65536,staggered_driven,exact_ranges,1,19,4.288512,0.0069
65536,staggered_driven,exact_ranges,1,20,4.272128,0.0071
65536,staggered_driven,exact_ranges,1,21,4.360192,0.0073
65536,staggered_driven,exact_ranges,1,22,4.380672,0.0071
65536,staggered_driven,exact_ranges,1,23,4.334592,0.0067
65536,staggered_driven,exact_ranges,1,24,4.301824,0.0073
65536,staggered_driven,exact_ranges,1,25,4.2752,0.0072
65536,staggered_driven,exact_ranges,1,26,4.308992,0.0067
65536,staggered_driven,exact_ranges,1,27,4.278272,0.0071
65536,staggered_driven,exact_ranges,1,28,4.257792,0.022
65536,staggered_driven,exact_ranges,1,29,4.268032,0.0072
65536,staggered_driven,exact_ranges,1,30,4.26496,0.0069
65536,staggered_driven,exact_ranges,1,31,4.313088,0.0069
65536,staggered_driven,exact_ranges,1,32,4.589568,0.0071
65536,staggered_driven,exact_ranges,1,33,4.420608,0.0069
65536,staggered_driven,exact_ranges,1,34,4.35712,0.0072
65536,staggered_driven,exact_ranges,1,35,4.282368,0.0071
65536,staggered_driven,exact_ranges,1,36,4.33664,0.0069
65536,staggered_driven,exact_ranges,1,37,4.315136,0.007
65536,staggered_driven,exact_ranges,1,38,4.278272,0.0071
65536,staggered_driven,exact_ranges,1,39,4.291584,0.0069
65536,staggered_driven,bounded_linked,2,0,3.429376,0.0072
65536,staggered_driven,bounded_linked,2,1,3.535872,0.0054
65536,staggered_driven,bounded_linked,2,2,3.460096,0.0049
65536,staggered_driven,bounded_linked,2,3,3.191808,0.005
65536,staggered_driven,bounded_linked,2,4,3.500032,0.0059
65536,staggered_driven,bounded_linked,2,5,3.523584,0.0091
65536,staggered_driven,bounded_linked,2,6,3.484672,0.0051
65536,staggered_driven,bounded_linked,2,7,3.457024,0.0049
65536,staggered_driven,bounded_linked,2,8,3.380224,0.0048
65536,staggered_driven,bounded_linked,2,9,3.151872,0.0047
65536,staggered_driven,bounded_linked,2,10,3.525632,0.0049
65536,staggered_driven,bounded_linked,2,11,3.482624,0.0051
65536,staggered_driven,bounded_linked,2,12,3.402752,0.005
65536,staggered_driven,bounded_linked,2,13,3.535872,0.0048
65536,staggered_driven,bounded_linked,2,14,3.386368,0.0053
65536,staggered_driven,bounded_linked,2,15,3.209216,0.0049
65536,staggered_driven,bounded_linked,2,16,3.503104,0.0047
65536,staggered_driven,bounded_linked,2,17,3.480576,0.0051
65536,staggered_driven,bounded_linked,2,18,3.462144,0.0048
65536,staggered_driven,bounded_linked,2,19,3.439616,0.0047
65536,staggered_driven,bounded_linked,2,20,3.434496,0.0049
65536,staggered_driven,bounded_linked,2,21,3.244032,0.0049
65536,staggered_driven,bounded_linked,2,22,3.397632,0.005
65536,staggered_driven,bounded_linked,2,23,3.555328,0.0048
65536,staggered_driven,bounded_linked,2,24,3.422208,0.0048
65536,staggered_driven,bounded_linked,2,25,3.33824,0.0048
65536,staggered_driven,bounded_linked,2,26,3.16928,0.0048
65536,staggered_driven,bounded_linked,2,27,3.484672,0.0056
65536,staggered_driven,bounded_linked,2,28,3.459072,0.0048
65536,staggered_driven,bounded_linked,2,29,3.436544,0.005
65536,staggered_driven,bounded_linked,2,30,3.34336,0.0049
65536,staggered_driven,bounded_linked,2,31,3.161088,0.0048
65536,staggered_driven,bounded_linked,2,32,3.366912,0.0049
65536,staggered_driven,bounded_linked,2,33,3.391488,0.0047
65536,staggered_driven,bounded_linked,2,34,3.373056,0.0048
65536,staggered_driven,bounded_linked,2,35,3.332096,0.0049
65536,staggered_driven,bounded_linked,2,36,3.086336,0.0047
65536,staggered_driven,bounded_linked,2,37,3.350528,0.0054
65536,staggered_driven,bounded_linked,2,38,3.369984,0.0057
65536,staggered_driven,bounded_linked,2,39,3.383296,0.0048
65536,staggered_driven,exact_ranges,2,0,4.31616,0.0184
65536,staggered_driven,exact_ranges,2,1,4.33664,0.0079
65536,staggered_driven,exact_ranges,2,2,4.279296,0.0073
65536,staggered_driven,exact_ranges,2,3,4.258816,0.0074
65536,staggered_driven,exact_ranges,2,4,4.265984,0.0073
65536,staggered_driven,exact_ranges,2,5,4.294656,0.007
65536,staggered_driven,exact_ranges,2,6,4.29056,0.0073
65536,staggered_driven,exact_ranges,2,7,4.32128,0.0069
65536,staggered_driven,exact_ranges,2,8,4.31616,0.0069
65536,staggered_driven,exact_ranges,2,9,4.493312,0.0072
65536,staggered_driven,exact_ranges,2,10,4.306944,0.0068
65536,staggered_driven,exact_ranges,2,11,4.271104,0.007
65536,staggered_driven,exact_ranges,2,12,4.307968,0.0069
65536,staggered_driven,exact_ranges,2,13,4.306944,0.0072
65536,staggered_driven,exact_ranges,2,14,4.342784,0.014
65536,staggered_driven,exact_ranges,2,15,4.2496,0.0069
65536,staggered_driven,exact_ranges,2,16,4.253696,0.0073
65536,staggered_driven,exact_ranges,2,17,4.260864,0.0069
65536,staggered_driven,exact_ranges,2,18,4.262912,0.007
65536,staggered_driven,exact_ranges,2,19,4.314112,0.0072
65536,staggered_driven,exact_ranges,2,20,4.272128,0.0068
65536,staggered_driven,exact_ranges,2,21,4.338688,0.0071
65536,staggered_driven,exact_ranges,2,22,4.286464,0.0068
65536,staggered_driven,exact_ranges,2,23,4.317184,0.007
65536,staggered_driven,exact_ranges,2,24,4.288512,0.0068
65536,staggered_driven,exact_ranges,2,25,4.31104,0.007
65536,staggered_driven,exact_ranges,2,26,4.227072,0.0072
65536,staggered_driven,exact_ranges,2,27,4.304896,0.0068
65536,staggered_driven,exact_ranges,2,28,4.228096,0.007
65536,staggered_driven,exact_ranges,2,29,4.355072,0.0068
65536,staggered_driven,exact_ranges,2,30,4.281344,0.0076
65536,staggered_driven,exact_ranges,2,31,4.332544,0.0071
65536,staggered_driven,exact_ranges,2,32,4.265984,0.0072
65536,staggered_driven,exact_ranges,2,33,4.286464,0.0072
65536,staggered_driven,exact_ranges,2,34,4.293632,0.0069
65536,staggered_driven,exact_ranges,2,35,4.235264,0.007
65536,staggered_driven,exact_ranges,2,36,4.25984,0.0073
65536,staggered_driven,exact_ranges,2,37,4.3264,0.0071
65536,staggered_driven,exact_ranges,2,38,4.322304,0.0072
65536,staggered_driven,exact_ranges,2,39,4.338688,0.0069
65536,staggered_driven,linked,2,0,3.341312,0.0164
65536,staggered_driven,linked,2,1,3.329024,0.0057
65536,staggered_driven,linked,2,2,3.197952,0.0055
65536,staggered_driven,linked,2,3,3.354624,0.0096
65536,staggered_driven,linked,2,4,3.103744,0.0054
65536,staggered_driven,linked,2,5,3.29216,0.0057
65536,staggered_driven,linked,2,6,3.280896,0.0053
65536,staggered_driven,linked,2,7,3.283968,0.0053
65536,staggered_driven,linked,2,8,3.063808,0.0051
65536,staggered_driven,linked,2,9,3.301376,0.0052
65536,staggered_driven,linked,2,10,3.245056,0.0052
65536,staggered_driven,linked,2,11,3.252224,0.0051
65536,staggered_driven,linked,2,12,3.081216,0.0051
65536,staggered_driven,linked,2,13,3.279872,0.0053
65536,staggered_driven,linked,2,14,3.381248,0.005
65536,staggered_driven,linked,2,15,3.2512,0.0051
65536,staggered_driven,linked,2,16,3.382272,0.0051
65536,staggered_driven,linked,2,17,3.16928,0.0052
65536,staggered_driven,linked,2,18,3.341312,0.0054
65536,staggered_driven,linked,2,19,3.372032,0.0053
65536,staggered_driven,linked,2,20,3.367936,0.0052
65536,staggered_driven,linked,2,21,3.293184,0.0051
65536,staggered_driven,linked,2,22,3.105792,0.005
65536,staggered_driven,linked,2,23,3.328,0.0052
65536,staggered_driven,linked,2,24,3.315712,0.005
65536,staggered_driven,linked,2,25,3.219456,0.0053
65536,staggered_driven,linked,2,26,2.991104,0.0052
65536,staggered_driven,linked,2,27,3.311616,0.0051
65536,staggered_driven,linked,2,28,3.289088,0.005
65536,staggered_driven,linked,2,29,3.296256,0.0052
65536,staggered_driven,linked,2,30,3.05152,0.0049
65536,staggered_driven,linked,2,31,3.274752,0.0053
65536,staggered_driven,linked,2,32,3.222528,0.0054
65536,staggered_driven,linked,2,33,3.313664,0.0052
65536,staggered_driven,linked,2,34,3.198976,0.0117
65536,staggered_driven,linked,2,35,2.961408,0.0053
65536,staggered_driven,linked,2,36,3.28704,0.005
65536,staggered_driven,linked,2,37,3.387392,0.0051
65536,staggered_driven,linked,2,38,3.273728,0.0055
65536,staggered_driven,linked,2,39,3.263488,0.0051
65536,staggered_driven,exact_ranges,3,0,4.313088,0.0127
65536,staggered_driven,exact_ranges,3,1,4.337664,0.0075
65536,staggered_driven,exact_ranges,3,2,4.38272,0.0073
65536,staggered_driven,exact_ranges,3,3,4.274176,0.0073
65536,staggered_driven,exact_ranges,3,4,4.302848,0.007
65536,staggered_driven,exact_ranges,3,5,4.307968,0.0073
65536,staggered_driven,exact_ranges,3,6,4.299776,0.0132
65536,staggered_driven,exact_ranges,3,7,4.246528,0.0071
65536,staggered_driven,exact_ranges,3,8,4.269056,0.0072
65536,staggered_driven,exact_ranges,3,9,4.33152,0.0073
65536,staggered_driven,exact_ranges,3,10,4.289536,0.0071
65536,staggered_driven,exact_ranges,3,11,4.429824,0.0073
65536,staggered_driven,exact_ranges,3,12,4.108288,0.007
65536,staggered_driven,exact_ranges,3,13,4.502528,0.007
65536,staggered_driven,exact_ranges,3,14,4.28032,0.0071
65536,staggered_driven,exact_ranges,3,15,4.293632,0.007
65536,staggered_driven,exact_ranges,3,16,4.379648,0.0072
65536,staggered_driven,exact_ranges,3,17,4.360192,0.0071
65536,staggered_driven,exact_ranges,3,18,4.28032,0.0069
65536,staggered_driven,exact_ranges,3,19,4.319232,0.0074
65536,staggered_driven,exact_ranges,3,20,4.25472,0.0069
65536,staggered_driven,exact_ranges,3,21,4.29056,0.0071
65536,staggered_driven,exact_ranges,3,22,4.248576,0.007
65536,staggered_driven,exact_ranges,3,23,4.26496,0.0075
65536,staggered_driven,exact_ranges,3,24,4.345856,0.007
65536,staggered_driven,exact_ranges,3,25,4.358144,0.007
65536,staggered_driven,exact_ranges,3,26,4.312064,0.0072
65536,staggered_driven,exact_ranges,3,27,4.269056,0.0083
65536,staggered_driven,exact_ranges,3,28,4.314112,0.0069
65536,staggered_driven,exact_ranges,3,29,4.255744,0.0071
65536,staggered_driven,exact_ranges,3,30,4.232192,0.0072
65536,staggered_driven,exact_ranges,3,31,4.23936,0.0077
65536,staggered_driven,exact_ranges,3,32,4.348928,0.007
65536,staggered_driven,exact_ranges,3,33,4.3264,0.008
65536,staggered_driven,exact_ranges,3,34,4.263936,0.0073
65536,staggered_driven,exact_ranges,3,35,4.303872,0.0075
65536,staggered_driven,exact_ranges,3,36,4.261888,0.0122
65536,staggered_driven,exact_ranges,3,37,4.263936,0.0129
65536,staggered_driven,exact_ranges,3,38,4.28032,0.0073
65536,staggered_driven,exact_ranges,3,39,4.306944,0.0071
65536,staggered_driven,linked,3,0,3.371008,0.0066
65536,staggered_driven,linked,3,1,3.335168,0.0046
65536,staggered_driven,linked,3,2,3.042304,0.0046
65536,staggered_driven,linked,3,3,3.340288,0.0045
65536,staggered_driven,linked,3,4,3.222528,0.0046
65536,staggered_driven,linked,3,5,3.20512,0.0046
65536,staggered_driven,linked,3,6,3.028992,0.0144
65536,staggered_driven,linked,3,7,3.23072,0.0046
65536,staggered_driven,linked,3,8,3.234816,0.0047
65536,staggered_driven,linked,3,9,3.212288,0.0044
65536,staggered_driven,linked,3,10,3.055616,0.0043
65536,staggered_driven,linked,3,11,3.406848,0.0043
65536,staggered_driven,linked,3,12,3.3536,0.0044
65536,staggered_driven,linked,3,13,3.278848,0.0044
65536,staggered_driven,linked,3,14,3.313664,0.0044
65536,staggered_driven,linked,3,15,3.091456,0.0043
65536,staggered_driven,linked,3,16,3.371008,0.0045
65536,staggered_driven,linked,3,17,3.25632,0.0054
65536,staggered_driven,linked,3,18,3.258368,0.0043
65536,staggered_driven,linked,3,19,3.259392,0.0046
65536,staggered_driven,linked,3,20,3.106816,0.0041
65536,staggered_driven,linked,3,21,3.32288,0.0048
65536,staggered_driven,linked,3,22,3.34336,0.0045
65536,staggered_driven,linked,3,23,3.316736,0.0042
65536,staggered_driven,linked,3,24,3.045376,0.0086
65536,staggered_driven,linked,3,25,3.277824,0.0043
65536,staggered_driven,linked,3,26,3.2512,0.0045
65536,staggered_driven,linked,3,27,3.286016,0.0041
65536,staggered_driven,linked,3,28,3.314688,0.0047
65536,staggered_driven,linked,3,29,3.062784,0.0043
65536,staggered_driven,linked,3,30,3.36896,0.0049
65536,staggered_driven,linked,3,31,3.337216,0.0045
65536,staggered_driven,linked,3,32,3.236864,0.0044
65536,staggered_driven,linked,3,33,3.249152,0.0048
65536,staggered_driven,linked,3,34,3.10272,0.0042
65536,staggered_driven,linked,3,35,3.308544,0.0045
65536,staggered_driven,linked,3,36,3.229696,0.0043
65536,staggered_driven,linked,3,37,3.267584,0.0045
65536,staggered_driven,linked,3,38,3.070976,0.0042
65536,staggered_driven,linked,3,39,3.382272,0.0043
65536,staggered_driven,bounded_linked,3,0,3.29216,0.0116
65536,staggered_driven,bounded_linked,3,1,3.480576,0.0053
65536,staggered_driven,bounded_linked,3,2,3.442688,0.0091
65536,staggered_driven,bounded_linked,3,3,3.426304,0.005
65536,staggered_driven,bounded_linked,3,4,3.47648,0.005
65536,staggered_driven,bounded_linked,3,5,3.234816,0.0052
65536,staggered_driven,bounded_linked,3,6,3.391488,0.0052
65536,staggered_driven,bounded_linked,3,7,3.36896,0.0054
65536,staggered_driven,bounded_linked,3,8,3.36896,0.0049
65536,staggered_driven,bounded_linked,3,9,3.412992,0.005
65536,staggered_driven,bounded_linked,3,10,3.172352,0.005
65536,staggered_driven,bounded_linked,3,11,3.433472,0.0047
65536,staggered_driven,bounded_linked,3,12,3.533824,0.0051
65536,staggered_driven,bounded_linked,3,13,3.458048,0.0048
65536,staggered_driven,bounded_linked,3,14,3.47136,0.0049
65536,staggered_driven,bounded_linked,3,15,3.208192,0.0048
65536,staggered_driven,bounded_linked,3,16,3.434496,0.0113
65536,staggered_driven,bounded_linked,3,17,3.478528,0.0087
65536,staggered_driven,bounded_linked,3,18,3.501056,0.005
65536,staggered_driven,bounded_linked,3,19,3.497984,0.0048
65536,staggered_driven,bounded_linked,3,20,3.483648,0.0049
65536,staggered_driven,bounded_linked,3,21,3.224576,0.0047
65536,staggered_driven,bounded_linked,3,22,3.426304,0.0051
65536,staggered_driven,bounded_linked,3,23,3.454976,0.0049
65536,staggered_driven,bounded_linked,3,24,3.432448,0.005
65536,staggered_driven,bounded_linked,3,25,3.37408,0.0051
65536,staggered_driven,bounded_linked,3,26,3.438592,0.005
65536,staggered_driven,bounded_linked,3,27,3.216384,0.0049
65536,staggered_driven,bounded_linked,3,28,3.431424,0.0048
65536,staggered_driven,bounded_linked,3,29,3.513344,0.0137
65536,staggered_driven,bounded_linked,3,30,3.477504,0.0048
65536,staggered_driven,bounded_linked,3,31,3.38432,0.0092
65536,staggered_driven,bounded_linked,3,32,3.196928,0.0049
65536,staggered_driven,bounded_linked,3,33,3.472384,0.0055
65536,staggered_driven,bounded_linked,3,34,3.490816,0.0083
65536,staggered_driven,bounded_linked,3,35,3.456,0.0047
65536,staggered_driven,bounded_linked,3,36,3.44576,0.0077
65536,staggered_driven,bounded_linked,3,37,3.16928,0.0052
65536,staggered_driven,bounded_linked,3,38,3.487744,0.0048
65536,staggered_driven,bounded_linked,3,39,3.478528,0.0052
131072,aligned_still,linked,1,0,5.48352,0.0096
131072,aligned_still,linked,1,1,5.48352,0.0046
131072,aligned_still,linked,1,2,5.605376,0.0045
131072,aligned_still,linked,1,3,5.395456,0.0042
131072,aligned_still,linked,1,4,5.402624,0.0041
131072,aligned_still,linked,1,5,5.395456,0.0059
131072,aligned_still,linked,1,6,5.61664,0.0041
131072,aligned_still,linked,1,7,5.441536,0.0162
131072,aligned_still,linked,1,8,5.402624,0.0033
131072,aligned_still,linked,1,9,5.701632,0.0019
131072,aligned_still,linked,1,10,5.448704,0.002
131072,aligned_still,linked,1,11,5.458944,0.0017
131072,aligned_still,linked,1,12,5.6576,0.0022
131072,aligned_still,linked,1,13,5.526528,0.0068
131072,aligned_still,linked,1,14,5.536768,0.004
131072,aligned_still,linked,1,15,5.689344,0.0044
131072,aligned_still,linked,1,16,5.460992,0.004
131072,aligned_still,linked,1,17,5.455872,0.0043
131072,aligned_still,linked,1,18,5.649408,0.0041
131072,aligned_still,linked,1,19,5.528576,0.0042
131072,aligned_still,linked,1,20,5.497856,0.0044
131072,aligned_still,linked,1,21,5.67296,0.0041
131072,aligned_still,linked,1,22,5.444608,0.0045
131072,aligned_still,linked,1,23,5.43744,0.0042
131072,aligned_still,linked,1,24,5.572608,0.0041
131072,aligned_still,linked,1,25,5.510144,0.0043
131072,aligned_still,linked,1,26,5.490688,0.0039
131072,aligned_still,linked,1,27,5.610496,0.0044
131072,aligned_still,linked,1,28,5.429248,0.0041
131072,aligned_still,linked,1,29,5.445632,0.0043
131072,aligned_still,linked,1,30,5.958656,0.0042
131072,aligned_still,linked,1,31,5.573632,0.0041
131072,aligned_still,linked,1,32,5.45792,0.0053
131072,aligned_still,linked,1,33,5.653504,0.0041
131072,aligned_still,linked,1,34,5.382144,0.0045
131072,aligned_still,linked,1,35,5.417984,0.0043
131072,aligned_still,linked,1,36,5.574656,0.0043
131072,aligned_still,linked,1,37,5.475328,0.004
131072,aligned_still,linked,1,38,5.538816,0.0042
131072,aligned_still,linked,1,39,5.673984,0.0042
131072,aligned_still,bounded_linked,1,0,5.784576,0.0157
131072,aligned_still,bounded_linked,1,1,6.064128,0.008
131072,aligned_still,bounded_linked,1,2,5.742592,0.0048
131072,aligned_still,bounded_linked,1,3,5.884928,0.0047
131072,aligned_still,bounded_linked,1,4,6.008832,0.005
131072,aligned_still,bounded_linked,1,5,5.76512,0.0046
131072,aligned_still,bounded_linked,1,6,6.00576,0.0052
131072,aligned_still,bounded_linked,1,7,5.83168,0.0045
131072,aligned_still,bounded_linked,1,8,5.871616,0.0047
131072,aligned_still,bounded_linked,1,9,6.17984,0.0045
131072,aligned_still,bounded_linked,1,10,5.840896,0.0048
131072,aligned_still,bounded_linked,1,11,6.040576,0.0046
131072,aligned_still,bounded_linked,1,12,5.993472,0.0049
131072,aligned_still,bounded_linked,1,13,6.144,0.0044
131072,aligned_still,bounded_linked,1,14,6.024192,0.0049
131072,aligned_still,bounded_linked,1,15,6.20544,0.0048
131072,aligned_still,bounded_linked,1,16,5.91872,0.0046
131072,aligned_still,bounded_linked,1,17,6.232064,0.0047
131072,aligned_still,bounded_linked,1,18,5.947392,0.0045
131072,aligned_still,bounded_linked,1,19,5.912576,0.0045
131072,aligned_still,bounded_linked,1,20,6.228992,0.0046
131072,aligned_still,bounded_linked,1,21,5.883904,0.0048
131072,aligned_still,bounded_linked,1,22,6.131712,0.0149
131072,aligned_still,bounded_linked,1,23,5.932032,0.0052
131072,aligned_still,bounded_linked,1,24,6.124544,0.0055
131072,aligned_still,bounded_linked,1,25,6.02112,0.0048
131072,aligned_still,bounded_linked,1,26,6.161408,0.0045
131072,aligned_still,bounded_linked,1,27,6.02112,0.005
131072,aligned_still,bounded_linked,1,28,5.902336,0.0047
131072,aligned_still,bounded_linked,1,29,6.094848,0.0048
131072,aligned_still,bounded_linked,1,30,5.953536,0.0046
131072,aligned_still,bounded_linked,1,31,6.230016,0.0047
131072,aligned_still,bounded_linked,1,32,5.919744,0.0046
131072,aligned_still,bounded_linked,1,33,6.115328,0.0049
131072,aligned_still,bounded_linked,1,34,5.89824,0.0047
131072,aligned_still,bounded_linked,1,35,6.187008,0.0047
131072,aligned_still,bounded_linked,1,36,6.04672,0.0075
131072,aligned_still,bounded_linked,1,37,6.002688,0.0049
131072,aligned_still,bounded_linked,1,38,6.196224,0.0047
131072,aligned_still,bounded_linked,1,39,5.899264,0.0047
131072,aligned_still,exact_ranges,1,0,8.321024,0.0126
131072,aligned_still,exact_ranges,1,1,8.183808,0.0074
131072,aligned_still,exact_ranges,1,2,7.739392,0.007
131072,aligned_still,exact_ranges,1,3,7.908352,0.0114
131072,aligned_still,exact_ranges,1,4,7.870464,0.007
131072,aligned_still,exact_ranges,1,5,7.963648,0.0066
131072,aligned_still,exact_ranges,1,6,7.974912,0.0076
131072,aligned_still,exact_ranges,1,7,7.95136,0.0066
131072,aligned_still,exact_ranges,1,8,7.762944,0.0067
131072,aligned_still,exact_ranges,1,9,8.030208,0.008
131072,aligned_still,exact_ranges,1,10,8.013824,0.0065
131072,aligned_still,exact_ranges,1,11,7.84896,0.0072
131072,aligned_still,exact_ranges,1,12,7.811072,0.0068
131072,aligned_still,exact_ranges,1,13,8.064,0.0067
131072,aligned_still,exact_ranges,1,14,7.913472,0.0068
131072,aligned_still,exact_ranges,1,15,7.932928,0.0069
131072,aligned_still,exact_ranges,1,16,8.092672,0.0069
131072,aligned_still,exact_ranges,1,17,7.931904,0.0069
131072,aligned_still,exact_ranges,1,18,7.87456,0.0069
131072,aligned_still,exact_ranges,1,19,7.936,0.0109
131072,aligned_still,exact_ranges,1,20,8.054784,0.0064
131072,aligned_still,exact_ranges,1,21,7.781376,0.0074
131072,aligned_still,exact_ranges,1,22,8.182784,0.0074
131072,aligned_still,exact_ranges,1,23,8.013824,0.0068
131072,aligned_still,exact_ranges,1,24,8.004608,0.0116
131072,aligned_still,exact_ranges,1,25,7.808,0.0068
131072,aligned_still,exact_ranges,1,26,8.001536,0.0071
131072,aligned_still,exact_ranges,1,27,7.868416,0.0069
131072,aligned_still,exact_ranges,1,28,7.778304,0.007
131072,aligned_still,exact_ranges,1,29,7.794688,0.0072
131072,aligned_still,exact_ranges,1,30,8.131584,0.0071
131072,aligned_still,exact_ranges,1,31,8.02816,0.0068
131072,aligned_still,exact_ranges,1,32,7.798784,0.0067
131072,aligned_still,exact_ranges,1,33,7.841792,0.007
131072,aligned_still,exact_ranges,1,34,7.927808,0.007
131072,aligned_still,exact_ranges,1,35,8.001536,0.0069
131072,aligned_still,exact_ranges,1,36,7.90016,0.0108
131072,aligned_still,exact_ranges,1,37,7.90528,0.0213
131072,aligned_still,exact_ranges,1,38,7.906304,0.0069
131072,aligned_still,exact_ranges,1,39,7.94112,0.007
131072,aligned_still,bounded_linked,2,0,5.95456,0.0198
131072,aligned_still,bounded_linked,2,1,6.098944,0.0058
131072,aligned_still,bounded_linked,2,2,5.8624,0.0054
131072,aligned_still,bounded_linked,2,3,6.150144,0.0053
131072,aligned_still,bounded_linked,2,4,5.895168,0.0049
131072,aligned_still,bounded_linked,2,5,6.084608,0.0359
131072,aligned_still,bounded_linked,2,6,5.88288,0.0073
131072,aligned_still,bounded_linked,2,7,5.7856,0.0062
131072,aligned_still,bounded_linked,2,8,6.170624,0.0072
131072,aligned_still,bounded_linked,2,9,5.90336,0.0059
131072,aligned_still,bounded_linked,2,10,6.254592,0.0066
131072,aligned_still,bounded_linked,2,11,5.89312,0.0056
131072,aligned_still,bounded_linked,2,12,6.013952,0.0076
131072,aligned_still,bounded_linked,2,13,5.815296,0.0058
131072,aligned_still,bounded_linked,2,14,6.180864,0.0057
131072,aligned_still,bounded_linked,2,15,5.8368,0.0058
131072,aligned_still,bounded_linked,2,16,5.84192,0.0057
131072,aligned_still,bounded_linked,2,17,5.988352,0.0056
131072,aligned_still,bounded_linked,2,18,5.828608,0.0056
131072,aligned_still,bounded_linked,2,19,6.126592,0.006
131072,aligned_still,bounded_linked,2,20,5.876736,0.0091
131072,aligned_still,bounded_linked,2,21,5.854208,0.0079
131072,aligned_still,bounded_linked,2,22,6.069248,0.008
131072,aligned_still,bounded_linked,2,23,5.788672,0.0076
131072,aligned_still,bounded_linked,2,24,6.079488,0.0078
131072,aligned_still,bounded_linked,2,25,5.950464,0.0074
131072,aligned_still,bounded_linked,2,26,6.117376,0.0084
131072,aligned_still,bounded_linked,2,27,5.886976,0.008
131072,aligned_still,bounded_linked,2,28,5.8112,0.0129
131072,aligned_still,bounded_linked,2,29,6.035456,0.0082
131072,aligned_still,bounded_linked,2,30,5.80096,0.008
131072,aligned_still,bounded_linked,2,31,6.070272,0.0079
131072,aligned_still,bounded_linked,2,32,5.832704,0.0121
131072,aligned_still,bounded_linked,2,33,6.299648,0.0077
131072,aligned_still,bounded_linked,2,34,5.849088,0.0122
131072,aligned_still,bounded_linked,2,35,5.814272,0.0071
131072,aligned_still,bounded_linked,2,36,6.05696,0.0079
131072,aligned_still,bounded_linked,2,37,5.827584,0.0076
131072,aligned_still,bounded_linked,2,38,5.996544,0.0122
131072,aligned_still,bounded_linked,2,39,5.819392,0.0082
131072,aligned_still,exact_ranges,2,0,7.86944,0.0212
131072,aligned_still,exact_ranges,2,1,7.926784,0.007
131072,aligned_still,exact_ranges,2,2,7.757824,0.0067
131072,aligned_still,exact_ranges,2,3,7.96672,0.0069
131072,aligned_still,exact_ranges,2,4,8.091648,0.0067
131072,aligned_still,exact_ranges,2,5,7.914496,0.0066
131072,aligned_still,exact_ranges,2,6,8.05376,0.0066
131072,aligned_still,exact_ranges,2,7,8.07936,0.0067
131072,aligned_still,exact_ranges,2,8,8.050688,0.0065
131072,aligned_still,exact_ranges,2,9,7.97696,0.0067
131072,aligned_still,exact_ranges,2,10,7.984128,0.0066
131072,aligned_still,exact_ranges,2,11,7.954432,0.0068
131072,aligned_still,exact_ranges,2,12,8.02304,0.0066
131072,aligned_still,exact_ranges,2,13,7.908352,0.0069
131072,aligned_still,exact_ranges,2,14,7.885824,0.0067
131072,aligned_still,exact_ranges,2,15,8.035328,0.0065
131072,aligned_still,exact_ranges,2,16,7.979008,0.0069
131072,aligned_still,exact_ranges,2,17,7.852032,0.0068
131072,aligned_still,exact_ranges,2,18,8.024064,0.0066
131072,aligned_still,exact_ranges,2,19,8.029184,0.0067
131072,aligned_still,exact_ranges,2,20,7.998464,0.0067
131072,aligned_still,exact_ranges,2,21,7.955456,0.0067
131072,aligned_still,exact_ranges,2,22,8.199168,0.0069
131072,aligned_still,exact_ranges,2,23,8.070144,0.0065
131072,aligned_still,exact_ranges,2,24,7.937024,0.0067
131072,aligned_still,exact_ranges,2,25,7.878656,0.0067
131072,aligned_still,exact_ranges,2,26,8.180736,0.0069
131072,aligned_still,exact_ranges,2,27,8.113152,0.0066
131072,aligned_still,exact_ranges,2,28,8.018944,0.0111
131072,aligned_still,exact_ranges,2,29,8.231936,0.0066
131072,aligned_still,exact_ranges,2,30,7.9616,0.0065
131072,aligned_still,exact_ranges,2,31,8.518656,0.0067
131072,aligned_still,exact_ranges,2,32,7.897088,0.0069
131072,aligned_still,exact_ranges,2,33,8.177664,0.0069
131072,aligned_still,exact_ranges,2,34,8.129536,0.0067
131072,aligned_still,exact_ranges,2,35,8.068096,0.0068
131072,aligned_still,exact_ranges,2,36,7.994368,0.0068
131072,aligned_still,exact_ranges,2,37,7.947264,0.0074
131072,aligned_still,exact_ranges,2,38,8.133632,0.0068
131072,aligned_still,exact_ranges,2,39,8.070144,0.0069
131072,aligned_still,linked,2,0,5.507072,0.0077
131072,aligned_still,linked,2,1,5.763072,0.0044
131072,aligned_still,linked,2,2,5.479424,0.0043
131072,aligned_still,linked,2,3,5.67808,0.0039
131072,aligned_still,linked,2,4,5.4528,0.0042
131072,aligned_still,linked,2,5,5.395456,0.0043
131072,aligned_still,linked,2,6,5.369856,0.0039
131072,aligned_still,linked,2,7,5.736448,0.0043
131072,aligned_still,linked,2,8,5.41696,0.004
131072,aligned_still,linked,2,9,5.433344,0.004
131072,aligned_still,linked,2,10,5.618688,0.0047
131072,aligned_still,linked,2,11,5.536768,0.0039
131072,aligned_still,linked,2,12,5.522432,0.0042
131072,aligned_still,linked,2,13,5.731328,0.0039
131072,aligned_still,linked,2,14,5.482496,0.0041
131072,aligned_still,linked,2,15,5.460992,0.0039
131072,aligned_still,linked,2,16,5.671936,0.0047
131072,aligned_still,linked,2,17,5.423104,0.004
131072,aligned_still,linked,2,18,5.494784,0.0041
131072,aligned_still,linked,2,19,5.79584,0.0045
131072,aligned_still,linked,2,20,5.532672,0.004
131072,aligned_still,linked,2,21,5.467136,0.004
131072,aligned_still,linked,2,22,5.668864,0.0041
131072,aligned_still,linked,2,23,5.499904,0.004
131072,aligned_still,linked,2,24,5.695488,0.0042
131072,aligned_still,linked,2,25,5.80096,0.004
131072,aligned_still,linked,2,26,5.456896,0.0042
131072,aligned_still,linked,2,27,5.451776,0.0041
131072,aligned_still,linked,2,28,5.655552,0.0044
131072,aligned_still,linked,2,29,5.474304,0.004
131072,aligned_still,linked,2,30,5.466112,0.004
131072,aligned_still,linked,2,31,5.752832,0.0048
131072,aligned_still,linked,2,32,5.47328,0.0039
131072,aligned_still,linked,2,33,5.460992,0.004
131072,aligned_still,linked,2,34,5.71392,0.004
131072,aligned_still,linked,2,35,5.583872,0.0039
131072,aligned_still,linked,2,36,5.497856,0.0068
131072,aligned_still,linked,2,37,5.755904,0.0026
131072,aligned_still,linked,2,38,5.517312,0.0023
131072,aligned_still,linked,2,39,5.466112,0.0019
131072,aligned_still,exact_ranges,3,0,8.055808,0.0195
131072,aligned_still,exact_ranges,3,1,8.065024,0.007
131072,aligned_still,exact_ranges,3,2,8.06912,0.0071
131072,aligned_still,exact_ranges,3,3,8.045568,0.0083
131072,aligned_still,exact_ranges,3,4,7.899136,0.0068
131072,aligned_still,exact_ranges,3,5,8.042496,0.0065
131072,aligned_still,exact_ranges,3,6,8.065024,0.0073
131072,aligned_still,exact_ranges,3,7,8.056832,0.0067
131072,aligned_still,exact_ranges,3,8,8.008704,0.0067
131072,aligned_still,exact_ranges,3,9,7.873536,0.0067
131072,aligned_still,exact_ranges,3,10,8.070144,0.0066
131072,aligned_still,exact_ranges,3,11,8.022016,0.0068
131072,aligned_still,exact_ranges,3,12,7.97696,0.0066
131072,aligned_still,exact_ranges,3,13,7.969792,0.0071
131072,aligned_still,exact_ranges,3,14,8.076288,0.0067
131072,aligned_still,exact_ranges,3,15,8.153088,0.0069
131072,aligned_still,exact_ranges,3,16,8.072192,0.0069
131072,aligned_still,exact_ranges,3,17,7.86944,0.0066
131072,aligned_still,exact_ranges,3,18,8.092672,0.0066
131072,aligned_still,exact_ranges,3,19,7.999488,0.0069
131072,aligned_still,exact_ranges,3,20,7.99744,0.0168
131072,aligned_still,exact_ranges,3,21,8.040448,0.0088
131072,aligned_still,exact_ranges,3,22,7.89504,0.0071
131072,aligned_still,exact_ranges,3,23,8.06912,0.0076
131072,aligned_still,exact_ranges,3,24,7.964672,0.0123
131072,aligned_still,exact_ranges,3,25,7.97696,0.0066
131072,aligned_still,exact_ranges,3,26,8.025088,0.007
131072,aligned_still,exact_ranges,3,27,8.014848,0.0068
131072,aligned_still,exact_ranges,3,28,8.05376,0.0065
131072,aligned_still,exact_ranges,3,29,7.980032,0.0068
131072,aligned_still,exact_ranges,3,30,7.967744,0.0068
131072,aligned_still,exact_ranges,3,31,8.117248,0.0105
131072,aligned_still,exact_ranges,3,32,8.086528,0.0066
131072,aligned_still,exact_ranges,3,33,8.029184,0.0069
131072,aligned_still,exact_ranges,3,34,7.842816,0.0066
131072,aligned_still,exact_ranges,3,35,8.072192,0.0067
131072,aligned_still,exact_ranges,3,36,7.98208,0.0067
131072,aligned_still,exact_ranges,3,37,8.013824,0.007
131072,aligned_still,exact_ranges,3,38,7.899136,0.0065
131072,aligned_still,exact_ranges,3,39,8.011776,0.0067
131072,aligned_still,linked,3,0,5.533696,0.0164
131072,aligned_still,linked,3,1,5.731328,0.0161
131072,aligned_still,linked,3,2,5.533696,0.0047
131072,aligned_still,linked,3,3,5.443584,0.0102
131072,aligned_still,linked,3,4,5.700608,0.0043
131072,aligned_still,linked,3,5,5.410816,0.0043
131072,aligned_still,linked,3,6,5.371904,0.0041
131072,aligned_still,linked,3,7,5.624832,0.004
131072,aligned_still,linked,3,8,5.4272,0.004
131072,aligned_still,linked,3,9,5.440512,0.0041
131072,aligned_still,linked,3,10,5.634048,0.004
131072,aligned_still,linked,3,11,5.4528,0.0041
131072,aligned_still,linked,3,12,5.479424,0.004
131072,aligned_still,linked,3,13,5.70368,0.0047
131072,aligned_still,linked,3,14,5.568512,0.0039
131072,aligned_still,linked,3,15,5.428224,0.004
131072,aligned_still,linked,3,16,5.71392,0.0046
131072,aligned_still,linked,3,17,5.466112,0.0043
131072,aligned_still,linked,3,18,5.449728,0.0038
131072,aligned_still,linked,3,19,5.788672,0.0041
131072,aligned_still,linked,3,20,5.527552,0.0042
131072,aligned_still,linked,3,21,5.536768,0.0039
131072,aligned_still,linked,3,22,5.684224,0.0044
131072,aligned_still,linked,3,23,5.541888,0.0041
131072,aligned_still,linked,3,24,5.4528,0.0043
131072,aligned_still,linked,3,25,5.645312,0.0041
131072,aligned_still,linked,3,26,5.53984,0.0042
131072,aligned_still,linked,3,27,5.446656,0.0042
131072,aligned_still,linked,3,28,5.658624,0.004
131072,aligned_still,linked,3,29,5.51936,0.0045
131072,aligned_still,linked,3,30,5.49376,0.0042
131072,aligned_still,linked,3,31,5.797888,0.0043
131072,aligned_still,linked,3,32,5.507072,0.004
131072,aligned_still,linked,3,33,5.44768,0.0039
131072,aligned_still,linked,3,34,5.66784,0.0044
131072,aligned_still,linked,3,35,5.471232,0.0042
131072,aligned_still,linked,3,36,5.456896,0.0041
131072,aligned_still,linked,3,37,5.738496,0.004
131072,aligned_still,linked,3,38,5.598208,0.0038
131072,aligned_still,linked,3,39,5.511168,0.0041
131072,aligned_still,bounded_linked,3,0,6.11328,0.017
131072,aligned_still,bounded_linked,3,1,5.890048,0.0091
131072,aligned_still,bounded_linked,3,2,5.891072,0.0047
131072,aligned_still,bounded_linked,3,3,6.255616,0.0047
131072,aligned_still,bounded_linked,3,4,5.854208,0.0046
131072,aligned_still,bounded_linked,3,5,6.033408,0.0174
131072,aligned_still,bounded_linked,3,6,5.878784,0.007
131072,aligned_still,bounded_linked,3,7,6.06208,0.0051
131072,aligned_still,bounded_linked,3,8,5.938176,0.0044
131072,aligned_still,bounded_linked,3,9,5.922816,0.0046
131072,aligned_still,bounded_linked,3,10,5.987328,0.0046
131072,aligned_still,bounded_linked,3,11,5.820416,0.0044
131072,aligned_still,bounded_linked,3,12,6.166528,0.0083
131072,aligned_still,bounded_linked,3,13,5.927936,0.0047
131072,aligned_still,bounded_linked,3,14,6.1952,0.0047
131072,aligned_still,bounded_linked,3,15,5.832704,0.0045
131072,aligned_still,bounded_linked,3,16,5.827584,0.0048
131072,aligned_still,bounded_linked,3,17,6.047744,0.0047
131072,aligned_still,bounded_linked,3,18,5.827584,0.0045
131072,aligned_still,bounded_linked,3,19,6.120448,0.0046
131072,aligned_still,bounded_linked,3,20,5.933056,0.0046
131072,aligned_still,bounded_linked,3,21,6.073344,0.0044
131072,aligned_still,bounded_linked,3,22,5.904384,0.0044
131072,aligned_still,bounded_linked,3,23,5.932032,0.0046
131072,aligned_still,bounded_linked,3,24,6.109184,0.0044
131072,aligned_still,bounded_linked,3,25,5.948416,0.0045
131072,aligned_still,bounded_linked,3,26,6.1184,0.0045
131072,aligned_still,bounded_linked,3,27,5.813248,0.0047
131072,aligned_still,bounded_linked,3,28,6.085632,0.0045
131072,aligned_still,bounded_linked,3,29,5.910528,0.0047
131072,aligned_still,bounded_linked,3,30,5.822464,0.0044
131072,aligned_still,bounded_linked,3,31,6.26176,0.0049
131072,aligned_still,bounded_linked,3,32,5.818368,0.0046
131072,aligned_still,bounded_linked,3,33,5.996544,0.0046
131072,aligned_still,bounded_linked,3,34,5.843968,0.0049
131072,aligned_still,bounded_linked,3,35,6.048768,0.0046
131072,aligned_still,bounded_linked,3,36,5.993472,0.0046
131072,aligned_still,bounded_linked,3,37,5.864448,0.0045
131072,aligned_still,bounded_linked,3,38,6.040576,0.0046
131072,aligned_still,bounded_linked,3,39,5.829632,0.0044
131072,staggered_still,linked,1,0,5.571584,0.0085
131072,staggered_still,linked,1,1,5.512192,0.0046
131072,staggered_still,linked,1,2,5.654528,0.0041
131072,staggered_still,linked,1,3,5.547008,0.0041
131072,staggered_still,linked,1,4,5.619712,0.0042
131072,staggered_still,linked,1,5,5.694464,0.0042
131072,staggered_still,linked,1,6,5.558272,0.0041
131072,staggered_still,linked,1,7,5.492736,0.0048
131072,staggered_still,linked,1,8,5.781504,0.0042
131072,staggered_still,linked,1,9,5.523456,0.0075
131072,staggered_still,linked,1,10,5.609472,0.0038
131072,staggered_still,linked,1,11,5.859328,0.004
131072,staggered_still,linked,1,12,5.603328,0.0044
131072,staggered_still,linked,1,13,5.559296,0.0042
131072,staggered_still,linked,1,14,5.7344,0.0041
131072,staggered_still,linked,1,15,5.5296,0.004
131072,staggered_still,linked,1,16,5.886976,0.0038
131072,staggered_still,linked,1,17,5.588992,0.0044
131072,staggered_still,linked,1,18,5.552128,0.0047
131072,staggered_still,linked,1,19,5.855232,0.0042
131072,staggered_still,linked,1,20,5.56032,0.0044
131072,staggered_still,linked,1,21,5.566464,0.0042
131072,staggered_still,linked,1,22,5.892096,0.0042
131072,staggered_still,linked,1,23,5.530624,0.0041
131072,staggered_still,linked,1,24,5.571584,0.0043
131072,staggered_still,linked,1,25,5.711872,0.0043
131072,staggered_still,linked,1,26,5.54496,0.0039
131072,staggered_still,linked,1,27,5.554176,0.0049
131072,staggered_still,linked,1,28,5.916672,0.0039
131072,staggered_still,linked,1,29,5.561344,0.0046
131072,staggered_still,linked,1,30,5.884928,0.0038
131072,staggered_still,linked,1,31,5.586944,0.0058
131072,staggered_still,linked,1,32,5.643264,0.0041
131072,staggered_still,linked,1,33,5.799936,0.004
131072,staggered_still,linked,1,34,5.644288,0.0043
131072,staggered_still,linked,1,35,5.548032,0.004
131072,staggered_still,linked,1,36,5.741568,0.0051
131072,staggered_still,linked,1,37,5.53984,0.003
131072,staggered_still,linked,1,38,5.56544,0.0043
131072,staggered_still,linked,1,39,5.922816,0.004
131072,staggered_still,bounded_linked,1,0,5.951488,0.0132
131072,staggered_still,bounded_linked,1,1,6.13376,0.0055
131072,staggered_still,bounded_linked,1,2,5.892096,0.0048
131072,staggered_still,bounded_linked,1,3,5.960704,0.0048
131072,staggered_still,bounded_linked,1,4,6.324224,0.0051
131072,staggered_still,bounded_linked,1,5,5.9648,0.0051
131072,staggered_still,bounded_linked,1,6,6.178816,0.005
131072,staggered_still,bounded_linked,1,7,5.900288,0.0054
131072,staggered_still,bounded_linked,1,8,6.094848,0.0046
131072,staggered_still,bounded_linked,1,9,5.983232,0.0046
131072,staggered_still,bounded_linked,1,10,6.137856,0.0045
131072,staggered_still,bounded_linked,1,11,6.030336,0.0044
131072,staggered_still,bounded_linked,1,12,6.224896,0.0048
131072,staggered_still,bounded_linked,1,13,6.004736,0.0047
131072,staggered_still,bounded_linked,1,14,6.00064,0.0048
131072,staggered_still,bounded_linked,1,15,6.31808,0.0044
131072,staggered_still,bounded_linked,1,16,5.925888,0.0046
131072,staggered_still,bounded_linked,1,17,6.170624,0.0047
131072,staggered_still,bounded_linked,1,18,5.940224,0.0047
131072,staggered_still,bounded_linked,1,19,6.107136,0.0046
131072,staggered_still,bounded_linked,1,20,6.012928,0.0047
131072,staggered_still,bounded_linked,1,21,6.145024,0.0045
131072,staggered_still,bounded_linked,1,22,5.943296,0.0047
131072,staggered_still,bounded_linked,1,23,6.185984,0.0046
131072,staggered_still,bounded_linked,1,24,5.967872,0.0044
131072,staggered_still,bounded_linked,1,25,5.891072,0.0047
131072,staggered_still,bounded_linked,1,26,6.305792,0.0046
131072,staggered_still,bounded_linked,1,27,5.90848,0.0045
131072,staggered_still,bounded_linked,1,28,6.08768,0.0045
131072,staggered_still,bounded_linked,1,29,5.869568,0.0046
131072,staggered_still,bounded_linked,1,30,6.13888,0.0046
131072,staggered_still,bounded_linked,1,31,6.025216,0.0049
131072,staggered_still,bounded_linked,1,32,6.218752,0.0046
131072,staggered_still,bounded_linked,1,33,5.938176,0.0046
131072,staggered_still,bounded_linked,1,34,5.907456,0.0047
131072,staggered_still,bounded_linked,1,35,6.140928,0.0045
131072,staggered_still,bounded_linked,1,36,5.963776,0.0052
131072,staggered_still,bounded_linked,1,37,6.2208,0.0046
131072,staggered_still,bounded_linked,1,38,5.97504,0.0046
131072,staggered_still,bounded_linked,1,39,6.11328,0.005
131072,staggered_still,exact_ranges,1,0,8.031232,0.0192
131072,staggered_still,exact_ranges,1,1,8.02816,0.007
131072,staggered_still,exact_ranges,1,2,8.03328,0.0075
131072,staggered_still,exact_ranges,1,3,8.05888,0.0067
131072,staggered_still,exact_ranges,1,4,8.072192,0.008
131072,staggered_still,exact_ranges,1,5,8.154112,0.0065
131072,staggered_still,exact_ranges,1,6,7.908352,0.0066
131072,staggered_still,exact_ranges,1,7,7.959552,0.0071
131072,staggered_still,exact_ranges,1,8,8.087552,0.0066
131072,staggered_still,exact_ranges,1,9,8.137728,0.0084
131072,staggered_still,exact_ranges,1,10,8.15616,0.0065
131072,staggered_still,exact_ranges,1,11,8.209408,0.0072
131072,staggered_still,exact_ranges,1,12,7.931904,0.0066
131072,staggered_still,exact_ranges,1,13,8.213504,0.0069
131072,staggered_still,exact_ranges,1,14,8.119296,0.007
131072,staggered_still,exact_ranges,1,15,8.070144,0.0066
131072,staggered_still,exact_ranges,1,16,8.056832,0.0072
131072,staggered_still,exact_ranges,1,17,8.109056,0.0065
131072,staggered_still,exact_ranges,1,18,8.127488,0.0072
131072,staggered_still,exact_ranges,1,19,8.029184,0.0068
131072,staggered_still,exact_ranges,1,20,8.065024,0.0065
131072,staggered_still,exact_ranges,1,21,8.097792,0.0064
131072,staggered_still,exact_ranges,1,22,8.100864,0.0115
131072,staggered_still,exact_ranges,1,23,7.93088,0.0068
131072,staggered_still,exact_ranges,1,24,7.999488,0.0065
131072,staggered_still,exact_ranges,1,25,8.091648,0.0067
131072,staggered_still,exact_ranges,1,26,7.853056,0.0072
131072,staggered_still,exact_ranges,1,27,8.144896,0.0069
131072,staggered_still,exact_ranges,1,28,8.159232,0.0066
131072,staggered_still,exact_ranges,1,29,8.154112,0.023
131072,staggered_still,exact_ranges,1,30,8.247296,0.0069
131072,staggered_still,exact_ranges,1,31,8.137728,0.0066
131072,staggered_still,exact_ranges,1,32,7.965696,0.0074
131072,staggered_still,exact_ranges,1,33,7.947264,0.0068
131072,staggered_still,exact_ranges,1,34,8.18176,0.0067
131072,staggered_still,exact_ranges,1,35,8.129536,0.0068
131072,staggered_still,exact_ranges,1,36,8.015872,0.0068
131072,staggered_still,exact_ranges,1,37,7.929856,0.0068
131072,staggered_still,exact_ranges,1,38,8.072192,0.0067
131072,staggered_still,exact_ranges,1,39,8.09984,0.007
131072,staggered_still,bounded_linked,2,0,6.017024,0.0126
131072,staggered_still,bounded_linked,2,1,6.001664,0.005
131072,staggered_still,bounded_linked,2,2,6.2976,0.0047
131072,staggered_still,bounded_linked,2,3,6.03136,0.005
131072,staggered_still,bounded_linked,2,4,6.117376,0.0047
131072,staggered_still,bounded_linked,2,5,5.890048,0.005
131072,staggered_still,bounded_linked,2,6,6.22592,0.0046
131072,staggered_still,bounded_linked,2,7,6.161408,0.0048
131072,staggered_still,bounded_linked,2,8,6.089728,0.0049
131072,staggered_still,bounded_linked,2,9,5.89824,0.0045
131072,staggered_still,bounded_linked,2,10,6.165504,0.0046
131072,staggered_still,bounded_linked,2,11,5.907456,0.0046
131072,staggered_still,bounded_linked,2,12,5.950464,0.0046
131072,staggered_still,bounded_linked,2,13,6.265856,0.0048
131072,staggered_still,bounded_linked,2,14,5.901312,0.0046
131072,staggered_still,bounded_linked,2,15,6.069248,0.0044
131072,staggered_still,bounded_linked,2,16,5.890048,0.0045
131072,staggered_still,bounded_linked,2,17,6.091776,0.0046
131072,staggered_still,bounded_linked,2,18,5.9136,0.0047
131072,staggered_still,bounded_linked,2,19,6.230016,0.0046
131072,staggered_still,bounded_linked,2,20,6.040576,0.0047
131072,staggered_still,bounded_linked,2,21,5.950464,0.006
131072,staggered_still,bounded_linked,2,22,6.09792,0.0048
131072,staggered_still,bounded_linked,2,23,5.875712,0.005
131072,staggered_still,bounded_linked,2,24,6.170624,0.0046
131072,staggered_still,bounded_linked,2,25,5.894144,0.0047
131072,staggered_still,bounded_linked,2,26,6.048768,0.0047
131072,staggered_still,bounded_linked,2,27,5.881856,0.0047
131072,staggered_still,bounded_linked,2,28,6.168576,0.0047
131072,staggered_still,bounded_linked,2,29,5.99552,0.0046
131072,staggered_still,bounded_linked,2,30,5.972992,0.0044
131072,staggered_still,bounded_linked,2,31,6.096896,0.0056
131072,staggered_still,bounded_linked,2,32,5.870592,0.0046
131072,staggered_still,bounded_linked,2,33,6.098944,0.0086
131072,staggered_still,bounded_linked,2,34,5.90336,0.0047
131072,staggered_still,bounded_linked,2,35,6.17472,0.0047
131072,staggered_still,bounded_linked,2,36,5.974016,0.0047
131072,staggered_still,bounded_linked,2,37,5.854208,0.0051
131072,staggered_still,bounded_linked,2,38,6.13888,0.0048
131072,staggered_still,bounded_linked,2,39,5.896192,0.0046
131072,staggered_still,exact_ranges,2,0,7.998464,0.0236
131072,staggered_still,exact_ranges,2,1,7.969792,0.0075
131072,staggered_still,exact_ranges,2,2,8.018944,0.007
131072,staggered_still,exact_ranges,2,3,7.972864,0.0068
131072,staggered_still,exact_ranges,2,4,7.97184,0.0074
131072,staggered_still,exact_ranges,2,5,7.923712,0.0067
131072,staggered_still,exact_ranges,2,6,8.01792,0.0067
131072,staggered_still,exact_ranges,2,7,7.757824,0.0068
131072,staggered_still,exact_ranges,2,8,8.179712,0.0066
131072,staggered_still,exact_ranges,2,9,8.06912,0.0065
131072,staggered_still,exact_ranges,2,10,8.292352,0.0066
131072,staggered_still,exact_ranges,2,11,7.999488,0.0069
131072,staggered_still,exact_ranges,2,12,8.056832,0.0069
131072,staggered_still,exact_ranges,2,13,7.957504,0.0069
131072,staggered_still,exact_ranges,2,14,8.092672,0.007
131072,staggered_still,exact_ranges,2,15,8.009728,0.0066
131072,staggered_still,exact_ranges,2,16,8.051712,0.0072
131072,staggered_still,exact_ranges,2,17,7.892992,0.0069
131072,staggered_still,exact_ranges,2,18,8.064,0.0068
131072,staggered_still,exact_ranges,2,19,8.097792,0.0066
131072,staggered_still,exact_ranges,2,20,8.296448,0.0067
131072,staggered_still,exact_ranges,2,21,8.270848,0.0068
131072,staggered_still,exact_ranges,2,22,8.261632,0.0068
131072,staggered_still,exact_ranges,2,23,8.211456,0.0068
131072,staggered_still,exact_ranges,2,24,7.939072,0.0068
131072,staggered_still,exact_ranges,2,25,8.213504,0.0067
131072,staggered_still,exact_ranges,2,26,8.066048,0.0065
131072,staggered_still,exact_ranges,2,27,8.196096,0.0068
131072,staggered_still,exact_ranges,2,28,8.1408,0.0068
131072,staggered_still,exact_ranges,2,29,8.159232,0.0067
131072,staggered_still,exact_ranges,2,30,8.213504,0.0067
131072,staggered_still,exact_ranges,2,31,8.095744,0.0072
131072,staggered_still,exact_ranges,2,32,8.107008,0.0066
131072,staggered_still,exact_ranges,2,33,8.12032,0.0067
131072,staggered_still,exact_ranges,2,34,8.288256,0.0066
131072,staggered_still,exact_ranges,2,35,8.188928,0.0067
131072,staggered_still,exact_ranges,2,36,8.07936,0.0067
131072,staggered_still,exact_ranges,2,37,8.095744,0.0067
131072,staggered_still,exact_ranges,2,38,7.957504,0.0065
131072,staggered_still,exact_ranges,2,39,8.092672,0.0068
131072,staggered_still,linked,2,0,5.60128,0.0126
131072,staggered_still,linked,2,1,5.705728,0.0047
131072,staggered_still,linked,2,2,5.551104,0.0044
131072,staggered_still,linked,2,3,5.614592,0.0086
131072,staggered_still,linked,2,4,5.72928,0.0081
131072,staggered_still,linked,2,5,5.566464,0.0044
131072,staggered_still,linked,2,6,5.507072,0.0043
131072,staggered_still,linked,2,7,5.777408,0.0044
131072,staggered_still,linked,2,8,5.581824,0.0043
131072,staggered_still,linked,2,9,5.850112,0.0041
131072,staggered_still,linked,2,10,5.559296,0.0045
131072,staggered_still,linked,2,11,5.586944,0.0041
131072,staggered_still,linked,2,12,5.76512,0.0044
131072,staggered_still,linked,2,13,5.501952,0.0041
131072,staggered_still,linked,2,14,5.59616,0.0046
131072,staggered_still,linked,2,15,5.919744,0.0045
131072,staggered_still,linked,2,16,5.669888,0.004
131072,staggered_still,linked,2,17,5.563392,0.0052
131072,staggered_still,linked,2,18,5.71392,0.0042
131072,staggered_still,linked,2,19,5.61664,0.0052
131072,staggered_still,linked,2,20,5.52448,0.0041
131072,staggered_still,linked,2,21,5.846016,0.0042
131072,staggered_still,linked,2,22,5.569536,0.0042
131072,staggered_still,linked,2,23,5.912576,0.0043
131072,staggered_still,linked,2,24,5.628928,0.0042
131072,staggered_still,linked,2,25,5.659648,0.0043
131072,staggered_still,linked,2,26,5.830656,0.0042
131072,staggered_still,linked,2,27,5.554176,0.0042
131072,staggered_still,linked,2,28,5.538816,0.0048
131072,staggered_still,linked,2,29,5.72416,0.0039
131072,staggered_still,linked,2,30,5.572608,0.005
131072,staggered_still,linked,2,31,5.617664,0.004
131072,staggered_still,linked,2,32,5.753856,0.0104
131072,staggered_still,linked,2,33,5.607424,0.0041
131072,staggered_still,linked,2,34,5.870592,0.0044
131072,staggered_still,linked,2,35,5.60128,0.0046
131072,staggered_still,linked,2,36,5.576704,0.0041
131072,staggered_still,linked,2,37,5.87776,0.0045
131072,staggered_still,linked,2,38,5.639168,0.0041
131072,staggered_still,linked,2,39,5.607424,0.0044
131072,staggered_still,exact_ranges,3,0,8.165376,0.0152
131072,staggered_still,exact_ranges,3,1,7.99232,0.0073
131072,staggered_still,exact_ranges,3,2,8.109056,0.0069
131072,staggered_still,exact_ranges,3,3,7.954432,0.0069
131072,staggered_still,exact_ranges,3,4,8.122368,0.0067
131072,staggered_still,exact_ranges,3,5,8.01792,0.0066
131072,staggered_still,exact_ranges,3,6,7.947264,0.0064
131072,staggered_still,exact_ranges,3,7,7.849984,0.0067
131072,staggered_still,exact_ranges,3,8,8.037376,0.0068
131072,staggered_still,exact_ranges,3,9,8.133632,0.013
131072,staggered_still,exact_ranges,3,10,8.267776,0.0068
131072,staggered_still,exact_ranges,3,11,8.170496,0.0068
131072,staggered_still,exact_ranges,3,12,7.846912,0.0071
131072,staggered_still,exact_ranges,3,13,8.113152,0.0067
131072,staggered_still,exact_ranges,3,14,8.170496,0.008
131072,staggered_still,exact_ranges,3,15,8.11008,0.0065
131072,staggered_still,exact_ranges,3,16,7.903232,0.0066
131072,staggered_still,exact_ranges,3,17,7.991296,0.0066
131072,staggered_still,exact_ranges,3,18,8.354816,0.0071
131072,staggered_still,exact_ranges,3,19,8.183808,0.0075
131072,staggered_still,exact_ranges,3,20,8.107008,0.006
131072,staggered_still,exact_ranges,3,21,8.163328,0.0086
131072,staggered_still,exact_ranges,3,22,8.026112,0.0072
131072,staggered_still,exact_ranges,3,23,7.968768,0.0074
131072,staggered_still,exact_ranges,3,24,8.035328,0.0077
131072,staggered_still,exact_ranges,3,25,8.111104,0.0074
131072,staggered_still,exact_ranges,3,26,8.16128,0.0077
131072,staggered_still,exact_ranges,3,27,8.307712,0.0081
131072,staggered_still,exact_ranges,3,28,7.9616,0.0073
131072,staggered_still,exact_ranges,3,29,8.224768,0.0076
131072,staggered_still,exact_ranges,3,30,8.054784,0.008
131072,staggered_still,exact_ranges,3,31,8.327168,0.0075
131072,staggered_still,exact_ranges,3,32,8.244224,0.0073
131072,staggered_still,exact_ranges,3,33,8.157184,0.0077
131072,staggered_still,exact_ranges,3,34,8.224768,0.0073
131072,staggered_still,exact_ranges,3,35,8.147968,0.0099
131072,staggered_still,exact_ranges,3,36,8.10496,0.0077
131072,staggered_still,exact_ranges,3,37,8.06912,0.0081
131072,staggered_still,exact_ranges,3,38,8.13568,0.0073
131072,staggered_still,exact_ranges,3,39,8.211456,0.0074
131072,staggered_still,linked,3,0,5.891072,0.0139
131072,staggered_still,linked,3,1,5.622784,0.0047
131072,staggered_still,linked,3,2,5.469184,0.0043
131072,staggered_still,linked,3,3,5.661696,0.0041
131072,staggered_still,linked,3,4,5.63712,0.0092
131072,staggered_still,linked,3,5,5.553152,0.0042
131072,staggered_still,linked,3,6,5.914624,0.004
131072,staggered_still,linked,3,7,5.638144,0.0046
131072,staggered_still,linked,3,8,5.889024,0.0042
131072,staggered_still,linked,3,9,5.62176,0.0039
131072,staggered_still,linked,3,10,5.609472,0.004
131072,staggered_still,linked,3,11,5.809152,0.0046
131072,staggered_still,linked,3,12,5.68832,0.0042
131072,staggered_still,linked,3,13,5.599232,0.0042
131072,staggered_still,linked,3,14,5.764096,0.0039
131072,staggered_still,linked,3,15,5.547008,0.0043
131072,staggered_still,linked,3,16,5.602304,0.004
131072,staggered_still,linked,3,17,5.71904,0.0041
131072,staggered_still,linked,3,18,5.610496,0.004
131072,staggered_still,linked,3,19,5.593088,0.0043
131072,staggered_still,linked,3,20,5.789696,0.0051
131072,staggered_still,linked,3,21,5.537792,0.0046
131072,staggered_still,linked,3,22,5.727232,0.0046
131072,staggered_still,linked,3,23,5.533696,0.004
131072,staggered_still,linked,3,24,5.59616,0.0042
131072,staggered_still,linked,3,25,5.805056,0.0041
131072,staggered_still,linked,3,26,5.6064,0.0041
131072,staggered_still,linked,3,27,5.640192,0.0043
131072,staggered_still,linked,3,28,5.75488,0.0039
131072,staggered_still,linked,3,29,5.617664,0.0046
131072,staggered_still,linked,3,30,5.65248,0.004
131072,staggered_still,linked,3,31,5.751808,0.0042
131072,staggered_still,linked,3,32,5.561344,0.0041
131072,staggered_still,linked,3,33,5.610496,0.0041
131072,staggered_still,linked,3,34,5.746688,0.0046
131072,staggered_still,linked,3,35,5.541888,0.0039
131072,staggered_still,linked,3,36,6.028288,0.0052
131072,staggered_still,linked,3,37,5.567488,0.0041
131072,staggered_still,linked,3,38,5.6064,0.0043
131072,staggered_still,linked,3,39,5.779456,0.0043
131072,staggered_still,bounded_linked,3,0,6.294528,0.0137
131072,staggered_still,bounded_linked,3,1,5.93408,0.0052
131072,staggered_still,bounded_linked,3,2,6.070272,0.0046
131072,staggered_still,bounded_linked,3,3,5.996544,0.0052
131072,staggered_still,bounded_linked,3,4,5.938176,0.0047
131072,staggered_still,bounded_linked,3,5,6.078464,0.0046
131072,staggered_still,bounded_linked,3,6,6.003712,0.0048
131072,staggered_still,bounded_linked,3,7,6.20544,0.0048
131072,staggered_still,bounded_linked,3,8,5.926912,0.0058
131072,staggered_still,bounded_linked,3,9,6.2208,0.0051
131072,staggered_still,bounded_linked,3,10,6.04672,0.0075
131072,staggered_still,bounded_linked,3,11,6.207488,0.0049
131072,staggered_still,bounded_linked,3,12,6.131712,0.0046
131072,staggered_still,bounded_linked,3,13,6.165504,0.0046
131072,staggered_still,bounded_linked,3,14,5.978112,0.0171
131072,staggered_still,bounded_linked,3,15,5.963776,0.0029
131072,staggered_still,bounded_linked,3,16,6.137856,0.0025
131072,staggered_still,bounded_linked,3,17,5.979136,0.0023
131072,staggered_still,bounded_linked,3,18,6.30784,0.0019
131072,staggered_still,bounded_linked,3,19,5.881856,0.0021
131072,staggered_still,bounded_linked,3,20,6.038528,0.0025
131072,staggered_still,bounded_linked,3,21,5.933056,0.003
131072,staggered_still,bounded_linked,3,22,6.262784,0.0035
131072,staggered_still,bounded_linked,3,23,5.984256,0.0029
131072,staggered_still,bounded_linked,3,24,5.927936,0.0027
131072,staggered_still,bounded_linked,3,25,6.135808,0.0025
131072,staggered_still,bounded_linked,3,26,5.897216,0.0076
131072,staggered_still,bounded_linked,3,27,6.209536,0.0045
131072,staggered_still,bounded_linked,3,28,6.009856,0.0047
131072,staggered_still,bounded_linked,3,29,6.093824,0.0048
131072,staggered_still,bounded_linked,3,30,5.878784,0.0052
131072,staggered_still,bounded_linked,3,31,6.10816,0.0048
131072,staggered_still,bounded_linked,3,32,5.879808,0.0045
131072,staggered_still,bounded_linked,3,33,5.853184,0.0047
131072,staggered_still,bounded_linked,3,34,6.212608,0.0048
131072,staggered_still,bounded_linked,3,35,5.962752,0.0046
131072,staggered_still,bounded_linked,3,36,6.125568,0.0048
131072,staggered_still,bounded_linked,3,37,5.891072,0.005
131072,staggered_still,bounded_linked,3,38,6.07744,0.0046
131072,staggered_still,bounded_linked,3,39,6.017024,0.0051
131072,staggered_driven,linked,1,0,6.116352,0.0179
131072,staggered_driven,linked,1,1,5.803008,0.005
131072,staggered_driven,linked,1,2,5.894144,0.0057
131072,staggered_driven,linked,1,3,5.773312,0.0045
131072,staggered_driven,linked,1,4,5.971968,0.0057
131072,staggered_driven,linked,1,5,5.737472,0.0049
131072,staggered_driven,linked,1,6,5.723136,0.0048
131072,staggered_driven,linked,1,7,5.96992,0.0042
131072,staggered_driven,linked,1,8,5.761024,0.0048
131072,staggered_driven,linked,1,9,6.047744,0.0045
131072,staggered_driven,linked,1,10,5.766144,0.0033
131072,staggered_driven,linked,1,11,5.76512,0.0051
131072,staggered_driven,linked,1,12,6.01088,0.0048
131072,staggered_driven,linked,1,13,5.727232,0.0043
131072,staggered_driven,linked,1,14,5.886976,0.0048
131072,staggered_driven,linked,1,15,5.73952,0.005
131072,staggered_driven,linked,1,16,5.7344,0.0047
131072,staggered_driven,linked,1,17,6.001664,0.0045
131072,staggered_driven,linked,1,18,5.740544,0.0046
131072,staggered_driven,linked,1,19,6.019072,0.0043
131072,staggered_driven,linked,1,20,5.699584,0.0047
131072,staggered_driven,linked,1,21,5.638144,0.0058
131072,staggered_driven,linked,1,22,6.011904,0.0046
131072,staggered_driven,linked,1,23,5.80096,0.0135
131072,staggered_driven,linked,1,24,5.943296,0.005
131072,staggered_driven,linked,1,25,5.72928,0.0047
131072,staggered_driven,linked,1,26,5.76512,0.0045
131072,staggered_driven,linked,1,27,5.962752,0.0046
131072,staggered_driven,linked,1,28,5.756928,0.0049
131072,staggered_driven,linked,1,29,6.069248,0.0053
131072,staggered_driven,linked,1,30,5.689344,0.0049
131072,staggered_driven,linked,1,31,5.689344,0.0051
131072,staggered_driven,linked,1,32,5.883904,0.0045
131072,staggered_driven,linked,1,33,5.700608,0.0049
131072,staggered_driven,linked,1,34,5.684224,0.0048
131072,staggered_driven,linked,1,35,5.942272,0.0058
131072,staggered_driven,linked,1,36,5.654528,0.0058
131072,staggered_driven,linked,1,37,5.869568,0.0062
131072,staggered_driven,linked,1,38,5.768192,0.0061
131072,staggered_driven,linked,1,39,5.695488,0.0059
131072,staggered_driven,bounded_linked,1,0,6.083584,0.0198
131072,staggered_driven,bounded_linked,1,1,6.32832,0.0058
131072,staggered_driven,bounded_linked,1,2,6.127616,0.0055
131072,staggered_driven,bounded_linked,1,3,6.424576,0.0052
131072,staggered_driven,bounded_linked,1,4,6.071296,0.0051
131072,staggered_driven,bounded_linked,1,5,6.311936,0.0052
131072,staggered_driven,bounded_linked,1,6,6.032384,0.005
131072,staggered_driven,bounded_linked,1,7,6.298624,0.0051
131072,staggered_driven,bounded_linked,1,8,6.12864,0.0048
131072,staggered_driven,bounded_linked,1,9,6.331392,0.005
131072,staggered_driven,bounded_linked,1,10,6.099968,0.0051
131072,staggered_driven,bounded_linked,1,11,6.255616,0.0052
131072,staggered_driven,bounded_linked,1,12,6.096896,0.0052
131072,staggered_driven,bounded_linked,1,13,6.301696,0.0051
131072,staggered_driven,bounded_linked,1,14,6.047744,0.005
131072,staggered_driven,bounded_linked,1,15,6.211584,0.0049
131072,staggered_driven,bounded_linked,1,16,6.003712,0.005
131072,staggered_driven,bounded_linked,1,17,6.296576,0.0095
131072,staggered_driven,bounded_linked,1,18,6.074368,0.0055
131072,staggered_driven,bounded_linked,1,19,6.162432,0.0051
131072,staggered_driven,bounded_linked,1,20,6.368256,0.0051
131072,staggered_driven,bounded_linked,1,21,6.349824,0.0125
131072,staggered_driven,bounded_linked,1,22,6.115328,0.0053
131072,staggered_driven,bounded_linked,1,23,6.360064,0.0053
131072,staggered_driven,bounded_linked,1,24,6.106112,0.0049
131072,staggered_driven,bounded_linked,1,25,6.354944,0.0054
131072,staggered_driven,bounded_linked,1,26,6.08768,0.0051
131072,staggered_driven,bounded_linked,1,27,5.998592,0.0052
131072,staggered_driven,bounded_linked,1,28,6.391808,0.005
131072,staggered_driven,bounded_linked,1,29,6.045696,0.005
131072,staggered_driven,bounded_linked,1,30,6.391808,0.0051
131072,staggered_driven,bounded_linked,1,31,6.068224,0.0048
131072,staggered_driven,bounded_linked,1,32,6.38464,0.0053
131072,staggered_driven,bounded_linked,1,33,6.096896,0.0058
131072,staggered_driven,bounded_linked,1,34,6.247424,0.005
131072,staggered_driven,bounded_linked,1,35,6.080512,0.0056
131072,staggered_driven,bounded_linked,1,36,6.255616,0.005
131072,staggered_driven,bounded_linked,1,37,6.071296,0.0051
131072,staggered_driven,bounded_linked,1,38,6.335488,0.0048
131072,staggered_driven,bounded_linked,1,39,6.043648,0.005
131072,staggered_driven,exact_ranges,1,0,8.282112,0.0199
131072,staggered_driven,exact_ranges,1,1,8.226816,0.0074
131072,staggered_driven,exact_ranges,1,2,8.231936,0.0075
131072,staggered_driven,exact_ranges,1,3,8.18688,0.007
131072,staggered_driven,exact_ranges,1,4,8.160256,0.0071
131072,staggered_driven,exact_ranges,1,5,8.119296,0.0069
131072,staggered_driven,exact_ranges,1,6,8.046592,0.0078
131072,staggered_driven,exact_ranges,1,7,8.004608,0.0069
131072,staggered_driven,exact_ranges,1,8,8.057856,0.0118
131072,staggered_driven,exact_ranges,1,9,8.169472,0.0069
131072,staggered_driven,exact_ranges,1,10,7.924736,0.0072
131072,staggered_driven,exact_ranges,1,11,8.423424,0.007
131072,staggered_driven,exact_ranges,1,12,8.005632,0.0072
131072,staggered_driven,exact_ranges,1,13,8.216576,0.0072
131072,staggered_driven,exact_ranges,1,14,8.2432,0.0076
131072,staggered_driven,exact_ranges,1,15,8.220672,0.0069
131072,staggered_driven,exact_ranges,1,16,8.254464,0.007
131072,staggered_driven,exact_ranges,1,17,8.22784,0.007
131072,staggered_driven,exact_ranges,1,18,8.213504,0.007
131072,staggered_driven,exact_ranges,1,19,8.300544,0.0118
131072,staggered_driven,exact_ranges,1,20,8.342528,0.0223
131072,staggered_driven,exact_ranges,1,21,8.298496,0.0099
131072,staggered_driven,exact_ranges,1,22,8.265728,0.0092
131072,staggered_driven,exact_ranges,1,23,8.290304,0.0069
131072,staggered_driven,exact_ranges,1,24,8.09472,0.0148
131072,staggered_driven,exact_ranges,1,25,8.077312,0.0061
131072,staggered_driven,exact_ranges,1,26,8.165376,0.0086
131072,staggered_driven,exact_ranges,1,27,8.2176,0.0075
131072,staggered_driven,exact_ranges,1,28,8.187904,0.0073
131072,staggered_driven,exact_ranges,1,29,8.158208,0.0085
131072,staggered_driven,exact_ranges,1,30,8.189952,0.0069
131072,staggered_driven,exact_ranges,1,31,8.317952,0.0069
131072,staggered_driven,exact_ranges,1,32,8.193024,0.0067
131072,staggered_driven,exact_ranges,1,33,8.297472,0.007
131072,staggered_driven,exact_ranges,1,34,8.117248,0.0069
131072,staggered_driven,exact_ranges,1,35,8.18176,0.0085
131072,staggered_driven,exact_ranges,1,36,8.126464,0.0072
131072,staggered_driven,exact_ranges,1,37,8.221696,0.0073
131072,staggered_driven,exact_ranges,1,38,8.349696,0.007
131072,staggered_driven,exact_ranges,1,39,8.443904,0.0076
131072,staggered_driven,bounded_linked,2,0,6.262784,0.0111
131072,staggered_driven,bounded_linked,2,1,6.088704,0.0057
131072,staggered_driven,bounded_linked,2,2,6.41536,0.005
131072,staggered_driven,bounded_linked,2,3,6.020096,0.0103
131072,staggered_driven,bounded_linked,2,4,6.216704,0.0051
131072,staggered_driven,bounded_linked,2,5,5.997568,0.0054
131072,staggered_driven,bounded_linked,2,6,6.306816,0.0084
131072,staggered_driven,bounded_linked,2,7,6.192128,0.0055
131072,staggered_driven,bounded_linked,2,8,6.301696,0.0048
131072,staggered_driven,bounded_linked,2,9,6.065152,0.0048
131072,staggered_driven,bounded_linked,2,10,6.273024,0.0055
131072,staggered_driven,bounded_linked,2,11,5.998592,0.0051
131072,staggered_driven,bounded_linked,2,12,6.029312,0.005
131072,staggered_driven,bounded_linked,2,13,6.34368,0.005
131072,staggered_driven,bounded_linked,2,14,6.060032,0.005
131072,staggered_driven,bounded_linked,2,15,6.368256,0.0051
131072,staggered_driven,bounded_linked,2,16,6.109184,0.0047
131072,staggered_driven,bounded_linked,2,17,6.355968,0.0054
131072,staggered_driven,bounded_linked,2,18,6.178816,0.0048
131072,staggered_driven,bounded_linked,2,19,6.38976,0.0048
131072,staggered_driven,bounded_linked,2,20,6.129664,0.0048
131072,staggered_driven,bounded_linked,2,21,6.368256,0.0051
131072,staggered_driven,bounded_linked,2,22,6.075392,0.0047
131072,staggered_driven,bounded_linked,2,23,6.334464,0.0048
131072,staggered_driven,bounded_linked,2,24,6.173696,0.005
131072,staggered_driven,bounded_linked,2,25,6.293504,0.005
131072,staggered_driven,bounded_linked,2,26,6.002688,0.005
131072,staggered_driven,bounded_linked,2,27,6.250496,0.0051
131072,staggered_driven,bounded_linked,2,28,6.006784,0.0048
131072,staggered_driven,bounded_linked,2,29,6.372352,0.0049
131072,staggered_driven,bounded_linked,2,30,6.127616,0.005
131072,staggered_driven,bounded_linked,2,31,6.265856,0.0048
131072,staggered_driven,bounded_linked,2,32,6.064128,0.005
131072,staggered_driven,bounded_linked,2,33,6.253568,0.0049
131072,staggered_driven,bounded_linked,2,34,6.132736,0.005
131072,staggered_driven,bounded_linked,2,35,6.315008,0.0048
131072,staggered_driven,bounded_linked,2,36,6.039552,0.0049
131072,staggered_driven,bounded_linked,2,37,6.258688,0.0048
131072,staggered_driven,bounded_linked,2,38,6.129664,0.0049
131072,staggered_driven,bounded_linked,2,39,6.351872,0.006
131072,staggered_driven,exact_ranges,2,0,8.15616,0.0303
131072,staggered_driven,exact_ranges,2,1,8.189952,0.0084
131072,staggered_driven,exact_ranges,2,2,8.287232,0.008
131072,staggered_driven,exact_ranges,2,3,8.194048,0.0076
131072,staggered_driven,exact_ranges,2,4,7.923712,0.0073
131072,staggered_driven,exact_ranges,2,5,8.12544,0.0074
131072,staggered_driven,exact_ranges,2,6,8.195072,0.0077
131072,staggered_driven,exact_ranges,2,7,8.382464,0.0081
131072,staggered_driven,exact_ranges,2,8,8.26368,0.0072
131072,staggered_driven,exact_ranges,2,9,8.28928,0.0075
131072,staggered_driven,exact_ranges,2,10,8.354816,0.0073
131072,staggered_driven,exact_ranges,2,11,8.48384,0.0073
131072,staggered_driven,exact_ranges,2,12,8.28416,0.0072
131072,staggered_driven,exact_ranges,2,13,8.288256,0.0073
131072,staggered_driven,exact_ranges,2,14,8.266752,0.0072
131072,staggered_driven,exact_ranges,2,15,8.450048,0.0073
131072,staggered_driven,exact_ranges,2,16,8.358912,0.0079
131072,staggered_driven,exact_ranges,2,17,8.416256,0.0082
131072,staggered_driven,exact_ranges,2,18,8.237056,0.0075
131072,staggered_driven,exact_ranges,2,19,8.503296,0.0071
131072,staggered_driven,exact_ranges,2,20,8.23808,0.0074
131072,staggered_driven,exact_ranges,2,21,8.203264,0.0071
131072,staggered_driven,exact_ranges,2,22,8.2688,0.0074
131072,staggered_driven,exact_ranges,2,23,8.481792,0.0071
131072,staggered_driven,exact_ranges,2,24,8.271872,0.0087
131072,staggered_driven,exact_ranges,2,25,8.285184,0.0212
131072,staggered_driven,exact_ranges,2,26,8.210432,0.0097
131072,staggered_driven,exact_ranges,2,27,8.081408,0.0076
131072,staggered_driven,exact_ranges,2,28,8.79616,0.0076
131072,staggered_driven,exact_ranges,2,29,8.394752,0.0082
131072,staggered_driven,exact_ranges,2,30,8.344576,0.0074
131072,staggered_driven,exact_ranges,2,31,8.338432,0.0075
131072,staggered_driven,exact_ranges,2,32,8.28928,0.0073
131072,staggered_driven,exact_ranges,2,33,8.2944,0.0078
131072,staggered_driven,exact_ranges,2,34,8.363008,0.0075
131072,staggered_driven,exact_ranges,2,35,8.310784,0.0074
131072,staggered_driven,exact_ranges,2,36,8.394752,0.0077
131072,staggered_driven,exact_ranges,2,37,8.229888,0.0074
131072,staggered_driven,exact_ranges,2,38,7.989248,0.0074
131072,staggered_driven,exact_ranges,2,39,8.419328,0.0073
131072,staggered_driven,linked,2,0,5.753856,0.015
131072,staggered_driven,linked,2,1,5.676032,0.0048
131072,staggered_driven,linked,2,2,5.86752,0.0049
131072,staggered_driven,linked,2,3,5.654528,0.0046
131072,staggered_driven,linked,2,4,5.63712,0.0045
131072,staggered_driven,linked,2,5,5.931008,0.0045
131072,staggered_driven,linked,2,6,5.654528,0.0046
131072,staggered_driven,linked,2,7,5.874688,0.0046
131072,staggered_driven,linked,2,8,5.628928,0.0046
131072,staggered_driven,linked,2,9,5.627904,0.0044
131072,staggered_driven,linked,2,10,5.874688,0.0046
131072,staggered_driven,linked,2,11,5.762048,0.0044
131072,staggered_driven,linked,2,12,5.736448,0.005
131072,staggered_driven,linked,2,13,5.9904,0.0045
131072,staggered_driven,linked,2,14,5.771264,0.0046
131072,staggered_driven,linked,2,15,5.993472,0.0046
131072,staggered_driven,linked,2,16,5.682176,0.0044
131072,staggered_driven,linked,2,17,5.764096,0.0047
131072,staggered_driven,linked,2,18,6.022144,0.0044
131072,staggered_driven,linked,2,19,5.681152,0.0044
131072,staggered_driven,linked,2,20,5.9136,0.0046
131072,staggered_driven,linked,2,21,5.75488,0.0044
131072,staggered_driven,linked,2,22,5.644288,0.0047
131072,staggered_driven,linked,2,23,5.90848,0.0045
131072,staggered_driven,linked,2,24,5.737472,0.0046
131072,staggered_driven,linked,2,25,6.086656,0.0043
131072,staggered_driven,linked,2,26,5.740544,0.0044
131072,staggered_driven,linked,2,27,5.830656,0.0044
131072,staggered_driven,linked,2,28,6.049792,0.0043
131072,staggered_driven,linked,2,29,5.77536,0.0045
131072,staggered_driven,linked,2,30,6.025216,0.0046
131072,staggered_driven,linked,2,31,5.764096,0.0046
131072,staggered_driven,linked,2,32,5.706752,0.0047
131072,staggered_driven,linked,2,33,6.024192,0.0041
131072,staggered_driven,linked,2,34,5.76,0.0045
131072,staggered_driven,linked,2,35,6.011904,0.0044
131072,staggered_driven,linked,2,36,5.72928,0.0044
131072,staggered_driven,linked,2,37,5.712896,0.0098
131072,staggered_driven,linked,2,38,6.054912,0.0048
131072,staggered_driven,linked,2,39,5.779456,0.0045
131072,staggered_driven,exact_ranges,3,0,8.254464,0.0168
131072,staggered_driven,exact_ranges,3,1,8.259584,0.0073
131072,staggered_driven,exact_ranges,3,2,8.174592,0.0076
131072,staggered_driven,exact_ranges,3,3,8.230912,0.0073
131072,staggered_driven,exact_ranges,3,4,8.117248,0.0074
131072,staggered_driven,exact_ranges,3,5,8.132608,0.0087
131072,staggered_driven,exact_ranges,3,6,8.044544,0.007
131072,staggered_driven,exact_ranges,3,7,8.050688,0.0071
131072,staggered_driven,exact_ranges,3,8,8.137728,0.009
131072,staggered_driven,exact_ranges,3,9,8.28416,0.0076
131072,staggered_driven,exact_ranges,3,10,8.276992,0.0069
131072,staggered_driven,exact_ranges,3,11,8.148992,0.007
131072,staggered_driven,exact_ranges,3,12,8.150016,0.0075
131072,staggered_driven,exact_ranges,3,13,7.99744,0.0075
131072,staggered_driven,exact_ranges,3,14,8.317952,0.008
131072,staggered_driven,exact_ranges,3,15,8.199168,0.0075
131072,staggered_driven,exact_ranges,3,16,8.28416,0.0073
131072,staggered_driven,exact_ranges,3,17,8.170496,0.0074
131072,staggered_driven,exact_ranges,3,18,8.266752,0.0069
131072,staggered_driven,exact_ranges,3,19,8.264704,0.0125
131072,staggered_driven,exact_ranges,3,20,8.192,0.0069
131072,staggered_driven,exact_ranges,3,21,8.206336,0.0076
131072,staggered_driven,exact_ranges,3,22,8.290304,0.0071
131072,staggered_driven,exact_ranges,3,23,8.230912,0.007
131072,staggered_driven,exact_ranges,3,24,8.226816,0.0069
131072,staggered_driven,exact_ranges,3,25,8.305664,0.0069
131072,staggered_driven,exact_ranges,3,26,8.260608,0.0069
131072,staggered_driven,exact_ranges,3,27,8.1152,0.0077
131072,staggered_driven,exact_ranges,3,28,8.080384,0.0069
131072,staggered_driven,exact_ranges,3,29,8.247296,0.0071
131072,staggered_driven,exact_ranges,3,30,8.22784,0.0071
131072,staggered_driven,exact_ranges,3,31,8.247296,0.0069
131072,staggered_driven,exact_ranges,3,32,8.152064,0.0071
131072,staggered_driven,exact_ranges,3,33,8.12544,0.0069
131072,staggered_driven,exact_ranges,3,34,8.280064,0.0072
131072,staggered_driven,exact_ranges,3,35,8.07936,0.0072
131072,staggered_driven,exact_ranges,3,36,8.05888,0.0194
131072,staggered_driven,exact_ranges,3,37,8.062976,0.0072
131072,staggered_driven,exact_ranges,3,38,8.208384,0.007
131072,staggered_driven,exact_ranges,3,39,8.347648,0.0069
131072,staggered_driven,linked,3,0,5.757952,0.0157
131072,staggered_driven,linked,3,1,5.671936,0.0048
131072,staggered_driven,linked,3,2,5.810176,0.0046
131072,staggered_driven,linked,3,3,5.638144,0.0047
131072,staggered_driven,linked,3,4,5.645312,0.0046
131072,staggered_driven,linked,3,5,5.9136,0.0045
131072,staggered_driven,linked,3,6,5.756928,0.0048
131072,staggered_driven,linked,3,7,5.85728,0.005
131072,staggered_driven,linked,3,8,5.752832,0.0044
131072,staggered_driven,linked,3,9,5.636096,0.0045
131072,staggered_driven,linked,3,10,5.963776,0.0047
131072,staggered_driven,linked,3,11,5.648384,0.0042
131072,staggered_driven,linked,3,12,5.813248,0.0046
131072,staggered_driven,linked,3,13,5.604352,0.0044
131072,staggered_driven,linked,3,14,5.58592,0.0044
131072,staggered_driven,linked,3,15,5.961728,0.0044
131072,staggered_driven,linked,3,16,5.73952,0.0044
131072,staggered_driven,linked,3,17,5.653504,0.0046
131072,staggered_driven,linked,3,18,5.909504,0.0043
131072,staggered_driven,linked,3,19,5.697536,0.0045
131072,staggered_driven,linked,3,20,6.022144,0.0043
131072,staggered_driven,linked,3,21,5.771264,0.0044
131072,staggered_driven,linked,3,22,5.753856,0.0049
131072,staggered_driven,linked,3,23,5.810176,0.0044
131072,staggered_driven,linked,3,24,5.706752,0.0044
131072,staggered_driven,linked,3,25,5.991424,0.0046
131072,staggered_driven,linked,3,26,5.684224,0.0049
131072,staggered_driven,linked,3,27,5.756928,0.0047
131072,staggered_driven,linked,3,28,5.884928,0.0044
131072,staggered_driven,linked,3,29,5.71904,0.0045
131072,staggered_driven,linked,3,30,5.695488,0.0044
131072,staggered_driven,linked,3,31,5.997568,0.0047
131072,staggered_driven,linked,3,32,5.624832,0.0044
131072,staggered_driven,linked,3,33,6.065152,0.0046
131072,staggered_driven,linked,3,34,5.742592,0.0047
131072,staggered_driven,linked,3,35,5.747712,0.0046
131072,staggered_driven,linked,3,36,5.95456,0.0046
131072,staggered_driven,linked,3,37,5.771264,0.0043
131072,staggered_driven,linked,3,38,5.98528,0.0048
131072,staggered_driven,linked,3,39,5.764096,0.0045
131072,staggered_driven,bounded_linked,3,0,6.054912,0.0171
131072,staggered_driven,bounded_linked,3,1,6.028288,0.0053
131072,staggered_driven,bounded_linked,3,2,6.48192,0.005
131072,staggered_driven,bounded_linked,3,3,6.33856,0.0054
131072,staggered_driven,bounded_linked,3,4,6.085632,0.0049
131072,staggered_driven,bounded_linked,3,5,6.053888,0.0052
131072,staggered_driven,bounded_linked,3,6,6.361088,0.0174
131072,staggered_driven,bounded_linked,3,7,6.117376,0.0068
131072,staggered_driven,bounded_linked,3,8,6.36928,0.0048
131072,staggered_driven,bounded_linked,3,9,6.084608,0.0054
131072,staggered_driven,bounded_linked,3,10,6.288384,0.0052
131072,staggered_driven,bounded_linked,3,11,6.088704,0.005
131072,staggered_driven,bounded_linked,3,12,6.386688,0.0052
131072,staggered_driven,bounded_linked,3,13,6.15424,0.005
131072,staggered_driven,bounded_linked,3,14,6.3232,0.0047
131072,staggered_driven,bounded_linked,3,15,6.00576,0.0052
131072,staggered_driven,bounded_linked,3,16,6.181888,0.005
131072,staggered_driven,bounded_linked,3,17,6.01088,0.0051
131072,staggered_driven,bounded_linked,3,18,6.426624,0.0051
131072,staggered_driven,bounded_linked,3,19,6.12352,0.005
131072,staggered_driven,bounded_linked,3,20,6.3488,0.0049
131072,staggered_driven,bounded_linked,3,21,6.126592,0.0048
131072,staggered_driven,bounded_linked,3,22,6.238208,0.0049
131072,staggered_driven,bounded_linked,3,23,6.192128,0.005
131072,staggered_driven,bounded_linked,3,24,6.360064,0.0049
131072,staggered_driven,bounded_linked,3,25,6.165504,0.0052
131072,staggered_driven,bounded_linked,3,26,6.305792,0.0051
131072,staggered_driven,bounded_linked,3,27,6.057984,0.005
131072,staggered_driven,bounded_linked,3,28,6.344704,0.0052
131072,staggered_driven,bounded_linked,3,29,6.089728,0.0121
131072,staggered_driven,bounded_linked,3,30,6.279168,0.0049
131072,staggered_driven,bounded_linked,3,31,6.139904,0.0049
131072,staggered_driven,bounded_linked,3,32,6.367232,0.0047
131072,staggered_driven,bounded_linked,3,33,6.187008,0.0049
131072,staggered_driven,bounded_linked,3,34,6.398976,0.0056
131072,staggered_driven,bounded_linked,3,35,6.061056,0.0049
131072,staggered_driven,bounded_linked,3,36,6.301696,0.005
131072,staggered_driven,bounded_linked,3,37,6.086656,0.0054
131072,staggered_driven,bounded_linked,3,38,6.342656,0.0051
131072,staggered_driven,bounded_linked,3,39,6.213632,0.0049
