count,scenario,solver,run,sample,gpu_ms,cpu_submit_ms
10000,aligned_still,jacobi4,1,0,0.64,0.0132
10000,aligned_still,jacobi4,1,1,0.789504,0.0041
10000,aligned_still,jacobi4,1,2,0.606208,0.0033
10000,aligned_still,jacobi4,1,3,0.613376,0.0011
10000,aligned_still,jacobi4,1,4,0.601088,0.003
10000,aligned_still,jacobi4,1,5,0.613376,0.0011
10000,aligned_still,jacobi4,1,6,0.605184,0.0011
10000,aligned_still,jacobi4,1,7,0.611328,0.0025
10000,aligned_still,jacobi4,1,8,0.600064,0.001
10000,aligned_still,jacobi4,1,9,0.613376,0.0011
10000,aligned_still,jacobi4,1,10,0.60416,0.0019
10000,aligned_still,jacobi4,1,11,0.612352,0.0011
10000,aligned_still,jacobi4,1,12,0.600064,0.0032
10000,aligned_still,jacobi4,1,13,0.613376,0.0013
10000,aligned_still,jacobi4,1,14,0.601088,0.001
10000,aligned_still,jacobi4,1,15,0.615424,0.01
10000,aligned_still,jacobi4,1,16,0.601088,0.0038
10000,aligned_still,jacobi4,1,17,0.637952,0.0047
10000,aligned_still,jacobi4,1,18,0.60416,0.0096
10000,aligned_still,jacobi4,1,19,0.65024,0.0059
10000,aligned_still,jacobi4,1,20,0.611328,0.0057
10000,aligned_still,jacobi4,1,21,0.603136,0.0049
10000,aligned_still,jacobi4,1,22,0.613376,0.0047
10000,aligned_still,jacobi4,1,23,0.601088,0.0017
10000,aligned_still,jacobi4,1,24,0.611328,0.0054
10000,aligned_still,jacobi4,1,25,0.602112,0.0048
10000,aligned_still,jacobi4,1,26,0.611328,0.0061
10000,aligned_still,jacobi4,1,27,0.602112,0.0056
10000,aligned_still,jacobi4,1,28,0.612352,0.0031
10000,aligned_still,jacobi4,1,29,0.600064,0.0043
10000,aligned_still,jacobi4,1,30,0.613376,0.0058
10000,aligned_still,jacobi4,1,31,0.601088,0.0047
10000,aligned_still,jacobi4,1,32,0.6144,0.0043
10000,aligned_still,jacobi4,1,33,0.602112,0.0075
10000,aligned_still,jacobi4,1,34,0.615424,0.0034
10000,aligned_still,jacobi4,1,35,0.59904,0.0066
10000,aligned_still,jacobi4,1,36,0.64,0.0029
10000,aligned_still,jacobi4,1,37,0.59904,0.0033
10000,aligned_still,jacobi4,1,38,0.642048,0.0056
10000,aligned_still,jacobi4,1,39,0.610304,0.0048
10000,aligned_still,jacobi4,2,0,0.632832,0.0122
10000,aligned_still,jacobi4,2,1,0.611328,0.003
10000,aligned_still,jacobi4,2,2,0.78336,0.0049
10000,aligned_still,jacobi4,2,3,0.613376,0.001
10000,aligned_still,jacobi4,2,4,0.80896,0.001
10000,aligned_still,jacobi4,2,5,0.612352,0.0024
10000,aligned_still,jacobi4,2,6,0.606208,0.001
10000,aligned_still,jacobi4,2,7,0.615424,0.0011
10000,aligned_still,jacobi4,2,8,0.603136,0.0022
10000,aligned_still,jacobi4,2,9,0.613376,0.001
10000,aligned_still,jacobi4,2,10,0.601088,9.0E-4
10000,aligned_still,jacobi4,2,11,0.612352,0.001
10000,aligned_still,jacobi4,2,12,0.600064,9.0E-4
10000,aligned_still,jacobi4,2,13,0.613376,0.0019
10000,aligned_still,jacobi4,2,14,0.602112,0.001
10000,aligned_still,jacobi4,2,15,0.6144,0.001
10000,aligned_still,jacobi4,2,16,0.601088,0.002
10000,aligned_still,jacobi4,2,17,0.637952,0.001
10000,aligned_still,jacobi4,2,18,0.59904,9.0E-4
10000,aligned_still,jacobi4,2,19,0.648192,0.0069
10000,aligned_still,jacobi4,2,20,0.611328,0.0011
10000,aligned_still,jacobi4,2,21,0.606208,0.001
10000,aligned_still,jacobi4,2,22,0.615424,0.0022
10000,aligned_still,jacobi4,2,23,0.600064,0.001
10000,aligned_still,jacobi4,2,24,0.610304,0.001
10000,aligned_still,jacobi4,2,25,0.607232,0.0021
10000,aligned_still,jacobi4,2,26,0.615424,0.0032
10000,aligned_still,jacobi4,2,27,0.600064,0.0029
10000,aligned_still,jacobi4,2,28,0.6144,0.0029
10000,aligned_still,jacobi4,2,29,0.601088,9.0E-4
10000,aligned_still,jacobi4,2,30,0.613376,0.0021
10000,aligned_still,jacobi4,2,31,0.601088,0.001
10000,aligned_still,jacobi4,2,32,0.613376,0.0011
10000,aligned_still,jacobi4,2,33,0.600064,0.0018
10000,aligned_still,jacobi4,2,34,0.613376,9.0E-4
10000,aligned_still,jacobi4,2,35,0.600064,9.0E-4
10000,aligned_still,jacobi4,2,36,0.637952,0.0025
10000,aligned_still,jacobi4,2,37,0.606208,9.0E-4
10000,aligned_still,jacobi4,2,38,0.607232,0.0021
10000,aligned_still,jacobi4,2,39,0.611328,0.0021
10000,aligned_still,jacobi4,3,0,0.63488,0.0109
10000,aligned_still,jacobi4,3,1,0.611328,0.0011
10000,aligned_still,jacobi4,3,2,0.605184,0.003
10000,aligned_still,jacobi4,3,3,0.612352,0.001
10000,aligned_still,jacobi4,3,4,0.601088,0.001
10000,aligned_still,jacobi4,3,5,0.612352,0.001
10000,aligned_still,jacobi4,3,6,0.60416,0.001
10000,aligned_still,jacobi4,3,7,0.615424,0.001
10000,aligned_still,jacobi4,3,8,0.601088,8.0E-4
10000,aligned_still,jacobi4,3,9,0.611328,9.0E-4
10000,aligned_still,jacobi4,3,10,0.601088,8.0E-4
10000,aligned_still,jacobi4,3,11,0.615424,0.001
10000,aligned_still,jacobi4,3,12,0.600064,0.0012
10000,aligned_still,jacobi4,3,13,0.613376,9.0E-4
10000,aligned_still,jacobi4,3,14,0.600064,9.0E-4
10000,aligned_still,jacobi4,3,15,0.611328,8.0E-4
10000,aligned_still,jacobi4,3,16,0.601088,0.001
10000,aligned_still,jacobi4,3,17,0.636928,0.001
10000,aligned_still,jacobi4,3,18,0.774144,9.0E-4
10000,aligned_still,jacobi4,3,19,0.659456,0.0011
10000,aligned_still,jacobi4,3,20,0.617472,0.001
10000,aligned_still,jacobi4,3,21,0.602112,0.0034
10000,aligned_still,jacobi4,3,22,0.6144,0.0013
10000,aligned_still,jacobi4,3,23,0.60416,0.001
10000,aligned_still,jacobi4,3,24,0.612352,0.001
10000,aligned_still,jacobi4,3,25,0.603136,9.0E-4
10000,aligned_still,jacobi4,3,26,0.6144,9.0E-4
10000,aligned_still,jacobi4,3,27,0.596992,9.0E-4
10000,aligned_still,jacobi4,3,28,0.608256,9.0E-4
10000,aligned_still,jacobi4,3,29,0.602112,8.0E-4
10000,aligned_still,jacobi4,3,30,0.608256,0.001
10000,aligned_still,jacobi4,3,31,0.60416,9.0E-4
10000,aligned_still,jacobi4,3,32,0.6144,9.0E-4
10000,aligned_still,jacobi4,3,33,0.598016,9.0E-4
10000,aligned_still,jacobi4,3,34,0.615424,0.001
10000,aligned_still,jacobi4,3,35,0.598016,8.0E-4
10000,aligned_still,jacobi4,3,36,0.637952,0.001
10000,aligned_still,jacobi4,3,37,0.598016,0.001
10000,aligned_still,jacobi4,3,38,0.649216,0.001
10000,aligned_still,jacobi4,3,39,0.608256,0.001
10000,aligned_still,jacobi16,1,0,2.296832,0.0174
10000,aligned_still,jacobi16,1,1,2.448384,0.0041
10000,aligned_still,jacobi16,1,2,2.269184,0.0043
10000,aligned_still,jacobi16,1,3,2.271232,0.0073
10000,aligned_still,jacobi16,1,4,2.256896,0.0041
10000,aligned_still,jacobi16,1,5,2.302976,0.0041
10000,aligned_still,jacobi16,1,6,2.27328,0.0042
10000,aligned_still,jacobi16,1,7,2.270208,0.0045
10000,aligned_still,jacobi16,1,8,2.275328,0.0042
10000,aligned_still,jacobi16,1,9,2.256896,0.0042
10000,aligned_still,jacobi16,1,10,2.275328,0.0042
10000,aligned_still,jacobi16,1,11,2.270208,0.004
10000,aligned_still,jacobi16,1,12,2.272256,0.004
10000,aligned_still,jacobi16,1,13,2.270208,0.0041
10000,aligned_still,jacobi16,1,14,2.26304,0.0041
10000,aligned_still,jacobi16,1,15,2.448384,0.0042
10000,aligned_still,jacobi16,1,16,2.275328,0.004
10000,aligned_still,jacobi16,1,17,2.272256,0.004
10000,aligned_still,jacobi16,1,18,2.258944,0.0041
10000,aligned_still,jacobi16,1,19,2.305024,0.0041
10000,aligned_still,jacobi16,1,20,2.27328,0.0041
10000,aligned_still,jacobi16,1,21,2.266112,0.0041
10000,aligned_still,jacobi16,1,22,2.26816,0.0041
10000,aligned_still,jacobi16,1,23,2.258944,0.0049
10000,aligned_still,jacobi16,1,24,2.292736,0.008
10000,aligned_still,jacobi16,1,25,2.269184,0.0052
10000,aligned_still,jacobi16,1,26,2.276352,0.0041
10000,aligned_still,jacobi16,1,27,2.274304,0.004
10000,aligned_still,jacobi16,1,28,2.258944,0.0041
10000,aligned_still,jacobi16,1,29,2.270208,0.0043
10000,aligned_still,jacobi16,1,30,2.44224,0.0042
10000,aligned_still,jacobi16,1,31,2.272256,0.0042
10000,aligned_still,jacobi16,1,32,2.26816,0.0041
10000,aligned_still,jacobi16,1,33,2.262016,0.0042
10000,aligned_still,jacobi16,1,34,2.270208,0.0042
10000,aligned_still,jacobi16,1,35,2.275328,0.0041
10000,aligned_still,jacobi16,1,36,2.27328,0.004
10000,aligned_still,jacobi16,1,37,2.256896,0.0042
10000,aligned_still,jacobi16,1,38,2.294784,0.0042
10000,aligned_still,jacobi16,1,39,2.267136,0.0041
10000,aligned_still,jacobi16,2,0,2.301952,0.0501
10000,aligned_still,jacobi16,2,1,2.26816,0.0131
10000,aligned_still,jacobi16,2,2,2.271232,0.0037
10000,aligned_still,jacobi16,2,3,2.270208,0.0038
10000,aligned_still,jacobi16,2,4,2.262016,0.0037
10000,aligned_still,jacobi16,2,5,2.29376,0.0037
10000,aligned_still,jacobi16,2,6,2.272256,0.0036
10000,aligned_still,jacobi16,2,7,2.26816,0.0036
10000,aligned_still,jacobi16,2,8,2.27328,0.0036
10000,aligned_still,jacobi16,2,9,2.25792,0.0038
10000,aligned_still,jacobi16,2,10,2.272256,0.0036
10000,aligned_still,jacobi16,2,11,2.272256,0.0037
10000,aligned_still,jacobi16,2,12,2.446336,0.0037
10000,aligned_still,jacobi16,2,13,2.270208,0.0036
10000,aligned_still,jacobi16,2,14,2.258944,0.0037
10000,aligned_still,jacobi16,2,15,2.275328,0.0037
10000,aligned_still,jacobi16,2,16,2.27328,0.0038
10000,aligned_still,jacobi16,2,17,2.272256,0.0036
10000,aligned_still,jacobi16,2,18,2.254848,0.0036
10000,aligned_still,jacobi16,2,19,2.299904,0.0039
10000,aligned_still,jacobi16,2,20,2.272256,0.0037
10000,aligned_still,jacobi16,2,21,2.26816,0.0036
10000,aligned_still,jacobi16,2,22,2.271232,0.0037
10000,aligned_still,jacobi16,2,23,2.25792,0.0038
10000,aligned_still,jacobi16,2,24,2.300928,0.004
10000,aligned_still,jacobi16,2,25,2.275328,0.0037
10000,aligned_still,jacobi16,2,26,2.267136,0.0036
10000,aligned_still,jacobi16,2,27,2.449408,0.0037
10000,aligned_still,jacobi16,2,28,2.25792,0.0037
10000,aligned_still,jacobi16,2,29,2.27328,0.0038
10000,aligned_still,jacobi16,2,30,2.27328,0.0036
10000,aligned_still,jacobi16,2,31,2.267136,0.0141
10000,aligned_still,jacobi16,2,32,2.274304,0.0051
10000,aligned_still,jacobi16,2,33,2.262016,0.0037
10000,aligned_still,jacobi16,2,34,2.267136,0.0047
10000,aligned_still,jacobi16,2,35,2.27328,0.0039
10000,aligned_still,jacobi16,2,36,2.271232,0.0036
10000,aligned_still,jacobi16,2,37,2.258944,0.0037
10000,aligned_still,jacobi16,2,38,2.299904,0.0038
10000,aligned_still,jacobi16,2,39,2.274304,0.0037
10000,aligned_still,jacobi16,3,0,2.295808,0.007
10000,aligned_still,jacobi16,3,1,2.275328,0.0038
10000,aligned_still,jacobi16,3,2,2.272256,0.0037
10000,aligned_still,jacobi16,3,3,2.26816,0.0038
10000,aligned_still,jacobi16,3,4,2.258944,0.0039
10000,aligned_still,jacobi16,3,5,2.307072,0.0039
10000,aligned_still,jacobi16,3,6,2.271232,0.0038
10000,aligned_still,jacobi16,3,7,2.270208,0.0037
10000,aligned_still,jacobi16,3,8,2.269184,0.0038
10000,aligned_still,jacobi16,3,9,2.44224,0.0039
10000,aligned_still,jacobi16,3,10,2.276352,0.0038
10000,aligned_still,jacobi16,3,11,2.272256,0.0038
10000,aligned_still,jacobi16,3,12,2.271232,0.0036
10000,aligned_still,jacobi16,3,13,2.264064,0.004
10000,aligned_still,jacobi16,3,14,2.260992,0.0037
10000,aligned_still,jacobi16,3,15,2.272256,0.0037
10000,aligned_still,jacobi16,3,16,2.26816,0.0036
10000,aligned_still,jacobi16,3,17,2.26816,0.0036
10000,aligned_still,jacobi16,3,18,2.25792,0.0036
10000,aligned_still,jacobi16,3,19,2.297856,0.0037
10000,aligned_still,jacobi16,3,20,2.269184,0.0039
10000,aligned_still,jacobi16,3,21,2.271232,0.0038
10000,aligned_still,jacobi16,3,22,2.26816,0.0037
10000,aligned_still,jacobi16,3,23,2.443264,0.0037
10000,aligned_still,jacobi16,3,24,2.322432,0.004
10000,aligned_still,jacobi16,3,25,2.275328,0.0038
10000,aligned_still,jacobi16,3,26,2.271232,0.0037
10000,aligned_still,jacobi16,3,27,2.270208,0.0039
10000,aligned_still,jacobi16,3,28,2.259968,0.0038
10000,aligned_still,jacobi16,3,29,2.269184,0.0038
10000,aligned_still,jacobi16,3,30,2.269184,0.0037
10000,aligned_still,jacobi16,3,31,2.267136,0.0036
10000,aligned_still,jacobi16,3,32,2.26816,0.0051
10000,aligned_still,jacobi16,3,33,2.259968,0.0038
10000,aligned_still,jacobi16,3,34,2.267136,0.0037
10000,aligned_still,jacobi16,3,35,2.269184,0.0036
10000,aligned_still,jacobi16,3,36,2.26816,0.0038
10000,aligned_still,jacobi16,3,37,2.256896,0.0037
10000,aligned_still,jacobi16,3,38,2.476032,0.0037
10000,aligned_still,jacobi16,3,39,2.27328,0.0036
10000,aligned_still,support4,1,0,0.881664,0.0069
10000,aligned_still,support4,1,1,0.85504,0.0042
10000,aligned_still,support4,1,2,0.886784,0.004
10000,aligned_still,support4,1,3,0.854016,0.006
10000,aligned_still,support4,1,4,0.867328,0.0039
10000,aligned_still,support4,1,5,0.851968,0.0039
10000,aligned_still,support4,1,6,0.869376,0.004
10000,aligned_still,support4,1,7,0.842752,0.0059
10000,aligned_still,support4,1,8,0.8704,0.0039
10000,aligned_still,support4,1,9,0.848896,0.0039
10000,aligned_still,support4,1,10,0.864256,0.004
10000,aligned_still,support4,1,11,0.845824,0.0061
10000,aligned_still,support4,1,12,0.863232,0.0039
10000,aligned_still,support4,1,13,0.84992,0.004
10000,aligned_still,support4,1,14,0.859136,0.0039
10000,aligned_still,support4,1,15,0.848896,0.0039
10000,aligned_still,support4,1,16,0.864256,0.0058
10000,aligned_still,support4,1,17,0.845824,0.004
10000,aligned_still,support4,1,18,0.83456,0.004
10000,aligned_still,support4,1,19,1.063936,0.004
10000,aligned_still,support4,1,20,0.843776,0.0057
10000,aligned_still,support4,1,21,0.888832,0.004
10000,aligned_still,support4,1,22,0.86016,0.0039
10000,aligned_still,support4,1,23,0.867328,0.004
10000,aligned_still,support4,1,24,0.854016,0.0058
10000,aligned_still,support4,1,25,0.866304,0.004
10000,aligned_still,support4,1,26,0.851968,0.004
10000,aligned_still,support4,1,27,0.876544,0.004
10000,aligned_still,support4,1,28,0.854016,0.0055
10000,aligned_still,support4,1,29,0.878592,0.004
10000,aligned_still,support4,1,30,0.863232,0.0039
10000,aligned_still,support4,1,31,0.8704,0.0039
10000,aligned_still,support4,1,32,0.858112,0.004
10000,aligned_still,support4,1,33,0.858112,0.0056
10000,aligned_still,support4,1,34,0.851968,0.004
10000,aligned_still,support4,1,35,0.852992,0.004
10000,aligned_still,support4,1,36,0.861184,0.004
10000,aligned_still,support4,1,37,0.835584,0.0057
10000,aligned_still,support4,1,38,0.888832,0.004
10000,aligned_still,support4,1,39,0.858112,0.004
10000,aligned_still,support4,2,0,0.881664,0.0141
10000,aligned_still,support4,2,1,0.854016,0.0058
10000,aligned_still,support4,2,2,0.881664,0.0036
10000,aligned_still,support4,2,3,1.037312,0.0035
10000,aligned_still,support4,2,4,0.86528,0.0036
10000,aligned_still,support4,2,5,0.847872,0.0053
10000,aligned_still,support4,2,6,0.862208,0.0036
10000,aligned_still,support4,2,7,0.847872,0.0036
10000,aligned_still,support4,2,8,0.871424,0.0036
10000,aligned_still,support4,2,9,0.858112,0.0052
10000,aligned_still,support4,2,10,0.866304,0.0036
10000,aligned_still,support4,2,11,0.859136,0.0036
10000,aligned_still,support4,2,12,0.87552,0.0036
10000,aligned_still,support4,2,13,0.862208,0.0036
10000,aligned_still,support4,2,14,0.864256,0.0052
10000,aligned_still,support4,2,15,0.846848,0.0039
10000,aligned_still,support4,2,16,0.868352,0.0036
10000,aligned_still,support4,2,17,0.848896,0.0037
10000,aligned_still,support4,2,18,0.841728,0.0052
10000,aligned_still,support4,2,19,0.887808,0.0037
10000,aligned_still,support4,2,20,0.854016,0.0036
10000,aligned_still,support4,2,21,0.878592,0.0037
10000,aligned_still,support4,2,22,0.851968,0.0052
10000,aligned_still,support4,2,23,0.876544,0.0049
10000,aligned_still,support4,2,24,0.84992,0.0036
10000,aligned_still,support4,2,25,0.863232,0.0039
10000,aligned_still,support4,2,26,0.848896,0.0036
10000,aligned_still,support4,2,27,0.867328,0.0038
10000,aligned_still,support4,2,28,0.851968,0.0036
10000,aligned_still,support4,2,29,0.862208,0.0036
10000,aligned_still,support4,2,30,0.850944,0.0036
10000,aligned_still,support4,2,31,0.862208,0.0052
10000,aligned_still,support4,2,32,0.858112,0.0036
10000,aligned_still,support4,2,33,0.862208,0.0036
10000,aligned_still,support4,2,34,0.85504,0.0036
10000,aligned_still,support4,2,35,0.864256,0.0057
10000,aligned_still,support4,2,36,0.857088,0.0037
10000,aligned_still,support4,2,37,0.830464,0.0036
10000,aligned_still,support4,2,38,0.887808,0.0036
10000,aligned_still,support4,2,39,0.862208,0.0054
10000,aligned_still,support4,3,0,0.881664,0.0092
10000,aligned_still,support4,3,1,0.861184,0.0037
10000,aligned_still,support4,3,2,0.89088,0.0038
10000,aligned_still,support4,3,3,0.846848,0.0036
10000,aligned_still,support4,3,4,0.868352,0.0053
10000,aligned_still,support4,3,5,0.850944,0.0036
10000,aligned_still,support4,3,6,0.86528,0.0037
10000,aligned_still,support4,3,7,0.851968,0.0035
10000,aligned_still,support4,3,8,0.857088,0.0039
10000,aligned_still,support4,3,9,0.84992,0.0037
10000,aligned_still,support4,3,10,0.86528,0.0036
10000,aligned_still,support4,3,11,0.847872,0.0036
10000,aligned_still,support4,3,12,0.866304,0.0036
10000,aligned_still,support4,3,13,0.858112,0.0051
10000,aligned_still,support4,3,14,0.86016,0.0037
10000,aligned_still,support4,3,15,0.851968,0.0036
10000,aligned_still,support4,3,16,0.86016,0.0036
10000,aligned_still,support4,3,17,0.856064,0.0053
10000,aligned_still,support4,3,18,0.836608,0.0036
10000,aligned_still,support4,3,19,0.87552,0.0036
10000,aligned_still,support4,3,20,0.856064,0.0036
10000,aligned_still,support4,3,21,0.879616,0.0053
10000,aligned_still,support4,3,22,0.851968,0.0037
10000,aligned_still,support4,3,23,0.872448,0.0036
10000,aligned_still,support4,3,24,0.847872,0.0036
10000,aligned_still,support4,3,25,0.869376,0.0035
10000,aligned_still,support4,3,26,0.845824,0.0053
10000,aligned_still,support4,3,27,1.050624,0.0037
10000,aligned_still,support4,3,28,0.848896,0.0036
10000,aligned_still,support4,3,29,0.869376,0.0036
10000,aligned_still,support4,3,30,0.86016,0.0055
10000,aligned_still,support4,3,31,0.873472,0.0037
10000,aligned_still,support4,3,32,0.862208,0.0041
10000,aligned_still,support4,3,33,0.856064,0.0038
10000,aligned_still,support4,3,34,0.85504,0.0052
10000,aligned_still,support4,3,35,0.858112,0.0037
10000,aligned_still,support4,3,36,0.866304,0.0036
10000,aligned_still,support4,3,37,0.838656,0.005
10000,aligned_still,support4,3,38,0.892928,0.0037
10000,aligned_still,support4,3,39,0.861184,0.0055
10000,staggered_still,jacobi4,1,0,0.647168,0.0034
10000,staggered_still,jacobi4,1,1,0.618496,8.0E-4
10000,staggered_still,jacobi4,1,2,0.611328,0.0022
10000,staggered_still,jacobi4,1,3,0.618496,0.0017
10000,staggered_still,jacobi4,1,4,0.60416,0.0023
10000,staggered_still,jacobi4,1,5,0.615424,8.0E-4
10000,staggered_still,jacobi4,1,6,0.607232,8.0E-4
10000,staggered_still,jacobi4,1,7,0.617472,0.0028
10000,staggered_still,jacobi4,1,8,0.603136,0.0028
10000,staggered_still,jacobi4,1,9,0.61952,0.0019
10000,staggered_still,jacobi4,1,10,0.607232,8.0E-4
10000,staggered_still,jacobi4,1,11,0.61952,7.0E-4
10000,staggered_still,jacobi4,1,12,0.605184,7.0E-4
10000,staggered_still,jacobi4,1,13,0.61952,8.0E-4
10000,staggered_still,jacobi4,1,14,0.606208,7.0E-4
10000,staggered_still,jacobi4,1,15,0.620544,8.0E-4
10000,staggered_still,jacobi4,1,16,0.607232,7.0E-4
10000,staggered_still,jacobi4,1,17,0.646144,8.0E-4
10000,staggered_still,jacobi4,1,18,0.606208,7.0E-4
10000,staggered_still,jacobi4,1,19,0.646144,6.0E-4
10000,staggered_still,jacobi4,1,20,0.615424,9.0E-4
10000,staggered_still,jacobi4,1,21,0.607232,8.0E-4
10000,staggered_still,jacobi4,1,22,0.618496,6.0E-4
10000,staggered_still,jacobi4,1,23,0.605184,8.0E-4
10000,staggered_still,jacobi4,1,24,0.618496,8.0E-4
10000,staggered_still,jacobi4,1,25,0.608256,6.0E-4
10000,staggered_still,jacobi4,1,26,0.618496,7.0E-4
10000,staggered_still,jacobi4,1,27,0.608256,0.0029
10000,staggered_still,jacobi4,1,28,0.618496,0.004
10000,staggered_still,jacobi4,1,29,0.608256,0.001
10000,staggered_still,jacobi4,1,30,0.617472,0.0012
10000,staggered_still,jacobi4,1,31,0.608256,7.0E-4
10000,staggered_still,jacobi4,1,32,0.796672,8.0E-4
10000,staggered_still,jacobi4,1,33,0.610304,7.0E-4
10000,staggered_still,jacobi4,1,34,0.618496,7.0E-4
10000,staggered_still,jacobi4,1,35,0.784384,7.0E-4
10000,staggered_still,jacobi4,1,36,0.666624,8.0E-4
10000,staggered_still,jacobi4,1,37,0.608256,8.0E-4
10000,staggered_still,jacobi4,1,38,0.656384,8.0E-4
10000,staggered_still,jacobi4,1,39,0.616448,7.0E-4
10000,staggered_still,jacobi4,2,0,0.648192,0.0036
10000,staggered_still,jacobi4,2,1,0.6144,8.0E-4
10000,staggered_still,jacobi4,2,2,0.608256,0.0023
10000,staggered_still,jacobi4,2,3,0.615424,8.0E-4
10000,staggered_still,jacobi4,2,4,0.606208,9.0E-4
10000,staggered_still,jacobi4,2,5,0.618496,8.0E-4
10000,staggered_still,jacobi4,2,6,0.607232,7.0E-4
10000,staggered_still,jacobi4,2,7,0.616448,9.0E-4
10000,staggered_still,jacobi4,2,8,0.608256,8.0E-4
10000,staggered_still,jacobi4,2,9,0.616448,8.0E-4
10000,staggered_still,jacobi4,2,10,0.606208,7.0E-4
10000,staggered_still,jacobi4,2,11,0.616448,7.0E-4
10000,staggered_still,jacobi4,2,12,0.602112,7.0E-4
10000,staggered_still,jacobi4,2,13,0.61952,9.0E-4
10000,staggered_still,jacobi4,2,14,0.607232,6.0E-4
10000,staggered_still,jacobi4,2,15,0.61952,8.0E-4
10000,staggered_still,jacobi4,2,16,0.607232,7.0E-4
10000,staggered_still,jacobi4,2,17,0.647168,7.0E-4
10000,staggered_still,jacobi4,2,18,0.606208,7.0E-4
10000,staggered_still,jacobi4,2,19,0.649216,8.0E-4
10000,staggered_still,jacobi4,2,20,0.615424,7.0E-4
10000,staggered_still,jacobi4,2,21,0.60928,8.0E-4
10000,staggered_still,jacobi4,2,22,0.616448,8.0E-4
10000,staggered_still,jacobi4,2,23,0.607232,7.0E-4
10000,staggered_still,jacobi4,2,24,0.615424,8.0E-4
10000,staggered_still,jacobi4,2,25,0.608256,7.0E-4
10000,staggered_still,jacobi4,2,26,0.616448,8.0E-4
10000,staggered_still,jacobi4,2,27,0.605184,7.0E-4
10000,staggered_still,jacobi4,2,28,0.6144,8.0E-4
10000,staggered_still,jacobi4,2,29,0.610304,0.0029
10000,staggered_still,jacobi4,2,30,0.618496,8.0E-4
10000,staggered_still,jacobi4,2,31,0.605184,7.0E-4
10000,staggered_still,jacobi4,2,32,0.617472,8.0E-4
10000,staggered_still,jacobi4,2,33,0.60416,8.0E-4
10000,staggered_still,jacobi4,2,34,0.620544,0.001
10000,staggered_still,jacobi4,2,35,0.60416,8.0E-4
10000,staggered_still,jacobi4,2,36,0.643072,8.0E-4
10000,staggered_still,jacobi4,2,37,0.607232,7.0E-4
10000,staggered_still,jacobi4,2,38,0.646144,8.0E-4
10000,staggered_still,jacobi4,2,39,0.613376,8.0E-4
10000,staggered_still,jacobi4,3,0,0.635904,0.01
10000,staggered_still,jacobi4,3,1,0.616448,0.0011
10000,staggered_still,jacobi4,3,2,0.606208,0.0033
10000,staggered_still,jacobi4,3,3,0.618496,8.0E-4
10000,staggered_still,jacobi4,3,4,0.605184,8.0E-4
10000,staggered_still,jacobi4,3,5,0.618496,9.0E-4
10000,staggered_still,jacobi4,3,6,0.60928,0.001
10000,staggered_still,jacobi4,3,7,0.618496,8.0E-4
10000,staggered_still,jacobi4,3,8,0.607232,8.0E-4
10000,staggered_still,jacobi4,3,9,0.617472,7.0E-4
10000,staggered_still,jacobi4,3,10,0.840704,7.0E-4
10000,staggered_still,jacobi4,3,11,0.618496,9.0E-4
10000,staggered_still,jacobi4,3,12,0.608256,9.0E-4
10000,staggered_still,jacobi4,3,13,0.620544,9.0E-4
10000,staggered_still,jacobi4,3,14,0.608256,7.0E-4
10000,staggered_still,jacobi4,3,15,0.618496,7.0E-4
10000,staggered_still,jacobi4,3,16,0.605184,7.0E-4
10000,staggered_still,jacobi4,3,17,0.643072,9.0E-4
10000,staggered_still,jacobi4,3,18,0.6144,7.0E-4
10000,staggered_still,jacobi4,3,19,0.608256,8.0E-4
10000,staggered_still,jacobi4,3,20,0.616448,8.0E-4
10000,staggered_still,jacobi4,3,21,0.606208,7.0E-4
10000,staggered_still,jacobi4,3,22,0.621568,9.0E-4
10000,staggered_still,jacobi4,3,23,0.605184,8.0E-4
10000,staggered_still,jacobi4,3,24,0.615424,8.0E-4
10000,staggered_still,jacobi4,3,25,0.610304,7.0E-4
10000,staggered_still,jacobi4,3,26,0.618496,7.0E-4
10000,staggered_still,jacobi4,3,27,0.607232,7.0E-4
10000,staggered_still,jacobi4,3,28,0.616448,8.0E-4
10000,staggered_still,jacobi4,3,29,0.606208,7.0E-4
10000,staggered_still,jacobi4,3,30,0.616448,8.0E-4
10000,staggered_still,jacobi4,3,31,0.606208,7.0E-4
10000,staggered_still,jacobi4,3,32,0.620544,6.0E-4
10000,staggered_still,jacobi4,3,33,0.608256,7.0E-4
10000,staggered_still,jacobi4,3,34,0.616448,8.0E-4
10000,staggered_still,jacobi4,3,35,0.605184,7.0E-4
10000,staggered_still,jacobi4,3,36,0.644096,8.0E-4
10000,staggered_still,jacobi4,3,37,0.607232,8.0E-4
10000,staggered_still,jacobi4,3,38,0.649216,7.0E-4
10000,staggered_still,jacobi4,3,39,0.617472,8.0E-4
10000,staggered_still,jacobi16,1,0,2.320384,0.0129
10000,staggered_still,jacobi16,1,1,2.289664,0.0037
10000,staggered_still,jacobi16,1,2,2.291712,0.0037
10000,staggered_still,jacobi16,1,3,2.289664,0.0036
10000,staggered_still,jacobi16,1,4,2.282496,0.0037
10000,staggered_still,jacobi16,1,5,2.315264,0.0038
10000,staggered_still,jacobi16,1,6,2.29376,0.0036
10000,staggered_still,jacobi16,1,7,2.291712,0.0037
10000,staggered_still,jacobi16,1,8,2.292736,0.0036
10000,staggered_still,jacobi16,1,9,2.281472,0.0036
10000,staggered_still,jacobi16,1,10,2.291712,0.0053
10000,staggered_still,jacobi16,1,11,2.476032,0.0041
10000,staggered_still,jacobi16,1,12,2.29376,0.0036
10000,staggered_still,jacobi16,1,13,2.286592,0.0036
10000,staggered_still,jacobi16,1,14,2.280448,0.0047
10000,staggered_still,jacobi16,1,15,2.284544,0.0038
10000,staggered_still,jacobi16,1,16,2.287616,0.0037
10000,staggered_still,jacobi16,1,17,2.295808,0.0036
10000,staggered_still,jacobi16,1,18,2.2784,0.0039
10000,staggered_still,jacobi16,1,19,2.321408,0.004
10000,staggered_still,jacobi16,1,20,2.292736,0.0037
10000,staggered_still,jacobi16,1,21,2.289664,0.0037
10000,staggered_still,jacobi16,1,22,2.29376,0.0036
10000,staggered_still,jacobi16,1,23,2.28352,0.0039
10000,staggered_still,jacobi16,1,24,2.318336,0.0037
10000,staggered_still,jacobi16,1,25,2.287616,0.0037
10000,staggered_still,jacobi16,1,26,2.466816,0.0037
10000,staggered_still,jacobi16,1,27,2.290688,0.0039
10000,staggered_still,jacobi16,1,28,2.280448,0.0038
10000,staggered_still,jacobi16,1,29,2.289664,0.004
10000,staggered_still,jacobi16,1,30,2.292736,0.0036
10000,staggered_still,jacobi16,1,31,2.292736,0.0038
10000,staggered_still,jacobi16,1,32,2.28864,0.0037
10000,staggered_still,jacobi16,1,33,2.280448,0.0036
10000,staggered_still,jacobi16,1,34,2.291712,0.0036
10000,staggered_still,jacobi16,1,35,2.29376,0.0037
10000,staggered_still,jacobi16,1,36,2.297856,0.0037
10000,staggered_still,jacobi16,1,37,2.280448,0.0036
10000,staggered_still,jacobi16,1,38,2.322432,0.0037
10000,staggered_still,jacobi16,1,39,2.294784,0.004
10000,staggered_still,jacobi16,2,0,2.312192,0.1593
10000,staggered_still,jacobi16,2,1,2.294784,0.0135
10000,staggered_still,jacobi16,2,2,2.29376,0.0047
10000,staggered_still,jacobi16,2,3,2.28864,0.0048
10000,staggered_still,jacobi16,2,4,2.281472,0.0048
10000,staggered_still,jacobi16,2,5,2.318336,0.0048
10000,staggered_still,jacobi16,2,6,2.295808,0.0048
10000,staggered_still,jacobi16,2,7,2.471936,0.0033
10000,staggered_still,jacobi16,2,8,2.294784,0.0033
10000,staggered_still,jacobi16,2,9,2.28352,0.0032
10000,staggered_still,jacobi16,2,10,2.294784,0.0032
10000,staggered_still,jacobi16,2,11,2.291712,0.0033
10000,staggered_still,jacobi16,2,12,2.28864,0.0033
10000,staggered_still,jacobi16,2,13,2.286592,0.0032
10000,staggered_still,jacobi16,2,14,2.287616,0.0032
10000,staggered_still,jacobi16,2,15,2.291712,0.0034
10000,staggered_still,jacobi16,2,16,2.289664,0.0032
10000,staggered_still,jacobi16,2,17,2.28864,0.0032
10000,staggered_still,jacobi16,2,18,2.2784,0.0032
10000,staggered_still,jacobi16,2,19,2.321408,0.0035
10000,staggered_still,jacobi16,2,20,2.287616,0.0032
10000,staggered_still,jacobi16,2,21,2.465792,0.0035
10000,staggered_still,jacobi16,2,22,2.290688,0.0032
10000,staggered_still,jacobi16,2,23,2.280448,0.0032
10000,staggered_still,jacobi16,2,24,2.323456,0.0033
10000,staggered_still,jacobi16,2,25,2.289664,0.0032
10000,staggered_still,jacobi16,2,26,2.294784,0.0032
10000,staggered_still,jacobi16,2,27,2.285568,0.0034
10000,staggered_still,jacobi16,2,28,2.281472,0.0037
10000,staggered_still,jacobi16,2,29,2.28864,0.0037
10000,staggered_still,jacobi16,2,30,2.295808,0.0031
10000,staggered_still,jacobi16,2,31,2.284544,0.0032
10000,staggered_still,jacobi16,2,32,2.28864,0.0033
10000,staggered_still,jacobi16,2,33,2.289664,0.0032
10000,staggered_still,jacobi16,2,34,2.291712,0.0032
10000,staggered_still,jacobi16,2,35,2.29376,0.0032
10000,staggered_still,jacobi16,2,36,2.46272,0.0049
10000,staggered_still,jacobi16,2,37,2.28352,0.0032
10000,staggered_still,jacobi16,2,38,2.325504,0.0033
10000,staggered_still,jacobi16,2,39,2.291712,0.0031
10000,staggered_still,jacobi16,3,0,2.32448,0.0068
10000,staggered_still,jacobi16,3,1,2.294784,0.0034
10000,staggered_still,jacobi16,3,2,2.295808,0.0032
10000,staggered_still,jacobi16,3,3,2.47296,0.0031
10000,staggered_still,jacobi16,3,4,2.282496,0.0033
10000,staggered_still,jacobi16,3,5,2.32448,0.0032
10000,staggered_still,jacobi16,3,6,2.291712,0.0032
10000,staggered_still,jacobi16,3,7,2.294784,0.0032
10000,staggered_still,jacobi16,3,8,2.296832,0.0032
10000,staggered_still,jacobi16,3,9,2.27328,0.0033
10000,staggered_still,jacobi16,3,10,2.292736,0.0033
10000,staggered_still,jacobi16,3,11,2.291712,0.0032
10000,staggered_still,jacobi16,3,12,2.292736,0.0032
10000,staggered_still,jacobi16,3,13,2.291712,0.0032
10000,staggered_still,jacobi16,3,14,2.28352,0.0032
10000,staggered_still,jacobi16,3,15,2.286592,0.0033
10000,staggered_still,jacobi16,3,16,2.302976,0.0033
10000,staggered_still,jacobi16,3,17,2.468864,0.0032
10000,staggered_still,jacobi16,3,18,2.2784,0.0031
10000,staggered_still,jacobi16,3,19,2.327552,0.0031
10000,staggered_still,jacobi16,3,20,2.29376,0.0031
10000,staggered_still,jacobi16,3,21,2.290688,0.0039
10000,staggered_still,jacobi16,3,22,2.291712,0.0033
10000,staggered_still,jacobi16,3,23,2.276352,0.0031
10000,staggered_still,jacobi16,3,24,2.326528,0.0031
10000,staggered_still,jacobi16,3,25,2.295808,0.0032
10000,staggered_still,jacobi16,3,26,2.291712,0.0034
10000,staggered_still,jacobi16,3,27,2.300928,0.0032
10000,staggered_still,jacobi16,3,28,2.282496,0.0033
10000,staggered_still,jacobi16,3,29,2.294784,0.0033
10000,staggered_still,jacobi16,3,30,2.291712,0.0032
10000,staggered_still,jacobi16,3,31,2.291712,0.0037
10000,staggered_still,jacobi16,3,32,2.47808,0.0032
10000,staggered_still,jacobi16,3,33,2.282496,0.0035
10000,staggered_still,jacobi16,3,34,2.292736,0.0031
10000,staggered_still,jacobi16,3,35,2.291712,0.0032
10000,staggered_still,jacobi16,3,36,2.290688,0.0032
10000,staggered_still,jacobi16,3,37,2.279424,0.0035
10000,staggered_still,jacobi16,3,38,2.317312,0.0032
10000,staggered_still,jacobi16,3,39,2.292736,0.0031
10000,staggered_still,support4,1,0,0.88064,0.0059
10000,staggered_still,support4,1,1,0.858112,0.0035
10000,staggered_still,support4,1,2,0.892928,0.0037
10000,staggered_still,support4,1,3,0.85504,0.0035
10000,staggered_still,support4,1,4,1.056768,0.0052
10000,staggered_still,support4,1,5,0.864256,0.0035
10000,staggered_still,support4,1,6,0.858112,0.0036
10000,staggered_still,support4,1,7,0.856064,0.0036
10000,staggered_still,support4,1,8,0.869376,0.0052
10000,staggered_still,support4,1,9,0.859136,0.0035
10000,staggered_still,support4,1,10,0.876544,0.0034
10000,staggered_still,support4,1,11,0.863232,0.0039
10000,staggered_still,support4,1,12,0.882688,0.005
10000,staggered_still,support4,1,13,0.866304,0.0038
10000,staggered_still,support4,1,14,0.8704,0.0035
10000,staggered_still,support4,1,15,0.868352,0.0036
10000,staggered_still,support4,1,16,0.876544,0.0035
10000,staggered_still,support4,1,17,0.876544,0.0052
10000,staggered_still,support4,1,18,0.8448,0.0035
10000,staggered_still,support4,1,19,0.882688,0.0035
10000,staggered_still,support4,1,20,0.861184,0.0034
10000,staggered_still,support4,1,21,0.88576,0.0052
10000,staggered_still,support4,1,22,0.851968,0.0034
10000,staggered_still,support4,1,23,0.87552,0.0036
10000,staggered_still,support4,1,24,0.851968,0.0035
10000,staggered_still,support4,1,25,0.866304,0.0054
10000,staggered_still,support4,1,26,0.847872,0.0038
10000,staggered_still,support4,1,27,0.867328,0.0035
10000,staggered_still,support4,1,28,0.85504,0.0034
10000,staggered_still,support4,1,29,0.866304,0.0035
10000,staggered_still,support4,1,30,0.852992,0.0036
10000,staggered_still,support4,1,31,0.86528,0.0034
10000,staggered_still,support4,1,32,0.850944,0.0035
10000,staggered_still,support4,1,33,0.867328,0.0035
10000,staggered_still,support4,1,34,0.862208,0.0053
10000,staggered_still,support4,1,35,0.867328,0.0035
10000,staggered_still,support4,1,36,0.863232,0.0035
10000,staggered_still,support4,1,37,0.835584,0.0035
10000,staggered_still,support4,1,38,0.894976,0.0051
10000,staggered_still,support4,1,39,0.866304,0.0035
10000,staggered_still,support4,2,0,0.883712,0.0091
10000,staggered_still,support4,2,1,0.862208,0.0035
10000,staggered_still,support4,2,2,0.889856,0.004
10000,staggered_still,support4,2,3,0.857088,0.0035
10000,staggered_still,support4,2,4,0.882688,0.0036
10000,staggered_still,support4,2,5,0.843776,0.0036
10000,staggered_still,support4,2,6,0.85504,0.0035
10000,staggered_still,support4,2,7,0.847872,0.0035
10000,staggered_still,support4,2,8,0.864256,0.0035
10000,staggered_still,support4,2,9,0.852992,0.0056
10000,staggered_still,support4,2,10,0.861184,0.0036
10000,staggered_still,support4,2,11,0.854016,0.0036
10000,staggered_still,support4,2,12,0.873472,0.0035
10000,staggered_still,support4,2,13,0.861184,0.0051
10000,staggered_still,support4,2,14,0.863232,0.0035
10000,staggered_still,support4,2,15,0.86016,0.0037
10000,staggered_still,support4,2,16,0.857088,0.0054
10000,staggered_still,support4,2,17,0.861184,0.0051
10000,staggered_still,support4,2,18,0.833536,0.0036
10000,staggered_still,support4,2,19,0.889856,0.0035
10000,staggered_still,support4,2,20,0.857088,0.0035
10000,staggered_still,support4,2,21,0.88576,0.0035
10000,staggered_still,support4,2,22,0.852992,0.0052
10000,staggered_still,support4,2,23,0.876544,0.0036
10000,staggered_still,support4,2,24,0.84992,0.0035
10000,staggered_still,support4,2,25,0.8704,0.0036
10000,staggered_still,support4,2,26,0.842752,0.0054
10000,staggered_still,support4,2,27,0.869376,0.0035
10000,staggered_still,support4,2,28,1.040384,0.0035
10000,staggered_still,support4,2,29,0.863232,0.0035
10000,staggered_still,support4,2,30,0.869376,0.0052
10000,staggered_still,support4,2,31,0.883712,0.0036
10000,staggered_still,support4,2,32,0.869376,0.0035
10000,staggered_still,support4,2,33,0.882688,0.0035
10000,staggered_still,support4,2,34,0.86016,0.0035
10000,staggered_still,support4,2,35,0.876544,0.0056
10000,staggered_still,support4,2,36,0.877568,0.0037
10000,staggered_still,support4,2,37,0.84992,0.0036
10000,staggered_still,support4,2,38,0.90112,0.0035
10000,staggered_still,support4,2,39,0.873472,0.0052
10000,staggered_still,support4,3,0,0.882688,0.005
10000,staggered_still,support4,3,1,0.85504,0.0057
10000,staggered_still,support4,3,2,0.884736,0.0035
10000,staggered_still,support4,3,3,0.851968,0.0034
10000,staggered_still,support4,3,4,0.874496,0.0035
10000,staggered_still,support4,3,5,0.859136,0.0052
10000,staggered_still,support4,3,6,0.869376,0.0034
10000,staggered_still,support4,3,7,0.85504,0.0034
10000,staggered_still,support4,3,8,0.87552,0.0035
10000,staggered_still,support4,3,9,0.848896,0.0051
10000,staggered_still,support4,3,10,0.87552,0.0034
10000,staggered_still,support4,3,11,0.864256,0.0034
10000,staggered_still,support4,3,12,1.048576,0.0035
10000,staggered_still,support4,3,13,0.864256,0.0037
10000,staggered_still,support4,3,14,0.869376,0.0052
10000,staggered_still,support4,3,15,0.864256,0.0035
10000,staggered_still,support4,3,16,0.856064,0.0041
10000,staggered_still,support4,3,17,0.867328,0.0035
10000,staggered_still,support4,3,18,0.842752,0.0056
10000,staggered_still,support4,3,19,0.900096,0.0035
10000,staggered_still,support4,3,20,0.866304,0.0034
10000,staggered_still,support4,3,21,0.897024,0.0035
10000,staggered_still,support4,3,22,0.864256,0.0053
10000,staggered_still,support4,3,23,0.87552,0.0036
10000,staggered_still,support4,3,24,0.854016,0.0034
10000,staggered_still,support4,3,25,0.88576,0.0035
10000,staggered_still,support4,3,26,0.867328,0.0052
10000,staggered_still,support4,3,27,0.879616,0.0034
10000,staggered_still,support4,3,28,0.86016,0.0035
10000,staggered_still,support4,3,29,0.866304,0.0035
10000,staggered_still,support4,3,30,0.848896,0.0035
10000,staggered_still,support4,3,31,0.86528,0.0051
10000,staggered_still,support4,3,32,0.856064,0.0035
10000,staggered_still,support4,3,33,0.869376,0.0035
10000,staggered_still,support4,3,34,0.854016,0.0034
10000,staggered_still,support4,3,35,0.868352,0.0051
10000,staggered_still,support4,3,36,0.86528,0.0035
10000,staggered_still,support4,3,37,0.836608,0.0035
10000,staggered_still,support4,3,38,0.893952,0.0034
10000,staggered_still,support4,3,39,0.866304,0.0051
10000,staggered_driven,jacobi4,1,0,0.708608,0.0148
10000,staggered_driven,jacobi4,1,1,0.688128,0.0033
10000,staggered_driven,jacobi4,1,2,0.67072,0.0118
10000,staggered_driven,jacobi4,1,3,0.724992,0.0032
10000,staggered_driven,jacobi4,1,4,0.689152,0.0029
10000,staggered_driven,jacobi4,1,5,0.852992,0.003
10000,staggered_driven,jacobi4,1,6,0.73216,0.0025
10000,staggered_driven,jacobi4,1,7,0.689152,0.0026
10000,staggered_driven,jacobi4,1,8,0.697344,0.0025
10000,staggered_driven,jacobi4,1,9,0.687104,0.0029
10000,staggered_driven,jacobi4,1,10,0.714752,0.003
10000,staggered_driven,jacobi4,1,11,0.692224,0.003
10000,staggered_driven,jacobi4,1,12,0.68608,0.003
10000,staggered_driven,jacobi4,1,13,0.712704,0.0029
10000,staggered_driven,jacobi4,1,14,0.708608,0.0025
10000,staggered_driven,jacobi4,1,15,0.715776,0.0027
10000,staggered_driven,jacobi4,1,16,0.704512,0.0029
10000,staggered_driven,jacobi4,1,17,0.750592,0.003
10000,staggered_driven,jacobi4,1,18,0.712704,0.0032
10000,staggered_driven,jacobi4,1,19,0.708608,0.0029
10000,staggered_driven,jacobi4,1,20,0.715776,0.0029
10000,staggered_driven,jacobi4,1,21,0.69632,0.0109
10000,staggered_driven,jacobi4,1,22,0.739328,0.0263
10000,staggered_driven,jacobi4,1,23,0.70656,0.0175
10000,staggered_driven,jacobi4,1,24,0.695296,0.0166
10000,staggered_driven,jacobi4,1,25,0.707584,0.0036
10000,staggered_driven,jacobi4,1,26,0.693248,0.0029
10000,staggered_driven,jacobi4,1,27,0.707584,0.0029
10000,staggered_driven,jacobi4,1,28,0.702464,0.0028
10000,staggered_driven,jacobi4,1,29,0.73216,0.0029
10000,staggered_driven,jacobi4,1,30,0.712704,0.003
10000,staggered_driven,jacobi4,1,31,0.715776,0.0025
10000,staggered_driven,jacobi4,1,32,0.719872,0.0027
10000,staggered_driven,jacobi4,1,33,0.718848,0.0027
10000,staggered_driven,jacobi4,1,34,0.697344,0.0029
10000,staggered_driven,jacobi4,1,35,0.68096,0.0031
10000,staggered_driven,jacobi4,1,36,0.720896,0.0027
10000,staggered_driven,jacobi4,1,37,0.676864,0.0029
10000,staggered_driven,jacobi4,1,38,0.673792,0.0025
10000,staggered_driven,jacobi4,1,39,0.684032,0.0026
10000,staggered_driven,jacobi4,2,0,0.720896,0.0151
10000,staggered_driven,jacobi4,2,1,0.669696,0.0114
10000,staggered_driven,jacobi4,2,2,0.683008,0.0035
10000,staggered_driven,jacobi4,2,3,0.676864,0.0026
10000,staggered_driven,jacobi4,2,4,0.692224,0.0028
10000,staggered_driven,jacobi4,2,5,0.688128,0.0031
10000,staggered_driven,jacobi4,2,6,0.72192,0.0027
10000,staggered_driven,jacobi4,2,7,0.883712,0.0032
10000,staggered_driven,jacobi4,2,8,0.684032,0.0026
10000,staggered_driven,jacobi4,2,9,0.695296,0.0029
10000,staggered_driven,jacobi4,2,10,0.68608,0.0026
10000,staggered_driven,jacobi4,2,11,0.6912,0.0026
10000,staggered_driven,jacobi4,2,12,0.677888,0.0034
10000,staggered_driven,jacobi4,2,13,0.745472,0.003
10000,staggered_driven,jacobi4,2,14,0.713728,0.0032
10000,staggered_driven,jacobi4,2,15,0.707584,0.003
10000,staggered_driven,jacobi4,2,16,0.714752,0.003
10000,staggered_driven,jacobi4,2,17,0.702464,0.0029
10000,staggered_driven,jacobi4,2,18,0.746496,0.0031
10000,staggered_driven,jacobi4,2,19,0.715776,0.0111
10000,staggered_driven,jacobi4,2,20,0.70656,0.0045
10000,staggered_driven,jacobi4,2,21,0.710656,0.0029
10000,staggered_driven,jacobi4,2,22,0.699392,0.0031
10000,staggered_driven,jacobi4,2,23,0.708608,0.0038
10000,staggered_driven,jacobi4,2,24,0.70144,0.0032
10000,staggered_driven,jacobi4,2,25,0.735232,0.0033
10000,staggered_driven,jacobi4,2,26,0.712704,0.0031
10000,staggered_driven,jacobi4,2,27,0.698368,0.0032
10000,staggered_driven,jacobi4,2,28,0.704512,0.003
10000,staggered_driven,jacobi4,2,29,0.697344,0.0026
10000,staggered_driven,jacobi4,2,30,0.70656,0.0027
10000,staggered_driven,jacobi4,2,31,0.709632,0.0032
10000,staggered_driven,jacobi4,2,32,0.750592,0.0035
10000,staggered_driven,jacobi4,2,33,0.719872,0.0027
10000,staggered_driven,jacobi4,2,34,0.688128,0.003
10000,staggered_driven,jacobi4,2,35,0.694272,0.0027
10000,staggered_driven,jacobi4,2,36,0.683008,0.0026
10000,staggered_driven,jacobi4,2,37,0.710656,0.0026
10000,staggered_driven,jacobi4,2,38,0.679936,0.0026
10000,staggered_driven,jacobi4,2,39,0.673792,0.003
10000,staggered_driven,jacobi4,3,0,0.703488,0.0202
10000,staggered_driven,jacobi4,3,1,0.6912,0.0036
10000,staggered_driven,jacobi4,3,2,0.67072,0.0111
10000,staggered_driven,jacobi4,3,3,0.720896,0.0032
10000,staggered_driven,jacobi4,3,4,0.688128,0.0034
10000,staggered_driven,jacobi4,3,5,0.683008,0.003
10000,staggered_driven,jacobi4,3,6,0.699392,0.0029
10000,staggered_driven,jacobi4,3,7,0.68608,0.0025
10000,staggered_driven,jacobi4,3,8,0.694272,0.003
10000,staggered_driven,jacobi4,3,9,0.861184,0.0024
10000,staggered_driven,jacobi4,3,10,0.726016,0.003
10000,staggered_driven,jacobi4,3,11,0.685056,0.0033
10000,staggered_driven,jacobi4,3,12,0.68096,0.0033
10000,staggered_driven,jacobi4,3,13,0.71168,0.0025
10000,staggered_driven,jacobi4,3,14,0.710656,0.003
10000,staggered_driven,jacobi4,3,15,0.714752,0.0026
10000,staggered_driven,jacobi4,3,16,0.704512,0.0033
10000,staggered_driven,jacobi4,3,17,0.748544,0.0031
10000,staggered_driven,jacobi4,3,18,0.715776,0.0029
10000,staggered_driven,jacobi4,3,19,0.707584,0.0028
10000,staggered_driven,jacobi4,3,20,0.7168,0.0029
10000,staggered_driven,jacobi4,3,21,0.69632,0.0029
10000,staggered_driven,jacobi4,3,22,0.740352,0.0041
10000,staggered_driven,jacobi4,3,23,0.70656,0.0032
10000,staggered_driven,jacobi4,3,24,0.69632,0.0037
10000,staggered_driven,jacobi4,3,25,0.708608,0.0329
10000,staggered_driven,jacobi4,3,26,0.693248,0.003
10000,staggered_driven,jacobi4,3,27,0.70656,0.0024
10000,staggered_driven,jacobi4,3,28,0.702464,0.0029
10000,staggered_driven,jacobi4,3,29,0.728064,0.0025
10000,staggered_driven,jacobi4,3,30,0.712704,0.0034
10000,staggered_driven,jacobi4,3,31,0.708608,0.003
10000,staggered_driven,jacobi4,3,32,0.720896,0.0326
10000,staggered_driven,jacobi4,3,33,0.718848,0.0029
10000,staggered_driven,jacobi4,3,34,0.700416,0.0029
10000,staggered_driven,jacobi4,3,35,0.683008,0.0023
10000,staggered_driven,jacobi4,3,36,0.729088,0.0025
10000,staggered_driven,jacobi4,3,37,0.673792,0.0024
10000,staggered_driven,jacobi4,3,38,0.674816,0.0028
10000,staggered_driven,jacobi4,3,39,0.684032,0.0027
10000,staggered_driven,jacobi16,1,0,2.325504,0.0263
10000,staggered_driven,jacobi16,1,1,2.318336,0.0119
10000,staggered_driven,jacobi16,1,2,2.331648,0.0119
10000,staggered_driven,jacobi16,1,3,2.327552,0.0119
10000,staggered_driven,jacobi16,1,4,2.313216,0.0118
10000,staggered_driven,jacobi16,1,5,2.310144,0.0118
10000,staggered_driven,jacobi16,1,6,2.336768,0.0121
10000,staggered_driven,jacobi16,1,7,2.366464,0.0119
10000,staggered_driven,jacobi16,1,8,2.31936,0.0117
10000,staggered_driven,jacobi16,1,9,2.322432,0.0119
10000,staggered_driven,jacobi16,1,10,2.490368,0.012
10000,staggered_driven,jacobi16,1,11,2.347008,0.0119
10000,staggered_driven,jacobi16,1,12,2.330624,0.0118
10000,staggered_driven,jacobi16,1,13,2.402304,0.0143
10000,staggered_driven,jacobi16,1,14,2.368512,0.0131
10000,staggered_driven,jacobi16,1,15,2.372608,0.0114
10000,staggered_driven,jacobi16,1,16,2.367488,0.0114
10000,staggered_driven,jacobi16,1,17,2.373632,0.0116
10000,staggered_driven,jacobi16,1,18,2.361344,0.0114
10000,staggered_driven,jacobi16,1,19,2.394112,0.0116
10000,staggered_driven,jacobi16,1,20,2.366464,0.0115
10000,staggered_driven,jacobi16,1,21,2.33984,0.0114
10000,staggered_driven,jacobi16,1,22,2.340864,0.0114
10000,staggered_driven,jacobi16,1,23,2.340864,0.0114
10000,staggered_driven,jacobi16,1,24,2.506752,0.0113
10000,staggered_driven,jacobi16,1,25,2.323456,0.0114
10000,staggered_driven,jacobi16,1,26,2.36544,0.0118
10000,staggered_driven,jacobi16,1,27,2.33472,0.0111
10000,staggered_driven,jacobi16,1,28,2.335744,0.0114
10000,staggered_driven,jacobi16,1,29,2.3296,0.0114
10000,staggered_driven,jacobi16,1,30,2.34496,0.0129
10000,staggered_driven,jacobi16,1,31,2.395136,0.0253
10000,staggered_driven,jacobi16,1,32,2.432,0.0117
10000,staggered_driven,jacobi16,1,33,2.4064,0.0115
10000,staggered_driven,jacobi16,1,34,2.381824,0.0114
10000,staggered_driven,jacobi16,1,35,2.367488,0.0114
10000,staggered_driven,jacobi16,1,36,2.361344,0.0114
10000,staggered_driven,jacobi16,1,37,2.290688,0.0118
10000,staggered_driven,jacobi16,1,38,2.500608,0.0116
10000,staggered_driven,jacobi16,1,39,2.300928,0.0114
10000,staggered_driven,jacobi16,2,0,2.335744,0.0395
10000,staggered_driven,jacobi16,2,1,2.308096,0.0117
10000,staggered_driven,jacobi16,2,2,2.34496,0.0111
10000,staggered_driven,jacobi16,2,3,2.3296,0.0119
10000,staggered_driven,jacobi16,2,4,2.49856,0.0116
10000,staggered_driven,jacobi16,2,5,2.315264,0.0108
10000,staggered_driven,jacobi16,2,6,2.349056,0.0107
10000,staggered_driven,jacobi16,2,7,2.335744,0.0109
10000,staggered_driven,jacobi16,2,8,2.316288,0.0108
10000,staggered_driven,jacobi16,2,9,2.3552,0.0108
10000,staggered_driven,jacobi16,2,10,2.323456,0.0108
10000,staggered_driven,jacobi16,2,11,2.343936,0.0108
10000,staggered_driven,jacobi16,2,12,2.337792,0.0109
10000,staggered_driven,jacobi16,2,13,2.37568,0.0109
10000,staggered_driven,jacobi16,2,14,2.357248,0.011
10000,staggered_driven,jacobi16,2,15,2.400256,0.0149
10000,staggered_driven,jacobi16,2,16,2.382848,0.0109
10000,staggered_driven,jacobi16,2,17,2.37056,0.0109
10000,staggered_driven,jacobi16,2,18,2.54464,0.0109
10000,staggered_driven,jacobi16,2,19,2.366464,0.0114
10000,staggered_driven,jacobi16,2,20,2.354176,0.0113
10000,staggered_driven,jacobi16,2,21,2.362368,0.0105
10000,staggered_driven,jacobi16,2,22,2.332672,0.0111
10000,staggered_driven,jacobi16,2,23,2.342912,0.0108
10000,staggered_driven,jacobi16,2,24,2.338816,0.0108
10000,staggered_driven,jacobi16,2,25,2.343936,0.0107
10000,staggered_driven,jacobi16,2,26,2.33472,0.0106
10000,staggered_driven,jacobi16,2,27,2.328576,0.0112
10000,staggered_driven,jacobi16,2,28,2.368512,0.0111
10000,staggered_driven,jacobi16,2,29,2.336768,0.0107
10000,staggered_driven,jacobi16,2,30,2.337792,0.011
10000,staggered_driven,jacobi16,2,31,2.40128,0.0107
10000,staggered_driven,jacobi16,2,32,2.581504,0.0108
10000,staggered_driven,jacobi16,2,33,2.382848,0.0109
10000,staggered_driven,jacobi16,2,34,2.41152,0.0108
10000,staggered_driven,jacobi16,2,35,2.618368,0.0107
10000,staggered_driven,jacobi16,2,36,2.561024,0.0103
10000,staggered_driven,jacobi16,2,37,2.299904,0.0111
10000,staggered_driven,jacobi16,2,38,2.289664,0.0109
10000,staggered_driven,jacobi16,2,39,2.295808,0.0108
10000,staggered_driven,jacobi16,3,0,2.340864,0.0212
10000,staggered_driven,jacobi16,3,1,2.311168,0.0113
10000,staggered_driven,jacobi16,3,2,2.353152,0.0109
10000,staggered_driven,jacobi16,3,3,2.326528,0.011
10000,staggered_driven,jacobi16,3,4,2.501632,0.0103
10000,staggered_driven,jacobi16,3,5,2.312192,0.0105
10000,staggered_driven,jacobi16,3,6,2.3552,0.0104
10000,staggered_driven,jacobi16,3,7,2.338816,0.0103
10000,staggered_driven,jacobi16,3,8,2.316288,0.0104
10000,staggered_driven,jacobi16,3,9,2.353152,0.0105
10000,staggered_driven,jacobi16,3,10,2.32448,0.0101
10000,staggered_driven,jacobi16,3,11,2.521088,0.0107
10000,staggered_driven,jacobi16,3,12,2.37568,0.0105
10000,staggered_driven,jacobi16,3,13,2.56512,0.0104
10000,staggered_driven,jacobi16,3,14,2.36032,0.0106
10000,staggered_driven,jacobi16,3,15,2.403328,0.0108
10000,staggered_driven,jacobi16,3,16,2.376704,0.0105
10000,staggered_driven,jacobi16,3,17,2.373632,0.0105
10000,staggered_driven,jacobi16,3,18,2.372608,0.0109
10000,staggered_driven,jacobi16,3,19,2.36032,0.0108
10000,staggered_driven,jacobi16,3,20,2.353152,0.0104
10000,staggered_driven,jacobi16,3,21,2.36032,0.0108
10000,staggered_driven,jacobi16,3,22,2.512896,0.0105
10000,staggered_driven,jacobi16,3,23,2.3296,0.0106
10000,staggered_driven,jacobi16,3,24,2.33472,0.0106
10000,staggered_driven,jacobi16,3,25,2.527232,0.0107
10000,staggered_driven,jacobi16,3,26,2.367488,0.0105
10000,staggered_driven,jacobi16,3,27,2.32448,0.011
10000,staggered_driven,jacobi16,3,28,2.367488,0.0107
10000,staggered_driven,jacobi16,3,29,2.33472,0.0105
10000,staggered_driven,jacobi16,3,30,2.335744,0.0104
10000,staggered_driven,jacobi16,3,31,2.597888,0.0105
10000,staggered_driven,jacobi16,3,32,2.408448,0.0113
10000,staggered_driven,jacobi16,3,33,2.388992,0.0108
10000,staggered_driven,jacobi16,3,34,2.41664,0.0108
10000,staggered_driven,jacobi16,3,35,2.368512,0.0108
10000,staggered_driven,jacobi16,3,36,2.357248,0.0105
10000,staggered_driven,jacobi16,3,37,2.29376,0.0104
10000,staggered_driven,jacobi16,3,38,2.290688,0.0104
10000,staggered_driven,jacobi16,3,39,2.506752,0.0105
10000,staggered_driven,support4,1,0,0.933888,0.009
10000,staggered_driven,support4,1,1,0.927744,0.0119
10000,staggered_driven,support4,1,2,0.925696,0.0125
10000,staggered_driven,support4,1,3,0.92672,0.0105
10000,staggered_driven,support4,1,4,0.928768,0.0105
10000,staggered_driven,support4,1,5,0.933888,0.0106
10000,staggered_driven,support4,1,6,0.945152,0.013
10000,staggered_driven,support4,1,7,0.963584,0.011
10000,staggered_driven,support4,1,8,0.941056,0.0106
10000,staggered_driven,support4,1,9,0.95232,0.0106
10000,staggered_driven,support4,1,10,0.92672,0.0105
10000,staggered_driven,support4,1,11,0.941056,0.0125
10000,staggered_driven,support4,1,12,0.93184,0.0106
10000,staggered_driven,support4,1,13,1.160192,0.0105
10000,staggered_driven,support4,1,14,0.946176,0.0106
10000,staggered_driven,support4,1,15,0.985088,0.0123
10000,staggered_driven,support4,1,16,0.966656,0.0107
10000,staggered_driven,support4,1,17,1.185792,0.0107
10000,staggered_driven,support4,1,18,0.941056,0.0106
10000,staggered_driven,support4,1,19,0.989184,0.0125
10000,staggered_driven,support4,1,20,0.970752,0.0103
10000,staggered_driven,support4,1,21,0.956416,0.0106
10000,staggered_driven,support4,1,22,0.95232,0.0105
10000,staggered_driven,support4,1,23,0.956416,0.0105
10000,staggered_driven,support4,1,24,0.960512,0.0126
10000,staggered_driven,support4,1,25,0.9472,0.0105
10000,staggered_driven,support4,1,26,0.961536,0.0155
10000,staggered_driven,support4,1,27,0.943104,0.0105
10000,staggered_driven,support4,1,28,0.955392,0.0123
10000,staggered_driven,support4,1,29,0.939008,0.0107
10000,staggered_driven,support4,1,30,0.949248,0.0106
10000,staggered_driven,support4,1,31,0.966656,0.0106
10000,staggered_driven,support4,1,32,0.976896,0.0126
10000,staggered_driven,support4,1,33,0.960512,0.0102
10000,staggered_driven,support4,1,34,1.158144,0.0107
10000,staggered_driven,support4,1,35,0.929792,0.0106
10000,staggered_driven,support4,1,36,0.965632,0.0121
10000,staggered_driven,support4,1,37,0.893952,0.0106
10000,staggered_driven,support4,1,38,0.953344,0.011
10000,staggered_driven,support4,1,39,0.93696,0.0109
10000,staggered_driven,support4,2,0,0.943104,0.0125
10000,staggered_driven,support4,2,1,0.937984,0.0114
10000,staggered_driven,support4,2,2,0.929792,0.0108
10000,staggered_driven,support4,2,3,0.943104,0.0109
10000,staggered_driven,support4,2,4,0.930816,0.0123
10000,staggered_driven,support4,2,5,0.933888,0.0106
10000,staggered_driven,support4,2,6,0.949248,0.0111
10000,staggered_driven,support4,2,7,1.16736,0.0107
10000,staggered_driven,support4,2,8,0.948224,0.0127
10000,staggered_driven,support4,2,9,0.94208,0.0102
10000,staggered_driven,support4,2,10,0.92672,0.0107
10000,staggered_driven,support4,2,11,0.946176,0.0107
10000,staggered_driven,support4,2,12,0.943104,0.0107
10000,staggered_driven,support4,2,13,0.979968,0.0124
10000,staggered_driven,support4,2,14,0.958464,0.0109
10000,staggered_driven,support4,2,15,0.989184,0.0111
10000,staggered_driven,support4,2,16,0.963584,0.0111
10000,staggered_driven,support4,2,17,0.979968,0.0158
10000,staggered_driven,support4,2,18,0.949248,0.0122
10000,staggered_driven,support4,2,19,0.994304,0.0103
10000,staggered_driven,support4,2,20,0.980992,0.0106
10000,staggered_driven,support4,2,21,0.9472,0.0123
10000,staggered_driven,support4,2,22,0.949248,0.0144
10000,staggered_driven,support4,2,23,1.171456,0.0117
10000,staggered_driven,support4,2,24,0.959488,0.0109
10000,staggered_driven,support4,2,25,0.944128,0.0123
10000,staggered_driven,support4,2,26,0.958464,0.0125
10000,staggered_driven,support4,2,27,0.933888,0.012
10000,staggered_driven,support4,2,28,0.95232,0.0115
10000,staggered_driven,support4,2,29,1.168384,0.0107
10000,staggered_driven,support4,2,30,0.958464,0.0137
10000,staggered_driven,support4,2,31,0.96256,0.0135
10000,staggered_driven,support4,2,32,0.992256,0.0106
10000,staggered_driven,support4,2,33,0.966656,0.0107
10000,staggered_driven,support4,2,34,0.965632,0.0159
10000,staggered_driven,support4,2,35,0.929792,0.011
10000,staggered_driven,support4,2,36,0.956416,0.0107
10000,staggered_driven,support4,2,37,0.896,0.0107
10000,staggered_driven,support4,2,38,0.95232,0.0107
10000,staggered_driven,support4,2,39,0.93696,0.0128
10000,staggered_driven,support4,3,0,0.941056,0.011
10000,staggered_driven,support4,3,1,0.93184,0.0124
10000,staggered_driven,support4,3,2,1.110016,0.0143
10000,staggered_driven,support4,3,3,0.93184,0.0165
10000,staggered_driven,support4,3,4,0.925696,0.0107
10000,staggered_driven,support4,3,5,0.939008,0.0105
10000,staggered_driven,support4,3,6,1.135616,0.0123
10000,staggered_driven,support4,3,7,0.959488,0.0109
10000,staggered_driven,support4,3,8,0.935936,0.0105
10000,staggered_driven,support4,3,9,0.951296,0.0106
10000,staggered_driven,support4,3,10,0.923648,0.0127
10000,staggered_driven,support4,3,11,0.948224,0.0111
10000,staggered_driven,support4,3,12,0.945152,0.0106
10000,staggered_driven,support4,3,13,0.976896,0.0338
10000,staggered_driven,support4,3,14,0.96256,0.0108
10000,staggered_driven,support4,3,15,0.973824,0.0123
10000,staggered_driven,support4,3,16,0.95232,0.0107
10000,staggered_driven,support4,3,17,0.978944,0.0106
10000,staggered_driven,support4,3,18,0.945152,0.0106
10000,staggered_driven,support4,3,19,0.98304,0.0124
10000,staggered_driven,support4,3,20,0.965632,0.0106
10000,staggered_driven,support4,3,21,0.954368,0.0107
10000,staggered_driven,support4,3,22,0.961536,0.0106
10000,staggered_driven,support4,3,23,0.939008,0.0122
10000,staggered_driven,support4,3,24,0.953344,0.0106
10000,staggered_driven,support4,3,25,0.93696,0.011
10000,staggered_driven,support4,3,26,0.958464,0.0106
10000,staggered_driven,support4,3,27,0.939008,0.0103
10000,staggered_driven,support4,3,28,0.943104,0.0109
10000,staggered_driven,support4,3,29,0.93184,0.0108
10000,staggered_driven,support4,3,30,0.969728,0.0106
10000,staggered_driven,support4,3,31,0.963584,0.0107
10000,staggered_driven,support4,3,32,0.97792,0.0125
10000,staggered_driven,support4,3,33,0.956416,0.0107
10000,staggered_driven,support4,3,34,0.96256,0.0106
10000,staggered_driven,support4,3,35,0.93184,0.0106
10000,staggered_driven,support4,3,36,0.96768,0.0124
10000,staggered_driven,support4,3,37,0.894976,0.0106
10000,staggered_driven,support4,3,38,0.944128,0.0107
10000,staggered_driven,support4,3,39,0.93184,0.0103
65536,aligned_still,jacobi4,1,0,2.486272,0.0211
65536,aligned_still,jacobi4,1,1,2.464768,7.0E-4
65536,aligned_still,jacobi4,1,2,2.415616,0.002
65536,aligned_still,jacobi4,1,3,2.430976,8.0E-4
65536,aligned_still,jacobi4,1,4,2.38592,6.0E-4
65536,aligned_still,jacobi4,1,5,2.404352,8.0E-4
65536,aligned_still,jacobi4,1,6,2.403328,7.0E-4
65536,aligned_still,jacobi4,1,7,2.45248,6.0E-4
65536,aligned_still,jacobi4,1,8,2.427904,7.0E-4
65536,aligned_still,jacobi4,1,9,2.463744,7.0E-4
65536,aligned_still,jacobi4,1,10,2.434048,7.0E-4
65536,aligned_still,jacobi4,1,11,2.644992,8.0E-4
65536,aligned_still,jacobi4,1,12,2.482176,7.0E-4
65536,aligned_still,jacobi4,1,13,2.581504,7.0E-4
65536,aligned_still,jacobi4,1,14,2.552832,6.0E-4
65536,aligned_still,jacobi4,1,15,2.589696,6.0E-4
65536,aligned_still,jacobi4,1,16,2.55488,6.0E-4
65536,aligned_still,jacobi4,1,17,2.618368,7.0E-4
65536,aligned_still,jacobi4,1,18,2.588672,6.0E-4
65536,aligned_still,jacobi4,1,19,2.655232,8.0E-4
65536,aligned_still,jacobi4,1,20,2.605056,0.0011
65536,aligned_still,jacobi4,1,21,2.594816,9.0E-4
65536,aligned_still,jacobi4,1,22,2.613248,8.0E-4
65536,aligned_still,jacobi4,1,23,2.603008,8.0E-4
65536,aligned_still,jacobi4,1,24,2.860032,7.0E-4
65536,aligned_still,jacobi4,1,25,2.588672,7.0E-4
65536,aligned_still,jacobi4,1,26,2.614272,7.0E-4
65536,aligned_still,jacobi4,1,27,2.587648,7.0E-4
65536,aligned_still,jacobi4,1,28,2.61632,8.0E-4
65536,aligned_still,jacobi4,1,29,2.596864,7.0E-4
65536,aligned_still,jacobi4,1,30,2.609152,7.0E-4
65536,aligned_still,jacobi4,1,31,2.594816,8.0E-4
65536,aligned_still,jacobi4,1,32,2.617344,6.0E-4
65536,aligned_still,jacobi4,1,33,2.605056,6.0E-4
65536,aligned_still,jacobi4,1,34,2.623488,7.0E-4
65536,aligned_still,jacobi4,1,35,2.890752,6.0E-4
65536,aligned_still,jacobi4,1,36,2.670592,7.0E-4
65536,aligned_still,jacobi4,1,37,2.646016,7.0E-4
65536,aligned_still,jacobi4,1,38,2.747392,7.0E-4
65536,aligned_still,jacobi4,1,39,2.710528,7.0E-4
65536,aligned_still,jacobi4,2,0,2.479104,0.0099
65536,aligned_still,jacobi4,2,1,2.461696,0.0021
65536,aligned_still,jacobi4,2,2,2.446336,0.0021
65536,aligned_still,jacobi4,2,3,2.429952,8.0E-4
65536,aligned_still,jacobi4,2,4,2.393088,7.0E-4
65536,aligned_still,jacobi4,2,5,2.422784,7.0E-4
65536,aligned_still,jacobi4,2,6,2.41152,7.0E-4
65536,aligned_still,jacobi4,2,7,2.453504,7.0E-4
65536,aligned_still,jacobi4,2,8,2.43712,6.0E-4
65536,aligned_still,jacobi4,2,9,2.465792,7.0E-4
65536,aligned_still,jacobi4,2,10,2.454528,7.0E-4
65536,aligned_still,jacobi4,2,11,2.46784,7.0E-4
65536,aligned_still,jacobi4,2,12,2.673664,7.0E-4
65536,aligned_still,jacobi4,2,13,2.608128,0.002
65536,aligned_still,jacobi4,2,14,2.56512,0.0011
65536,aligned_still,jacobi4,2,15,2.57536,7.0E-4
65536,aligned_still,jacobi4,2,16,2.558976,7.0E-4
65536,aligned_still,jacobi4,2,17,2.642944,6.0E-4
65536,aligned_still,jacobi4,2,18,2.598912,6.0E-4
65536,aligned_still,jacobi4,2,19,2.660352,8.0E-4
65536,aligned_still,jacobi4,2,20,2.613248,8.0E-4
65536,aligned_still,jacobi4,2,21,2.588672,7.0E-4
65536,aligned_still,jacobi4,2,22,2.609152,8.0E-4
65536,aligned_still,jacobi4,2,23,2.607104,7.0E-4
65536,aligned_still,jacobi4,2,24,2.627584,8.0E-4
65536,aligned_still,jacobi4,2,25,2.788352,0.001
65536,aligned_still,jacobi4,2,26,2.613248,8.0E-4
65536,aligned_still,jacobi4,2,27,2.594816,6.0E-4
65536,aligned_still,jacobi4,2,28,2.613248,6.0E-4
65536,aligned_still,jacobi4,2,29,2.59072,7.0E-4
65536,aligned_still,jacobi4,2,30,2.607104,8.0E-4
65536,aligned_still,jacobi4,2,31,2.596864,6.0E-4
65536,aligned_still,jacobi4,2,32,2.633728,8.0E-4
65536,aligned_still,jacobi4,2,33,2.598912,9.0E-4
65536,aligned_still,jacobi4,2,34,2.640896,7.0E-4
65536,aligned_still,jacobi4,2,35,2.630656,7.0E-4
65536,aligned_still,jacobi4,2,36,2.686976,8.0E-4
65536,aligned_still,jacobi4,2,37,2.655232,6.0E-4
65536,aligned_still,jacobi4,2,38,2.951168,8.0E-4
65536,aligned_still,jacobi4,2,39,2.712576,7.0E-4
65536,aligned_still,jacobi4,3,0,2.48832,0.0092
65536,aligned_still,jacobi4,3,1,2.463744,0.0021
65536,aligned_still,jacobi4,3,2,2.62656,0.0021
65536,aligned_still,jacobi4,3,3,2.427904,8.0E-4
65536,aligned_still,jacobi4,3,4,2.403328,6.0E-4
65536,aligned_still,jacobi4,3,5,2.407424,8.0E-4
65536,aligned_still,jacobi4,3,6,2.381824,7.0E-4
65536,aligned_still,jacobi4,3,7,2.441216,7.0E-4
65536,aligned_still,jacobi4,3,8,2.425856,8.0E-4
65536,aligned_still,jacobi4,3,9,2.448384,6.0E-4
65536,aligned_still,jacobi4,3,10,2.42688,6.0E-4
65536,aligned_still,jacobi4,3,11,2.44224,7.0E-4
65536,aligned_still,jacobi4,3,12,2.469888,6.0E-4
65536,aligned_still,jacobi4,3,13,2.577408,8.0E-4
65536,aligned_still,jacobi4,3,14,2.567168,8.0E-4
65536,aligned_still,jacobi4,3,15,2.576384,6.0E-4
65536,aligned_still,jacobi4,3,16,2.761728,8.0E-4
65536,aligned_still,jacobi4,3,17,2.625536,7.0E-4
65536,aligned_still,jacobi4,3,18,2.609152,6.0E-4
65536,aligned_still,jacobi4,3,19,2.654208,7.0E-4
65536,aligned_still,jacobi4,3,20,2.61632,7.0E-4
65536,aligned_still,jacobi4,3,21,2.592768,7.0E-4
65536,aligned_still,jacobi4,3,22,2.620416,7.0E-4
65536,aligned_still,jacobi4,3,23,2.620416,7.0E-4
65536,aligned_still,jacobi4,3,24,2.63168,7.0E-4
65536,aligned_still,jacobi4,3,25,2.596864,6.0E-4
65536,aligned_still,jacobi4,3,26,2.622464,7.0E-4
65536,aligned_still,jacobi4,3,27,2.58048,8.0E-4
65536,aligned_still,jacobi4,3,28,2.807808,8.0E-4
65536,aligned_still,jacobi4,3,29,2.592768,6.0E-4
65536,aligned_still,jacobi4,3,30,2.618368,8.0E-4
65536,aligned_still,jacobi4,3,31,2.603008,6.0E-4
65536,aligned_still,jacobi4,3,32,2.624512,6.0E-4
65536,aligned_still,jacobi4,3,33,2.603008,6.0E-4
65536,aligned_still,jacobi4,3,34,2.627584,9.0E-4
65536,aligned_still,jacobi4,3,35,2.62656,7.0E-4
65536,aligned_still,jacobi4,3,36,2.685952,8.0E-4
65536,aligned_still,jacobi4,3,37,2.637824,7.0E-4
65536,aligned_still,jacobi4,3,38,2.74944,7.0E-4
65536,aligned_still,jacobi4,3,39,2.720768,7.0E-4
65536,aligned_still,jacobi16,1,0,9.119744,0.0118
65536,aligned_still,jacobi16,1,1,9.04192,0.0033
65536,aligned_still,jacobi16,1,2,9.239552,0.0032
65536,aligned_still,jacobi16,1,3,9.035776,0.0031
65536,aligned_still,jacobi16,1,4,9.029632,0.0031
65536,aligned_still,jacobi16,1,5,9.145344,0.0031
65536,aligned_still,jacobi16,1,6,9.321472,0.005
65536,aligned_still,jacobi16,1,7,9.094144,0.0031
65536,aligned_still,jacobi16,1,8,9.090048,0.0032
65536,aligned_still,jacobi16,1,9,9.213952,0.0033
65536,aligned_still,jacobi16,1,10,9.092096,0.0033
65536,aligned_still,jacobi16,1,11,8.9856,0.0031
65536,aligned_still,jacobi16,1,12,8.971264,0.0032
65536,aligned_still,jacobi16,1,13,9.237504,0.0033
65536,aligned_still,jacobi16,1,14,8.9344,0.0032
65536,aligned_still,jacobi16,1,15,8.932352,0.0032
65536,aligned_still,jacobi16,1,16,8.88832,0.0032
65536,aligned_still,jacobi16,1,17,9.177088,0.0032
65536,aligned_still,jacobi16,1,18,8.768512,0.0031
65536,aligned_still,jacobi16,1,19,8.871936,0.0032
65536,aligned_still,jacobi16,1,20,8.79616,0.0033
65536,aligned_still,jacobi16,1,21,9.013248,0.0031
65536,aligned_still,jacobi16,1,22,8.870912,0.0032
65536,aligned_still,jacobi16,1,23,8.84224,0.0033
65536,aligned_still,jacobi16,1,24,9.163776,0.0032
65536,aligned_still,jacobi16,1,25,8.950784,0.0033
65536,aligned_still,jacobi16,1,26,8.91904,0.0031
65536,aligned_still,jacobi16,1,27,8.895488,0.0032
65536,aligned_still,jacobi16,1,28,9.061376,0.0034
65536,aligned_still,jacobi16,1,29,8.951808,0.0033
65536,aligned_still,jacobi16,1,30,8.922112,0.0032
65536,aligned_still,jacobi16,1,31,8.901632,0.0032
65536,aligned_still,jacobi16,1,32,9.051136,0.0032
65536,aligned_still,jacobi16,1,33,8.850432,0.0033
65536,aligned_still,jacobi16,1,34,8.870912,0.0032
65536,aligned_still,jacobi16,1,35,8.87808,0.0033
65536,aligned_still,jacobi16,1,36,9.153536,0.0033
65536,aligned_still,jacobi16,1,37,8.879104,0.0031
65536,aligned_still,jacobi16,1,38,8.845312,0.0046
65536,aligned_still,jacobi16,1,39,9.12384,0.0033
65536,aligned_still,jacobi16,2,0,8.889344,0.0104
65536,aligned_still,jacobi16,2,1,8.85248,0.0032
65536,aligned_still,jacobi16,2,2,9.0368,0.0033
65536,aligned_still,jacobi16,2,3,8.848384,0.0031
65536,aligned_still,jacobi16,2,4,8.835072,0.0031
65536,aligned_still,jacobi16,2,5,8.91904,0.0032
65536,aligned_still,jacobi16,2,6,9.172992,0.003
65536,aligned_still,jacobi16,2,7,8.991744,0.0031
65536,aligned_still,jacobi16,2,8,8.953856,0.0031
65536,aligned_still,jacobi16,2,9,9.137152,0.0032
65536,aligned_still,jacobi16,2,10,9.0368,0.0031
65536,aligned_still,jacobi16,2,11,8.938496,0.0031
65536,aligned_still,jacobi16,2,12,8.95488,0.0031
65536,aligned_still,jacobi16,2,13,9.15968,0.0047
65536,aligned_still,jacobi16,2,14,8.925184,0.0031
65536,aligned_still,jacobi16,2,15,9.012224,0.0033
65536,aligned_still,jacobi16,2,16,9.03168,0.0031
65536,aligned_still,jacobi16,2,17,9.320448,0.0031
65536,aligned_still,jacobi16,2,18,9.075712,0.0031
65536,aligned_still,jacobi16,2,19,9.084928,0.0032
65536,aligned_still,jacobi16,2,20,9.028608,0.0032
65536,aligned_still,jacobi16,2,21,9.252864,0.0032
65536,aligned_still,jacobi16,2,22,8.969216,0.003
65536,aligned_still,jacobi16,2,23,8.956928,0.0031
65536,aligned_still,jacobi16,2,24,9.255936,0.0031
65536,aligned_still,jacobi16,2,25,9.017344,0.0031
65536,aligned_still,jacobi16,2,26,8.989696,0.0031
65536,aligned_still,jacobi16,2,27,9.001984,0.0031
65536,aligned_still,jacobi16,2,28,9.187328,0.0031
65536,aligned_still,jacobi16,2,29,9.028608,0.0032
65536,aligned_still,jacobi16,2,30,9.019392,0.0031
65536,aligned_still,jacobi16,2,31,8.968192,0.0031
65536,aligned_still,jacobi16,2,32,9.162752,0.003
65536,aligned_still,jacobi16,2,33,8.92416,0.0032
65536,aligned_still,jacobi16,2,34,8.935424,0.003
65536,aligned_still,jacobi16,2,35,9.143296,0.0031
65536,aligned_still,jacobi16,2,36,8.938496,0.0031
65536,aligned_still,jacobi16,2,37,8.907776,0.003
65536,aligned_still,jacobi16,2,38,8.97024,0.0031
65536,aligned_still,jacobi16,2,39,9.135104,0.0032
65536,aligned_still,jacobi16,3,0,8.909824,0.012
65536,aligned_still,jacobi16,3,1,9.15968,0.0032
65536,aligned_still,jacobi16,3,2,8.841216,0.0033
65536,aligned_still,jacobi16,3,3,8.848384,0.0031
65536,aligned_still,jacobi16,3,4,8.882176,0.0032
65536,aligned_still,jacobi16,3,5,9.211904,0.0033
65536,aligned_still,jacobi16,3,6,8.895488,0.0031
65536,aligned_still,jacobi16,3,7,8.876032,0.0032
65536,aligned_still,jacobi16,3,8,8.839168,0.0032
65536,aligned_still,jacobi16,3,9,9.054208,0.0031
65536,aligned_still,jacobi16,3,10,8.871936,0.0032
65536,aligned_still,jacobi16,3,11,8.868864,0.0032
65536,aligned_still,jacobi16,3,12,9.090048,0.0031
65536,aligned_still,jacobi16,3,13,8.873984,0.0032
65536,aligned_still,jacobi16,3,14,8.879104,0.0032
65536,aligned_still,jacobi16,3,15,8.861696,0.0032
65536,aligned_still,jacobi16,3,16,9.06752,0.0032
65536,aligned_still,jacobi16,3,17,8.956928,0.0031
65536,aligned_still,jacobi16,3,18,8.930304,0.003
65536,aligned_still,jacobi16,3,19,9.00096,0.003
65536,aligned_still,jacobi16,3,20,9.233408,0.0032
65536,aligned_still,jacobi16,3,21,8.9344,0.0031
65536,aligned_still,jacobi16,3,22,8.928256,0.0032
65536,aligned_still,jacobi16,3,23,9.142272,0.0067
65536,aligned_still,jacobi16,3,24,8.999936,0.0036
65536,aligned_still,jacobi16,3,25,8.947712,0.0032
65536,aligned_still,jacobi16,3,26,8.972288,0.0031
65536,aligned_still,jacobi16,3,27,9.192448,0.0031
65536,aligned_still,jacobi16,3,28,8.9856,0.0033
65536,aligned_still,jacobi16,3,29,9.022464,0.0035
65536,aligned_still,jacobi16,3,30,8.983552,0.0031
65536,aligned_still,jacobi16,3,31,9.176064,0.0032
65536,aligned_still,jacobi16,3,32,9.01632,0.0031
65536,aligned_still,jacobi16,3,33,9.00608,0.0033
65536,aligned_still,jacobi16,3,34,9.23136,0.0031
65536,aligned_still,jacobi16,3,35,9.055232,0.0031
65536,aligned_still,jacobi16,3,36,9.022464,0.0033
65536,aligned_still,jacobi16,3,37,8.963072,0.0035
65536,aligned_still,jacobi16,3,38,9.316352,0.0031
65536,aligned_still,jacobi16,3,39,8.97024,0.0031
65536,aligned_still,support4,1,0,3.115008,0.0087
65536,aligned_still,support4,1,1,2.972672,0.0032
65536,aligned_still,support4,1,2,2.910208,0.0032
65536,aligned_still,support4,1,3,2.960384,0.0032
65536,aligned_still,support4,1,4,2.93376,0.0031
65536,aligned_still,support4,1,5,2.890752,0.0032
65536,aligned_still,support4,1,6,2.90304,0.0034
65536,aligned_still,support4,1,7,2.87232,0.0031
65536,aligned_still,support4,1,8,2.904064,0.0033
65536,aligned_still,support4,1,9,2.883584,0.0032
65536,aligned_still,support4,1,10,2.926592,0.0032
65536,aligned_still,support4,1,11,2.880512,0.0032
65536,aligned_still,support4,1,12,3.119104,0.0033
65536,aligned_still,support4,1,13,2.905088,0.0032
65536,aligned_still,support4,1,14,2.88768,0.0031
65536,aligned_still,support4,1,15,2.921472,0.0032
65536,aligned_still,support4,1,16,2.88768,0.0031
65536,aligned_still,support4,1,17,2.87744,0.0033
65536,aligned_still,support4,1,18,2.922496,0.0031
65536,aligned_still,support4,1,19,2.883584,0.0033
65536,aligned_still,support4,1,20,2.917376,0.0031
65536,aligned_still,support4,1,21,2.873344,0.0032
65536,aligned_still,support4,1,22,2.93376,0.0033
65536,aligned_still,support4,1,23,3.142656,0.0031
65536,aligned_still,support4,1,24,2.884608,0.0031
65536,aligned_still,support4,1,25,2.911232,0.0031
65536,aligned_still,support4,1,26,2.881536,0.0031
65536,aligned_still,support4,1,27,2.909184,0.0033
65536,aligned_still,support4,1,28,2.87232,0.0031
65536,aligned_still,support4,1,29,2.902016,0.0032
65536,aligned_still,support4,1,30,2.89792,0.0031
65536,aligned_still,support4,1,31,2.852864,0.0033
65536,aligned_still,support4,1,32,2.914304,0.0043
65536,aligned_still,support4,1,33,2.874368,0.0031
65536,aligned_still,support4,1,34,2.881536,0.0032
65536,aligned_still,support4,1,35,3.089408,0.0031
65536,aligned_still,support4,1,36,2.88768,0.0039
65536,aligned_still,support4,1,37,2.926592,0.0032
65536,aligned_still,support4,1,38,2.884608,0.0031
65536,aligned_still,support4,1,39,2.939904,0.0032
65536,aligned_still,support4,2,0,3.11296,0.0139
65536,aligned_still,support4,2,1,2.917376,0.0031
65536,aligned_still,support4,2,2,2.874368,0.0031
65536,aligned_still,support4,2,3,2.891776,0.0032
65536,aligned_still,support4,2,4,2.840576,0.0031
65536,aligned_still,support4,2,5,2.898944,0.0032
65536,aligned_still,support4,2,6,3.168256,0.003
65536,aligned_still,support4,2,7,2.83648,0.0031
65536,aligned_still,support4,2,8,2.889728,0.003
65536,aligned_still,support4,2,9,2.842624,0.0032
65536,aligned_still,support4,2,10,2.880512,0.003
65536,aligned_still,support4,2,11,2.865152,0.0031
65536,aligned_still,support4,2,12,3.207168,0.003
65536,aligned_still,support4,2,13,3.05664,0.0031
65536,aligned_still,support4,2,14,2.838528,0.0031
65536,aligned_still,support4,2,15,2.873344,0.0034
65536,aligned_still,support4,2,16,2.83648,0.0031
65536,aligned_still,support4,2,17,2.870272,0.003
65536,aligned_still,support4,2,18,2.848768,0.0032
65536,aligned_still,support4,2,19,2.837504,0.0031
65536,aligned_still,support4,2,20,2.885632,0.0031
65536,aligned_still,support4,2,21,3.059712,0.003
65536,aligned_still,support4,2,22,2.878464,0.0031
65536,aligned_still,support4,2,23,3.039232,0.0031
65536,aligned_still,support4,2,24,2.900992,0.0032
65536,aligned_still,support4,2,25,2.8928,0.0031
65536,aligned_still,support4,2,26,2.86208,0.0031
65536,aligned_still,support4,2,27,2.90816,0.0032
65536,aligned_still,support4,2,28,3.1744,0.0032
65536,aligned_still,support4,2,29,2.907136,0.003
65536,aligned_still,support4,2,30,2.843648,0.0031
65536,aligned_still,support4,2,31,2.9184,0.0031
65536,aligned_still,support4,2,32,2.88768,0.0037
65536,aligned_still,support4,2,33,2.859008,0.0032
65536,aligned_still,support4,2,34,2.898944,0.0031
65536,aligned_still,support4,2,35,3.173376,0.0031
65536,aligned_still,support4,2,36,2.869248,0.0032
65536,aligned_still,support4,2,37,2.859008,0.003
65536,aligned_still,support4,2,38,2.852864,0.0032
65536,aligned_still,support4,2,39,2.900992,0.0067
65536,aligned_still,support4,3,0,3.144704,0.0116
65536,aligned_still,support4,3,1,2.885632,0.0054
65536,aligned_still,support4,3,2,2.874368,0.0031
65536,aligned_still,support4,3,3,2.817024,0.0033
65536,aligned_still,support4,3,4,2.888704,0.003
65536,aligned_still,support4,3,5,2.83648,0.0031
65536,aligned_still,support4,3,6,2.860032,0.003
65536,aligned_still,support4,3,7,3.098624,0.0031
65536,aligned_still,support4,3,8,2.859008,0.0031
65536,aligned_still,support4,3,9,2.879488,0.003
65536,aligned_still,support4,3,10,2.8416,0.003
65536,aligned_still,support4,3,11,2.876416,0.003
65536,aligned_still,support4,3,12,3.132416,0.0031
65536,aligned_still,support4,3,13,2.909184,0.0032
65536,aligned_still,support4,3,14,3.055616,0.003
65536,aligned_still,support4,3,15,2.859008,0.003
65536,aligned_still,support4,3,16,2.870272,0.0029
65536,aligned_still,support4,3,17,2.849792,0.003
65536,aligned_still,support4,3,18,2.8928,0.0031
65536,aligned_still,support4,3,19,2.855936,0.003
65536,aligned_still,support4,3,20,2.893824,0.0031
65536,aligned_still,support4,3,21,3.109888,0.0047
65536,aligned_still,support4,3,22,2.855936,0.0032
65536,aligned_still,support4,3,23,3.08736,0.003
65536,aligned_still,support4,3,24,2.832384,0.0033
65536,aligned_still,support4,3,25,2.869248,0.0035
65536,aligned_still,support4,3,26,2.854912,0.003
65536,aligned_still,support4,3,27,2.855936,0.003
65536,aligned_still,support4,3,28,2.889728,0.0029
65536,aligned_still,support4,3,29,3.136512,0.003
65536,aligned_still,support4,3,30,2.900992,0.003
65536,aligned_still,support4,3,31,2.861056,0.0031
65536,aligned_still,support4,3,32,2.917376,0.0032
65536,aligned_still,support4,3,33,2.902016,0.0031
65536,aligned_still,support4,3,34,3.33312,0.003
65536,aligned_still,support4,3,35,2.896896,0.003
65536,aligned_still,support4,3,36,3.098624,0.0031
65536,aligned_still,support4,3,37,2.911232,0.0032
65536,aligned_still,support4,3,38,2.870272,0.003
65536,aligned_still,support4,3,39,2.911232,0.0031
65536,staggered_still,jacobi4,1,0,2.82112,0.007
65536,staggered_still,jacobi4,1,1,2.766848,7.0E-4
65536,staggered_still,jacobi4,1,2,2.752512,0.002
65536,staggered_still,jacobi4,1,3,2.774016,7.0E-4
65536,staggered_still,jacobi4,1,4,2.78528,7.0E-4
65536,staggered_still,jacobi4,1,5,2.828288,6.0E-4
65536,staggered_still,jacobi4,1,6,2.890752,7.0E-4
65536,staggered_still,jacobi4,1,7,3.207168,6.0E-4
65536,staggered_still,jacobi4,1,8,3.006464,6.0E-4
65536,staggered_still,jacobi4,1,9,2.996224,7.0E-4
65536,staggered_still,jacobi4,1,10,2.956288,7.0E-4
65536,staggered_still,jacobi4,1,11,3.02592,7.0E-4
65536,staggered_still,jacobi4,1,12,2.981888,6.0E-4
65536,staggered_still,jacobi4,1,13,3.017728,7.0E-4
65536,staggered_still,jacobi4,1,14,3.06688,6.0E-4
65536,staggered_still,jacobi4,1,15,3.078144,0.001
65536,staggered_still,jacobi4,1,16,3.043328,7.0E-4
65536,staggered_still,jacobi4,1,17,3.116032,8.0E-4
65536,staggered_still,jacobi4,1,18,3.330048,8.0E-4
65536,staggered_still,jacobi4,1,19,3.130368,6.0E-4
65536,staggered_still,jacobi4,1,20,3.111936,7.0E-4
65536,staggered_still,jacobi4,1,21,3.139584,8.0E-4
65536,staggered_still,jacobi4,1,22,3.221504,6.0E-4
65536,staggered_still,jacobi4,1,23,3.216384,7.0E-4
65536,staggered_still,jacobi4,1,24,3.28704,6.0E-4
65536,staggered_still,jacobi4,1,25,3.239936,6.0E-4
65536,staggered_still,jacobi4,1,26,3.334144,8.0E-4
65536,staggered_still,jacobi4,1,27,3.284992,7.0E-4
65536,staggered_still,jacobi4,1,28,3.31776,7.0E-4
65536,staggered_still,jacobi4,1,29,3.677184,6.0E-4
65536,staggered_still,jacobi4,1,30,3.434496,6.0E-4
65536,staggered_still,jacobi4,1,31,3.38432,6.0E-4
65536,staggered_still,jacobi4,1,32,3.421184,8.0E-4
65536,staggered_still,jacobi4,1,33,3.388416,6.0E-4
65536,staggered_still,jacobi4,1,34,3.419136,8.0E-4
65536,staggered_still,jacobi4,1,35,3.393536,7.0E-4
65536,staggered_still,jacobi4,1,36,3.467264,6.0E-4
65536,staggered_still,jacobi4,1,37,3.459072,8.0E-4
65536,staggered_still,jacobi4,1,38,3.798016,7.0E-4
65536,staggered_still,jacobi4,1,39,3.673088,6.0E-4
65536,staggered_still,jacobi4,2,0,2.84672,0.0098
65536,staggered_still,jacobi4,2,1,2.798592,0.0023
65536,staggered_still,jacobi4,2,2,2.792448,0.0024
65536,staggered_still,jacobi4,2,3,2.803712,8.0E-4
65536,staggered_still,jacobi4,2,4,2.812928,8.0E-4
65536,staggered_still,jacobi4,2,5,2.847744,7.0E-4
65536,staggered_still,jacobi4,2,6,2.911232,6.0E-4
65536,staggered_still,jacobi4,2,7,2.994176,8.0E-4
65536,staggered_still,jacobi4,2,8,2.95936,9.0E-4
65536,staggered_still,jacobi4,2,9,3.007488,8.0E-4
65536,staggered_still,jacobi4,2,10,2.958336,6.0E-4
65536,staggered_still,jacobi4,2,11,3.298304,6.0E-4
65536,staggered_still,jacobi4,2,12,2.9952,7.0E-4
65536,staggered_still,jacobi4,2,13,3.0208,7.0E-4
65536,staggered_still,jacobi4,2,14,3.053568,6.0E-4
65536,staggered_still,jacobi4,2,15,3.078144,8.0E-4
65536,staggered_still,jacobi4,2,16,3.042304,6.0E-4
65536,staggered_still,jacobi4,2,17,3.103744,7.0E-4
65536,staggered_still,jacobi4,2,18,3.040256,7.0E-4
65536,staggered_still,jacobi4,2,19,3.104768,0.001
65536,staggered_still,jacobi4,2,20,3.08224,7.0E-4
65536,staggered_still,jacobi4,2,21,3.083264,8.0E-4
65536,staggered_still,jacobi4,2,22,3.393536,7.0E-4
65536,staggered_still,jacobi4,2,23,3.1744,8.0E-4
65536,staggered_still,jacobi4,2,24,3.249152,8.0E-4
65536,staggered_still,jacobi4,2,25,3.201024,7.0E-4
65536,staggered_still,jacobi4,2,26,3.29728,7.0E-4
65536,staggered_still,jacobi4,2,27,3.262464,8.0E-4
65536,staggered_still,jacobi4,2,28,3.289088,6.0E-4
65536,staggered_still,jacobi4,2,29,3.347456,7.0E-4
65536,staggered_still,jacobi4,2,30,3.407872,8.0E-4
65536,staggered_still,jacobi4,2,31,3.371008,7.0E-4
65536,staggered_still,jacobi4,2,32,3.605504,8.0E-4
65536,staggered_still,jacobi4,2,33,3.37408,8.0E-4
65536,staggered_still,jacobi4,2,34,3.401728,7.0E-4
65536,staggered_still,jacobi4,2,35,3.367936,8.0E-4
65536,staggered_still,jacobi4,2,36,3.451904,8.0E-4
65536,staggered_still,jacobi4,2,37,3.442688,7.0E-4
65536,staggered_still,jacobi4,2,38,3.52256,8.0E-4
65536,staggered_still,jacobi4,2,39,3.615744,7.0E-4
65536,staggered_still,jacobi4,3,0,2.817024,0.0129
65536,staggered_still,jacobi4,3,1,2.771968,0.0024
65536,staggered_still,jacobi4,3,2,2.7392,0.0024
65536,staggered_still,jacobi4,3,3,2.951168,9.0E-4
65536,staggered_still,jacobi4,3,4,2.760704,8.0E-4
65536,staggered_still,jacobi4,3,5,2.802688,9.0E-4
65536,staggered_still,jacobi4,3,6,2.844672,8.0E-4
65536,staggered_still,jacobi4,3,7,2.95936,9.0E-4
65536,staggered_still,jacobi4,3,8,2.941952,8.0E-4
65536,staggered_still,jacobi4,3,9,2.952192,6.0E-4
65536,staggered_still,jacobi4,3,10,2.919424,7.0E-4
65536,staggered_still,jacobi4,3,11,2.99008,0.0022
65536,staggered_still,jacobi4,3,12,2.936832,7.0E-4
65536,staggered_still,jacobi4,3,13,2.961408,9.0E-4
65536,staggered_still,jacobi4,3,14,3.016704,7.0E-4
65536,staggered_still,jacobi4,3,15,3.232768,8.0E-4
65536,staggered_still,jacobi4,3,16,3.042304,8.0E-4
65536,staggered_still,jacobi4,3,17,3.099648,7.0E-4
65536,staggered_still,jacobi4,3,18,3.052544,8.0E-4
65536,staggered_still,jacobi4,3,19,3.111936,7.0E-4
65536,staggered_still,jacobi4,3,20,3.081216,7.0E-4
65536,staggered_still,jacobi4,3,21,3.104768,8.0E-4
65536,staggered_still,jacobi4,3,22,3.1744,7.0E-4
65536,staggered_still,jacobi4,3,23,3.171328,7.0E-4
65536,staggered_still,jacobi4,3,24,3.241984,8.0E-4
65536,staggered_still,jacobi4,3,25,3.40992,7.0E-4
65536,staggered_still,jacobi4,3,26,3.310592,8.0E-4
65536,staggered_still,jacobi4,3,27,3.255296,8.0E-4
65536,staggered_still,jacobi4,3,28,3.283968,7.0E-4
65536,staggered_still,jacobi4,3,29,3.356672,7.0E-4
65536,staggered_still,jacobi4,3,30,3.39968,8.0E-4
65536,staggered_still,jacobi4,3,31,3.364864,8.0E-4
65536,staggered_still,jacobi4,3,32,3.386368,8.0E-4
65536,staggered_still,jacobi4,3,33,3.382272,8.0E-4
65536,staggered_still,jacobi4,3,34,3.699712,7.0E-4
65536,staggered_still,jacobi4,3,35,3.388416,7.0E-4
65536,staggered_still,jacobi4,3,36,3.441664,8.0E-4
65536,staggered_still,jacobi4,3,37,3.457024,7.0E-4
65536,staggered_still,jacobi4,3,38,3.562496,9.0E-4
65536,staggered_still,jacobi4,3,39,3.646464,7.0E-4
65536,staggered_still,jacobi16,1,0,9.117696,0.0188
65536,staggered_still,jacobi16,1,1,9.080832,0.0033
65536,staggered_still,jacobi16,1,2,9.075712,0.0032
65536,staggered_still,jacobi16,1,3,9.283584,0.0033
65536,staggered_still,jacobi16,1,4,9.05728,0.0033
65536,staggered_still,jacobi16,1,5,9.09824,0.0033
65536,staggered_still,jacobi16,1,6,9.341952,0.0031
65536,staggered_still,jacobi16,1,7,9.10848,0.0032
65536,staggered_still,jacobi16,1,8,9.12896,0.0032
65536,staggered_still,jacobi16,1,9,9.056256,0.0032
65536,staggered_still,jacobi16,1,10,9.25696,0.0033
65536,staggered_still,jacobi16,1,11,9.0624,0.0036
65536,staggered_still,jacobi16,1,12,9.07776,0.0034
65536,staggered_still,jacobi16,1,13,9.056256,0.0033
65536,staggered_still,jacobi16,1,14,9.230336,0.0031
65536,staggered_still,jacobi16,1,15,9.075712,0.0032
65536,staggered_still,jacobi16,1,16,9.058304,0.0032
65536,staggered_still,jacobi16,1,17,9.320448,0.0032
65536,staggered_still,jacobi16,1,18,9.073664,0.0032
65536,staggered_still,jacobi16,1,19,9.160704,0.0033
65536,staggered_still,jacobi16,1,20,9.083904,0.0033
65536,staggered_still,jacobi16,1,21,9.27232,0.0033
65536,staggered_still,jacobi16,1,22,9.069568,0.0034
65536,staggered_still,jacobi16,1,23,9.037824,0.0033
65536,staggered_still,jacobi16,1,24,9.109504,0.0034
65536,staggered_still,jacobi16,1,25,9.264128,0.0033
65536,staggered_still,jacobi16,1,26,9.058304,0.0032
65536,staggered_still,jacobi16,1,27,9.048064,0.0033
65536,staggered_still,jacobi16,1,28,9.366528,0.0033
65536,staggered_still,jacobi16,1,29,9.06752,0.0033
65536,staggered_still,jacobi16,1,30,9.056256,0.0032
65536,staggered_still,jacobi16,1,31,9.020416,0.0034
65536,staggered_still,jacobi16,1,32,9.319424,0.0034
65536,staggered_still,jacobi16,1,33,8.969216,0.0036
65536,staggered_still,jacobi16,1,34,8.953856,0.0032
65536,staggered_still,jacobi16,1,35,8.951808,0.0032
65536,staggered_still,jacobi16,1,36,9.250816,0.0032
65536,staggered_still,jacobi16,1,37,8.96512,0.0032
65536,staggered_still,jacobi16,1,38,8.956928,0.0033
65536,staggered_still,jacobi16,1,39,9.147392,0.0033
65536,staggered_still,jacobi16,2,0,9.051136,0.0217
65536,staggered_still,jacobi16,2,1,9.201664,0.0048
65536,staggered_still,jacobi16,2,2,9.014272,0.0046
65536,staggered_still,jacobi16,2,3,9.049088,0.0046
65536,staggered_still,jacobi16,2,4,9.032704,0.0047
65536,staggered_still,jacobi16,2,5,9.305088,0.0047
65536,staggered_still,jacobi16,2,6,9.054208,0.0047
65536,staggered_still,jacobi16,2,7,9.081856,0.0047
65536,staggered_still,jacobi16,2,8,9.053184,0.0047
65536,staggered_still,jacobi16,2,9,9.234432,0.005
65536,staggered_still,jacobi16,2,10,9.050112,0.0032
65536,staggered_still,jacobi16,2,11,9.066496,0.0031
65536,staggered_still,jacobi16,2,12,9.27232,0.0032
65536,staggered_still,jacobi16,2,13,9.05216,0.0033
65536,staggered_still,jacobi16,2,14,9.017344,0.0032
65536,staggered_still,jacobi16,2,15,9.049088,0.0035
65536,staggered_still,jacobi16,2,16,9.310208,0.0031
65536,staggered_still,jacobi16,2,17,9.058304,0.0031
65536,staggered_still,jacobi16,2,18,9.044992,0.003
65536,staggered_still,jacobi16,2,19,9.109504,0.0031
65536,staggered_still,jacobi16,2,20,9.280512,0.0031
65536,staggered_still,jacobi16,2,21,9.078784,0.0031
65536,staggered_still,jacobi16,2,22,9.04192,0.0031
65536,staggered_still,jacobi16,2,23,9.245696,0.0031
65536,staggered_still,jacobi16,2,24,9.099264,0.0031
65536,staggered_still,jacobi16,2,25,9.061376,0.0032
65536,staggered_still,jacobi16,2,26,9.064448,0.003
65536,staggered_still,jacobi16,2,27,9.397248,0.0031
65536,staggered_still,jacobi16,2,28,9.08288,0.0035
65536,staggered_still,jacobi16,2,29,9.104384,0.0035
65536,staggered_still,jacobi16,2,30,9.243648,0.0031
65536,staggered_still,jacobi16,2,31,9.138176,0.0032
65536,staggered_still,jacobi16,2,32,9.042944,0.0032
65536,staggered_still,jacobi16,2,33,9.032704,0.0034
65536,staggered_still,jacobi16,2,34,9.25696,0.0031
65536,staggered_still,jacobi16,2,35,9.074688,0.0032
65536,staggered_still,jacobi16,2,36,9.119744,0.0031
65536,staggered_still,jacobi16,2,37,9.09824,0.0031
65536,staggered_still,jacobi16,2,38,9.406464,0.0032
65536,staggered_still,jacobi16,2,39,9.074688,0.0034
65536,staggered_still,jacobi16,3,0,9.001984,0.0122
65536,staggered_still,jacobi16,3,1,8.941568,0.0032
65536,staggered_still,jacobi16,3,2,8.91904,0.0032
65536,staggered_still,jacobi16,3,3,9.194496,0.0033
65536,staggered_still,jacobi16,3,4,8.97536,0.0031
65536,staggered_still,jacobi16,3,5,9.058304,0.0031
65536,staggered_still,jacobi16,3,6,8.928256,0.0032
65536,staggered_still,jacobi16,3,7,9.1648,0.003
65536,staggered_still,jacobi16,3,8,8.930304,0.0032
65536,staggered_still,jacobi16,3,9,8.890368,0.0032
65536,staggered_still,jacobi16,3,10,9.136128,0.0033
65536,staggered_still,jacobi16,3,11,8.932352,0.0031
65536,staggered_still,jacobi16,3,12,8.91392,0.0032
65536,staggered_still,jacobi16,3,13,8.9344,0.0031
65536,staggered_still,jacobi16,3,14,9.197568,0.0032
65536,staggered_still,jacobi16,3,15,8.99072,0.0032
65536,staggered_still,jacobi16,3,16,8.999936,0.0031
65536,staggered_still,jacobi16,3,17,8.99584,0.0032
65536,staggered_still,jacobi16,3,18,9.207808,0.0032
65536,staggered_still,jacobi16,3,19,9.049088,0.0031
65536,staggered_still,jacobi16,3,20,9.00608,0.0032
65536,staggered_still,jacobi16,3,21,9.284608,0.0032
65536,staggered_still,jacobi16,3,22,9.06752,0.0035
65536,staggered_still,jacobi16,3,23,9.051136,0.0033
65536,staggered_still,jacobi16,3,24,9.112576,0.0031
65536,staggered_still,jacobi16,3,25,9.36448,0.0031
65536,staggered_still,jacobi16,3,26,9.071616,0.0032
65536,staggered_still,jacobi16,3,27,9.066496,0.0031
65536,staggered_still,jacobi16,3,28,8.987648,0.0031
65536,staggered_still,jacobi16,3,29,9.290752,0.0032
65536,staggered_still,jacobi16,3,30,8.99072,0.0032
65536,staggered_still,jacobi16,3,31,8.994816,0.0031
65536,staggered_still,jacobi16,3,32,9.244672,0.0031
65536,staggered_still,jacobi16,3,33,8.979456,0.0034
65536,staggered_still,jacobi16,3,34,8.989696,0.0033
65536,staggered_still,jacobi16,3,35,9.013248,0.0032
65536,staggered_still,jacobi16,3,36,9.193472,0.0031
65536,staggered_still,jacobi16,3,37,9.065472,0.0032
65536,staggered_still,jacobi16,3,38,9.08288,0.0033
65536,staggered_still,jacobi16,3,39,8.983552,0.0032
65536,staggered_still,support4,1,0,2.930688,0.0107
65536,staggered_still,support4,1,1,2.905088,0.0045
65536,staggered_still,support4,1,2,2.873344,0.0044
65536,staggered_still,support4,1,3,2.939904,0.0044
65536,staggered_still,support4,1,4,2.91328,0.0048
65536,staggered_still,support4,1,5,3.073024,0.0046
65536,staggered_still,support4,1,6,2.914304,0.0044
65536,staggered_still,support4,1,7,2.883584,0.0045
65536,staggered_still,support4,1,8,2.939904,0.0045
65536,staggered_still,support4,1,9,2.915328,0.0044
65536,staggered_still,support4,1,10,2.937856,0.0045
65536,staggered_still,support4,1,11,2.891776,0.0045
65536,staggered_still,support4,1,12,2.859008,0.0045
65536,staggered_still,support4,1,13,2.906112,0.0046
65536,staggered_still,support4,1,14,2.865152,0.0031
65536,staggered_still,support4,1,15,2.904064,0.0031
65536,staggered_still,support4,1,16,3.078144,0.0032
65536,staggered_still,support4,1,17,2.884608,0.0029
65536,staggered_still,support4,1,18,2.945024,0.003
65536,staggered_still,support4,1,19,2.904064,0.003
65536,staggered_still,support4,1,20,2.919424,0.003
65536,staggered_still,support4,1,21,2.888704,0.003
65536,staggered_still,support4,1,22,2.937856,0.003
65536,staggered_still,support4,1,23,2.895872,0.003
65536,staggered_still,support4,1,24,2.893824,0.003
65536,staggered_still,support4,1,25,2.890752,0.0029
65536,staggered_still,support4,1,26,2.870272,0.003
65536,staggered_still,support4,1,27,2.925568,0.003
65536,staggered_still,support4,1,28,3.120128,0.0031
65536,staggered_still,support4,1,29,2.94912,0.003
65536,staggered_still,support4,1,30,2.940928,0.0031
65536,staggered_still,support4,1,31,2.890752,0.0029
65536,staggered_still,support4,1,32,2.924544,0.0029
65536,staggered_still,support4,1,33,2.868224,0.003
65536,staggered_still,support4,1,34,2.907136,0.0063
65536,staggered_still,support4,1,35,2.894848,0.004
65536,staggered_still,support4,1,36,2.8928,0.003
65536,staggered_still,support4,1,37,2.924544,0.0031
65536,staggered_still,support4,1,38,2.885632,0.0031
65536,staggered_still,support4,1,39,3.10272,0.0029
65536,staggered_still,support4,2,0,2.955264,0.0142
65536,staggered_still,support4,2,1,2.961408,0.0048
65536,staggered_still,support4,2,2,2.893824,0.0048
65536,staggered_still,support4,2,3,2.922496,0.0049
65536,staggered_still,support4,2,4,3.178496,0.0032
65536,staggered_still,support4,2,5,2.98496,0.0032
65536,staggered_still,support4,2,6,2.927616,0.0033
65536,staggered_still,support4,2,7,2.914304,0.0033
65536,staggered_still,support4,2,8,2.937856,0.0032
65536,staggered_still,support4,2,9,2.87744,0.0032
65536,staggered_still,support4,2,10,2.92352,0.0032
65536,staggered_still,support4,2,11,3.070976,0.0032
65536,staggered_still,support4,2,12,2.9696,0.0032
65536,staggered_still,support4,2,13,2.92864,0.0033
65536,staggered_still,support4,2,14,2.896896,0.0032
65536,staggered_still,support4,2,15,2.944,0.0035
65536,staggered_still,support4,2,16,3.117056,0.0031
65536,staggered_still,support4,2,17,2.940928,0.0033
65536,staggered_still,support4,2,18,2.9184,0.0031
65536,staggered_still,support4,2,19,3.119104,0.0054
65536,staggered_still,support4,2,20,2.941952,0.0033
65536,staggered_still,support4,2,21,2.93888,0.0032
65536,staggered_still,support4,2,22,2.941952,0.0033
65536,staggered_still,support4,2,23,2.883584,0.0031
65536,staggered_still,support4,2,24,2.96448,0.0032
65536,staggered_still,support4,2,25,2.920448,0.0034
65536,staggered_still,support4,2,26,3.12832,0.0032
65536,staggered_still,support4,2,27,3.141632,0.0032
65536,staggered_still,support4,2,28,2.932736,0.0031
65536,staggered_still,support4,2,29,2.965504,0.0032
65536,staggered_still,support4,2,30,2.861056,0.0033
65536,staggered_still,support4,2,31,2.907136,0.0031
65536,staggered_still,support4,2,32,2.881536,0.0032
65536,staggered_still,support4,2,33,3.081216,0.0032
65536,staggered_still,support4,2,34,2.909184,0.0033
65536,staggered_still,support4,2,35,2.8672,0.0032
65536,staggered_still,support4,2,36,2.914304,0.0032
65536,staggered_still,support4,2,37,2.870272,0.0033
65536,staggered_still,support4,2,38,3.052544,0.0032
65536,staggered_still,support4,2,39,2.912256,0.0032
65536,staggered_still,support4,3,0,2.940928,0.0118
65536,staggered_still,support4,3,1,2.917376,0.0033
65536,staggered_still,support4,3,2,2.891776,0.0031
65536,staggered_still,support4,3,3,2.866176,0.0031
65536,staggered_still,support4,3,4,3.113984,0.0031
65536,staggered_still,support4,3,5,3.091456,0.0032
65536,staggered_still,support4,3,6,2.91328,0.0032
65536,staggered_still,support4,3,7,2.866176,0.003
65536,staggered_still,support4,3,8,2.868224,0.0034
65536,staggered_still,support4,3,9,2.907136,0.0031
65536,staggered_still,support4,3,10,2.837504,0.003
65536,staggered_still,support4,3,11,2.865152,0.0032
65536,staggered_still,support4,3,12,3.0464,0.0031
65536,staggered_still,support4,3,13,2.931712,0.0031
65536,staggered_still,support4,3,14,2.885632,0.0031
65536,staggered_still,support4,3,15,3.039232,0.0032
65536,staggered_still,support4,3,16,2.895872,0.0032
65536,staggered_still,support4,3,17,2.857984,0.0032
65536,staggered_still,support4,3,18,2.904064,0.0032
65536,staggered_still,support4,3,19,3.137536,0.0031
65536,staggered_still,support4,3,20,2.944,0.0031
65536,staggered_still,support4,3,21,2.8928,0.0031
65536,staggered_still,support4,3,22,2.881536,0.0031
65536,staggered_still,support4,3,23,2.90816,0.003
65536,staggered_still,support4,3,24,2.876416,0.0034
65536,staggered_still,support4,3,25,3.270656,0.0031
65536,staggered_still,support4,3,26,3.116032,0.003
65536,staggered_still,support4,3,27,2.878464,0.0031
65536,staggered_still,support4,3,28,2.946048,0.0035
65536,staggered_still,support4,3,29,2.90816,0.003
65536,staggered_still,support4,3,30,2.92864,0.0031
65536,staggered_still,support4,3,31,2.904064,0.0031
65536,staggered_still,support4,3,32,2.956288,0.0031
65536,staggered_still,support4,3,33,3.186688,0.0031
65536,staggered_still,support4,3,34,2.92352,0.0032
65536,staggered_still,support4,3,35,2.910208,0.0031
65536,staggered_still,support4,3,36,2.875392,0.0031
65536,staggered_still,support4,3,37,2.921472,0.0048
65536,staggered_still,support4,3,38,3.108864,0.0033
65536,staggered_still,support4,3,39,2.930688,0.0032
65536,staggered_driven,jacobi4,1,0,2.961408,0.0426
65536,staggered_driven,jacobi4,1,1,2.886656,0.0027
65536,staggered_driven,jacobi4,1,2,2.900992,0.0096
65536,staggered_driven,jacobi4,1,3,2.942976,0.0027
65536,staggered_driven,jacobi4,1,4,2.930688,0.0027
65536,staggered_driven,jacobi4,1,5,2.919424,0.0027
65536,staggered_driven,jacobi4,1,6,2.957312,0.0026
65536,staggered_driven,jacobi4,1,7,2.998272,0.0022
65536,staggered_driven,jacobi4,1,8,3.098624,0.0023
65536,staggered_driven,jacobi4,1,9,3.407872,0.0025
65536,staggered_driven,jacobi4,1,10,3.085312,0.0027
65536,staggered_driven,jacobi4,1,11,3.13856,0.0027
65536,staggered_driven,jacobi4,1,12,3.050496,0.0022
65536,staggered_driven,jacobi4,1,13,3.069952,0.0027
65536,staggered_driven,jacobi4,1,14,3.150848,0.0025
65536,staggered_driven,jacobi4,1,15,3.2,0.0027
65536,staggered_driven,jacobi4,1,16,3.1744,0.0025
65536,staggered_driven,jacobi4,1,17,3.16416,0.0026
65536,staggered_driven,jacobi4,1,18,3.177472,0.0028
65536,staggered_driven,jacobi4,1,19,3.15392,0.0027
65536,staggered_driven,jacobi4,1,20,3.414016,0.0027
65536,staggered_driven,jacobi4,1,21,3.15392,0.0027
65536,staggered_driven,jacobi4,1,22,3.214336,0.0022
65536,staggered_driven,jacobi4,1,23,3.326976,0.0023
65536,staggered_driven,jacobi4,1,24,3.342336,0.0026
65536,staggered_driven,jacobi4,1,25,3.349504,0.0026
65536,staggered_driven,jacobi4,1,26,3.396608,0.0025
65536,staggered_driven,jacobi4,1,27,3.426304,0.0026
65536,staggered_driven,jacobi4,1,28,3.385344,0.0026
65536,staggered_driven,jacobi4,1,29,3.494912,0.0027
65536,staggered_driven,jacobi4,1,30,3.74784,0.003
65536,staggered_driven,jacobi4,1,31,3.533824,0.0027
65536,staggered_driven,jacobi4,1,32,3.525632,0.0026
65536,staggered_driven,jacobi4,1,33,3.506176,0.0026
65536,staggered_driven,jacobi4,1,34,3.534848,0.0024
65536,staggered_driven,jacobi4,1,35,3.52768,0.0027
65536,staggered_driven,jacobi4,1,36,3.49696,0.0028
65536,staggered_driven,jacobi4,1,37,3.51744,0.0026
65536,staggered_driven,jacobi4,1,38,3.526656,0.0023
65536,staggered_driven,jacobi4,1,39,4.013056,0.0023
65536,staggered_driven,jacobi4,2,0,2.895872,0.0151
65536,staggered_driven,jacobi4,2,1,2.859008,0.0032
65536,staggered_driven,jacobi4,2,2,2.876416,0.0106
65536,staggered_driven,jacobi4,2,3,2.91328,0.0026
65536,staggered_driven,jacobi4,2,4,2.90816,0.0026
65536,staggered_driven,jacobi4,2,5,2.953216,0.0023
65536,staggered_driven,jacobi4,2,6,2.95424,0.0027
65536,staggered_driven,jacobi4,2,7,3.012608,0.0025
65536,staggered_driven,jacobi4,2,8,3.083264,0.0023
65536,staggered_driven,jacobi4,2,9,3.059712,0.0021
65536,staggered_driven,jacobi4,2,10,3.270656,0.0026
65536,staggered_driven,jacobi4,2,11,3.111936,0.0026
65536,staggered_driven,jacobi4,2,12,3.090432,0.0026
65536,staggered_driven,jacobi4,2,13,3.08736,0.0026
65536,staggered_driven,jacobi4,2,14,3.155968,0.0026
65536,staggered_driven,jacobi4,2,15,3.165184,0.0026
65536,staggered_driven,jacobi4,2,16,3.151872,0.0021
65536,staggered_driven,jacobi4,2,17,3.171328,0.0021
65536,staggered_driven,jacobi4,2,18,3.160064,0.0025
65536,staggered_driven,jacobi4,2,19,3.156992,0.0026
65536,staggered_driven,jacobi4,2,20,3.170304,0.0025
65536,staggered_driven,jacobi4,2,21,3.401728,0.0022
65536,staggered_driven,jacobi4,2,22,3.218432,0.0025
65536,staggered_driven,jacobi4,2,23,3.304448,0.0023
65536,staggered_driven,jacobi4,2,24,3.378176,0.0027
65536,staggered_driven,jacobi4,2,25,3.352576,0.0027
65536,staggered_driven,jacobi4,2,26,3.411968,0.0027
65536,staggered_driven,jacobi4,2,27,3.431424,0.0022
65536,staggered_driven,jacobi4,2,28,3.3792,0.0026
65536,staggered_driven,jacobi4,2,29,3.463168,0.0024
65536,staggered_driven,jacobi4,2,30,3.817472,0.0023
65536,staggered_driven,jacobi4,2,31,3.592192,0.0024
65536,staggered_driven,jacobi4,2,32,3.540992,0.0027
65536,staggered_driven,jacobi4,2,33,3.503104,0.0027
65536,staggered_driven,jacobi4,2,34,3.5072,0.0027
65536,staggered_driven,jacobi4,2,35,3.50208,0.0023
65536,staggered_driven,jacobi4,2,36,3.554304,0.0026
65536,staggered_driven,jacobi4,2,37,3.52768,0.0023
65536,staggered_driven,jacobi4,2,38,3.519488,0.0025
65536,staggered_driven,jacobi4,2,39,3.673088,0.0024
65536,staggered_driven,jacobi4,3,0,3.140608,0.0264
65536,staggered_driven,jacobi4,3,1,2.907136,0.0028
65536,staggered_driven,jacobi4,3,2,2.889728,0.0083
65536,staggered_driven,jacobi4,3,3,2.894848,0.0029
65536,staggered_driven,jacobi4,3,4,2.922496,0.0028
65536,staggered_driven,jacobi4,3,5,2.927616,0.0023
65536,staggered_driven,jacobi4,3,6,2.973696,0.0027
65536,staggered_driven,jacobi4,3,7,3.017728,0.0026
65536,staggered_driven,jacobi4,3,8,3.060736,0.0027
65536,staggered_driven,jacobi4,3,9,3.073024,0.0028
65536,staggered_driven,jacobi4,3,10,3.0208,0.0026
65536,staggered_driven,jacobi4,3,11,3.376128,0.0025
65536,staggered_driven,jacobi4,3,12,3.069952,0.0026
65536,staggered_driven,jacobi4,3,13,3.099648,0.0022
65536,staggered_driven,jacobi4,3,14,3.203072,0.0027
65536,staggered_driven,jacobi4,3,15,3.177472,0.0026
65536,staggered_driven,jacobi4,3,16,3.171328,0.0027
65536,staggered_driven,jacobi4,3,17,3.163136,0.0031
65536,staggered_driven,jacobi4,3,18,3.166208,0.0026
65536,staggered_driven,jacobi4,3,19,3.151872,0.0026
65536,staggered_driven,jacobi4,3,20,3.172352,0.0024
65536,staggered_driven,jacobi4,3,21,3.4816,0.0023
65536,staggered_driven,jacobi4,3,22,3.207168,0.0028
65536,staggered_driven,jacobi4,3,23,3.298304,0.0026
65536,staggered_driven,jacobi4,3,24,3.315712,0.003
65536,staggered_driven,jacobi4,3,25,3.364864,0.0022
65536,staggered_driven,jacobi4,3,26,3.375104,0.0024
65536,staggered_driven,jacobi4,3,27,3.361792,0.0023
65536,staggered_driven,jacobi4,3,28,3.360768,0.0023
65536,staggered_driven,jacobi4,3,29,3.416064,0.0026
65536,staggered_driven,jacobi4,3,30,3.518464,0.0023
65536,staggered_driven,jacobi4,3,31,3.802112,0.0022
65536,staggered_driven,jacobi4,3,32,3.547136,0.0024
65536,staggered_driven,jacobi4,3,33,3.492864,0.0027
65536,staggered_driven,jacobi4,3,34,3.477504,0.0027
65536,staggered_driven,jacobi4,3,35,3.51232,0.0024
65536,staggered_driven,jacobi4,3,36,3.490816,0.0021
65536,staggered_driven,jacobi4,3,37,3.51232,0.0027
65536,staggered_driven,jacobi4,3,38,3.510272,0.0031
65536,staggered_driven,jacobi4,3,39,3.698688,0.003
65536,staggered_driven,jacobi16,1,0,9.767936,0.0309
65536,staggered_driven,jacobi16,1,1,9.48736,0.0111
65536,staggered_driven,jacobi16,1,2,9.475072,0.0157
65536,staggered_driven,jacobi16,1,3,9.711616,0.0126
65536,staggered_driven,jacobi16,1,4,9.421824,0.0106
65536,staggered_driven,jacobi16,1,5,9.33888,0.0109
65536,staggered_driven,jacobi16,1,6,9.294848,0.0108
65536,staggered_driven,jacobi16,1,7,9.53344,0.0106
65536,staggered_driven,jacobi16,1,8,9.305088,0.0103
65536,staggered_driven,jacobi16,1,9,9.411584,0.0102
65536,staggered_driven,jacobi16,1,10,9.94304,0.0102
65536,staggered_driven,jacobi16,1,11,9.930752,0.0101
65536,staggered_driven,jacobi16,1,12,10.110976,0.0105
65536,staggered_driven,jacobi16,1,13,10.43968,0.0103
65536,staggered_driven,jacobi16,1,14,10.023936,0.0101
65536,staggered_driven,jacobi16,1,15,10.198016,0.0105
65536,staggered_driven,jacobi16,1,16,10.187776,0.0108
65536,staggered_driven,jacobi16,1,17,10.430464,0.0107
65536,staggered_driven,jacobi16,1,18,10.01984,0.0108
65536,staggered_driven,jacobi16,1,19,9.990144,0.0103
65536,staggered_driven,jacobi16,1,20,10.246144,0.0104
65536,staggered_driven,jacobi16,1,21,10.05568,0.0142
65536,staggered_driven,jacobi16,1,22,10.0864,0.0112
65536,staggered_driven,jacobi16,1,23,10.294272,0.0102
65536,staggered_driven,jacobi16,1,24,10.077184,0.012
65536,staggered_driven,jacobi16,1,25,10.097664,0.0102
65536,staggered_driven,jacobi16,1,26,10.192896,0.0102
65536,staggered_driven,jacobi16,1,27,10.386432,0.0106
65536,staggered_driven,jacobi16,1,28,10.258432,0.0103
65536,staggered_driven,jacobi16,1,29,10.120192,0.0105
65536,staggered_driven,jacobi16,1,30,10.3168,0.0102
65536,staggered_driven,jacobi16,1,31,9.971712,0.0102
65536,staggered_driven,jacobi16,1,32,10.007552,0.0106
65536,staggered_driven,jacobi16,1,33,10.160128,0.0103
65536,staggered_driven,jacobi16,1,34,9.91232,0.0102
65536,staggered_driven,jacobi16,1,35,9.884672,0.0124
65536,staggered_driven,jacobi16,1,36,10.115072,0.0105
65536,staggered_driven,jacobi16,1,37,9.940992,0.0102
65536,staggered_driven,jacobi16,1,38,9.925632,0.0106
65536,staggered_driven,jacobi16,1,39,9.940992,0.0102
65536,staggered_driven,jacobi16,2,0,9.811968,0.0312
65536,staggered_driven,jacobi16,2,1,9.485312,0.0108
65536,staggered_driven,jacobi16,2,2,9.422848,0.0101
65536,staggered_driven,jacobi16,2,3,9.48736,0.0105
65536,staggered_driven,jacobi16,2,4,9.696256,0.0105
65536,staggered_driven,jacobi16,2,5,9.407488,0.0286
65536,staggered_driven,jacobi16,2,6,9.28768,0.0123
65536,staggered_driven,jacobi16,2,7,9.494528,0.0102
65536,staggered_driven,jacobi16,2,8,9.29792,0.0102
65536,staggered_driven,jacobi16,2,9,9.457664,0.0104
65536,staggered_driven,jacobi16,2,10,9.623552,0.0106
65536,staggered_driven,jacobi16,2,11,10.12224,0.0098
65536,staggered_driven,jacobi16,2,12,10.110976,0.0102
65536,staggered_driven,jacobi16,2,13,10.192896,0.0102
65536,staggered_driven,jacobi16,2,14,10.391552,0.0102
65536,staggered_driven,jacobi16,2,15,10.146816,0.0103
65536,staggered_driven,jacobi16,2,16,10.141696,0.0101
65536,staggered_driven,jacobi16,2,17,10.211328,0.0101
65536,staggered_driven,jacobi16,2,18,9.98912,0.0102
65536,staggered_driven,jacobi16,2,19,10.05568,0.0102
65536,staggered_driven,jacobi16,2,20,10.361856,0.0106
65536,staggered_driven,jacobi16,2,21,10.13248,0.0102
65536,staggered_driven,jacobi16,2,22,10.14272,0.0101
65536,staggered_driven,jacobi16,2,23,10.078208,0.0106
65536,staggered_driven,jacobi16,2,24,10.355712,0.0097
65536,staggered_driven,jacobi16,2,25,10.156032,0.0098
65536,staggered_driven,jacobi16,2,26,10.206208,0.0116
65536,staggered_driven,jacobi16,2,27,10.484736,0.0102
65536,staggered_driven,jacobi16,2,28,10.243072,0.0103
65536,staggered_driven,jacobi16,2,29,10.167296,0.0102
65536,staggered_driven,jacobi16,2,30,10.297344,0.0102
65536,staggered_driven,jacobi16,2,31,9.982976,0.0098
65536,staggered_driven,jacobi16,2,32,9.91744,0.0101
65536,staggered_driven,jacobi16,2,33,9.88672,0.0101
65536,staggered_driven,jacobi16,2,34,10.139648,0.0102
65536,staggered_driven,jacobi16,2,35,9.974784,0.0099
65536,staggered_driven,jacobi16,2,36,9.895936,0.01
65536,staggered_driven,jacobi16,2,37,10.172416,0.011
65536,staggered_driven,jacobi16,2,38,9.901056,0.0099
65536,staggered_driven,jacobi16,2,39,9.926656,0.0103
65536,staggered_driven,jacobi16,3,0,9.464832,0.0316
65536,staggered_driven,jacobi16,3,1,9.673728,0.0114
65536,staggered_driven,jacobi16,3,2,9.448448,0.0105
65536,staggered_driven,jacobi16,3,3,9.47712,0.0102
65536,staggered_driven,jacobi16,3,4,9.764864,0.0102
65536,staggered_driven,jacobi16,3,5,9.402368,0.0103
65536,staggered_driven,jacobi16,3,6,9.2928,0.0102
65536,staggered_driven,jacobi16,3,7,9.274368,0.01
65536,staggered_driven,jacobi16,3,8,9.554944,0.0098
65536,staggered_driven,jacobi16,3,9,9.321472,0.0107
65536,staggered_driven,jacobi16,3,10,9.613312,0.0103
65536,staggered_driven,jacobi16,3,11,10.172416,0.0098
65536,staggered_driven,jacobi16,3,12,10.120192,0.0102
65536,staggered_driven,jacobi16,3,13,10.181632,0.0103
65536,staggered_driven,jacobi16,3,14,10.421248,0.0098
65536,staggered_driven,jacobi16,3,15,10.020864,0.0133
65536,staggered_driven,jacobi16,3,16,10.070016,0.0102
65536,staggered_driven,jacobi16,3,17,9.966592,0.0102
65536,staggered_driven,jacobi16,3,18,10.300416,0.0103
65536,staggered_driven,jacobi16,3,19,10.001408,0.0102
65536,staggered_driven,jacobi16,3,20,9.977856,0.0102
65536,staggered_driven,jacobi16,3,21,10.238976,0.0102
65536,staggered_driven,jacobi16,3,22,10.090496,0.0103
65536,staggered_driven,jacobi16,3,23,10.0608,0.0102
65536,staggered_driven,jacobi16,3,24,10.29632,0.0104
65536,staggered_driven,jacobi16,3,25,10.087424,0.0105
65536,staggered_driven,jacobi16,3,26,10.186752,0.0102
65536,staggered_driven,jacobi16,3,27,10.412032,0.0106
65536,staggered_driven,jacobi16,3,28,10.241024,0.0104
65536,staggered_driven,jacobi16,3,29,10.186752,0.0103
65536,staggered_driven,jacobi16,3,30,10.099712,0.0101
65536,staggered_driven,jacobi16,3,31,10.262528,0.0106
65536,staggered_driven,jacobi16,3,32,10.028032,0.0101
65536,staggered_driven,jacobi16,3,33,10.03008,0.0103
65536,staggered_driven,jacobi16,3,34,10.155008,0.0102
65536,staggered_driven,jacobi16,3,35,9.923584,0.0102
65536,staggered_driven,jacobi16,3,36,9.878528,0.0103
65536,staggered_driven,jacobi16,3,37,10.157056,0.0103
65536,staggered_driven,jacobi16,3,38,9.970688,0.0106
65536,staggered_driven,jacobi16,3,39,9.975808,0.0105
65536,staggered_driven,support4,1,0,3.024896,0.0257
65536,staggered_driven,support4,1,1,3.048448,0.0112
65536,staggered_driven,support4,1,2,3.009536,0.0109
65536,staggered_driven,support4,1,3,3.057664,0.0105
65536,staggered_driven,support4,1,4,3.030016,0.0105
65536,staggered_driven,support4,1,5,3.002368,0.0125
65536,staggered_driven,support4,1,6,3.254272,0.0103
65536,staggered_driven,support4,1,7,3.008512,0.0105
65536,staggered_driven,support4,1,8,3.021824,0.0104
65536,staggered_driven,support4,1,9,3.024896,0.0105
65536,staggered_driven,support4,1,10,3.514368,0.0108
65536,staggered_driven,support4,1,11,3.034112,0.0104
65536,staggered_driven,support4,1,12,3.034112,0.0104
65536,staggered_driven,support4,1,13,3.007488,0.0104
65536,staggered_driven,support4,1,14,2.999296,0.0104
65536,staggered_driven,support4,1,15,3.224576,0.01
65536,staggered_driven,support4,1,16,3.003392,0.0104
65536,staggered_driven,support4,1,17,3.294208,0.0105
65536,staggered_driven,support4,1,18,3.007488,0.0104
65536,staggered_driven,support4,1,19,3.032064,0.01
65536,staggered_driven,support4,1,20,3.03104,0.0105
65536,staggered_driven,support4,1,21,2.970624,0.0104
65536,staggered_driven,support4,1,22,3.290112,0.01
65536,staggered_driven,support4,1,23,3.018752,0.0105
65536,staggered_driven,support4,1,24,3.00032,0.0103
65536,staggered_driven,support4,1,25,3.033088,0.0106
65536,staggered_driven,support4,1,26,2.981888,0.0105
65536,staggered_driven,support4,1,27,2.961408,0.011
65536,staggered_driven,support4,1,28,3.272704,0.01
65536,staggered_driven,support4,1,29,3.236864,0.0104
65536,staggered_driven,support4,1,30,3.018752,0.0102
65536,staggered_driven,support4,1,31,3.019776,0.0103
65536,staggered_driven,support4,1,32,2.998272,0.0105
65536,staggered_driven,support4,1,33,2.99008,0.0105
65536,staggered_driven,support4,1,34,2.97984,0.0104
65536,staggered_driven,support4,1,35,2.957312,0.0104
65536,staggered_driven,support4,1,36,3.216384,0.0104
65536,staggered_driven,support4,1,37,3.018752,0.0108
65536,staggered_driven,support4,1,38,3.00032,0.0105
65536,staggered_driven,support4,1,39,3.303424,0.0105
65536,staggered_driven,support4,2,0,3.048448,0.0342
65536,staggered_driven,support4,2,1,3.021824,0.0104
65536,staggered_driven,support4,2,2,3.229696,0.0105
65536,staggered_driven,support4,2,3,3.04128,0.0109
65536,staggered_driven,support4,2,4,3.007488,0.0108
65536,staggered_driven,support4,2,5,2.975744,0.0104
65536,staggered_driven,support4,2,6,3.211264,0.0104
65536,staggered_driven,support4,2,7,2.987008,0.0104
65536,staggered_driven,support4,2,8,2.97984,0.0104
65536,staggered_driven,support4,2,9,3.008512,0.0104
65536,staggered_driven,support4,2,10,2.98496,0.0108
65536,staggered_driven,support4,2,11,2.950144,0.0104
65536,staggered_driven,support4,2,12,2.99008,0.0107
65536,staggered_driven,support4,2,13,3.279872,0.0105
65536,staggered_driven,support4,2,14,3.001344,0.0104
65536,staggered_driven,support4,2,15,3.01056,0.0105
65536,staggered_driven,support4,2,16,2.975744,0.0103
65536,staggered_driven,support4,2,17,2.994176,0.0103
65536,staggered_driven,support4,2,18,2.987008,0.0103
65536,staggered_driven,support4,2,19,2.982912,0.0104
65536,staggered_driven,support4,2,20,3.25632,0.0103
65536,staggered_driven,support4,2,21,3.012608,0.0104
65536,staggered_driven,support4,2,22,3.05664,0.0104
65536,staggered_driven,support4,2,23,3.048448,0.0103
65536,staggered_driven,support4,2,24,3.218432,0.0104
65536,staggered_driven,support4,2,25,3.050496,0.0104
65536,staggered_driven,support4,2,26,3.20512,0.0106
65536,staggered_driven,support4,2,27,3.01568,0.0104
65536,staggered_driven,support4,2,28,3.03104,0.0103
65536,staggered_driven,support4,2,29,2.985984,0.0104
65536,staggered_driven,support4,2,30,3.008512,0.0104
65536,staggered_driven,support4,2,31,3.001344,0.0104
65536,staggered_driven,support4,2,32,2.952192,0.0104
65536,staggered_driven,support4,2,33,2.999296,0.0104
65536,staggered_driven,support4,2,34,3.258368,0.0108
65536,staggered_driven,support4,2,35,3.208192,0.0108
65536,staggered_driven,support4,2,36,3.008512,0.0103
65536,staggered_driven,support4,2,37,3.042304,0.0103
65536,staggered_driven,support4,2,38,2.994176,0.0105
65536,staggered_driven,support4,2,39,2.99008,0.0103
65536,staggered_driven,support4,3,0,3.01056,0.032
65536,staggered_driven,support4,3,1,3.028992,0.0112
65536,staggered_driven,support4,3,2,2.994176,0.0231
65536,staggered_driven,support4,3,3,3.049472,0.0109
65536,staggered_driven,support4,3,4,3.003392,0.012
65536,staggered_driven,support4,3,5,2.978816,0.0111
65536,staggered_driven,support4,3,6,3.009536,0.0106
65536,staggered_driven,support4,3,7,2.988032,0.0106
65536,staggered_driven,support4,3,8,2.99008,0.0106
65536,staggered_driven,support4,3,9,3.01568,0.0102
65536,staggered_driven,support4,3,10,3.28192,0.0107
65536,staggered_driven,support4,3,11,3.024896,0.0103
65536,staggered_driven,support4,3,12,3.040256,0.0106
65536,staggered_driven,support4,3,13,3.008512,0.0127
65536,staggered_driven,support4,3,14,3.00544,0.0105
65536,staggered_driven,support4,3,15,3.009536,0.0106
65536,staggered_driven,support4,3,16,2.971648,0.0105
65536,staggered_driven,support4,3,17,3.006464,0.0102
65536,staggered_driven,support4,3,18,2.982912,0.0109
65536,staggered_driven,support4,3,19,2.989056,0.0106
65536,staggered_driven,support4,3,20,3.024896,0.0101
65536,staggered_driven,support4,3,21,3.218432,0.0102
65536,staggered_driven,support4,3,22,3.067904,0.0106
65536,staggered_driven,support4,3,23,3.063808,0.0105
65536,staggered_driven,support4,3,24,3.032064,0.0109
65536,staggered_driven,support4,3,25,3.049472,0.0105
65536,staggered_driven,support4,3,26,2.997248,0.0106
65536,staggered_driven,support4,3,27,2.989056,0.0106
65536,staggered_driven,support4,3,28,3.008512,0.0102
65536,staggered_driven,support4,3,29,2.966528,0.0106
65536,staggered_driven,support4,3,30,3.034112,0.0105
65536,staggered_driven,support4,3,31,3.01056,0.0105
65536,staggered_driven,support4,3,32,3.308544,0.0102
65536,staggered_driven,support4,3,33,3.014656,0.0105
65536,staggered_driven,support4,3,34,3.01568,0.0106
65536,staggered_driven,support4,3,35,3.009536,0.0105
65536,staggered_driven,support4,3,36,3.028992,0.0105
65536,staggered_driven,support4,3,37,3.02592,0.0106
65536,staggered_driven,support4,3,38,3.053568,0.0104
65536,staggered_driven,support4,3,39,3.028992,0.0105
131072,aligned_still,jacobi4,1,0,4.77184,0.0091
131072,aligned_still,jacobi4,1,1,4.77696,0.0022
131072,aligned_still,jacobi4,1,2,4.666368,0.0022
131072,aligned_still,jacobi4,1,3,4.7104,8.0E-4
131072,aligned_still,jacobi4,1,4,4.916224,8.0E-4
131072,aligned_still,jacobi4,1,5,4.724736,7.0E-4
131072,aligned_still,jacobi4,1,6,4.733952,8.0E-4
131072,aligned_still,jacobi4,1,7,4.719616,7.0E-4
131072,aligned_still,jacobi4,1,8,4.764672,8.0E-4
131072,aligned_still,jacobi4,1,9,4.736,8.0E-4
131072,aligned_still,jacobi4,1,10,4.95616,6.0E-4
131072,aligned_still,jacobi4,1,11,5.098496,7.0E-4
131072,aligned_still,jacobi4,1,12,4.909056,8.0E-4
131072,aligned_still,jacobi4,1,13,4.856832,7.0E-4
131072,aligned_still,jacobi4,1,14,4.944896,9.0E-4
131072,aligned_still,jacobi4,1,15,4.95104,7.0E-4
131072,aligned_still,jacobi4,1,16,4.9408,8.0E-4
131072,aligned_still,jacobi4,1,17,4.913152,7.0E-4
131072,aligned_still,jacobi4,1,18,5.415936,9.0E-4
131072,aligned_still,jacobi4,1,19,4.91008,7.0E-4
131072,aligned_still,jacobi4,1,20,5.334016,8.0E-4
131072,aligned_still,jacobi4,1,21,5.000192,8.0E-4
131072,aligned_still,jacobi4,1,22,5.03296,7.0E-4
131072,aligned_still,jacobi4,1,23,4.960256,7.0E-4
131072,aligned_still,jacobi4,1,24,5.065728,7.0E-4
131072,aligned_still,jacobi4,1,25,5.287936,8.0E-4
131072,aligned_still,jacobi4,1,26,4.990976,7.0E-4
131072,aligned_still,jacobi4,1,27,5.023744,8.0E-4
131072,aligned_still,jacobi4,1,28,5.037056,8.0E-4
131072,aligned_still,jacobi4,1,29,5.078016,0.001
131072,aligned_still,jacobi4,1,30,5.076992,7.0E-4
131072,aligned_still,jacobi4,1,31,5.506048,9.0E-4
131072,aligned_still,jacobi4,1,32,5.071872,7.0E-4
131072,aligned_still,jacobi4,1,33,5.111808,7.0E-4
131072,aligned_still,jacobi4,1,34,5.060608,7.0E-4
131072,aligned_still,jacobi4,1,35,5.117952,8.0E-4
131072,aligned_still,jacobi4,1,36,5.12512,7.0E-4
131072,aligned_still,jacobi4,1,37,5.332992,9.0E-4
131072,aligned_still,jacobi4,1,38,5.374976,7.0E-4
131072,aligned_still,jacobi4,1,39,5.338112,7.0E-4
131072,aligned_still,jacobi4,2,0,4.753408,0.0098
131072,aligned_still,jacobi4,2,1,4.708352,0.002
131072,aligned_still,jacobi4,2,2,4.6848,0.0022
131072,aligned_still,jacobi4,2,3,4.704256,7.0E-4
131072,aligned_still,jacobi4,2,4,4.912128,7.0E-4
131072,aligned_still,jacobi4,2,5,4.749312,6.0E-4
131072,aligned_still,jacobi4,2,6,4.714496,7.0E-4
131072,aligned_still,jacobi4,2,7,4.736,8.0E-4
131072,aligned_still,jacobi4,2,8,4.744192,6.0E-4
131072,aligned_still,jacobi4,2,9,4.764672,8.0E-4
131072,aligned_still,jacobi4,2,10,5.133312,7.0E-4
131072,aligned_still,jacobi4,2,11,5.11488,6.0E-4
131072,aligned_still,jacobi4,2,12,4.917248,6.0E-4
131072,aligned_still,jacobi4,2,13,4.942848,7.0E-4
131072,aligned_still,jacobi4,2,14,4.975616,6.0E-4
131072,aligned_still,jacobi4,2,15,4.984832,7.0E-4
131072,aligned_still,jacobi4,2,16,4.9152,6.0E-4
131072,aligned_still,jacobi4,2,17,4.948992,7.0E-4
131072,aligned_still,jacobi4,2,18,5.110784,7.0E-4
131072,aligned_still,jacobi4,2,19,4.941824,7.0E-4
131072,aligned_still,jacobi4,2,20,4.960256,7.0E-4
131072,aligned_still,jacobi4,2,21,5.001216,8.0E-4
131072,aligned_still,jacobi4,2,22,5.008384,6.0E-4
131072,aligned_still,jacobi4,2,23,4.990976,7.0E-4
131072,aligned_still,jacobi4,2,24,5.047296,0.0011
131072,aligned_still,jacobi4,2,25,5.264384,8.0E-4
131072,aligned_still,jacobi4,2,26,5.044224,8.0E-4
131072,aligned_still,jacobi4,2,27,5.024768,7.0E-4
131072,aligned_still,jacobi4,2,28,5.10464,6.0E-4
131072,aligned_still,jacobi4,2,29,5.074944,6.0E-4
131072,aligned_still,jacobi4,2,30,5.097472,8.0E-4
131072,aligned_still,jacobi4,2,31,5.354496,6.0E-4
131072,aligned_still,jacobi4,2,32,5.149696,7.0E-4
131072,aligned_still,jacobi4,2,33,5.107712,0.001
131072,aligned_still,jacobi4,2,34,5.153792,7.0E-4
131072,aligned_still,jacobi4,2,35,5.153792,6.0E-4
131072,aligned_still,jacobi4,2,36,5.250048,6.0E-4
131072,aligned_still,jacobi4,2,37,5.192704,7.0E-4
131072,aligned_still,jacobi4,2,38,5.50912,8.0E-4
131072,aligned_still,jacobi4,2,39,5.43232,6.0E-4
131072,aligned_still,jacobi4,3,0,4.800512,0.0078
131072,aligned_still,jacobi4,3,1,4.7616,8.0E-4
131072,aligned_still,jacobi4,3,2,4.76672,0.0021
131072,aligned_still,jacobi4,3,3,4.75648,7.0E-4
131072,aligned_still,jacobi4,3,4,4.938752,7.0E-4
131072,aligned_still,jacobi4,3,5,4.750336,7.0E-4
131072,aligned_still,jacobi4,3,6,4.754432,7.0E-4
131072,aligned_still,jacobi4,3,7,4.7616,7.0E-4
131072,aligned_still,jacobi4,3,8,4.764672,8.0E-4
131072,aligned_still,jacobi4,3,9,4.7872,6.0E-4
131072,aligned_still,jacobi4,3,10,4.962304,7.0E-4
131072,aligned_still,jacobi4,3,11,5.137408,6.0E-4
131072,aligned_still,jacobi4,3,12,4.94592,7.0E-4
131072,aligned_still,jacobi4,3,13,4.982784,7.0E-4
131072,aligned_still,jacobi4,3,14,5.001216,6.0E-4
131072,aligned_still,jacobi4,3,15,5.035008,7.0E-4
131072,aligned_still,jacobi4,3,16,4.962304,7.0E-4
131072,aligned_still,jacobi4,3,17,5.215232,6.0E-4
131072,aligned_still,jacobi4,3,18,4.963328,5.0E-4
131072,aligned_still,jacobi4,3,19,4.962304,7.0E-4
131072,aligned_still,jacobi4,3,20,4.963328,7.0E-4
131072,aligned_still,jacobi4,3,21,4.995072,8.0E-4
131072,aligned_still,jacobi4,3,22,4.994048,8.0E-4
131072,aligned_still,jacobi4,3,23,5.005312,6.0E-4
131072,aligned_still,jacobi4,3,24,5.289984,8.0E-4
131072,aligned_still,jacobi4,3,25,5.067776,7.0E-4
131072,aligned_still,jacobi4,3,26,5.080064,6.0E-4
131072,aligned_still,jacobi4,3,27,5.074944,8.0E-4
131072,aligned_still,jacobi4,3,28,5.110784,8.0E-4
131072,aligned_still,jacobi4,3,29,5.056512,6.0E-4
131072,aligned_still,jacobi4,3,30,5.363712,7.0E-4
131072,aligned_still,jacobi4,3,31,5.158912,6.0E-4
131072,aligned_still,jacobi4,3,32,5.143552,7.0E-4
131072,aligned_still,jacobi4,3,33,5.100544,7.0E-4
131072,aligned_still,jacobi4,3,34,5.1456,6.0E-4
131072,aligned_still,jacobi4,3,35,5.154816,7.0E-4
131072,aligned_still,jacobi4,3,36,5.23776,8.0E-4
131072,aligned_still,jacobi4,3,37,5.429248,6.0E-4
131072,aligned_still,jacobi4,3,38,5.221376,8.0E-4
131072,aligned_still,jacobi4,3,39,5.32992,7.0E-4
131072,aligned_still,jacobi16,1,0,17.691648,0.0114
131072,aligned_still,jacobi16,1,1,17.959936,0.0033
131072,aligned_still,jacobi16,1,2,17.871872,0.0032
131072,aligned_still,jacobi16,1,3,18.033664,0.0032
131072,aligned_still,jacobi16,1,4,17.736704,0.0034
131072,aligned_still,jacobi16,1,5,18.179072,0.0034
131072,aligned_still,jacobi16,1,6,18.115584,0.0034
131072,aligned_still,jacobi16,1,7,18.322432,0.0032
131072,aligned_still,jacobi16,1,8,18.37568,0.0033
131072,aligned_still,jacobi16,1,9,18.147328,0.0031
131072,aligned_still,jacobi16,1,10,18.5088,0.0031
131072,aligned_still,jacobi16,1,11,18.436096,0.0032
131072,aligned_still,jacobi16,1,12,18.450432,0.0032
131072,aligned_still,jacobi16,1,13,18.031616,0.0031
131072,aligned_still,jacobi16,1,14,18.31424,0.0031
131072,aligned_still,jacobi16,1,15,18.372608,0.0032
131072,aligned_still,jacobi16,1,16,18.166784,0.0031
131072,aligned_still,jacobi16,1,17,18.348032,0.0032
131072,aligned_still,jacobi16,1,18,18.100224,0.0031
131072,aligned_still,jacobi16,1,19,18.40128,0.0033
131072,aligned_still,jacobi16,1,20,18.137088,0.0032
131072,aligned_still,jacobi16,1,21,18.35008,0.0031
131072,aligned_still,jacobi16,1,22,18.138112,0.0032
131072,aligned_still,jacobi16,1,23,18.448384,0.0034
131072,aligned_still,jacobi16,1,24,18.461696,0.0032
131072,aligned_still,jacobi16,1,25,18.659328,0.0032
131072,aligned_still,jacobi16,1,26,18.51392,0.0032
131072,aligned_still,jacobi16,1,27,18.475008,0.0031
131072,aligned_still,jacobi16,1,28,18.753536,0.0031
131072,aligned_still,jacobi16,1,29,18.825216,0.0031
131072,aligned_still,jacobi16,1,30,18.958336,0.0032
131072,aligned_still,jacobi16,1,31,18.715648,0.0031
131072,aligned_still,jacobi16,1,32,19.035136,0.0031
131072,aligned_still,jacobi16,1,33,18.890752,0.0031
131072,aligned_still,jacobi16,1,34,19.109888,0.0032
131072,aligned_still,jacobi16,1,35,19.167232,0.0031
131072,aligned_still,jacobi16,1,36,19.018752,0.0033
131072,aligned_still,jacobi16,1,37,19.318784,0.0031
131072,aligned_still,jacobi16,1,38,19.17952,0.0032
131072,aligned_still,jacobi16,1,39,19.360768,0.0033
131072,aligned_still,jacobi16,2,0,18.3808,0.0126
131072,aligned_still,jacobi16,2,1,18.210816,0.0047
131072,aligned_still,jacobi16,2,2,18.111488,0.0049
131072,aligned_still,jacobi16,2,3,18.019328,0.0031
131072,aligned_still,jacobi16,2,4,18.202624,0.004
131072,aligned_still,jacobi16,2,5,17.982464,0.0034
131072,aligned_still,jacobi16,2,6,18.171904,0.0033
131072,aligned_still,jacobi16,2,7,18.515968,0.0034
131072,aligned_still,jacobi16,2,8,18.637824,0.0033
131072,aligned_still,jacobi16,2,9,18.342912,0.0032
131072,aligned_still,jacobi16,2,10,18.683904,0.0032
131072,aligned_still,jacobi16,2,11,18.690048,0.0031
131072,aligned_still,jacobi16,2,12,18.318336,0.0032
131072,aligned_still,jacobi16,2,13,18.546688,0.0032
131072,aligned_still,jacobi16,2,14,18.31424,0.0039
131072,aligned_still,jacobi16,2,15,18.5344,0.0032
131072,aligned_still,jacobi16,2,16,18.37568,0.0032
131072,aligned_still,jacobi16,2,17,18.569216,0.0032
131072,aligned_still,jacobi16,2,18,18.126848,0.0032
131072,aligned_still,jacobi16,2,19,18.661376,0.0032
131072,aligned_still,jacobi16,2,20,18.490368,0.0033
131072,aligned_still,jacobi16,2,21,18.35008,0.0031
131072,aligned_still,jacobi16,2,22,18.5856,0.0031
131072,aligned_still,jacobi16,2,23,18.351104,0.0033
131072,aligned_still,jacobi16,2,24,18.660352,0.0033
131072,aligned_still,jacobi16,2,25,18.497536,0.0033
131072,aligned_still,jacobi16,2,26,18.694144,0.0031
131072,aligned_still,jacobi16,2,27,18.527232,0.0032
131072,aligned_still,jacobi16,2,28,18.7392,0.0033
131072,aligned_still,jacobi16,2,29,18.8672,0.0032
131072,aligned_still,jacobi16,2,30,19.05664,0.0031
131072,aligned_still,jacobi16,2,31,18.84672,0.0031
131072,aligned_still,jacobi16,2,32,18.668544,0.0032
131072,aligned_still,jacobi16,2,33,18.915328,0.0032
131072,aligned_still,jacobi16,2,34,18.676736,0.0032
131072,aligned_still,jacobi16,2,35,18.985984,0.0032
131072,aligned_still,jacobi16,2,36,18.74944,0.0031
131072,aligned_still,jacobi16,2,37,18.966528,0.0033
131072,aligned_still,jacobi16,2,38,19.024896,0.0031
131072,aligned_still,jacobi16,2,39,18.679808,0.0031
131072,aligned_still,jacobi16,3,0,18.10944,0.0113
131072,aligned_still,jacobi16,3,1,17.72544,0.0033
131072,aligned_still,jacobi16,3,2,17.987584,0.0031
131072,aligned_still,jacobi16,3,3,17.988608,0.0031
131072,aligned_still,jacobi16,3,4,18.082816,0.0033
131072,aligned_still,jacobi16,3,5,17.896448,0.0033
131072,aligned_still,jacobi16,3,6,18.079744,0.0032
131072,aligned_still,jacobi16,3,7,18.335744,0.0031
131072,aligned_still,jacobi16,3,8,18.359296,0.0032
131072,aligned_still,jacobi16,3,9,18.14528,0.0031
131072,aligned_still,jacobi16,3,10,18.623488,0.0031
131072,aligned_still,jacobi16,3,11,18.605056,0.0032
131072,aligned_still,jacobi16,3,12,18.336768,0.0031
131072,aligned_still,jacobi16,3,13,18.511872,0.0033
131072,aligned_still,jacobi16,3,14,18.255872,0.0031
131072,aligned_still,jacobi16,3,15,18.497536,0.0032
131072,aligned_still,jacobi16,3,16,18.256896,0.0032
131072,aligned_still,jacobi16,3,17,18.47296,0.0032
131072,aligned_still,jacobi16,3,18,18.245632,0.0031
131072,aligned_still,jacobi16,3,19,18.681856,0.0032
131072,aligned_still,jacobi16,3,20,18.542592,0.0032
131072,aligned_still,jacobi16,3,21,18.374656,0.0031
131072,aligned_still,jacobi16,3,22,18.655232,0.0031
131072,aligned_still,jacobi16,3,23,18.639872,0.0032
131072,aligned_still,jacobi16,3,24,19.152896,0.0034
131072,aligned_still,jacobi16,3,25,18.781184,0.0033
131072,aligned_still,jacobi16,3,26,18.82112,0.0033
131072,aligned_still,jacobi16,3,27,18.85184,0.0035
131072,aligned_still,jacobi16,3,28,18.569216,0.0032
131072,aligned_still,jacobi16,3,29,18.932736,0.0032
131072,aligned_still,jacobi16,3,30,18.791424,0.0032
131072,aligned_still,jacobi16,3,31,18.957312,0.0031
131072,aligned_still,jacobi16,3,32,18.80576,0.0032
131072,aligned_still,jacobi16,3,33,18.996224,0.0031
131072,aligned_still,jacobi16,3,34,19.011584,0.0032
131072,aligned_still,jacobi16,3,35,18.99008,0.0032
131072,aligned_still,jacobi16,3,36,19.168256,0.0033
131072,aligned_still,jacobi16,3,37,18.911232,0.0032
131072,aligned_still,jacobi16,3,38,19.172352,0.0032
131072,aligned_still,jacobi16,3,39,18.894848,0.0033
131072,aligned_still,support4,1,0,5.446656,0.011
131072,aligned_still,support4,1,1,5.195776,0.0033
131072,aligned_still,support4,1,2,5.190656,0.0032
131072,aligned_still,support4,1,3,5.172224,0.0033
131072,aligned_still,support4,1,4,5.173248,0.0031
131072,aligned_still,support4,1,5,5.168128,0.0031
131072,aligned_still,support4,1,6,5.358592,0.0031
131072,aligned_still,support4,1,7,5.233664,0.0031
131072,aligned_still,support4,1,8,5.169152,0.0032
131072,aligned_still,support4,1,9,5.226496,0.0031
131072,aligned_still,support4,1,10,5.165056,0.0031
131072,aligned_still,support4,1,11,5.21216,0.0031
131072,aligned_still,support4,1,12,5.177344,0.0033
131072,aligned_still,support4,1,13,5.364736,0.0032
131072,aligned_still,support4,1,14,5.15072,0.0031
131072,aligned_still,support4,1,15,5.148672,0.0033
131072,aligned_still,support4,1,16,5.187584,0.0031
131072,aligned_still,support4,1,17,5.146624,0.0032
131072,aligned_still,support4,1,18,5.153792,0.0031
131072,aligned_still,support4,1,19,5.409792,0.0032
131072,aligned_still,support4,1,20,5.168128,0.0031
131072,aligned_still,support4,1,21,5.179392,0.0031
131072,aligned_still,support4,1,22,5.159936,0.0031
131072,aligned_still,support4,1,23,5.177344,0.0032
131072,aligned_still,support4,1,24,5.149696,0.0031
131072,aligned_still,support4,1,25,5.152768,0.0032
131072,aligned_still,support4,1,26,5.445632,0.0061
131072,aligned_still,support4,1,27,5.20192,0.0032
131072,aligned_still,support4,1,28,5.21728,0.0032
131072,aligned_still,support4,1,29,5.19168,0.0034
131072,aligned_still,support4,1,30,5.22752,0.0031
131072,aligned_still,support4,1,31,5.23776,0.0032
131072,aligned_still,support4,1,32,5.393408,0.003
131072,aligned_still,support4,1,33,5.18656,0.0034
131072,aligned_still,support4,1,34,5.18144,0.0032
131072,aligned_still,support4,1,35,5.23264,0.0031
131072,aligned_still,support4,1,36,5.198848,0.0031
131072,aligned_still,support4,1,37,5.198848,0.0031
131072,aligned_still,support4,1,38,5.430272,0.0031
131072,aligned_still,support4,1,39,5.214208,0.0031
131072,aligned_still,support4,2,0,5.277696,0.0135
131072,aligned_still,support4,2,1,5.246976,0.0031
131072,aligned_still,support4,2,2,5.231616,0.0031
131072,aligned_still,support4,2,3,5.215232,0.0031
131072,aligned_still,support4,2,4,5.516288,0.0031
131072,aligned_still,support4,2,5,5.213184,0.0031
131072,aligned_still,support4,2,6,5.214208,0.0032
131072,aligned_still,support4,2,7,5.195776,0.003
131072,aligned_still,support4,2,8,5.185536,0.0031
131072,aligned_still,support4,2,9,5.211136,0.0031
131072,aligned_still,support4,2,10,5.170176,0.003
131072,aligned_still,support4,2,11,5.47328,0.0033
131072,aligned_still,support4,2,12,5.210112,0.0031
131072,aligned_still,support4,2,13,5.216256,0.0031
131072,aligned_still,support4,2,14,5.210112,0.0037
131072,aligned_still,support4,2,15,5.231616,0.0031
131072,aligned_still,support4,2,16,5.239808,0.0031
131072,aligned_still,support4,2,17,5.489664,0.003
131072,aligned_still,support4,2,18,5.230592,0.003
131072,aligned_still,support4,2,19,5.270528,0.0031
131072,aligned_still,support4,2,20,5.252096,0.003
131072,aligned_still,support4,2,21,5.218304,0.003
131072,aligned_still,support4,2,22,5.19168,0.0031
131072,aligned_still,support4,2,23,5.385216,0.0031
131072,aligned_still,support4,2,24,5.195776,0.0031
131072,aligned_still,support4,2,25,5.180416,0.0031
131072,aligned_still,support4,2,26,5.270528,0.003
131072,aligned_still,support4,2,27,5.25824,0.0032
131072,aligned_still,support4,2,28,5.267456,0.0031
131072,aligned_still,support4,2,29,5.240832,0.003
131072,aligned_still,support4,2,30,5.582848,0.0032
131072,aligned_still,support4,2,31,5.34528,0.003
131072,aligned_still,support4,2,32,5.33504,0.0031
131072,aligned_still,support4,2,33,5.320704,0.003
131072,aligned_still,support4,2,34,5.262336,0.0031
131072,aligned_still,support4,2,35,5.254144,0.003
131072,aligned_still,support4,2,36,5.490688,0.0047
131072,aligned_still,support4,2,37,5.271552,0.0031
131072,aligned_still,support4,2,38,5.301248,0.0031
131072,aligned_still,support4,2,39,5.282816,0.0031
131072,aligned_still,support4,3,0,5.417984,0.0137
131072,aligned_still,support4,3,1,5.157888,0.0031
131072,aligned_still,support4,3,2,5.115904,0.0031
131072,aligned_still,support4,3,3,5.359616,0.0034
131072,aligned_still,support4,3,4,5.121024,0.003
131072,aligned_still,support4,3,5,5.172224,0.003
131072,aligned_still,support4,3,6,5.188608,0.0031
131072,aligned_still,support4,3,7,5.421056,0.0032
131072,aligned_still,support4,3,8,5.158912,0.0034
131072,aligned_still,support4,3,9,5.215232,0.0031
131072,aligned_still,support4,3,10,5.143552,0.0031
131072,aligned_still,support4,3,11,5.454848,0.0032
131072,aligned_still,support4,3,12,5.206016,0.003
131072,aligned_still,support4,3,13,5.387264,0.0031
131072,aligned_still,support4,3,14,5.174272,0.0031
131072,aligned_still,support4,3,15,5.426176,0.0031
131072,aligned_still,support4,3,16,5.179392,0.0032
131072,aligned_still,support4,3,17,5.152768,0.0031
131072,aligned_still,support4,3,18,5.163008,0.0032
131072,aligned_still,support4,3,19,5.412864,0.0031
131072,aligned_still,support4,3,20,5.409792,0.0032
131072,aligned_still,support4,3,21,5.1968,0.0031
131072,aligned_still,support4,3,22,5.153792,0.0031
131072,aligned_still,support4,3,23,5.377024,0.003
131072,aligned_still,support4,3,24,5.157888,0.0031
131072,aligned_still,support4,3,25,5.177344,0.0031
131072,aligned_still,support4,3,26,5.362688,0.0031
131072,aligned_still,support4,3,27,5.505024,0.0031
131072,aligned_still,support4,3,28,5.29408,0.0031
131072,aligned_still,support4,3,29,5.261312,0.003
131072,aligned_still,support4,3,30,5.323776,0.0032
131072,aligned_still,support4,3,31,5.521408,0.0031
131072,aligned_still,support4,3,32,5.56544,0.0031
131072,aligned_still,support4,3,33,5.272576,0.0031
131072,aligned_still,support4,3,34,5.434368,0.0031
131072,aligned_still,support4,3,35,5.241856,0.0032
131072,aligned_still,support4,3,36,5.195776,0.0031
131072,aligned_still,support4,3,37,5.236736,0.003
131072,aligned_still,support4,3,38,5.489664,0.0031
131072,aligned_still,support4,3,39,5.224448,0.0031
131072,staggered_still,jacobi4,1,0,5.76512,0.0104
131072,staggered_still,jacobi4,1,1,5.91872,0.003
131072,staggered_still,jacobi4,1,2,5.87776,0.003
131072,staggered_still,jacobi4,1,3,5.961728,0.001
131072,staggered_still,jacobi4,1,4,6.11328,0.001
131072,staggered_still,jacobi4,1,5,5.809152,9.0E-4
131072,staggered_still,jacobi4,1,6,5.828608,0.0029
131072,staggered_still,jacobi4,1,7,5.873664,0.001
131072,staggered_still,jacobi4,1,8,5.89312,0.001
131072,staggered_still,jacobi4,1,9,6.199296,9.0E-4
131072,staggered_still,jacobi4,1,10,5.987328,0.001
131072,staggered_still,jacobi4,1,11,6.012928,0.001
131072,staggered_still,jacobi4,1,12,6.074368,9.0E-4
131072,staggered_still,jacobi4,1,13,6.10304,7.0E-4
131072,staggered_still,jacobi4,1,14,6.125568,8.0E-4
131072,staggered_still,jacobi4,1,15,6.449152,7.0E-4
131072,staggered_still,jacobi4,1,16,6.249472,7.0E-4
131072,staggered_still,jacobi4,1,17,6.232064,6.0E-4
131072,staggered_still,jacobi4,1,18,6.13376,6.0E-4
131072,staggered_still,jacobi4,1,19,6.121472,7.0E-4
131072,staggered_still,jacobi4,1,20,6.605824,6.0E-4
131072,staggered_still,jacobi4,1,21,6.254592,7.0E-4
131072,staggered_still,jacobi4,1,22,6.362112,8.0E-4
131072,staggered_still,jacobi4,1,23,6.296576,6.0E-4
131072,staggered_still,jacobi4,1,24,6.401024,7.0E-4
131072,staggered_still,jacobi4,1,25,6.776832,8.0E-4
131072,staggered_still,jacobi4,1,26,6.436864,7.0E-4
131072,staggered_still,jacobi4,1,27,6.495232,8.0E-4
131072,staggered_still,jacobi4,1,28,6.5536,7.0E-4
131072,staggered_still,jacobi4,1,29,6.546432,6.0E-4
131072,staggered_still,jacobi4,1,30,7.018496,7.0E-4
131072,staggered_still,jacobi4,1,31,6.761472,7.0E-4
131072,staggered_still,jacobi4,1,32,6.776832,6.0E-4
131072,staggered_still,jacobi4,1,33,6.859776,8.0E-4
131072,staggered_still,jacobi4,1,34,6.79424,6.0E-4
131072,staggered_still,jacobi4,1,35,7.118848,7.0E-4
131072,staggered_still,jacobi4,1,36,6.832128,5.0E-4
131072,staggered_still,jacobi4,1,37,6.95808,6.0E-4
131072,staggered_still,jacobi4,1,38,6.953984,7.0E-4
131072,staggered_still,jacobi4,1,39,7.058432,8.0E-4
131072,staggered_still,jacobi4,2,0,5.66784,0.0115
131072,staggered_still,jacobi4,2,1,5.758976,0.0036
131072,staggered_still,jacobi4,2,2,5.776384,0.0029
131072,staggered_still,jacobi4,2,3,5.82144,7.0E-4
131072,staggered_still,jacobi4,2,4,5.812224,6.0E-4
131072,staggered_still,jacobi4,2,5,6.008832,8.0E-4
131072,staggered_still,jacobi4,2,6,5.761024,8.0E-4
131072,staggered_still,jacobi4,2,7,5.829632,7.0E-4
131072,staggered_still,jacobi4,2,8,5.926912,6.0E-4
131072,staggered_still,jacobi4,2,9,5.94432,7.0E-4
131072,staggered_still,jacobi4,2,10,5.932032,6.0E-4
131072,staggered_still,jacobi4,2,11,6.356992,8.0E-4
131072,staggered_still,jacobi4,2,12,6.061056,7.0E-4
131072,staggered_still,jacobi4,2,13,6.116352,6.0E-4
131072,staggered_still,jacobi4,2,14,6.141952,6.0E-4
131072,staggered_still,jacobi4,2,15,6.175744,6.0E-4
131072,staggered_still,jacobi4,2,16,6.4256,7.0E-4
131072,staggered_still,jacobi4,2,17,6.316032,8.0E-4
131072,staggered_still,jacobi4,2,18,6.194176,6.0E-4
131072,staggered_still,jacobi4,2,19,6.284288,8.0E-4
131072,staggered_still,jacobi4,2,20,6.33344,7.0E-4
131072,staggered_still,jacobi4,2,21,6.2976,6.0E-4
131072,staggered_still,jacobi4,2,22,6.598656,7.0E-4
131072,staggered_still,jacobi4,2,23,6.281216,7.0E-4
131072,staggered_still,jacobi4,2,24,6.38464,6.0E-4
131072,staggered_still,jacobi4,2,25,6.380544,7.0E-4
131072,staggered_still,jacobi4,2,26,6.404096,7.0E-4
131072,staggered_still,jacobi4,2,27,6.6304,6.0E-4
131072,staggered_still,jacobi4,2,28,6.478848,8.0E-4
131072,staggered_still,jacobi4,2,29,6.489088,7.0E-4
131072,staggered_still,jacobi4,2,30,6.746112,7.0E-4
131072,staggered_still,jacobi4,2,31,6.641664,8.0E-4
131072,staggered_still,jacobi4,2,32,6.905856,9.0E-4
131072,staggered_still,jacobi4,2,33,6.750208,7.0E-4
131072,staggered_still,jacobi4,2,34,6.749184,8.0E-4
131072,staggered_still,jacobi4,2,35,6.730752,7.0E-4
131072,staggered_still,jacobi4,2,36,6.802432,7.0E-4
131072,staggered_still,jacobi4,2,37,7.129088,7.0E-4
131072,staggered_still,jacobi4,2,38,6.887424,6.0E-4
131072,staggered_still,jacobi4,2,39,6.885376,8.0E-4
131072,staggered_still,jacobi4,3,0,5.751808,0.0092
131072,staggered_still,jacobi4,3,1,5.889024,0.0021
131072,staggered_still,jacobi4,3,2,6.07744,0.002
131072,staggered_still,jacobi4,3,3,5.905408,8.0E-4
131072,staggered_still,jacobi4,3,4,5.905408,8.0E-4
131072,staggered_still,jacobi4,3,5,5.917696,7.0E-4
131072,staggered_still,jacobi4,3,6,5.897216,8.0E-4
131072,staggered_still,jacobi4,3,7,5.9648,7.0E-4
131072,staggered_still,jacobi4,3,8,6.273024,6.0E-4
131072,staggered_still,jacobi4,3,9,5.968896,7.0E-4
131072,staggered_still,jacobi4,3,10,5.98016,8.0E-4
131072,staggered_still,jacobi4,3,11,6.084608,7.0E-4
131072,staggered_still,jacobi4,3,12,6.0928,6.0E-4
131072,staggered_still,jacobi4,3,13,6.464512,6.0E-4
131072,staggered_still,jacobi4,3,14,6.178816,6.0E-4
131072,staggered_still,jacobi4,3,15,6.189056,7.0E-4
131072,staggered_still,jacobi4,3,16,6.240256,6.0E-4
131072,staggered_still,jacobi4,3,17,6.303744,8.0E-4
131072,staggered_still,jacobi4,3,18,6.157312,6.0E-4
131072,staggered_still,jacobi4,3,19,6.556672,6.0E-4
131072,staggered_still,jacobi4,3,20,6.25664,8.0E-4
131072,staggered_still,jacobi4,3,21,6.258688,7.0E-4
131072,staggered_still,jacobi4,3,22,6.28736,7.0E-4
131072,staggered_still,jacobi4,3,23,6.284288,8.0E-4
131072,staggered_still,jacobi4,3,24,6.680576,7.0E-4
131072,staggered_still,jacobi4,3,25,6.406144,5.0E-4
131072,staggered_still,jacobi4,3,26,6.438912,8.0E-4
131072,staggered_still,jacobi4,3,27,6.443008,6.0E-4
131072,staggered_still,jacobi4,3,28,6.491136,7.0E-4
131072,staggered_still,jacobi4,3,29,6.771712,8.0E-4
131072,staggered_still,jacobi4,3,30,6.760448,6.0E-4
131072,staggered_still,jacobi4,3,31,6.699008,8.0E-4
131072,staggered_still,jacobi4,3,32,6.714368,8.0E-4
131072,staggered_still,jacobi4,3,33,6.810624,6.0E-4
131072,staggered_still,jacobi4,3,34,7.044096,7.0E-4
131072,staggered_still,jacobi4,3,35,6.740992,7.0E-4
131072,staggered_still,jacobi4,3,36,6.8096,6.0E-4
131072,staggered_still,jacobi4,3,37,6.827008,7.0E-4
131072,staggered_still,jacobi4,3,38,6.895616,7.0E-4
131072,staggered_still,jacobi4,3,39,7.17312,6.0E-4
131072,staggered_still,jacobi16,1,0,19.305472,0.0112
131072,staggered_still,jacobi16,1,1,19.038208,0.0033
131072,staggered_still,jacobi16,1,2,19.325952,0.0031
131072,staggered_still,jacobi16,1,3,19.232768,0.0031
131072,staggered_still,jacobi16,1,4,19.081216,0.0031
131072,staggered_still,jacobi16,1,5,19.247104,0.0033
131072,staggered_still,jacobi16,1,6,19.110912,0.0033
131072,staggered_still,jacobi16,1,7,19.110912,0.0032
131072,staggered_still,jacobi16,1,8,18.926592,0.0032
131072,staggered_still,jacobi16,1,9,18.776064,0.0032
131072,staggered_still,jacobi16,1,10,19.040256,0.0032
131072,staggered_still,jacobi16,1,11,19.038208,0.0031
131072,staggered_still,jacobi16,1,12,19.362816,0.0031
131072,staggered_still,jacobi16,1,13,19.042304,0.003
131072,staggered_still,jacobi16,1,14,19.16416,0.0031
131072,staggered_still,jacobi16,1,15,19.241984,0.0031
131072,staggered_still,jacobi16,1,16,18.94912,0.0032
131072,staggered_still,jacobi16,1,17,18.985984,0.0031
131072,staggered_still,jacobi16,1,18,18.968576,0.0031
131072,staggered_still,jacobi16,1,19,19.268608,0.003
131072,staggered_still,jacobi16,1,20,19.427328,0.0032
131072,staggered_still,jacobi16,1,21,19.853312,0.003
131072,staggered_still,jacobi16,1,22,19.75808,0.0031
131072,staggered_still,jacobi16,1,23,19.612672,0.0032
131072,staggered_still,jacobi16,1,24,19.938304,0.0032
131072,staggered_still,jacobi16,1,25,19.72736,0.0033
131072,staggered_still,jacobi16,1,26,20.025344,0.0031
131072,staggered_still,jacobi16,1,27,20.06016,0.0032
131072,staggered_still,jacobi16,1,28,19.791872,0.0032
131072,staggered_still,jacobi16,1,29,20.040704,0.0034
131072,staggered_still,jacobi16,1,30,19.871744,0.0031
131072,staggered_still,jacobi16,1,31,20.388864,0.0032
131072,staggered_still,jacobi16,1,32,20.066304,0.0032
131072,staggered_still,jacobi16,1,33,19.874816,0.0032
131072,staggered_still,jacobi16,1,34,20.175872,0.0032
131072,staggered_still,jacobi16,1,35,20.158464,0.0032
131072,staggered_still,jacobi16,1,36,20.799488,0.0031
131072,staggered_still,jacobi16,1,37,20.814848,0.0032
131072,staggered_still,jacobi16,1,38,20.836352,0.0031
131072,staggered_still,jacobi16,1,39,21.132288,0.0032
131072,staggered_still,jacobi16,2,0,19.15904,0.013
131072,staggered_still,jacobi16,2,1,19.794944,0.0033
131072,staggered_still,jacobi16,2,2,19.17952,0.0032
131072,staggered_still,jacobi16,2,3,19.229696,0.0032
131072,staggered_still,jacobi16,2,4,19.268608,0.0032
131072,staggered_still,jacobi16,2,5,19.254272,0.0034
131072,staggered_still,jacobi16,2,6,19.467264,0.0032
131072,staggered_still,jacobi16,2,7,19.083264,0.0031
131072,staggered_still,jacobi16,2,8,19.278848,0.0032
131072,staggered_still,jacobi16,2,9,19.186688,0.0032
131072,staggered_still,jacobi16,2,10,19.444736,0.0032
131072,staggered_still,jacobi16,2,11,19.1744,0.0031
131072,staggered_still,jacobi16,2,12,19.5584,0.0033
131072,staggered_still,jacobi16,2,13,19.268608,0.0031
131072,staggered_still,jacobi16,2,14,18.993152,0.0031
131072,staggered_still,jacobi16,2,15,19.290112,0.0031
131072,staggered_still,jacobi16,2,16,19.048448,0.0032
131072,staggered_still,jacobi16,2,17,19.101696,0.0031
131072,staggered_still,jacobi16,2,18,19.096576,0.0031
131072,staggered_still,jacobi16,2,19,18.909184,0.0033
131072,staggered_still,jacobi16,2,20,19.519488,0.0031
131072,staggered_still,jacobi16,2,21,19.631104,0.0032
131072,staggered_still,jacobi16,2,22,19.936256,0.0031
131072,staggered_still,jacobi16,2,23,19.748864,0.0031
131072,staggered_still,jacobi16,2,24,20.099072,0.0033
131072,staggered_still,jacobi16,2,25,20.182016,0.0034
131072,staggered_still,jacobi16,2,26,19.922944,0.0043
131072,staggered_still,jacobi16,2,27,20.23936,0.0032
131072,staggered_still,jacobi16,2,28,19.946496,0.0039
131072,staggered_still,jacobi16,2,29,20.139008,0.0032
131072,staggered_still,jacobi16,2,30,20.297728,0.0032
131072,staggered_still,jacobi16,2,31,20.064256,0.0032
131072,staggered_still,jacobi16,2,32,20.205568,0.0031
131072,staggered_still,jacobi16,2,33,19.74784,0.0032
131072,staggered_still,jacobi16,2,34,20.016128,0.0033
131072,staggered_still,jacobi16,2,35,20.255744,0.0032
131072,staggered_still,jacobi16,2,36,20.498432,0.0031
131072,staggered_still,jacobi16,2,37,20.74624,0.0031
131072,staggered_still,jacobi16,2,38,20.922368,0.0031
131072,staggered_still,jacobi16,2,39,20.783104,0.0031
131072,staggered_still,jacobi16,3,0,18.905088,0.0126
131072,staggered_still,jacobi16,3,1,19.069952,0.0049
131072,staggered_still,jacobi16,3,2,19.108864,0.0046
131072,staggered_still,jacobi16,3,3,18.871296,0.0032
131072,staggered_still,jacobi16,3,4,19.108864,0.0032
131072,staggered_still,jacobi16,3,5,19.053568,0.0033
131072,staggered_still,jacobi16,3,6,19.396608,0.0031
131072,staggered_still,jacobi16,3,7,18.802688,0.0031
131072,staggered_still,jacobi16,3,8,19.224576,0.0031
131072,staggered_still,jacobi16,3,9,19.068928,0.0031
131072,staggered_still,jacobi16,3,10,19.144704,0.0032
131072,staggered_still,jacobi16,3,11,19.366912,0.0031
131072,staggered_still,jacobi16,3,12,19.122176,0.0031
131072,staggered_still,jacobi16,3,13,19.28704,0.0031
131072,staggered_still,jacobi16,3,14,19.035136,0.0031
131072,staggered_still,jacobi16,3,15,19.2,0.0033
131072,staggered_still,jacobi16,3,16,19.116032,0.0031
131072,staggered_still,jacobi16,3,17,18.798592,0.0031
131072,staggered_still,jacobi16,3,18,19.351552,0.0032
131072,staggered_still,jacobi16,3,19,19.0976,0.0033
131072,staggered_still,jacobi16,3,20,19.719168,0.0031
131072,staggered_still,jacobi16,3,21,19.67616,0.003
131072,staggered_still,jacobi16,3,22,19.991552,0.0034
131072,staggered_still,jacobi16,3,23,20.021248,0.0033
131072,staggered_still,jacobi16,3,24,19.92192,0.0032
131072,staggered_still,jacobi16,3,25,20.140032,0.0034
131072,staggered_still,jacobi16,3,26,19.883008,0.0033
131072,staggered_still,jacobi16,3,27,20.21376,0.0033
131072,staggered_still,jacobi16,3,28,20.15232,0.003
131072,staggered_still,jacobi16,3,29,19.835904,0.0031
131072,staggered_still,jacobi16,3,30,20.12672,0.0031
131072,staggered_still,jacobi16,3,31,20.102144,0.0032
131072,staggered_still,jacobi16,3,32,20.299776,0.0031
131072,staggered_still,jacobi16,3,33,20.117504,0.0032
131072,staggered_still,jacobi16,3,34,19.899392,0.0033
131072,staggered_still,jacobi16,3,35,20.470784,0.0032
131072,staggered_still,jacobi16,3,36,20.698112,0.0031
131072,staggered_still,jacobi16,3,37,21.019648,0.0032
131072,staggered_still,jacobi16,3,38,21.189632,0.0032
131072,staggered_still,jacobi16,3,39,20.927488,0.0033
131072,staggered_still,support4,1,0,5.296128,0.0145
131072,staggered_still,support4,1,1,5.226496,0.003
131072,staggered_still,support4,1,2,5.226496,0.0031
131072,staggered_still,support4,1,3,5.270528,0.0031
131072,staggered_still,support4,1,4,5.285888,0.0031
131072,staggered_still,support4,1,5,5.272576,0.003
131072,staggered_still,support4,1,6,5.595136,0.0032
131072,staggered_still,support4,1,7,5.320704,0.003
131072,staggered_still,support4,1,8,5.303296,0.0032
131072,staggered_still,support4,1,9,5.31456,0.0031
131072,staggered_still,support4,1,10,5.306368,0.003
131072,staggered_still,support4,1,11,5.357568,0.0031
131072,staggered_still,support4,1,12,5.505024,0.0031
131072,staggered_still,support4,1,13,5.269504,0.0031
131072,staggered_still,support4,1,14,5.301248,0.0032
131072,staggered_still,support4,1,15,5.276672,0.003
131072,staggered_still,support4,1,16,5.252096,0.0033
131072,staggered_still,support4,1,17,5.274624,0.0031
131072,staggered_still,support4,1,18,5.428224,0.003
131072,staggered_still,support4,1,19,5.327872,0.0032
131072,staggered_still,support4,1,20,5.274624,0.003
131072,staggered_still,support4,1,21,5.282816,0.0035
131072,staggered_still,support4,1,22,5.323776,0.0032
131072,staggered_still,support4,1,23,5.337088,0.003
131072,staggered_still,support4,1,24,5.318656,0.0031
131072,staggered_still,support4,1,25,5.549056,0.0031
131072,staggered_still,support4,1,26,5.293056,0.0033
131072,staggered_still,support4,1,27,5.313536,0.0031
131072,staggered_still,support4,1,28,5.323776,0.0031
131072,staggered_still,support4,1,29,5.259264,0.0031
131072,staggered_still,support4,1,30,5.305344,0.0033
131072,staggered_still,support4,1,31,5.520384,0.003
131072,staggered_still,support4,1,32,5.286912,0.0032
131072,staggered_still,support4,1,33,5.330944,0.003
131072,staggered_still,support4,1,34,5.285888,0.0031
131072,staggered_still,support4,1,35,5.301248,0.0032
131072,staggered_still,support4,1,36,5.511168,0.003
131072,staggered_still,support4,1,37,5.339136,0.0037
131072,staggered_still,support4,1,38,5.34016,0.0032
131072,staggered_still,support4,1,39,5.343232,0.003
131072,staggered_still,support4,2,0,5.31456,0.0131
131072,staggered_still,support4,2,1,5.454848,0.0046
131072,staggered_still,support4,2,2,5.3248,0.0035
131072,staggered_still,support4,2,3,5.351424,0.003
131072,staggered_still,support4,2,4,5.302272,0.0031
131072,staggered_still,support4,2,5,5.276672,0.0031
131072,staggered_still,support4,2,6,5.274624,0.003
131072,staggered_still,support4,2,7,5.251072,0.0032
131072,staggered_still,support4,2,8,5.474304,0.0031
131072,staggered_still,support4,2,9,5.326848,0.0031
131072,staggered_still,support4,2,10,5.286912,0.003
131072,staggered_still,support4,2,11,5.347328,0.0031
131072,staggered_still,support4,2,12,5.317632,0.0032
131072,staggered_still,support4,2,13,5.295104,0.003
131072,staggered_still,support4,2,14,5.520384,0.0031
131072,staggered_still,support4,2,15,5.30944,0.003
131072,staggered_still,support4,2,16,5.305344,0.003
131072,staggered_still,support4,2,17,5.30944,0.0032
131072,staggered_still,support4,2,18,5.307392,0.003
131072,staggered_still,support4,2,19,5.35552,0.0031
131072,staggered_still,support4,2,20,5.533696,0.0031
131072,staggered_still,support4,2,21,5.317632,0.0031
131072,staggered_still,support4,2,22,5.332992,0.003
131072,staggered_still,support4,2,23,5.361664,0.0031
131072,staggered_still,support4,2,24,5.380096,0.003
131072,staggered_still,support4,2,25,5.349376,0.0033
131072,staggered_still,support4,2,26,5.505024,0.0031
131072,staggered_still,support4,2,27,5.357568,0.0031
131072,staggered_still,support4,2,28,5.4016,0.003
131072,staggered_still,support4,2,29,5.38624,0.0031
131072,staggered_still,support4,2,30,5.428224,0.003
131072,staggered_still,support4,2,31,5.424128,0.0031
131072,staggered_still,support4,2,32,5.641216,0.003
131072,staggered_still,support4,2,33,5.434368,0.0031
131072,staggered_still,support4,2,34,5.348352,0.0031
131072,staggered_still,support4,2,35,5.343232,0.003
131072,staggered_still,support4,2,36,5.330944,0.0047
131072,staggered_still,support4,2,37,5.32992,0.003
131072,staggered_still,support4,2,38,5.346304,0.0031
131072,staggered_still,support4,2,39,5.52448,0.0031
131072,staggered_still,support4,3,0,5.29408,0.0142
131072,staggered_still,support4,3,1,5.300224,0.0031
131072,staggered_still,support4,3,2,5.562368,0.003
131072,staggered_still,support4,3,3,5.280768,0.0031
131072,staggered_still,support4,3,4,5.558272,0.0031
131072,staggered_still,support4,3,5,5.522432,0.0032
131072,staggered_still,support4,3,6,5.289984,0.0032
131072,staggered_still,support4,3,7,5.269504,0.003
131072,staggered_still,support4,3,8,5.282816,0.0056
131072,staggered_still,support4,3,9,5.487616,0.0034
131072,staggered_still,support4,3,10,5.487616,0.003
131072,staggered_still,support4,3,11,5.310464,0.0031
131072,staggered_still,support4,3,12,5.279744,0.0031
131072,staggered_still,support4,3,13,5.517312,0.0032
131072,staggered_still,support4,3,14,5.311488,0.003
131072,staggered_still,support4,3,15,5.272576,0.0031
131072,staggered_still,support4,3,16,5.410816,0.0033
131072,staggered_still,support4,3,17,5.593088,0.0031
131072,staggered_still,support4,3,18,5.285888,0.0031
131072,staggered_still,support4,3,19,5.286912,0.0034
131072,staggered_still,support4,3,20,5.274624,0.0032
131072,staggered_still,support4,3,21,5.512192,0.0032
131072,staggered_still,support4,3,22,5.30432,0.0032
131072,staggered_still,support4,3,23,5.583872,0.0031
131072,staggered_still,support4,3,24,5.348352,0.0032
131072,staggered_still,support4,3,25,5.586944,0.0033
131072,staggered_still,support4,3,26,5.306368,0.0031
131072,staggered_still,support4,3,27,5.30944,0.0031
131072,staggered_still,support4,3,28,5.330944,0.0031
131072,staggered_still,support4,3,29,5.600256,0.003
131072,staggered_still,support4,3,30,5.351424,0.0031
131072,staggered_still,support4,3,31,5.331968,0.0031
131072,staggered_still,support4,3,32,5.293056,0.0033
131072,staggered_still,support4,3,33,5.526528,0.0031
131072,staggered_still,support4,3,34,5.259264,0.0031
131072,staggered_still,support4,3,35,5.446656,0.0034
131072,staggered_still,support4,3,36,5.505024,0.0032
131072,staggered_still,support4,3,37,5.23264,0.003
131072,staggered_still,support4,3,38,5.286912,0.0033
131072,staggered_still,support4,3,39,5.244928,0.0032
131072,staggered_driven,jacobi4,1,0,6.20032,0.0402
131072,staggered_driven,jacobi4,1,1,6.198272,0.0161
131072,staggered_driven,jacobi4,1,2,6.1184,0.0108
131072,staggered_driven,jacobi4,1,3,6.136832,0.0033
131072,staggered_driven,jacobi4,1,4,6.341632,0.0027
131072,staggered_driven,jacobi4,1,5,6.063104,0.0028
131072,staggered_driven,jacobi4,1,6,5.991424,0.0027
131072,staggered_driven,jacobi4,1,7,6.063104,0.0028
131072,staggered_driven,jacobi4,1,8,6.150144,0.0028
131072,staggered_driven,jacobi4,1,9,6.117376,0.0025
131072,staggered_driven,jacobi4,1,10,6.408192,0.0024
131072,staggered_driven,jacobi4,1,11,6.211584,0.0023
131072,staggered_driven,jacobi4,1,12,6.305792,0.0026
131072,staggered_driven,jacobi4,1,13,6.393856,0.0024
131072,staggered_driven,jacobi4,1,14,6.41536,0.0028
131072,staggered_driven,jacobi4,1,15,6.641664,0.0023
131072,staggered_driven,jacobi4,1,16,6.403072,0.0024
131072,staggered_driven,jacobi4,1,17,6.547456,0.0027
131072,staggered_driven,jacobi4,1,18,6.48192,0.0028
131072,staggered_driven,jacobi4,1,19,6.493184,0.0028
131072,staggered_driven,jacobi4,1,20,6.771712,0.0024
131072,staggered_driven,jacobi4,1,21,6.469632,0.0024
131072,staggered_driven,jacobi4,1,22,6.49216,0.0026
131072,staggered_driven,jacobi4,1,23,6.48704,0.0027
131072,staggered_driven,jacobi4,1,24,6.641664,0.0028
131072,staggered_driven,jacobi4,1,25,6.854656,0.0022
131072,staggered_driven,jacobi4,1,26,6.757376,0.0028
131072,staggered_driven,jacobi4,1,27,6.93248,0.0028
131072,staggered_driven,jacobi4,1,28,6.953984,0.0023
131072,staggered_driven,jacobi4,1,29,6.921216,0.0025
131072,staggered_driven,jacobi4,1,30,7.20896,0.0026
131072,staggered_driven,jacobi4,1,31,7.02976,0.0024
131072,staggered_driven,jacobi4,1,32,6.939648,0.0029
131072,staggered_driven,jacobi4,1,33,6.929408,0.0032
131072,staggered_driven,jacobi4,1,34,6.99392,0.0033
131072,staggered_driven,jacobi4,1,35,7.236608,0.0027
131072,staggered_driven,jacobi4,1,36,6.996992,0.0029
131072,staggered_driven,jacobi4,1,37,7.066624,0.0027
131072,staggered_driven,jacobi4,1,38,7.12704,0.0024
131072,staggered_driven,jacobi4,1,39,7.317504,0.0028
131072,staggered_driven,jacobi4,2,0,6.228992,0.0282
131072,staggered_driven,jacobi4,2,1,6.185984,0.01
131072,staggered_driven,jacobi4,2,2,6.09792,0.0026
131072,staggered_driven,jacobi4,2,3,6.310912,0.0025
131072,staggered_driven,jacobi4,2,4,6.119424,0.0026
131072,staggered_driven,jacobi4,2,5,6.024192,0.0021
131072,staggered_driven,jacobi4,2,6,6.068224,0.0022
131072,staggered_driven,jacobi4,2,7,6.083584,0.0024
131072,staggered_driven,jacobi4,2,8,6.081536,0.0022
131072,staggered_driven,jacobi4,2,9,6.406144,0.0025
131072,staggered_driven,jacobi4,2,10,6.209536,0.0022
131072,staggered_driven,jacobi4,2,11,6.335488,0.0025
131072,staggered_driven,jacobi4,2,12,6.363136,0.0021
131072,staggered_driven,jacobi4,2,13,6.494208,0.0027
131072,staggered_driven,jacobi4,2,14,6.704128,0.0033
131072,staggered_driven,jacobi4,2,15,6.381568,0.003
131072,staggered_driven,jacobi4,2,16,6.362112,0.0025
131072,staggered_driven,jacobi4,2,17,6.427648,0.0022
131072,staggered_driven,jacobi4,2,18,6.436864,0.0024
131072,staggered_driven,jacobi4,2,19,6.628352,0.0026
131072,staggered_driven,jacobi4,2,20,6.43584,0.0023
131072,staggered_driven,jacobi4,2,21,6.4256,0.0027
131072,staggered_driven,jacobi4,2,22,6.416384,0.0022
131072,staggered_driven,jacobi4,2,23,6.450176,0.0023
131072,staggered_driven,jacobi4,2,24,6.751232,0.0022
131072,staggered_driven,jacobi4,2,25,6.56896,0.0026
131072,staggered_driven,jacobi4,2,26,6.699008,0.0023
131072,staggered_driven,jacobi4,2,27,6.862848,0.0021
131072,staggered_driven,jacobi4,2,28,6.926336,0.003
131072,staggered_driven,jacobi4,2,29,7.1168,0.0026
131072,staggered_driven,jacobi4,2,30,6.935552,0.0027
131072,staggered_driven,jacobi4,2,31,6.964224,0.0026
131072,staggered_driven,jacobi4,2,32,6.90688,0.0022
131072,staggered_driven,jacobi4,2,33,6.904832,0.0027
131072,staggered_driven,jacobi4,2,34,7.169024,0.0023
131072,staggered_driven,jacobi4,2,35,6.933504,0.0022
131072,staggered_driven,jacobi4,2,36,6.938624,0.0021
131072,staggered_driven,jacobi4,2,37,7.099392,0.0023
131072,staggered_driven,jacobi4,2,38,7.04512,0.0022
131072,staggered_driven,jacobi4,2,39,7.217152,0.0023
131072,staggered_driven,jacobi4,3,0,6.249472,0.0309
131072,staggered_driven,jacobi4,3,1,6.274048,0.009
131072,staggered_driven,jacobi4,3,2,6.35392,0.0101
131072,staggered_driven,jacobi4,3,3,6.127616,0.0032
131072,staggered_driven,jacobi4,3,4,6.117376,0.0023
131072,staggered_driven,jacobi4,3,5,6.028288,0.0024
131072,staggered_driven,jacobi4,3,6,6.013952,0.0022
131072,staggered_driven,jacobi4,3,7,6.27712,0.0026
131072,staggered_driven,jacobi4,3,8,6.157312,0.0027
131072,staggered_driven,jacobi4,3,9,6.110208,0.0024
131072,staggered_driven,jacobi4,3,10,6.197248,0.0023
131072,staggered_driven,jacobi4,3,11,6.341632,0.0024
131072,staggered_driven,jacobi4,3,12,6.373376,0.0026
131072,staggered_driven,jacobi4,3,13,6.688768,0.0024
131072,staggered_driven,jacobi4,3,14,6.467584,0.0026
131072,staggered_driven,jacobi4,3,15,6.468608,0.0023
131072,staggered_driven,jacobi4,3,16,6.450176,0.0023
131072,staggered_driven,jacobi4,3,17,6.518784,0.0026
131072,staggered_driven,jacobi4,3,18,6.700032,0.0027
131072,staggered_driven,jacobi4,3,19,6.402048,0.003
131072,staggered_driven,jacobi4,3,20,6.552576,0.0026
131072,staggered_driven,jacobi4,3,21,6.459392,0.0027
131072,staggered_driven,jacobi4,3,22,6.44096,0.0023
131072,staggered_driven,jacobi4,3,23,6.752256,0.0023
131072,staggered_driven,jacobi4,3,24,6.55872,0.0022
131072,staggered_driven,jacobi4,3,25,6.537216,0.0026
131072,staggered_driven,jacobi4,3,26,6.713344,0.0026
131072,staggered_driven,jacobi4,3,27,6.904832,0.0022
131072,staggered_driven,jacobi4,3,28,7.131136,0.0027
131072,staggered_driven,jacobi4,3,29,6.875136,0.0025
131072,staggered_driven,jacobi4,3,30,6.914048,0.0022
131072,staggered_driven,jacobi4,3,31,6.960128,0.0027
131072,staggered_driven,jacobi4,3,32,6.94272,0.0023
131072,staggered_driven,jacobi4,3,33,7.1424,0.0022
131072,staggered_driven,jacobi4,3,34,7.026688,0.0031
131072,staggered_driven,jacobi4,3,35,6.989824,0.0028
131072,staggered_driven,jacobi4,3,36,6.962176,0.0022
131072,staggered_driven,jacobi4,3,37,7.440384,0.0027
131072,staggered_driven,jacobi4,3,38,7.07584,0.0029
131072,staggered_driven,jacobi4,3,39,7.136256,0.0027
131072,staggered_driven,jacobi16,1,0,19.01056,0.0336
131072,staggered_driven,jacobi16,1,1,18.668544,0.0131
131072,staggered_driven,jacobi16,1,2,19.152896,0.0116
131072,staggered_driven,jacobi16,1,3,19.234816,0.0125
131072,staggered_driven,jacobi16,1,4,19.601408,0.0121
131072,staggered_driven,jacobi16,1,5,19.400704,0.0118
131072,staggered_driven,jacobi16,1,6,19.23584,0.0117
131072,staggered_driven,jacobi16,1,7,19.601408,0.0118
131072,staggered_driven,jacobi16,1,8,19.21024,0.0128
131072,staggered_driven,jacobi16,1,9,19.515392,0.0121
131072,staggered_driven,jacobi16,1,10,19.309568,0.0138
131072,staggered_driven,jacobi16,1,11,19.576832,0.0133
131072,staggered_driven,jacobi16,1,12,19.324928,0.0183
131072,staggered_driven,jacobi16,1,13,19.145728,0.0121
131072,staggered_driven,jacobi16,1,14,19.50208,0.0144
131072,staggered_driven,jacobi16,1,15,19.49184,0.0327
131072,staggered_driven,jacobi16,1,16,19.683328,0.0155
131072,staggered_driven,jacobi16,1,17,19.841024,0.0121
131072,staggered_driven,jacobi16,1,18,19.6608,0.0195
131072,staggered_driven,jacobi16,1,19,19.89632,0.0169
131072,staggered_driven,jacobi16,1,20,19.862528,0.0129
131072,staggered_driven,jacobi16,1,21,20.286464,0.0143
131072,staggered_driven,jacobi16,1,22,20.276224,0.0129
131072,staggered_driven,jacobi16,1,23,20.34688,0.0121
131072,staggered_driven,jacobi16,1,24,20.489216,0.0142
131072,staggered_driven,jacobi16,1,25,20.238336,0.0198
131072,staggered_driven,jacobi16,1,26,20.539392,0.0133
131072,staggered_driven,jacobi16,1,27,20.598784,0.0144
131072,staggered_driven,jacobi16,1,28,20.594688,0.0123
131072,staggered_driven,jacobi16,1,29,21.016576,0.0128
131072,staggered_driven,jacobi16,1,30,20.288512,0.0116
131072,staggered_driven,jacobi16,1,31,20.752384,0.0118
131072,staggered_driven,jacobi16,1,32,20.861952,0.0129
131072,staggered_driven,jacobi16,1,33,20.64384,0.0117
131072,staggered_driven,jacobi16,1,34,20.867072,0.0212
131072,staggered_driven,jacobi16,1,35,20.799488,0.0192
131072,staggered_driven,jacobi16,1,36,20.614144,0.0138
131072,staggered_driven,jacobi16,1,37,21.211136,0.0121
131072,staggered_driven,jacobi16,1,38,20.969472,0.0118
131072,staggered_driven,jacobi16,1,39,21.216256,0.0117
131072,staggered_driven,jacobi16,2,0,19.040256,0.0318
131072,staggered_driven,jacobi16,2,1,19.01056,0.0113
131072,staggered_driven,jacobi16,2,2,18.945024,0.0106
131072,staggered_driven,jacobi16,2,3,19.519488,0.0105
131072,staggered_driven,jacobi16,2,4,19.398656,0.0106
131072,staggered_driven,jacobi16,2,5,19.571712,0.0105
131072,staggered_driven,jacobi16,2,6,19.61984,0.0104
131072,staggered_driven,jacobi16,2,7,19.51232,0.0106
131072,staggered_driven,jacobi16,2,8,19.572736,0.0147
131072,staggered_driven,jacobi16,2,9,19.237888,0.0135
131072,staggered_driven,jacobi16,2,10,19.631104,0.0119
131072,staggered_driven,jacobi16,2,11,19.405824,0.0103
131072,staggered_driven,jacobi16,2,12,19.331072,0.0111
131072,staggered_driven,jacobi16,2,13,19.324928,0.0109
131072,staggered_driven,jacobi16,2,14,19.38944,0.0111
131072,staggered_driven,jacobi16,2,15,19.725312,0.0106
131072,staggered_driven,jacobi16,2,16,19.44576,0.0103
131072,staggered_driven,jacobi16,2,17,19.612672,0.0153
131072,staggered_driven,jacobi16,2,18,19.755008,0.0107
131072,staggered_driven,jacobi16,2,19,19.653632,0.0106
131072,staggered_driven,jacobi16,2,20,19.968,0.0114
131072,staggered_driven,jacobi16,2,21,19.808256,0.0106
131072,staggered_driven,jacobi16,2,22,20.122624,0.0108
131072,staggered_driven,jacobi16,2,23,20.057088,0.0106
131072,staggered_driven,jacobi16,2,24,20.673536,0.0109
131072,staggered_driven,jacobi16,2,25,20.310016,0.0101
131072,staggered_driven,jacobi16,2,26,20.125696,0.0109
131072,staggered_driven,jacobi16,2,27,20.494336,0.0105
131072,staggered_driven,jacobi16,2,28,20.562944,0.0106
131072,staggered_driven,jacobi16,2,29,20.363264,0.0107
131072,staggered_driven,jacobi16,2,30,20.547584,0.0104
131072,staggered_driven,jacobi16,2,31,20.530176,0.0109
131072,staggered_driven,jacobi16,2,32,20.905984,0.0106
131072,staggered_driven,jacobi16,2,33,20.847616,0.0106
131072,staggered_driven,jacobi16,2,34,20.56192,0.0106
131072,staggered_driven,jacobi16,2,35,20.908032,0.0102
131072,staggered_driven,jacobi16,2,36,20.7872,0.0102
131072,staggered_driven,jacobi16,2,37,21.056512,0.0105
131072,staggered_driven,jacobi16,2,38,21.25312,0.0106
131072,staggered_driven,jacobi16,2,39,20.967424,0.0107
131072,staggered_driven,jacobi16,3,0,18.746368,0.0312
131072,staggered_driven,jacobi16,3,1,18.932736,0.0119
131072,staggered_driven,jacobi16,3,2,19.095552,0.0113
131072,staggered_driven,jacobi16,3,3,19.607552,0.0105
131072,staggered_driven,jacobi16,3,4,19.63008,0.0113
131072,staggered_driven,jacobi16,3,5,19.245056,0.0108
131072,staggered_driven,jacobi16,3,6,19.623936,0.0108
131072,staggered_driven,jacobi16,3,7,19.779584,0.0105
131072,staggered_driven,jacobi16,3,8,19.49696,0.0106
131072,staggered_driven,jacobi16,3,9,19.489792,0.0101
131072,staggered_driven,jacobi16,3,10,19.47136,0.0106
131072,staggered_driven,jacobi16,3,11,19.622912,0.0169
131072,staggered_driven,jacobi16,3,12,19.21024,0.011
131072,staggered_driven,jacobi16,3,13,19.437568,0.0114
131072,staggered_driven,jacobi16,3,14,19.361792,0.0106
131072,staggered_driven,jacobi16,3,15,19.751936,0.0108
131072,staggered_driven,jacobi16,3,16,19.786752,0.0105
131072,staggered_driven,jacobi16,3,17,19.6864,0.0107
131072,staggered_driven,jacobi16,3,18,19.802112,0.0104
131072,staggered_driven,jacobi16,3,19,19.67104,0.0104
131072,staggered_driven,jacobi16,3,20,20.066304,0.0106
131072,staggered_driven,jacobi16,3,21,20.22912,0.0107
131072,staggered_driven,jacobi16,3,22,20.135936,0.0111
131072,staggered_driven,jacobi16,3,23,20.458496,0.0106
131072,staggered_driven,jacobi16,3,24,20.231168,0.0105
131072,staggered_driven,jacobi16,3,25,20.554752,0.0105
131072,staggered_driven,jacobi16,3,26,20.610048,0.0106
131072,staggered_driven,jacobi16,3,27,20.57728,0.0104
131072,staggered_driven,jacobi16,3,28,20.672512,0.0105
131072,staggered_driven,jacobi16,3,29,20.697088,0.0104
131072,staggered_driven,jacobi16,3,30,20.499456,0.0106
131072,staggered_driven,jacobi16,3,31,20.593664,0.0106
131072,staggered_driven,jacobi16,3,32,20.672512,0.0104
131072,staggered_driven,jacobi16,3,33,20.901888,0.0105
131072,staggered_driven,jacobi16,3,34,20.789248,0.0105
131072,staggered_driven,jacobi16,3,35,20.82816,0.0113
131072,staggered_driven,jacobi16,3,36,20.811776,0.0105
131072,staggered_driven,jacobi16,3,37,20.95104,0.0106
131072,staggered_driven,jacobi16,3,38,21.21728,0.0105
131072,staggered_driven,jacobi16,3,39,21.211136,0.0102
131072,staggered_driven,support4,1,0,5.510144,0.034
131072,staggered_driven,support4,1,1,5.45792,0.0112
131072,staggered_driven,support4,1,2,5.615616,0.0111
131072,staggered_driven,support4,1,3,5.415936,0.011
131072,staggered_driven,support4,1,4,5.434368,0.0108
131072,staggered_driven,support4,1,5,5.413888,0.0131
131072,staggered_driven,support4,1,6,5.394432,0.0106
131072,staggered_driven,support4,1,7,5.398528,0.0106
131072,staggered_driven,support4,1,8,5.650432,0.0104
131072,staggered_driven,support4,1,9,5.409792,0.0104
131072,staggered_driven,support4,1,10,5.47328,0.0103
131072,staggered_driven,support4,1,11,5.51424,0.0105
131072,staggered_driven,support4,1,12,5.692416,0.0108
131072,staggered_driven,support4,1,13,5.486592,0.0104
131072,staggered_driven,support4,1,14,5.690368,0.0107
131072,staggered_driven,support4,1,15,5.445632,0.0107
131072,staggered_driven,support4,1,16,5.481472,0.0107
131072,staggered_driven,support4,1,17,5.484544,0.0108
131072,staggered_driven,support4,1,18,5.486592,0.0104
131072,staggered_driven,support4,1,19,5.485568,0.0104
131072,staggered_driven,support4,1,20,5.676032,0.0104
131072,staggered_driven,support4,1,21,5.46816,0.0107
131072,staggered_driven,support4,1,22,5.467136,0.0108
131072,staggered_driven,support4,1,23,5.462016,0.0104
131072,staggered_driven,support4,1,24,5.431296,0.0107
131072,staggered_driven,support4,1,25,5.451776,0.0104
131072,staggered_driven,support4,1,26,5.650432,0.0104
131072,staggered_driven,support4,1,27,5.471232,0.0108
131072,staggered_driven,support4,1,28,5.480448,0.0108
131072,staggered_driven,support4,1,29,5.480448,0.0104
131072,staggered_driven,support4,1,30,5.504,0.0105
131072,staggered_driven,support4,1,31,5.479424,0.0104
131072,staggered_driven,support4,1,32,5.746688,0.0104
131072,staggered_driven,support4,1,33,5.53472,0.0105
131072,staggered_driven,support4,1,34,5.465088,0.0104
131072,staggered_driven,support4,1,35,5.481472,0.0104
131072,staggered_driven,support4,1,36,5.475328,0.0152
131072,staggered_driven,support4,1,37,5.445632,0.011
131072,staggered_driven,support4,1,38,5.730304,0.0105
131072,staggered_driven,support4,1,39,5.492736,0.0104
131072,staggered_driven,support4,2,0,5.487616,0.0352
131072,staggered_driven,support4,2,1,5.476352,0.0132
131072,staggered_driven,support4,2,2,5.679104,0.0126
131072,staggered_driven,support4,2,3,5.462016,0.0127
131072,staggered_driven,support4,2,4,5.42208,0.0148
131072,staggered_driven,support4,2,5,5.45792,0.0121
131072,staggered_driven,support4,2,6,5.435392,0.0123
131072,staggered_driven,support4,2,7,5.435392,0.0123
131072,staggered_driven,support4,2,8,5.7088,0.0141
131072,staggered_driven,support4,2,9,5.47328,0.0321
131072,staggered_driven,support4,2,10,5.46304,0.0185
131072,staggered_driven,support4,2,11,5.532672,0.0157
131072,staggered_driven,support4,2,12,5.48352,0.0153
131072,staggered_driven,support4,2,13,5.420032,0.0161
131072,staggered_driven,support4,2,14,5.625856,0.0196
131072,staggered_driven,support4,2,15,5.41696,0.0125
131072,staggered_driven,support4,2,16,5.410816,0.012
131072,staggered_driven,support4,2,17,5.45792,0.0124
131072,staggered_driven,support4,2,18,5.495808,0.0118
131072,staggered_driven,support4,2,19,5.45792,0.0124
131072,staggered_driven,support4,2,20,5.707776,0.0123
131072,staggered_driven,support4,2,21,5.540864,0.0143
131072,staggered_driven,support4,2,22,5.567488,0.0125
131072,staggered_driven,support4,2,23,5.527552,0.0123
131072,staggered_driven,support4,2,24,5.5296,0.0124
131072,staggered_driven,support4,2,25,5.567488,0.0131
131072,staggered_driven,support4,2,26,5.712896,0.0178
131072,staggered_driven,support4,2,27,5.543936,0.0147
131072,staggered_driven,support4,2,28,5.496832,0.0174
131072,staggered_driven,support4,2,29,5.441536,0.0181
131072,staggered_driven,support4,2,30,5.500928,0.0205
131072,staggered_driven,support4,2,31,5.511168,0.0151
131072,staggered_driven,support4,2,32,5.668864,0.0203
131072,staggered_driven,support4,2,33,5.874688,0.0203
131072,staggered_driven,support4,2,34,5.728256,0.0125
131072,staggered_driven,support4,2,35,5.395456,0.012
131072,staggered_driven,support4,2,36,5.445632,0.0124
131072,staggered_driven,support4,2,37,5.701632,0.0121
131072,staggered_driven,support4,2,38,5.691392,0.012
131072,staggered_driven,support4,2,39,5.444608,0.0204
131072,staggered_driven,support4,3,0,5.513216,0.0311
131072,staggered_driven,support4,3,1,5.646336,0.0112
131072,staggered_driven,support4,3,2,5.671936,0.0111
131072,staggered_driven,support4,3,3,5.384192,0.0107
131072,staggered_driven,support4,3,4,5.4016,0.0108
131072,staggered_driven,support4,3,5,5.38624,0.0104
131072,staggered_driven,support4,3,6,5.559296,0.0108
131072,staggered_driven,support4,3,7,5.656576,0.0105
131072,staggered_driven,support4,3,8,5.417984,0.0105
131072,staggered_driven,support4,3,9,5.44768,0.0106
131072,staggered_driven,support4,3,10,5.702656,0.0103
131072,staggered_driven,support4,3,11,5.515264,0.0112
131072,staggered_driven,support4,3,12,5.484544,0.0107
131072,staggered_driven,support4,3,13,6.02112,0.0104
131072,staggered_driven,support4,3,14,5.701632,0.0107
131072,staggered_driven,support4,3,15,5.453824,0.013
131072,staggered_driven,support4,3,16,5.45792,0.0104
131072,staggered_driven,support4,3,17,5.650432,0.0105
131072,staggered_driven,support4,3,18,5.429248,0.0107
131072,staggered_driven,support4,3,19,5.72928,0.0105
131072,staggered_driven,support4,3,20,5.547008,0.0109
131072,staggered_driven,support4,3,21,5.894144,0.0108
131072,staggered_driven,support4,3,22,5.517312,0.0107
131072,staggered_driven,support4,3,23,5.521408,0.0112
131072,staggered_driven,support4,3,24,5.505024,0.0107
131072,staggered_driven,support4,3,25,5.819392,0.0105
131072,staggered_driven,support4,3,26,5.504,0.0106
131072,staggered_driven,support4,3,27,5.481472,0.0104
131072,staggered_driven,support4,3,28,5.47328,0.0103
131072,staggered_driven,support4,3,29,5.482496,0.0104
131072,staggered_driven,support4,3,30,5.48352,0.0104
131072,staggered_driven,support4,3,31,5.747712,0.0104
131072,staggered_driven,support4,3,32,5.486592,0.0103
131072,staggered_driven,support4,3,33,5.487616,0.0108
131072,staggered_driven,support4,3,34,5.420032,0.0103
131072,staggered_driven,support4,3,35,5.454848,0.0113
131072,staggered_driven,support4,3,36,5.445632,0.0105
131072,staggered_driven,support4,3,37,5.66784,0.0104
131072,staggered_driven,support4,3,38,5.54496,0.0105
131072,staggered_driven,support4,3,39,5.487616,0.0106
