count,scenario,index,run,sample,gpu_ms,cpu_submit_ms
10000,aligned_still,linked,1,0,0.978944,0.0047
10000,aligned_still,linked,1,1,0.935936,0.0046
10000,aligned_still,linked,1,2,0.964608,0.0033
10000,aligned_still,linked,1,3,0.93184,0.0056
10000,aligned_still,linked,1,4,0.95744,0.0045
10000,aligned_still,linked,1,5,0.930816,0.0137
10000,aligned_still,linked,1,6,0.951296,0.0025
10000,aligned_still,linked,1,7,0.932864,0.0026
10000,aligned_still,linked,1,8,0.945152,0.0027
10000,aligned_still,linked,1,9,0.934912,0.0025
10000,aligned_still,linked,1,10,0.954368,0.0034
10000,aligned_still,linked,1,11,0.941056,0.0031
10000,aligned_still,linked,1,12,0.95744,0.0129
10000,aligned_still,linked,1,13,0.939008,0.0026
10000,aligned_still,linked,1,14,0.94208,0.0022
10000,aligned_still,linked,1,15,0.934912,0.0027
10000,aligned_still,linked,1,16,0.943104,0.0019
10000,aligned_still,linked,1,17,0.940032,0.0022
10000,aligned_still,linked,1,18,1.13152,0.0021
10000,aligned_still,linked,1,19,1.00352,0.0027
10000,aligned_still,linked,1,20,0.94208,0.0037
10000,aligned_still,linked,1,21,0.985088,0.0022
10000,aligned_still,linked,1,22,0.940032,0.0038
10000,aligned_still,linked,1,23,0.9472,0.0022
10000,aligned_still,linked,1,24,0.93184,0.0038
10000,aligned_still,linked,1,25,0.949248,0.002
10000,aligned_still,linked,1,26,0.93696,0.0017
10000,aligned_still,linked,1,27,0.944128,0.0028
10000,aligned_still,linked,1,28,0.933888,0.0019
10000,aligned_still,linked,1,29,0.9472,0.0018
10000,aligned_still,linked,1,30,0.946176,0.0015
10000,aligned_still,linked,1,31,0.945152,0.0023
10000,aligned_still,linked,1,32,0.941056,0.0031
10000,aligned_still,linked,1,33,0.941056,0.0018
10000,aligned_still,linked,1,34,0.934912,0.0022
10000,aligned_still,linked,1,35,0.949248,0.0022
10000,aligned_still,linked,1,36,0.945152,0.0024
10000,aligned_still,linked,1,37,0.908288,0.0019
10000,aligned_still,linked,1,38,0.975872,0.0047
10000,aligned_still,linked,1,39,0.94208,0.0035
10000,aligned_still,exact_ranges,1,0,1.089536,0.01
10000,aligned_still,exact_ranges,1,1,1.055744,0.0073
10000,aligned_still,exact_ranges,1,2,1.041408,0.007
10000,aligned_still,exact_ranges,1,3,1.06496,0.0069
10000,aligned_still,exact_ranges,1,4,1.06496,0.0068
10000,aligned_still,exact_ranges,1,5,1.089536,0.0069
10000,aligned_still,exact_ranges,1,6,1.055744,0.0069
10000,aligned_still,exact_ranges,1,7,1.047552,0.007
10000,aligned_still,exact_ranges,1,8,1.047552,0.007
10000,aligned_still,exact_ranges,1,9,1.0496,0.0069
10000,aligned_still,exact_ranges,1,10,1.078272,0.0107
10000,aligned_still,exact_ranges,1,11,1.0496,0.0094
10000,aligned_still,exact_ranges,1,12,1.053696,0.0068
10000,aligned_still,exact_ranges,1,13,1.271808,0.0075
10000,aligned_still,exact_ranges,1,14,1.046528,0.0068
10000,aligned_still,exact_ranges,1,15,1.050624,0.0069
10000,aligned_still,exact_ranges,1,16,1.05472,0.0069
10000,aligned_still,exact_ranges,1,17,1.502208,0.0071
10000,aligned_still,exact_ranges,1,18,1.058816,0.0071
10000,aligned_still,exact_ranges,1,19,1.062912,0.0071
10000,aligned_still,exact_ranges,1,20,1.236992,0.0067
10000,aligned_still,exact_ranges,1,21,1.106944,0.0069
10000,aligned_still,exact_ranges,1,22,1.057792,0.0069
10000,aligned_still,exact_ranges,1,23,1.0752,0.009
10000,aligned_still,exact_ranges,1,24,1.097728,0.0068
10000,aligned_still,exact_ranges,1,25,1.067008,0.007
10000,aligned_still,exact_ranges,1,26,1.051648,0.0069
10000,aligned_still,exact_ranges,1,27,1.05472,0.0069
10000,aligned_still,exact_ranges,1,28,1.047552,0.0201
10000,aligned_still,exact_ranges,1,29,1.0752,0.0101
10000,aligned_still,exact_ranges,1,30,1.073152,0.0073
10000,aligned_still,exact_ranges,1,31,1.063936,0.0072
10000,aligned_still,exact_ranges,1,32,1.06496,0.0069
10000,aligned_still,exact_ranges,1,33,1.041408,0.0072
10000,aligned_still,exact_ranges,1,34,1.042432,0.0071
10000,aligned_still,exact_ranges,1,35,1.05472,0.0112
10000,aligned_still,exact_ranges,1,36,1.09056,0.0069
10000,aligned_still,exact_ranges,1,37,1.069056,0.0072
10000,aligned_still,exact_ranges,1,38,1.062912,0.0068
10000,aligned_still,exact_ranges,1,39,1.074176,0.0068
10000,aligned_still,exact_ranges,2,0,1.114112,0.008
10000,aligned_still,exact_ranges,2,1,1.087488,0.0072
10000,aligned_still,exact_ranges,2,2,1.062912,0.0068
10000,aligned_still,exact_ranges,2,3,1.055744,0.0067
10000,aligned_still,exact_ranges,2,4,1.063936,0.0066
10000,aligned_still,exact_ranges,2,5,1.04448,0.0067
10000,aligned_still,exact_ranges,2,6,1.077248,0.0066
10000,aligned_still,exact_ranges,2,7,1.056768,0.0068
10000,aligned_still,exact_ranges,2,8,1.092608,0.0069
10000,aligned_still,exact_ranges,2,9,1.063936,0.0083
10000,aligned_still,exact_ranges,2,10,1.048576,0.0064
10000,aligned_still,exact_ranges,2,11,1.06496,0.0071
10000,aligned_still,exact_ranges,2,12,1.053696,0.0068
10000,aligned_still,exact_ranges,2,13,1.283072,0.0068
10000,aligned_still,exact_ranges,2,14,1.229824,0.0092
10000,aligned_still,exact_ranges,2,15,1.057792,0.007
10000,aligned_still,exact_ranges,2,16,1.06496,0.0068
10000,aligned_still,exact_ranges,2,17,1.050624,0.0067
10000,aligned_still,exact_ranges,2,18,1.047552,0.0067
10000,aligned_still,exact_ranges,2,19,1.050624,0.007
10000,aligned_still,exact_ranges,2,20,1.091584,0.0068
10000,aligned_still,exact_ranges,2,21,1.072128,0.0067
10000,aligned_still,exact_ranges,2,22,1.047552,0.0068
10000,aligned_still,exact_ranges,2,23,1.069056,0.0069
10000,aligned_still,exact_ranges,2,24,1.045504,0.0067
10000,aligned_still,exact_ranges,2,25,1.083392,0.0067
10000,aligned_still,exact_ranges,2,26,1.053696,0.009
10000,aligned_still,exact_ranges,2,27,1.081344,0.0067
10000,aligned_still,exact_ranges,2,28,1.060864,0.0067
10000,aligned_still,exact_ranges,2,29,1.0496,0.0067
10000,aligned_still,exact_ranges,2,30,1.046528,0.0068
10000,aligned_still,exact_ranges,2,31,1.046528,0.007
10000,aligned_still,exact_ranges,2,32,1.078272,0.01
10000,aligned_still,exact_ranges,2,33,1.055744,0.0098
10000,aligned_still,exact_ranges,2,34,1.068032,0.0103
10000,aligned_still,exact_ranges,2,35,1.045504,0.0067
10000,aligned_still,exact_ranges,2,36,1.045504,0.007
10000,aligned_still,exact_ranges,2,37,1.0496,0.0068
10000,aligned_still,exact_ranges,2,38,1.053696,0.009
10000,aligned_still,exact_ranges,2,39,1.112064,0.0068
10000,aligned_still,linked,2,0,0.969728,0.0051
10000,aligned_still,linked,2,1,0.939008,0.0044
10000,aligned_still,linked,2,2,0.968704,0.0134
10000,aligned_still,linked,2,3,0.932864,0.0045
10000,aligned_still,linked,2,4,0.951296,0.0042
10000,aligned_still,linked,2,5,0.93696,0.0047
10000,aligned_still,linked,2,6,0.96768,0.0042
10000,aligned_still,linked,2,7,0.934912,0.0053
10000,aligned_still,linked,2,8,0.95232,0.0046
10000,aligned_still,linked,2,9,0.930816,0.0041
10000,aligned_still,linked,2,10,0.9472,0.0031
10000,aligned_still,linked,2,11,0.928768,0.0049
10000,aligned_still,linked,2,12,0.9472,0.004
10000,aligned_still,linked,2,13,0.92672,0.0045
10000,aligned_still,linked,2,14,0.94208,0.0044
10000,aligned_still,linked,2,15,0.93184,0.0046
10000,aligned_still,linked,2,16,0.950272,0.0042
10000,aligned_still,linked,2,17,0.937984,0.0046
10000,aligned_still,linked,2,18,0.91136,0.005
10000,aligned_still,linked,2,19,0.974848,0.0045
10000,aligned_still,linked,2,20,0.933888,0.0043
10000,aligned_still,linked,2,21,0.974848,0.005
10000,aligned_still,linked,2,22,0.93184,0.0046
10000,aligned_still,linked,2,23,1.15712,0.0051
10000,aligned_still,linked,2,24,0.930816,0.0047
10000,aligned_still,linked,2,25,0.95744,0.0046
10000,aligned_still,linked,2,26,0.935936,0.0042
10000,aligned_still,linked,2,27,0.95744,0.0043
10000,aligned_still,linked,2,28,0.935936,0.0043
10000,aligned_still,linked,2,29,0.95744,0.0052
10000,aligned_still,linked,2,30,0.94208,0.0045
10000,aligned_still,linked,2,31,0.948224,0.0042
10000,aligned_still,linked,2,32,0.93184,0.0042
10000,aligned_still,linked,2,33,0.934912,0.0045
10000,aligned_still,linked,2,34,0.934912,0.004
10000,aligned_still,linked,2,35,0.949248,0.0046
10000,aligned_still,linked,2,36,0.949248,0.0044
10000,aligned_still,linked,2,37,0.908288,0.0039
10000,aligned_still,linked,2,38,0.973824,0.0046
10000,aligned_still,linked,2,39,0.939008,0.0045
10000,aligned_still,linked,3,0,0.959488,0.0056
10000,aligned_still,linked,3,1,1.148928,0.0048
10000,aligned_still,linked,3,2,0.9984,0.0044
10000,aligned_still,linked,3,3,0.934912,0.0042
10000,aligned_still,linked,3,4,0.95744,0.0047
10000,aligned_still,linked,3,5,0.92672,0.0042
10000,aligned_still,linked,3,6,0.939008,0.0049
10000,aligned_still,linked,3,7,0.932864,0.0051
10000,aligned_still,linked,3,8,0.955392,0.0043
10000,aligned_still,linked,3,9,0.933888,0.0043
10000,aligned_still,linked,3,10,0.943104,0.0041
10000,aligned_still,linked,3,11,0.94208,0.0052
10000,aligned_still,linked,3,12,0.948224,0.0205
10000,aligned_still,linked,3,13,0.943104,0.0052
10000,aligned_still,linked,3,14,0.948224,0.0049
10000,aligned_still,linked,3,15,0.930816,0.0043
10000,aligned_still,linked,3,16,0.944128,0.0039
10000,aligned_still,linked,3,17,0.932864,0.0042
10000,aligned_still,linked,3,18,0.910336,0.0039
10000,aligned_still,linked,3,19,0.965632,0.0041
10000,aligned_still,linked,3,20,0.937984,0.0051
10000,aligned_still,linked,3,21,0.971776,0.0051
10000,aligned_still,linked,3,22,0.92672,0.0045
10000,aligned_still,linked,3,23,0.945152,0.0052
10000,aligned_still,linked,3,24,0.929792,0.004
10000,aligned_still,linked,3,25,0.951296,0.0045
10000,aligned_still,linked,3,26,0.932864,0.0041
10000,aligned_still,linked,3,27,1.143808,0.0045
10000,aligned_still,linked,3,28,0.996352,0.0041
10000,aligned_still,linked,3,29,0.941056,0.0041
10000,aligned_still,linked,3,30,0.943104,0.0045
10000,aligned_still,linked,3,31,1.128448,0.0042
10000,aligned_still,linked,3,32,0.94208,0.0043
10000,aligned_still,linked,3,33,0.9472,0.0051
10000,aligned_still,linked,3,34,0.93696,0.0042
10000,aligned_still,linked,3,35,0.950272,0.003
10000,aligned_still,linked,3,36,1.152,0.0047
10000,aligned_still,linked,3,37,0.899072,0.0044
10000,aligned_still,linked,3,38,0.984064,0.0042
10000,aligned_still,linked,3,39,0.946176,0.0048
10000,aligned_still,exact_ranges,3,0,1.093632,0.022
10000,aligned_still,exact_ranges,3,1,1.056768,0.0096
10000,aligned_still,exact_ranges,3,2,1.0496,0.0081
10000,aligned_still,exact_ranges,3,3,1.082368,0.0071
10000,aligned_still,exact_ranges,3,4,1.061888,0.0071
10000,aligned_still,exact_ranges,3,5,1.088512,0.028
10000,aligned_still,exact_ranges,3,6,1.056768,0.0158
10000,aligned_still,exact_ranges,3,7,1.31072,0.0092
10000,aligned_still,exact_ranges,3,8,1.060864,0.0124
10000,aligned_still,exact_ranges,3,9,1.05472,0.0096
10000,aligned_still,exact_ranges,3,10,1.286144,0.0095
10000,aligned_still,exact_ranges,3,11,1.0496,0.01
10000,aligned_still,exact_ranges,3,12,1.069056,0.0089
10000,aligned_still,exact_ranges,3,13,1.057792,0.0092
10000,aligned_still,exact_ranges,3,14,1.055744,0.0074
10000,aligned_still,exact_ranges,3,15,1.048576,0.008
10000,aligned_still,exact_ranges,3,16,1.05984,0.0066
10000,aligned_still,exact_ranges,3,17,1.099776,0.0071
10000,aligned_still,exact_ranges,3,18,1.072128,0.0062
10000,aligned_still,exact_ranges,3,19,1.058816,0.0081
10000,aligned_still,exact_ranges,3,20,1.057792,0.0081
10000,aligned_still,exact_ranges,3,21,1.042432,0.0066
10000,aligned_still,exact_ranges,3,22,1.257472,0.0065
10000,aligned_still,exact_ranges,3,23,1.048576,0.0059
10000,aligned_still,exact_ranges,3,24,1.087488,0.0068
10000,aligned_still,exact_ranges,3,25,1.071104,0.0092
10000,aligned_still,exact_ranges,3,26,1.243136,0.0066
10000,aligned_still,exact_ranges,3,27,1.063936,0.0061
10000,aligned_still,exact_ranges,3,28,1.062912,0.006
10000,aligned_still,exact_ranges,3,29,1.073152,0.01
10000,aligned_still,exact_ranges,3,30,1.081344,0.0067
10000,aligned_still,exact_ranges,3,31,1.047552,0.0069
10000,aligned_still,exact_ranges,3,32,1.068032,0.0067
10000,aligned_still,exact_ranges,3,33,1.04448,0.0067
10000,aligned_still,exact_ranges,3,34,1.047552,0.0069
10000,aligned_still,exact_ranges,3,35,1.055744,0.007
10000,aligned_still,exact_ranges,3,36,1.102848,0.0068
10000,aligned_still,exact_ranges,3,37,1.273856,0.0098
10000,aligned_still,exact_ranges,3,38,1.053696,0.0073
10000,aligned_still,exact_ranges,3,39,1.072128,0.0068
10000,staggered_still,linked,1,0,0.982016,0.005
10000,staggered_still,linked,1,1,0.9472,0.0044
10000,staggered_still,linked,1,2,0.939008,0.0095
10000,staggered_still,linked,1,3,0.954368,0.0167
10000,staggered_still,linked,1,4,0.934912,0.0034
10000,staggered_still,linked,1,5,0.912384,0.0017
10000,staggered_still,linked,1,6,0.986112,0.0024
10000,staggered_still,linked,1,7,0.940032,0.0025
10000,staggered_still,linked,1,8,0.975872,0.0028
10000,staggered_still,linked,1,9,0.939008,0.006
10000,staggered_still,linked,1,10,0.959488,0.0033
10000,staggered_still,linked,1,11,0.933888,0.0082
10000,staggered_still,linked,1,12,0.9472,0.0045
10000,staggered_still,linked,1,13,1.150976,0.0045
10000,staggered_still,linked,1,14,0.959488,0.0042
10000,staggered_still,linked,1,15,0.93696,0.0055
10000,staggered_still,linked,1,16,0.96256,0.0095
10000,staggered_still,linked,1,17,0.940032,0.0043
10000,staggered_still,linked,1,18,0.954368,0.0045
10000,staggered_still,linked,1,19,0.945152,0.0052
10000,staggered_still,linked,1,20,0.956416,0.0048
10000,staggered_still,linked,1,21,0.937984,0.0044
10000,staggered_still,linked,1,22,0.949248,0.0047
10000,staggered_still,linked,1,23,0.943104,0.0043
10000,staggered_still,linked,1,24,0.919552,0.0042
10000,staggered_still,linked,1,25,0.971776,0.0047
10000,staggered_still,linked,1,26,0.946176,0.0045
10000,staggered_still,linked,1,27,0.982016,0.0046
10000,staggered_still,linked,1,28,0.933888,0.0043
10000,staggered_still,linked,1,29,0.949248,0.0045
10000,staggered_still,linked,1,30,0.930816,0.0051
10000,staggered_still,linked,1,31,0.946176,0.0045
10000,staggered_still,linked,1,32,0.933888,0.0044
10000,staggered_still,linked,1,33,0.956416,0.0041
10000,staggered_still,linked,1,34,0.93696,0.0044
10000,staggered_still,linked,1,35,0.961536,0.0042
10000,staggered_still,linked,1,36,0.943104,0.0047
10000,staggered_still,linked,1,37,0.96256,0.0042
10000,staggered_still,linked,1,38,0.943104,0.0051
10000,staggered_still,linked,1,39,0.970752,0.0041
10000,staggered_still,exact_ranges,1,0,1.09056,0.0077
10000,staggered_still,exact_ranges,1,1,1.065984,0.0067
10000,staggered_still,exact_ranges,1,2,1.069056,0.007
10000,staggered_still,exact_ranges,1,3,1.092608,0.0071
10000,staggered_still,exact_ranges,1,4,1.084416,0.0203
10000,staggered_still,exact_ranges,1,5,1.053696,0.0089
10000,staggered_still,exact_ranges,1,6,1.050624,0.0065
10000,staggered_still,exact_ranges,1,7,1.05984,0.007
10000,staggered_still,exact_ranges,1,8,1.083392,0.0077
10000,staggered_still,exact_ranges,1,9,1.077248,0.0097
10000,staggered_still,exact_ranges,1,10,1.069056,0.0085
10000,staggered_still,exact_ranges,1,11,1.07008,0.0067
10000,staggered_still,exact_ranges,1,12,1.051648,0.0084
10000,staggered_still,exact_ranges,1,13,1.050624,0.0074
10000,staggered_still,exact_ranges,1,14,1.057792,0.0073
10000,staggered_still,exact_ranges,1,15,1.096704,0.0078
10000,staggered_still,exact_ranges,1,16,1.087488,0.0068
10000,staggered_still,exact_ranges,1,17,1.271808,0.0072
10000,staggered_still,exact_ranges,1,18,1.063936,0.007
10000,staggered_still,exact_ranges,1,19,1.053696,0.0066
10000,staggered_still,exact_ranges,1,20,1.084416,0.0082
10000,staggered_still,exact_ranges,1,21,1.089536,0.0071
10000,staggered_still,exact_ranges,1,22,1.1008,0.0068
10000,staggered_still,exact_ranges,1,23,1.087488,0.0064
10000,staggered_still,exact_ranges,1,24,1.060864,0.0075
10000,staggered_still,exact_ranges,1,25,1.069056,0.0064
10000,staggered_still,exact_ranges,1,26,1.056768,0.0101
10000,staggered_still,exact_ranges,1,27,1.082368,0.0067
10000,staggered_still,exact_ranges,1,28,1.074176,0.0083
10000,staggered_still,exact_ranges,1,29,1.07008,0.0066
10000,staggered_still,exact_ranges,1,30,1.28,0.0063
10000,staggered_still,exact_ranges,1,31,1.055744,0.014
10000,staggered_still,exact_ranges,1,32,1.061888,0.0062
10000,staggered_still,exact_ranges,1,33,1.0752,0.0065
10000,staggered_still,exact_ranges,1,34,1.108992,0.0065
10000,staggered_still,exact_ranges,1,35,1.081344,0.0065
10000,staggered_still,exact_ranges,1,36,1.065984,0.0065
10000,staggered_still,exact_ranges,1,37,1.082368,0.0063
10000,staggered_still,exact_ranges,1,38,1.057792,0.0063
10000,staggered_still,exact_ranges,1,39,1.084416,0.0063
10000,staggered_still,exact_ranges,2,0,1.11104,0.0117
10000,staggered_still,exact_ranges,2,1,1.077248,0.0109
10000,staggered_still,exact_ranges,2,2,1.055744,0.0105
10000,staggered_still,exact_ranges,2,3,1.060864,0.0094
10000,staggered_still,exact_ranges,2,4,1.062912,0.0083
10000,staggered_still,exact_ranges,2,5,1.08032,0.0098
10000,staggered_still,exact_ranges,2,6,1.0496,0.0069
10000,staggered_still,exact_ranges,2,7,1.05984,0.0062
10000,staggered_still,exact_ranges,2,8,1.063936,0.0063
10000,staggered_still,exact_ranges,2,9,1.050624,0.0064
10000,staggered_still,exact_ranges,2,10,1.061888,0.0064
10000,staggered_still,exact_ranges,2,11,1.062912,0.0064
10000,staggered_still,exact_ranges,2,12,1.104896,0.0063
10000,staggered_still,exact_ranges,2,13,1.089536,0.0062
10000,staggered_still,exact_ranges,2,14,1.060864,0.0068
10000,staggered_still,exact_ranges,2,15,1.076224,0.0064
10000,staggered_still,exact_ranges,2,16,1.051648,0.0063
10000,staggered_still,exact_ranges,2,17,1.08032,0.0062
10000,staggered_still,exact_ranges,2,18,1.073152,0.0064
10000,staggered_still,exact_ranges,2,19,1.316864,0.007
10000,staggered_still,exact_ranges,2,20,1.077248,0.0067
10000,staggered_still,exact_ranges,2,21,1.061888,0.0063
10000,staggered_still,exact_ranges,2,22,1.068032,0.0063
10000,staggered_still,exact_ranges,2,23,1.055744,0.0062
10000,staggered_still,exact_ranges,2,24,1.08544,0.0061
10000,staggered_still,exact_ranges,2,25,1.069056,0.0062
10000,staggered_still,exact_ranges,2,26,1.05472,0.0063
10000,staggered_still,exact_ranges,2,27,1.072128,0.0096
10000,staggered_still,exact_ranges,2,28,1.05984,0.0065
10000,staggered_still,exact_ranges,2,29,1.055744,0.0062
10000,staggered_still,exact_ranges,2,30,1.058816,0.0065
10000,staggered_still,exact_ranges,2,31,1.091584,0.0064
10000,staggered_still,exact_ranges,2,32,1.076224,0.0062
10000,staggered_still,exact_ranges,2,33,1.056768,0.0063
10000,staggered_still,exact_ranges,2,34,1.061888,0.0063
10000,staggered_still,exact_ranges,2,35,1.04448,0.0063
10000,staggered_still,exact_ranges,2,36,1.06496,0.0064
10000,staggered_still,exact_ranges,2,37,1.081344,0.0063
10000,staggered_still,exact_ranges,2,38,1.08032,0.0064
10000,staggered_still,exact_ranges,2,39,1.094656,0.0122
10000,staggered_still,linked,2,0,0.987136,0.0064
10000,staggered_still,linked,2,1,0.920576,0.0045
10000,staggered_still,linked,2,2,0.973824,0.0041
10000,staggered_still,linked,2,3,0.949248,0.0044
10000,staggered_still,linked,2,4,0.978944,0.0043
10000,staggered_still,linked,2,5,0.934912,0.0044
10000,staggered_still,linked,2,6,0.950272,0.0042
10000,staggered_still,linked,2,7,0.935936,0.0046
10000,staggered_still,linked,2,8,0.954368,0.0044
10000,staggered_still,linked,2,9,0.93184,0.0076
10000,staggered_still,linked,2,10,0.951296,0.0044
10000,staggered_still,linked,2,11,0.93696,0.0049
10000,staggered_still,linked,2,12,0.948224,0.0042
10000,staggered_still,linked,2,13,0.930816,0.0041
10000,staggered_still,linked,2,14,0.95744,0.0047
10000,staggered_still,linked,2,15,0.939008,0.0043
10000,staggered_still,linked,2,16,0.945152,0.0041
10000,staggered_still,linked,2,17,0.934912,0.0044
10000,staggered_still,linked,2,18,0.950272,0.0045
10000,staggered_still,linked,2,19,0.935936,0.005
10000,staggered_still,linked,2,20,0.914432,0.0043
10000,staggered_still,linked,2,21,0.982016,0.0047
10000,staggered_still,linked,2,22,0.939008,0.0043
10000,staggered_still,linked,2,23,0.979968,0.005
10000,staggered_still,linked,2,24,0.930816,0.0044
10000,staggered_still,linked,2,25,0.953344,0.0043
10000,staggered_still,linked,2,26,0.934912,0.004
10000,staggered_still,linked,2,27,0.945152,0.0041
10000,staggered_still,linked,2,28,0.934912,0.0041
10000,staggered_still,linked,2,29,1.16224,0.0038
10000,staggered_still,linked,2,30,0.939008,0.0048
10000,staggered_still,linked,2,31,0.943104,0.0047
10000,staggered_still,linked,2,32,0.956416,0.004
10000,staggered_still,linked,2,33,0.96256,0.0038
10000,staggered_still,linked,2,34,0.948224,0.0044
10000,staggered_still,linked,2,35,0.950272,0.0042
10000,staggered_still,linked,2,36,0.950272,0.0044
10000,staggered_still,linked,2,37,0.960512,0.0046
10000,staggered_still,linked,2,38,0.95232,0.0044
10000,staggered_still,linked,2,39,0.918528,0.004
10000,staggered_still,linked,3,0,0.975872,0.0117
10000,staggered_still,linked,3,1,0.937984,0.0049
10000,staggered_still,linked,3,2,0.982016,0.0023
10000,staggered_still,linked,3,3,0.937984,0.0038
10000,staggered_still,linked,3,4,0.951296,0.0025
10000,staggered_still,linked,3,5,0.93184,0.0046
10000,staggered_still,linked,3,6,0.95744,0.005
10000,staggered_still,linked,3,7,1.138688,0.0037
10000,staggered_still,linked,3,8,0.960512,0.0029
10000,staggered_still,linked,3,9,0.93184,0.0042
10000,staggered_still,linked,3,10,0.963584,0.0033
10000,staggered_still,linked,3,11,0.941056,0.0016
10000,staggered_still,linked,3,12,0.954368,0.0019
10000,staggered_still,linked,3,13,0.94208,0.0038
10000,staggered_still,linked,3,14,0.953344,0.0036
10000,staggered_still,linked,3,15,0.944128,0.0038
10000,staggered_still,linked,3,16,0.961536,0.0068
10000,staggered_still,linked,3,17,0.94208,0.0098
10000,staggered_still,linked,3,18,0.920576,0.0077
10000,staggered_still,linked,3,19,0.9728,0.0044
10000,staggered_still,linked,3,20,0.94208,0.0044
10000,staggered_still,linked,3,21,0.969728,0.0041
10000,staggered_still,linked,3,22,1.139712,0.0043
10000,staggered_still,linked,3,23,0.950272,0.0039
10000,staggered_still,linked,3,24,0.948224,0.0048
10000,staggered_still,linked,3,25,0.95232,0.0051
10000,staggered_still,linked,3,26,0.94208,0.0117
10000,staggered_still,linked,3,27,0.9472,0.0054
10000,staggered_still,linked,3,28,0.939008,0.0061
10000,staggered_still,linked,3,29,0.953344,0.0096
10000,staggered_still,linked,3,30,0.945152,0.0077
10000,staggered_still,linked,3,31,0.953344,0.0046
10000,staggered_still,linked,3,32,0.940032,0.0043
10000,staggered_still,linked,3,33,0.945152,0.0046
10000,staggered_still,linked,3,34,0.933888,0.0045
10000,staggered_still,linked,3,35,0.961536,0.0042
10000,staggered_still,linked,3,36,0.945152,0.0054
10000,staggered_still,linked,3,37,0.909312,0.0042
10000,staggered_still,linked,3,38,0.980992,0.0048
10000,staggered_still,linked,3,39,0.943104,0.0042
10000,staggered_still,exact_ranges,3,0,1.104896,0.1021
10000,staggered_still,exact_ranges,3,1,1.067008,0.0219
10000,staggered_still,exact_ranges,3,2,1.04448,0.0092
10000,staggered_still,exact_ranges,3,3,1.0752,0.0097
10000,staggered_still,exact_ranges,3,4,1.067008,0.009
10000,staggered_still,exact_ranges,3,5,1.09056,0.0107
10000,staggered_still,exact_ranges,3,6,1.067008,0.0199
10000,staggered_still,exact_ranges,3,7,1.052672,0.0054
10000,staggered_still,exact_ranges,3,8,1.058816,0.006
10000,staggered_still,exact_ranges,3,9,1.05984,0.0087
10000,staggered_still,exact_ranges,3,10,1.083392,0.0064
10000,staggered_still,exact_ranges,3,11,1.052672,0.0061
10000,staggered_still,exact_ranges,3,12,1.246208,0.0064
10000,staggered_still,exact_ranges,3,13,1.0752,0.0061
10000,staggered_still,exact_ranges,3,14,1.046528,0.0063
10000,staggered_still,exact_ranges,3,15,1.07008,0.0067
10000,staggered_still,exact_ranges,3,16,1.074176,0.0069
10000,staggered_still,exact_ranges,3,17,1.117184,0.0062
10000,staggered_still,exact_ranges,3,18,1.083392,0.0067
10000,staggered_still,exact_ranges,3,19,1.053696,0.0061
10000,staggered_still,exact_ranges,3,20,1.0752,0.0064
10000,staggered_still,exact_ranges,3,21,1.055744,0.0062
10000,staggered_still,exact_ranges,3,22,1.0752,0.0061
10000,staggered_still,exact_ranges,3,23,1.087488,0.0062
10000,staggered_still,exact_ranges,3,24,1.101824,0.0064
10000,staggered_still,exact_ranges,3,25,1.077248,0.0065
10000,staggered_still,exact_ranges,3,26,1.052672,0.0064
10000,staggered_still,exact_ranges,3,27,1.0752,0.0065
10000,staggered_still,exact_ranges,3,28,1.052672,0.0064
10000,staggered_still,exact_ranges,3,29,1.081344,0.0064
10000,staggered_still,exact_ranges,3,30,1.071104,0.0062
10000,staggered_still,exact_ranges,3,31,1.060864,0.006
10000,staggered_still,exact_ranges,3,32,1.0752,0.0073
10000,staggered_still,exact_ranges,3,33,1.05472,0.0062
10000,staggered_still,exact_ranges,3,34,1.046528,0.0062
10000,staggered_still,exact_ranges,3,35,1.062912,0.0064
10000,staggered_still,exact_ranges,3,36,1.087488,0.0062
10000,staggered_still,exact_ranges,3,37,1.067008,0.0062
10000,staggered_still,exact_ranges,3,38,1.058816,0.0062
10000,staggered_still,exact_ranges,3,39,1.08544,0.0064
10000,staggered_driven,linked,1,0,1.017856,0.0275
10000,staggered_driven,linked,1,1,1.01376,0.0045
10000,staggered_driven,linked,1,2,1.005568,0.0041
10000,staggered_driven,linked,1,3,1.010688,0.0049
10000,staggered_driven,linked,1,4,1.000448,0.0044
10000,staggered_driven,linked,1,5,1.016832,0.0046
10000,staggered_driven,linked,1,6,1.015808,0.0046
10000,staggered_driven,linked,1,7,1.033216,0.0049
10000,staggered_driven,linked,1,8,1.01376,0.0042
10000,staggered_driven,linked,1,9,1.024,0.005
10000,staggered_driven,linked,1,10,1.000448,0.005
10000,staggered_driven,linked,1,11,1.006592,0.0045
10000,staggered_driven,linked,1,12,1.007616,0.0042
10000,staggered_driven,linked,1,13,1.046528,0.0039
10000,staggered_driven,linked,1,14,1.031168,0.0046
10000,staggered_driven,linked,1,15,1.062912,0.0045
10000,staggered_driven,linked,1,16,1.257472,0.0045
10000,staggered_driven,linked,1,17,1.0752,0.005
10000,staggered_driven,linked,1,18,1.010688,0.0051
10000,staggered_driven,linked,1,19,1.06496,0.0042
10000,staggered_driven,linked,1,20,1.0496,0.0045
10000,staggered_driven,linked,1,21,1.022976,0.0041
10000,staggered_driven,linked,1,22,1.037312,0.0046
10000,staggered_driven,linked,1,23,1.026048,0.0043
10000,staggered_driven,linked,1,24,1.036288,0.0045
10000,staggered_driven,linked,1,25,1.033216,0.0044
10000,staggered_driven,linked,1,26,1.030144,0.0045
10000,staggered_driven,linked,1,27,1.027072,0.0044
10000,staggered_driven,linked,1,28,1.043456,0.0042
10000,staggered_driven,linked,1,29,1.021952,0.0046
10000,staggered_driven,linked,1,30,1.0496,0.0045
10000,staggered_driven,linked,1,31,1.042432,0.0047
10000,staggered_driven,linked,1,32,1.060864,0.0052
10000,staggered_driven,linked,1,33,1.048576,0.0046
10000,staggered_driven,linked,1,34,1.043456,0.0043
10000,staggered_driven,linked,1,35,1.012736,0.0046
10000,staggered_driven,linked,1,36,1.045504,0.0046
10000,staggered_driven,linked,1,37,0.961536,0.0147
10000,staggered_driven,linked,1,38,1.028096,0.0042
10000,staggered_driven,linked,1,39,1.015808,0.0044
10000,staggered_driven,exact_ranges,1,0,1.166336,0.0095
10000,staggered_driven,exact_ranges,1,1,1.161216,0.0084
10000,staggered_driven,exact_ranges,1,2,1.132544,0.0243
10000,staggered_driven,exact_ranges,1,3,1.197056,0.008
10000,staggered_driven,exact_ranges,1,4,1.16224,0.0071
10000,staggered_driven,exact_ranges,1,5,1.137664,0.0096
10000,staggered_driven,exact_ranges,1,6,1.166336,0.0074
10000,staggered_driven,exact_ranges,1,7,1.149952,0.011
10000,staggered_driven,exact_ranges,1,8,1.144832,0.0068
10000,staggered_driven,exact_ranges,1,9,1.137664,0.0096
10000,staggered_driven,exact_ranges,1,10,1.150976,0.0072
10000,staggered_driven,exact_ranges,1,11,1.173504,0.0073
10000,staggered_driven,exact_ranges,1,12,1.142784,0.007
10000,staggered_driven,exact_ranges,1,13,1.398784,0.007
10000,staggered_driven,exact_ranges,1,14,1.195008,0.0069
10000,staggered_driven,exact_ranges,1,15,1.196032,0.007
10000,staggered_driven,exact_ranges,1,16,1.168384,0.007
10000,staggered_driven,exact_ranges,1,17,1.159168,0.0069
10000,staggered_driven,exact_ranges,1,18,1.181696,0.0068
10000,staggered_driven,exact_ranges,1,19,1.186816,0.0071
10000,staggered_driven,exact_ranges,1,20,1.178624,0.0066
10000,staggered_driven,exact_ranges,1,21,1.166336,0.0071
10000,staggered_driven,exact_ranges,1,22,1.201152,0.007
10000,staggered_driven,exact_ranges,1,23,1.199104,0.0071
10000,staggered_driven,exact_ranges,1,24,1.161216,0.0068
10000,staggered_driven,exact_ranges,1,25,1.169408,0.0069
10000,staggered_driven,exact_ranges,1,26,1.179648,0.007
10000,staggered_driven,exact_ranges,1,27,1.176576,0.007
10000,staggered_driven,exact_ranges,1,28,1.158144,0.0068
10000,staggered_driven,exact_ranges,1,29,1.169408,0.007
10000,staggered_driven,exact_ranges,1,30,1.19296,0.0067
10000,staggered_driven,exact_ranges,1,31,1.17248,0.0067
10000,staggered_driven,exact_ranges,1,32,1.150976,0.0069
10000,staggered_driven,exact_ranges,1,33,1.18272,0.0072
10000,staggered_driven,exact_ranges,1,34,1.160192,0.0068
10000,staggered_driven,exact_ranges,1,35,1.123328,0.0074
10000,staggered_driven,exact_ranges,1,36,1.1264,0.0067
10000,staggered_driven,exact_ranges,1,37,1.14176,0.0068
10000,staggered_driven,exact_ranges,1,38,1.175552,0.0069
10000,staggered_driven,exact_ranges,1,39,1.164288,0.0069
10000,staggered_driven,exact_ranges,2,0,1.165312,0.0121
10000,staggered_driven,exact_ranges,2,1,1.143808,0.0072
10000,staggered_driven,exact_ranges,2,2,1.148928,0.0296
10000,staggered_driven,exact_ranges,2,3,1.163264,0.007
10000,staggered_driven,exact_ranges,2,4,1.170432,0.0069
10000,staggered_driven,exact_ranges,2,5,1.134592,0.0309
10000,staggered_driven,exact_ranges,2,6,1.14688,0.015
10000,staggered_driven,exact_ranges,2,7,1.379328,0.0073
10000,staggered_driven,exact_ranges,2,8,1.147904,0.0069
10000,staggered_driven,exact_ranges,2,9,1.165312,0.007
10000,staggered_driven,exact_ranges,2,10,1.152,0.0068
10000,staggered_driven,exact_ranges,2,11,1.179648,0.007
10000,staggered_driven,exact_ranges,2,12,1.152,0.0066
10000,staggered_driven,exact_ranges,2,13,1.166336,0.0242
10000,staggered_driven,exact_ranges,2,14,1.201152,0.0061
10000,staggered_driven,exact_ranges,2,15,1.19296,0.0101
10000,staggered_driven,exact_ranges,2,16,1.166336,0.0097
10000,staggered_driven,exact_ranges,2,17,1.166336,0.0088
10000,staggered_driven,exact_ranges,2,18,1.189888,0.0093
10000,staggered_driven,exact_ranges,2,19,1.191936,0.007
10000,staggered_driven,exact_ranges,2,20,1.185792,0.011
10000,staggered_driven,exact_ranges,2,21,1.16736,0.0069
10000,staggered_driven,exact_ranges,2,22,1.197056,0.0067
10000,staggered_driven,exact_ranges,2,23,1.179648,0.0111
10000,staggered_driven,exact_ranges,2,24,1.16224,0.0073
10000,staggered_driven,exact_ranges,2,25,1.181696,0.0067
10000,staggered_driven,exact_ranges,2,26,1.171456,0.0068
10000,staggered_driven,exact_ranges,2,27,1.178624,0.0066
10000,staggered_driven,exact_ranges,2,28,1.161216,0.0068
10000,staggered_driven,exact_ranges,2,29,1.160192,0.0068
10000,staggered_driven,exact_ranges,2,30,1.18784,0.007
10000,staggered_driven,exact_ranges,2,31,1.169408,0.0072
10000,staggered_driven,exact_ranges,2,32,1.143808,0.0068
10000,staggered_driven,exact_ranges,2,33,1.191936,0.007
10000,staggered_driven,exact_ranges,2,34,1.150976,0.0067
10000,staggered_driven,exact_ranges,2,35,1.349632,0.0068
10000,staggered_driven,exact_ranges,2,36,1.137664,0.0068
10000,staggered_driven,exact_ranges,2,37,1.165312,0.0068
10000,staggered_driven,exact_ranges,2,38,1.201152,0.007
10000,staggered_driven,exact_ranges,2,39,1.154048,0.007
10000,staggered_driven,linked,2,0,1.01888,0.0069
10000,staggered_driven,linked,2,1,1.011712,0.0051
10000,staggered_driven,linked,2,2,1.00352,0.0046
10000,staggered_driven,linked,2,3,1.01376,0.0051
10000,staggered_driven,linked,2,4,1.000448,0.0045
10000,staggered_driven,linked,2,5,1.014784,0.0046
10000,staggered_driven,linked,2,6,1.012736,0.0049
10000,staggered_driven,linked,2,7,1.23904,0.0049
10000,staggered_driven,linked,2,8,1.021952,0.005
10000,staggered_driven,linked,2,9,1.036288,0.0045
10000,staggered_driven,linked,2,10,1.009664,0.0049
10000,staggered_driven,linked,2,11,1.01376,0.0053
10000,staggered_driven,linked,2,12,1.024,0.0051
10000,staggered_driven,linked,2,13,1.051648,0.0047
10000,staggered_driven,linked,2,14,1.037312,0.0045
10000,staggered_driven,linked,2,15,1.061888,0.0046
10000,staggered_driven,linked,2,16,1.04448,0.0047
10000,staggered_driven,linked,2,17,1.063936,0.0047
10000,staggered_driven,linked,2,18,1.019904,0.0044
10000,staggered_driven,linked,2,19,1.063936,0.0062
10000,staggered_driven,linked,2,20,1.052672,0.0048
10000,staggered_driven,linked,2,21,1.030144,0.0213
10000,staggered_driven,linked,2,22,1.0496,0.0019
10000,staggered_driven,linked,2,23,1.019904,0.0058
10000,staggered_driven,linked,2,24,1.02912,0.0042
10000,staggered_driven,linked,2,25,1.022976,0.0049
10000,staggered_driven,linked,2,26,1.036288,0.0042
10000,staggered_driven,linked,2,27,1.022976,0.0044
10000,staggered_driven,linked,2,28,1.03424,0.0075
10000,staggered_driven,linked,2,29,1.017856,0.0047
10000,staggered_driven,linked,2,30,1.047552,0.0043
10000,staggered_driven,linked,2,31,1.043456,0.0049
10000,staggered_driven,linked,2,32,1.057792,0.0046
10000,staggered_driven,linked,2,33,1.03936,0.0048
10000,staggered_driven,linked,2,34,1.040384,0.0047
10000,staggered_driven,linked,2,35,1.009664,0.0091
10000,staggered_driven,linked,2,36,1.245184,0.0049
10000,staggered_driven,linked,2,37,0.953344,0.0046
10000,staggered_driven,linked,2,38,1.038336,0.0049
10000,staggered_driven,linked,2,39,1.21856,0.0045
10000,staggered_driven,linked,3,0,1.017856,0.0164
10000,staggered_driven,linked,3,1,1.007616,0.0038
10000,staggered_driven,linked,3,2,1.001472,0.0149
10000,staggered_driven,linked,3,3,1.019904,0.0048
10000,staggered_driven,linked,3,4,1.00864,0.0047
10000,staggered_driven,linked,3,5,1.01376,0.0049
10000,staggered_driven,linked,3,6,1.021952,0.0048
10000,staggered_driven,linked,3,7,1.02912,0.0049
10000,staggered_driven,linked,3,8,1.016832,0.0047
10000,staggered_driven,linked,3,9,1.020928,0.0048
10000,staggered_driven,linked,3,10,1.007616,0.0044
10000,staggered_driven,linked,3,11,1.031168,0.0048
10000,staggered_driven,linked,3,12,1.220608,0.0045
10000,staggered_driven,linked,3,13,1.038336,0.0053
10000,staggered_driven,linked,3,14,1.040384,0.0046
10000,staggered_driven,linked,3,15,1.072128,0.0045
10000,staggered_driven,linked,3,16,1.03936,0.0045
10000,staggered_driven,linked,3,17,1.05472,0.0055
10000,staggered_driven,linked,3,18,1.01888,0.0044
10000,staggered_driven,linked,3,19,1.057792,0.0047
10000,staggered_driven,linked,3,20,1.052672,0.0052
10000,staggered_driven,linked,3,21,1.02912,0.0044
10000,staggered_driven,linked,3,22,1.037312,0.0049
10000,staggered_driven,linked,3,23,1.030144,0.0047
10000,staggered_driven,linked,3,24,1.043456,0.0049
10000,staggered_driven,linked,3,25,1.025024,0.0048
10000,staggered_driven,linked,3,26,1.037312,0.0044
10000,staggered_driven,linked,3,27,1.020928,0.005
10000,staggered_driven,linked,3,28,1.033216,0.0048
10000,staggered_driven,linked,3,29,1.020928,0.01
10000,staggered_driven,linked,3,30,1.03424,0.0055
10000,staggered_driven,linked,3,31,1.041408,0.0045
10000,staggered_driven,linked,3,32,1.055744,0.0046
10000,staggered_driven,linked,3,33,1.048576,0.0048
10000,staggered_driven,linked,3,34,1.05472,0.0053
10000,staggered_driven,linked,3,35,1.007616,0.0047
10000,staggered_driven,linked,3,36,1.043456,0.0059
10000,staggered_driven,linked,3,37,0.966656,0.0048
10000,staggered_driven,linked,3,38,1.035264,0.0045
10000,staggered_driven,linked,3,39,1.025024,0.0049
10000,staggered_driven,exact_ranges,3,0,1.17248,0.0188
10000,staggered_driven,exact_ranges,3,1,1.142784,0.0072
10000,staggered_driven,exact_ranges,3,2,1.13152,0.007
10000,staggered_driven,exact_ranges,3,3,1.17248,0.0067
10000,staggered_driven,exact_ranges,3,4,1.155072,0.007
10000,staggered_driven,exact_ranges,3,5,1.140736,0.0067
10000,staggered_driven,exact_ranges,3,6,1.159168,0.0067
10000,staggered_driven,exact_ranges,3,7,1.135616,0.0065
10000,staggered_driven,exact_ranges,3,8,1.150976,0.0067
10000,staggered_driven,exact_ranges,3,9,1.366016,0.0066
10000,staggered_driven,exact_ranges,3,10,1.127424,0.0073
10000,staggered_driven,exact_ranges,3,11,1.1776,0.0069
10000,staggered_driven,exact_ranges,3,12,1.159168,0.0065
10000,staggered_driven,exact_ranges,3,13,1.161216,0.0068
10000,staggered_driven,exact_ranges,3,14,1.200128,0.0069
10000,staggered_driven,exact_ranges,3,15,1.19296,0.0067
10000,staggered_driven,exact_ranges,3,16,1.164288,0.0068
10000,staggered_driven,exact_ranges,3,17,1.179648,0.0067
10000,staggered_driven,exact_ranges,3,18,1.199104,0.0067
10000,staggered_driven,exact_ranges,3,19,1.191936,0.0068
10000,staggered_driven,exact_ranges,3,20,1.186816,0.007
10000,staggered_driven,exact_ranges,3,21,1.171456,0.007
10000,staggered_driven,exact_ranges,3,22,1.206272,0.0065
10000,staggered_driven,exact_ranges,3,23,1.180672,0.0066
10000,staggered_driven,exact_ranges,3,24,1.155072,0.0069
10000,staggered_driven,exact_ranges,3,25,1.174528,0.0082
10000,staggered_driven,exact_ranges,3,26,1.176576,0.0066
10000,staggered_driven,exact_ranges,3,27,1.16736,0.0187
10000,staggered_driven,exact_ranges,3,28,1.173504,0.0061
10000,staggered_driven,exact_ranges,3,29,1.16224,0.0058
10000,staggered_driven,exact_ranges,3,30,1.191936,0.0058
10000,staggered_driven,exact_ranges,3,31,1.174528,0.0059
10000,staggered_driven,exact_ranges,3,32,1.147904,0.006
10000,staggered_driven,exact_ranges,3,33,1.190912,0.0058
10000,staggered_driven,exact_ranges,3,34,1.149952,0.0058
10000,staggered_driven,exact_ranges,3,35,1.1264,0.0058
10000,staggered_driven,exact_ranges,3,36,1.134592,0.006
10000,staggered_driven,exact_ranges,3,37,1.350656,0.006
10000,staggered_driven,exact_ranges,3,38,1.173504,0.006
10000,staggered_driven,exact_ranges,3,39,1.161216,0.0064
65536,aligned_still,linked,1,0,2.953216,0.0132
65536,aligned_still,linked,1,1,2.960384,0.0045
65536,aligned_still,linked,1,2,3.185664,0.0044
65536,aligned_still,linked,1,3,2.916352,0.0052
65536,aligned_still,linked,1,4,2.930688,0.0043
65536,aligned_still,linked,1,5,2.898944,0.0043
65536,aligned_still,linked,1,6,2.919424,0.0047
65536,aligned_still,linked,1,7,2.898944,0.0046
65536,aligned_still,linked,1,8,2.890752,0.0043
65536,aligned_still,linked,1,9,2.915328,0.0048
65536,aligned_still,linked,1,10,2.8928,0.0042
65536,aligned_still,linked,1,11,2.911232,0.0046
65536,aligned_still,linked,1,12,2.874368,0.0041
65536,aligned_still,linked,1,13,3.147776,0.0047
65536,aligned_still,linked,1,14,2.930688,0.0041
65536,aligned_still,linked,1,15,2.922496,0.004
65536,aligned_still,linked,1,16,2.977792,0.0045
65536,aligned_still,linked,1,17,2.89792,0.0043
65536,aligned_still,linked,1,18,2.937856,0.0048
65536,aligned_still,linked,1,19,2.920448,0.0047
65536,aligned_still,linked,1,20,2.94912,0.004
65536,aligned_still,linked,1,21,2.936832,0.0045
65536,aligned_still,linked,1,22,2.89792,0.0043
65536,aligned_still,linked,1,23,2.956288,0.0043
65536,aligned_still,linked,1,24,2.888704,0.004
65536,aligned_still,linked,1,25,3.24608,0.0049
65536,aligned_still,linked,1,26,2.914304,0.0048
65536,aligned_still,linked,1,27,2.927616,0.004
65536,aligned_still,linked,1,28,2.957312,0.0097
65536,aligned_still,linked,1,29,2.911232,0.0042
65536,aligned_still,linked,1,30,2.934784,0.004
65536,aligned_still,linked,1,31,2.905088,0.0044
65536,aligned_still,linked,1,32,2.932736,0.0052
65536,aligned_still,linked,1,33,2.911232,0.0041
65536,aligned_still,linked,1,34,2.883584,0.0042
65536,aligned_still,linked,1,35,2.934784,0.0048
65536,aligned_still,linked,1,36,3.16928,0.0043
65536,aligned_still,linked,1,37,2.941952,0.0052
65536,aligned_still,linked,1,38,2.93376,0.0042
65536,aligned_still,linked,1,39,2.963456,0.0041
65536,aligned_still,exact_ranges,1,0,4.009984,0.0163
65536,aligned_still,exact_ranges,1,1,3.941376,0.0066
65536,aligned_still,exact_ranges,1,2,3.939328,0.0194
65536,aligned_still,exact_ranges,1,3,3.929088,0.0081
65536,aligned_still,exact_ranges,1,4,4.19328,0.0064
65536,aligned_still,exact_ranges,1,5,3.956736,0.0063
65536,aligned_still,exact_ranges,1,6,3.938304,0.0063
65536,aligned_still,exact_ranges,1,7,3.90656,0.0069
65536,aligned_still,exact_ranges,1,8,3.934208,0.0063
65536,aligned_still,exact_ranges,1,9,3.931136,0.0063
65536,aligned_still,exact_ranges,1,10,3.904512,0.0063
65536,aligned_still,exact_ranges,1,11,3.935232,0.0063
65536,aligned_still,exact_ranges,1,12,4.129792,0.0065
65536,aligned_still,exact_ranges,1,13,3.941376,0.0063
65536,aligned_still,exact_ranges,1,14,3.977216,0.0064
65536,aligned_still,exact_ranges,1,15,3.914752,0.0065
65536,aligned_still,exact_ranges,1,16,3.936256,0.0077
65536,aligned_still,exact_ranges,1,17,3.889152,0.0067
65536,aligned_still,exact_ranges,1,18,3.922944,0.0065
65536,aligned_still,exact_ranges,1,19,3.960832,0.0063
65536,aligned_still,exact_ranges,1,20,3.918848,0.0065
65536,aligned_still,exact_ranges,1,21,4.166656,0.0062
65536,aligned_still,exact_ranges,1,22,3.93728,0.0068
65536,aligned_still,exact_ranges,1,23,4.176896,0.0064
65536,aligned_still,exact_ranges,1,24,3.95264,0.0065
65536,aligned_still,exact_ranges,1,25,3.93216,0.0064
65536,aligned_still,exact_ranges,1,26,3.899392,0.0063
65536,aligned_still,exact_ranges,1,27,3.951616,0.0116
65536,aligned_still,exact_ranges,1,28,3.885056,0.0087
65536,aligned_still,exact_ranges,1,29,4.195328,0.0068
65536,aligned_still,exact_ranges,1,30,3.994624,0.0062
65536,aligned_still,exact_ranges,1,31,3.931136,0.0065
65536,aligned_still,exact_ranges,1,32,3.941376,0.0065
65536,aligned_still,exact_ranges,1,33,3.956736,0.0062
65536,aligned_still,exact_ranges,1,34,3.92192,0.0064
65536,aligned_still,exact_ranges,1,35,3.924992,0.0064
65536,aligned_still,exact_ranges,1,36,3.895296,0.0063
65536,aligned_still,exact_ranges,1,37,3.903488,0.0062
65536,aligned_still,exact_ranges,1,38,4.190208,0.0069
65536,aligned_still,exact_ranges,1,39,3.95264,0.0065
65536,aligned_still,exact_ranges,2,0,4.01408,0.0168
65536,aligned_still,exact_ranges,2,1,3.955712,0.0069
65536,aligned_still,exact_ranges,2,2,3.939328,0.0064
65536,aligned_still,exact_ranges,2,3,3.953664,0.0062
65536,aligned_still,exact_ranges,2,4,3.939328,0.0064
65536,aligned_still,exact_ranges,2,5,4.199424,0.0121
65536,aligned_still,exact_ranges,2,6,3.96288,0.0064
65536,aligned_still,exact_ranges,2,7,3.92704,0.0066
65536,aligned_still,exact_ranges,2,8,3.971072,0.0063
65536,aligned_still,exact_ranges,2,9,3.938304,0.007
65536,aligned_still,exact_ranges,2,10,3.939328,0.0067
65536,aligned_still,exact_ranges,2,11,3.987456,0.0068
65536,aligned_still,exact_ranges,2,12,3.935232,0.01
65536,aligned_still,exact_ranges,2,13,3.972096,0.0063
65536,aligned_still,exact_ranges,2,14,4.293632,0.0068
65536,aligned_still,exact_ranges,2,15,3.966976,0.0066
65536,aligned_still,exact_ranges,2,16,3.959808,0.0062
65536,aligned_still,exact_ranges,2,17,3.954688,0.0063
65536,aligned_still,exact_ranges,2,18,3.931136,0.0064
65536,aligned_still,exact_ranges,2,19,3.934208,0.0065
65536,aligned_still,exact_ranges,2,20,3.933184,0.007
65536,aligned_still,exact_ranges,2,21,3.936256,0.0066
65536,aligned_still,exact_ranges,2,22,4.20864,0.0066
65536,aligned_still,exact_ranges,2,23,3.955712,0.0108
65536,aligned_still,exact_ranges,2,24,3.966976,0.0063
65536,aligned_still,exact_ranges,2,25,3.959808,0.0063
65536,aligned_still,exact_ranges,2,26,3.923968,0.0063
65536,aligned_still,exact_ranges,2,27,3.955712,0.0068
65536,aligned_still,exact_ranges,2,28,3.944448,0.0064
65536,aligned_still,exact_ranges,2,29,3.923968,0.0069
65536,aligned_still,exact_ranges,2,30,3.98336,0.0063
65536,aligned_still,exact_ranges,2,31,4.180992,0.0063
65536,aligned_still,exact_ranges,2,32,3.956736,0.0063
65536,aligned_still,exact_ranges,2,33,4.011008,0.0064
65536,aligned_still,exact_ranges,2,34,3.944448,0.0063
65536,aligned_still,exact_ranges,2,35,3.931136,0.0063
65536,aligned_still,exact_ranges,2,36,3.944448,0.0066
65536,aligned_still,exact_ranges,2,37,3.960832,0.0063
65536,aligned_still,exact_ranges,2,38,3.948544,0.0063
65536,aligned_still,exact_ranges,2,39,4.159488,0.0064
65536,aligned_still,linked,2,0,2.97984,0.0053
65536,aligned_still,linked,2,1,2.970624,0.0046
65536,aligned_still,linked,2,2,2.9184,0.0042
65536,aligned_still,linked,2,3,2.956288,0.0038
65536,aligned_still,linked,2,4,3.262464,0.0046
65536,aligned_still,linked,2,5,2.937856,0.004
65536,aligned_still,linked,2,6,2.946048,0.0039
65536,aligned_still,linked,2,7,2.924544,0.0046
65536,aligned_still,linked,2,8,2.917376,0.0042
65536,aligned_still,linked,2,9,2.891776,0.0041
65536,aligned_still,linked,2,10,2.946048,0.004
65536,aligned_still,linked,2,11,2.930688,0.004
65536,aligned_still,linked,2,12,2.899968,0.004
65536,aligned_still,linked,2,13,2.931712,0.0045
65536,aligned_still,linked,2,14,2.888704,0.0041
65536,aligned_still,linked,2,15,3.222528,0.0044
65536,aligned_still,linked,2,16,2.931712,0.0047
65536,aligned_still,linked,2,17,2.966528,0.004
65536,aligned_still,linked,2,18,2.953216,0.0044
65536,aligned_still,linked,2,19,2.924544,0.0042
65536,aligned_still,linked,2,20,2.960384,0.0039
65536,aligned_still,linked,2,21,2.921472,0.0039
65536,aligned_still,linked,2,22,2.942976,0.0045
65536,aligned_still,linked,2,23,2.930688,0.0044
65536,aligned_still,linked,2,24,2.929664,0.0038
65536,aligned_still,linked,2,25,2.956288,0.0047
65536,aligned_still,linked,2,26,3.2512,0.0043
65536,aligned_still,linked,2,27,2.9696,0.0038
65536,aligned_still,linked,2,28,2.926592,0.005
65536,aligned_still,linked,2,29,2.981888,0.0045
65536,aligned_still,linked,2,30,2.962432,0.0039
65536,aligned_still,linked,2,31,2.910208,0.0049
65536,aligned_still,linked,2,32,2.932736,0.0049
65536,aligned_still,linked,2,33,2.893824,0.004
65536,aligned_still,linked,2,34,2.941952,0.0039
65536,aligned_still,linked,2,35,2.912256,0.0046
65536,aligned_still,linked,2,36,2.953216,0.0039
65536,aligned_still,linked,2,37,3.151872,0.0044
65536,aligned_still,linked,2,38,2.89792,0.0041
65536,aligned_still,linked,2,39,2.980864,0.0039
65536,aligned_still,linked,3,0,2.981888,0.0091
65536,aligned_still,linked,3,1,2.91328,0.0048
65536,aligned_still,linked,3,2,3.238912,0.0041
65536,aligned_still,linked,3,3,2.967552,0.0046
65536,aligned_still,linked,3,4,2.980864,0.0042
65536,aligned_still,linked,3,5,2.942976,0.0047
65536,aligned_still,linked,3,6,2.985984,0.0042
65536,aligned_still,linked,3,7,2.965504,0.0047
65536,aligned_still,linked,3,8,2.922496,0.004
65536,aligned_still,linked,3,9,2.963456,0.0045
65536,aligned_still,linked,3,10,2.92352,0.0043
65536,aligned_still,linked,3,11,2.961408,0.0045
65536,aligned_still,linked,3,12,2.922496,0.004
65536,aligned_still,linked,3,13,2.971648,0.0047
65536,aligned_still,linked,3,14,3.239936,0.0042
65536,aligned_still,linked,3,15,2.930688,0.0045
65536,aligned_still,linked,3,16,2.952192,0.0041
65536,aligned_still,linked,3,17,2.937856,0.0044
65536,aligned_still,linked,3,18,2.946048,0.0047
65536,aligned_still,linked,3,19,2.929664,0.0042
65536,aligned_still,linked,3,20,2.919424,0.0043
65536,aligned_still,linked,3,21,2.968576,0.0043
65536,aligned_still,linked,3,22,2.948096,0.0043
65536,aligned_still,linked,3,23,2.966528,0.0045
65536,aligned_still,linked,3,24,2.92352,0.0041
65536,aligned_still,linked,3,25,3.226624,0.0049
65536,aligned_still,linked,3,26,2.989056,0.0044
65536,aligned_still,linked,3,27,2.94912,0.0043
65536,aligned_still,linked,3,28,2.989056,0.0041
65536,aligned_still,linked,3,29,2.930688,0.0042
65536,aligned_still,linked,3,30,2.953216,0.0041
65536,aligned_still,linked,3,31,2.931712,0.0045
65536,aligned_still,linked,3,32,2.982912,0.0039
65536,aligned_still,linked,3,33,2.945024,0.0041
65536,aligned_still,linked,3,34,2.929664,0.004
65536,aligned_still,linked,3,35,2.961408,0.0042
65536,aligned_still,linked,3,36,3.305472,0.0047
65536,aligned_still,linked,3,37,3.002368,0.0042
65536,aligned_still,linked,3,38,2.947072,0.0043
65536,aligned_still,linked,3,39,2.978816,0.0045
65536,aligned_still,exact_ranges,3,0,3.992576,0.0086
65536,aligned_still,exact_ranges,3,1,3.931136,0.0063
65536,aligned_still,exact_ranges,3,2,3.95264,0.0061
65536,aligned_still,exact_ranges,3,3,3.940352,0.0067
65536,aligned_still,exact_ranges,3,4,3.949568,0.0063
65536,aligned_still,exact_ranges,3,5,4.187136,0.0062
65536,aligned_still,exact_ranges,3,6,3.97824,0.0061
65536,aligned_still,exact_ranges,3,7,3.918848,0.0062
65536,aligned_still,exact_ranges,3,8,3.97312,0.0062
65536,aligned_still,exact_ranges,3,9,3.956736,0.0061
65536,aligned_still,exact_ranges,3,10,3.920896,0.006
65536,aligned_still,exact_ranges,3,11,3.99872,0.0062
65536,aligned_still,exact_ranges,3,12,3.939328,0.0061
65536,aligned_still,exact_ranges,3,13,4.160512,0.0067
65536,aligned_still,exact_ranges,3,14,3.996672,0.0061
65536,aligned_still,exact_ranges,3,15,3.965952,0.0062
65536,aligned_still,exact_ranges,3,16,3.97824,0.0061
65536,aligned_still,exact_ranges,3,17,3.93728,0.0063
65536,aligned_still,exact_ranges,3,18,3.955712,0.0061
65536,aligned_still,exact_ranges,3,19,3.9424,0.0063
65536,aligned_still,exact_ranges,3,20,3.949568,0.0062
65536,aligned_still,exact_ranges,3,21,4.1728,0.0062
65536,aligned_still,exact_ranges,3,22,3.9424,0.0062
65536,aligned_still,exact_ranges,3,23,3.961856,0.0063
65536,aligned_still,exact_ranges,3,24,3.97312,0.0062
65536,aligned_still,exact_ranges,3,25,3.95264,0.006
65536,aligned_still,exact_ranges,3,26,3.92192,0.0062
65536,aligned_still,exact_ranges,3,27,3.946496,0.0063
65536,aligned_still,exact_ranges,3,28,3.93728,0.0063
65536,aligned_still,exact_ranges,3,29,3.908608,0.0062
65536,aligned_still,exact_ranges,3,30,4.31616,0.0059
65536,aligned_still,exact_ranges,3,31,3.9424,0.006
65536,aligned_still,exact_ranges,3,32,3.945472,0.0061
65536,aligned_still,exact_ranges,3,33,3.990528,0.0063
65536,aligned_still,exact_ranges,3,34,3.938304,0.0061
65536,aligned_still,exact_ranges,3,35,3.944448,0.0063
65536,aligned_still,exact_ranges,3,36,3.949568,0.0061
65536,aligned_still,exact_ranges,3,37,3.935232,0.0061
65536,aligned_still,exact_ranges,3,38,3.950592,0.006
65536,aligned_still,exact_ranges,3,39,4.257792,0.0094
65536,staggered_still,linked,1,0,2.991104,0.0056
65536,staggered_still,linked,1,1,2.998272,0.0044
65536,staggered_still,linked,1,2,3.217408,0.0041
65536,staggered_still,linked,1,3,2.97472,0.0045
65536,staggered_still,linked,1,4,2.94912,0.004
65536,staggered_still,linked,1,5,2.95424,0.004
65536,staggered_still,linked,1,6,2.970624,0.0039
65536,staggered_still,linked,1,7,2.926592,0.0046
65536,staggered_still,linked,1,8,2.946048,0.0042
65536,staggered_still,linked,1,9,2.90304,0.0039
65536,staggered_still,linked,1,10,3.00544,0.0046
65536,staggered_still,linked,1,11,2.96448,0.0042
65536,staggered_still,linked,1,12,2.93376,0.0041
65536,staggered_still,linked,1,13,3.221504,0.0041
65536,staggered_still,linked,1,14,2.929664,0.004
65536,staggered_still,linked,1,15,2.99008,0.0045
65536,staggered_still,linked,1,16,2.9696,0.0043
65536,staggered_still,linked,1,17,2.991104,0.0047
65536,staggered_still,linked,1,18,2.961408,0.0038
65536,staggered_still,linked,1,19,2.91328,0.0045
65536,staggered_still,linked,1,20,2.966528,0.004
65536,staggered_still,linked,1,21,2.932736,0.0043
65536,staggered_still,linked,1,22,2.970624,0.0038
65536,staggered_still,linked,1,23,2.93888,0.0042
65536,staggered_still,linked,1,24,3.156992,0.0044
65536,staggered_still,linked,1,25,3.05664,0.0037
65536,staggered_still,linked,1,26,2.94912,0.0045
65536,staggered_still,linked,1,27,2.993152,0.0041
65536,staggered_still,linked,1,28,2.957312,0.0044
65536,staggered_still,linked,1,29,2.994176,0.004
65536,staggered_still,linked,1,30,2.980864,0.0041
65536,staggered_still,linked,1,31,2.960384,0.0049
65536,staggered_still,linked,1,32,2.987008,0.0039
65536,staggered_still,linked,1,33,2.967552,0.008
65536,staggered_still,linked,1,34,3.019776,0.0053
65536,staggered_still,linked,1,35,3.224576,0.004
65536,staggered_still,linked,1,36,3.345408,0.0043
65536,staggered_still,linked,1,37,3.002368,0.0041
65536,staggered_still,linked,1,38,2.968576,0.0048
65536,staggered_still,linked,1,39,3.008512,0.0039
65536,staggered_still,exact_ranges,1,0,3.976192,0.0085
65536,staggered_still,exact_ranges,1,1,3.974144,0.0063
65536,staggered_still,exact_ranges,1,2,3.986432,0.0064
65536,staggered_still,exact_ranges,1,3,3.951616,0.0063
65536,staggered_still,exact_ranges,1,4,4.322304,0.0063
65536,staggered_still,exact_ranges,1,5,4.154368,0.0063
65536,staggered_still,exact_ranges,1,6,3.970048,0.0064
65536,staggered_still,exact_ranges,1,7,3.98848,0.0062
65536,staggered_still,exact_ranges,1,8,3.958784,0.0063
65536,staggered_still,exact_ranges,1,9,3.943424,0.0067
65536,staggered_still,exact_ranges,1,10,3.981312,0.0061
65536,staggered_still,exact_ranges,1,11,4.267008,0.0064
65536,staggered_still,exact_ranges,1,12,4.228096,0.0063
65536,staggered_still,exact_ranges,1,13,3.996672,0.0061
65536,staggered_still,exact_ranges,1,14,3.986432,0.0063
65536,staggered_still,exact_ranges,1,15,3.977216,0.0064
65536,staggered_still,exact_ranges,1,16,3.996672,0.0063
65536,staggered_still,exact_ranges,1,17,3.977216,0.0062
65536,staggered_still,exact_ranges,1,18,3.966976,0.0061
65536,staggered_still,exact_ranges,1,19,3.9936,0.0063
65536,staggered_still,exact_ranges,1,20,4.265984,0.0065
65536,staggered_still,exact_ranges,1,21,4.00896,0.0063
65536,staggered_still,exact_ranges,1,22,3.995648,0.0061
65536,staggered_still,exact_ranges,1,23,3.96288,0.0063
65536,staggered_still,exact_ranges,1,24,3.97824,0.0061
65536,staggered_still,exact_ranges,1,25,3.990528,0.0061
65536,staggered_still,exact_ranges,1,26,4.15232,0.0063
65536,staggered_still,exact_ranges,1,27,4.168704,0.0064
65536,staggered_still,exact_ranges,1,28,4.151296,0.0062
65536,staggered_still,exact_ranges,1,29,4.277248,0.0063
65536,staggered_still,exact_ranges,1,30,4.202496,0.0064
65536,staggered_still,exact_ranges,1,31,4.1728,0.0063
65536,staggered_still,exact_ranges,1,32,4.15744,0.006
65536,staggered_still,exact_ranges,1,33,4.161536,0.0062
65536,staggered_still,exact_ranges,1,34,4.168704,0.0123
65536,staggered_still,exact_ranges,1,35,4.217856,0.0094
65536,staggered_still,exact_ranges,1,36,4.149248,0.0067
65536,staggered_still,exact_ranges,1,37,4.294656,0.0064
65536,staggered_still,exact_ranges,1,38,4.548608,0.0062
65536,staggered_still,exact_ranges,1,39,4.210688,0.0062
65536,staggered_still,exact_ranges,2,0,4.185088,0.0149
65536,staggered_still,exact_ranges,2,1,4.221952,0.0065
65536,staggered_still,exact_ranges,2,2,4.178944,0.0063
65536,staggered_still,exact_ranges,2,3,4.156416,0.0079
65536,staggered_still,exact_ranges,2,4,4.151296,0.0064
65536,staggered_still,exact_ranges,2,5,4.141056,0.0063
65536,staggered_still,exact_ranges,2,6,4.14208,0.0064
65536,staggered_still,exact_ranges,2,7,4.15744,0.0067
65536,staggered_still,exact_ranges,2,8,4.195328,0.0066
65536,staggered_still,exact_ranges,2,9,4.25984,0.0064
65536,staggered_still,exact_ranges,2,10,4.222976,0.0063
65536,staggered_still,exact_ranges,2,11,4.151296,0.0063
65536,staggered_still,exact_ranges,2,12,4.125696,0.0065
65536,staggered_still,exact_ranges,2,13,4.168704,0.0064
65536,staggered_still,exact_ranges,2,14,4.1472,0.0061
65536,staggered_still,exact_ranges,2,15,4.130816,0.0062
65536,staggered_still,exact_ranges,2,16,4.219904,0.0061
65536,staggered_still,exact_ranges,2,17,4.220928,0.0063
65536,staggered_still,exact_ranges,2,18,4.16768,0.0063
65536,staggered_still,exact_ranges,2,19,4.200448,0.0061
65536,staggered_still,exact_ranges,2,20,4.140032,0.0069
65536,staggered_still,exact_ranges,2,21,4.146176,0.0063
65536,staggered_still,exact_ranges,2,22,4.211712,0.0061
65536,staggered_still,exact_ranges,2,23,4.197376,0.0062
65536,staggered_still,exact_ranges,2,24,4.15232,0.0062
65536,staggered_still,exact_ranges,2,25,4.212736,0.0063
65536,staggered_still,exact_ranges,2,26,4.199424,0.0062
65536,staggered_still,exact_ranges,2,27,4.19328,0.0073
65536,staggered_still,exact_ranges,2,28,4.144128,0.0065
65536,staggered_still,exact_ranges,2,29,4.150272,0.0066
65536,staggered_still,exact_ranges,2,30,4.129792,0.0065
65536,staggered_still,exact_ranges,2,31,4.134912,0.0061
65536,staggered_still,exact_ranges,2,32,4.146176,0.0063
65536,staggered_still,exact_ranges,2,33,4.241408,0.0063
65536,staggered_still,exact_ranges,2,34,4.214784,0.0064
65536,staggered_still,exact_ranges,2,35,4.182016,0.0107
65536,staggered_still,exact_ranges,2,36,4.139008,0.0064
65536,staggered_still,exact_ranges,2,37,4.133888,0.0061
65536,staggered_still,exact_ranges,2,38,4.195328,0.0065
65536,staggered_still,exact_ranges,2,39,4.132864,0.0063
65536,staggered_still,linked,2,0,2.985984,0.0056
65536,staggered_still,linked,2,1,2.960384,0.0043
65536,staggered_still,linked,2,2,2.919424,0.0039
65536,staggered_still,linked,2,3,3.144704,0.0044
65536,staggered_still,linked,2,4,3.198976,0.004
65536,staggered_still,linked,2,5,3.206144,0.0041
65536,staggered_still,linked,2,6,2.924544,0.004
65536,staggered_still,linked,2,7,2.927616,0.0058
65536,staggered_still,linked,2,8,2.95936,0.0044
65536,staggered_still,linked,2,9,2.900992,0.014
65536,staggered_still,linked,2,10,2.92864,0.0017
65536,staggered_still,linked,2,11,2.900992,0.0022
65536,staggered_still,linked,2,12,2.961408,0.0024
65536,staggered_still,linked,2,13,2.953216,0.0017
65536,staggered_still,linked,2,14,3.182592,0.0024
65536,staggered_still,linked,2,15,3.163136,0.0021
65536,staggered_still,linked,2,16,3.214336,0.0017
65536,staggered_still,linked,2,17,3.037184,0.0021
65536,staggered_still,linked,2,18,3.221504,0.0018
65536,staggered_still,linked,2,19,2.98496,0.0019
65536,staggered_still,linked,2,20,2.97472,0.0017
65536,staggered_still,linked,2,21,2.927616,0.0022
65536,staggered_still,linked,2,22,2.965504,0.002
65536,staggered_still,linked,2,23,2.924544,0.0056
65536,staggered_still,linked,2,24,2.950144,0.0043
65536,staggered_still,linked,2,25,2.940928,0.0042
65536,staggered_still,linked,2,26,2.917376,0.0039
65536,staggered_still,linked,2,27,3.19488,0.0045
65536,staggered_still,linked,2,28,3.0208,0.0039
65536,staggered_still,linked,2,29,3.017728,0.0039
65536,staggered_still,linked,2,30,2.96448,0.0041
65536,staggered_still,linked,2,31,3.04128,0.0043
65536,staggered_still,linked,2,32,2.985984,0.0041
65536,staggered_still,linked,2,33,2.96448,0.0043
65536,staggered_still,linked,2,34,3.187712,0.0039
65536,staggered_still,linked,2,35,2.981888,0.0047
65536,staggered_still,linked,2,36,3.24096,0.0038
65536,staggered_still,linked,2,37,2.98496,0.004
65536,staggered_still,linked,2,38,3.001344,0.0044
65536,staggered_still,linked,2,39,3.245056,0.0045
65536,staggered_still,linked,3,0,2.972672,0.0071
65536,staggered_still,linked,3,1,2.970624,0.0045
65536,staggered_still,linked,3,2,2.962432,0.0043
65536,staggered_still,linked,3,3,3.231744,0.004
65536,staggered_still,linked,3,4,3.007488,0.0046
65536,staggered_still,linked,3,5,2.972672,0.0042
65536,staggered_still,linked,3,6,3.008512,0.0044
65536,staggered_still,linked,3,7,2.97472,0.0042
65536,staggered_still,linked,3,8,3.0208,0.0041
65536,staggered_still,linked,3,9,3.00544,0.0045
65536,staggered_still,linked,3,10,3.196928,0.0064
65536,staggered_still,linked,3,11,3.186688,0.0025
65536,staggered_still,linked,3,12,2.981888,0.0024
65536,staggered_still,linked,3,13,2.997248,0.0021
65536,staggered_still,linked,3,14,3.265536,0.0022
65536,staggered_still,linked,3,15,3.01568,0.0196
65536,staggered_still,linked,3,16,2.981888,0.0075
65536,staggered_still,linked,3,17,2.945024,0.0024
65536,staggered_still,linked,3,18,2.96448,0.0053
65536,staggered_still,linked,3,19,2.92864,0.0026
65536,staggered_still,linked,3,20,2.945024,0.0022
65536,staggered_still,linked,3,21,2.951168,0.0029
65536,staggered_still,linked,3,22,2.947072,0.0035
65536,staggered_still,linked,3,23,2.971648,0.0025
65536,staggered_still,linked,3,24,2.962432,0.0027
65536,staggered_still,linked,3,25,3.232768,0.0031
65536,staggered_still,linked,3,26,2.996224,0.0033
65536,staggered_still,linked,3,27,3.01568,0.0038
65536,staggered_still,linked,3,28,3.003392,0.0022
65536,staggered_still,linked,3,29,2.977792,0.0029
65536,staggered_still,linked,3,30,2.991104,0.0027
65536,staggered_still,linked,3,31,2.952192,0.0036
65536,staggered_still,linked,3,32,2.993152,0.0022
65536,staggered_still,linked,3,33,3.172352,0.0024
65536,staggered_still,linked,3,34,3.023872,0.0032
65536,staggered_still,linked,3,35,3.272704,0.003
65536,staggered_still,linked,3,36,3.293184,0.0039
65536,staggered_still,linked,3,37,3.224576,0.004
65536,staggered_still,linked,3,38,2.971648,0.0021
65536,staggered_still,linked,3,39,3.01056,0.0032
65536,staggered_still,exact_ranges,3,0,4.045824,0.0094
65536,staggered_still,exact_ranges,3,1,4.068352,0.0064
65536,staggered_still,exact_ranges,3,2,4.005888,0.007
65536,staggered_still,exact_ranges,3,3,4.256768,0.0064
65536,staggered_still,exact_ranges,3,4,4.017152,0.0064
65536,staggered_still,exact_ranges,3,5,4.004864,0.011
65536,staggered_still,exact_ranges,3,6,4.005888,0.0061
65536,staggered_still,exact_ranges,3,7,3.970048,0.0062
65536,staggered_still,exact_ranges,3,8,3.977216,0.006
65536,staggered_still,exact_ranges,3,9,3.971072,0.0062
65536,staggered_still,exact_ranges,3,10,3.971072,0.0153
65536,staggered_still,exact_ranges,3,11,4.324352,0.0066
65536,staggered_still,exact_ranges,3,12,4.058112,0.0062
65536,staggered_still,exact_ranges,3,13,4.00896,0.0065
65536,staggered_still,exact_ranges,3,14,4.027392,0.0061
65536,staggered_still,exact_ranges,3,15,4.243456,0.0062
65536,staggered_still,exact_ranges,3,16,4.251648,0.0062
65536,staggered_still,exact_ranges,3,17,4.242432,0.0066
65536,staggered_still,exact_ranges,3,18,4.015104,0.0064
65536,staggered_still,exact_ranges,3,19,4.03456,0.0061
65536,staggered_still,exact_ranges,3,20,4.278272,0.006
65536,staggered_still,exact_ranges,3,21,4.185088,0.0063
65536,staggered_still,exact_ranges,3,22,4.199424,0.0073
65536,staggered_still,exact_ranges,3,23,3.971072,0.0088
65536,staggered_still,exact_ranges,3,24,4.000768,0.0063
65536,staggered_still,exact_ranges,3,25,3.984384,0.0061
65536,staggered_still,exact_ranges,3,26,3.958784,0.0062
65536,staggered_still,exact_ranges,3,27,3.984384,0.006
65536,staggered_still,exact_ranges,3,28,4.231168,0.0062
65536,staggered_still,exact_ranges,3,29,3.95776,0.0061
65536,staggered_still,exact_ranges,3,30,4.046848,0.0063
65536,staggered_still,exact_ranges,3,31,4.00384,0.0062
65536,staggered_still,exact_ranges,3,32,3.989504,0.0064
65536,staggered_still,exact_ranges,3,33,4.02432,0.0064
65536,staggered_still,exact_ranges,3,34,4.011008,0.0061
65536,staggered_still,exact_ranges,3,35,3.972096,0.0063
65536,staggered_still,exact_ranges,3,36,4.260864,0.006
65536,staggered_still,exact_ranges,3,37,4.011008,0.0062
65536,staggered_still,exact_ranges,3,38,4.02432,0.0062
65536,staggered_still,exact_ranges,3,39,4.038656,0.0065
65536,staggered_driven,linked,1,0,3.059712,0.022
65536,staggered_driven,linked,1,1,3.058688,0.0048
65536,staggered_driven,linked,1,2,2.998272,0.0046
65536,staggered_driven,linked,1,3,3.058688,0.0047
65536,staggered_driven,linked,1,4,3.030016,0.0046
65536,staggered_driven,linked,1,5,3.252224,0.0048
65536,staggered_driven,linked,1,6,3.0208,0.0045
65536,staggered_driven,linked,1,7,3.002368,0.0047
65536,staggered_driven,linked,1,8,2.9952,0.0046
65536,staggered_driven,linked,1,9,3.273728,0.0042
65536,staggered_driven,linked,1,10,3.00544,0.0042
65536,staggered_driven,linked,1,11,3.022848,0.004
65536,staggered_driven,linked,1,12,3.037184,0.0046
65536,staggered_driven,linked,1,13,3.014656,0.0046
65536,staggered_driven,linked,1,14,3.040256,0.0046
65536,staggered_driven,linked,1,15,3.060736,0.0044
65536,staggered_driven,linked,1,16,3.023872,0.0043
65536,staggered_driven,linked,1,17,3.043328,0.0046
65536,staggered_driven,linked,1,18,3.019776,0.0049
65536,staggered_driven,linked,1,19,3.05664,0.0042
65536,staggered_driven,linked,1,20,3.33312,0.0045
65536,staggered_driven,linked,1,21,3.05152,0.0042
65536,staggered_driven,linked,1,22,3.089408,0.0044
65536,staggered_driven,linked,1,23,3.052544,0.0046
65536,staggered_driven,linked,1,24,3.02592,0.0042
65536,staggered_driven,linked,1,25,3.060736,0.0045
65536,staggered_driven,linked,1,26,3.018752,0.0049
65536,staggered_driven,linked,1,27,3.01568,0.0086
65536,staggered_driven,linked,1,28,3.045376,0.0043
65536,staggered_driven,linked,1,29,3.017728,0.0051
65536,staggered_driven,linked,1,30,3.3536,0.0051
65536,staggered_driven,linked,1,31,3.106816,0.0044
65536,staggered_driven,linked,1,32,3.040256,0.0041
65536,staggered_driven,linked,1,33,3.054592,0.005
65536,staggered_driven,linked,1,34,3.068928,0.0045
65536,staggered_driven,linked,1,35,2.989056,0.0043
65536,staggered_driven,linked,1,36,3.017728,0.0046
65536,staggered_driven,linked,1,37,3.024896,0.0042
65536,staggered_driven,linked,1,38,3.055616,0.0047
65536,staggered_driven,linked,1,39,3.048448,0.0047
65536,staggered_driven,exact_ranges,1,0,4.091904,0.0077
65536,staggered_driven,exact_ranges,1,1,4.031488,0.0072
65536,staggered_driven,exact_ranges,1,2,4.051968,0.0065
65536,staggered_driven,exact_ranges,1,3,4.017152,0.0065
65536,staggered_driven,exact_ranges,1,4,4.048896,0.0063
65536,staggered_driven,exact_ranges,1,5,4.063232,0.0064
65536,staggered_driven,exact_ranges,1,6,4.339712,0.0066
65536,staggered_driven,exact_ranges,1,7,4.11648,0.0063
65536,staggered_driven,exact_ranges,1,8,4.483072,0.0063
65536,staggered_driven,exact_ranges,1,9,4.173824,0.0065
65536,staggered_driven,exact_ranges,1,10,4.107264,0.0064
65536,staggered_driven,exact_ranges,1,11,4.09088,0.0066
65536,staggered_driven,exact_ranges,1,12,4.05504,0.0063
65536,staggered_driven,exact_ranges,1,13,4.128768,0.0068
65536,staggered_driven,exact_ranges,1,14,4.087808,0.0063
65536,staggered_driven,exact_ranges,1,15,4.10624,0.0076
65536,staggered_driven,exact_ranges,1,16,4.66944,0.0062
65536,staggered_driven,exact_ranges,1,17,4.123648,0.0068
65536,staggered_driven,exact_ranges,1,18,4.072448,0.0074
65536,staggered_driven,exact_ranges,1,19,4.0448,0.0063
65536,staggered_driven,exact_ranges,1,20,4.057088,0.0066
65536,staggered_driven,exact_ranges,1,21,4.093952,0.0065
65536,staggered_driven,exact_ranges,1,22,4.393984,0.0063
65536,staggered_driven,exact_ranges,1,23,4.28544,0.011
65536,staggered_driven,exact_ranges,1,24,4.113408,0.0069
65536,staggered_driven,exact_ranges,1,25,4.066304,0.0065
65536,staggered_driven,exact_ranges,1,26,4.06528,0.0064
65536,staggered_driven,exact_ranges,1,27,4.033536,0.0064
65536,staggered_driven,exact_ranges,1,28,4.068352,0.0064
65536,staggered_driven,exact_ranges,1,29,4.037632,0.0064
65536,staggered_driven,exact_ranges,1,30,4.030464,0.0064
65536,staggered_driven,exact_ranges,1,31,4.045824,0.0065
65536,staggered_driven,exact_ranges,1,32,4.373504,0.0067
65536,staggered_driven,exact_ranges,1,33,4.05504,0.0064
65536,staggered_driven,exact_ranges,1,34,4.078592,0.0066
65536,staggered_driven,exact_ranges,1,35,4.037632,0.0065
65536,staggered_driven,exact_ranges,1,36,4.041728,0.0071
65536,staggered_driven,exact_ranges,1,37,4.042752,0.0067
65536,staggered_driven,exact_ranges,1,38,4.030464,0.0064
65536,staggered_driven,exact_ranges,1,39,4.0704,0.0071
65536,staggered_driven,exact_ranges,2,0,4.140032,0.0091
65536,staggered_driven,exact_ranges,2,1,4.094976,0.007
65536,staggered_driven,exact_ranges,2,2,4.088832,0.0067
65536,staggered_driven,exact_ranges,2,3,4.058112,0.0069
65536,staggered_driven,exact_ranges,2,4,4.109312,0.0069
65536,staggered_driven,exact_ranges,2,5,4.06016,0.0067
65536,staggered_driven,exact_ranges,2,6,4.381696,0.0066
65536,staggered_driven,exact_ranges,2,7,4.08064,0.0065
65536,staggered_driven,exact_ranges,2,8,4.143104,0.0064
65536,staggered_driven,exact_ranges,2,9,4.056064,0.0065
65536,staggered_driven,exact_ranges,2,10,4.10112,0.0065
65536,staggered_driven,exact_ranges,2,11,4.030464,0.0065
65536,staggered_driven,exact_ranges,2,12,4.097024,0.0112
65536,staggered_driven,exact_ranges,2,13,4.066304,0.0062
65536,staggered_driven,exact_ranges,2,14,4.277248,0.0068
65536,staggered_driven,exact_ranges,2,15,4.06528,0.0064
65536,staggered_driven,exact_ranges,2,16,4.066304,0.0068
65536,staggered_driven,exact_ranges,2,17,4.262912,0.0066
65536,staggered_driven,exact_ranges,2,18,4.054016,0.0068
65536,staggered_driven,exact_ranges,2,19,4.051968,0.0067
65536,staggered_driven,exact_ranges,2,20,4.097024,0.0068
65536,staggered_driven,exact_ranges,2,21,4.073472,0.0068
65536,staggered_driven,exact_ranges,2,22,4.298752,0.0066
65536,staggered_driven,exact_ranges,2,23,4.10624,0.0066
65536,staggered_driven,exact_ranges,2,24,4.0448,0.0069
65536,staggered_driven,exact_ranges,2,25,4.059136,0.0066
65536,staggered_driven,exact_ranges,2,26,4.046848,0.0064
65536,staggered_driven,exact_ranges,2,27,4.447232,0.007
65536,staggered_driven,exact_ranges,2,28,4.057088,0.0067
65536,staggered_driven,exact_ranges,2,29,4.056064,0.0071
65536,staggered_driven,exact_ranges,2,30,4.272128,0.0066
65536,staggered_driven,exact_ranges,2,31,4.086784,0.0066
65536,staggered_driven,exact_ranges,2,32,4.068352,0.0065
65536,staggered_driven,exact_ranges,2,33,4.030464,0.0066
65536,staggered_driven,exact_ranges,2,34,3.999744,0.0067
65536,staggered_driven,exact_ranges,2,35,4.007936,0.007
65536,staggered_driven,exact_ranges,2,36,4.00384,0.0067
65536,staggered_driven,exact_ranges,2,37,4.011008,0.0066
65536,staggered_driven,exact_ranges,2,38,4.040704,0.0066
65536,staggered_driven,exact_ranges,2,39,4.294656,0.0065
65536,staggered_driven,linked,2,0,3.088384,0.0064
65536,staggered_driven,linked,2,1,3.32288,0.0048
65536,staggered_driven,linked,2,2,3.146752,0.0044
65536,staggered_driven,linked,2,3,3.121152,0.0047
65536,staggered_driven,linked,2,4,3.090432,0.0043
65536,staggered_driven,linked,2,5,3.062784,0.005
65536,staggered_driven,linked,2,6,3.059712,0.0044
65536,staggered_driven,linked,2,7,3.037184,0.0046
65536,staggered_driven,linked,2,8,3.044352,0.0043
65536,staggered_driven,linked,2,9,3.069952,0.0041
65536,staggered_driven,linked,2,10,3.037184,0.0049
65536,staggered_driven,linked,2,11,3.055616,0.0045
65536,staggered_driven,linked,2,12,3.2768,0.0046
65536,staggered_driven,linked,2,13,3.052544,0.0042
65536,staggered_driven,linked,2,14,3.0976,0.0048
65536,staggered_driven,linked,2,15,3.089408,0.0044
65536,staggered_driven,linked,2,16,3.062784,0.0049
65536,staggered_driven,linked,2,17,3.378176,0.0044
65536,staggered_driven,linked,2,18,3.072,0.0075
65536,staggered_driven,linked,2,19,3.099648,0.0042
65536,staggered_driven,linked,2,20,3.100672,0.0049
65536,staggered_driven,linked,2,21,3.039232,0.0047
65536,staggered_driven,linked,2,22,3.08736,0.0047
65536,staggered_driven,linked,2,23,3.342336,0.0045
65536,staggered_driven,linked,2,24,3.032064,0.0043
65536,staggered_driven,linked,2,25,3.086336,0.0043
65536,staggered_driven,linked,2,26,3.03104,0.0046
65536,staggered_driven,linked,2,27,3.007488,0.0043
65536,staggered_driven,linked,2,28,3.05664,0.0085
65536,staggered_driven,linked,2,29,2.99008,0.0049
65536,staggered_driven,linked,2,30,3.035136,0.0045
65536,staggered_driven,linked,2,31,3.052544,0.0046
65536,staggered_driven,linked,2,32,3.033088,0.0046
65536,staggered_driven,linked,2,33,3.03616,0.0044
65536,staggered_driven,linked,2,34,3.401728,0.0046
65536,staggered_driven,linked,2,35,3.01568,0.0045
65536,staggered_driven,linked,2,36,3.039232,0.0044
65536,staggered_driven,linked,2,37,3.030016,0.0047
65536,staggered_driven,linked,2,38,3.049472,0.0047
65536,staggered_driven,linked,2,39,3.059712,0.0066
65536,staggered_driven,linked,3,0,3.088384,0.0057
65536,staggered_driven,linked,3,1,3.084288,0.0046
65536,staggered_driven,linked,3,2,3.032064,0.0044
65536,staggered_driven,linked,3,3,3.07712,0.0047
65536,staggered_driven,linked,3,4,3.052544,0.0045
65536,staggered_driven,linked,3,5,3.022848,0.0042
65536,staggered_driven,linked,3,6,3.045376,0.0047
65536,staggered_driven,linked,3,7,3.032064,0.0045
65536,staggered_driven,linked,3,8,3.25632,0.0046
65536,staggered_driven,linked,3,9,3.055616,0.0045
65536,staggered_driven,linked,3,10,3.073024,0.0046
65536,staggered_driven,linked,3,11,3.078144,0.0045
65536,staggered_driven,linked,3,12,3.079168,0.0047
65536,staggered_driven,linked,3,13,3.380224,0.0041
65536,staggered_driven,linked,3,14,3.12832,0.0189
65536,staggered_driven,linked,3,15,3.093504,0.0019
65536,staggered_driven,linked,3,16,3.069952,0.0059
65536,staggered_driven,linked,3,17,3.076096,0.0042
65536,staggered_driven,linked,3,18,3.057664,0.0043
65536,staggered_driven,linked,3,19,3.34336,0.0047
65536,staggered_driven,linked,3,20,3.088384,0.0043
65536,staggered_driven,linked,3,21,3.08736,0.0042
65536,staggered_driven,linked,3,22,3.08224,0.0044
65536,staggered_driven,linked,3,23,3.09248,0.0046
65536,staggered_driven,linked,3,24,3.049472,0.0045
65536,staggered_driven,linked,3,25,3.069952,0.0044
65536,staggered_driven,linked,3,26,3.055616,0.0057
65536,staggered_driven,linked,3,27,3.02592,0.0049
65536,staggered_driven,linked,3,28,3.080192,0.0044
65536,staggered_driven,linked,3,29,3.050496,0.0047
65536,staggered_driven,linked,3,30,3.361792,0.0053
65536,staggered_driven,linked,3,31,3.120128,0.0045
65536,staggered_driven,linked,3,32,3.081216,0.0047
65536,staggered_driven,linked,3,33,3.119104,0.0105
65536,staggered_driven,linked,3,34,3.086336,0.0045
65536,staggered_driven,linked,3,35,3.0464,0.0046
65536,staggered_driven,linked,3,36,3.080192,0.0046
65536,staggered_driven,linked,3,37,3.049472,0.0042
65536,staggered_driven,linked,3,38,3.06688,0.004
65536,staggered_driven,linked,3,39,3.0976,0.0047
65536,staggered_driven,exact_ranges,3,0,4.112384,0.0114
65536,staggered_driven,exact_ranges,3,1,4.061184,0.007
65536,staggered_driven,exact_ranges,3,2,4.052992,0.0067
65536,staggered_driven,exact_ranges,3,3,4.02432,0.0067
65536,staggered_driven,exact_ranges,3,4,4.018176,0.0064
65536,staggered_driven,exact_ranges,3,5,4.051968,0.0064
65536,staggered_driven,exact_ranges,3,6,4.05504,0.0065
65536,staggered_driven,exact_ranges,3,7,4.263936,0.0065
65536,staggered_driven,exact_ranges,3,8,4.058112,0.0064
65536,staggered_driven,exact_ranges,3,9,4.128768,0.0086
65536,staggered_driven,exact_ranges,3,10,4.068352,0.0066
65536,staggered_driven,exact_ranges,3,11,4.04992,0.0065
65536,staggered_driven,exact_ranges,3,12,4.030464,0.0063
65536,staggered_driven,exact_ranges,3,13,4.110336,0.0063
65536,staggered_driven,exact_ranges,3,14,4.046848,0.0063
65536,staggered_driven,exact_ranges,3,15,4.34176,0.0066
65536,staggered_driven,exact_ranges,3,16,4.054016,0.0064
65536,staggered_driven,exact_ranges,3,17,4.093952,0.0065
65536,staggered_driven,exact_ranges,3,18,4.03968,0.0061
65536,staggered_driven,exact_ranges,3,19,4.047872,0.0067
65536,staggered_driven,exact_ranges,3,20,4.04992,0.0065
65536,staggered_driven,exact_ranges,3,21,4.063232,0.0066
65536,staggered_driven,exact_ranges,3,22,4.048896,0.0064
65536,staggered_driven,exact_ranges,3,23,4.319232,0.0063
65536,staggered_driven,exact_ranges,3,24,4.04992,0.0063
65536,staggered_driven,exact_ranges,3,25,4.079616,0.0065
65536,staggered_driven,exact_ranges,3,26,4.06528,0.0064
65536,staggered_driven,exact_ranges,3,27,4.037632,0.0066
65536,staggered_driven,exact_ranges,3,28,4.068352,0.0064
65536,staggered_driven,exact_ranges,3,29,4.021248,0.0066
65536,staggered_driven,exact_ranges,3,30,4.086784,0.0064
65536,staggered_driven,exact_ranges,3,31,4.325376,0.0066
65536,staggered_driven,exact_ranges,3,32,4.154368,0.0066
65536,staggered_driven,exact_ranges,3,33,4.103168,0.0066
65536,staggered_driven,exact_ranges,3,34,4.091904,0.0064
65536,staggered_driven,exact_ranges,3,35,4.03456,0.0064
65536,staggered_driven,exact_ranges,3,36,4.110336,0.0068
65536,staggered_driven,exact_ranges,3,37,4.054016,0.0064
65536,staggered_driven,exact_ranges,3,38,4.062208,0.0065
65536,staggered_driven,exact_ranges,3,39,4.271104,0.0068
131072,aligned_still,linked,1,0,5.289984,0.018
131072,aligned_still,linked,1,1,5.210112,0.0128
131072,aligned_still,linked,1,2,5.172224,0.0046
131072,aligned_still,linked,1,3,5.225472,0.0041
131072,aligned_still,linked,1,4,5.47328,0.0041
131072,aligned_still,linked,1,5,5.440512,0.0043
131072,aligned_still,linked,1,6,5.231616,0.0039
131072,aligned_still,linked,1,7,5.182464,0.0049
131072,aligned_still,linked,1,8,5.22752,0.0041
131072,aligned_still,linked,1,9,5.238784,0.0048
131072,aligned_still,linked,1,10,5.552128,0.0043
131072,aligned_still,linked,1,11,5.297152,0.0043
131072,aligned_still,linked,1,12,5.259264,0.004
131072,aligned_still,linked,1,13,5.2224,0.0042
131072,aligned_still,linked,1,14,5.244928,0.0041
131072,aligned_still,linked,1,15,5.241856,0.0041
131072,aligned_still,linked,1,16,5.527552,0.0039
131072,aligned_still,linked,1,17,5.301248,0.0045
131072,aligned_still,linked,1,18,5.255168,0.004
131072,aligned_still,linked,1,19,5.341184,0.0043
131072,aligned_still,linked,1,20,5.297152,0.0039
131072,aligned_still,linked,1,21,5.251072,0.0045
131072,aligned_still,linked,1,22,5.480448,0.0045
131072,aligned_still,linked,1,23,5.25824,0.0044
131072,aligned_still,linked,1,24,5.274624,0.004
131072,aligned_still,linked,1,25,5.271552,0.0044
131072,aligned_still,linked,1,26,5.286912,0.0044
131072,aligned_still,linked,1,27,5.257216,0.0042
131072,aligned_still,linked,1,28,5.249024,0.004
131072,aligned_still,linked,1,29,5.6064,0.0042
131072,aligned_still,linked,1,30,5.276672,0.0041
131072,aligned_still,linked,1,31,5.226496,0.0044
131072,aligned_still,linked,1,32,5.197824,0.0054
131072,aligned_still,linked,1,33,5.199872,0.0041
131072,aligned_still,linked,1,34,5.195776,0.0045
131072,aligned_still,linked,1,35,5.518336,0.0044
131072,aligned_still,linked,1,36,5.239808,0.004
131072,aligned_still,linked,1,37,5.221376,0.0045
131072,aligned_still,linked,1,38,5.240832,0.004
131072,aligned_still,linked,1,39,5.206016,0.0045
131072,aligned_still,exact_ranges,1,0,7.630848,0.0178
131072,aligned_still,exact_ranges,1,1,7.665664,0.0067
131072,aligned_still,exact_ranges,1,2,7.906304,0.0065
131072,aligned_still,exact_ranges,1,3,7.683072,0.0065
131072,aligned_still,exact_ranges,1,4,7.677952,0.0063
131072,aligned_still,exact_ranges,1,5,7.704576,0.0064
131072,aligned_still,exact_ranges,1,6,7.759872,0.0064
131072,aligned_still,exact_ranges,1,7,7.959552,0.0063
131072,aligned_still,exact_ranges,1,8,7.763968,0.0063
131072,aligned_still,exact_ranges,1,9,7.760896,0.0064
131072,aligned_still,exact_ranges,1,10,7.703552,0.0063
131072,aligned_still,exact_ranges,1,11,7.919616,0.0063
131072,aligned_still,exact_ranges,1,12,7.748608,0.0063
131072,aligned_still,exact_ranges,1,13,7.800832,0.0064
131072,aligned_still,exact_ranges,1,14,7.725056,0.0063
131072,aligned_still,exact_ranges,1,15,7.891968,0.0063
131072,aligned_still,exact_ranges,1,16,7.693312,0.0065
131072,aligned_still,exact_ranges,1,17,7.662592,0.0063
131072,aligned_still,exact_ranges,1,18,7.672832,0.0065
131072,aligned_still,exact_ranges,1,19,7.691264,0.0065
131072,aligned_still,exact_ranges,1,20,7.871488,0.0062
131072,aligned_still,exact_ranges,1,21,7.691264,0.0063
131072,aligned_still,exact_ranges,1,22,7.675904,0.0065
131072,aligned_still,exact_ranges,1,23,7.636992,0.0064
131072,aligned_still,exact_ranges,1,24,7.939072,0.0061
131072,aligned_still,exact_ranges,1,25,7.66464,0.0067
131072,aligned_still,exact_ranges,1,26,7.681024,0.0067
131072,aligned_still,exact_ranges,1,27,7.648256,0.0064
131072,aligned_still,exact_ranges,1,28,7.863296,0.0064
131072,aligned_still,exact_ranges,1,29,7.883776,0.0066
131072,aligned_still,exact_ranges,1,30,7.622656,0.0066
131072,aligned_still,exact_ranges,1,31,7.653376,0.0064
131072,aligned_still,exact_ranges,1,32,7.626752,0.0063
131072,aligned_still,exact_ranges,1,33,7.902208,0.0062
131072,aligned_still,exact_ranges,1,34,7.61344,0.0066
131072,aligned_still,exact_ranges,1,35,7.585792,0.0066
131072,aligned_still,exact_ranges,1,36,7.57248,0.0064
131072,aligned_still,exact_ranges,1,37,7.81312,0.0064
131072,aligned_still,exact_ranges,1,38,7.622656,0.0067
131072,aligned_still,exact_ranges,1,39,7.619584,0.0066
131072,aligned_still,exact_ranges,2,0,7.645184,0.0225
131072,aligned_still,exact_ranges,2,1,7.602176,0.015
131072,aligned_still,exact_ranges,2,2,7.576576,0.0071
131072,aligned_still,exact_ranges,2,3,7.755776,0.0065
131072,aligned_still,exact_ranges,2,4,7.58272,0.0064
131072,aligned_still,exact_ranges,2,5,7.550976,0.0064
131072,aligned_still,exact_ranges,2,6,7.525376,0.0064
131072,aligned_still,exact_ranges,2,7,7.574528,0.0069
131072,aligned_still,exact_ranges,2,8,7.826432,0.0131
131072,aligned_still,exact_ranges,2,9,7.74144,0.0065
131072,aligned_still,exact_ranges,2,10,8.004608,0.0065
131072,aligned_still,exact_ranges,2,11,7.849984,0.007
131072,aligned_still,exact_ranges,2,12,8.081408,0.0063
131072,aligned_still,exact_ranges,2,13,7.914496,0.0066
131072,aligned_still,exact_ranges,2,14,7.829504,0.0063
131072,aligned_still,exact_ranges,2,15,7.836672,0.0069
131072,aligned_still,exact_ranges,2,16,8.097792,0.0064
131072,aligned_still,exact_ranges,2,17,7.979008,0.0065
131072,aligned_still,exact_ranges,2,18,7.832576,0.0064
131072,aligned_still,exact_ranges,2,19,7.928832,0.0064
131072,aligned_still,exact_ranges,2,20,7.950336,0.0064
131072,aligned_still,exact_ranges,2,21,7.95136,0.0064
131072,aligned_still,exact_ranges,2,22,7.842816,0.0124
131072,aligned_still,exact_ranges,2,23,8.036352,0.0064
131072,aligned_still,exact_ranges,2,24,7.95648,0.0072
131072,aligned_still,exact_ranges,2,25,7.852032,0.011
131072,aligned_still,exact_ranges,2,26,7.947264,0.0099
131072,aligned_still,exact_ranges,2,27,8.116224,0.0064
131072,aligned_still,exact_ranges,2,28,7.837696,0.0065
131072,aligned_still,exact_ranges,2,29,8.137728,0.0066
131072,aligned_still,exact_ranges,2,30,8.029184,0.0067
131072,aligned_still,exact_ranges,2,31,8.08448,0.0064
131072,aligned_still,exact_ranges,2,32,7.917568,0.0065
131072,aligned_still,exact_ranges,2,33,7.988224,0.0065
131072,aligned_still,exact_ranges,2,34,7.984128,0.0065
131072,aligned_still,exact_ranges,2,35,7.928832,0.0065
131072,aligned_still,exact_ranges,2,36,7.785472,0.0064
131072,aligned_still,exact_ranges,2,37,8.080384,0.0067
131072,aligned_still,exact_ranges,2,38,8.018944,0.0065
131072,aligned_still,exact_ranges,2,39,8.113152,0.0064
131072,aligned_still,linked,2,0,5.325824,0.0134
131072,aligned_still,linked,2,1,5.286912,0.0046
131072,aligned_still,linked,2,2,5.2224,0.0045
131072,aligned_still,linked,2,3,5.208064,0.0042
131072,aligned_still,linked,2,4,5.197824,0.0045
131072,aligned_still,linked,2,5,5.486592,0.0043
131072,aligned_still,linked,2,6,5.310464,0.0041
131072,aligned_still,linked,2,7,5.277696,0.0074
131072,aligned_still,linked,2,8,5.267456,0.0042
131072,aligned_still,linked,2,9,5.530624,0.0048
131072,aligned_still,linked,2,10,5.676032,0.0043
131072,aligned_still,linked,2,11,5.618688,0.0041
131072,aligned_still,linked,2,12,5.302272,0.004
131072,aligned_still,linked,2,13,5.259264,0.0042
131072,aligned_still,linked,2,14,5.248,0.0048
131072,aligned_still,linked,2,15,5.233664,0.0039
131072,aligned_still,linked,2,16,5.238784,0.0044
131072,aligned_still,linked,2,17,5.781504,0.005
131072,aligned_still,linked,2,18,5.23264,0.0041
131072,aligned_still,linked,2,19,5.276672,0.0044
131072,aligned_still,linked,2,20,5.261312,0.0041
131072,aligned_still,linked,2,21,5.286912,0.0047
131072,aligned_still,linked,2,22,5.276672,0.0041
131072,aligned_still,linked,2,23,5.2992,0.0039
131072,aligned_still,linked,2,24,5.536768,0.0045
131072,aligned_still,linked,2,25,5.551104,0.0043
131072,aligned_still,linked,2,26,5.537792,0.0045
131072,aligned_still,linked,2,27,5.269504,0.0046
131072,aligned_still,linked,2,28,5.484544,0.0043
131072,aligned_still,linked,2,29,5.48864,0.0039
131072,aligned_still,linked,2,30,5.573632,0.0047
131072,aligned_still,linked,2,31,5.257216,0.0044
131072,aligned_still,linked,2,32,5.248,0.0043
131072,aligned_still,linked,2,33,5.292032,0.0047
131072,aligned_still,linked,2,34,5.221376,0.0042
131072,aligned_still,linked,2,35,5.199872,0.0044
131072,aligned_still,linked,2,36,5.521408,0.0041
131072,aligned_still,linked,2,37,5.246976,0.0047
131072,aligned_still,linked,2,38,5.275648,0.0041
131072,aligned_still,linked,2,39,5.252096,0.0042
131072,aligned_still,linked,3,0,5.295104,0.0152
131072,aligned_still,linked,3,1,5.603328,0.004
131072,aligned_still,linked,3,2,5.29408,0.0033
131072,aligned_still,linked,3,3,5.331968,0.0028
131072,aligned_still,linked,3,4,5.563392,0.0019
131072,aligned_still,linked,3,5,5.239808,0.0036
131072,aligned_still,linked,3,6,5.489664,0.0024
131072,aligned_still,linked,3,7,5.520384,0.0024
131072,aligned_still,linked,3,8,5.281792,0.0027
131072,aligned_still,linked,3,9,5.281792,0.0019
131072,aligned_still,linked,3,10,5.256192,0.0016
131072,aligned_still,linked,3,11,5.279744,0.0022
131072,aligned_still,linked,3,12,5.334016,0.0019
131072,aligned_still,linked,3,13,5.276672,0.0022
131072,aligned_still,linked,3,14,5.586944,0.0025
131072,aligned_still,linked,3,15,5.317632,0.0035
131072,aligned_still,linked,3,16,5.28384,0.0036
131072,aligned_still,linked,3,17,5.586944,0.0018
131072,aligned_still,linked,3,18,5.584896,0.0019
131072,aligned_still,linked,3,19,5.305344,0.0024
131072,aligned_still,linked,3,20,5.801984,0.0019
131072,aligned_still,linked,3,21,5.587968,0.0017
131072,aligned_still,linked,3,22,5.33504,0.0026
131072,aligned_still,linked,3,23,5.311488,0.0024
131072,aligned_still,linked,3,24,5.310464,0.0031
131072,aligned_still,linked,3,25,5.281792,0.0024
131072,aligned_still,linked,3,26,5.610496,0.0037
131072,aligned_still,linked,3,27,5.284864,0.0022
131072,aligned_still,linked,3,28,5.280768,0.0016
131072,aligned_still,linked,3,29,5.260288,0.0015
131072,aligned_still,linked,3,30,5.277696,0.0026
131072,aligned_still,linked,3,31,5.704704,0.0018
131072,aligned_still,linked,3,32,5.602304,0.0021
131072,aligned_still,linked,3,33,5.310464,0.0023
131072,aligned_still,linked,3,34,5.296128,0.0021
131072,aligned_still,linked,3,35,5.28896,0.0025
131072,aligned_still,linked,3,36,5.279744,0.0022
131072,aligned_still,linked,3,37,5.259264,0.0034
131072,aligned_still,linked,3,38,5.477376,0.0022
131072,aligned_still,linked,3,39,5.537792,0.0021
131072,aligned_still,exact_ranges,3,0,7.963648,0.0172
131072,aligned_still,exact_ranges,3,1,7.611392,0.0068
131072,aligned_still,exact_ranges,3,2,7.63392,0.0065
131072,aligned_still,exact_ranges,3,3,7.668736,0.0064
131072,aligned_still,exact_ranges,3,4,7.924736,0.0064
131072,aligned_still,exact_ranges,3,5,7.657472,0.0061
131072,aligned_still,exact_ranges,3,6,7.653376,0.0062
131072,aligned_still,exact_ranges,3,7,7.575552,0.0063
131072,aligned_still,exact_ranges,3,8,7.58272,0.0062
131072,aligned_still,exact_ranges,3,9,7.810048,0.0061
131072,aligned_still,exact_ranges,3,10,7.575552,0.0062
131072,aligned_still,exact_ranges,3,11,7.585792,0.0064
131072,aligned_still,exact_ranges,3,12,7.65952,0.0061
131072,aligned_still,exact_ranges,3,13,7.826432,0.0212
131072,aligned_still,exact_ranges,3,14,7.574528,0.0077
131072,aligned_still,exact_ranges,3,15,7.59808,0.0063
131072,aligned_still,exact_ranges,3,16,7.559168,0.0068
131072,aligned_still,exact_ranges,3,17,7.712768,0.009
131072,aligned_still,exact_ranges,3,18,7.586816,0.0099
131072,aligned_still,exact_ranges,3,19,7.662592,0.0066
131072,aligned_still,exact_ranges,3,20,7.535616,0.0066
131072,aligned_still,exact_ranges,3,21,7.569408,0.0062
131072,aligned_still,exact_ranges,3,22,7.805952,0.0063
131072,aligned_still,exact_ranges,3,23,7.70048,0.0066
131072,aligned_still,exact_ranges,3,24,7.621632,0.0062
131072,aligned_still,exact_ranges,3,25,7.626752,0.0063
131072,aligned_still,exact_ranges,3,26,7.872512,0.0063
131072,aligned_still,exact_ranges,3,27,7.617536,0.0063
131072,aligned_still,exact_ranges,3,28,7.53664,0.0065
131072,aligned_still,exact_ranges,3,29,7.768064,0.0065
131072,aligned_still,exact_ranges,3,30,7.73632,0.0064
131072,aligned_still,exact_ranges,3,31,7.56224,0.0064
131072,aligned_still,exact_ranges,3,32,7.553024,0.0063
131072,aligned_still,exact_ranges,3,33,7.522304,0.0064
131072,aligned_still,exact_ranges,3,34,7.556096,0.0069
131072,aligned_still,exact_ranges,3,35,7.727104,0.0062
131072,aligned_still,exact_ranges,3,36,7.527424,0.0062
131072,aligned_still,exact_ranges,3,37,7.513088,0.0066
131072,aligned_still,exact_ranges,3,38,7.660544,0.0067
131072,aligned_still,exact_ranges,3,39,7.7312,0.0065
131072,staggered_still,linked,1,0,5.436416,0.0068
131072,staggered_still,linked,1,1,5.409792,0.0045
131072,staggered_still,linked,1,2,5.37088,0.0043
131072,staggered_still,linked,1,3,5.66272,0.0046
131072,staggered_still,linked,1,4,5.35552,0.0042
131072,staggered_still,linked,1,5,5.367808,0.0043
131072,staggered_still,linked,1,6,5.325824,0.0042
131072,staggered_still,linked,1,7,5.321728,0.0045
131072,staggered_still,linked,1,8,5.279744,0.0046
131072,staggered_still,linked,1,9,5.328896,0.0042
131072,staggered_still,linked,1,10,5.536768,0.0043
131072,staggered_still,linked,1,11,5.362688,0.0042
131072,staggered_still,linked,1,12,5.332992,0.0041
131072,staggered_still,linked,1,13,5.2992,0.0045
131072,staggered_still,linked,1,14,5.374976,0.0041
131072,staggered_still,linked,1,15,5.317632,0.0044
131072,staggered_still,linked,1,16,5.618688,0.0042
131072,staggered_still,linked,1,17,5.348352,0.0038
131072,staggered_still,linked,1,18,5.342208,0.0046
131072,staggered_still,linked,1,19,5.383168,0.0039
131072,staggered_still,linked,1,20,5.35552,0.0041
131072,staggered_still,linked,1,21,5.286912,0.0042
131072,staggered_still,linked,1,22,5.627904,0.0043
131072,staggered_still,linked,1,23,5.57056,0.004
131072,staggered_still,linked,1,24,5.338112,0.0043
131072,staggered_still,linked,1,25,5.347328,0.0044
131072,staggered_still,linked,1,26,5.366784,0.004
131072,staggered_still,linked,1,27,5.318656,0.0039
131072,staggered_still,linked,1,28,5.617664,0.0039
131072,staggered_still,linked,1,29,5.30944,0.0047
131072,staggered_still,linked,1,30,5.37088,0.0038
131072,staggered_still,linked,1,31,5.330944,0.0047
131072,staggered_still,linked,1,32,5.561344,0.0042
131072,staggered_still,linked,1,33,5.321728,0.0045
131072,staggered_still,linked,1,34,5.516288,0.004
131072,staggered_still,linked,1,35,5.300224,0.0046
131072,staggered_still,linked,1,36,5.383168,0.0042
131072,staggered_still,linked,1,37,5.347328,0.0045
131072,staggered_still,linked,1,38,5.4016,0.005
131072,staggered_still,linked,1,39,5.379072,0.0073
131072,staggered_still,exact_ranges,1,0,7.74656,0.0168
131072,staggered_still,exact_ranges,1,1,8.008704,0.0063
131072,staggered_still,exact_ranges,1,2,7.790592,0.0069
131072,staggered_still,exact_ranges,1,3,7.734272,0.0062
131072,staggered_still,exact_ranges,1,4,7.65952,0.0063
131072,staggered_still,exact_ranges,1,5,7.652352,0.0061
131072,staggered_still,exact_ranges,1,6,7.9104,0.0062
131072,staggered_still,exact_ranges,1,7,7.665664,0.0062
131072,staggered_still,exact_ranges,1,8,7.671808,0.0062
131072,staggered_still,exact_ranges,1,9,7.67488,0.0063
131072,staggered_still,exact_ranges,1,10,7.914496,0.0061
131072,staggered_still,exact_ranges,1,11,7.66464,0.0063
131072,staggered_still,exact_ranges,1,12,7.829504,0.0065
131072,staggered_still,exact_ranges,1,13,7.7568,0.0061
131072,staggered_still,exact_ranges,1,14,7.81824,0.0068
131072,staggered_still,exact_ranges,1,15,7.656448,0.0062
131072,staggered_still,exact_ranges,1,16,7.640064,0.0064
131072,staggered_still,exact_ranges,1,17,7.68512,0.0063
131072,staggered_still,exact_ranges,1,18,7.968768,0.0066
131072,staggered_still,exact_ranges,1,19,7.711744,0.006
131072,staggered_still,exact_ranges,1,20,7.68,0.006
131072,staggered_still,exact_ranges,1,21,7.693312,0.0062
131072,staggered_still,exact_ranges,1,22,7.656448,0.006
131072,staggered_still,exact_ranges,1,23,7.903232,0.0062
131072,staggered_still,exact_ranges,1,24,7.747584,0.0063
131072,staggered_still,exact_ranges,1,25,7.735296,0.0062
131072,staggered_still,exact_ranges,1,26,7.717888,0.0064
131072,staggered_still,exact_ranges,1,27,7.947264,0.007
131072,staggered_still,exact_ranges,1,28,7.781376,0.0063
131072,staggered_still,exact_ranges,1,29,7.748608,0.0064
131072,staggered_still,exact_ranges,1,30,7.826432,0.0062
131072,staggered_still,exact_ranges,1,31,7.939072,0.0065
131072,staggered_still,exact_ranges,1,32,7.86432,0.007
131072,staggered_still,exact_ranges,1,33,7.785472,0.0062
131072,staggered_still,exact_ranges,1,34,7.81824,0.0064
131072,staggered_still,exact_ranges,1,35,7.83872,0.0064
131072,staggered_still,exact_ranges,1,36,8.108032,0.0062
131072,staggered_still,exact_ranges,1,37,7.824384,0.0063
131072,staggered_still,exact_ranges,1,38,7.914496,0.0065
131072,staggered_still,exact_ranges,1,39,7.82336,0.0063
131072,staggered_still,exact_ranges,2,0,7.752704,0.019
131072,staggered_still,exact_ranges,2,1,7.92576,0.0077
131072,staggered_still,exact_ranges,2,2,7.681024,0.0077
131072,staggered_still,exact_ranges,2,3,7.661568,0.0073
131072,staggered_still,exact_ranges,2,4,7.687168,0.0076
131072,staggered_still,exact_ranges,2,5,7.94624,0.0074
131072,staggered_still,exact_ranges,2,6,7.727104,0.0075
131072,staggered_still,exact_ranges,2,7,7.698432,0.0071
131072,staggered_still,exact_ranges,2,8,7.79776,0.0071
131072,staggered_still,exact_ranges,2,9,7.929856,0.0072
131072,staggered_still,exact_ranges,2,10,7.723008,0.0072
131072,staggered_still,exact_ranges,2,11,7.742464,0.0071
131072,staggered_still,exact_ranges,2,12,7.742464,0.0069
131072,staggered_still,exact_ranges,2,13,7.969792,0.0072
131072,staggered_still,exact_ranges,2,14,7.74656,0.0075
131072,staggered_still,exact_ranges,2,15,7.6544,0.0075
131072,staggered_still,exact_ranges,2,16,7.728128,0.0076
131072,staggered_still,exact_ranges,2,17,7.675904,0.0076
131072,staggered_still,exact_ranges,2,18,7.852032,0.0075
131072,staggered_still,exact_ranges,2,19,7.71072,0.0077
131072,staggered_still,exact_ranges,2,20,7.708672,0.0156
131072,staggered_still,exact_ranges,2,21,7.671808,0.0071
131072,staggered_still,exact_ranges,2,22,7.95136,0.0076
131072,staggered_still,exact_ranges,2,23,7.804928,0.0147
131072,staggered_still,exact_ranges,2,24,7.709696,0.0076
131072,staggered_still,exact_ranges,2,25,7.725056,0.0076
131072,staggered_still,exact_ranges,2,26,7.918592,0.0078
131072,staggered_still,exact_ranges,2,27,7.714816,0.007
131072,staggered_still,exact_ranges,2,28,7.697408,0.0073
131072,staggered_still,exact_ranges,2,29,7.701504,0.0071
131072,staggered_still,exact_ranges,2,30,7.68,0.007
131072,staggered_still,exact_ranges,2,31,7.955456,0.0074
131072,staggered_still,exact_ranges,2,32,7.667712,0.0069
131072,staggered_still,exact_ranges,2,33,7.74144,0.0074
131072,staggered_still,exact_ranges,2,34,7.706624,0.007
131072,staggered_still,exact_ranges,2,35,7.878656,0.0077
131072,staggered_still,exact_ranges,2,36,7.748608,0.0075
131072,staggered_still,exact_ranges,2,37,7.703552,0.0077
131072,staggered_still,exact_ranges,2,38,7.699456,0.0079
131072,staggered_still,exact_ranges,2,39,7.870464,0.0076
131072,staggered_still,linked,2,0,5.39136,0.0118
131072,staggered_still,linked,2,1,5.357568,0.0045
131072,staggered_still,linked,2,2,5.325824,0.0042
131072,staggered_still,linked,2,3,5.301248,0.004
131072,staggered_still,linked,2,4,5.572608,0.0047
131072,staggered_still,linked,2,5,5.303296,0.0042
131072,staggered_still,linked,2,6,5.353472,0.004
131072,staggered_still,linked,2,7,5.349376,0.0046
131072,staggered_still,linked,2,8,5.344256,0.0044
131072,staggered_still,linked,2,9,5.34528,0.0039
131072,staggered_still,linked,2,10,5.516288,0.0042
131072,staggered_still,linked,2,11,5.346304,0.0047
131072,staggered_still,linked,2,12,5.3248,0.004
131072,staggered_still,linked,2,13,5.313536,0.0044
131072,staggered_still,linked,2,14,5.348352,0.0044
131072,staggered_still,linked,2,15,5.3248,0.0041
131072,staggered_still,linked,2,16,5.346304,0.0038
131072,staggered_still,linked,2,17,5.694464,0.0045
131072,staggered_still,linked,2,18,5.338112,0.0041
131072,staggered_still,linked,2,19,5.390336,0.0044
131072,staggered_still,linked,2,20,5.384192,0.0039
131072,staggered_still,linked,2,21,5.349376,0.0045
131072,staggered_still,linked,2,22,5.363712,0.004
131072,staggered_still,linked,2,23,5.638144,0.004
131072,staggered_still,linked,2,24,5.590016,0.0042
131072,staggered_still,linked,2,25,5.405696,0.0044
131072,staggered_still,linked,2,26,5.377024,0.004
131072,staggered_still,linked,2,27,5.37088,0.0041
131072,staggered_still,linked,2,28,5.413888,0.0041
131072,staggered_still,linked,2,29,5.628928,0.0041
131072,staggered_still,linked,2,30,5.434368,0.0043
131072,staggered_still,linked,2,31,5.39136,0.0045
131072,staggered_still,linked,2,32,5.332992,0.0044
131072,staggered_still,linked,2,33,5.353472,0.0042
131072,staggered_still,linked,2,34,5.325824,0.0038
131072,staggered_still,linked,2,35,5.623808,0.0047
131072,staggered_still,linked,2,36,5.358592,0.0049
131072,staggered_still,linked,2,37,5.359616,0.0039
131072,staggered_still,linked,2,38,5.429248,0.0047
131072,staggered_still,linked,2,39,5.4016,0.004
131072,staggered_still,linked,3,0,5.423104,0.0176
131072,staggered_still,linked,3,1,5.344256,0.0046
131072,staggered_still,linked,3,2,5.347328,0.0047
131072,staggered_still,linked,3,3,5.36576,0.0039
131072,staggered_still,linked,3,4,5.320704,0.0048
131072,staggered_still,linked,3,5,5.30944,0.0042
131072,staggered_still,linked,3,6,5.57568,0.004
131072,staggered_still,linked,3,7,5.310464,0.0044
131072,staggered_still,linked,3,8,5.362688,0.0141
131072,staggered_still,linked,3,9,5.364736,0.0043
131072,staggered_still,linked,3,10,5.331968,0.0044
131072,staggered_still,linked,3,11,5.312512,0.0041
131072,staggered_still,linked,3,12,5.648384,0.0042
131072,staggered_still,linked,3,13,5.295104,0.0041
131072,staggered_still,linked,3,14,5.368832,0.004
131072,staggered_still,linked,3,15,5.39136,0.0043
131072,staggered_still,linked,3,16,5.323776,0.0039
131072,staggered_still,linked,3,17,5.336064,0.0046
131072,staggered_still,linked,3,18,5.630976,0.0043
131072,staggered_still,linked,3,19,5.359616,0.004
131072,staggered_still,linked,3,20,5.356544,0.0046
131072,staggered_still,linked,3,21,5.36064,0.0039
131072,staggered_still,linked,3,22,5.390336,0.0044
131072,staggered_still,linked,3,23,5.359616,0.0042
131072,staggered_still,linked,3,24,5.5808,0.0051
131072,staggered_still,linked,3,25,5.338112,0.0051
131072,staggered_still,linked,3,26,5.371904,0.0039
131072,staggered_still,linked,3,27,5.3504,0.0042
131072,staggered_still,linked,3,28,5.348352,0.0043
131072,staggered_still,linked,3,29,5.364736,0.0044
131072,staggered_still,linked,3,30,5.322752,0.0039
131072,staggered_still,linked,3,31,5.848064,0.0049
131072,staggered_still,linked,3,32,5.281792,0.0041
131072,staggered_still,linked,3,33,5.390336,0.0047
131072,staggered_still,linked,3,34,5.344256,0.0059
131072,staggered_still,linked,3,35,5.311488,0.0041
131072,staggered_still,linked,3,36,5.326848,0.004
131072,staggered_still,linked,3,37,5.581824,0.0038
131072,staggered_still,linked,3,38,5.316608,0.0043
131072,staggered_still,linked,3,39,5.332992,0.0042
131072,staggered_still,exact_ranges,3,0,8.209408,0.0154
131072,staggered_still,exact_ranges,3,1,8.12032,0.0105
131072,staggered_still,exact_ranges,3,2,8.205312,0.0065
131072,staggered_still,exact_ranges,3,3,8.064,0.0063
131072,staggered_still,exact_ranges,3,4,8.124416,0.0067
131072,staggered_still,exact_ranges,3,5,8.06912,0.0065
131072,staggered_still,exact_ranges,3,6,8.205312,0.0064
131072,staggered_still,exact_ranges,3,7,8.059904,0.0078
131072,staggered_still,exact_ranges,3,8,7.92576,0.0067
131072,staggered_still,exact_ranges,3,9,7.886848,0.0063
131072,staggered_still,exact_ranges,3,10,7.952384,0.0063
131072,staggered_still,exact_ranges,3,11,8.281088,0.0063
131072,staggered_still,exact_ranges,3,12,7.855104,0.0066
131072,staggered_still,exact_ranges,3,13,8.080384,0.0066
131072,staggered_still,exact_ranges,3,14,8.15616,0.0066
131072,staggered_still,exact_ranges,3,15,8.07424,0.0068
131072,staggered_still,exact_ranges,3,16,8.001536,0.0066
131072,staggered_still,exact_ranges,3,17,7.894016,0.0064
131072,staggered_still,exact_ranges,3,18,8.001536,0.0064
131072,staggered_still,exact_ranges,3,19,8.060928,0.0064
131072,staggered_still,exact_ranges,3,20,7.973888,0.0071
131072,staggered_still,exact_ranges,3,21,7.849984,0.0067
131072,staggered_still,exact_ranges,3,22,8.052736,0.0064
131072,staggered_still,exact_ranges,3,23,8.138752,0.0063
131072,staggered_still,exact_ranges,3,24,8.030208,0.0064
131072,staggered_still,exact_ranges,3,25,7.7568,0.0064
131072,staggered_still,exact_ranges,3,26,8.076288,0.0066
131072,staggered_still,exact_ranges,3,27,8.102912,0.0069
131072,staggered_still,exact_ranges,3,28,8.014848,0.0068
131072,staggered_still,exact_ranges,3,29,7.911424,0.0065
131072,staggered_still,exact_ranges,3,30,7.914496,0.0063
131072,staggered_still,exact_ranges,3,31,8.147968,0.0064
131072,staggered_still,exact_ranges,3,32,7.899136,0.0063
131072,staggered_still,exact_ranges,3,33,7.86432,0.0068
131072,staggered_still,exact_ranges,3,34,7.979008,0.0063
131072,staggered_still,exact_ranges,3,35,8.114176,0.0066
131072,staggered_still,exact_ranges,3,36,7.665664,0.0063
131072,staggered_still,exact_ranges,3,37,7.724032,0.0065
131072,staggered_still,exact_ranges,3,38,7.716864,0.0066
131072,staggered_still,exact_ranges,3,39,7.9872,0.0069
131072,staggered_driven,linked,1,0,5.528576,0.0081
131072,staggered_driven,linked,1,1,5.6832,0.0051
131072,staggered_driven,linked,1,2,5.78048,0.0046
131072,staggered_driven,linked,1,3,5.449728,0.0045
131072,staggered_driven,linked,1,4,5.423104,0.0098
131072,staggered_driven,linked,1,5,5.435392,0.005
131072,staggered_driven,linked,1,6,5.453824,0.0047
131072,staggered_driven,linked,1,7,5.462016,0.0047
131072,staggered_driven,linked,1,8,5.751808,0.0045
131072,staggered_driven,linked,1,9,5.486592,0.0045
131072,staggered_driven,linked,1,10,5.705728,0.0046
131072,staggered_driven,linked,1,11,5.523456,0.0047
131072,staggered_driven,linked,1,12,5.718016,0.0043
131072,staggered_driven,linked,1,13,5.475328,0.0046
131072,staggered_driven,linked,1,14,5.794816,0.0045
131072,staggered_driven,linked,1,15,5.49888,0.0062
131072,staggered_driven,linked,1,16,5.49888,0.0043
131072,staggered_driven,linked,1,17,5.517312,0.0041
131072,staggered_driven,linked,1,18,5.5296,0.0046
131072,staggered_driven,linked,1,19,5.540864,0.0046
131072,staggered_driven,linked,1,20,5.784576,0.0044
131072,staggered_driven,linked,1,21,5.699584,0.0046
131072,staggered_driven,linked,1,22,5.508096,0.005
131072,staggered_driven,linked,1,23,5.508096,0.0043
131072,staggered_driven,linked,1,24,5.494784,0.0048
131072,staggered_driven,linked,1,25,5.52448,0.0041
131072,staggered_driven,linked,1,26,5.715968,0.0041
131072,staggered_driven,linked,1,27,5.486592,0.0048
131072,staggered_driven,linked,1,28,5.484544,0.0043
131072,staggered_driven,linked,1,29,5.448704,0.0047
131072,staggered_driven,linked,1,30,5.511168,0.0042
131072,staggered_driven,linked,1,31,5.518336,0.0045
131072,staggered_driven,linked,1,32,5.741568,0.0046
131072,staggered_driven,linked,1,33,5.578752,0.0045
131072,staggered_driven,linked,1,34,5.528576,0.0048
131072,staggered_driven,linked,1,35,5.459968,0.0045
131072,staggered_driven,linked,1,36,5.521408,0.005
131072,staggered_driven,linked,1,37,5.485568,0.0046
131072,staggered_driven,linked,1,38,5.747712,0.0042
131072,staggered_driven,linked,1,39,5.49376,0.0042
131072,staggered_driven,exact_ranges,1,0,8.096768,0.0087
131072,staggered_driven,exact_ranges,1,1,7.857152,0.0069
131072,staggered_driven,exact_ranges,1,2,8.165376,0.0068
131072,staggered_driven,exact_ranges,1,3,7.849984,0.0063
131072,staggered_driven,exact_ranges,1,4,7.753728,0.0074
131072,staggered_driven,exact_ranges,1,5,7.80288,0.0067
131072,staggered_driven,exact_ranges,1,6,8.003584,0.0066
131072,staggered_driven,exact_ranges,1,7,7.712768,0.0064
131072,staggered_driven,exact_ranges,1,8,7.783424,0.0067
131072,staggered_driven,exact_ranges,1,9,7.755776,0.0067
131072,staggered_driven,exact_ranges,1,10,8.016896,0.0069
131072,staggered_driven,exact_ranges,1,11,7.832576,0.0066
131072,staggered_driven,exact_ranges,1,12,7.877632,0.0065
131072,staggered_driven,exact_ranges,1,13,7.788544,0.0069
131072,staggered_driven,exact_ranges,1,14,8.026112,0.0066
131072,staggered_driven,exact_ranges,1,15,7.822336,0.0064
131072,staggered_driven,exact_ranges,1,16,7.814144,0.0068
131072,staggered_driven,exact_ranges,1,17,7.798784,0.0067
131072,staggered_driven,exact_ranges,1,18,7.863296,0.0067
131072,staggered_driven,exact_ranges,1,19,8.085504,0.0068
131072,staggered_driven,exact_ranges,1,20,7.858176,0.0066
131072,staggered_driven,exact_ranges,1,21,7.791616,0.0065
131072,staggered_driven,exact_ranges,1,22,7.911424,0.0066
131072,staggered_driven,exact_ranges,1,23,7.99232,0.0066
131072,staggered_driven,exact_ranges,1,24,7.8592,0.0078
131072,staggered_driven,exact_ranges,1,25,7.877632,0.0066
131072,staggered_driven,exact_ranges,1,26,7.83872,0.0067
131072,staggered_driven,exact_ranges,1,27,8.046592,0.0066
131072,staggered_driven,exact_ranges,1,28,7.873536,0.0065
131072,staggered_driven,exact_ranges,1,29,7.906304,0.0066
131072,staggered_driven,exact_ranges,1,30,7.845888,0.0065
131072,staggered_driven,exact_ranges,1,31,8.05888,0.0065
131072,staggered_driven,exact_ranges,1,32,7.880704,0.007
131072,staggered_driven,exact_ranges,1,33,7.780352,0.0065
131072,staggered_driven,exact_ranges,1,34,7.86432,0.0066
131072,staggered_driven,exact_ranges,1,35,7.86944,0.0066
131072,staggered_driven,exact_ranges,1,36,8.055808,0.0066
131072,staggered_driven,exact_ranges,1,37,7.842816,0.0066
131072,staggered_driven,exact_ranges,1,38,7.857152,0.011
131072,staggered_driven,exact_ranges,1,39,7.858176,0.0074
131072,staggered_driven,exact_ranges,2,0,8.154112,0.0149
131072,staggered_driven,exact_ranges,2,1,7.84896,0.007
131072,staggered_driven,exact_ranges,2,2,7.80288,0.0064
131072,staggered_driven,exact_ranges,2,3,7.820288,0.007
131072,staggered_driven,exact_ranges,2,4,8.029184,0.0065
131072,staggered_driven,exact_ranges,2,5,7.894016,0.0065
131072,staggered_driven,exact_ranges,2,6,7.83872,0.0067
131072,staggered_driven,exact_ranges,2,7,7.822336,0.0066
131072,staggered_driven,exact_ranges,2,8,7.989248,0.0065
131072,staggered_driven,exact_ranges,2,9,7.827456,0.0065
131072,staggered_driven,exact_ranges,2,10,7.873536,0.0064
131072,staggered_driven,exact_ranges,2,11,7.8336,0.0071
131072,staggered_driven,exact_ranges,2,12,7.764992,0.0066
131072,staggered_driven,exact_ranges,2,13,8.116224,0.007
131072,staggered_driven,exact_ranges,2,14,7.826432,0.0066
131072,staggered_driven,exact_ranges,2,15,7.846912,0.0067
131072,staggered_driven,exact_ranges,2,16,7.825408,0.0068
131072,staggered_driven,exact_ranges,2,17,8.07424,0.0066
131072,staggered_driven,exact_ranges,2,18,7.728128,0.0068
131072,staggered_driven,exact_ranges,2,19,7.826432,0.0066
131072,staggered_driven,exact_ranges,2,20,7.863296,0.0065
131072,staggered_driven,exact_ranges,2,21,7.947264,0.0065
131072,staggered_driven,exact_ranges,2,22,7.821312,0.0066
131072,staggered_driven,exact_ranges,2,23,7.870464,0.0066
131072,staggered_driven,exact_ranges,2,24,7.857152,0.0067
131072,staggered_driven,exact_ranges,2,25,8.29952,0.0066
131072,staggered_driven,exact_ranges,2,26,7.812096,0.0067
131072,staggered_driven,exact_ranges,2,27,7.79264,0.0066
131072,staggered_driven,exact_ranges,2,28,7.821312,0.0067
131072,staggered_driven,exact_ranges,2,29,7.795712,0.0068
131072,staggered_driven,exact_ranges,2,30,8.02304,0.0064
131072,staggered_driven,exact_ranges,2,31,7.753728,0.0066
131072,staggered_driven,exact_ranges,2,32,7.855104,0.0067
131072,staggered_driven,exact_ranges,2,33,8.032256,0.0261
131072,staggered_driven,exact_ranges,2,34,8.087552,0.0069
131072,staggered_driven,exact_ranges,2,35,7.825408,0.007
131072,staggered_driven,exact_ranges,2,36,7.793664,0.0068
131072,staggered_driven,exact_ranges,2,37,7.812096,0.0067
131072,staggered_driven,exact_ranges,2,38,8.264704,0.0066
131072,staggered_driven,exact_ranges,2,39,7.853056,0.0071
131072,staggered_driven,linked,2,0,5.520384,0.042
131072,staggered_driven,linked,2,1,5.71392,0.0052
131072,staggered_driven,linked,2,2,5.41184,0.0047
131072,staggered_driven,linked,2,3,5.403648,0.0047
131072,staggered_driven,linked,2,4,5.384192,0.005
131072,staggered_driven,linked,2,5,5.444608,0.0047
131072,staggered_driven,linked,2,6,5.430272,0.0047
131072,staggered_driven,linked,2,7,5.6576,0.0047
131072,staggered_driven,linked,2,8,5.496832,0.0048
131072,staggered_driven,linked,2,9,5.458944,0.0048
131072,staggered_driven,linked,2,10,5.462016,0.0049
131072,staggered_driven,linked,2,11,5.481472,0.005
131072,staggered_driven,linked,2,12,5.456896,0.005
131072,staggered_driven,linked,2,13,5.733376,0.0051
131072,staggered_driven,linked,2,14,5.490688,0.0182
131072,staggered_driven,linked,2,15,5.474304,0.0048
131072,staggered_driven,linked,2,16,5.469184,0.0045
131072,staggered_driven,linked,2,17,5.475328,0.0053
131072,staggered_driven,linked,2,18,5.496832,0.005
131072,staggered_driven,linked,2,19,5.776384,0.0047
131072,staggered_driven,linked,2,20,5.495808,0.0046
131072,staggered_driven,linked,2,21,5.494784,0.0047
131072,staggered_driven,linked,2,22,5.511168,0.0049
131072,staggered_driven,linked,2,23,5.491712,0.005
131072,staggered_driven,linked,2,24,5.515264,0.0055
131072,staggered_driven,linked,2,25,5.762048,0.0051
131072,staggered_driven,linked,2,26,5.451776,0.0049
131072,staggered_driven,linked,2,27,5.527552,0.0051
131072,staggered_driven,linked,2,28,5.462016,0.005
131072,staggered_driven,linked,2,29,5.454848,0.0051
131072,staggered_driven,linked,2,30,5.504,0.0046
131072,staggered_driven,linked,2,31,5.741568,0.0051
131072,staggered_driven,linked,2,32,5.676032,0.0051
131072,staggered_driven,linked,2,33,5.490688,0.0051
131072,staggered_driven,linked,2,34,5.485568,0.0049
131072,staggered_driven,linked,2,35,5.659648,0.0053
131072,staggered_driven,linked,2,36,5.476352,0.0045
131072,staggered_driven,linked,2,37,5.763072,0.005
131072,staggered_driven,linked,2,38,5.49888,0.0049
131072,staggered_driven,linked,2,39,5.479424,0.005
131072,staggered_driven,linked,3,0,5.868544,0.016
131072,staggered_driven,linked,3,1,5.510144,0.0048
131072,staggered_driven,linked,3,2,5.528576,0.0045
131072,staggered_driven,linked,3,3,5.533696,0.0046
131072,staggered_driven,linked,3,4,5.518336,0.0043
131072,staggered_driven,linked,3,5,5.564416,0.0068
131072,staggered_driven,linked,3,6,5.740544,0.0049
131072,staggered_driven,linked,3,7,5.45792,0.0047
131072,staggered_driven,linked,3,8,5.49376,0.0056
131072,staggered_driven,linked,3,9,5.496832,0.0048
131072,staggered_driven,linked,3,10,5.460992,0.0048
131072,staggered_driven,linked,3,11,5.464064,0.0047
131072,staggered_driven,linked,3,12,5.73952,0.0046
131072,staggered_driven,linked,3,13,5.540864,0.0045
131072,staggered_driven,linked,3,14,5.513216,0.0045
131072,staggered_driven,linked,3,15,5.55008,0.0045
131072,staggered_driven,linked,3,16,5.553152,0.0047
131072,staggered_driven,linked,3,17,5.579776,0.0047
131072,staggered_driven,linked,3,18,5.8368,0.0057
131072,staggered_driven,linked,3,19,5.582848,0.0046
131072,staggered_driven,linked,3,20,5.547008,0.0042
131072,staggered_driven,linked,3,21,5.579776,0.0049
131072,staggered_driven,linked,3,22,5.595136,0.0045
131072,staggered_driven,linked,3,23,5.512192,0.0043
131072,staggered_driven,linked,3,24,5.82144,0.0042
131072,staggered_driven,linked,3,25,5.502976,0.0049
131072,staggered_driven,linked,3,26,5.466112,0.0044
131072,staggered_driven,linked,3,27,5.535744,0.0047
131072,staggered_driven,linked,3,28,5.482496,0.0051
131072,staggered_driven,linked,3,29,5.46304,0.0042
131072,staggered_driven,linked,3,30,5.755904,0.0054
131072,staggered_driven,linked,3,31,5.500928,0.0044
131072,staggered_driven,linked,3,32,5.471232,0.009
131072,staggered_driven,linked,3,33,5.484544,0.0041
131072,staggered_driven,linked,3,34,5.44768,0.0058
131072,staggered_driven,linked,3,35,5.41184,0.0044
131072,staggered_driven,linked,3,36,5.65248,0.0044
131072,staggered_driven,linked,3,37,5.444608,0.0052
131072,staggered_driven,linked,3,38,5.528576,0.0043
131072,staggered_driven,linked,3,39,5.774336,0.0042
131072,staggered_driven,exact_ranges,3,0,8.022016,0.0199
131072,staggered_driven,exact_ranges,3,1,7.937024,0.007
131072,staggered_driven,exact_ranges,3,2,8.12544,0.0073
131072,staggered_driven,exact_ranges,3,3,7.791616,0.007
131072,staggered_driven,exact_ranges,3,4,7.755776,0.0068
131072,staggered_driven,exact_ranges,3,5,7.835648,0.0068
131072,staggered_driven,exact_ranges,3,6,8.257536,0.0068
131072,staggered_driven,exact_ranges,3,7,7.9104,0.0072
131072,staggered_driven,exact_ranges,3,8,7.897088,0.0067
131072,staggered_driven,exact_ranges,3,9,7.842816,0.007
131072,staggered_driven,exact_ranges,3,10,8.050688,0.0067
131072,staggered_driven,exact_ranges,3,11,7.923712,0.0069
131072,staggered_driven,exact_ranges,3,12,7.902208,0.0071
131072,staggered_driven,exact_ranges,3,13,7.847936,0.0071
131072,staggered_driven,exact_ranges,3,14,8.075264,0.0069
131072,staggered_driven,exact_ranges,3,15,7.868416,0.0074
131072,staggered_driven,exact_ranges,3,16,8.193024,0.0075
131072,staggered_driven,exact_ranges,3,17,7.913472,0.0067
131072,staggered_driven,exact_ranges,3,18,7.986176,0.0067
131072,staggered_driven,exact_ranges,3,19,8.008704,0.0068
131072,staggered_driven,exact_ranges,3,20,7.887872,0.007
131072,staggered_driven,exact_ranges,3,21,7.92576,0.0071
131072,staggered_driven,exact_ranges,3,22,7.94624,0.0068
131072,staggered_driven,exact_ranges,3,23,8.112128,0.0066
131072,staggered_driven,exact_ranges,3,24,7.926784,0.0069
131072,staggered_driven,exact_ranges,3,25,7.835648,0.0068
131072,staggered_driven,exact_ranges,3,26,7.811072,0.0071
131072,staggered_driven,exact_ranges,3,27,8.005632,0.0068
131072,staggered_driven,exact_ranges,3,28,7.831552,0.0074
131072,staggered_driven,exact_ranges,3,29,7.763968,0.0069
131072,staggered_driven,exact_ranges,3,30,7.81824,0.0067
131072,staggered_driven,exact_ranges,3,31,8.035328,0.0068
131072,staggered_driven,exact_ranges,3,32,7.827456,0.0074
131072,staggered_driven,exact_ranges,3,33,7.763968,0.007
131072,staggered_driven,exact_ranges,3,34,7.835648,0.0069
131072,staggered_driven,exact_ranges,3,35,8.052736,0.0068
131072,staggered_driven,exact_ranges,3,36,7.8336,0.0083
131072,staggered_driven,exact_ranges,3,37,7.847936,0.0065
131072,staggered_driven,exact_ranges,3,38,7.887872,0.0076
131072,staggered_driven,exact_ranges,3,39,8.15616,0.0072
