packages,changed,repeat,sample,accept_ms,downstream_ms,total_ms,allocated_bytes,wire_bytes,batches
10000,0,1,0,1.0E-4,0.0,1.0E-4,0,0,0
10000,0,1,1,1.0E-4,8.0E-4,9.000000000000001E-4,0,0,0
10000,0,1,2,0.0,0.0,0.0,0,0,0
10000,0,1,3,0.0,0.0,0.0,0,0,0
10000,0,1,4,0.0,0.0,0.0,0,0,0
10000,0,1,5,0.0,1.0E-4,1.0E-4,0,0,0
10000,0,1,6,0.0,1.0E-4,1.0E-4,0,0,0
10000,0,1,7,0.0,0.0,0.0,0,0,0
10000,0,1,8,1.0E-4,0.0,1.0E-4,0,0,0
10000,0,1,9,0.0,0.0,0.0,0,0,0
10000,0,1,10,0.0,0.0,0.0,0,0,0
10000,0,1,11,1.0E-4,0.0,1.0E-4,0,0,0
10000,0,1,12,1.0E-4,0.0,1.0E-4,0,0,0
10000,0,1,13,0.0,1.0E-4,1.0E-4,0,0,0
10000,0,1,14,0.0,1.0E-4,1.0E-4,0,0,0
10000,0,1,15,1.0E-4,0.0,1.0E-4,0,0,0
10000,0,1,16,0.0,1.0E-4,1.0E-4,0,0,0
10000,0,1,17,0.0,1.0E-4,1.0E-4,0,0,0
10000,0,1,18,0.0,1.0E-4,1.0E-4,0,0,0
10000,0,1,19,0.0,0.0,0.0,0,0,0
10000,0,1,20,0.0,0.0,0.0,0,0,0
10000,0,1,21,0.0,0.0,0.0,0,0,0
10000,0,1,22,0.0,1.0E-4,1.0E-4,0,0,0
10000,0,1,23,1.0E-4,0.0,1.0E-4,0,0,0
10000,0,1,24,0.0,1.0E-4,1.0E-4,0,0,0
10000,0,1,25,0.0,0.0,0.0,0,0,0
10000,0,1,26,0.0,1.0E-4,1.0E-4,0,0,0
10000,0,1,27,0.0,0.0,0.0,0,0,0
10000,0,1,28,0.0,0.0,0.0,0,0,0
10000,0,1,29,0.0,1.0E-4,1.0E-4,0,0,0
10000,0,1,30,0.0,0.0,0.0,0,0,0
10000,0,1,31,0.0,0.0,0.0,0,0,0
10000,0,1,32,0.0,0.0,0.0,0,0,0
10000,0,1,33,1.0E-4,0.0,1.0E-4,0,0,0
10000,0,1,34,0.0,0.0,0.0,0,0,0
10000,0,1,35,1.0E-4,0.0,1.0E-4,0,0,0
10000,0,1,36,0.0,0.0,0.0,0,0,0
10000,0,1,37,1.0E-4,0.0,1.0E-4,0,0,0
10000,0,1,38,0.0,1.0E-4,1.0E-4,0,0,0
10000,0,1,39,0.0,0.0,0.0,0,0,0
10000,0,1,40,0.0,1.0E-4,1.0E-4,0,0,0
10000,0,1,41,0.0,0.0,0.0,0,0,0
10000,0,1,42,0.0,1.0E-4,1.0E-4,0,0,0
10000,0,1,43,0.0,1.0E-4,1.0E-4,0,0,0
10000,0,1,44,0.0,0.0,0.0,0,0,0
10000,0,1,45,1.0E-4,0.0,1.0E-4,0,0,0
10000,0,1,46,1.0E-4,0.0,1.0E-4,0,0,0
10000,0,1,47,0.0,0.0,0.0,0,0,0
10000,0,1,48,0.0,0.0,0.0,0,0,0
10000,0,1,49,1.0E-4,0.0,1.0E-4,0,0,0
10000,0,1,50,0.0,0.0,0.0,0,0,0
10000,0,1,51,0.0,0.0,0.0,0,0,0
10000,0,1,52,0.0,0.0,0.0,0,0,0
10000,0,1,53,0.0,1.0E-4,1.0E-4,0,0,0
10000,0,1,54,1.0E-4,0.0,1.0E-4,0,0,0
10000,0,1,55,0.0,0.0,0.0,0,0,0
10000,0,1,56,1.0E-4,0.0,1.0E-4,0,0,0
10000,0,1,57,1.0E-4,0.0,1.0E-4,0,0,0
10000,0,1,58,0.0,1.0E-4,1.0E-4,0,0,0
10000,0,1,59,0.0,1.0E-4,1.0E-4,0,0,0
10000,0,1,60,0.0,0.0,0.0,0,0,0
10000,0,1,61,0.0,0.0,0.0,0,0,0
10000,0,1,62,0.0,1.0E-4,1.0E-4,0,0,0
10000,0,1,63,1.0E-4,0.0,1.0E-4,0,0,0
10000,0,1,64,0.0,1.0E-4,1.0E-4,0,0,0
10000,0,1,65,0.0,1.0E-4,1.0E-4,0,0,0
10000,0,1,66,0.0,1.0E-4,1.0E-4,0,0,0
10000,0,1,67,0.0,0.0,0.0,0,0,0
10000,0,1,68,0.0,0.0,0.0,0,0,0
10000,0,1,69,0.0,0.0,0.0,0,0,0
10000,0,1,70,0.0,1.0E-4,1.0E-4,0,0,0
10000,0,1,71,1.0E-4,0.0,1.0E-4,0,0,0
10000,0,1,72,0.0,0.0,0.0,0,0,0
10000,0,1,73,0.0,0.0,0.0,0,0,0
10000,0,1,74,0.0,1.0E-4,1.0E-4,0,0,0
10000,0,1,75,0.0,1.0E-4,1.0E-4,0,0,0
10000,0,1,76,0.0,1.0E-4,1.0E-4,0,0,0
10000,0,1,77,1.0E-4,0.0,1.0E-4,0,0,0
10000,0,1,78,0.0,0.0,0.0,0,0,0
10000,0,1,79,0.0,1.0E-4,1.0E-4,0,0,0
10000,0,1,80,0.0,1.0E-4,1.0E-4,0,0,0
10000,0,1,81,0.0,0.0,0.0,0,0,0
10000,0,1,82,0.0,0.0,0.0,0,0,0
10000,0,1,83,0.0,0.0,0.0,0,0,0
10000,0,1,84,0.0,0.0,0.0,0,0,0
10000,0,1,85,0.0,0.0,0.0,0,0,0
10000,0,1,86,1.0E-4,0.0,1.0E-4,0,0,0
10000,0,1,87,1.0E-4,0.0,1.0E-4,0,0,0
10000,0,1,88,0.0,0.0,0.0,0,0,0
10000,0,1,89,0.0,0.0,0.0,0,0,0
10000,0,1,90,0.0,0.0,0.0,0,0,0
10000,0,1,91,1.0E-4,0.0,1.0E-4,0,0,0
10000,0,1,92,0.0,0.0,0.0,0,0,0
10000,0,1,93,0.0,0.0,0.0,0,0,0
10000,0,1,94,0.0,1.0E-4,1.0E-4,0,0,0
10000,0,1,95,0.0,0.0,0.0,0,0,0
10000,0,1,96,0.0,0.0,0.0,0,0,0
10000,0,1,97,0.0,0.0,0.0,0,0,0
10000,0,1,98,0.0,0.0,0.0,0,0,0
10000,0,1,99,0.0,0.0,0.0,0,0,0
10000,0,1,100,0.0,0.0,0.0,0,0,0
10000,0,1,101,1.0E-4,0.0,1.0E-4,0,0,0
10000,0,1,102,0.0,1.0E-4,1.0E-4,0,0,0
10000,0,1,103,0.0,1.0E-4,1.0E-4,0,0,0
10000,0,1,104,0.0,1.0E-4,1.0E-4,0,0,0
10000,0,1,105,0.0,0.0,0.0,0,0,0
10000,0,1,106,0.0,0.0,0.0,0,0,0
10000,0,1,107,0.0,0.0,0.0,0,0,0
10000,0,1,108,0.0,1.0E-4,1.0E-4,0,0,0
10000,0,1,109,1.0E-4,0.0,1.0E-4,0,0,0
10000,0,1,110,1.0E-4,0.0,1.0E-4,0,0,0
10000,0,1,111,0.0,0.0,0.0,0,0,0
10000,0,1,112,0.0,1.0E-4,1.0E-4,0,0,0
10000,0,1,113,0.0,0.0,0.0,0,0,0
10000,0,1,114,1.0E-4,0.0,1.0E-4,0,0,0
10000,0,1,115,1.0E-4,0.0,1.0E-4,0,0,0
10000,0,1,116,0.0,1.0E-4,1.0E-4,0,0,0
10000,0,1,117,0.0,0.0,0.0,0,0,0
10000,0,1,118,0.0,0.0,0.0,0,0,0
10000,0,1,119,0.0,1.0E-4,1.0E-4,0,0,0
10000,0,1,120,0.0,0.0,0.0,0,0,0
10000,0,1,121,0.0,0.0,0.0,0,0,0
10000,0,1,122,1.0E-4,0.0,1.0E-4,0,0,0
10000,0,1,123,0.0,0.0,0.0,0,0,0
10000,0,1,124,0.0,1.0E-4,1.0E-4,0,0,0
10000,0,1,125,1.0E-4,0.0,1.0E-4,0,0,0
10000,0,1,126,1.0E-4,1.0E-4,2.0E-4,0,0,0
10000,0,1,127,0.0,1.0E-4,1.0E-4,0,0,0
10000,0,1,128,0.0,0.0,0.0,0,0,0
10000,0,1,129,0.0,0.0,0.0,0,0,0
10000,0,1,130,1.0E-4,0.0,1.0E-4,0,0,0
10000,0,1,131,0.0,1.0E-4,1.0E-4,0,0,0
10000,0,1,132,1.0E-4,0.0,1.0E-4,0,0,0
10000,0,1,133,0.0,0.0,0.0,0,0,0
10000,0,1,134,0.0,0.0,0.0,0,0,0
10000,0,1,135,0.0,0.0,0.0,0,0,0
10000,0,1,136,0.0,1.0E-4,1.0E-4,0,0,0
10000,0,1,137,0.0,1.0E-4,1.0E-4,0,0,0
10000,0,1,138,0.0,1.0E-4,1.0E-4,0,0,0
10000,0,1,139,0.0,0.0,0.0,0,0,0
10000,0,1,140,0.0,0.0,0.0,0,0,0
10000,0,1,141,0.0,0.0,0.0,0,0,0
10000,0,1,142,0.0,0.0,0.0,0,0,0
10000,0,1,143,0.0,0.0,0.0,0,0,0
10000,0,1,144,0.0,0.0,0.0,0,0,0
10000,0,1,145,1.0E-4,0.0,1.0E-4,0,0,0
10000,0,1,146,0.0,1.0E-4,1.0E-4,0,0,0
10000,0,1,147,1.0E-4,0.0,1.0E-4,0,0,0
10000,0,1,148,1.0E-4,0.0,1.0E-4,0,0,0
10000,0,1,149,0.0,0.0,0.0,0,0,0
10000,0,1,150,1.0E-4,0.0,1.0E-4,0,0,0
10000,0,1,151,1.0E-4,0.0,1.0E-4,0,0,0
10000,0,1,152,1.0E-4,0.0,1.0E-4,0,0,0
10000,0,1,153,1.0E-4,0.0,1.0E-4,0,0,0
10000,0,1,154,1.0E-4,0.0,1.0E-4,0,0,0
10000,0,1,155,0.0,1.0E-4,1.0E-4,0,0,0
10000,0,1,156,0.0,0.0,0.0,0,0,0
10000,0,1,157,0.0,0.0,0.0,0,0,0
10000,0,1,158,0.0,0.0,0.0,0,0,0
10000,0,1,159,1.0E-4,0.0,1.0E-4,0,0,0
10000,0,1,160,0.0,1.0E-4,1.0E-4,0,0,0
10000,0,1,161,0.0,0.0,0.0,0,0,0
10000,0,1,162,0.0,1.0E-4,1.0E-4,0,0,0
10000,0,1,163,1.0E-4,0.0,1.0E-4,0,0,0
10000,0,1,164,0.0,1.0E-4,1.0E-4,0,0,0
10000,0,1,165,0.0,0.0,0.0,0,0,0
10000,0,1,166,1.0E-4,0.0,1.0E-4,0,0,0
10000,0,1,167,0.0,0.0,0.0,0,0,0
10000,0,1,168,0.0,0.0,0.0,0,0,0
10000,0,1,169,1.0E-4,0.0,1.0E-4,0,0,0
10000,0,1,170,0.0,0.0,0.0,0,0,0
10000,0,1,171,0.0,1.0E-4,1.0E-4,0,0,0
10000,0,1,172,0.0,0.0,0.0,0,0,0
10000,0,1,173,0.0,0.0,0.0,0,0,0
10000,0,1,174,0.0,0.0,0.0,0,0,0
10000,0,1,175,0.0,1.0E-4,1.0E-4,0,0,0
10000,0,1,176,0.0,0.0,0.0,0,0,0
10000,0,1,177,0.0,1.0E-4,1.0E-4,0,0,0
10000,0,1,178,0.0,0.0,0.0,0,0,0
10000,0,1,179,0.0,0.0,0.0,0,0,0
10000,0,1,180,0.0,0.0,0.0,0,0,0
10000,0,1,181,0.0,1.0E-4,1.0E-4,0,0,0
10000,0,1,182,0.0,0.0,0.0,0,0,0
10000,0,1,183,0.0,0.0,0.0,0,0,0
10000,0,1,184,0.0,0.0,0.0,0,0,0
10000,0,1,185,1.0E-4,0.0,1.0E-4,0,0,0
10000,0,1,186,1.0E-4,0.0,1.0E-4,0,0,0
10000,0,1,187,1.0E-4,0.0,1.0E-4,0,0,0
10000,0,1,188,0.0,0.0,0.0,0,0,0
10000,0,1,189,0.0,1.0E-4,1.0E-4,0,0,0
10000,0,1,190,0.0,1.0E-4,1.0E-4,0,0,0
10000,0,1,191,1.0E-4,0.0,1.0E-4,0,0,0
10000,0,1,192,0.0,0.0,0.0,0,0,0
10000,0,1,193,0.0,0.0,0.0,0,0,0
10000,0,1,194,1.0E-4,0.0,1.0E-4,0,0,0
10000,0,1,195,0.0,0.0,0.0,0,0,0
10000,0,1,196,0.0,0.0,0.0,0,0,0
10000,0,1,197,0.0,1.0E-4,1.0E-4,0,0,0
10000,0,1,198,1.0E-4,0.0,1.0E-4,0,0,0
10000,0,1,199,0.0,1.0E-4,1.0E-4,0,0,0
10000,0,1,200,0.0,0.0,0.0,0,0,0
10000,0,1,201,0.0,0.0,0.0,0,0,0
10000,0,1,202,0.0,0.0,0.0,0,0,0
10000,0,1,203,0.0,0.0,0.0,0,0,0
10000,0,1,204,0.0,0.0,0.0,0,0,0
10000,0,1,205,0.0,0.0,0.0,0,0,0
10000,0,1,206,1.0E-4,0.0,1.0E-4,0,0,0
10000,0,1,207,1.0E-4,0.0,1.0E-4,0,0,0
10000,0,1,208,0.0,1.0E-4,1.0E-4,0,0,0
10000,0,1,209,1.0E-4,0.0,1.0E-4,0,0,0
10000,0,1,210,0.0,0.0,0.0,0,0,0
10000,0,1,211,0.0,0.0,0.0,0,0,0
10000,0,1,212,0.0,1.0E-4,1.0E-4,0,0,0
10000,0,1,213,0.0,0.0,0.0,0,0,0
10000,0,1,214,1.0E-4,0.0,1.0E-4,0,0,0
10000,0,1,215,0.0,0.0,0.0,0,0,0
10000,0,1,216,0.0,0.0,0.0,0,0,0
10000,0,1,217,0.0,0.0,0.0,0,0,0
10000,0,1,218,0.0,0.0,0.0,0,0,0
10000,0,1,219,0.0,0.0,0.0,0,0,0
10000,0,1,220,1.0E-4,0.0,1.0E-4,0,0,0
10000,0,1,221,0.0,0.0,0.0,0,0,0
10000,0,1,222,0.0,0.0,0.0,0,0,0
10000,0,1,223,0.0,0.0,0.0,0,0,0
10000,0,1,224,0.0,1.0E-4,1.0E-4,0,0,0
10000,0,1,225,0.0,0.0,0.0,0,0,0
10000,0,1,226,1.0E-4,0.0,1.0E-4,0,0,0
10000,0,1,227,0.0,0.0,0.0,0,0,0
10000,0,1,228,0.0,0.0,0.0,0,0,0
10000,0,1,229,1.0E-4,0.0,1.0E-4,0,0,0
10000,0,1,230,0.0,0.0,0.0,0,0,0
10000,0,1,231,0.0,1.0E-4,1.0E-4,0,0,0
10000,0,1,232,0.0,0.0,0.0,0,0,0
10000,0,1,233,1.0E-4,0.0,1.0E-4,0,0,0
10000,0,1,234,0.0,1.0E-4,1.0E-4,0,0,0
10000,0,1,235,0.0,0.0,0.0,0,0,0
10000,0,1,236,0.0,0.0,0.0,0,0,0
10000,0,1,237,0.0,1.0E-4,1.0E-4,0,0,0
10000,0,1,238,1.0E-4,0.0,1.0E-4,0,0,0
10000,0,1,239,0.0,1.0E-4,1.0E-4,0,0,0
10000,0,1,240,0.0,1.0E-4,1.0E-4,0,0,0
10000,0,1,241,0.0,0.0,0.0,0,0,0
10000,0,1,242,0.0,0.0,0.0,0,0,0
10000,0,1,243,0.0,0.0,0.0,0,0,0
10000,0,1,244,0.0,1.0E-4,1.0E-4,0,0,0
10000,0,1,245,0.0,0.0,0.0,0,0,0
10000,0,1,246,1.0E-4,0.0,1.0E-4,0,0,0
10000,0,1,247,1.0E-4,0.0,1.0E-4,0,0,0
10000,0,1,248,0.0,0.0,0.0,0,0,0
10000,0,1,249,0.0,0.0,0.0,0,0,0
10000,0,1,250,0.0,1.0E-4,1.0E-4,0,0,0
10000,0,1,251,0.0,1.0E-4,1.0E-4,0,0,0
10000,0,1,252,0.0,0.0,0.0,0,0,0
10000,0,1,253,0.0,1.0E-4,1.0E-4,0,0,0
10000,0,1,254,0.0,1.0E-4,1.0E-4,0,0,0
10000,0,1,255,0.0,0.0,0.0,0,0,0
10000,0,2,0,1.0E-4,0.0036,0.0036999999999999997,0,0,0
10000,0,2,1,0.0,0.0,0.0,0,0,0
10000,0,2,2,0.0,0.0,0.0,0,0,0
10000,0,2,3,0.0,0.0,0.0,0,0,0
10000,0,2,4,0.0,1.0E-4,1.0E-4,0,0,0
10000,0,2,5,0.0,0.0,0.0,0,0,0
10000,0,2,6,0.0,1.0E-4,1.0E-4,0,0,0
10000,0,2,7,1.0E-4,0.0,1.0E-4,0,0,0
10000,0,2,8,0.0,1.0E-4,1.0E-4,0,0,0
10000,0,2,9,0.0,0.0,0.0,0,0,0
10000,0,2,10,0.0,1.0E-4,1.0E-4,0,0,0
10000,0,2,11,0.0,0.0,0.0,0,0,0
10000,0,2,12,0.0,0.0,0.0,0,0,0
10000,0,2,13,1.0E-4,0.0,1.0E-4,0,0,0
10000,0,2,14,0.0,1.0E-4,1.0E-4,0,0,0
10000,0,2,15,0.0,1.0E-4,1.0E-4,0,0,0
10000,0,2,16,0.0,1.0E-4,1.0E-4,0,0,0
10000,0,2,17,0.0,1.0E-4,1.0E-4,0,0,0
10000,0,2,18,0.0,0.0,0.0,0,0,0
10000,0,2,19,0.0,1.0E-4,1.0E-4,0,0,0
10000,0,2,20,0.0,0.0,0.0,0,0,0
10000,0,2,21,1.0E-4,0.0,1.0E-4,0,0,0
10000,0,2,22,0.0,0.0,0.0,0,0,0
10000,0,2,23,0.0,1.0E-4,1.0E-4,0,0,0
10000,0,2,24,0.0,0.0,0.0,0,0,0
10000,0,2,25,0.0,1.0E-4,1.0E-4,0,0,0
10000,0,2,26,0.0,1.0E-4,1.0E-4,0,0,0
10000,0,2,27,0.0,0.0,0.0,0,0,0
10000,0,2,28,1.0E-4,0.0,1.0E-4,0,0,0
10000,0,2,29,1.0E-4,0.0,1.0E-4,0,0,0
10000,0,2,30,0.0,0.0,0.0,0,0,0
10000,0,2,31,0.0,0.0,0.0,0,0,0
10000,0,2,32,0.0,0.0,0.0,0,0,0
10000,0,2,33,0.0,1.0E-4,1.0E-4,0,0,0
10000,0,2,34,0.0,1.0E-4,1.0E-4,0,0,0
10000,0,2,35,0.0,0.0,0.0,0,0,0
10000,0,2,36,1.0E-4,0.0,1.0E-4,0,0,0
10000,0,2,37,0.0,0.0,0.0,0,0,0
10000,0,2,38,1.0E-4,0.0,1.0E-4,0,0,0
10000,0,2,39,0.0,1.0E-4,1.0E-4,0,0,0
10000,0,2,40,0.0,1.0E-4,1.0E-4,0,0,0
10000,0,2,41,0.0,1.0E-4,1.0E-4,0,0,0
10000,0,2,42,1.0E-4,0.0,1.0E-4,0,0,0
10000,0,2,43,0.0,0.0,0.0,0,0,0
10000,0,2,44,0.0,0.0,0.0,0,0,0
10000,0,2,45,0.0,1.0E-4,1.0E-4,0,0,0
10000,0,2,46,0.0,0.0,0.0,0,0,0
10000,0,2,47,0.0,0.0,0.0,0,0,0
10000,0,2,48,0.0,1.0E-4,1.0E-4,0,0,0
10000,0,2,49,0.0,1.0E-4,1.0E-4,0,0,0
10000,0,2,50,0.0,1.0E-4,1.0E-4,0,0,0
10000,0,2,51,0.0,0.0,0.0,0,0,0
10000,0,2,52,0.0,1.0E-4,1.0E-4,0,0,0
10000,0,2,53,0.0,1.0E-4,1.0E-4,0,0,0
10000,0,2,54,0.0,1.0E-4,1.0E-4,0,0,0
10000,0,2,55,1.0E-4,0.0,1.0E-4,0,0,0
10000,0,2,56,0.0,0.0,0.0,0,0,0
10000,0,2,57,1.0E-4,0.0,1.0E-4,0,0,0
10000,0,2,58,0.0,0.0,0.0,0,0,0
10000,0,2,59,0.0,0.0,0.0,0,0,0
10000,0,2,60,0.0,1.0E-4,1.0E-4,0,0,0
10000,0,2,61,0.0,1.0E-4,1.0E-4,0,0,0
10000,0,2,62,1.0E-4,0.0,1.0E-4,0,0,0
10000,0,2,63,0.0,0.0,0.0,0,0,0
10000,0,2,64,1.0E-4,0.0,1.0E-4,0,0,0
10000,0,2,65,0.0,0.0,0.0,0,0,0
10000,0,2,66,1.0E-4,0.0,1.0E-4,0,0,0
10000,0,2,67,1.0E-4,0.0,1.0E-4,0,0,0
10000,0,2,68,1.0E-4,0.0,1.0E-4,0,0,0
10000,0,2,69,0.0,0.0,0.0,0,0,0
10000,0,2,70,1.0E-4,0.0,1.0E-4,0,0,0
10000,0,2,71,0.0,1.0E-4,1.0E-4,0,0,0
10000,0,2,72,0.0,0.0,0.0,0,0,0
10000,0,2,73,0.0,1.0E-4,1.0E-4,0,0,0
10000,0,2,74,1.0E-4,0.0,1.0E-4,0,0,0
10000,0,2,75,0.0,0.0,0.0,0,0,0
10000,0,2,76,1.0E-4,0.0,1.0E-4,0,0,0
10000,0,2,77,0.0,1.0E-4,1.0E-4,0,0,0
10000,0,2,78,0.0,0.0,0.0,0,0,0
10000,0,2,79,0.0,1.0E-4,1.0E-4,0,0,0
10000,0,2,80,0.0,1.0E-4,1.0E-4,0,0,0
10000,0,2,81,0.0,0.0,0.0,0,0,0
10000,0,2,82,0.0,1.0E-4,1.0E-4,0,0,0
10000,0,2,83,0.0,0.0,0.0,0,0,0
10000,0,2,84,0.0,0.0,0.0,0,0,0
10000,0,2,85,1.0E-4,0.0,1.0E-4,0,0,0
10000,0,2,86,0.0,0.0,0.0,0,0,0
10000,0,2,87,1.0E-4,0.0,1.0E-4,0,0,0
10000,0,2,88,0.0,0.0,0.0,0,0,0
10000,0,2,89,0.0,1.0E-4,1.0E-4,0,0,0
10000,0,2,90,0.0,0.0,0.0,0,0,0
10000,0,2,91,0.0,1.0E-4,1.0E-4,0,0,0
10000,0,2,92,0.0,0.0,0.0,0,0,0
10000,0,2,93,0.0,1.0E-4,1.0E-4,0,0,0
10000,0,2,94,0.0,1.0E-4,1.0E-4,0,0,0
10000,0,2,95,0.0,0.0,0.0,0,0,0
10000,0,2,96,0.0,0.0,0.0,0,0,0
10000,0,2,97,1.0E-4,0.0,1.0E-4,0,0,0
10000,0,2,98,0.0,0.0,0.0,0,0,0
10000,0,2,99,0.0,1.0E-4,1.0E-4,0,0,0
10000,0,2,100,0.0,0.0,0.0,0,0,0
10000,0,2,101,1.0E-4,0.0,1.0E-4,0,0,0
10000,0,2,102,1.0E-4,0.0,1.0E-4,0,0,0
10000,0,2,103,0.0,0.0,0.0,0,0,0
10000,0,2,104,0.0,0.0,0.0,0,0,0
10000,0,2,105,0.0,1.0E-4,1.0E-4,0,0,0
10000,0,2,106,0.0,1.0E-4,1.0E-4,0,0,0
10000,0,2,107,1.0E-4,0.0,1.0E-4,0,0,0
10000,0,2,108,0.0,1.0E-4,1.0E-4,0,0,0
10000,0,2,109,0.0,1.0E-4,1.0E-4,0,0,0
10000,0,2,110,0.0,1.0E-4,1.0E-4,0,0,0
10000,0,2,111,1.0E-4,0.0,1.0E-4,0,0,0
10000,0,2,112,0.0,1.0E-4,1.0E-4,0,0,0
10000,0,2,113,0.0,1.0E-4,1.0E-4,0,0,0
10000,0,2,114,0.0,0.0,0.0,0,0,0
10000,0,2,115,1.0E-4,0.0,1.0E-4,0,0,0
10000,0,2,116,0.0,0.0,0.0,0,0,0
10000,0,2,117,0.0,1.0E-4,1.0E-4,0,0,0
10000,0,2,118,0.0,1.0E-4,1.0E-4,0,0,0
10000,0,2,119,1.0E-4,0.0,1.0E-4,0,0,0
10000,0,2,120,0.0,1.0E-4,1.0E-4,0,0,0
10000,0,2,121,0.0,1.0E-4,1.0E-4,0,0,0
10000,0,2,122,1.0E-4,0.0,1.0E-4,0,0,0
10000,0,2,123,0.0,0.0,0.0,0,0,0
10000,0,2,124,1.0E-4,0.0,1.0E-4,0,0,0
10000,0,2,125,0.0,0.0,0.0,0,0,0
10000,0,2,126,1.0E-4,0.0,1.0E-4,0,0,0
10000,0,2,127,0.0,0.0,0.0,0,0,0
10000,0,2,128,0.0,0.0,0.0,0,0,0
10000,0,2,129,0.0,0.0,0.0,0,0,0
10000,0,2,130,0.0,1.0E-4,1.0E-4,0,0,0
10000,0,2,131,0.0,0.0,0.0,0,0,0
10000,0,2,132,1.0E-4,0.0,1.0E-4,0,0,0
10000,0,2,133,0.0,0.0,0.0,0,0,0
10000,0,2,134,0.0,0.0,0.0,0,0,0
10000,0,2,135,0.0,1.0E-4,1.0E-4,0,0,0
10000,0,2,136,6.0E-4,0.0,6.0E-4,0,0,0
10000,0,2,137,1.0E-4,0.0,1.0E-4,0,0,0
10000,0,2,138,0.0,0.0,0.0,0,0,0
10000,0,2,139,0.0,0.0,0.0,0,0,0
10000,0,2,140,1.0E-4,0.0,1.0E-4,0,0,0
10000,0,2,141,0.0,0.0,0.0,0,0,0
10000,0,2,142,0.0,0.0,0.0,0,0,0
10000,0,2,143,1.0E-4,0.0,1.0E-4,0,0,0
10000,0,2,144,0.0,0.0,0.0,0,0,0
10000,0,2,145,1.0E-4,0.0,1.0E-4,0,0,0
10000,0,2,146,0.0,1.0E-4,1.0E-4,0,0,0
10000,0,2,147,1.0E-4,0.0,1.0E-4,0,0,0
10000,0,2,148,1.0E-4,0.0,1.0E-4,0,0,0
10000,0,2,149,0.0,1.0E-4,1.0E-4,0,0,0
10000,0,2,150,0.0,0.0,0.0,0,0,0
10000,0,2,151,0.0,0.0,0.0,0,0,0
10000,0,2,152,1.0E-4,0.0,1.0E-4,0,0,0
10000,0,2,153,0.0,0.0,0.0,0,0,0
10000,0,2,154,1.0E-4,0.0,1.0E-4,0,0,0
10000,0,2,155,0.0,1.0E-4,1.0E-4,0,0,0
10000,0,2,156,0.0,0.0,0.0,0,0,0
10000,0,2,157,1.0E-4,0.0,1.0E-4,0,0,0
10000,0,2,158,1.0E-4,0.0,1.0E-4,0,0,0
10000,0,2,159,0.0,0.0,0.0,0,0,0
10000,0,2,160,0.0,1.0E-4,1.0E-4,0,0,0
10000,0,2,161,1.0E-4,0.0,1.0E-4,0,0,0
10000,0,2,162,0.0,0.0,0.0,0,0,0
10000,0,2,163,1.0E-4,0.0,1.0E-4,0,0,0
10000,0,2,164,0.0,0.0,0.0,0,0,0
10000,0,2,165,0.0,0.0,0.0,0,0,0
10000,0,2,166,0.0,1.0E-4,1.0E-4,0,0,0
10000,0,2,167,1.0E-4,0.0,1.0E-4,0,0,0
10000,0,2,168,1.0E-4,0.0,1.0E-4,0,0,0
10000,0,2,169,0.0,1.0E-4,1.0E-4,0,0,0
10000,0,2,170,1.0E-4,0.0,1.0E-4,0,0,0
10000,0,2,171,0.0,0.0,0.0,0,0,0
10000,0,2,172,0.0,0.0,0.0,0,0,0
10000,0,2,173,0.0,1.0E-4,1.0E-4,0,0,0
10000,0,2,174,0.0,0.0,0.0,0,0,0
10000,0,2,175,0.0,0.0,0.0,0,0,0
10000,0,2,176,0.0,0.0,0.0,0,0,0
10000,0,2,177,0.0,0.0,0.0,0,0,0
10000,0,2,178,0.0,1.0E-4,1.0E-4,0,0,0
10000,0,2,179,0.0,0.0,0.0,0,0,0
10000,0,2,180,0.0,0.0,0.0,0,0,0
10000,0,2,181,0.0,1.0E-4,1.0E-4,0,0,0
10000,0,2,182,0.0,0.0,0.0,0,0,0
10000,0,2,183,1.0E-4,0.0,1.0E-4,0,0,0
10000,0,2,184,1.0E-4,0.0,1.0E-4,0,0,0
10000,0,2,185,0.0,1.0E-4,1.0E-4,0,0,0
10000,0,2,186,0.0,0.0,0.0,0,0,0
10000,0,2,187,0.0,1.0E-4,1.0E-4,0,0,0
10000,0,2,188,0.0,0.0,0.0,0,0,0
10000,0,2,189,0.0,0.0,0.0,0,0,0
10000,0,2,190,1.0E-4,0.0,1.0E-4,0,0,0
10000,0,2,191,0.0,0.0,0.0,0,0,0
10000,0,2,192,0.0,1.0E-4,1.0E-4,0,0,0
10000,0,2,193,0.0,0.0,0.0,0,0,0
10000,0,2,194,0.0,0.0,0.0,0,0,0
10000,0,2,195,0.0,0.0,0.0,0,0,0
10000,0,2,196,0.0,1.0E-4,1.0E-4,0,0,0
10000,0,2,197,0.0,1.0E-4,1.0E-4,0,0,0
10000,0,2,198,1.0E-4,0.0,1.0E-4,0,0,0
10000,0,2,199,0.0,0.0,0.0,0,0,0
10000,0,2,200,0.0,0.0,0.0,0,0,0
10000,0,2,201,0.0,1.0E-4,1.0E-4,0,0,0
10000,0,2,202,0.0,1.0E-4,1.0E-4,0,0,0
10000,0,2,203,0.0,0.0,0.0,0,0,0
10000,0,2,204,1.0E-4,0.0,1.0E-4,0,0,0
10000,0,2,205,0.0,1.0E-4,1.0E-4,0,0,0
10000,0,2,206,0.0,0.0,0.0,0,0,0
10000,0,2,207,0.0,1.0E-4,1.0E-4,0,0,0
10000,0,2,208,0.0,1.0E-4,1.0E-4,0,0,0
10000,0,2,209,0.0,1.0E-4,1.0E-4,0,0,0
10000,0,2,210,0.0,0.0,0.0,0,0,0
10000,0,2,211,0.0,1.0E-4,1.0E-4,0,0,0
10000,0,2,212,0.0,0.0,0.0,0,0,0
10000,0,2,213,1.0E-4,0.0,1.0E-4,0,0,0
10000,0,2,214,0.0,0.0,0.0,0,0,0
10000,0,2,215,0.0,1.0E-4,1.0E-4,0,0,0
10000,0,2,216,0.0,0.0,0.0,0,0,0
10000,0,2,217,0.0,1.0E-4,1.0E-4,0,0,0
10000,0,2,218,0.0,0.0,0.0,0,0,0
10000,0,2,219,0.0,0.0,0.0,0,0,0
10000,0,2,220,1.0E-4,0.0,1.0E-4,0,0,0
10000,0,2,221,0.0,0.0,0.0,0,0,0
10000,0,2,222,1.0E-4,0.0,1.0E-4,0,0,0
10000,0,2,223,0.0,1.0E-4,1.0E-4,0,0,0
10000,0,2,224,0.0,0.0,0.0,0,0,0
10000,0,2,225,0.0,1.0E-4,1.0E-4,0,0,0
10000,0,2,226,0.0,1.0E-4,1.0E-4,0,0,0
10000,0,2,227,0.0,0.0,0.0,0,0,0
10000,0,2,228,0.0,1.0E-4,1.0E-4,0,0,0
10000,0,2,229,1.0E-4,0.0,1.0E-4,0,0,0
10000,0,2,230,0.0,1.0E-4,1.0E-4,0,0,0
10000,0,2,231,0.0,0.0,0.0,0,0,0
10000,0,2,232,0.0,0.0,0.0,0,0,0
10000,0,2,233,0.0,1.0E-4,1.0E-4,0,0,0
10000,0,2,234,1.0E-4,0.0,1.0E-4,0,0,0
10000,0,2,235,0.0,0.0,0.0,0,0,0
10000,0,2,236,0.0,1.0E-4,1.0E-4,0,0,0
10000,0,2,237,1.0E-4,0.0,1.0E-4,0,0,0
10000,0,2,238,0.0,1.0E-4,1.0E-4,0,0,0
10000,0,2,239,0.0,0.0,0.0,0,0,0
10000,0,2,240,0.0,1.0E-4,1.0E-4,0,0,0
10000,0,2,241,1.0E-4,0.0,1.0E-4,0,0,0
10000,0,2,242,0.0,0.0,0.0,0,0,0
10000,0,2,243,0.0,0.0,0.0,0,0,0
10000,0,2,244,0.0,0.0,0.0,0,0,0
10000,0,2,245,0.0,0.0,0.0,0,0,0
10000,0,2,246,0.0,1.0E-4,1.0E-4,0,0,0
10000,0,2,247,1.0E-4,0.0,1.0E-4,0,0,0
10000,0,2,248,0.0,0.0,0.0,0,0,0
10000,0,2,249,1.0E-4,0.0,1.0E-4,0,0,0
10000,0,2,250,0.0,1.0E-4,1.0E-4,0,0,0
10000,0,2,251,1.0E-4,0.0,1.0E-4,0,0,0
10000,0,2,252,0.0,0.0,0.0,0,0,0
10000,0,2,253,0.0,0.0,0.0,0,0,0
10000,0,2,254,1.0E-4,0.0,1.0E-4,0,0,0
10000,0,2,255,0.0,0.0,0.0,0,0,0
10000,0,3,0,1.0E-4,0.0,1.0E-4,0,0,0
10000,0,3,1,1.0E-4,0.0,1.0E-4,0,0,0
10000,0,3,2,0.0,1.0E-4,1.0E-4,0,0,0
10000,0,3,3,0.0,1.0E-4,1.0E-4,0,0,0
10000,0,3,4,1.0E-4,0.0,1.0E-4,0,0,0
10000,0,3,5,0.0,0.0,0.0,0,0,0
10000,0,3,6,0.0,0.0,0.0,0,0,0
10000,0,3,7,1.0E-4,0.0,1.0E-4,0,0,0
10000,0,3,8,0.0,0.0,0.0,0,0,0
10000,0,3,9,0.0,1.0E-4,1.0E-4,0,0,0
10000,0,3,10,1.0E-4,0.0,1.0E-4,0,0,0
10000,0,3,11,0.0,0.0,0.0,0,0,0
10000,0,3,12,0.0,0.0,0.0,0,0,0
10000,0,3,13,0.0,1.0E-4,1.0E-4,0,0,0
10000,0,3,14,1.0E-4,0.0,1.0E-4,0,0,0
10000,0,3,15,0.0,0.0,0.0,0,0,0
10000,0,3,16,0.0,1.0E-4,1.0E-4,0,0,0
10000,0,3,17,0.0,0.0,0.0,0,0,0
10000,0,3,18,1.0E-4,0.0,1.0E-4,0,0,0
10000,0,3,19,0.0,1.0E-4,1.0E-4,0,0,0
10000,0,3,20,1.0E-4,0.0,1.0E-4,0,0,0
10000,0,3,21,0.0,0.0,0.0,0,0,0
10000,0,3,22,1.0E-4,0.0,1.0E-4,0,0,0
10000,0,3,23,0.0,1.0E-4,1.0E-4,0,0,0
10000,0,3,24,0.0,0.0,0.0,0,0,0
10000,0,3,25,0.0,0.0,0.0,0,0,0
10000,0,3,26,0.0,1.0E-4,1.0E-4,0,0,0
10000,0,3,27,0.0,0.0,0.0,0,0,0
10000,0,3,28,0.0,0.0,0.0,0,0,0
10000,0,3,29,0.0,1.0E-4,1.0E-4,0,0,0
10000,0,3,30,1.0E-4,0.0,1.0E-4,0,0,0
10000,0,3,31,0.0,0.0,0.0,0,0,0
10000,0,3,32,0.0,0.0,0.0,0,0,0
10000,0,3,33,1.0E-4,0.0,1.0E-4,0,0,0
10000,0,3,34,0.0,1.0E-4,1.0E-4,0,0,0
10000,0,3,35,1.0E-4,0.0,1.0E-4,0,0,0
10000,0,3,36,0.0,1.0E-4,1.0E-4,0,0,0
10000,0,3,37,1.0E-4,0.0,1.0E-4,0,0,0
10000,0,3,38,0.0,0.0,0.0,0,0,0
10000,0,3,39,0.0,1.0E-4,1.0E-4,0,0,0
10000,0,3,40,1.0E-4,0.0,1.0E-4,0,0,0
10000,0,3,41,0.0,1.0E-4,1.0E-4,0,0,0
10000,0,3,42,1.0E-4,0.0,1.0E-4,0,0,0
10000,0,3,43,1.0E-4,0.0,1.0E-4,0,0,0
10000,0,3,44,0.0,0.0,0.0,0,0,0
10000,0,3,45,0.0,0.0,0.0,0,0,0
10000,0,3,46,1.0E-4,0.0,1.0E-4,0,0,0
10000,0,3,47,0.0,1.0E-4,1.0E-4,0,0,0
10000,0,3,48,0.0,0.0,0.0,0,0,0
10000,0,3,49,1.0E-4,0.0,1.0E-4,0,0,0
10000,0,3,50,0.0,1.0E-4,1.0E-4,0,0,0
10000,0,3,51,1.0E-4,0.0,1.0E-4,0,0,0
10000,0,3,52,0.0,0.0,0.0,0,0,0
10000,0,3,53,1.0E-4,0.0,1.0E-4,0,0,0
10000,0,3,54,0.0,1.0E-4,1.0E-4,0,0,0
10000,0,3,55,1.0E-4,0.0,1.0E-4,0,0,0
10000,0,3,56,0.0,0.0,0.0,0,0,0
10000,0,3,57,1.0E-4,0.0,1.0E-4,0,0,0
10000,0,3,58,0.0,0.0,0.0,0,0,0
10000,0,3,59,1.0E-4,0.0,1.0E-4,0,0,0
10000,0,3,60,0.0,1.0E-4,1.0E-4,0,0,0
10000,0,3,61,1.0E-4,0.0,1.0E-4,0,0,0
10000,0,3,62,1.0E-4,0.0,1.0E-4,0,0,0
10000,0,3,63,0.0,1.0E-4,1.0E-4,0,0,0
10000,0,3,64,0.0,0.0,0.0,0,0,0
10000,0,3,65,1.0E-4,0.0,1.0E-4,0,0,0
10000,0,3,66,0.0,1.0E-4,1.0E-4,0,0,0
10000,0,3,67,1.0E-4,0.0,1.0E-4,0,0,0
10000,0,3,68,0.0,0.0,0.0,0,0,0
10000,0,3,69,0.0,0.0,0.0,0,0,0
10000,0,3,70,1.0E-4,0.0,1.0E-4,0,0,0
10000,0,3,71,0.0,0.0,0.0,0,0,0
10000,0,3,72,0.0,1.0E-4,1.0E-4,0,0,0
10000,0,3,73,1.0E-4,0.0,1.0E-4,0,0,0
10000,0,3,74,0.0,1.0E-4,1.0E-4,0,0,0
10000,0,3,75,0.0,0.0,0.0,0,0,0
10000,0,3,76,0.0,0.0,0.0,0,0,0
10000,0,3,77,0.0,1.0E-4,1.0E-4,0,0,0
10000,0,3,78,1.0E-4,0.0,1.0E-4,0,0,0
10000,0,3,79,0.0,1.0E-4,1.0E-4,0,0,0
10000,0,3,80,1.0E-4,0.0,1.0E-4,0,0,0
10000,0,3,81,1.0E-4,0.0,1.0E-4,0,0,0
10000,0,3,82,0.0,1.0E-4,1.0E-4,0,0,0
10000,0,3,83,0.0,0.0,0.0,0,0,0
10000,0,3,84,0.0,1.0E-4,1.0E-4,0,0,0
10000,0,3,85,1.0E-4,0.0,1.0E-4,0,0,0
10000,0,3,86,0.0,0.0,0.0,0,0,0
10000,0,3,87,1.0E-4,0.0,1.0E-4,0,0,0
10000,0,3,88,0.0,1.0E-4,1.0E-4,0,0,0
10000,0,3,89,1.0E-4,0.0,1.0E-4,0,0,0
10000,0,3,90,0.0,0.0,0.0,0,0,0
10000,0,3,91,1.0E-4,0.0,1.0E-4,0,0,0
10000,0,3,92,1.0E-4,0.0,1.0E-4,0,0,0
10000,0,3,93,0.0,0.0,0.0,0,0,0
10000,0,3,94,0.0,0.0,0.0,0,0,0
10000,0,3,95,0.0,0.0,0.0,0,0,0
10000,0,3,96,1.0E-4,0.0,1.0E-4,0,0,0
10000,0,3,97,0.0,1.0E-4,1.0E-4,0,0,0
10000,0,3,98,0.0,0.0,0.0,0,0,0
10000,0,3,99,0.0,1.0E-4,1.0E-4,0,0,0
10000,0,3,100,1.0E-4,0.0,1.0E-4,0,0,0
10000,0,3,101,0.0,0.0,0.0,0,0,0
10000,0,3,102,0.0,1.0E-4,1.0E-4,0,0,0
10000,0,3,103,0.0,0.0,0.0,0,0,0
10000,0,3,104,0.0,0.0,0.0,0,0,0
10000,0,3,105,0.0,0.0,0.0,0,0,0
10000,0,3,106,0.0,0.0,0.0,0,0,0
10000,0,3,107,0.0,1.0E-4,1.0E-4,0,0,0
10000,0,3,108,0.0,1.0E-4,1.0E-4,0,0,0
10000,0,3,109,0.0,0.0,0.0,0,0,0
10000,0,3,110,0.0,0.0,0.0,0,0,0
10000,0,3,111,0.0,1.0E-4,1.0E-4,0,0,0
10000,0,3,112,0.0,0.0,0.0,0,0,0
10000,0,3,113,0.0,0.0,0.0,0,0,0
10000,0,3,114,0.0,1.0E-4,1.0E-4,0,0,0
10000,0,3,115,1.0E-4,0.0,1.0E-4,0,0,0
10000,0,3,116,0.0,1.0E-4,1.0E-4,0,0,0
10000,0,3,117,0.0,0.0,0.0,0,0,0
10000,0,3,118,1.0E-4,0.0,1.0E-4,0,0,0
10000,0,3,119,0.0,0.0,0.0,0,0,0
10000,0,3,120,0.0,0.0,0.0,0,0,0
10000,0,3,121,0.0,1.0E-4,1.0E-4,0,0,0
10000,0,3,122,1.0E-4,0.0,1.0E-4,0,0,0
10000,0,3,123,0.0,1.0E-4,1.0E-4,0,0,0
10000,0,3,124,1.0E-4,0.0,1.0E-4,0,0,0
10000,0,3,125,0.0,0.0,0.0,0,0,0
10000,0,3,126,0.0,0.0,0.0,0,0,0
10000,0,3,127,0.0,0.0,0.0,0,0,0
10000,0,3,128,0.0,1.0E-4,1.0E-4,0,0,0
10000,0,3,129,0.0,0.0,0.0,0,0,0
10000,0,3,130,0.0,1.0E-4,1.0E-4,0,0,0
10000,0,3,131,0.0,1.0E-4,1.0E-4,0,0,0
10000,0,3,132,0.0,0.0,0.0,0,0,0
10000,0,3,133,0.0,0.0,0.0,0,0,0
10000,0,3,134,0.0,1.0E-4,1.0E-4,0,0,0
10000,0,3,135,1.0E-4,0.0,1.0E-4,0,0,0
10000,0,3,136,0.0,0.0,0.0,0,0,0
10000,0,3,137,0.0,1.0E-4,1.0E-4,0,0,0
10000,0,3,138,0.0,0.0,0.0,0,0,0
10000,0,3,139,0.0,1.0E-4,1.0E-4,0,0,0
10000,0,3,140,0.0,0.0,0.0,0,0,0
10000,0,3,141,0.0,1.0E-4,1.0E-4,0,0,0
10000,0,3,142,0.0,0.0,0.0,0,0,0
10000,0,3,143,0.0,1.0E-4,1.0E-4,0,0,0
10000,0,3,144,1.0E-4,0.0,1.0E-4,0,0,0
10000,0,3,145,0.0,0.0,0.0,0,0,0
10000,0,3,146,0.0,0.0,0.0,0,0,0
10000,0,3,147,1.0E-4,0.0,1.0E-4,0,0,0
10000,0,3,148,0.0,1.0E-4,1.0E-4,0,0,0
10000,0,3,149,1.0E-4,0.0,1.0E-4,0,0,0
10000,0,3,150,0.0,1.0E-4,1.0E-4,0,0,0
10000,0,3,151,1.0E-4,0.0,1.0E-4,0,0,0
10000,0,3,152,0.0,1.0E-4,1.0E-4,0,0,0
10000,0,3,153,1.0E-4,0.0,1.0E-4,0,0,0
10000,0,3,154,0.0,0.0,0.0,0,0,0
10000,0,3,155,1.0E-4,0.0,1.0E-4,0,0,0
10000,0,3,156,1.0E-4,0.0,1.0E-4,0,0,0
10000,0,3,157,0.0,0.0,0.0,0,0,0
10000,0,3,158,0.0,1.0E-4,1.0E-4,0,0,0
10000,0,3,159,1.0E-4,0.0,1.0E-4,0,0,0
10000,0,3,160,0.0,1.0E-4,1.0E-4,0,0,0
10000,0,3,161,1.0E-4,0.0,1.0E-4,0,0,0
10000,0,3,162,0.0,0.0,0.0,0,0,0
10000,0,3,163,1.0E-4,0.0,1.0E-4,0,0,0
10000,0,3,164,0.0,1.0E-4,1.0E-4,0,0,0
10000,0,3,165,0.0,0.0,0.0,0,0,0
10000,0,3,166,0.0,1.0E-4,1.0E-4,0,0,0
10000,0,3,167,1.0E-4,0.0,1.0E-4,0,0,0
10000,0,3,168,0.0,0.0,0.0,0,0,0
10000,0,3,169,0.0,0.0,0.0,0,0,0
10000,0,3,170,1.0E-4,0.0,1.0E-4,0,0,0
10000,0,3,171,0.0,1.0E-4,1.0E-4,0,0,0
10000,0,3,172,1.0E-4,0.0,1.0E-4,0,0,0
10000,0,3,173,0.0,0.0,0.0,0,0,0
10000,0,3,174,0.0,1.0E-4,1.0E-4,0,0,0
10000,0,3,175,1.0E-4,0.0,1.0E-4,0,0,0
10000,0,3,176,0.0,1.0E-4,1.0E-4,0,0,0
10000,0,3,177,0.0,0.0,0.0,0,0,0
10000,0,3,178,0.0,1.0E-4,1.0E-4,0,0,0
10000,0,3,179,1.0E-4,0.0,1.0E-4,0,0,0
10000,0,3,180,0.0,0.0,0.0,0,0,0
10000,0,3,181,1.0E-4,0.0,1.0E-4,0,0,0
10000,0,3,182,1.0E-4,0.0,1.0E-4,0,0,0
10000,0,3,183,0.0,1.0E-4,1.0E-4,0,0,0
10000,0,3,184,1.0E-4,0.0,1.0E-4,0,0,0
10000,0,3,185,0.0,1.0E-4,1.0E-4,0,0,0
10000,0,3,186,0.0,0.0,0.0,0,0,0
10000,0,3,187,0.0,0.0,0.0,0,0,0
10000,0,3,188,0.0,1.0E-4,1.0E-4,0,0,0
10000,0,3,189,1.0E-4,0.0,1.0E-4,0,0,0
10000,0,3,190,0.0,1.0E-4,1.0E-4,0,0,0
10000,0,3,191,1.0E-4,0.0,1.0E-4,0,0,0
10000,0,3,192,1.0E-4,0.0,1.0E-4,0,0,0
10000,0,3,193,0.0,1.0E-4,1.0E-4,0,0,0
10000,0,3,194,0.0,0.0,0.0,0,0,0
10000,0,3,195,0.0,1.0E-4,1.0E-4,0,0,0
10000,0,3,196,1.0E-4,0.0,1.0E-4,0,0,0
10000,0,3,197,0.0,1.0E-4,1.0E-4,0,0,0
10000,0,3,198,0.0,0.0,0.0,0,0,0
10000,0,3,199,0.0,1.0E-4,1.0E-4,0,0,0
10000,0,3,200,1.0E-4,0.0,1.0E-4,0,0,0
10000,0,3,201,0.0,1.0E-4,1.0E-4,0,0,0
10000,0,3,202,1.0E-4,0.0,1.0E-4,0,0,0
10000,0,3,203,0.0,1.0E-4,1.0E-4,0,0,0
10000,0,3,204,0.0,0.0,0.0,0,0,0
10000,0,3,205,0.0,0.0,0.0,0,0,0
10000,0,3,206,0.0,1.0E-4,1.0E-4,0,0,0
10000,0,3,207,1.0E-4,0.0,1.0E-4,0,0,0
10000,0,3,208,0.0,1.0E-4,1.0E-4,0,0,0
10000,0,3,209,0.0,0.0,0.0,0,0,0
10000,0,3,210,0.0,1.0E-4,1.0E-4,0,0,0
10000,0,3,211,1.0E-4,0.0,1.0E-4,0,0,0
10000,0,3,212,0.0,0.0,0.0,0,0,0
10000,0,3,213,1.0E-4,0.0,1.0E-4,0,0,0
10000,0,3,214,0.0,1.0E-4,1.0E-4,0,0,0
10000,0,3,215,1.0E-4,0.0,1.0E-4,0,0,0
10000,0,3,216,1.0E-4,0.0,1.0E-4,0,0,0
10000,0,3,217,1.0E-4,0.0,1.0E-4,0,0,0
10000,0,3,218,0.0,1.0E-4,1.0E-4,0,0,0
10000,0,3,219,1.0E-4,0.0,1.0E-4,0,0,0
10000,0,3,220,0.0,0.0,0.0,0,0,0
10000,0,3,221,1.0E-4,0.0,1.0E-4,0,0,0
10000,0,3,222,0.0,1.0E-4,1.0E-4,0,0,0
10000,0,3,223,1.0E-4,0.0,1.0E-4,0,0,0
10000,0,3,224,0.0,0.0,0.0,0,0,0
10000,0,3,225,1.0E-4,0.0,1.0E-4,0,0,0
10000,0,3,226,0.0,1.0E-4,1.0E-4,0,0,0
10000,0,3,227,1.0E-4,0.0,1.0E-4,0,0,0
10000,0,3,228,0.0,0.0,0.0,0,0,0
10000,0,3,229,0.0,1.0E-4,1.0E-4,0,0,0
10000,0,3,230,1.0E-4,0.0,1.0E-4,0,0,0
10000,0,3,231,0.0,1.0E-4,1.0E-4,0,0,0
10000,0,3,232,1.0E-4,0.0,1.0E-4,0,0,0
10000,0,3,233,0.0,0.0,0.0,0,0,0
10000,0,3,234,1.0E-4,0.0,1.0E-4,0,0,0
10000,0,3,235,0.0,1.0E-4,1.0E-4,0,0,0
10000,0,3,236,1.0E-4,0.0,1.0E-4,0,0,0
10000,0,3,237,0.0,0.0,0.0,0,0,0
10000,0,3,238,1.0E-4,0.0,1.0E-4,0,0,0
10000,0,3,239,0.0,1.0E-4,1.0E-4,0,0,0
10000,0,3,240,0.0,0.0,0.0,0,0,0
10000,0,3,241,1.0E-4,0.0,1.0E-4,0,0,0
10000,0,3,242,0.0,1.0E-4,1.0E-4,0,0,0
10000,0,3,243,0.0,0.0,0.0,0,0,0
10000,0,3,244,0.0,1.0E-4,1.0E-4,0,0,0
10000,0,3,245,1.0E-4,0.0,1.0E-4,0,0,0
10000,0,3,246,0.0,0.0,0.0,0,0,0
10000,0,3,247,1.0E-4,0.0,1.0E-4,0,0,0
10000,0,3,248,0.0,1.0E-4,1.0E-4,0,0,0
10000,0,3,249,1.0E-4,0.0,1.0E-4,0,0,0
10000,0,3,250,0.0,0.0,0.0,0,0,0
10000,0,3,251,1.0E-4,0.0,1.0E-4,0,0,0
10000,0,3,252,0.0,0.0,0.0,0,0,0
10000,0,3,253,0.0,1.0E-4,1.0E-4,0,0,0
10000,0,3,254,0.0,0.0,0.0,0,0,0
10000,0,3,255,0.0,0.0,0.0,0,0,0
10000,100,1,0,0.0038,0.0118,0.0156,43040,1100,1
10000,100,1,1,0.0037,0.0118,0.0155,43040,1100,1
10000,100,1,2,0.0037,0.012,0.0157,43040,1100,1
10000,100,1,3,0.004,0.011,0.015,43040,1100,1
10000,100,1,4,0.004,0.011,0.015,43040,1100,1
10000,100,1,5,0.0042,0.011,0.015199999999999998,43040,1100,1
10000,100,1,6,0.0042,0.0109,0.015099999999999999,43040,1100,1
10000,100,1,7,0.004,0.0121,0.0161,43040,1100,1
10000,100,1,8,0.0039,0.011,0.0149,43040,1100,1
10000,100,1,9,0.0044,0.011,0.0154,43040,1100,1
10000,100,1,10,0.0044,0.0111,0.0155,43040,1100,1
10000,100,1,11,0.0053,0.0103,0.0156,43040,1100,1
10000,100,1,12,0.0047,0.0115,0.0162,43040,1100,1
10000,100,1,13,0.0045,0.0112,0.0157,43040,1100,1
10000,100,1,14,0.0054,0.0104,0.0158,43040,1100,1
10000,100,1,15,0.0048,0.0105,0.015300000000000001,43040,1100,1
10000,100,1,16,0.005,0.0098,0.0148,43040,1100,1
10000,100,1,17,0.0052,0.0099,0.0151,43040,1100,1
10000,100,1,18,0.0054,0.009,0.0144,43040,1100,1
10000,100,1,19,0.005,0.0102,0.015200000000000002,43040,1100,1
10000,100,1,20,0.006,0.0094,0.0154,43040,1100,1
10000,100,1,21,0.0054,0.0097,0.0151,43040,1100,1
10000,100,1,22,0.0062,0.0098,0.016,43040,1100,1
10000,100,1,23,0.0062,0.0087,0.0149,43040,1100,1
10000,100,1,24,0.0063,0.009,0.0153,43040,1100,1
10000,100,1,25,0.0064,0.0089,0.015300000000000001,43040,1100,1
10000,100,1,26,0.0064,0.0087,0.015099999999999999,43040,1100,1
10000,100,1,27,0.0066,0.0083,0.0149,43040,1100,1
10000,100,1,28,0.0063,0.0083,0.0146,43040,1100,1
10000,100,1,29,0.007,0.0071,0.014100000000000001,43040,1100,1
10000,100,1,30,0.0067,0.008,0.014700000000000001,43040,1100,1
10000,100,1,31,0.0076,3.5322,3.5398,43040,1100,1
10000,100,1,32,0.0102,0.0142,0.0244,43040,1100,1
10000,100,1,33,0.0044,0.008,0.012400000000000001,43040,1100,1
10000,100,1,34,0.004,0.0074,0.0114,43040,1100,1
10000,100,1,35,0.0036,0.0072,0.0108,43040,1100,1
10000,100,1,36,0.0039,0.0073,0.0112,43040,1100,1
10000,100,1,37,0.0037,0.0072,0.0109,43040,1100,1
10000,100,1,38,0.0037,0.0109,0.0146,43040,1100,1
10000,100,1,39,0.0034,0.0078,0.0112,43040,1100,1
10000,100,1,40,0.0036,0.0066,0.0102,43040,1100,1
10000,100,1,41,0.0035,0.0069,0.0104,43040,1100,1
10000,100,1,42,0.0039,0.007,0.0109,43040,1100,1
10000,100,1,43,0.0035,0.0068,0.0103,43040,1100,1
10000,100,1,44,0.0049,0.007,0.0119,43040,1100,1
10000,100,1,45,0.0035,0.0068,0.0103,43040,1100,1
10000,100,1,46,0.0038,0.007,0.0108,43040,1100,1
10000,100,1,47,0.0035,0.0072,0.0107,43040,1100,1
10000,100,1,48,0.0037,0.0068,0.010499999999999999,43040,1100,1
10000,100,1,49,0.0036,0.0067,0.0103,43040,1100,1
10000,100,1,50,0.0038,0.0069,0.0107,43040,1100,1
10000,100,1,51,0.0037,0.0067,0.0104,43040,1100,1
10000,100,1,52,0.0064,0.0126,0.019,43040,1100,1
10000,100,1,53,0.0042,0.0083,0.0125,43040,1100,1
10000,100,1,54,0.0038,0.0213,0.0251,43904,1100,1
10000,100,1,55,0.0038,0.0098,0.0136,43040,1100,1
10000,100,1,56,0.0036,0.0073,0.0109,43040,1100,1
10000,100,1,57,0.0035,0.0069,0.0104,43040,1100,1
10000,100,1,58,0.0035,0.0067,0.0102,43040,1100,1
10000,100,1,59,0.0036,0.007,0.0106,43040,1100,1
10000,100,1,60,0.0038,0.0068,0.0106,43040,1100,1
10000,100,1,61,0.0034,0.0066,0.01,43040,1100,1
10000,100,1,62,0.0037,0.007,0.010700000000000001,43040,1100,1
10000,100,1,63,0.0037,0.0068,0.010499999999999999,43040,1100,1
10000,100,1,64,0.0036,0.0072,0.0108,43040,1100,1
10000,100,1,65,0.0037,0.0069,0.0106,43040,1100,1
10000,100,1,66,0.0035,0.0071,0.0106,43040,1100,1
10000,100,1,67,0.0036,0.0074,0.011,43040,1100,1
10000,100,1,68,0.0036,0.0072,0.0108,43040,1100,1
10000,100,1,69,0.0038,0.007,0.0108,43040,1100,1
10000,100,1,70,0.0034,0.0069,0.0103,43040,1100,1
10000,100,1,71,0.0037,0.007,0.010700000000000001,43040,1100,1
10000,100,1,72,0.0037,0.0068,0.010499999999999999,43040,1100,1
10000,100,1,73,0.0037,0.0068,0.010499999999999999,43040,1100,1
10000,100,1,74,0.0036,0.0068,0.0104,43040,1100,1
10000,100,1,75,0.0035,0.0069,0.0104,43040,1100,1
10000,100,1,76,0.0041,0.0068,0.0109,43040,1100,1
10000,100,1,77,0.0035,0.0067,0.0102,43040,1100,1
10000,100,1,78,0.0039,0.007,0.0109,43040,1100,1
10000,100,1,79,0.0037,0.0066,0.0103,43040,1100,1
10000,100,1,80,0.0049,0.0069,0.0118,43040,1100,1
10000,100,1,81,0.0038,0.0067,0.0105,43040,1100,1
10000,100,1,82,0.0036,0.0067,0.0103,43040,1100,1
10000,100,1,83,0.0043,0.0071,0.0114,43040,1100,1
10000,100,1,84,0.0037,0.007,0.010700000000000001,43040,1100,1
10000,100,1,85,0.0044,0.0068,0.0112,43040,1100,1
10000,100,1,86,0.0048,0.007,0.0118,43040,1100,1
10000,100,1,87,0.0037,0.007,0.010700000000000001,43040,1100,1
10000,100,1,88,0.0039,0.0074,0.011300000000000001,43040,1100,1
10000,100,1,89,0.0046,0.0068,0.0114,43040,1100,1
10000,100,1,90,0.0039,0.0069,0.0108,43040,1100,1
10000,100,1,91,0.004,0.007,0.011,43040,1100,1
10000,100,1,92,0.0046,0.007,0.0116,43040,1100,1
10000,100,1,93,0.0065,0.0076,0.0141,43040,1100,1
10000,100,1,94,0.0038,0.0086,0.0124,43040,1100,1
10000,100,1,95,0.0037,0.0067,0.0104,43040,1100,1
10000,100,1,96,0.004,0.007,0.011,43040,1100,1
10000,100,1,97,0.0035,0.0068,0.0103,43040,1100,1
10000,100,1,98,0.0039,0.007,0.0109,43040,1100,1
10000,100,1,99,0.0035,0.007,0.0105,43040,1100,1
10000,100,1,100,0.0037,0.007,0.010700000000000001,43040,1100,1
10000,100,1,101,0.0035,0.0071,0.0106,43040,1100,1
10000,100,1,102,0.0038,0.0068,0.0106,43040,1100,1
10000,100,1,103,0.004,0.007,0.011,43040,1100,1
10000,100,1,104,0.0053,0.0069,0.012199999999999999,43040,1100,1
10000,100,1,105,0.0064,0.0076,0.014,43040,1100,1
10000,100,1,106,0.0041,0.0069,0.011,43040,1100,1
10000,100,1,107,0.0039,0.0068,0.0107,43040,1100,1
10000,100,1,108,0.0038,0.0065,0.0103,43040,1100,1
10000,100,1,109,0.004,0.0067,0.010700000000000001,43040,1100,1
10000,100,1,110,0.0038,0.0066,0.0104,43040,1100,1
10000,100,1,111,0.0044,0.0066,0.011,43040,1100,1
10000,100,1,112,0.004,0.0066,0.0106,43040,1100,1
10000,100,1,113,0.004,0.0064,0.0104,43040,1100,1
10000,100,1,114,0.0041,0.0064,0.0105,43040,1100,1
10000,100,1,115,0.0036,0.0069,0.010499999999999999,43040,1100,1
10000,100,1,116,0.0046,0.0065,0.011099999999999999,43040,1100,1
10000,100,1,117,0.004,0.0064,0.0104,43040,1100,1
10000,100,1,118,0.0072,0.0066,0.0138,43040,1100,1
10000,100,1,119,0.0039,0.0065,0.0104,43040,1100,1
10000,100,1,120,0.0038,0.0068,0.0106,43040,1100,1
10000,100,1,121,0.0036,0.0066,0.0102,43040,1100,1
10000,100,1,122,0.0036,0.0065,0.0101,43040,1100,1
10000,100,1,123,0.0037,0.0064,0.010100000000000001,43040,1100,1
10000,100,1,124,0.0039,0.0063,0.0102,43040,1100,1
10000,100,1,125,0.0036,0.0065,0.0101,43040,1100,1
10000,100,1,126,0.0033,0.0065,0.0098,43040,1100,1
10000,100,1,127,0.0034,0.0064,0.0098,43040,1100,1
10000,100,1,128,0.0059,0.007,0.0129,43040,1100,1
10000,100,1,129,0.004,0.0066,0.0106,43040,1100,1
10000,100,1,130,0.0041,0.0065,0.0106,43040,1100,1
10000,100,1,131,0.0042,0.0064,0.0106,43040,1100,1
10000,100,1,132,0.0037,0.0063,0.01,43040,1100,1
10000,100,1,133,0.0041,0.0067,0.0108,43040,1100,1
10000,100,1,134,0.0038,0.0066,0.0104,43040,1100,1
10000,100,1,135,0.0038,0.0063,0.0101,43040,1100,1
10000,100,1,136,0.0042,0.0068,0.011,43040,1100,1
10000,100,1,137,0.004,0.0065,0.010499999999999999,43040,1100,1
10000,100,1,138,0.0038,0.0064,0.0102,43040,1100,1
10000,100,1,139,0.004,0.0065,0.010499999999999999,43040,1100,1
10000,100,1,140,0.0042,0.0064,0.0106,43040,1100,1
10000,100,1,141,0.0042,0.0065,0.0107,43040,1100,1
10000,100,1,142,0.0038,0.0067,0.0105,43040,1100,1
10000,100,1,143,0.0038,0.0136,0.0174,43904,1100,1
10000,100,1,144,0.0041,0.0068,0.0109,43040,1100,1
10000,100,1,145,0.0037,0.0068,0.010499999999999999,43040,1100,1
10000,100,1,146,0.0038,0.0064,0.0102,43040,1100,1
10000,100,1,147,0.0037,0.0067,0.0104,43040,1100,1
10000,100,1,148,0.0041,0.0065,0.0106,43040,1100,1
10000,100,1,149,0.0042,0.0064,0.0106,43040,1100,1
10000,100,1,150,0.0038,0.0067,0.0105,43040,1100,1
10000,100,1,151,0.004,0.0064,0.0104,43040,1100,1
10000,100,1,152,0.0049,0.0064,0.011300000000000001,43040,1100,1
10000,100,1,153,0.0039,0.0065,0.0104,43040,1100,1
10000,100,1,154,0.0037,0.0064,0.010100000000000001,43040,1100,1
10000,100,1,155,0.0038,0.0065,0.0103,43040,1100,1
10000,100,1,156,0.0036,0.0065,0.0101,43040,1100,1
10000,100,1,157,0.0041,0.0066,0.010700000000000001,43040,1100,1
10000,100,1,158,0.0039,0.0069,0.0108,43040,1100,1
10000,100,1,159,0.0042,0.0066,0.0108,43040,1100,1
10000,100,1,160,0.0039,0.0065,0.0104,43040,1100,1
10000,100,1,161,0.0036,0.0065,0.0101,43040,1100,1
10000,100,1,162,0.004,0.0064,0.0104,43040,1100,1
10000,100,1,163,0.0038,0.0069,0.0107,43040,1100,1
10000,100,1,164,0.0042,0.0074,0.0116,43040,1100,1
10000,100,1,165,0.0042,0.0066,0.0108,43040,1100,1
10000,100,1,166,0.0038,0.0067,0.0105,43040,1100,1
10000,100,1,167,0.004,0.0065,0.010499999999999999,43040,1100,1
10000,100,1,168,0.0042,0.0069,0.011099999999999999,43040,1100,1
10000,100,1,169,0.0039,0.0066,0.010499999999999999,43040,1100,1
10000,100,1,170,0.0034,0.0063,0.0097,43040,1100,1
10000,100,1,171,0.0044,0.0065,0.0109,43040,1100,1
10000,100,1,172,0.0038,0.0065,0.0103,43040,1100,1
10000,100,1,173,0.0038,0.0064,0.0102,43040,1100,1
10000,100,1,174,0.0038,0.0067,0.0105,43040,1100,1
10000,100,1,175,0.004,0.0062,0.0102,43040,1100,1
10000,100,1,176,0.0049,0.0066,0.0115,43040,1100,1
10000,100,1,177,0.0041,0.0065,0.0106,43040,1100,1
10000,100,1,178,0.0037,0.0063,0.01,43040,1100,1
10000,100,1,179,0.0039,0.0063,0.0102,43040,1100,1
10000,100,1,180,0.0037,0.0065,0.0102,43040,1100,1
10000,100,1,181,0.004,0.0064,0.0104,43040,1100,1
10000,100,1,182,0.0038,0.0065,0.0103,43040,1100,1
10000,100,1,183,0.0038,0.0066,0.0104,43040,1100,1
10000,100,1,184,0.0039,0.0065,0.0104,43040,1100,1
10000,100,1,185,0.0038,0.0067,0.0105,43040,1100,1
10000,100,1,186,0.0038,0.0063,0.0101,43040,1100,1
10000,100,1,187,0.0038,0.0088,0.0126,43040,1100,1
10000,100,1,188,0.0046,0.0063,0.0109,43040,1100,1
10000,100,1,189,0.004,0.0064,0.0104,43040,1100,1
10000,100,1,190,0.0037,0.0065,0.0102,43040,1100,1
10000,100,1,191,0.0032,0.0063,0.0095,43040,1100,1
10000,100,1,192,0.0035,0.0065,0.01,43040,1100,1
10000,100,1,193,0.0038,0.0064,0.0102,43040,1100,1
10000,100,1,194,0.0034,0.0063,0.0097,43040,1100,1
10000,100,1,195,0.0036,0.0064,0.01,43040,1100,1
10000,100,1,196,0.0035,0.0065,0.01,43040,1100,1
10000,100,1,197,0.0036,0.0065,0.0101,43040,1100,1
10000,100,1,198,0.0036,0.0066,0.0102,43040,1100,1
10000,100,1,199,0.0035,0.0066,0.0101,43040,1100,1
10000,100,1,200,0.0046,0.0072,0.0118,43040,1100,1
10000,100,1,201,0.0038,0.007,0.0108,43040,1100,1
10000,100,1,202,0.0034,0.0063,0.0097,43040,1100,1
10000,100,1,203,0.0034,0.0065,0.009899999999999999,43040,1100,1
10000,100,1,204,0.0036,0.0064,0.01,43040,1100,1
10000,100,1,205,0.0037,0.0065,0.0102,43040,1100,1
10000,100,1,206,0.0034,0.0067,0.0101,43040,1100,1
10000,100,1,207,0.0034,0.0067,0.0101,43040,1100,1
10000,100,1,208,0.0036,0.0065,0.0101,43040,1100,1
10000,100,1,209,0.0037,0.0068,0.010499999999999999,43040,1100,1
10000,100,1,210,0.0036,0.0065,0.0101,43040,1100,1
10000,100,1,211,0.0035,0.0065,0.01,43040,1100,1
10000,100,1,212,0.0034,0.0074,0.0108,43040,1100,1
10000,100,1,213,0.0037,0.0066,0.0103,43040,1100,1
10000,100,1,214,0.0032,0.0068,0.01,43040,1100,1
10000,100,1,215,0.0033,0.0065,0.0098,43040,1100,1
10000,100,1,216,0.0033,0.0063,0.009600000000000001,43040,1100,1
10000,100,1,217,0.0036,0.0065,0.0101,43040,1100,1
10000,100,1,218,0.0037,0.0064,0.010100000000000001,43040,1100,1
10000,100,1,219,0.0034,0.0064,0.0098,43040,1100,1
10000,100,1,220,0.0036,0.0069,0.010499999999999999,43040,1100,1
10000,100,1,221,0.0037,0.0064,0.010100000000000001,43040,1100,1
10000,100,1,222,0.0036,0.0067,0.0103,43040,1100,1
10000,100,1,223,0.0035,0.0065,0.01,43040,1100,1
10000,100,1,224,0.0035,0.0076,0.0111,43040,1100,1
10000,100,1,225,0.0033,0.0069,0.0102,43040,1100,1
10000,100,1,226,0.0035,0.0065,0.01,43040,1100,1
10000,100,1,227,0.0036,0.0064,0.01,43040,1100,1
10000,100,1,228,0.0035,0.0067,0.0102,43040,1100,1
10000,100,1,229,0.0038,0.0062,0.01,43040,1100,1
10000,100,1,230,0.0036,0.0067,0.0103,43040,1100,1
10000,100,1,231,0.0035,0.0127,0.0162,43904,1100,1
10000,100,1,232,0.0037,0.0069,0.0106,43040,1100,1
10000,100,1,233,0.0037,0.0064,0.010100000000000001,43040,1100,1
10000,100,1,234,0.0036,0.0069,0.010499999999999999,43040,1100,1
10000,100,1,235,0.0036,0.0069,0.010499999999999999,43040,1100,1
10000,100,1,236,0.0037,0.0072,0.0109,43040,1100,1
10000,100,1,237,0.0034,0.0069,0.0103,43040,1100,1
10000,100,1,238,0.0035,0.0064,0.0099,43040,1100,1
10000,100,1,239,0.0033,0.0069,0.0102,43040,1100,1
10000,100,1,240,0.0034,0.0065,0.009899999999999999,43040,1100,1
10000,100,1,241,0.0037,0.0067,0.0104,43040,1100,1
10000,100,1,242,0.0035,0.0066,0.0101,43040,1100,1
10000,100,1,243,0.0037,0.0066,0.0103,43040,1100,1
10000,100,1,244,0.0035,0.0068,0.0103,43040,1100,1
10000,100,1,245,0.0036,0.0068,0.0104,43040,1100,1
10000,100,1,246,0.0039,0.0064,0.0103,43040,1100,1
10000,100,1,247,0.0035,0.0065,0.01,43040,1100,1
10000,100,1,248,0.0033,0.007,0.0103,43040,1100,1
10000,100,1,249,0.0034,0.0064,0.0098,43040,1100,1
10000,100,1,250,0.0034,0.0067,0.0101,43040,1100,1
10000,100,1,251,0.0038,0.0067,0.0105,43040,1100,1
10000,100,1,252,0.0035,0.0065,0.01,43040,1100,1
10000,100,1,253,0.0035,0.0064,0.0099,43040,1100,1
10000,100,1,254,0.0038,0.0067,0.0105,43040,1100,1
10000,100,1,255,0.0044,0.0098,0.0142,43040,1100,1
10000,100,2,0,0.0034,0.0067,0.0101,43040,1100,1
10000,100,2,1,0.0038,0.0068,0.0106,43040,1100,1
10000,100,2,2,0.0035,0.0068,0.0103,43040,1100,1
10000,100,2,3,0.0039,0.0066,0.010499999999999999,43040,1100,1
10000,100,2,4,0.0034,0.0073,0.0107,43040,1100,1
10000,100,2,5,0.0044,0.0066,0.011,43040,1100,1
10000,100,2,6,0.0035,0.0065,0.01,43040,1100,1
10000,100,2,7,0.0035,0.0063,0.0098,43040,1100,1
10000,100,2,8,0.0035,0.0067,0.0102,43040,1100,1
10000,100,2,9,0.0035,0.0064,0.0099,43040,1100,1
10000,100,2,10,0.0034,0.0072,0.0106,43040,1100,1
10000,100,2,11,0.0038,0.0069,0.0107,43040,1100,1
10000,100,2,12,0.0036,0.0062,0.0098,43040,1100,1
10000,100,2,13,0.0036,0.0063,0.009899999999999999,43040,1100,1
10000,100,2,14,0.0035,0.0068,0.0103,43040,1100,1
10000,100,2,15,0.0041,0.0069,0.011,43040,1100,1
10000,100,2,16,0.0035,0.0077,0.0112,43040,1100,1
10000,100,2,17,0.0036,0.0065,0.0101,43040,1100,1
10000,100,2,18,0.0032,0.0063,0.0095,43040,1100,1
10000,100,2,19,0.0035,0.0063,0.0098,43040,1100,1
10000,100,2,20,0.0035,0.0062,0.0097,43040,1100,1
10000,100,2,21,0.0038,0.0065,0.0103,43040,1100,1
10000,100,2,22,0.0037,0.0064,0.010100000000000001,43040,1100,1
10000,100,2,23,0.0035,0.0063,0.0098,43040,1100,1
10000,100,2,24,0.0033,0.0063,0.009600000000000001,43040,1100,1
10000,100,2,25,0.0034,0.0065,0.009899999999999999,43040,1100,1
10000,100,2,26,0.0036,0.0064,0.01,43040,1100,1
10000,100,2,27,0.0035,0.0065,0.01,43040,1100,1
10000,100,2,28,0.0032,0.0066,0.0098,43040,1100,1
10000,100,2,29,0.0033,0.0064,0.0097,43040,1100,1
10000,100,2,30,0.0033,0.0063,0.009600000000000001,43040,1100,1
10000,100,2,31,0.0036,0.0065,0.0101,43040,1100,1
10000,100,2,32,0.0035,0.0063,0.0098,43040,1100,1
10000,100,2,33,0.0032,0.0061,0.009300000000000001,43040,1100,1
10000,100,2,34,0.0034,0.0064,0.0098,43040,1100,1
10000,100,2,35,0.0038,0.0065,0.0103,43040,1100,1
10000,100,2,36,0.0038,0.0066,0.0104,43040,1100,1
10000,100,2,37,0.0036,0.0062,0.0098,43040,1100,1
10000,100,2,38,0.0037,0.0064,0.010100000000000001,43040,1100,1
10000,100,2,39,0.0034,0.0061,0.0095,43040,1100,1
10000,100,2,40,0.0033,0.0077,0.011,43040,1100,1
10000,100,2,41,0.0035,0.0062,0.0097,43040,1100,1
10000,100,2,42,0.0035,0.0065,0.01,43040,1100,1
10000,100,2,43,0.0036,0.0067,0.0103,43040,1100,1
10000,100,2,44,0.0036,0.0064,0.01,43040,1100,1
10000,100,2,45,0.0035,0.0064,0.0099,43040,1100,1
10000,100,2,46,0.0037,0.0062,0.009899999999999999,43040,1100,1
10000,100,2,47,0.0035,0.0064,0.0099,43040,1100,1
10000,100,2,48,0.004,0.0066,0.0106,43040,1100,1
10000,100,2,49,0.0034,0.0064,0.0098,43040,1100,1
10000,100,2,50,0.0036,0.0064,0.01,43040,1100,1
10000,100,2,51,0.0034,0.0062,0.0096,43040,1100,1
10000,100,2,52,0.0036,0.0062,0.0098,43040,1100,1
10000,100,2,53,0.0036,0.0063,0.009899999999999999,43040,1100,1
10000,100,2,54,0.0035,0.0064,0.0099,43040,1100,1
10000,100,2,55,0.0035,0.0064,0.0099,43040,1100,1
10000,100,2,56,0.0035,0.0066,0.0101,43040,1100,1
10000,100,2,57,0.0034,0.0062,0.0096,43040,1100,1
10000,100,2,58,0.0035,0.0066,0.0101,43040,1100,1
10000,100,2,59,0.0039,0.0064,0.0103,43040,1100,1
10000,100,2,60,0.0033,0.0065,0.0098,43040,1100,1
10000,100,2,61,0.0035,0.0064,0.0099,43040,1100,1
10000,100,2,62,0.0036,0.0064,0.01,43040,1100,1
10000,100,2,63,0.0032,0.0062,0.0094,43040,1100,1
10000,100,2,64,0.0038,0.0063,0.0101,43040,1100,1
10000,100,2,65,0.0046,0.0062,0.0108,43040,1100,1
10000,100,2,66,0.0033,0.0065,0.0098,43040,1100,1
10000,100,2,67,0.0036,0.0064,0.01,43040,1100,1
10000,100,2,68,0.0036,0.0066,0.0102,43040,1100,1
10000,100,2,69,0.0034,0.0065,0.009899999999999999,43040,1100,1
10000,100,2,70,0.0032,0.0062,0.0094,43040,1100,1
10000,100,2,71,0.0038,0.0063,0.0101,43040,1100,1
10000,100,2,72,0.0034,0.0061,0.0095,43040,1100,1
10000,100,2,73,0.0036,0.0063,0.009899999999999999,43040,1100,1
10000,100,2,74,0.0032,0.0061,0.009300000000000001,43040,1100,1
10000,100,2,75,0.0036,0.0065,0.0101,43040,1100,1
10000,100,2,76,0.0033,0.0062,0.0095,43040,1100,1
10000,100,2,77,0.0036,0.0062,0.0098,43040,1100,1
10000,100,2,78,0.0032,0.0063,0.0095,43040,1100,1
10000,100,2,79,0.0034,0.0065,0.009899999999999999,43040,1100,1
10000,100,2,80,0.0036,0.0067,0.0103,43040,1100,1
10000,100,2,81,0.0031,0.0064,0.0095,43040,1100,1
10000,100,2,82,0.0032,0.0063,0.0095,43040,1100,1
10000,100,2,83,0.0033,0.0065,0.0098,43040,1100,1
10000,100,2,84,0.0036,0.0063,0.009899999999999999,43040,1100,1
10000,100,2,85,0.0037,0.0069,0.0106,43040,1100,1
10000,100,2,86,0.0037,0.0062,0.009899999999999999,43040,1100,1
10000,100,2,87,0.0036,0.0062,0.0098,43040,1100,1
10000,100,2,88,0.0033,0.0064,0.0097,43040,1100,1
10000,100,2,89,0.005,0.0063,0.011300000000000001,43040,1100,1
10000,100,2,90,0.0033,0.0061,0.0094,43040,1100,1
10000,100,2,91,0.0035,0.0063,0.0098,43040,1100,1
10000,100,2,92,0.0034,0.0064,0.0098,43040,1100,1
10000,100,2,93,0.0033,0.0062,0.0095,43040,1100,1
10000,100,2,94,0.0037,0.0063,0.01,43040,1100,1
10000,100,2,95,0.0033,0.0064,0.0097,43040,1100,1
10000,100,2,96,0.0035,0.0064,0.0099,43040,1100,1
10000,100,2,97,0.0035,0.0063,0.0098,43040,1100,1
10000,100,2,98,0.0037,0.0062,0.009899999999999999,43040,1100,1
10000,100,2,99,0.0033,0.0076,0.0109,43040,1100,1
10000,100,2,100,0.0035,0.0063,0.0098,43040,1100,1
10000,100,2,101,0.0038,0.0063,0.0101,43040,1100,1
10000,100,2,102,0.0033,0.0063,0.009600000000000001,43040,1100,1
10000,100,2,103,0.0032,0.0062,0.0094,43040,1100,1
10000,100,2,104,0.0034,0.0065,0.009899999999999999,43040,1100,1
10000,100,2,105,0.0033,0.0061,0.0094,43040,1100,1
10000,100,2,106,0.0036,0.0062,0.0098,43040,1100,1
10000,100,2,107,0.0033,0.0064,0.0097,43040,1100,1
10000,100,2,108,0.0034,0.0067,0.0101,43040,1100,1
10000,100,2,109,0.0037,0.0063,0.01,43040,1100,1
10000,100,2,110,0.0035,0.0065,0.01,43040,1100,1
10000,100,2,111,0.0033,0.0062,0.0095,43040,1100,1
10000,100,2,112,0.0033,0.0066,0.009899999999999999,43040,1100,1
10000,100,2,113,0.0043,0.0061,0.0104,43040,1100,1
10000,100,2,114,0.0038,0.0065,0.0103,43040,1100,1
10000,100,2,115,0.0032,0.0064,0.009600000000000001,43040,1100,1
10000,100,2,116,0.0033,0.0061,0.0094,43040,1100,1
10000,100,2,117,0.0035,0.0064,0.0099,43040,1100,1
10000,100,2,118,0.0036,0.0062,0.0098,43040,1100,1
10000,100,2,119,0.0035,0.0062,0.0097,43040,1100,1
10000,100,2,120,0.0034,0.0063,0.0097,43040,1100,1
10000,100,2,121,0.0033,0.0066,0.009899999999999999,43040,1100,1
10000,100,2,122,0.0032,0.0062,0.0094,43040,1100,1
10000,100,2,123,0.0037,0.0065,0.0102,43040,1100,1
10000,100,2,124,0.0035,0.0064,0.0099,43040,1100,1
10000,100,2,125,0.0037,0.0062,0.009899999999999999,43040,1100,1
10000,100,2,126,0.0034,0.0064,0.0098,43040,1100,1
10000,100,2,127,0.0034,0.0063,0.0097,43040,1100,1
10000,100,2,128,0.0035,0.0064,0.0099,43040,1100,1
10000,100,2,129,0.0034,0.0061,0.0095,43040,1100,1
10000,100,2,130,0.0032,0.0062,0.0094,43040,1100,1
10000,100,2,131,0.0033,0.0066,0.009899999999999999,43040,1100,1
10000,100,2,132,0.0033,0.0063,0.009600000000000001,43040,1100,1
10000,100,2,133,0.0033,0.0069,0.0102,43040,1100,1
10000,100,2,134,0.0033,0.0062,0.0095,43040,1100,1
10000,100,2,135,0.0034,0.0064,0.0098,43040,1100,1
10000,100,2,136,0.0035,0.0064,0.0099,43040,1100,1
10000,100,2,137,0.0047,0.0063,0.011,43040,1100,1
10000,100,2,138,0.0033,0.0065,0.0098,43040,1100,1
10000,100,2,139,0.0034,0.0063,0.0097,43040,1100,1
10000,100,2,140,0.0034,0.0064,0.0098,43040,1100,1
10000,100,2,141,0.0034,0.0065,0.009899999999999999,43040,1100,1
10000,100,2,142,0.0034,0.0066,0.01,43040,1100,1
10000,100,2,143,0.0037,0.0064,0.010100000000000001,43040,1100,1
10000,100,2,144,0.0034,0.0065,0.009899999999999999,43040,1100,1
10000,100,2,145,0.0032,0.0063,0.0095,43040,1100,1
10000,100,2,146,0.0035,0.0063,0.0098,43040,1100,1
10000,100,2,147,0.0035,0.0065,0.01,43040,1100,1
10000,100,2,148,0.0034,0.0064,0.0098,43040,1100,1
10000,100,2,149,0.0036,0.0063,0.009899999999999999,43040,1100,1
10000,100,2,150,0.0033,0.0066,0.009899999999999999,43040,1100,1
10000,100,2,151,0.0035,0.0063,0.0098,43040,1100,1
10000,100,2,152,0.0034,0.0066,0.01,43040,1100,1
10000,100,2,153,0.0037,0.0063,0.01,43040,1100,1
10000,100,2,154,0.0035,0.0064,0.0099,43040,1100,1
10000,100,2,155,0.0033,0.0066,0.009899999999999999,43040,1100,1
10000,100,2,156,0.0035,0.0066,0.0101,43040,1100,1
10000,100,2,157,0.0037,0.0063,0.01,43040,1100,1
10000,100,2,158,0.0035,0.0066,0.0101,43040,1100,1
10000,100,2,159,0.0033,0.0065,0.0098,43040,1100,1
10000,100,2,160,0.0033,0.0062,0.0095,43040,1100,1
10000,100,2,161,0.0047,0.0067,0.0114,43040,1100,1
10000,100,2,162,0.0034,0.0062,0.0096,43040,1100,1
10000,100,2,163,0.0033,0.0066,0.009899999999999999,43040,1100,1
10000,100,2,164,0.0034,0.0065,0.009899999999999999,43040,1100,1
10000,100,2,165,0.0036,0.0062,0.0098,43040,1100,1
10000,100,2,166,0.0034,0.0062,0.0096,43040,1100,1
10000,100,2,167,0.0036,0.0064,0.01,43040,1100,1
10000,100,2,168,0.0037,0.0063,0.01,43040,1100,1
10000,100,2,169,0.0034,0.0065,0.009899999999999999,43040,1100,1
10000,100,2,170,0.0035,0.0062,0.0097,43040,1100,1
10000,100,2,171,0.0032,0.0064,0.009600000000000001,43040,1100,1
10000,100,2,172,0.0035,0.0063,0.0098,43040,1100,1
10000,100,2,173,0.0038,0.0063,0.0101,43040,1100,1
10000,100,2,174,0.0033,0.0065,0.0098,43040,1100,1
10000,100,2,175,0.0033,0.0063,0.009600000000000001,43040,1100,1
10000,100,2,176,0.0035,0.0062,0.0097,43040,1100,1
10000,100,2,177,0.0036,0.0065,0.0101,43040,1100,1
10000,100,2,178,0.0034,0.0063,0.0097,43040,1100,1
10000,100,2,179,0.0035,0.0063,0.0098,43040,1100,1
10000,100,2,180,0.0037,0.0062,0.009899999999999999,43040,1100,1
10000,100,2,181,0.0037,0.0065,0.0102,43040,1100,1
10000,100,2,182,0.0033,0.0067,0.01,43040,1100,1
10000,100,2,183,0.0034,0.0064,0.0098,43040,1100,1
10000,100,2,184,0.0035,0.0064,0.0099,43040,1100,1
10000,100,2,185,0.0034,0.0073,0.0107,43040,1100,1
10000,100,2,186,0.0034,0.0062,0.0096,43040,1100,1
10000,100,2,187,0.0035,0.0064,0.0099,43040,1100,1
10000,100,2,188,0.0033,0.0066,0.009899999999999999,43040,1100,1
10000,100,2,189,0.0033,0.0061,0.0094,43040,1100,1
10000,100,2,190,0.0033,0.0064,0.0097,43040,1100,1
10000,100,2,191,0.0037,0.0062,0.009899999999999999,43040,1100,1
10000,100,2,192,0.0035,0.0065,0.01,43040,1100,1
10000,100,2,193,0.0036,0.0068,0.0104,43040,1100,1
10000,100,2,194,0.0035,0.0065,0.01,43040,1100,1
10000,100,2,195,0.0037,0.0062,0.009899999999999999,43040,1100,1
10000,100,2,196,0.0033,0.0066,0.009899999999999999,43040,1100,1
10000,100,2,197,0.0036,0.0066,0.0102,43040,1100,1
10000,100,2,198,0.0032,0.0064,0.009600000000000001,43040,1100,1
10000,100,2,199,0.0036,0.0064,0.01,43040,1100,1
10000,100,2,200,0.0035,0.0063,0.0098,43040,1100,1
10000,100,2,201,0.0033,0.0062,0.0095,43040,1100,1
10000,100,2,202,0.0036,0.0062,0.0098,43040,1100,1
10000,100,2,203,0.0033,0.0064,0.0097,43040,1100,1
10000,100,2,204,0.0034,0.0063,0.0097,43040,1100,1
10000,100,2,205,0.0033,0.0061,0.0094,43040,1100,1
10000,100,2,206,0.0035,0.0063,0.0098,43040,1100,1
10000,100,2,207,0.0036,0.0065,0.0101,43040,1100,1
10000,100,2,208,0.0036,0.0068,0.0104,43040,1100,1
10000,100,2,209,0.0038,0.0076,0.0114,43040,1100,1
10000,100,2,210,0.0037,0.0065,0.0102,43040,1100,1
10000,100,2,211,0.0035,0.0064,0.0099,43040,1100,1
10000,100,2,212,0.0037,0.0106,0.0143,43880,1100,1
10000,100,2,213,0.0033,0.0064,0.0097,43040,1100,1
10000,100,2,214,0.0032,0.0062,0.0094,43040,1100,1
10000,100,2,215,0.0034,0.0064,0.0098,43040,1100,1
10000,100,2,216,0.0037,0.0062,0.009899999999999999,43040,1100,1
10000,100,2,217,0.0038,0.0068,0.0106,43040,1100,1
10000,100,2,218,0.0035,0.0062,0.0097,43040,1100,1
10000,100,2,219,0.0036,0.0063,0.009899999999999999,43040,1100,1
10000,100,2,220,0.0035,0.0065,0.01,43040,1100,1
10000,100,2,221,0.0038,0.0062,0.01,43040,1100,1
10000,100,2,222,0.0036,0.0064,0.01,43040,1100,1
10000,100,2,223,0.0033,0.0066,0.009899999999999999,43040,1100,1
10000,100,2,224,0.0032,0.0061,0.009300000000000001,43040,1100,1
10000,100,2,225,0.0033,0.0067,0.01,43040,1100,1
10000,100,2,226,0.0037,0.0063,0.01,43040,1100,1
10000,100,2,227,0.0035,0.0063,0.0098,43040,1100,1
10000,100,2,228,0.0034,0.0062,0.0096,43040,1100,1
10000,100,2,229,0.0035,0.0062,0.0097,43040,1100,1
10000,100,2,230,0.0035,0.0067,0.0102,43040,1100,1
10000,100,2,231,0.0034,0.0061,0.0095,43040,1100,1
10000,100,2,232,0.0033,0.0063,0.009600000000000001,43040,1100,1
10000,100,2,233,0.0034,0.0072,0.0106,43040,1100,1
10000,100,2,234,0.0033,0.0064,0.0097,43040,1100,1
10000,100,2,235,0.0036,0.0068,0.0104,43040,1100,1
10000,100,2,236,0.0038,0.007,0.0108,43040,1100,1
10000,100,2,237,0.0036,0.0064,0.01,43040,1100,1
10000,100,2,238,0.0032,0.0063,0.0095,43040,1100,1
10000,100,2,239,0.0034,0.0064,0.0098,43040,1100,1
10000,100,2,240,0.0036,0.0063,0.009899999999999999,43040,1100,1
10000,100,2,241,0.0036,0.0066,0.0102,43040,1100,1
10000,100,2,242,0.0032,0.0064,0.009600000000000001,43040,1100,1
10000,100,2,243,0.0032,0.0062,0.0094,43040,1100,1
10000,100,2,244,0.0034,0.0066,0.01,43040,1100,1
10000,100,2,245,0.0033,0.0066,0.009899999999999999,43040,1100,1
10000,100,2,246,0.0037,0.0064,0.010100000000000001,43040,1100,1
10000,100,2,247,0.0033,0.0062,0.0095,43040,1100,1
10000,100,2,248,0.0038,0.0065,0.0103,43040,1100,1
10000,100,2,249,0.0035,0.0062,0.0097,43040,1100,1
10000,100,2,250,0.0033,0.0063,0.009600000000000001,43040,1100,1
10000,100,2,251,0.0034,0.0065,0.009899999999999999,43040,1100,1
10000,100,2,252,0.0036,0.0067,0.0103,43040,1100,1
10000,100,2,253,0.0035,0.0062,0.0097,43040,1100,1
10000,100,2,254,0.0037,0.0069,0.0106,43040,1100,1
10000,100,2,255,0.0033,0.0063,0.009600000000000001,43040,1100,1
10000,100,3,0,0.0042,0.0065,0.0107,43040,1100,1
10000,100,3,1,0.0039,0.007,0.0109,43040,1100,1
10000,100,3,2,0.0042,0.0068,0.011,43040,1100,1
10000,100,3,3,0.0038,0.0066,0.0104,43040,1100,1
10000,100,3,4,0.0038,0.0069,0.0107,43040,1100,1
10000,100,3,5,0.004,0.0069,0.0109,43040,1100,1
10000,100,3,6,0.0036,0.0066,0.0102,43040,1100,1
10000,100,3,7,0.0035,0.0067,0.0102,43040,1100,1
10000,100,3,8,0.004,0.0065,0.010499999999999999,43040,1100,1
10000,100,3,9,0.0041,0.0065,0.0106,43040,1100,1
10000,100,3,10,0.004,0.0064,0.0104,43040,1100,1
10000,100,3,11,0.005,0.0065,0.0115,43040,1100,1
10000,100,3,12,0.004,0.0066,0.0106,43040,1100,1
10000,100,3,13,0.0038,0.0066,0.0104,43040,1100,1
10000,100,3,14,0.0039,0.0064,0.0103,43040,1100,1
10000,100,3,15,0.0042,0.0064,0.0106,43040,1100,1
10000,100,3,16,0.0042,0.0064,0.0106,43040,1100,1
10000,100,3,17,0.0038,0.0067,0.0105,43040,1100,1
10000,100,3,18,0.0036,0.0066,0.0102,43040,1100,1
10000,100,3,19,0.0038,0.0065,0.0103,43040,1100,1
10000,100,3,20,0.0034,0.0066,0.01,43040,1100,1
10000,100,3,21,0.0039,0.0069,0.0108,43040,1100,1
10000,100,3,22,0.0037,0.0063,0.01,43040,1100,1
10000,100,3,23,0.004,0.0069,0.0109,43040,1100,1
10000,100,3,24,0.0036,0.0066,0.0102,43040,1100,1
10000,100,3,25,0.0038,0.0064,0.0102,43040,1100,1
10000,100,3,26,0.0035,0.0066,0.0101,43040,1100,1
10000,100,3,27,0.0036,0.0068,0.0104,43040,1100,1
10000,100,3,28,0.0038,0.0065,0.0103,43040,1100,1
10000,100,3,29,0.0038,0.0069,0.0107,43040,1100,1
10000,100,3,30,0.0037,0.0065,0.0102,43040,1100,1
10000,100,3,31,0.004,0.0065,0.010499999999999999,43040,1100,1
10000,100,3,32,0.004,0.0068,0.0108,43040,1100,1
10000,100,3,33,0.0037,0.0065,0.0102,43040,1100,1
10000,100,3,34,0.0035,0.0067,0.0102,43040,1100,1
10000,100,3,35,0.0044,0.0067,0.0111,43040,1100,1
10000,100,3,36,0.0034,0.0064,0.0098,43040,1100,1
10000,100,3,37,0.0035,0.0068,0.0103,43040,1100,1
10000,100,3,38,0.0041,0.0064,0.0105,43040,1100,1
10000,100,3,39,0.0037,0.0066,0.0103,43040,1100,1
10000,100,3,40,0.0037,0.0065,0.0102,43040,1100,1
10000,100,3,41,0.0037,0.0066,0.0103,43040,1100,1
10000,100,3,42,0.0039,0.0067,0.0106,43040,1100,1
10000,100,3,43,0.0036,0.0065,0.0101,43040,1100,1
10000,100,3,44,0.0033,0.0064,0.0097,43040,1100,1
10000,100,3,45,0.0037,0.0067,0.0104,43040,1100,1
10000,100,3,46,0.0038,0.0064,0.0102,43040,1100,1
10000,100,3,47,0.004,0.0065,0.010499999999999999,43040,1100,1
10000,100,3,48,0.0035,0.0068,0.0103,43040,1100,1
10000,100,3,49,0.0039,0.0066,0.010499999999999999,43040,1100,1
10000,100,3,50,0.0035,0.0068,0.0103,43040,1100,1
10000,100,3,51,0.0036,0.0064,0.01,43040,1100,1
10000,100,3,52,0.0038,0.0064,0.0102,43040,1100,1
10000,100,3,53,0.0035,0.0065,0.01,43040,1100,1
10000,100,3,54,0.0036,0.0066,0.0102,43040,1100,1
10000,100,3,55,0.0035,0.007,0.0105,43040,1100,1
10000,100,3,56,0.0035,0.0068,0.0103,43040,1100,1
10000,100,3,57,0.0036,0.0069,0.010499999999999999,43040,1100,1
10000,100,3,58,0.0039,0.0067,0.0106,43040,1100,1
10000,100,3,59,0.0048,0.0067,0.0115,43040,1100,1
10000,100,3,60,0.0038,0.0064,0.0102,43040,1100,1
10000,100,3,61,0.0034,0.0068,0.010199999999999999,43040,1100,1
10000,100,3,62,0.0038,0.0067,0.0105,43040,1100,1
10000,100,3,63,0.0036,0.0066,0.0102,43040,1100,1
10000,100,3,64,0.0035,0.0067,0.0102,43040,1100,1
10000,100,3,65,0.0037,0.0068,0.010499999999999999,43040,1100,1
10000,100,3,66,0.0033,0.0066,0.009899999999999999,43040,1100,1
10000,100,3,67,0.0037,0.0065,0.0102,43040,1100,1
10000,100,3,68,0.0035,0.0065,0.01,43040,1100,1
10000,100,3,69,0.0035,0.0066,0.0101,43040,1100,1
10000,100,3,70,0.0039,0.0065,0.0104,43040,1100,1
10000,100,3,71,0.0039,0.0068,0.0107,43040,1100,1
10000,100,3,72,0.0039,0.0069,0.0108,43040,1100,1
10000,100,3,73,0.0039,0.0064,0.0103,43040,1100,1
10000,100,3,74,0.0037,0.0065,0.0102,43040,1100,1
10000,100,3,75,0.0038,0.0065,0.0103,43040,1100,1
10000,100,3,76,0.0034,0.0067,0.0101,43040,1100,1
10000,100,3,77,0.0034,0.0066,0.01,43040,1100,1
10000,100,3,78,0.0037,0.0064,0.010100000000000001,43040,1100,1
10000,100,3,79,0.0035,0.0065,0.01,43040,1100,1
10000,100,3,80,0.0038,0.0068,0.0106,43040,1100,1
10000,100,3,81,0.0038,0.0066,0.0104,43040,1100,1
10000,100,3,82,0.0038,0.007,0.0108,43040,1100,1
10000,100,3,83,0.0045,0.0069,0.0114,43040,1100,1
10000,100,3,84,0.0038,0.0066,0.0104,43040,1100,1
10000,100,3,85,0.0036,0.0068,0.0104,43040,1100,1
10000,100,3,86,0.0037,0.0064,0.010100000000000001,43040,1100,1
10000,100,3,87,0.0038,0.0065,0.0103,43040,1100,1
10000,100,3,88,0.0033,0.0064,0.0097,43040,1100,1
10000,100,3,89,0.0038,0.0065,0.0103,43040,1100,1
10000,100,3,90,0.0036,0.0068,0.0104,43040,1100,1
10000,100,3,91,0.0038,0.0067,0.0105,43040,1100,1
10000,100,3,92,0.0039,0.0068,0.0107,43040,1100,1
10000,100,3,93,0.0039,0.0068,0.0107,43040,1100,1
10000,100,3,94,0.0037,0.0068,0.010499999999999999,43040,1100,1
10000,100,3,95,0.0038,0.0066,0.0104,43040,1100,1
10000,100,3,96,0.0038,0.0069,0.0107,43040,1100,1
10000,100,3,97,0.0035,0.0068,0.0103,43040,1100,1
10000,100,3,98,0.0035,0.0067,0.0102,43040,1100,1
10000,100,3,99,0.0037,0.0067,0.0104,43040,1100,1
10000,100,3,100,0.0038,0.0064,0.0102,43040,1100,1
10000,100,3,101,0.0037,0.0065,0.0102,43040,1100,1
10000,100,3,102,0.0034,0.0068,0.010199999999999999,43040,1100,1
10000,100,3,103,0.0041,0.0066,0.010700000000000001,43040,1100,1
10000,100,3,104,0.0038,0.0067,0.0105,43040,1100,1
10000,100,3,105,0.0036,0.0067,0.0103,43040,1100,1
10000,100,3,106,0.0039,0.0068,0.0107,43040,1100,1
10000,100,3,107,0.005,0.0066,0.0116,43040,1100,1
10000,100,3,108,0.0044,0.0068,0.0112,43040,1100,1
10000,100,3,109,0.004,0.0066,0.0106,43040,1100,1
10000,100,3,110,0.004,0.0065,0.010499999999999999,43040,1100,1
10000,100,3,111,0.004,0.0065,0.010499999999999999,43040,1100,1
10000,100,3,112,0.0041,0.0066,0.010700000000000001,43040,1100,1
10000,100,3,113,0.0041,0.0067,0.0108,43040,1100,1
10000,100,3,114,0.0045,0.0066,0.011099999999999999,43040,1100,1
10000,100,3,115,0.004,0.0067,0.010700000000000001,43040,1100,1
10000,100,3,116,0.0043,0.0066,0.0109,43040,1100,1
10000,100,3,117,0.0038,0.0065,0.0103,43040,1100,1
10000,100,3,118,0.0041,0.0066,0.010700000000000001,43040,1100,1
10000,100,3,119,0.0041,0.0067,0.0108,43040,1100,1
10000,100,3,120,0.0036,0.0069,0.010499999999999999,43040,1100,1
10000,100,3,121,0.0039,0.0067,0.0106,43040,1100,1
10000,100,3,122,0.0041,0.0068,0.0109,43040,1100,1
10000,100,3,123,0.0038,0.0066,0.0104,43040,1100,1
10000,100,3,124,0.0039,0.0073,0.0112,43040,1100,1
10000,100,3,125,0.0041,0.0065,0.0106,43040,1100,1
10000,100,3,126,0.0041,0.0065,0.0106,43040,1100,1
10000,100,3,127,0.0041,0.0067,0.0108,43040,1100,1
10000,100,3,128,0.0037,0.0065,0.0102,43040,1100,1
10000,100,3,129,0.0036,0.0065,0.0101,43040,1100,1
10000,100,3,130,0.004,0.0066,0.0106,43040,1100,1
10000,100,3,131,0.004,0.0079,0.0119,43040,1100,1
10000,100,3,132,0.004,0.0066,0.0106,43040,1100,1
10000,100,3,133,0.0041,0.0069,0.011,43040,1100,1
10000,100,3,134,0.0042,0.0067,0.0109,43040,1100,1
10000,100,3,135,0.0037,0.0069,0.0106,43040,1100,1
10000,100,3,136,0.0035,0.0069,0.0104,43040,1100,1
10000,100,3,137,0.0035,0.0065,0.01,43040,1100,1
10000,100,3,138,0.0034,0.0066,0.01,43040,1100,1
10000,100,3,139,0.0035,0.0065,0.01,43040,1100,1
10000,100,3,140,0.0039,0.0066,0.010499999999999999,43040,1100,1
10000,100,3,141,0.0036,0.0067,0.0103,43040,1100,1
10000,100,3,142,0.0036,0.0066,0.0102,43040,1100,1
10000,100,3,143,0.0036,0.007,0.0106,43040,1100,1
10000,100,3,144,0.0036,0.0068,0.0104,43040,1100,1
10000,100,3,145,0.0037,0.0065,0.0102,43040,1100,1
10000,100,3,146,0.0035,0.0069,0.0104,43040,1100,1
10000,100,3,147,0.0037,0.0067,0.0104,43040,1100,1
10000,100,3,148,0.0033,0.0899,0.09319999999999999,43040,1100,1
10000,100,3,149,0.0038,0.0066,0.0104,43040,1100,1
10000,100,3,150,0.0038,0.007,0.0108,43040,1100,1
10000,100,3,151,0.0038,0.0069,0.0107,43040,1100,1
10000,100,3,152,0.0037,0.0065,0.0102,43040,1100,1
10000,100,3,153,0.0037,0.0065,0.0102,43040,1100,1
10000,100,3,154,0.0038,0.0084,0.012199999999999999,43040,1100,1
10000,100,3,155,0.0037,0.0235,0.027200000000000002,43040,1100,1
10000,100,3,156,0.0049,0.0074,0.0123,43040,1100,1
10000,100,3,157,0.0035,0.0111,0.0146,43880,1100,1
10000,100,3,158,0.0035,0.0064,0.0099,43040,1100,1
10000,100,3,159,0.0034,0.0066,0.01,43040,1100,1
10000,100,3,160,0.0038,0.0066,0.0104,43040,1100,1
10000,100,3,161,0.0036,0.0067,0.0103,43040,1100,1
10000,100,3,162,0.0039,0.0066,0.010499999999999999,43040,1100,1
10000,100,3,163,0.0043,0.007,0.011300000000000001,43040,1100,1
10000,100,3,164,0.0039,0.0069,0.0108,43040,1100,1
10000,100,3,165,0.0038,0.0068,0.0106,43040,1100,1
10000,100,3,166,0.0038,0.0068,0.0106,43040,1100,1
10000,100,3,167,0.0038,0.007,0.0108,43040,1100,1
10000,100,3,168,0.0038,0.0066,0.0104,43040,1100,1
10000,100,3,169,0.0039,0.007,0.0109,43040,1100,1
10000,100,3,170,0.0037,0.0066,0.0103,43040,1100,1
10000,100,3,171,0.0037,0.0069,0.0106,43040,1100,1
10000,100,3,172,0.0037,0.007,0.010700000000000001,43040,1100,1
10000,100,3,173,0.0037,0.0065,0.0102,43040,1100,1
10000,100,3,174,0.0038,0.0067,0.0105,43040,1100,1
10000,100,3,175,0.0038,0.0069,0.0107,43040,1100,1
10000,100,3,176,0.0037,0.0066,0.0103,43040,1100,1
10000,100,3,177,0.0035,0.0069,0.0104,43040,1100,1
10000,100,3,178,0.0038,0.0065,0.0103,43040,1100,1
10000,100,3,179,0.0034,0.0075,0.0109,43040,1100,1
10000,100,3,180,0.0036,0.0066,0.0102,43040,1100,1
10000,100,3,181,0.0039,0.0066,0.010499999999999999,43040,1100,1
10000,100,3,182,0.0035,0.0068,0.0103,43040,1100,1
10000,100,3,183,0.0036,0.0067,0.0103,43040,1100,1
10000,100,3,184,0.0037,0.0069,0.0106,43040,1100,1
10000,100,3,185,0.0038,0.0069,0.0107,43040,1100,1
10000,100,3,186,0.0035,0.0066,0.0101,43040,1100,1
10000,100,3,187,0.0039,0.0066,0.010499999999999999,43040,1100,1
10000,100,3,188,0.0036,0.0069,0.010499999999999999,43040,1100,1
10000,100,3,189,0.0038,0.0074,0.0112,43040,1100,1
10000,100,3,190,0.0036,0.0065,0.0101,43040,1100,1
10000,100,3,191,0.004,0.0069,0.0109,43040,1100,1
10000,100,3,192,0.0039,0.0066,0.010499999999999999,43040,1100,1
10000,100,3,193,0.0038,0.0068,0.0106,43040,1100,1
10000,100,3,194,0.0036,0.0067,0.0103,43040,1100,1
10000,100,3,195,0.0035,0.0069,0.0104,43040,1100,1
10000,100,3,196,0.0037,0.0067,0.0104,43040,1100,1
10000,100,3,197,0.0035,0.0066,0.0101,43040,1100,1
10000,100,3,198,0.0036,0.0064,0.01,43040,1100,1
10000,100,3,199,0.0038,0.0065,0.0103,43040,1100,1
10000,100,3,200,0.0036,0.0066,0.0102,43040,1100,1
10000,100,3,201,0.0036,0.0066,0.0102,43040,1100,1
10000,100,3,202,0.0039,0.0069,0.0108,43040,1100,1
10000,100,3,203,0.0039,0.0079,0.011800000000000001,43040,1100,1
10000,100,3,204,0.0039,0.0065,0.0104,43040,1100,1
10000,100,3,205,0.0038,0.0066,0.0104,43040,1100,1
10000,100,3,206,0.0038,0.0064,0.0102,43040,1100,1
10000,100,3,207,0.0036,0.0066,0.0102,43040,1100,1
10000,100,3,208,0.0039,0.0067,0.0106,43040,1100,1
10000,100,3,209,0.004,0.0066,0.0106,43040,1100,1
10000,100,3,210,0.0037,0.0067,0.0104,43040,1100,1
10000,100,3,211,0.0037,0.007,0.010700000000000001,43040,1100,1
10000,100,3,212,0.0036,0.0064,0.01,43040,1100,1
10000,100,3,213,0.0035,0.0064,0.0099,43040,1100,1
10000,100,3,214,0.0038,0.0064,0.0102,43040,1100,1
10000,100,3,215,0.004,0.0068,0.0108,43040,1100,1
10000,100,3,216,0.0037,0.0065,0.0102,43040,1100,1
10000,100,3,217,0.0039,0.0067,0.0106,43040,1100,1
10000,100,3,218,0.0039,0.0071,0.011,43040,1100,1
10000,100,3,219,0.0043,0.0065,0.0108,43040,1100,1
10000,100,3,220,0.0041,0.0068,0.0109,43040,1100,1
10000,100,3,221,0.0038,0.0066,0.0104,43040,1100,1
10000,100,3,222,0.0041,0.0067,0.0108,43040,1100,1
10000,100,3,223,0.0039,0.0067,0.0106,43040,1100,1
10000,100,3,224,0.004,0.0066,0.0106,43040,1100,1
10000,100,3,225,0.0037,0.0068,0.010499999999999999,43040,1100,1
10000,100,3,226,0.004,0.0065,0.010499999999999999,43040,1100,1
10000,100,3,227,0.0037,0.0076,0.011300000000000001,43040,1100,1
10000,100,3,228,0.0037,0.0067,0.0104,43040,1100,1
10000,100,3,229,0.0036,0.0069,0.010499999999999999,43040,1100,1
10000,100,3,230,0.0039,0.0095,0.013399999999999999,43880,1100,1
10000,100,3,231,0.0038,0.0064,0.0102,43040,1100,1
10000,100,3,232,0.0035,0.0064,0.0099,43040,1100,1
10000,100,3,233,0.0039,0.0065,0.0104,43040,1100,1
10000,100,3,234,0.0038,0.0065,0.0103,43040,1100,1
10000,100,3,235,0.0039,0.0067,0.0106,43040,1100,1
10000,100,3,236,0.0042,0.0066,0.0108,43040,1100,1
10000,100,3,237,0.0039,0.0068,0.0107,43040,1100,1
10000,100,3,238,0.0039,0.0065,0.0104,43040,1100,1
10000,100,3,239,0.0038,0.007,0.0108,43040,1100,1
10000,100,3,240,0.0041,0.0067,0.0108,43040,1100,1
10000,100,3,241,0.0041,0.0066,0.010700000000000001,43040,1100,1
10000,100,3,242,0.004,0.0066,0.0106,43040,1100,1
10000,100,3,243,0.004,0.0069,0.0109,43040,1100,1
10000,100,3,244,0.0039,0.0068,0.0107,43040,1100,1
10000,100,3,245,0.0042,0.0069,0.011099999999999999,43040,1100,1
10000,100,3,246,0.0041,0.0065,0.0106,43040,1100,1
10000,100,3,247,0.0038,0.0068,0.0106,43040,1100,1
10000,100,3,248,0.0036,0.0067,0.0103,43040,1100,1
10000,100,3,249,0.0037,0.0069,0.0106,43040,1100,1
10000,100,3,250,0.0037,0.009,0.0127,43880,1100,1
10000,100,3,251,0.0038,0.0079,0.0117,43040,1100,1
10000,100,3,252,0.0036,0.0065,0.0101,43040,1100,1
10000,100,3,253,0.0036,0.0067,0.0103,43040,1100,1
10000,100,3,254,0.0036,0.0068,0.0104,43040,1100,1
10000,100,3,255,0.0036,0.0067,0.0103,43040,1100,1
10000,10000,1,0,0.6451,0.7624,1.4075,4308840,112508,79
10000,10000,1,1,0.5525,0.7928,1.3453,4309680,112508,79
10000,10000,1,2,0.4214,0.7643,1.1857,4308840,112508,79
10000,10000,1,3,0.4423,0.7497,1.1920000000000002,4310520,112508,79
10000,10000,1,4,0.585,0.7417,1.3267,4309680,112508,79
10000,10000,1,5,0.4766,0.7473,1.2239,4309680,112508,79
10000,10000,1,6,0.4073,0.7344,1.1417000000000002,4310520,112508,79
10000,10000,1,7,0.6634,0.7231,1.3864999999999998,4309680,112508,79
10000,10000,1,8,0.4753,0.7344,1.2097,4309680,112508,79
10000,10000,1,9,0.4916,0.7107,1.2023,4309680,112508,79
10000,10000,1,10,0.5563,0.7128,1.2691,4309680,112508,79
10000,10000,1,11,0.5192,0.716,1.2351999999999999,4308840,112508,79
10000,10000,1,12,0.6113,0.7127,1.3239999999999998,4310520,112508,79
10000,10000,1,13,0.5857,0.7047,1.2904,4308840,112508,79
10000,10000,1,14,0.7524,0.7174,1.4698,4310520,112508,79
10000,10000,1,15,0.402,0.7073,1.1093000000000002,4309680,112508,79
10000,10000,1,16,0.7182,0.8212,1.5394,4308840,112508,79
10000,10000,1,17,0.4649,0.7607,1.2256,4309680,112508,79
10000,10000,1,18,4.1106,1.4106,5.5212,4309680,112508,79
10000,10000,1,19,0.4926,0.9976,1.4902,4309680,112508,79
10000,10000,1,20,0.4417,0.96,1.4017,4308840,112508,79
10000,10000,1,21,0.4834,0.7788,1.2622,4309680,112508,79
10000,10000,1,22,0.4129,0.7543,1.1672,4309680,112508,79
10000,10000,1,23,0.4251,0.7245,1.1496,4308840,112508,79
10000,10000,1,24,0.4137,0.7375,1.1512,4308840,112508,79
10000,10000,1,25,0.4263,0.7221,1.1484,4308840,112508,79
10000,10000,1,26,0.4091,0.7115,1.1206,4308840,112508,79
10000,10000,1,27,0.403,0.7097,1.1127,4308840,112508,79
10000,10000,1,28,0.4428,0.7706,1.2134,4309680,112508,79
10000,10000,1,29,0.4192,0.7337,1.1529,4308840,112508,79
10000,10000,1,30,0.4077,0.726,1.1337,4309680,112508,79
10000,10000,1,31,0.4387,0.7204,1.1591,4308840,112508,79
10000,10000,2,0,0.5524,0.836,1.3883999999999999,4311360,112508,79
10000,10000,2,1,0.4028,0.7038,1.1066,4309680,112508,79
10000,10000,2,2,0.4069,0.697,1.1038999999999999,4308840,112508,79
10000,10000,2,3,0.4171,0.9804,1.3975,4312200,112508,79
10000,10000,2,4,0.5501,0.8823,1.4324,4308840,112508,79
10000,10000,2,5,0.5078,1.0093,1.5171000000000001,4310520,112508,79
10000,10000,2,6,0.4035,0.9895,1.393,4309680,112508,79
10000,10000,2,7,0.5017,0.7499,1.2516,4309680,112508,79
10000,10000,2,8,0.4085,0.8037,1.2122,4309680,112508,79
10000,10000,2,9,0.5116,0.7763,1.2879,4310520,112508,79
10000,10000,2,10,0.4295,0.7664,1.1959,4308840,112508,79
10000,10000,2,11,0.4629,0.7069,1.1698,4308840,112508,79
10000,10000,2,12,0.4135,0.6998,1.1133,4309680,112508,79
10000,10000,2,13,0.4069,0.7532,1.1601,4309680,112508,79
10000,10000,2,14,0.4078,0.8755,1.2832999999999999,4310520,112508,79
10000,10000,2,15,0.5255,0.71,1.2355,4309680,112508,79
10000,10000,2,16,0.4047,0.8947,1.2994,4309680,112508,79
10000,10000,2,17,4.2217,1.4218,5.6435,4308840,112508,79
10000,10000,2,18,0.7439,0.8476,1.5915,4309680,112508,79
10000,10000,2,19,0.4389,0.8176,1.2565,4310520,112508,79
10000,10000,2,20,0.4207,0.7971,1.2178,4309680,112508,79
10000,10000,2,21,0.4039,0.7247,1.1286,4309680,112508,79
10000,10000,2,22,0.4084,0.7198,1.1282,4308840,112508,79
10000,10000,2,23,0.4251,0.7077,1.1328,4310520,112508,79
10000,10000,2,24,0.4174,0.7026,1.12,4308840,112508,79
10000,10000,2,25,0.4096,0.7007,1.1103,4308840,112508,79
10000,10000,2,26,0.5956,1.1628,1.7584,4309680,112508,79
10000,10000,2,27,0.4506,0.7627,1.2133,4308840,112508,79
10000,10000,2,28,0.4588,0.7261,1.1848999999999998,4309680,112508,79
10000,10000,2,29,0.4195,0.7162,1.1357,4308840,112508,79
10000,10000,2,30,0.4195,0.7251,1.1446,4309680,112508,79
10000,10000,2,31,0.4206,0.7207,1.1413,4309680,112508,79
10000,10000,3,0,0.4195,0.7018,1.1213,4308840,112508,79
10000,10000,3,1,0.4141,0.6928,1.1069,4308840,112508,79
10000,10000,3,2,0.4132,0.6924,1.1056,4308840,112508,79
10000,10000,3,3,0.4198,0.7164,1.1362,4309680,112508,79
10000,10000,3,4,0.4143,0.6961,1.1104,4309680,112508,79
10000,10000,3,5,0.4137,0.723,1.1367,4309680,112508,79
10000,10000,3,6,0.4548,0.7149,1.1697,4308840,112508,79
10000,10000,3,7,0.4144,0.7207,1.1351,4309680,112508,79
10000,10000,3,8,0.5434,0.7919,1.3353000000000002,4309680,112508,79
10000,10000,3,9,0.4311,0.6951,1.1262,4309680,112508,79
10000,10000,3,10,0.406,0.777,1.183,4309680,112508,79
10000,10000,3,11,0.4512,0.693,1.1441999999999999,4310520,112508,79
10000,10000,3,12,0.4076,0.6931,1.1007,4310520,112508,79
10000,10000,3,13,0.4537,0.7336,1.1873,4309680,112508,79
10000,10000,3,14,0.6103,0.8278,1.4381,4309680,112508,79
10000,10000,3,15,0.6337,0.7212,1.3549,4308840,112508,79
10000,10000,3,16,0.5861,0.7019,1.2879999999999998,4308840,112508,79
10000,10000,3,17,0.4259,0.7209,1.1468,4308840,112508,79
10000,10000,3,18,0.5828,0.707,1.2898,4308840,112508,79
10000,10000,3,19,0.5325,0.8383,1.3708,4308840,112508,79
10000,10000,3,20,0.6872,0.709,1.3961999999999999,4308840,112508,79
10000,10000,3,21,0.6651,0.7696,1.4346999999999999,4308840,112508,79
10000,10000,3,22,0.4184,0.9068,1.3252000000000002,4310520,112508,79
10000,10000,3,23,0.5331,0.8671,1.4002,4309680,112508,79
10000,10000,3,24,0.5244,0.693,1.2174,4308840,112508,79
10000,10000,3,25,0.4683,0.8536,1.3219,4308840,112508,79
10000,10000,3,26,0.6061,0.7601,1.3662,4308840,112508,79
10000,10000,3,27,0.4566,0.8469,1.3035,4308840,112508,79
10000,10000,3,28,0.6419,0.8115,1.4534,4308840,112508,79
10000,10000,3,29,0.5081,0.702,1.2101,4308840,112508,79
10000,10000,3,30,0.5109,0.7503,1.2612,4308840,112508,79
10000,10000,3,31,0.4197,0.7879,1.2076,4309680,112508,79
65536,0,1,0,0.0,0.0,0.0,0,0,0
65536,0,1,1,0.0,0.0,0.0,0,0,0
65536,0,1,2,0.0,0.0,0.0,0,0,0
65536,0,1,3,1.0E-4,0.0,1.0E-4,0,0,0
65536,0,1,4,0.0,0.0,0.0,0,0,0
65536,0,1,5,1.0E-4,0.0,1.0E-4,0,0,0
65536,0,1,6,0.0,0.0,0.0,0,0,0
65536,0,1,7,1.0E-4,0.0,1.0E-4,0,0,0
65536,0,1,8,0.0,1.0E-4,1.0E-4,0,0,0
65536,0,1,9,0.0,1.0E-4,1.0E-4,0,0,0
65536,0,1,10,0.0,0.0,0.0,0,0,0
65536,0,1,11,1.0E-4,0.0,1.0E-4,0,0,0
65536,0,1,12,1.0E-4,0.0,1.0E-4,0,0,0
65536,0,1,13,0.0,0.0,0.0,0,0,0
65536,0,1,14,0.0,1.0E-4,1.0E-4,0,0,0
65536,0,1,15,0.0,0.0,0.0,0,0,0
65536,0,1,16,1.0E-4,0.0,1.0E-4,0,0,0
65536,0,1,17,0.0,0.0,0.0,0,0,0
65536,0,1,18,0.0,0.0,0.0,0,0,0
65536,0,1,19,0.0,0.0,0.0,0,0,0
65536,0,1,20,0.0,1.0E-4,1.0E-4,0,0,0
65536,0,1,21,0.0,0.0,0.0,0,0,0
65536,0,1,22,0.0,0.0,0.0,0,0,0
65536,0,1,23,0.0,1.0E-4,1.0E-4,0,0,0
65536,0,1,24,0.0,0.0,0.0,0,0,0
65536,0,1,25,0.0,0.0,0.0,0,0,0
65536,0,1,26,0.0,1.0E-4,1.0E-4,0,0,0
65536,0,1,27,0.0,0.0,0.0,0,0,0
65536,0,1,28,0.0,0.0,0.0,0,0,0
65536,0,1,29,0.0,1.0E-4,1.0E-4,0,0,0
65536,0,1,30,0.0,0.0,0.0,0,0,0
65536,0,1,31,0.0,0.0,0.0,0,0,0
65536,0,1,32,0.0,1.0E-4,1.0E-4,0,0,0
65536,0,1,33,0.0,0.0,0.0,0,0,0
65536,0,1,34,0.0,0.0,0.0,0,0,0
65536,0,1,35,0.0,1.0E-4,1.0E-4,0,0,0
65536,0,1,36,0.0,0.0,0.0,0,0,0
65536,0,1,37,0.0,0.0,0.0,0,0,0
65536,0,1,38,0.0,1.0E-4,1.0E-4,0,0,0
65536,0,1,39,0.0,0.0,0.0,0,0,0
65536,0,1,40,0.0,0.0,0.0,0,0,0
65536,0,1,41,0.0,1.0E-4,1.0E-4,0,0,0
65536,0,1,42,0.0,0.0,0.0,0,0,0
65536,0,1,43,0.0,0.0,0.0,0,0,0
65536,0,1,44,0.0,1.0E-4,1.0E-4,0,0,0
65536,0,1,45,0.0,0.0,0.0,0,0,0
65536,0,1,46,1.0E-4,0.0,1.0E-4,0,0,0
65536,0,1,47,0.0,0.0,0.0,0,0,0
65536,0,1,48,0.0,0.0,0.0,0,0,0
65536,0,1,49,0.0,0.0,0.0,0,0,0
65536,0,1,50,0.0,0.0,0.0,0,0,0
65536,0,1,51,1.0E-4,0.0,1.0E-4,0,0,0
65536,0,1,52,0.0,0.0,0.0,0,0,0
65536,0,1,53,0.0,0.0,0.0,0,0,0
65536,0,1,54,1.0E-4,0.0,1.0E-4,0,0,0
65536,0,1,55,0.0,0.0,0.0,0,0,0
65536,0,1,56,0.0,0.0,0.0,0,0,0
65536,0,1,57,1.0E-4,0.0,1.0E-4,0,0,0
65536,0,1,58,0.0,0.0,0.0,0,0,0
65536,0,1,59,0.0,1.0E-4,1.0E-4,0,0,0
65536,0,1,60,1.0E-4,0.0,1.0E-4,0,0,0
65536,0,1,61,0.0,0.0,0.0,0,0,0
65536,0,1,62,0.0,1.0E-4,1.0E-4,0,0,0
65536,0,1,63,0.0,0.0,0.0,0,0,0
65536,0,1,64,0.0,0.0,0.0,0,0,0
65536,0,1,65,0.0,1.0E-4,1.0E-4,0,0,0
65536,0,1,66,0.0,0.0,0.0,0,0,0
65536,0,1,67,0.0,0.0,0.0,0,0,0
65536,0,1,68,0.0,1.0E-4,1.0E-4,0,0,0
65536,0,1,69,0.0,0.0,0.0,0,0,0
65536,0,1,70,0.0,0.0,0.0,0,0,0
65536,0,1,71,0.0,1.0E-4,1.0E-4,0,0,0
65536,0,1,72,0.0,0.0,0.0,0,0,0
65536,0,1,73,0.0,0.0,0.0,0,0,0
65536,0,1,74,0.0,1.0E-4,1.0E-4,0,0,0
65536,0,1,75,0.0,0.0,0.0,0,0,0
65536,0,1,76,0.0,0.0,0.0,0,0,0
65536,0,1,77,0.0,1.0E-4,1.0E-4,0,0,0
65536,0,1,78,0.0,0.0,0.0,0,0,0
65536,0,1,79,0.0,0.0,0.0,0,0,0
65536,0,1,80,0.0,1.0E-4,1.0E-4,0,0,0
65536,0,1,81,1.0E-4,0.0,1.0E-4,0,0,0
65536,0,1,82,0.0,0.0,0.0,0,0,0
65536,0,1,83,0.0,1.0E-4,1.0E-4,0,0,0
65536,0,1,84,0.0,0.0,0.0,0,0,0
65536,0,1,85,1.0E-4,0.0,1.0E-4,0,0,0
65536,0,1,86,0.0,0.0,0.0,0,0,0
65536,0,1,87,0.0,1.0E-4,1.0E-4,0,0,0
65536,0,1,88,0.0,0.0,0.0,0,0,0
65536,0,1,89,0.0,0.0,0.0,0,0,0
65536,0,1,90,0.0,1.0E-4,1.0E-4,0,0,0
65536,0,1,91,0.0,1.0E-4,1.0E-4,0,0,0
65536,0,1,92,0.0,0.0,0.0,0,0,0
65536,0,1,93,0.0,0.0,0.0,0,0,0
65536,0,1,94,0.0,1.0E-4,1.0E-4,0,0,0
65536,0,1,95,1.0E-4,0.0,1.0E-4,0,0,0
65536,0,1,96,0.0,0.0,0.0,0,0,0
65536,0,1,97,0.0,1.0E-4,1.0E-4,0,0,0
65536,0,1,98,0.0,0.0,0.0,0,0,0
65536,0,1,99,0.0,0.0,0.0,0,0,0
65536,0,1,100,0.0,1.0E-4,1.0E-4,0,0,0
65536,0,1,101,0.0,1.0E-4,1.0E-4,0,0,0
65536,0,1,102,0.0,1.0E-4,1.0E-4,0,0,0
65536,0,1,103,0.0,0.0,0.0,0,0,0
65536,0,1,104,0.0,0.0,0.0,0,0,0
65536,0,1,105,0.0,1.0E-4,1.0E-4,0,0,0
65536,0,1,106,0.0,0.0,0.0,0,0,0
65536,0,1,107,1.0E-4,0.0,1.0E-4,0,0,0
65536,0,1,108,0.0,0.0,0.0,0,0,0
65536,0,1,109,0.0,0.0,0.0,0,0,0
65536,0,1,110,1.0E-4,0.0,1.0E-4,0,0,0
65536,0,1,111,0.0,0.0,0.0,0,0,0
65536,0,1,112,0.0,1.0E-4,1.0E-4,0,0,0
65536,0,1,113,0.0,0.0,0.0,0,0,0
65536,0,1,114,1.0E-4,0.0,1.0E-4,0,0,0
65536,0,1,115,0.0,0.0,0.0,0,0,0
65536,0,1,116,0.0,0.0,0.0,0,0,0
65536,0,1,117,1.0E-4,0.0,1.0E-4,0,0,0
65536,0,1,118,0.0,0.0,0.0,0,0,0
65536,0,1,119,0.0,1.0E-4,1.0E-4,0,0,0
65536,0,1,120,0.0,0.0,0.0,0,0,0
65536,0,1,121,0.0,0.0,0.0,0,0,0
65536,0,1,122,0.0,1.0E-4,1.0E-4,0,0,0
65536,0,1,123,0.0,0.0,0.0,0,0,0
65536,0,1,124,0.0,0.0,0.0,0,0,0
65536,0,1,125,0.0,1.0E-4,1.0E-4,0,0,0
65536,0,1,126,0.0,1.0E-4,1.0E-4,0,0,0
65536,0,1,127,0.0,0.0,0.0,0,0,0
65536,0,1,128,0.0,0.0,0.0,0,0,0
65536,0,1,129,0.0,1.0E-4,1.0E-4,0,0,0
65536,0,1,130,0.0,1.0E-4,1.0E-4,0,0,0
65536,0,1,131,0.0,0.0,0.0,0,0,0
65536,0,1,132,1.0E-4,0.0,1.0E-4,0,0,0
65536,0,1,133,0.0,0.0,0.0,0,0,0
65536,0,1,134,0.0,0.0,0.0,0,0,0
65536,0,1,135,1.0E-4,0.0,1.0E-4,0,0,0
65536,0,1,136,0.0,0.0,0.0,0,0,0
65536,0,1,137,0.0,1.0E-4,1.0E-4,0,0,0
65536,0,1,138,0.0,0.0,0.0,0,0,0
65536,0,1,139,0.0,0.0,0.0,0,0,0
65536,0,1,140,0.0,1.0E-4,1.0E-4,0,0,0
65536,0,1,141,0.0,1.0E-4,1.0E-4,0,0,0
65536,0,1,142,0.0,0.0,0.0,0,0,0
65536,0,1,143,1.0E-4,0.0,1.0E-4,0,0,0
65536,0,1,144,0.0,0.0,0.0,0,0,0
65536,0,1,145,0.0,0.0,0.0,0,0,0
65536,0,1,146,1.0E-4,0.0,1.0E-4,0,0,0
65536,0,1,147,0.0,0.0,0.0,0,0,0
65536,0,1,148,0.0,1.0E-4,1.0E-4,0,0,0
65536,0,1,149,1.0E-4,0.0,1.0E-4,0,0,0
65536,0,1,150,1.0E-4,0.0,1.0E-4,0,0,0
65536,0,1,151,0.0,0.0,0.0,0,0,0
65536,0,1,152,0.0,0.0,0.0,0,0,0
65536,0,1,153,1.0E-4,0.0,1.0E-4,0,0,0
65536,0,1,154,0.0,0.0,0.0,0,0,0
65536,0,1,155,0.0,1.0E-4,1.0E-4,0,0,0
65536,0,1,156,1.0E-4,0.0,1.0E-4,0,0,0
65536,0,1,157,1.0E-4,0.0,1.0E-4,0,0,0
65536,0,1,158,0.0,0.0,0.0,0,0,0
65536,0,1,159,0.0,1.0E-4,1.0E-4,0,0,0
65536,0,1,160,0.0,0.0,0.0,0,0,0
65536,0,1,161,1.0E-4,0.0,1.0E-4,0,0,0
65536,0,1,162,0.0,0.0,0.0,0,0,0
65536,0,1,163,0.0,1.0E-4,1.0E-4,0,0,0
65536,0,1,164,0.0,0.0,0.0,0,0,0
65536,0,1,165,0.0,0.0,0.0,0,0,0
65536,0,1,166,0.0,1.0E-4,1.0E-4,0,0,0
65536,0,1,167,0.0,0.0,0.0,0,0,0
65536,0,1,168,0.0,0.0,0.0,0,0,0
65536,0,1,169,0.0,1.0E-4,1.0E-4,0,0,0
65536,0,1,170,0.0,0.0,0.0,0,0,0
65536,0,1,171,1.0E-4,0.0,1.0E-4,0,0,0
65536,0,1,172,1.0E-4,0.0,1.0E-4,0,0,0
65536,0,1,173,0.0,0.0,0.0,0,0,0
65536,0,1,174,0.0,1.0E-4,1.0E-4,0,0,0
65536,0,1,175,0.0,0.0,0.0,0,0,0
65536,0,1,176,0.0,0.0,0.0,0,0,0
65536,0,1,177,0.0,1.0E-4,1.0E-4,0,0,0
65536,0,1,178,0.0,1.0E-4,1.0E-4,0,0,0
65536,0,1,179,0.0,0.0,0.0,0,0,0
65536,0,1,180,0.0,0.0,0.0,0,0,0
65536,0,1,181,0.0,1.0E-4,1.0E-4,0,0,0
65536,0,1,182,0.0,0.0,0.0,0,0,0
65536,0,1,183,0.0,0.0,0.0,0,0,0
65536,0,1,184,0.0,1.0E-4,1.0E-4,0,0,0
65536,0,1,185,0.0,0.0,0.0,0,0,0
65536,0,1,186,0.0,0.0,0.0,0,0,0
65536,0,1,187,0.0,1.0E-4,1.0E-4,0,0,0
65536,0,1,188,0.0,1.0E-4,1.0E-4,0,0,0
65536,0,1,189,0.0,0.0,0.0,0,0,0
65536,0,1,190,0.0,0.0,0.0,0,0,0
65536,0,1,191,0.0,1.0E-4,1.0E-4,0,0,0
65536,0,1,192,0.0,0.0,0.0,0,0,0
65536,0,1,193,0.0,0.0,0.0,0,0,0
65536,0,1,194,0.0,1.0E-4,1.0E-4,0,0,0
65536,0,1,195,0.0,0.0,0.0,0,0,0
65536,0,1,196,0.0,0.0,0.0,0,0,0
65536,0,1,197,0.0,1.0E-4,1.0E-4,0,0,0
65536,0,1,198,0.0,0.0,0.0,0,0,0
65536,0,1,199,0.0,0.0,0.0,0,0,0
65536,0,1,200,0.0,1.0E-4,1.0E-4,0,0,0
65536,0,1,201,0.0,0.0,0.0,0,0,0
65536,0,1,202,0.0,0.0,0.0,0,0,0
65536,0,1,203,0.0,1.0E-4,1.0E-4,0,0,0
65536,0,1,204,0.0,0.0,0.0,0,0,0
65536,0,1,205,0.0,0.0,0.0,0,0,0
65536,0,1,206,0.0,1.0E-4,1.0E-4,0,0,0
65536,0,1,207,0.0,0.0,0.0,0,0,0
65536,0,1,208,0.0,0.0,0.0,0,0,0
65536,0,1,209,0.0,1.0E-4,1.0E-4,0,0,0
65536,0,1,210,0.0,0.0,0.0,0,0,0
65536,0,1,211,0.0,0.0,0.0,0,0,0
65536,0,1,212,0.0,0.0,0.0,0,0,0
65536,0,1,213,0.0,1.0E-4,1.0E-4,0,0,0
65536,0,1,214,0.0,0.0,0.0,0,0,0
65536,0,1,215,1.0E-4,0.0,1.0E-4,0,0,0
65536,0,1,216,0.0,0.0,0.0,0,0,0
65536,0,1,217,0.0,1.0E-4,1.0E-4,0,0,0
65536,0,1,218,1.0E-4,0.0,1.0E-4,0,0,0
65536,0,1,219,1.0E-4,0.0,1.0E-4,0,0,0
65536,0,1,220,0.0,0.0,0.0,0,0,0
65536,0,1,221,1.0E-4,0.0,1.0E-4,0,0,0
65536,0,1,222,0.0,0.0,0.0,0,0,0
65536,0,1,223,0.0,1.0E-4,1.0E-4,0,0,0
65536,0,1,224,0.0,1.0E-4,1.0E-4,0,0,0
65536,0,1,225,0.0,0.0,0.0,0,0,0
65536,0,1,226,0.0,0.0,0.0,0,0,0
65536,0,1,227,0.0,1.0E-4,1.0E-4,0,0,0
65536,0,1,228,0.0,0.0,0.0,0,0,0
65536,0,1,229,1.0E-4,0.0,1.0E-4,0,0,0
65536,0,1,230,0.0,0.0,0.0,0,0,0
65536,0,1,231,0.0,1.0E-4,1.0E-4,0,0,0
65536,0,1,232,1.0E-4,0.0,1.0E-4,0,0,0
65536,0,1,233,0.0,0.0,0.0,0,0,0
65536,0,1,234,0.0,1.0E-4,1.0E-4,0,0,0
65536,0,1,235,0.0,0.0,0.0,0,0,0
65536,0,1,236,0.0,0.0,0.0,0,0,0
65536,0,1,237,0.0,1.0E-4,1.0E-4,0,0,0
65536,0,1,238,0.0,0.0,0.0,0,0,0
65536,0,1,239,0.0,0.0,0.0,0,0,0
65536,0,1,240,0.0,1.0E-4,1.0E-4,0,0,0
65536,0,1,241,0.0,0.0,0.0,0,0,0
65536,0,1,242,0.0,0.0,0.0,0,0,0
65536,0,1,243,0.0,1.0E-4,1.0E-4,0,0,0
65536,0,1,244,1.0E-4,0.0,1.0E-4,0,0,0
65536,0,1,245,0.0,0.0,0.0,0,0,0
65536,0,1,246,0.0,1.0E-4,1.0E-4,0,0,0
65536,0,1,247,1.0E-4,0.0,1.0E-4,0,0,0
65536,0,1,248,1.0E-4,0.0,1.0E-4,0,0,0
65536,0,1,249,0.0,0.0,0.0,0,0,0
65536,0,1,250,0.0,0.0,0.0,0,0,0
65536,0,1,251,0.0,0.0,0.0,0,0,0
65536,0,1,252,0.0,1.0E-4,1.0E-4,0,0,0
65536,0,1,253,0.0,0.0,0.0,0,0,0
65536,0,1,254,0.0,0.0,0.0,0,0,0
65536,0,1,255,0.0,1.0E-4,1.0E-4,0,0,0
65536,0,2,0,0.0,0.0,0.0,0,0,0
65536,0,2,1,1.0E-4,0.0,1.0E-4,0,0,0
65536,0,2,2,0.0,0.0,0.0,0,0,0
65536,0,2,3,0.0,0.0,0.0,0,0,0
65536,0,2,4,0.0,0.0,0.0,0,0,0
65536,0,2,5,0.0,1.0E-4,1.0E-4,0,0,0
65536,0,2,6,0.0,1.0E-4,1.0E-4,0,0,0
65536,0,2,7,1.0E-4,0.0,1.0E-4,0,0,0
65536,0,2,8,0.0,0.0,0.0,0,0,0
65536,0,2,9,0.0,1.0E-4,1.0E-4,0,0,0
65536,0,2,10,0.0,0.0,0.0,0,0,0
65536,0,2,11,0.0,0.0,0.0,0,0,0
65536,0,2,12,0.0,1.0E-4,1.0E-4,0,0,0
65536,0,2,13,1.0E-4,0.0,1.0E-4,0,0,0
65536,0,2,14,0.0,1.0E-4,1.0E-4,0,0,0
65536,0,2,15,0.0,0.0,0.0,0,0,0
65536,0,2,16,0.0,0.0,0.0,0,0,0
65536,0,2,17,0.0,0.0,0.0,0,0,0
65536,0,2,18,0.0,0.0,0.0,0,0,0
65536,0,2,19,0.0,1.0E-4,1.0E-4,0,0,0
65536,0,2,20,1.0E-4,0.0,1.0E-4,0,0,0
65536,0,2,21,0.0,1.0E-4,1.0E-4,0,0,0
65536,0,2,22,1.0E-4,0.0,1.0E-4,0,0,0
65536,0,2,23,0.0,1.0E-4,1.0E-4,0,0,0
65536,0,2,24,0.0,0.0,0.0,0,0,0
65536,0,2,25,0.0,0.0,0.0,0,0,0
65536,0,2,26,0.0,1.0E-4,1.0E-4,0,0,0
65536,0,2,27,0.0,0.0,0.0,0,0,0
65536,0,2,28,0.0,0.0,0.0,0,0,0
65536,0,2,29,0.0,0.0,0.0,0,0,0
65536,0,2,30,0.0,0.0,0.0,0,0,0
65536,0,2,31,0.0,1.0E-4,1.0E-4,0,0,0
65536,0,2,32,1.0E-4,0.0,1.0E-4,0,0,0
65536,0,2,33,0.0,1.0E-4,1.0E-4,0,0,0
65536,0,2,34,0.0,0.0,0.0,0,0,0
65536,0,2,35,0.0,0.0,0.0,0,0,0
65536,0,2,36,0.0,0.0,0.0,0,0,0
65536,0,2,37,0.0,0.0,0.0,0,0,0
65536,0,2,38,0.0,0.0,0.0,0,0,0
65536,0,2,39,0.0,0.0,0.0,0,0,0
65536,0,2,40,0.0,1.0E-4,1.0E-4,0,0,0
65536,0,2,41,0.0,0.0,0.0,0,0,0
65536,0,2,42,0.0,0.0,0.0,0,0,0
65536,0,2,43,0.0,0.0,0.0,0,0,0
65536,0,2,44,1.0E-4,0.0,1.0E-4,0,0,0
65536,0,2,45,0.0,1.0E-4,1.0E-4,0,0,0
65536,0,2,46,1.0E-4,0.0,1.0E-4,0,0,0
65536,0,2,47,0.0,1.0E-4,1.0E-4,0,0,0
65536,0,2,48,1.0E-4,0.0,1.0E-4,0,0,0
65536,0,2,49,0.0,1.0E-4,1.0E-4,0,0,0
65536,0,2,50,0.0,0.0,0.0,0,0,0
65536,0,2,51,0.0,0.0,0.0,0,0,0
65536,0,2,52,0.0,0.0,0.0,0,0,0
65536,0,2,53,0.0,0.0,0.0,0,0,0
65536,0,2,54,0.0,1.0E-4,1.0E-4,0,0,0
65536,0,2,55,1.0E-4,0.0,1.0E-4,0,0,0
65536,0,2,56,0.0,1.0E-4,1.0E-4,0,0,0
65536,0,2,57,0.0,0.0,0.0,0,0,0
65536,0,2,58,0.0,0.0,0.0,0,0,0
65536,0,2,59,0.0,0.0,0.0,0,0,0
65536,0,2,60,0.0,0.0,0.0,0,0,0
65536,0,2,61,0.0,1.0E-4,1.0E-4,0,0,0
65536,0,2,62,1.0E-4,0.0,1.0E-4,0,0,0
65536,0,2,63,0.0,1.0E-4,1.0E-4,0,0,0
65536,0,2,64,1.0E-4,0.0,1.0E-4,0,0,0
65536,0,2,65,0.0,0.0,0.0,0,0,0
65536,0,2,66,0.0,0.0,0.0,0,0,0
65536,0,2,67,0.0,0.0,0.0,0,0,0
65536,0,2,68,0.0,1.0E-4,1.0E-4,0,0,0
65536,0,2,69,1.0E-4,0.0,1.0E-4,0,0,0
65536,0,2,70,0.0,1.0E-4,1.0E-4,0,0,0
65536,0,2,71,1.0E-4,0.0,1.0E-4,0,0,0
65536,0,2,72,0.0,1.0E-4,1.0E-4,0,0,0
65536,0,2,73,1.0E-4,0.0,1.0E-4,0,0,0
65536,0,2,74,0.0,0.0,0.0,0,0,0
65536,0,2,75,0.0,0.0,0.0,0,0,0
65536,0,2,76,0.0,0.0,0.0,0,0,0
65536,0,2,77,0.0,1.0E-4,1.0E-4,0,0,0
65536,0,2,78,1.0E-4,0.0,1.0E-4,0,0,0
65536,0,2,79,0.0,1.0E-4,1.0E-4,0,0,0
65536,0,2,80,1.0E-4,0.0,1.0E-4,0,0,0
65536,0,2,81,0.0,0.0,0.0,0,0,0
65536,0,2,82,0.0,0.0,0.0,0,0,0
65536,0,2,83,0.0,0.0,0.0,0,0,0
65536,0,2,84,0.0,1.0E-4,1.0E-4,0,0,0
65536,0,2,85,1.0E-4,0.0,1.0E-4,0,0,0
65536,0,2,86,0.0,1.0E-4,1.0E-4,0,0,0
65536,0,2,87,0.0,0.0,0.0,0,0,0
65536,0,2,88,0.0,0.0,0.0,0,0,0
65536,0,2,89,0.0,0.0,0.0,0,0,0
65536,0,2,90,0.0,0.0,0.0,0,0,0
65536,0,2,91,0.0,1.0E-4,1.0E-4,0,0,0
65536,0,2,92,1.0E-4,0.0,1.0E-4,0,0,0
65536,0,2,93,0.0,1.0E-4,1.0E-4,0,0,0
65536,0,2,94,1.0E-4,0.0,1.0E-4,0,0,0
65536,0,2,95,0.0,0.0,0.0,0,0,0
65536,0,2,96,0.0,0.0,0.0,0,0,0
65536,0,2,97,0.0,0.0,0.0,0,0,0
65536,0,2,98,0.0,1.0E-4,1.0E-4,0,0,0
65536,0,2,99,1.0E-4,0.0,1.0E-4,0,0,0
65536,0,2,100,0.0,1.0E-4,1.0E-4,0,0,0
65536,0,2,101,0.0,0.0,0.0,0,0,0
65536,0,2,102,0.0,0.0,0.0,0,0,0
65536,0,2,103,0.0,1.0E-4,1.0E-4,0,0,0
65536,0,2,104,1.0E-4,0.0,1.0E-4,0,0,0
65536,0,2,105,0.0,1.0E-4,1.0E-4,0,0,0
65536,0,2,106,0.0,0.0,0.0,0,0,0
65536,0,2,107,0.0,0.0,0.0,0,0,0
65536,0,2,108,0.0,1.0E-4,1.0E-4,0,0,0
65536,0,2,109,1.0E-4,0.0,1.0E-4,0,0,0
65536,0,2,110,0.0,0.0,0.0,0,0,0
65536,0,2,111,0.0,0.0,0.0,0,0,0
65536,0,2,112,0.0,0.0,0.0,0,0,0
65536,0,2,113,0.0,1.0E-4,1.0E-4,0,0,0
65536,0,2,114,1.0E-4,0.0,1.0E-4,0,0,0
65536,0,2,115,0.0,1.0E-4,1.0E-4,0,0,0
65536,0,2,116,1.0E-4,0.0,1.0E-4,0,0,0
65536,0,2,117,0.0,0.0,0.0,0,0,0
65536,0,2,118,0.0,0.0,0.0,0,0,0
65536,0,2,119,0.0,0.0,0.0,0,0,0
65536,0,2,120,0.0,1.0E-4,1.0E-4,0,0,0
65536,0,2,121,1.0E-4,0.0,1.0E-4,0,0,0
65536,0,2,122,0.0,1.0E-4,1.0E-4,0,0,0
65536,0,2,123,0.0,0.0,0.0,0,0,0
65536,0,2,124,0.0,0.0,0.0,0,0,0
65536,0,2,125,0.0,0.0,0.0,0,0,0
65536,0,2,126,0.0,0.0,0.0,0,0,0
65536,0,2,127,0.0,1.0E-4,1.0E-4,0,0,0
65536,0,2,128,1.0E-4,0.0,1.0E-4,0,0,0
65536,0,2,129,0.0,1.0E-4,1.0E-4,0,0,0
65536,0,2,130,0.0,0.0,0.0,0,0,0
65536,0,2,131,0.0,0.0,0.0,0,0,0
65536,0,2,132,0.0,0.0,0.0,0,0,0
65536,0,2,133,0.0,0.0,0.0,0,0,0
65536,0,2,134,0.0,1.0E-4,1.0E-4,0,0,0
65536,0,2,135,1.0E-4,0.0,1.0E-4,0,0,0
65536,0,2,136,0.0,0.0,0.0,0,0,0
65536,0,2,137,0.0,0.0,0.0,0,0,0
65536,0,2,138,0.0,0.0,0.0,0,0,0
65536,0,2,139,0.0,1.0E-4,1.0E-4,0,0,0
65536,0,2,140,1.0E-4,0.0,1.0E-4,0,0,0
65536,0,2,141,0.0,1.0E-4,1.0E-4,0,0,0
65536,0,2,142,0.0,0.0,0.0,0,0,0
65536,0,2,143,0.0,0.0,0.0,0,0,0
65536,0,2,144,0.0,0.0,0.0,0,0,0
65536,0,2,145,0.0,0.0,0.0,0,0,0
65536,0,2,146,0.0,1.0E-4,1.0E-4,0,0,0
65536,0,2,147,1.0E-4,0.0,1.0E-4,0,0,0
65536,0,2,148,0.0,1.0E-4,1.0E-4,0,0,0
65536,0,2,149,0.0,0.0,0.0,0,0,0
65536,0,2,150,0.0,0.0,0.0,0,0,0
65536,0,2,151,0.0,0.0,0.0,0,0,0
65536,0,2,152,0.0,0.0,0.0,0,0,0
65536,0,2,153,0.0,1.0E-4,1.0E-4,0,0,0
65536,0,2,154,1.0E-4,0.0,1.0E-4,0,0,0
65536,0,2,155,0.0,1.0E-4,1.0E-4,0,0,0
65536,0,2,156,0.0,0.0,0.0,0,0,0
65536,0,2,157,0.0,0.0,0.0,0,0,0
65536,0,2,158,0.0,1.0E-4,1.0E-4,0,0,0
65536,0,2,159,0.0,0.0,0.0,0,0,0
65536,0,2,160,0.0,0.0,0.0,0,0,0
65536,0,2,161,0.0,0.0,0.0,0,0,0
65536,0,2,162,0.0,0.0,0.0,0,0,0
65536,0,2,163,0.0,1.0E-4,1.0E-4,0,0,0
65536,0,2,164,1.0E-4,0.0,1.0E-4,0,0,0
65536,0,2,165,0.0,0.0,0.0,0,0,0
65536,0,2,166,0.0,0.0,0.0,0,0,0
65536,0,2,167,0.0,0.0,0.0,0,0,0
65536,0,2,168,0.0,1.0E-4,1.0E-4,0,0,0
65536,0,2,169,1.0E-4,0.0,1.0E-4,0,0,0
65536,0,2,170,0.0,0.0,0.0,0,0,0
65536,0,2,171,0.0,0.0,0.0,0,0,0
65536,0,2,172,0.0,0.0,0.0,0,0,0
65536,0,2,173,0.0,1.0E-4,1.0E-4,0,0,0
65536,0,2,174,0.0,0.0,0.0,0,0,0
65536,0,2,175,0.0,0.0,0.0,0,0,0
65536,0,2,176,0.0,0.0,0.0,0,0,0
65536,0,2,177,0.0,0.0,0.0,0,0,0
65536,0,2,178,0.0,1.0E-4,1.0E-4,0,0,0
65536,0,2,179,1.0E-4,0.0,1.0E-4,0,0,0
65536,0,2,180,0.0,0.0,0.0,0,0,0
65536,0,2,181,0.0,0.0,0.0,0,0,0
65536,0,2,182,0.0,0.0,0.0,0,0,0
65536,0,2,183,0.0,0.0,0.0,0,0,0
65536,0,2,184,1.0E-4,0.0,1.0E-4,0,0,0
65536,0,2,185,0.0,1.0E-4,1.0E-4,0,0,0
65536,0,2,186,1.0E-4,0.0,1.0E-4,0,0,0
65536,0,2,187,0.0,0.0,0.0,0,0,0
65536,0,2,188,0.0,0.0,0.0,0,0,0
65536,0,2,189,0.0,0.0,0.0,0,0,0
65536,0,2,190,0.0,1.0E-4,1.0E-4,0,0,0
65536,0,2,191,1.0E-4,0.0,1.0E-4,0,0,0
65536,0,2,192,0.0,1.0E-4,1.0E-4,0,0,0
65536,0,2,193,1.0E-4,0.0,1.0E-4,0,0,0
65536,0,2,194,0.0,0.0,0.0,0,0,0
65536,0,2,195,0.0,0.0,0.0,0,0,0
65536,0,2,196,0.0,0.0,0.0,0,0,0
65536,0,2,197,0.0,1.0E-4,1.0E-4,0,0,0
65536,0,2,198,1.0E-4,0.0,1.0E-4,0,0,0
65536,0,2,199,0.0,1.0E-4,1.0E-4,0,0,0
65536,0,2,200,1.0E-4,0.0,1.0E-4,0,0,0
65536,0,2,201,0.0,1.0E-4,1.0E-4,0,0,0
65536,0,2,202,0.0,0.0,0.0,0,0,0
65536,0,2,203,0.0,0.0,0.0,0,0,0
65536,0,2,204,0.0,0.0,0.0,0,0,0
65536,0,2,205,0.0,0.0,0.0,0,0,0
65536,0,2,206,0.0,1.0E-4,1.0E-4,0,0,0
65536,0,2,207,1.0E-4,0.0,1.0E-4,0,0,0
65536,0,2,208,0.0,1.0E-4,1.0E-4,0,0,0
65536,0,2,209,0.0,0.0,0.0,0,0,0
65536,0,2,210,0.0,0.0,0.0,0,0,0
65536,0,2,211,0.0,0.0,0.0,0,0,0
65536,0,2,212,0.0,0.0,0.0,0,0,0
65536,0,2,213,0.0,1.0E-4,1.0E-4,0,0,0
65536,0,2,214,1.0E-4,0.0,1.0E-4,0,0,0
65536,0,2,215,0.0,0.0,0.0,0,0,0
65536,0,2,216,0.0,0.0,0.0,0,0,0
65536,0,2,217,0.0,0.0,0.0,0,0,0
65536,0,2,218,0.0,1.0E-4,1.0E-4,0,0,0
65536,0,2,219,1.0E-4,0.0,1.0E-4,0,0,0
65536,0,2,220,0.0,1.0E-4,1.0E-4,0,0,0
65536,0,2,221,0.0,0.0,0.0,0,0,0
65536,0,2,222,0.0,0.0,0.0,0,0,0
65536,0,2,223,0.0,0.0,0.0,0,0,0
65536,0,2,224,0.0,0.0,0.0,0,0,0
65536,0,2,225,0.0,1.0E-4,1.0E-4,0,0,0
65536,0,2,226,0.0,0.0,0.0,0,0,0
65536,0,2,227,0.0,0.0,0.0,0,0,0
65536,0,2,228,0.0,0.0,0.0,0,0,0
65536,0,2,229,0.0,0.0,0.0,0,0,0
65536,0,2,230,0.0,1.0E-4,1.0E-4,0,0,0
65536,0,2,231,1.0E-4,0.0,1.0E-4,0,0,0
65536,0,2,232,0.0,1.0E-4,1.0E-4,0,0,0
65536,0,2,233,1.0E-4,0.0,1.0E-4,0,0,0
65536,0,2,234,0.0,0.0,0.0,0,0,0
65536,0,2,235,0.0,0.0,0.0,0,0,0
65536,0,2,236,0.0,0.0,0.0,0,0,0
65536,0,2,237,0.0,0.0,0.0,0,0,0
65536,0,2,238,0.0,0.0,0.0,0,0,0
65536,0,2,239,1.0E-4,0.0,1.0E-4,0,0,0
65536,0,2,240,0.0,1.0E-4,1.0E-4,0,0,0
65536,0,2,241,0.0,0.0,0.0,0,0,0
65536,0,2,242,0.0,0.0,0.0,0,0,0
65536,0,2,243,0.0,1.0E-4,1.0E-4,0,0,0
65536,0,2,244,1.0E-4,0.0,1.0E-4,0,0,0
65536,0,2,245,0.0,1.0E-4,1.0E-4,0,0,0
65536,0,2,246,1.0E-4,0.0,1.0E-4,0,0,0
65536,0,2,247,0.0,0.0,0.0,0,0,0
65536,0,2,248,0.0,0.0,0.0,0,0,0
65536,0,2,249,0.0,0.0,0.0,0,0,0
65536,0,2,250,0.0,0.0,0.0,0,0,0
65536,0,2,251,0.0,0.0,0.0,0,0,0
65536,0,2,252,0.0,1.0E-4,1.0E-4,0,0,0
65536,0,2,253,1.0E-4,0.0,1.0E-4,0,0,0
65536,0,2,254,0.0,1.0E-4,1.0E-4,0,0,0
65536,0,2,255,1.0E-4,0.0,1.0E-4,0,0,0
65536,0,3,0,0.0,0.0,0.0,0,0,0
65536,0,3,1,0.0,0.0,0.0,0,0,0
65536,0,3,2,1.0E-4,0.0,1.0E-4,0,0,0
65536,0,3,3,0.0,0.0,0.0,0,0,0
65536,0,3,4,0.0,1.0E-4,1.0E-4,0,0,0
65536,0,3,5,0.0,1.0E-4,1.0E-4,0,0,0
65536,0,3,6,1.0E-4,0.0,1.0E-4,0,0,0
65536,0,3,7,0.0,0.0,0.0,0,0,0
65536,0,3,8,0.0,1.0E-4,1.0E-4,0,0,0
65536,0,3,9,1.0E-4,0.0,1.0E-4,0,0,0
65536,0,3,10,0.0,0.0,0.0,0,0,0
65536,0,3,11,0.0,0.0,0.0,0,0,0
65536,0,3,12,1.0E-4,0.0,1.0E-4,0,0,0
65536,0,3,13,0.0,1.0E-4,1.0E-4,0,0,0
65536,0,3,14,1.0E-4,0.0,1.0E-4,0,0,0
65536,0,3,15,0.0,1.0E-4,1.0E-4,0,0,0
65536,0,3,16,0.0,0.0,0.0,0,0,0
65536,0,3,17,0.0,0.0,0.0,0,0,0
65536,0,3,18,0.0,1.0E-4,1.0E-4,0,0,0
65536,0,3,19,1.0E-4,0.0,1.0E-4,0,0,0
65536,0,3,20,0.0,1.0E-4,1.0E-4,0,0,0
65536,0,3,21,0.0,0.0,0.0,0,0,0
65536,0,3,22,0.0,0.0,0.0,0,0,0
65536,0,3,23,0.0,1.0E-4,1.0E-4,0,0,0
65536,0,3,24,1.0E-4,0.0,1.0E-4,0,0,0
65536,0,3,25,0.0,0.0,0.0,0,0,0
65536,0,3,26,0.0,0.0,0.0,0,0,0
65536,0,3,27,0.0,0.0,0.0,0,0,0
65536,0,3,28,0.0,1.0E-4,1.0E-4,0,0,0
65536,0,3,29,1.0E-4,0.0,1.0E-4,0,0,0
65536,0,3,30,0.0,1.0E-4,1.0E-4,0,0,0
65536,0,3,31,0.0,0.0,0.0,0,0,0
65536,0,3,32,0.0,0.0,0.0,0,0,0
65536,0,3,33,0.0,0.0,0.0,0,0,0
65536,0,3,34,1.0E-4,0.0,1.0E-4,0,0,0
65536,0,3,35,0.0,1.0E-4,1.0E-4,0,0,0
65536,0,3,36,1.0E-4,0.0,1.0E-4,0,0,0
65536,0,3,37,0.0,1.0E-4,1.0E-4,0,0,0
65536,0,3,38,1.0E-4,0.0,1.0E-4,0,0,0
65536,0,3,39,0.0,1.0E-4,1.0E-4,0,0,0
65536,0,3,40,0.0,0.0,0.0,0,0,0
65536,0,3,41,0.0,0.0,0.0,0,0,0
65536,0,3,42,0.0,0.0,0.0,0,0,0
65536,0,3,43,0.0,0.0,0.0,0,0,0
65536,0,3,44,0.0,1.0E-4,1.0E-4,0,0,0
65536,0,3,45,1.0E-4,0.0,1.0E-4,0,0,0
65536,0,3,46,0.0,0.0,0.0,0,0,0
65536,0,3,47,0.0,0.0,0.0,0,0,0
65536,0,3,48,0.0,0.0,0.0,0,0,0
65536,0,3,49,0.0,0.0,0.0,0,0,0
65536,0,3,50,0.0,0.0,0.0,0,0,0
65536,0,3,51,0.0,1.0E-4,1.0E-4,0,0,0
65536,0,3,52,1.0E-4,0.0,1.0E-4,0,0,0
65536,0,3,53,0.0,1.0E-4,1.0E-4,0,0,0
65536,0,3,54,0.0,0.0,0.0,0,0,0
65536,0,3,55,0.0,0.0,0.0,0,0,0
65536,0,3,56,0.0,0.0,0.0,0,0,0
65536,0,3,57,0.0,0.0,0.0,0,0,0
65536,0,3,58,0.0,1.0E-4,1.0E-4,0,0,0
65536,0,3,59,1.0E-4,0.0,1.0E-4,0,0,0
65536,0,3,60,0.0,1.0E-4,1.0E-4,0,0,0
65536,0,3,61,0.0,0.0,0.0,0,0,0
65536,0,3,62,0.0,0.0,0.0,0,0,0
65536,0,3,63,0.0,0.0,0.0,0,0,0
65536,0,3,64,0.0,0.0,0.0,0,0,0
65536,0,3,65,0.0,0.0,0.0,0,0,0
65536,0,3,66,0.0,0.0,0.0,0,0,0
65536,0,3,67,0.0,1.0E-4,1.0E-4,0,0,0
65536,0,3,68,1.0E-4,0.0,1.0E-4,0,0,0
65536,0,3,69,0.0,1.0E-4,1.0E-4,0,0,0
65536,0,3,70,1.0E-4,0.0,1.0E-4,0,0,0
65536,0,3,71,0.0,0.0,0.0,0,0,0
65536,0,3,72,0.0,0.0,0.0,0,0,0
65536,0,3,73,0.0,0.0,0.0,0,0,0
65536,0,3,74,0.0,1.0E-4,1.0E-4,0,0,0
65536,0,3,75,1.0E-4,0.0,1.0E-4,0,0,0
65536,0,3,76,0.0,1.0E-4,1.0E-4,0,0,0
65536,0,3,77,0.0,0.0,0.0,0,0,0
65536,0,3,78,0.0,0.0,0.0,0,0,0
65536,0,3,79,0.0,1.0E-4,1.0E-4,0,0,0
65536,0,3,80,1.0E-4,0.0,1.0E-4,0,0,0
65536,0,3,81,0.0,1.0E-4,1.0E-4,0,0,0
65536,0,3,82,0.0,0.0,0.0,0,0,0
65536,0,3,83,0.0,0.0,0.0,0,0,0
65536,0,3,84,0.0,1.0E-4,1.0E-4,0,0,0
65536,0,3,85,1.0E-4,0.0,1.0E-4,0,0,0
65536,0,3,86,0.0,1.0E-4,1.0E-4,0,0,0
65536,0,3,87,0.0,0.0,0.0,0,0,0
65536,0,3,88,0.0,0.0,0.0,0,0,0
65536,0,3,89,0.0,0.0,0.0,0,0,0
65536,0,3,90,1.0E-4,0.0,1.0E-4,0,0,0
65536,0,3,91,0.0,1.0E-4,1.0E-4,0,0,0
65536,0,3,92,0.0,0.0,0.0,0,0,0
65536,0,3,93,0.0,0.0,0.0,0,0,0
65536,0,3,94,0.0,0.0,0.0,0,0,0
65536,0,3,95,0.0,0.0,0.0,0,0,0
65536,0,3,96,0.0,1.0E-4,1.0E-4,0,0,0
65536,0,3,97,1.0E-4,0.0,1.0E-4,0,0,0
65536,0,3,98,0.0,0.0,0.0,0,0,0
65536,0,3,99,0.0,0.0,0.0,0,0,0
65536,0,3,100,0.0,0.0,0.0,0,0,0
65536,0,3,101,0.0,1.0E-4,1.0E-4,0,0,0
65536,0,3,102,0.0,1.0E-4,1.0E-4,0,0,0
65536,0,3,103,0.0,0.0,0.0,0,0,0
65536,0,3,104,0.0,0.0,0.0,0,0,0
65536,0,3,105,0.0,1.0E-4,1.0E-4,0,0,0
65536,0,3,106,1.0E-4,0.0,1.0E-4,0,0,0
65536,0,3,107,0.0,1.0E-4,1.0E-4,0,0,0
65536,0,3,108,0.0,0.0,0.0,0,0,0
65536,0,3,109,0.0,0.0,0.0,0,0,0
65536,0,3,110,0.0,1.0E-4,1.0E-4,0,0,0
65536,0,3,111,1.0E-4,0.0,1.0E-4,0,0,0
65536,0,3,112,0.0,0.0,0.0,0,0,0
65536,0,3,113,0.0,0.0,0.0,0,0,0
65536,0,3,114,0.0,0.0,0.0,0,0,0
65536,0,3,115,0.0,1.0E-4,1.0E-4,0,0,0
65536,0,3,116,1.0E-4,0.0,1.0E-4,0,0,0
65536,0,3,117,0.0,1.0E-4,1.0E-4,0,0,0
65536,0,3,118,0.0,0.0,0.0,0,0,0
65536,0,3,119,0.0,0.0,0.0,0,0,0
65536,0,3,120,0.0,0.0,0.0,0,0,0
65536,0,3,121,0.0,0.0,0.0,0,0,0
65536,0,3,122,0.0,1.0E-4,1.0E-4,0,0,0
65536,0,3,123,1.0E-4,0.0,1.0E-4,0,0,0
65536,0,3,124,0.0,0.0,0.0,0,0,0
65536,0,3,125,0.0,0.0,0.0,0,0,0
65536,0,3,126,0.0,0.0,0.0,0,0,0
65536,0,3,127,0.0,0.0,0.0,0,0,0
65536,0,3,128,0.0,0.0,0.0,0,0,0
65536,0,3,129,0.0,1.0E-4,1.0E-4,0,0,0
65536,0,3,130,0.0,0.0,0.0,0,0,0
65536,0,3,131,0.0,1.0E-4,1.0E-4,0,0,0
65536,0,3,132,0.0,1.0E-4,1.0E-4,0,0,0
65536,0,3,133,0.0,0.0,0.0,0,0,0
65536,0,3,134,0.0,0.0,0.0,0,0,0
65536,0,3,135,0.0,0.0,0.0,0,0,0
65536,0,3,136,0.0,0.0,0.0,0,0,0
65536,0,3,137,0.0,1.0E-4,1.0E-4,0,0,0
65536,0,3,138,1.0E-4,0.0,1.0E-4,0,0,0
65536,0,3,139,0.0,0.0,0.0,0,0,0
65536,0,3,140,0.0,0.0,0.0,0,0,0
65536,0,3,141,0.0,0.0,0.0,0,0,0
65536,0,3,142,0.0,1.0E-4,1.0E-4,0,0,0
65536,0,3,143,1.0E-4,0.0,1.0E-4,0,0,0
65536,0,3,144,0.0,1.0E-4,1.0E-4,0,0,0
65536,0,3,145,0.0,0.0,0.0,0,0,0
65536,0,3,146,0.0,0.0,0.0,0,0,0
65536,0,3,147,0.0,0.0,0.0,0,0,0
65536,0,3,148,0.0,0.0,0.0,0,0,0
65536,0,3,149,0.0,1.0E-4,1.0E-4,0,0,0
65536,0,3,150,1.0E-4,0.0,1.0E-4,0,0,0
65536,0,3,151,0.0,1.0E-4,1.0E-4,0,0,0
65536,0,3,152,0.0,0.0,0.0,0,0,0
65536,0,3,153,0.0,0.0,0.0,0,0,0
65536,0,3,154,0.0,0.0,0.0,0,0,0
65536,0,3,155,1.0E-4,0.0,1.0E-4,0,0,0
65536,0,3,156,0.0,1.0E-4,1.0E-4,0,0,0
65536,0,3,157,0.0,0.0,0.0,0,0,0
65536,0,3,158,0.0,0.0,0.0,0,0,0
65536,0,3,159,0.0,0.0,0.0,0,0,0
65536,0,3,160,0.0,0.0,0.0,0,0,0
65536,0,3,161,0.0,1.0E-4,1.0E-4,0,0,0
65536,0,3,162,1.0E-4,0.0,1.0E-4,0,0,0
65536,0,3,163,0.0,0.0,0.0,0,0,0
65536,0,3,164,0.0,1.0E-4,1.0E-4,0,0,0
65536,0,3,165,1.0E-4,0.0,1.0E-4,0,0,0
65536,0,3,166,0.0,0.0,0.0,0,0,0
65536,0,3,167,0.0,1.0E-4,1.0E-4,0,0,0
65536,0,3,168,1.0E-4,0.0,1.0E-4,0,0,0
65536,0,3,169,0.0,1.0E-4,1.0E-4,0,0,0
65536,0,3,170,0.0,0.0,0.0,0,0,0
65536,0,3,171,0.0,0.0,0.0,0,0,0
65536,0,3,172,0.0,1.0E-4,1.0E-4,0,0,0
65536,0,3,173,1.0E-4,0.0,1.0E-4,0,0,0
65536,0,3,174,0.0,1.0E-4,1.0E-4,0,0,0
65536,0,3,175,1.0E-4,0.0,1.0E-4,0,0,0
65536,0,3,176,0.0,0.0,0.0,0,0,0
65536,0,3,177,0.0,0.0,0.0,0,0,0
65536,0,3,178,0.0,0.0,0.0,0,0,0
65536,0,3,179,0.0,1.0E-4,1.0E-4,0,0,0
65536,0,3,180,0.0,0.0,0.0,0,0,0
65536,0,3,181,0.0,1.0E-4,1.0E-4,0,0,0
65536,0,3,182,1.0E-4,0.0,1.0E-4,0,0,0
65536,0,3,183,0.0,0.0,0.0,0,0,0
65536,0,3,184,0.0,0.0,0.0,0,0,0
65536,0,3,185,1.0E-4,0.0,1.0E-4,0,0,0
65536,0,3,186,0.0,1.0E-4,1.0E-4,0,0,0
65536,0,3,187,1.0E-4,0.0,1.0E-4,0,0,0
65536,0,3,188,0.0,0.0,0.0,0,0,0
65536,0,3,189,0.0,0.0,0.0,0,0,0
65536,0,3,190,1.0E-4,0.0,1.0E-4,0,0,0
65536,0,3,191,0.0,1.0E-4,1.0E-4,0,0,0
65536,0,3,192,0.0,0.0,0.0,0,0,0
65536,0,3,193,0.0,0.0,0.0,0,0,0
65536,0,3,194,0.0,0.0,0.0,0,0,0
65536,0,3,195,0.0,0.0,0.0,0,0,0
65536,0,3,196,0.0,1.0E-4,1.0E-4,0,0,0
65536,0,3,197,1.0E-4,0.0,1.0E-4,0,0,0
65536,0,3,198,0.0,1.0E-4,1.0E-4,0,0,0
65536,0,3,199,0.0,0.0,0.0,0,0,0
65536,0,3,200,1.0E-4,0.0,1.0E-4,0,0,0
65536,0,3,201,0.0,1.0E-4,1.0E-4,0,0,0
65536,0,3,202,0.0,0.0,0.0,0,0,0
65536,0,3,203,0.0,0.0,0.0,0,0,0
65536,0,3,204,0.0,1.0E-4,1.0E-4,0,0,0
65536,0,3,205,1.0E-4,0.0,1.0E-4,0,0,0
65536,0,3,206,0.0,0.0,0.0,0,0,0
65536,0,3,207,0.0,1.0E-4,1.0E-4,0,0,0
65536,0,3,208,0.0,0.0,0.0,0,0,0
65536,0,3,209,0.0,0.0,0.0,0,0,0
65536,0,3,210,0.0,0.0,0.0,0,0,0
65536,0,3,211,0.0,0.0,0.0,0,0,0
65536,0,3,212,0.0,1.0E-4,1.0E-4,0,0,0
65536,0,3,213,1.0E-4,0.0,1.0E-4,0,0,0
65536,0,3,214,0.0,1.0E-4,1.0E-4,0,0,0
65536,0,3,215,0.0,0.0,0.0,0,0,0
65536,0,3,216,0.0,0.0,0.0,0,0,0
65536,0,3,217,0.0,0.0,0.0,0,0,0
65536,0,3,218,0.0,0.0,0.0,0,0,0
65536,0,3,219,0.0,1.0E-4,1.0E-4,0,0,0
65536,0,3,220,1.0E-4,0.0,1.0E-4,0,0,0
65536,0,3,221,0.0,1.0E-4,1.0E-4,0,0,0
65536,0,3,222,0.0,0.0,0.0,0,0,0
65536,0,3,223,0.0,0.0,0.0,0,0,0
65536,0,3,224,0.0,0.0,0.0,0,0,0
65536,0,3,225,0.0,0.0,0.0,0,0,0
65536,0,3,226,0.0,1.0E-4,1.0E-4,0,0,0
65536,0,3,227,1.0E-4,0.0,1.0E-4,0,0,0
65536,0,3,228,0.0,1.0E-4,1.0E-4,0,0,0
65536,0,3,229,0.0,0.0,0.0,0,0,0
65536,0,3,230,0.0,0.0,0.0,0,0,0
65536,0,3,231,0.0,0.0,0.0,0,0,0
65536,0,3,232,0.0,0.0,0.0,0,0,0
65536,0,3,233,0.0,1.0E-4,1.0E-4,0,0,0
65536,0,3,234,1.0E-4,0.0,1.0E-4,0,0,0
65536,0,3,235,0.0,0.0,0.0,0,0,0
65536,0,3,236,0.0,0.0,0.0,0,0,0
65536,0,3,237,0.0,0.0,0.0,0,0,0
65536,0,3,238,0.0,0.0,0.0,0,0,0
65536,0,3,239,0.0,0.0,0.0,0,0,0
65536,0,3,240,0.0,1.0E-4,1.0E-4,0,0,0
65536,0,3,241,1.0E-4,0.0,1.0E-4,0,0,0
65536,0,3,242,0.0,1.0E-4,1.0E-4,0,0,0
65536,0,3,243,0.0,0.0,0.0,0,0,0
65536,0,3,244,0.0,0.0,0.0,0,0,0
65536,0,3,245,0.0,0.0,0.0,0,0,0
65536,0,3,246,0.0,0.0,0.0,0,0,0
65536,0,3,247,0.0,1.0E-4,1.0E-4,0,0,0
65536,0,3,248,1.0E-4,0.0,1.0E-4,0,0,0
65536,0,3,249,0.0,1.0E-4,1.0E-4,0,0,0
65536,0,3,250,0.0,0.0,0.0,0,0,0
65536,0,3,251,0.0,0.0,0.0,0,0,0
65536,0,3,252,0.0,0.0,0.0,0,0,0
65536,0,3,253,0.0,0.0,0.0,0,0,0
65536,0,3,254,0.0,1.0E-4,1.0E-4,0,0,0
65536,0,3,255,1.0E-4,0.0,1.0E-4,0,0,0
65536,655,1,0,0.0273,0.0481,0.0754,283104,7397,6
65536,655,1,1,0.0286,0.0455,0.0741,283104,7397,6
65536,655,1,2,0.026,0.044,0.06999999999999999,283104,7397,6
65536,655,1,3,0.0264,0.0441,0.07050000000000001,283104,7397,6
65536,655,1,4,0.0269,0.0452,0.0721,283104,7397,6
65536,655,1,5,0.0262,0.0454,0.0716,283104,7397,6
65536,655,1,6,0.0259,0.0447,0.0706,283104,7397,6
65536,655,1,7,0.0263,0.0447,0.071,283104,7397,6
65536,655,1,8,0.0265,0.0469,0.07339999999999999,283104,7397,6
65536,655,1,9,0.0257,0.0442,0.0699,283104,7397,6
65536,655,1,10,0.0254,0.0445,0.06989999999999999,283104,7397,6
65536,655,1,11,0.0241,0.0504,0.0745,283104,7397,6
65536,655,1,12,0.0257,0.0465,0.0722,283104,7397,6
65536,655,1,13,0.0243,0.0526,0.0769,283944,7397,6
65536,655,1,14,0.0244,0.0465,0.0709,283104,7397,6
65536,655,1,15,0.0247,0.0465,0.0712,283104,7397,6
65536,655,1,16,0.0256,0.0466,0.0722,283104,7397,6
65536,655,1,17,0.0242,0.0462,0.07039999999999999,283104,7397,6
65536,655,1,18,0.023,0.0462,0.0692,283104,7397,6
65536,655,1,19,0.0239,0.0469,0.0708,283104,7397,6
65536,655,1,20,0.0248,0.0455,0.0703,283104,7397,6
65536,655,1,21,0.0266,0.0458,0.07239999999999999,283104,7397,6
65536,655,1,22,0.0263,0.0453,0.0716,283104,7397,6
65536,655,1,23,0.0278,0.0491,0.0769,283944,7397,6
65536,655,1,24,0.0277,0.0453,0.073,283104,7397,6
65536,655,1,25,0.0317,0.0467,0.0784,283104,7397,6
65536,655,1,26,0.026,0.0456,0.0716,283104,7397,6
65536,655,1,27,0.0297,0.0454,0.0751,283104,7397,6
65536,655,1,28,0.0266,0.0458,0.07239999999999999,283104,7397,6
65536,655,1,29,0.0267,0.0458,0.07250000000000001,283104,7397,6
65536,655,1,30,0.0269,0.0474,0.0743,283104,7397,6
65536,655,1,31,0.0261,0.0458,0.0719,283104,7397,6
65536,655,1,32,0.0262,0.0458,0.07200000000000001,283104,7397,6
65536,655,1,33,0.0262,0.0445,0.0707,283104,7397,6
65536,655,1,34,0.0243,0.0449,0.0692,283104,7397,6
65536,655,1,35,0.0234,0.0444,0.0678,283104,7397,6
65536,655,1,36,0.0248,0.0449,0.0697,283104,7397,6
65536,655,1,37,0.0249,0.0438,0.0687,283104,7397,6
65536,655,1,38,0.0249,0.045,0.06989999999999999,283104,7397,6
65536,655,1,39,0.0233,0.0443,0.0676,283104,7397,6
65536,655,1,40,0.0237,0.0446,0.0683,283104,7397,6
65536,655,1,41,0.0244,0.0478,0.0722,283104,7397,6
65536,655,1,42,0.0228,0.046,0.0688,283104,7397,6
65536,655,1,43,0.0243,0.0471,0.0714,283104,7397,6
65536,655,1,44,0.024,0.0459,0.0699,283104,7397,6
65536,655,1,45,0.0234,0.0458,0.0692,283104,7397,6
65536,655,1,46,0.0242,0.0452,0.06939999999999999,283104,7397,6
65536,655,1,47,0.024,0.0444,0.0684,283104,7397,6
65536,655,1,48,0.0256,0.0452,0.0708,283104,7397,6
65536,655,1,49,0.0268,0.0445,0.0713,283104,7397,6
65536,655,1,50,0.0253,0.0448,0.0701,283104,7397,6
65536,655,1,51,0.0244,0.0446,0.069,283104,7397,6
65536,655,1,52,0.0243,0.0492,0.0735,283944,7397,6
65536,655,1,53,0.0251,0.0449,0.07,283104,7397,6
65536,655,1,54,0.0245,0.046,0.07050000000000001,283104,7397,6
65536,655,1,55,0.0244,0.0454,0.0698,283104,7397,6
65536,655,1,56,0.024,0.0467,0.0707,283104,7397,6
65536,655,1,57,0.0253,0.0447,0.06999999999999999,283104,7397,6
65536,655,1,58,0.0243,0.0467,0.071,283104,7397,6
65536,655,1,59,0.0244,0.0452,0.0696,283104,7397,6
65536,655,1,60,0.0247,0.0454,0.0701,283104,7397,6
65536,655,1,61,0.0241,0.0447,0.0688,283104,7397,6
65536,655,1,62,0.0239,0.0453,0.0692,283104,7397,6
65536,655,1,63,0.0244,0.0458,0.0702,283104,7397,6
65536,655,1,64,0.0256,0.0456,0.0712,283104,7397,6
65536,655,1,65,0.024,0.0481,0.0721,283944,7397,6
65536,655,1,66,0.0239,0.0442,0.06810000000000001,283104,7397,6
65536,655,1,67,0.0242,0.0458,0.07,283104,7397,6
65536,655,1,68,0.0248,0.0446,0.0694,283104,7397,6
65536,655,1,69,0.0238,0.0448,0.0686,283104,7397,6
65536,655,1,70,0.0246,0.0477,0.0723,283104,7397,6
65536,655,1,71,0.0278,0.0479,0.07569999999999999,283944,7397,6
65536,655,1,72,0.0272,0.0439,0.0711,283104,7397,6
65536,655,1,73,0.0273,0.0449,0.0722,283104,7397,6
65536,655,1,74,0.0266,0.0441,0.0707,283104,7397,6
65536,655,1,75,0.0286,0.0453,0.0739,283104,7397,6
65536,655,1,76,0.0268,0.0453,0.0721,283104,7397,6
65536,655,1,77,0.0267,0.0449,0.0716,283104,7397,6
65536,655,1,78,0.0245,0.0478,0.0723,283104,7397,6
65536,655,1,79,0.0243,0.0449,0.0692,283104,7397,6
65536,655,1,80,0.0239,0.0457,0.0696,283104,7397,6
65536,655,1,81,0.0245,0.0443,0.0688,283104,7397,6
65536,655,1,82,0.0247,0.0459,0.0706,283104,7397,6
65536,655,1,83,0.0245,0.0454,0.0699,283104,7397,6
65536,655,1,84,0.0262,0.0451,0.0713,283104,7397,6
65536,655,1,85,0.0273,0.0457,0.073,283104,7397,6
65536,655,1,86,0.0275,0.0451,0.0726,283104,7397,6
65536,655,1,87,0.0273,0.045,0.0723,283104,7397,6
65536,655,1,88,0.0267,0.0443,0.07100000000000001,283104,7397,6
65536,655,1,89,0.0273,0.0466,0.07390000000000001,283104,7397,6
65536,655,1,90,0.0262,0.0445,0.0707,283104,7397,6
65536,655,1,91,0.0271,0.0459,0.07300000000000001,283104,7397,6
65536,655,1,92,0.0261,0.0452,0.0713,283104,7397,6
65536,655,1,93,0.0266,0.0467,0.0733,283104,7397,6
65536,655,1,94,0.0262,0.0488,0.07500000000000001,283944,7397,6
65536,655,1,95,0.0275,0.0455,0.073,283104,7397,6
65536,655,1,96,0.0269,0.0446,0.07150000000000001,283104,7397,6
65536,655,1,97,0.0286,0.0447,0.0733,283104,7397,6
65536,655,1,98,0.0265,0.045,0.0715,283104,7397,6
65536,655,1,99,0.027,0.0448,0.0718,283104,7397,6
65536,655,1,100,0.0269,0.0459,0.0728,283104,7397,6
65536,655,1,101,0.0271,0.0454,0.07250000000000001,283104,7397,6
65536,655,1,102,0.0255,0.045,0.0705,283104,7397,6
65536,655,1,103,0.0261,0.0457,0.0718,283104,7397,6
65536,655,1,104,0.0273,0.0466,0.07390000000000001,283104,7397,6
65536,655,1,105,0.0281,0.0438,0.07189999999999999,283104,7397,6
65536,655,1,106,0.0288,0.0459,0.0747,283104,7397,6
65536,655,1,107,0.0266,0.0443,0.07089999999999999,283104,7397,6
65536,655,1,108,0.0283,0.0453,0.0736,283104,7397,6
65536,655,1,109,0.027,0.0446,0.0716,283104,7397,6
65536,655,1,110,0.0281,0.0444,0.07250000000000001,283104,7397,6
65536,655,1,111,0.0261,0.0453,0.0714,283104,7397,6
65536,655,1,112,0.0278,0.0454,0.0732,283104,7397,6
65536,655,1,113,0.027,0.0466,0.0736,283104,7397,6
65536,655,1,114,0.0265,0.045,0.0715,283104,7397,6
65536,655,1,115,0.0249,0.0454,0.0703,283104,7397,6
65536,655,1,116,0.0259,0.0448,0.0707,283104,7397,6
65536,655,1,117,0.026,0.0468,0.0728,283104,7397,6
65536,655,1,118,0.0261,0.0457,0.0718,283104,7397,6
65536,655,1,119,0.0275,0.0451,0.0726,283104,7397,6
65536,655,1,120,0.0274,0.045,0.07239999999999999,283104,7397,6
65536,655,1,121,0.027,0.0459,0.0729,283104,7397,6
65536,655,1,122,0.0258,0.0448,0.0706,283104,7397,6
65536,655,1,123,0.028,0.0442,0.0722,283104,7397,6
65536,655,1,124,0.0269,0.0447,0.0716,283104,7397,6
65536,655,1,125,0.0259,0.0457,0.0716,283104,7397,6
65536,655,1,126,0.0244,0.046,0.0704,283104,7397,6
65536,655,1,127,0.0241,0.0449,0.069,283104,7397,6
65536,655,1,128,0.0233,0.0452,0.0685,283104,7397,6
65536,655,1,129,0.0248,0.0443,0.0691,283104,7397,6
65536,655,1,130,0.0242,0.0465,0.0707,283104,7397,6
65536,655,1,131,0.0245,0.0451,0.0696,283104,7397,6
65536,655,1,132,0.0252,0.0454,0.0706,283104,7397,6
65536,655,1,133,0.024,0.0452,0.0692,283104,7397,6
65536,655,1,134,0.0253,0.0446,0.0699,283104,7397,6
65536,655,1,135,0.0244,0.045,0.0694,283104,7397,6
65536,655,1,136,0.0246,0.0452,0.0698,283104,7397,6
65536,655,1,137,0.0237,0.0453,0.069,283104,7397,6
65536,655,1,138,0.0244,0.0454,0.0698,283104,7397,6
65536,655,1,139,0.0238,0.0457,0.0695,283104,7397,6
65536,655,1,140,0.0237,0.0447,0.06839999999999999,283104,7397,6
65536,655,1,141,0.0243,0.0457,0.06999999999999999,283104,7397,6
65536,655,1,142,0.0238,0.0449,0.06870000000000001,283104,7397,6
65536,655,1,143,0.0248,0.0454,0.0702,283104,7397,6
65536,655,1,144,0.0244,0.044,0.0684,283104,7397,6
65536,655,1,145,0.0251,0.0449,0.07,283104,7397,6
65536,655,1,146,0.0235,0.048,0.07150000000000001,283944,7397,6
65536,655,1,147,0.0253,0.0461,0.0714,283104,7397,6
65536,655,1,148,0.0237,0.0459,0.0696,283104,7397,6
65536,655,1,149,0.0241,0.0449,0.069,283104,7397,6
65536,655,1,150,0.0241,0.0442,0.0683,283104,7397,6
65536,655,1,151,0.0241,0.0444,0.0685,283104,7397,6
65536,655,1,152,0.0246,0.0454,0.07,283104,7397,6
65536,655,1,153,0.023,0.0447,0.0677,283104,7397,6
65536,655,1,154,0.0238,0.0457,0.0695,283104,7397,6
65536,655,1,155,0.0236,0.0474,0.071,283944,7397,6
65536,655,1,156,0.026,0.0459,0.0719,283104,7397,6
65536,655,1,157,0.0237,0.0458,0.0695,283104,7397,6
65536,655,1,158,0.0243,0.0452,0.06949999999999999,283104,7397,6
65536,655,1,159,0.0245,0.0435,0.068,283104,7397,6
65536,655,1,160,0.0259,0.0445,0.07039999999999999,283104,7397,6
65536,655,1,161,0.0251,0.046,0.0711,283104,7397,6
65536,655,1,162,0.0246,0.0455,0.0701,283104,7397,6
65536,655,1,163,0.0243,0.0466,0.0709,283104,7397,6
65536,655,1,164,0.024,0.0459,0.0699,283104,7397,6
65536,655,1,165,0.0266,0.0455,0.0721,283104,7397,6
65536,655,1,166,0.0252,0.0447,0.06989999999999999,283104,7397,6
65536,655,1,167,0.0271,0.0492,0.0763,283944,7397,6
65536,655,1,168,0.0261,0.0452,0.0713,283104,7397,6
65536,655,1,169,0.0252,0.0454,0.0706,283104,7397,6
65536,655,1,170,0.0253,0.0445,0.0698,283104,7397,6
65536,655,1,171,0.0264,0.0445,0.07089999999999999,283104,7397,6
65536,655,1,172,0.0276,0.0461,0.0737,283104,7397,6
65536,655,1,173,0.0254,0.0461,0.07150000000000001,283104,7397,6
65536,655,1,174,0.0251,0.0458,0.0709,283104,7397,6
65536,655,1,175,0.025,0.0453,0.0703,283104,7397,6
65536,655,1,176,0.0248,0.0447,0.06949999999999999,283104,7397,6
65536,655,1,177,0.0241,0.0453,0.0694,283104,7397,6
65536,655,1,178,0.0243,0.0466,0.0709,283104,7397,6
65536,655,1,179,0.0247,0.0437,0.0684,283104,7397,6
65536,655,1,180,0.024,0.0453,0.0693,283104,7397,6
65536,655,1,181,0.0232,0.0452,0.06839999999999999,283104,7397,6
65536,655,1,182,0.0247,0.0442,0.0689,283104,7397,6
65536,655,1,183,0.0248,0.0448,0.0696,283104,7397,6
65536,655,1,184,0.0242,0.0468,0.07100000000000001,283104,7397,6
65536,655,1,185,0.0233,0.0464,0.0697,283104,7397,6
65536,655,1,186,0.0248,0.0466,0.0714,283104,7397,6
65536,655,1,187,0.0251,0.0477,0.0728,283104,7397,6
65536,655,1,188,0.0247,0.0446,0.0693,283104,7397,6
65536,655,1,189,0.0241,0.0476,0.0717,283104,7397,6
65536,655,1,190,0.0252,0.0462,0.07139999999999999,283104,7397,6
65536,655,1,191,0.0248,0.0457,0.0705,283104,7397,6
65536,655,1,192,0.0259,0.0461,0.07200000000000001,283104,7397,6
65536,655,1,193,0.0264,0.0454,0.0718,283104,7397,6
65536,655,1,194,0.0257,0.0466,0.0723,283104,7397,6
65536,655,1,195,0.0252,0.0449,0.0701,283104,7397,6
65536,655,1,196,0.0271,0.0461,0.0732,283104,7397,6
65536,655,1,197,0.0263,0.0455,0.0718,283104,7397,6
65536,655,1,198,0.0263,0.0452,0.0715,283104,7397,6
65536,655,1,199,0.0256,0.0449,0.07050000000000001,283104,7397,6
65536,655,1,200,0.0259,0.0475,0.07339999999999999,283104,7397,6
65536,655,1,201,0.0276,0.0463,0.0739,283104,7397,6
65536,655,1,202,0.0275,0.0456,0.0731,283104,7397,6
65536,655,1,203,0.0272,0.046,0.0732,283104,7397,6
65536,655,1,204,0.0294,0.046,0.0754,283104,7397,6
65536,655,1,205,0.027,0.045,0.072,283104,7397,6
65536,655,1,206,0.0252,0.0465,0.0717,283104,7397,6
65536,655,1,207,0.0255,0.0454,0.0709,283104,7397,6
65536,655,1,208,0.0248,0.0447,0.06949999999999999,283104,7397,6
65536,655,1,209,0.0246,0.0467,0.0713,283104,7397,6
65536,655,1,210,0.025,0.0456,0.0706,283104,7397,6
65536,655,1,211,0.0254,0.0473,0.0727,283104,7397,6
65536,655,1,212,0.024,0.0455,0.0695,283104,7397,6
65536,655,1,213,0.0248,0.0454,0.0702,283104,7397,6
65536,655,1,214,0.0242,0.0455,0.0697,283104,7397,6
65536,655,1,215,0.0254,0.0458,0.0712,283104,7397,6
65536,655,1,216,0.0245,0.045,0.0695,283104,7397,6
65536,655,1,217,0.0267,0.0454,0.0721,283104,7397,6
65536,655,1,218,0.0246,0.0453,0.0699,283104,7397,6
65536,655,1,219,0.0265,0.0457,0.0722,283104,7397,6
65536,655,1,220,0.0271,0.0648,0.0919,283104,7397,6
65536,655,1,221,0.0302,0.0531,0.0833,283104,7397,6
65536,655,1,222,0.0383,0.0501,0.0884,283104,7397,6
65536,655,1,223,0.0275,0.0471,0.0746,283104,7397,6
65536,655,1,224,0.0256,0.0472,0.0728,283104,7397,6
65536,655,1,225,0.0237,0.0463,0.07,283104,7397,6
65536,655,1,226,0.0242,0.0465,0.0707,283104,7397,6
65536,655,1,227,0.0252,0.045,0.0702,283104,7397,6
65536,655,1,228,0.0263,0.0464,0.0727,283104,7397,6
65536,655,1,229,0.025,0.0444,0.0694,283104,7397,6
65536,655,1,230,0.0268,0.0446,0.0714,283104,7397,6
65536,655,1,231,0.0265,0.0458,0.0723,283104,7397,6
65536,655,1,232,0.0267,0.0455,0.0722,283104,7397,6
65536,655,1,233,0.0258,0.0459,0.0717,283104,7397,6
65536,655,1,234,0.0257,0.0455,0.0712,283104,7397,6
65536,655,1,235,0.025,0.0482,0.0732,283104,7397,6
65536,655,1,236,0.025,0.0472,0.0722,283104,7397,6
65536,655,1,237,0.0243,0.0471,0.0714,283104,7397,6
65536,655,1,238,0.0245,0.0457,0.0702,283104,7397,6
65536,655,1,239,0.0254,0.0464,0.0718,283104,7397,6
65536,655,1,240,0.0254,0.0455,0.07089999999999999,283104,7397,6
65536,655,1,241,0.0268,0.0456,0.0724,283104,7397,6
65536,655,1,242,0.0248,0.0448,0.0696,283104,7397,6
65536,655,1,243,0.0255,0.0463,0.0718,283104,7397,6
65536,655,1,244,0.0249,0.0451,0.07,283104,7397,6
65536,655,1,245,0.0254,0.0452,0.0706,283104,7397,6
65536,655,1,246,0.0258,0.0454,0.0712,283104,7397,6
65536,655,1,247,0.0263,0.0457,0.072,283104,7397,6
65536,655,1,248,0.0264,0.0462,0.0726,283104,7397,6
65536,655,1,249,0.026,0.0538,0.0798,283944,7397,6
65536,655,1,250,0.0259,0.0487,0.0746,283944,7397,6
65536,655,1,251,0.025,0.0467,0.0717,283104,7397,6
65536,655,1,252,0.0267,0.0475,0.0742,283104,7397,6
65536,655,1,253,0.0241,0.0446,0.0687,283104,7397,6
65536,655,1,254,0.0246,0.0477,0.0723,283944,7397,6
65536,655,1,255,0.0247,0.0451,0.0698,283104,7397,6
65536,655,2,0,0.0318,0.0518,0.08360000000000001,283104,7397,6
65536,655,2,1,0.0299,0.0538,0.0837,283944,7397,6
65536,655,2,2,0.0254,0.0437,0.0691,283104,7397,6
65536,655,2,3,0.0275,0.0463,0.0738,283104,7397,6
65536,655,2,4,0.0287,0.0547,0.0834,283104,7397,6
65536,655,2,5,0.0334,0.0547,0.0881,283104,7397,6
65536,655,2,6,0.029,0.0477,0.0767,283104,7397,6
65536,655,2,7,0.0254,0.0462,0.0716,283944,7397,6
65536,655,2,8,0.0339,0.0554,0.08929999999999999,283104,7397,6
65536,655,2,9,0.0366,0.0444,0.081,283104,7397,6
65536,655,2,10,0.0252,0.0442,0.0694,283104,7397,6
65536,655,2,11,0.0246,0.049,0.0736,283104,7397,6
65536,655,2,12,0.0378,3.4906,3.5284,283104,7397,6
65536,655,2,13,0.1181,0.0896,0.2077,283104,7397,6
65536,655,2,14,0.0308,0.0553,0.08610000000000001,283104,7397,6
65536,655,2,15,0.0294,0.0515,0.0809,283104,7397,6
65536,655,2,16,0.0269,0.0537,0.0806,283104,7397,6
65536,655,2,17,0.0268,0.05,0.07680000000000001,283104,7397,6
65536,655,2,18,0.0255,0.0512,0.0767,283104,7397,6
65536,655,2,19,0.0263,0.0506,0.0769,283104,7397,6
65536,655,2,20,0.0299,0.0489,0.0788,283104,7397,6
65536,655,2,21,0.0289,0.0494,0.0783,283104,7397,6
65536,655,2,22,0.0278,0.0499,0.07769999999999999,283104,7397,6
65536,655,2,23,0.0296,0.0468,0.0764,283104,7397,6
65536,655,2,24,0.0262,0.0468,0.07300000000000001,283104,7397,6
65536,655,2,25,0.0258,0.0494,0.0752,283104,7397,6
65536,655,2,26,0.0262,0.0499,0.0761,283104,7397,6
65536,655,2,27,0.0277,0.0499,0.0776,283104,7397,6
65536,655,2,28,0.0277,0.0471,0.0748,283104,7397,6
65536,655,2,29,0.0271,0.0497,0.07680000000000001,283104,7397,6
65536,655,2,30,0.0265,0.0484,0.0749,283104,7397,6
65536,655,2,31,0.0288,0.0475,0.0763,283104,7397,6
65536,655,2,32,0.0294,0.0469,0.07629999999999999,283104,7397,6
65536,655,2,33,0.0281,0.06,0.0881,283944,7397,6
65536,655,2,34,0.03,0.0468,0.07680000000000001,283104,7397,6
65536,655,2,35,0.0277,0.0461,0.0738,283104,7397,6
65536,655,2,36,0.0284,0.0455,0.0739,283104,7397,6
65536,655,2,37,0.0238,0.0456,0.0694,283104,7397,6
65536,655,2,38,0.0241,0.0466,0.0707,283104,7397,6
65536,655,2,39,0.0243,0.045,0.0693,283104,7397,6
65536,655,2,40,0.024,0.0463,0.0703,283104,7397,6
65536,655,2,41,0.024,0.0444,0.0684,283104,7397,6
65536,655,2,42,0.0249,0.0456,0.07050000000000001,283104,7397,6
65536,655,2,43,0.0253,0.0451,0.0704,283104,7397,6
65536,655,2,44,0.0259,0.0445,0.07039999999999999,283104,7397,6
65536,655,2,45,0.0272,0.0454,0.0726,283104,7397,6
65536,655,2,46,0.0286,0.0465,0.0751,283104,7397,6
65536,655,2,47,0.0267,0.0449,0.0716,283104,7397,6
65536,655,2,48,0.0276,0.045,0.0726,283104,7397,6
65536,655,2,49,0.0262,0.0462,0.07239999999999999,283104,7397,6
65536,655,2,50,0.0298,0.045,0.0748,283104,7397,6
65536,655,2,51,0.0261,0.0455,0.0716,283104,7397,6
65536,655,2,52,0.0278,0.0449,0.0727,283104,7397,6
65536,655,2,53,0.0267,0.0463,0.07300000000000001,283104,7397,6
65536,655,2,54,0.0256,0.0488,0.07440000000000001,283944,7397,6
65536,655,2,55,0.0266,0.0444,0.07100000000000001,283104,7397,6
65536,655,2,56,0.0273,0.0447,0.072,283104,7397,6
65536,655,2,57,0.0285,0.044,0.0725,283104,7397,6
65536,655,2,58,0.0265,0.0449,0.0714,283104,7397,6
65536,655,2,59,0.026,0.0443,0.0703,283104,7397,6
65536,655,2,60,0.0266,0.0462,0.0728,283104,7397,6
65536,655,2,61,0.0269,0.0489,0.0758,283104,7397,6
65536,655,2,62,0.0264,0.0455,0.07189999999999999,283104,7397,6
65536,655,2,63,0.0261,0.0472,0.0733,283104,7397,6
65536,655,2,64,0.0267,0.0502,0.0769,283944,7397,6
65536,655,2,65,0.0268,0.0447,0.0715,283104,7397,6
65536,655,2,66,0.0255,0.0453,0.0708,283104,7397,6
65536,655,2,67,0.0267,0.0447,0.07139999999999999,283104,7397,6
65536,655,2,68,0.028,0.044,0.072,283104,7397,6
65536,655,2,69,0.0255,0.0449,0.0704,283104,7397,6
65536,655,2,70,0.027,0.0452,0.0722,283104,7397,6
65536,655,2,71,0.0262,0.0449,0.0711,283104,7397,6
65536,655,2,72,0.0283,0.0447,0.073,283104,7397,6
65536,655,2,73,0.0266,0.0428,0.06939999999999999,283104,7397,6
65536,655,2,74,0.0249,0.0426,0.0675,283104,7397,6
65536,655,2,75,0.0268,0.0442,0.07100000000000001,283104,7397,6
65536,655,2,76,0.027,0.0428,0.0698,283104,7397,6
65536,655,2,77,0.0243,0.0469,0.0712,283104,7397,6
65536,655,2,78,0.0246,0.0453,0.0699,283944,7397,6
65536,655,2,79,0.0258,0.0433,0.0691,283104,7397,6
65536,655,2,80,0.0234,0.043,0.0664,283104,7397,6
65536,655,2,81,0.0225,0.0428,0.0653,283104,7397,6
65536,655,2,82,0.023,0.0427,0.06570000000000001,283104,7397,6
65536,655,2,83,0.0256,0.0429,0.0685,283104,7397,6
65536,655,2,84,0.0241,0.0434,0.0675,283104,7397,6
65536,655,2,85,0.0238,0.0427,0.0665,283104,7397,6
65536,655,2,86,0.0226,0.045,0.0676,283104,7397,6
65536,655,2,87,0.0231,0.0429,0.066,283104,7397,6
65536,655,2,88,0.0222,0.0434,0.0656,283104,7397,6
65536,655,2,89,0.0228,0.0427,0.0655,283104,7397,6
65536,655,2,90,0.0226,0.0441,0.0667,283104,7397,6
65536,655,2,91,0.0222,0.0429,0.0651,283104,7397,6
65536,655,2,92,0.0236,0.0433,0.0669,283104,7397,6
65536,655,2,93,0.0236,0.0428,0.0664,283104,7397,6
65536,655,2,94,0.0248,0.0432,0.068,283104,7397,6
65536,655,2,95,0.0235,0.0474,0.07089999999999999,283104,7397,6
65536,655,2,96,0.0239,0.0426,0.0665,283104,7397,6
65536,655,2,97,0.0239,0.0445,0.0684,283104,7397,6
65536,655,2,98,0.0232,0.0433,0.0665,283104,7397,6
65536,655,2,99,0.023,0.0435,0.0665,283104,7397,6
65536,655,2,100,0.0237,0.0425,0.06620000000000001,283104,7397,6
65536,655,2,101,0.0234,0.0442,0.06760000000000001,283104,7397,6
65536,655,2,102,0.0234,0.0434,0.0668,283104,7397,6
65536,655,2,103,0.0233,0.0435,0.0668,283104,7397,6
65536,655,2,104,0.0234,0.0433,0.0667,283104,7397,6
65536,655,2,105,0.0244,0.0442,0.06860000000000001,283104,7397,6
65536,655,2,106,0.0226,0.0433,0.0659,283104,7397,6
65536,655,2,107,0.0248,0.0427,0.0675,283104,7397,6
65536,655,2,108,0.0269,0.0441,0.07100000000000001,283104,7397,6
65536,655,2,109,0.026,0.043,0.06899999999999999,283104,7397,6
65536,655,2,110,0.0256,0.043,0.0686,283104,7397,6
65536,655,2,111,0.0254,0.0433,0.0687,283104,7397,6
65536,655,2,112,0.0251,0.044,0.0691,283104,7397,6
65536,655,2,113,0.0257,0.0424,0.0681,283104,7397,6
65536,655,2,114,0.0256,0.0429,0.0685,283104,7397,6
65536,655,2,115,0.0255,0.0431,0.0686,283104,7397,6
65536,655,2,116,0.0263,0.0434,0.0697,283104,7397,6
65536,655,2,117,0.0253,0.043,0.0683,283104,7397,6
65536,655,2,118,0.0265,0.0428,0.0693,283104,7397,6
65536,655,2,119,0.0255,0.0432,0.0687,283104,7397,6
65536,655,2,120,0.0264,0.043,0.06939999999999999,283104,7397,6
65536,655,2,121,0.0254,0.0429,0.0683,283104,7397,6
65536,655,2,122,0.0255,0.0429,0.0684,283104,7397,6
65536,655,2,123,0.0257,0.0446,0.0703,283104,7397,6
65536,655,2,124,0.0263,0.0446,0.0709,283104,7397,6
65536,655,2,125,0.0266,0.0426,0.0692,283104,7397,6
65536,655,2,126,0.0265,0.0426,0.0691,283104,7397,6
65536,655,2,127,0.0301,0.0428,0.07289999999999999,283104,7397,6
65536,655,2,128,0.0261,0.0428,0.0689,283104,7397,6
65536,655,2,129,0.0268,0.0436,0.0704,283104,7397,6
65536,655,2,130,0.0288,0.0428,0.0716,283104,7397,6
65536,655,2,131,0.0283,0.0436,0.07189999999999999,283104,7397,6
65536,655,2,132,0.0264,0.0425,0.0689,283104,7397,6
65536,655,2,133,0.0238,0.0436,0.0674,283104,7397,6
65536,655,2,134,0.0233,0.0453,0.0686,283104,7397,6
65536,655,2,135,0.0237,0.0432,0.0669,283104,7397,6
65536,655,2,136,0.0238,0.0434,0.06720000000000001,283104,7397,6
65536,655,2,137,0.0242,0.0445,0.0687,283104,7397,6
65536,655,2,138,0.0257,0.0437,0.0694,283104,7397,6
65536,655,2,139,0.0268,0.0436,0.0704,283104,7397,6
65536,655,2,140,0.0262,0.044,0.0702,283104,7397,6
65536,655,2,141,0.0261,0.0436,0.0697,283104,7397,6
65536,655,2,142,0.0269,0.0429,0.0698,283104,7397,6
65536,655,2,143,0.0261,0.0428,0.0689,283104,7397,6
65536,655,2,144,0.0262,0.0429,0.0691,283104,7397,6
65536,655,2,145,0.0245,0.0439,0.0684,283104,7397,6
65536,655,2,146,0.0229,0.043,0.0659,283104,7397,6
65536,655,2,147,0.0229,0.0434,0.0663,283104,7397,6
65536,655,2,148,0.0228,0.043,0.0658,283104,7397,6
65536,655,2,149,0.0232,0.0449,0.0681,283104,7397,6
65536,655,2,150,0.0233,0.1937,0.21700000000000003,283104,7397,6
65536,655,2,151,0.0294,0.045,0.0744,283104,7397,6
65536,655,2,152,0.0263,0.0433,0.0696,283104,7397,6
65536,655,2,153,0.028,0.0437,0.0717,283104,7397,6
65536,655,2,154,0.0257,0.043,0.0687,283104,7397,6
65536,655,2,155,0.0265,0.0427,0.0692,283104,7397,6
65536,655,2,156,0.0263,0.0444,0.0707,283104,7397,6
65536,655,2,157,0.0262,0.0447,0.07089999999999999,283104,7397,6
65536,655,2,158,0.024,0.0442,0.06820000000000001,283104,7397,6
65536,655,2,159,0.0238,0.0432,0.067,283104,7397,6
65536,655,2,160,0.0236,0.0462,0.0698,283104,7397,6
65536,655,2,161,0.0231,0.0435,0.06659999999999999,283104,7397,6
65536,655,2,162,0.0246,0.0427,0.0673,283104,7397,6
65536,655,2,163,0.025,0.0439,0.0689,283104,7397,6
65536,655,2,164,0.028,0.0444,0.0724,283104,7397,6
65536,655,2,165,0.0267,0.0438,0.07050000000000001,283104,7397,6
65536,655,2,166,0.0269,0.0434,0.0703,283104,7397,6
65536,655,2,167,0.0262,0.0435,0.0697,283104,7397,6
65536,655,2,168,0.0286,0.0436,0.0722,283104,7397,6
65536,655,2,169,0.0265,0.0444,0.0709,283104,7397,6
65536,655,2,170,0.0709,0.0617,0.1326,283104,7397,6
65536,655,2,171,0.0304,0.0536,0.084,283104,7397,6
65536,655,2,172,0.0281,0.0494,0.0775,283104,7397,6
65536,655,2,173,0.0259,0.0482,0.0741,283104,7397,6
65536,655,2,174,0.0259,0.0471,0.07300000000000001,283104,7397,6
65536,655,2,175,0.0282,0.0468,0.075,283104,7397,6
65536,655,2,176,0.0264,0.0458,0.0722,283104,7397,6
65536,655,2,177,0.0283,0.0459,0.0742,283104,7397,6
65536,655,2,178,0.0261,0.0449,0.07100000000000001,283104,7397,6
65536,655,2,179,0.0271,0.0569,0.08399999999999999,283104,7397,6
65536,655,2,180,0.0291,0.0653,0.0944,283104,7397,6
65536,655,2,181,0.0303,0.0562,0.0865,283944,7397,6
65536,655,2,182,0.0293,0.0482,0.0775,283104,7397,6
65536,655,2,183,0.028,0.0459,0.07390000000000001,283104,7397,6
65536,655,2,184,0.0257,0.0476,0.0733,283104,7397,6
65536,655,2,185,0.0251,0.046,0.0711,283104,7397,6
65536,655,2,186,0.0262,0.045,0.0712,283104,7397,6
65536,655,2,187,0.0257,0.045,0.0707,283104,7397,6
65536,655,2,188,0.0297,0.0495,0.0792,283944,7397,6
65536,655,2,189,0.0298,0.0461,0.0759,283104,7397,6
65536,655,2,190,0.0296,0.0451,0.0747,283104,7397,6
65536,655,2,191,0.0284,0.0448,0.0732,283104,7397,6
65536,655,2,192,0.0283,0.0452,0.0735,283104,7397,6
65536,655,2,193,0.0257,0.0526,0.07830000000000001,283104,7397,6
65536,655,2,194,0.0267,0.0483,0.07500000000000001,283104,7397,6
65536,655,2,195,0.0258,0.0461,0.0719,283104,7397,6
65536,655,2,196,0.0256,0.0455,0.0711,283104,7397,6
65536,655,2,197,0.0252,0.0487,0.0739,283104,7397,6
65536,655,2,198,0.0245,0.0469,0.07139999999999999,283104,7397,6
65536,655,2,199,0.0272,0.0479,0.0751,283104,7397,6
65536,655,2,200,0.0274,0.0456,0.07300000000000001,283104,7397,6
65536,655,2,201,0.027,0.0491,0.0761,283944,7397,6
65536,655,2,202,0.0259,0.0462,0.0721,283104,7397,6
65536,655,2,203,0.0251,0.0479,0.073,283104,7397,6
65536,655,2,204,0.0258,0.0497,0.0755,283104,7397,6
65536,655,2,205,0.0249,0.045,0.06989999999999999,283104,7397,6
65536,655,2,206,0.0261,0.0497,0.0758,283104,7397,6
65536,655,2,207,0.0255,0.045,0.0705,283104,7397,6
65536,655,2,208,0.0258,0.0468,0.0726,283104,7397,6
65536,655,2,209,0.0264,0.0458,0.0722,283104,7397,6
65536,655,2,210,0.027,0.0456,0.0726,283104,7397,6
65536,655,2,211,0.0258,0.0462,0.072,283104,7397,6
65536,655,2,212,0.0288,0.045,0.0738,283104,7397,6
65536,655,2,213,0.0262,0.0522,0.0784,283104,7397,6
65536,655,2,214,0.0286,0.0449,0.07350000000000001,283104,7397,6
65536,655,2,215,0.0313,0.0447,0.076,283104,7397,6
65536,655,2,216,0.029,0.0451,0.0741,283104,7397,6
65536,655,2,217,0.0272,0.0449,0.0721,283104,7397,6
65536,655,2,218,0.0282,0.0449,0.0731,283104,7397,6
65536,655,2,219,0.0279,0.0464,0.0743,283104,7397,6
65536,655,2,220,0.0271,0.047,0.0741,283104,7397,6
65536,655,2,221,0.0263,0.0449,0.0712,283104,7397,6
65536,655,2,222,0.0263,0.0449,0.0712,283104,7397,6
65536,655,2,223,0.0298,0.0458,0.0756,283104,7397,6
65536,655,2,224,0.0276,0.0446,0.0722,283104,7397,6
65536,655,2,225,0.0287,0.0462,0.0749,283104,7397,6
65536,655,2,226,0.0272,0.0449,0.0721,283104,7397,6
65536,655,2,227,0.0261,0.0468,0.0729,283104,7397,6
65536,655,2,228,0.0262,0.0474,0.0736,283104,7397,6
65536,655,2,229,0.0276,0.0468,0.0744,283104,7397,6
65536,655,2,230,0.027,0.0498,0.0768,283104,7397,6
65536,655,2,231,0.0258,0.0476,0.0734,283104,7397,6
65536,655,2,232,0.1146,0.0496,0.16419999999999998,283104,7397,6
65536,655,2,233,0.0267,0.0545,0.0812,283104,7397,6
65536,655,2,234,0.0392,0.0681,0.10729999999999999,283104,7397,6
65536,655,2,235,0.0336,0.0489,0.08249999999999999,283104,7397,6
65536,655,2,236,0.033,0.046,0.079,283104,7397,6
65536,655,2,237,0.0285,0.0461,0.0746,283104,7397,6
65536,655,2,238,0.0311,0.0549,0.086,283944,7397,6
65536,655,2,239,0.0272,0.046,0.0732,283104,7397,6
65536,655,2,240,0.0263,0.0479,0.0742,283104,7397,6
65536,655,2,241,0.028,0.0477,0.0757,283104,7397,6
65536,655,2,242,0.0254,0.0458,0.0712,283104,7397,6
65536,655,2,243,0.0255,0.0447,0.0702,283104,7397,6
65536,655,2,244,0.0239,0.0442,0.06810000000000001,283104,7397,6
65536,655,2,245,0.0245,0.0474,0.07189999999999999,283104,7397,6
65536,655,2,246,0.0243,0.0446,0.0689,283104,7397,6
65536,655,2,247,0.0252,0.0444,0.0696,283104,7397,6
65536,655,2,248,0.0288,0.0445,0.0733,283104,7397,6
65536,655,2,249,0.0277,0.0437,0.0714,283104,7397,6
65536,655,2,250,0.0274,0.0453,0.0727,283104,7397,6
65536,655,2,251,0.0265,0.0444,0.0709,283104,7397,6
65536,655,2,252,0.0248,0.046,0.0708,283104,7397,6
65536,655,2,253,0.0235,0.0447,0.0682,283104,7397,6
65536,655,2,254,0.0239,0.0451,0.069,283104,7397,6
65536,655,2,255,0.0253,0.0459,0.0712,283104,7397,6
65536,655,3,0,0.0234,0.0434,0.0668,283104,7397,6
65536,655,3,1,0.0288,0.0443,0.0731,283104,7397,6
65536,655,3,2,0.0236,0.0427,0.0663,283104,7397,6
65536,655,3,3,0.0249,0.0437,0.0686,283104,7397,6
65536,655,3,4,0.0242,0.0445,0.0687,283104,7397,6
65536,655,3,5,0.0238,0.0429,0.06670000000000001,283104,7397,6
65536,655,3,6,0.0238,0.0445,0.0683,283104,7397,6
65536,655,3,7,0.0267,0.0433,0.07,283104,7397,6
65536,655,3,8,0.0238,0.0442,0.068,283104,7397,6
65536,655,3,9,0.0242,0.0436,0.0678,283104,7397,6
65536,655,3,10,0.0238,0.043,0.0668,283104,7397,6
65536,655,3,11,0.0239,0.043,0.0669,283104,7397,6
65536,655,3,12,0.0261,0.0429,0.069,283104,7397,6
65536,655,3,13,0.0235,0.0433,0.0668,283104,7397,6
65536,655,3,14,0.0444,0.0426,0.087,283104,7397,6
65536,655,3,15,0.0416,0.044,0.0856,283104,7397,6
65536,655,3,16,0.0397,0.0435,0.0832,283104,7397,6
65536,655,3,17,0.0382,0.0441,0.0823,283104,7397,6
65536,655,3,18,0.0386,0.0431,0.0817,283104,7397,6
65536,655,3,19,0.0397,0.044,0.0837,283104,7397,6
65536,655,3,20,0.0425,0.0431,0.08560000000000001,283104,7397,6
65536,655,3,21,0.0428,0.0438,0.0866,283104,7397,6
65536,655,3,22,0.0417,0.0433,0.08499999999999999,283104,7397,6
65536,655,3,23,0.0445,0.05,0.0945,283104,7397,6
65536,655,3,24,0.0393,0.0434,0.0827,283104,7397,6
65536,655,3,25,0.0437,0.0434,0.08710000000000001,283104,7397,6
65536,655,3,26,0.0401,0.0464,0.0865,283944,7397,6
65536,655,3,27,0.0475,0.0434,0.09090000000000001,283104,7397,6
65536,655,3,28,0.04,0.0431,0.08310000000000001,283104,7397,6
65536,655,3,29,0.0432,0.044,0.0872,283104,7397,6
65536,655,3,30,0.0405,0.0457,0.0862,283104,7397,6
65536,655,3,31,0.0411,0.0444,0.08549999999999999,283104,7397,6
65536,655,3,32,0.0434,0.0431,0.0865,283104,7397,6
65536,655,3,33,0.0428,0.0437,0.0865,283104,7397,6
65536,655,3,34,0.0424,0.0429,0.0853,283104,7397,6
65536,655,3,35,0.0415,0.0431,0.08460000000000001,283104,7397,6
65536,655,3,36,0.0428,0.0435,0.08629999999999999,283104,7397,6
65536,655,3,37,0.0442,0.0438,0.088,283104,7397,6
65536,655,3,38,0.04,0.0434,0.0834,283104,7397,6
65536,655,3,39,0.0248,0.0433,0.0681,283104,7397,6
65536,655,3,40,0.0232,0.0432,0.0664,283104,7397,6
65536,655,3,41,0.023,0.0447,0.0677,283104,7397,6
65536,655,3,42,0.0234,0.043,0.0664,283104,7397,6
65536,655,3,43,0.0229,0.0434,0.0663,283104,7397,6
65536,655,3,44,0.0228,0.0435,0.0663,283104,7397,6
65536,655,3,45,0.0235,0.0448,0.0683,283104,7397,6
65536,655,3,46,0.0239,0.0433,0.0672,283104,7397,6
65536,655,3,47,0.0244,0.043,0.0674,283104,7397,6
65536,655,3,48,0.0234,0.0437,0.0671,283104,7397,6
65536,655,3,49,0.0245,0.0432,0.06770000000000001,283104,7397,6
65536,655,3,50,0.0239,0.0431,0.067,283104,7397,6
65536,655,3,51,0.0242,0.0429,0.06709999999999999,283104,7397,6
65536,655,3,52,0.0236,0.0443,0.0679,283104,7397,6
65536,655,3,53,0.0236,0.0437,0.0673,283104,7397,6
65536,655,3,54,0.0234,0.0439,0.0673,283104,7397,6
65536,655,3,55,0.0235,0.0426,0.06609999999999999,283104,7397,6
65536,655,3,56,0.0229,0.0435,0.0664,283104,7397,6
65536,655,3,57,0.0289,0.0434,0.0723,283104,7397,6
65536,655,3,58,0.0445,0.0433,0.08779999999999999,283104,7397,6
65536,655,3,59,0.0458,0.0433,0.0891,283104,7397,6
65536,655,3,60,0.0504,0.0438,0.0942,283104,7397,6
65536,655,3,61,0.049,0.0427,0.0917,283104,7397,6
65536,655,3,62,0.036,0.0665,0.10250000000000001,283104,7397,6
65536,655,3,63,0.0653,0.0622,0.1275,283104,7397,6
65536,655,3,64,0.0704,0.058,0.12840000000000001,283104,7397,6
65536,655,3,65,0.065,0.0589,0.12390000000000001,283104,7397,6
65536,655,3,66,0.0709,0.0566,0.1275,283104,7397,6
65536,655,3,67,0.0676,0.0609,0.1285,283104,7397,6
65536,655,3,68,0.0655,0.0564,0.12190000000000001,283104,7397,6
65536,655,3,69,0.0525,0.0568,0.10930000000000001,283104,7397,6
65536,655,3,70,0.0482,0.0568,0.10500000000000001,283104,7397,6
65536,655,3,71,0.0377,0.0565,0.0942,283104,7397,6
65536,655,3,72,0.0356,0.0563,0.09190000000000001,283104,7397,6
65536,655,3,73,0.0366,0.0562,0.0928,283104,7397,6
65536,655,3,74,0.0364,0.0615,0.0979,283104,7397,6
65536,655,3,75,0.037,0.0573,0.0943,283104,7397,6
65536,655,3,76,0.0391,0.0575,0.0966,283104,7397,6
65536,655,3,77,0.0356,0.072,0.1076,283104,7397,6
65536,655,3,78,0.0583,0.0744,0.13269999999999998,283104,7397,6
65536,655,3,79,0.035,0.0556,0.0906,283104,7397,6
65536,655,3,80,0.0346,0.0579,0.0925,283104,7397,6
65536,655,3,81,0.035,0.0654,0.1004,283104,7397,6
65536,655,3,82,0.0531,0.0614,0.1145,283104,7397,6
65536,655,3,83,0.0414,0.0568,0.09820000000000001,283104,7397,6
65536,655,3,84,0.0423,0.0585,0.1008,283104,7397,6
65536,655,3,85,0.0366,0.0571,0.0937,283104,7397,6
65536,655,3,86,0.04,0.0618,0.1018,283104,7397,6
65536,655,3,87,0.0492,0.0606,0.10980000000000001,283104,7397,6
65536,655,3,88,0.0372,0.0566,0.0938,283104,7397,6
65536,655,3,89,0.0354,0.0603,0.09570000000000001,283104,7397,6
65536,655,3,90,0.0362,0.0579,0.0941,283104,7397,6
65536,655,3,91,0.0345,0.0579,0.09240000000000001,283104,7397,6
65536,655,3,92,0.037,0.0587,0.09570000000000001,283104,7397,6
65536,655,3,93,0.0319,0.0459,0.07780000000000001,283104,7397,6
65536,655,3,94,0.0242,0.0477,0.07189999999999999,283104,7397,6
65536,655,3,95,0.0257,0.044,0.0697,283104,7397,6
65536,655,3,96,0.0247,0.0439,0.0686,283104,7397,6
65536,655,3,97,0.026,0.0454,0.0714,283104,7397,6
65536,655,3,98,0.0256,0.0452,0.0708,283104,7397,6
65536,655,3,99,0.0255,0.045,0.0705,283104,7397,6
65536,655,3,100,0.0265,0.0459,0.0724,283104,7397,6
65536,655,3,101,0.0254,0.0442,0.0696,283104,7397,6
65536,655,3,102,0.0245,0.0447,0.0692,283104,7397,6
65536,655,3,103,0.0251,0.0458,0.0709,283104,7397,6
65536,655,3,104,0.0258,0.0554,0.0812,283944,7397,6
65536,655,3,105,0.0254,0.0444,0.0698,283104,7397,6
65536,655,3,106,0.0253,0.0447,0.06999999999999999,283104,7397,6
65536,655,3,107,0.0246,0.0439,0.0685,283104,7397,6
65536,655,3,108,0.0272,0.0489,0.0761,283944,7397,6
65536,655,3,109,0.0267,0.0448,0.07150000000000001,283104,7397,6
65536,655,3,110,0.0261,0.0446,0.0707,283104,7397,6
65536,655,3,111,0.0245,0.0451,0.0696,283104,7397,6
65536,655,3,112,0.0252,0.0438,0.069,283104,7397,6
65536,655,3,113,0.0244,0.0448,0.0692,283104,7397,6
65536,655,3,114,0.0241,0.044,0.0681,283104,7397,6
65536,655,3,115,0.0247,3.8348,3.8595,283104,7397,6
65536,655,3,116,0.1329,0.1667,0.2996,283104,7397,6
65536,655,3,117,0.0365,0.0566,0.09309999999999999,283104,7397,6
65536,655,3,118,0.0314,0.1346,0.16599999999999998,283104,7397,6
65536,655,3,119,0.032,0.0523,0.0843,283104,7397,6
65536,655,3,120,0.0307,0.0693,0.1,283104,7397,6
65536,655,3,121,0.0483,0.0677,0.11599999999999999,283104,7397,6
65536,655,3,122,0.0319,0.0571,0.089,283104,7397,6
65536,655,3,123,0.0337,0.0476,0.08130000000000001,283104,7397,6
65536,655,3,124,0.0266,0.0471,0.0737,283104,7397,6
65536,655,3,125,0.0253,0.0468,0.0721,283104,7397,6
65536,655,3,126,0.0257,0.0487,0.0744,283104,7397,6
65536,655,3,127,0.0245,0.0479,0.07239999999999999,283104,7397,6
65536,655,3,128,0.0251,0.0475,0.0726,283104,7397,6
65536,655,3,129,0.0269,0.0456,0.07250000000000001,283104,7397,6
65536,655,3,130,0.029,0.0463,0.0753,283104,7397,6
65536,655,3,131,0.0299,0.0465,0.0764,283104,7397,6
65536,655,3,132,0.0301,0.0457,0.07579999999999999,283104,7397,6
65536,655,3,133,0.0336,0.0451,0.07869999999999999,283104,7397,6
65536,655,3,134,0.0334,0.0451,0.0785,283104,7397,6
65536,655,3,135,0.0274,0.045,0.07239999999999999,283104,7397,6
65536,655,3,136,0.0272,0.0466,0.0738,283104,7397,6
65536,655,3,137,0.026,0.0462,0.0722,283104,7397,6
65536,655,3,138,0.0246,0.0437,0.0683,283104,7397,6
65536,655,3,139,0.0247,0.0456,0.0703,283104,7397,6
65536,655,3,140,0.0238,0.0443,0.0681,283104,7397,6
65536,655,3,141,0.0242,0.0464,0.0706,283104,7397,6
65536,655,3,142,0.024,0.0445,0.0685,283104,7397,6
65536,655,3,143,0.0261,0.0434,0.0695,283104,7397,6
65536,655,3,144,0.025,0.0458,0.0708,283104,7397,6
65536,655,3,145,0.0274,0.0467,0.0741,283104,7397,6
65536,655,3,146,0.0252,0.0445,0.0697,283104,7397,6
65536,655,3,147,0.0289,0.0439,0.0728,283104,7397,6
65536,655,3,148,0.0289,0.0446,0.0735,283104,7397,6
65536,655,3,149,0.0253,0.0431,0.0684,283104,7397,6
65536,655,3,150,0.0249,0.0454,0.0703,283104,7397,6
65536,655,3,151,0.0241,0.0443,0.0684,283104,7397,6
65536,655,3,152,0.0245,0.0442,0.06870000000000001,283104,7397,6
65536,655,3,153,0.0259,0.0443,0.0702,283104,7397,6
65536,655,3,154,0.0263,0.0452,0.0715,283104,7397,6
65536,655,3,155,0.0257,0.0446,0.0703,283104,7397,6
65536,655,3,156,0.0274,0.0433,0.0707,283104,7397,6
65536,655,3,157,0.025,0.0428,0.0678,283104,7397,6
65536,655,3,158,0.024,0.044,0.068,283104,7397,6
65536,655,3,159,0.0233,0.044,0.0673,283104,7397,6
65536,655,3,160,0.0263,0.0435,0.0698,283104,7397,6
65536,655,3,161,0.0254,0.047,0.07239999999999999,283104,7397,6
65536,655,3,162,0.0254,0.0633,0.0887,283104,7397,6
65536,655,3,163,0.0269,0.0444,0.0713,283104,7397,6
65536,655,3,164,0.0242,0.0454,0.0696,283104,7397,6
65536,655,3,165,0.0239,0.0443,0.0682,283104,7397,6
65536,655,3,166,0.0253,0.0436,0.0689,283104,7397,6
65536,655,3,167,0.0277,0.0541,0.0818,283944,7397,6
65536,655,3,168,0.0271,0.0433,0.07039999999999999,283104,7397,6
65536,655,3,169,0.0256,0.0427,0.0683,283104,7397,6
65536,655,3,170,0.0258,0.0431,0.0689,283104,7397,6
65536,655,3,171,0.0252,0.0436,0.0688,283104,7397,6
65536,655,3,172,0.023,0.0433,0.0663,283104,7397,6
65536,655,3,173,0.0235,0.0429,0.0664,283104,7397,6
65536,655,3,174,0.0228,0.0442,0.067,283104,7397,6
65536,655,3,175,0.0236,0.0515,0.0751,283944,7397,6
65536,655,3,176,0.0244,0.0455,0.0699,283104,7397,6
65536,655,3,177,0.0411,0.0559,0.097,283104,7397,6
65536,655,3,178,0.0307,0.0563,0.08700000000000001,283104,7397,6
65536,655,3,179,0.026,0.0439,0.0699,283104,7397,6
65536,655,3,180,0.0272,0.0429,0.0701,283104,7397,6
65536,655,3,181,0.024,0.043,0.067,283104,7397,6
65536,655,3,182,0.028,0.0431,0.0711,283104,7397,6
65536,655,3,183,0.0255,0.0495,0.075,283944,7397,6
65536,655,3,184,0.0261,0.0426,0.0687,283104,7397,6
65536,655,3,185,0.0253,0.044,0.0693,283104,7397,6
65536,655,3,186,0.0243,0.0431,0.0674,283104,7397,6
65536,655,3,187,0.0239,0.0429,0.0668,283104,7397,6
65536,655,3,188,0.0238,0.047,0.0708,283104,7397,6
65536,655,3,189,0.0234,0.0445,0.0679,283104,7397,6
65536,655,3,190,0.0237,0.043,0.0667,283104,7397,6
65536,655,3,191,0.0261,0.043,0.0691,283104,7397,6
65536,655,3,192,0.0259,0.0449,0.0708,283104,7397,6
65536,655,3,193,0.0276,0.0472,0.0748,283944,7397,6
65536,655,3,194,0.0266,0.0441,0.0707,283104,7397,6
65536,655,3,195,0.0238,0.0432,0.067,283104,7397,6
65536,655,3,196,0.023,0.0445,0.0675,283104,7397,6
65536,655,3,197,0.0262,0.0429,0.0691,283104,7397,6
65536,655,3,198,0.0254,0.0445,0.06989999999999999,283104,7397,6
65536,655,3,199,0.0248,0.0436,0.0684,283104,7397,6
65536,655,3,200,0.0259,0.0482,0.0741,283944,7397,6
65536,655,3,201,0.0254,0.043,0.06839999999999999,283104,7397,6
65536,655,3,202,0.0244,0.0424,0.0668,283104,7397,6
65536,655,3,203,0.0237,0.0432,0.0669,283104,7397,6
65536,655,3,204,0.0246,0.0425,0.0671,283104,7397,6
65536,655,3,205,0.0239,0.0433,0.0672,283104,7397,6
65536,655,3,206,0.0236,0.042,0.0656,283104,7397,6
65536,655,3,207,0.027,0.0427,0.0697,283104,7397,6
65536,655,3,208,0.0226,0.0429,0.0655,283104,7397,6
65536,655,3,209,0.0232,0.0438,0.067,283104,7397,6
65536,655,3,210,0.0242,0.0426,0.0668,283104,7397,6
65536,655,3,211,0.0242,0.0437,0.0679,283104,7397,6
65536,655,3,212,0.0262,0.0425,0.06870000000000001,283104,7397,6
65536,655,3,213,0.0249,0.0426,0.0675,283104,7397,6
65536,655,3,214,0.026,0.0427,0.0687,283104,7397,6
65536,655,3,215,0.0273,0.0423,0.0696,283104,7397,6
65536,655,3,216,0.0253,0.0428,0.0681,283104,7397,6
65536,655,3,217,0.0257,0.0463,0.07200000000000001,283104,7397,6
65536,655,3,218,0.0242,0.0436,0.0678,283104,7397,6
65536,655,3,219,0.0248,0.0428,0.0676,283104,7397,6
65536,655,3,220,0.0236,0.0433,0.0669,283104,7397,6
65536,655,3,221,0.0229,0.0456,0.0685,283104,7397,6
65536,655,3,222,0.0244,0.0441,0.0685,283104,7397,6
65536,655,3,223,0.0264,0.0427,0.0691,283104,7397,6
65536,655,3,224,0.0268,0.0432,0.07,283104,7397,6
65536,655,3,225,0.0261,0.0429,0.069,283104,7397,6
65536,655,3,226,0.0347,0.0431,0.07780000000000001,283104,7397,6
65536,655,3,227,0.0241,0.0425,0.0666,283104,7397,6
65536,655,3,228,0.0243,0.0424,0.0667,283104,7397,6
65536,655,3,229,0.0255,0.0427,0.0682,283104,7397,6
65536,655,3,230,0.0268,0.0432,0.07,283104,7397,6
65536,655,3,231,0.0254,0.0434,0.0688,283104,7397,6
65536,655,3,232,0.0292,0.0445,0.0737,283104,7397,6
65536,655,3,233,0.0241,0.0444,0.0685,283104,7397,6
65536,655,3,234,0.0244,0.0435,0.0679,283104,7397,6
65536,655,3,235,0.0257,0.0456,0.0713,283104,7397,6
65536,655,3,236,0.0245,0.0582,0.0827,283104,7397,6
65536,655,3,237,0.0301,0.0496,0.0797,283104,7397,6
65536,655,3,238,0.0268,0.0448,0.0716,283104,7397,6
65536,655,3,239,0.0257,0.0444,0.0701,283104,7397,6
65536,655,3,240,0.0244,0.0434,0.0678,283104,7397,6
65536,655,3,241,0.0261,0.0447,0.0708,283104,7397,6
65536,655,3,242,0.0246,0.0434,0.068,283104,7397,6
65536,655,3,243,0.0251,0.0428,0.0679,283104,7397,6
65536,655,3,244,0.0238,0.0444,0.06820000000000001,283104,7397,6
65536,655,3,245,0.0242,0.0443,0.0685,283104,7397,6
65536,655,3,246,0.0231,0.044,0.06709999999999999,283104,7397,6
65536,655,3,247,0.0234,0.043,0.0664,283104,7397,6
65536,655,3,248,0.0233,0.0443,0.0676,283104,7397,6
65536,655,3,249,0.024,0.0437,0.06770000000000001,283104,7397,6
65536,655,3,250,0.0252,0.0429,0.0681,283104,7397,6
65536,655,3,251,0.0233,0.0435,0.0668,283104,7397,6
65536,655,3,252,0.025,0.0434,0.0684,283104,7397,6
65536,655,3,253,0.0247,0.0427,0.0674,283104,7397,6
65536,655,3,254,0.0234,0.0492,0.0726,283104,7397,6
65536,655,3,255,0.0244,0.0441,0.0685,283104,7397,6
65536,65536,1,0,3.8513,5.9454,9.796700000000001,28246488,737525,512
65536,65536,1,1,3.5724,5.5292,9.101600000000001,28248168,737525,512
65536,65536,1,2,3.539,11.8023,15.3413,28246488,737525,512
65536,65536,1,3,6.6792,6.8033,13.4825,28247328,737525,512
65536,65536,1,4,4.0665,5.5479,9.6144,28246488,737525,512
65536,65536,1,5,3.8084,5.6023,9.410699999999999,28246488,737525,512
65536,65536,1,6,4.2431,5.7067,9.9498,28248168,737525,512
65536,65536,1,7,3.6318,5.9275,9.5593,28247328,737525,512
65536,65536,1,8,4.0643,5.6646,9.7289,28251528,737525,512
65536,65536,1,9,3.5451,5.8445,9.3896,28246488,737525,512
65536,65536,1,10,3.8457,5.5634,9.409099999999999,28245648,737525,512
65536,65536,1,11,3.4509,5.5791,9.030000000000001,28249848,737525,512
65536,65536,1,12,3.3795,5.9336,9.3131,28247328,737525,512
65536,65536,1,13,3.5952,6.5854,10.1806,28246488,737525,512
65536,65536,1,14,3.5385,6.4751,10.0136,28248168,737525,512
65536,65536,1,15,9.7567,9.4437,19.200400000000002,28248168,737525,512
65536,65536,1,16,5.8197,5.6752,11.494900000000001,28243968,737525,512
65536,65536,1,17,3.9656,5.4825,9.4481,28245648,737525,512
65536,65536,1,18,3.5378,5.5987,9.1365,28246488,737525,512
65536,65536,1,19,3.7839,5.6888,9.4727,28246488,737525,512
65536,65536,1,20,3.7793,5.5749,9.3542,28246488,737525,512
65536,65536,1,21,3.5832,5.5438,9.127,28247328,737525,512
65536,65536,1,22,3.5267,5.7708,9.2975,28246488,737525,512
65536,65536,1,23,3.6077,5.5393,9.147,28247328,737525,512
65536,65536,1,24,3.6163,5.6217,9.238,28248168,737525,512
65536,65536,1,25,4.3327,5.9187,10.2514,28248168,737525,512
65536,65536,1,26,4.6902,5.6289,10.319099999999999,28249008,737525,512
65536,65536,1,27,3.8294,5.9845,9.8139,28247328,737525,512
65536,65536,1,28,11.4316,9.1488,20.580399999999997,28247328,737525,512
65536,65536,1,29,4.8207,5.4648,10.2855,28245648,737525,512
65536,65536,1,30,3.6326,5.6436,9.2762,28249008,737525,512
65536,65536,1,31,3.7176,5.7976,9.5152,28244808,737525,512
65536,65536,2,0,4.2136,5.4654,9.678999999999998,28247328,737525,512
65536,65536,2,1,4.2893,6.0479,10.3372,28249008,737525,512
65536,65536,2,2,6.7268,6.3762,13.103,28246488,737525,512
65536,65536,2,3,5.1974,5.5542,10.7516,28244808,737525,512
65536,65536,2,4,4.5431,13.0324,17.5755,28247328,737525,512
65536,65536,2,5,11.446,7.4262,18.8722,28249848,737525,512
65536,65536,2,6,6.2386,5.7562,11.9948,28247328,737525,512
65536,65536,2,7,5.3242,5.3588,10.683,28248168,737525,512
65536,65536,2,8,4.5921,5.4963,10.0884,28244808,737525,512
65536,65536,2,9,4.3446,5.596,9.9406,28245648,737525,512
65536,65536,2,10,4.4992,5.6512,10.150400000000001,28245648,737525,512
65536,65536,2,11,4.278,5.8133,10.0913,28247328,737525,512
65536,65536,2,12,3.9965,6.4263,10.4228,28245648,737525,512
65536,65536,2,13,4.8412,7.1021,11.9433,28249008,737525,512
65536,65536,2,14,10.2912,14.1376,24.428800000000003,28244808,737525,512
65536,65536,2,15,12.6982,6.2324,18.9306,28249008,737525,512
65536,65536,2,16,5.8144,5.5954,11.4098,28247328,737525,512
65536,65536,2,17,4.9948,5.8768,10.8716,28243968,737525,512
65536,65536,2,18,5.0605,5.5826,10.6431,28247328,737525,512
65536,65536,2,19,4.3776,5.4354,9.812999999999999,28247328,737525,512
65536,65536,2,20,4.5228,5.5411,10.0639,28248168,737525,512
65536,65536,2,21,4.1215,5.4875,9.609,28252368,737525,512
65536,65536,2,22,4.1202,5.4299,9.5501,28246488,737525,512
65536,65536,2,23,4.0742,5.6874,9.761600000000001,28249008,737525,512
65536,65536,2,24,11.1308,11.359,22.489800000000002,28248168,737525,512
65536,65536,2,25,10.4374,5.9513,16.3887,28248168,737525,512
65536,65536,2,26,5.3273,5.3771,10.7044,28243968,737525,512
65536,65536,2,27,4.491,5.4641,9.9551,28245648,737525,512
65536,65536,2,28,4.6744,5.6246,10.299,28244808,737525,512
65536,65536,2,29,4.2305,5.4592,9.6897,28249848,737525,512
65536,65536,2,30,4.6064,5.4956,10.102,28246488,737525,512
65536,65536,2,31,6.6124,6.7818,13.3942,28245648,737525,512
65536,65536,3,0,5.4832,5.5531,11.0363,28245648,737525,512
65536,65536,3,1,5.6425,6.3692,12.011700000000001,28246488,737525,512
65536,65536,3,2,5.224,5.6342,10.8582,28244808,737525,512
65536,65536,3,3,4.6164,6.7781,11.3945,28248168,737525,512
65536,65536,3,4,4.6156,7.1617,11.7773,28246488,737525,512
65536,65536,3,5,4.6169,5.6679,10.2848,28248168,737525,512
65536,65536,3,6,4.6851,6.7189,11.404,28245648,737525,512
65536,65536,3,7,4.5596,5.7371,10.2967,28246488,737525,512
65536,65536,3,8,12.3957,10.364,22.759700000000002,28246488,737525,512
65536,65536,3,9,9.3291,5.9349,15.264,28246488,737525,512
65536,65536,3,10,5.0756,5.5634,10.639,28247328,737525,512
65536,65536,3,11,4.5108,5.4734,9.9842,28245648,737525,512
65536,65536,3,12,4.6778,5.8271,10.5049,28247328,737525,512
65536,65536,3,13,4.4391,5.5128,9.9519,28243968,737525,512
65536,65536,3,14,4.3548,5.8023,10.1571,28246488,737525,512
65536,65536,3,15,4.483,6.2005,10.683499999999999,28248168,737525,512
65536,65536,3,16,4.5524,5.8729,10.4253,28246488,737525,512
65536,65536,3,17,4.2936,6.4069,10.7005,28249848,737525,512
65536,65536,3,18,4.9736,16.0425,21.0161,28249008,737525,512
65536,65536,3,19,14.6735,9.753,24.4265,28248168,737525,512
65536,65536,3,20,6.8145,5.6359,12.4504,28245648,737525,512
65536,65536,3,21,5.3119,5.5755,10.8874,28249008,737525,512
65536,65536,3,22,4.6642,5.9325,10.5967,28248168,737525,512
65536,65536,3,23,5.5809,5.7642,11.345099999999999,28246488,737525,512
65536,65536,3,24,4.8424,5.5411,10.3835,28244808,737525,512
65536,65536,3,25,4.5539,5.7637,10.317599999999999,28247328,737525,512
65536,65536,3,26,4.5978,5.5878,10.1856,28249008,737525,512
65536,65536,3,27,4.6472,5.658,10.3052,28248168,737525,512
65536,65536,3,28,4.0769,13.8675,17.9444,28248168,737525,512
65536,65536,3,29,11.7295,8.5091,20.238599999999998,28244808,737525,512
65536,65536,3,30,5.632,5.8732,11.505199999999999,28247328,737525,512
65536,65536,3,31,5.1368,5.7175,10.8543,28246488,737525,512
131072,0,1,0,1.0E-4,0.0,1.0E-4,0,0,0
131072,0,1,1,0.0,0.0,0.0,0,0,0
131072,0,1,2,0.0,1.0E-4,1.0E-4,0,0,0
131072,0,1,3,0.0,0.0,0.0,0,0,0
131072,0,1,4,0.0,0.0,0.0,0,0,0
131072,0,1,5,0.0,0.0,0.0,0,0,0
131072,0,1,6,0.0,0.0,0.0,0,0,0
131072,0,1,7,0.0,0.0,0.0,0,0,0
131072,0,1,8,0.0,1.0E-4,1.0E-4,0,0,0
131072,0,1,9,1.0E-4,0.0,1.0E-4,0,0,0
131072,0,1,10,1.0E-4,0.0,1.0E-4,0,0,0
131072,0,1,11,0.0,1.0E-4,1.0E-4,0,0,0
131072,0,1,12,0.0,0.0,0.0,0,0,0
131072,0,1,13,0.0,0.0,0.0,0,0,0
131072,0,1,14,0.0,0.0,0.0,0,0,0
131072,0,1,15,0.0,0.0,0.0,0,0,0
131072,0,1,16,0.0,1.0E-4,1.0E-4,0,0,0
131072,0,1,17,1.0E-4,0.0,1.0E-4,0,0,0
131072,0,1,18,0.0,0.0,0.0,0,0,0
131072,0,1,19,0.0,0.0,0.0,0,0,0
131072,0,1,20,0.0,0.0,0.0,0,0,0
131072,0,1,21,0.0,0.0,0.0,0,0,0
131072,0,1,22,0.0,0.0,0.0,0,0,0
131072,0,1,23,0.0,0.0,0.0,0,0,0
131072,0,1,24,0.0,0.0,0.0,0,0,0
131072,0,1,25,0.0,1.0E-4,1.0E-4,0,0,0
131072,0,1,26,1.0E-4,0.0,1.0E-4,0,0,0
131072,0,1,27,0.0,1.0E-4,1.0E-4,0,0,0
131072,0,1,28,0.0,0.0,0.0,0,0,0
131072,0,1,29,0.0,0.0,0.0,0,0,0
131072,0,1,30,0.0,0.0,0.0,0,0,0
131072,0,1,31,0.0,0.0,0.0,0,0,0
131072,0,1,32,0.0,0.0,0.0,0,0,0
131072,0,1,33,0.0,0.0,0.0,0,0,0
131072,0,1,34,0.0,1.0E-4,1.0E-4,0,0,0
131072,0,1,35,0.0,0.0,0.0,0,0,0
131072,0,1,36,0.0,0.0,0.0,0,0,0
131072,0,1,37,0.0,0.0,0.0,0,0,0
131072,0,1,38,0.0,0.0,0.0,0,0,0
131072,0,1,39,0.0,1.0E-4,1.0E-4,0,0,0
131072,0,1,40,1.0E-4,0.0,1.0E-4,0,0,0
131072,0,1,41,0.0,1.0E-4,1.0E-4,0,0,0
131072,0,1,42,0.0,0.0,0.0,0,0,0
131072,0,1,43,0.0,0.0,0.0,0,0,0
131072,0,1,44,0.0,0.0,0.0,0,0,0
131072,0,1,45,0.0,0.0,0.0,0,0,0
131072,0,1,46,0.0,0.0,0.0,0,0,0
131072,0,1,47,0.0,0.0,0.0,0,0,0
131072,0,1,48,0.0,1.0E-4,1.0E-4,0,0,0
131072,0,1,49,1.0E-4,0.0,1.0E-4,0,0,0
131072,0,1,50,0.0,1.0E-4,1.0E-4,0,0,0
131072,0,1,51,1.0E-4,0.0,1.0E-4,0,0,0
131072,0,1,52,0.0,0.0,0.0,0,0,0
131072,0,1,53,0.0,0.0,0.0,0,0,0
131072,0,1,54,0.0,0.0,0.0,0,0,0
131072,0,1,55,0.0,0.0,0.0,0,0,0
131072,0,1,56,0.0,0.0,0.0,0,0,0
131072,0,1,57,0.0,1.0E-4,1.0E-4,0,0,0
131072,0,1,58,1.0E-4,0.0,1.0E-4,0,0,0
131072,0,1,59,0.0,1.0E-4,1.0E-4,0,0,0
131072,0,1,60,1.0E-4,0.0,1.0E-4,0,0,0
131072,0,1,61,0.0,0.0,0.0,0,0,0
131072,0,1,62,0.0,0.0,0.0,0,0,0
131072,0,1,63,0.0,0.0,0.0,0,0,0
131072,0,1,64,0.0,1.0E-4,1.0E-4,0,0,0
131072,0,1,65,1.0E-4,0.0,1.0E-4,0,0,0
131072,0,1,66,0.0,1.0E-4,1.0E-4,0,0,0
131072,0,1,67,1.0E-4,0.0,1.0E-4,0,0,0
131072,0,1,68,0.0,1.0E-4,1.0E-4,0,0,0
131072,0,1,69,0.0,0.0,0.0,0,0,0
131072,0,1,70,0.0,0.0,0.0,0,0,0
131072,0,1,71,0.0,1.0E-4,1.0E-4,0,0,0
131072,0,1,72,1.0E-4,0.0,1.0E-4,0,0,0
131072,0,1,73,1.0E-4,0.0,1.0E-4,0,0,0
131072,0,1,74,0.0,1.0E-4,1.0E-4,0,0,0
131072,0,1,75,0.0,0.0,0.0,0,0,0
131072,0,1,76,0.0,0.0,0.0,0,0,0
131072,0,1,77,0.0,0.0,0.0,0,0,0
131072,0,1,78,0.0,0.0,0.0,0,0,0
131072,0,1,79,0.0,0.0,0.0,0,0,0
131072,0,1,80,0.0,0.0,0.0,0,0,0
131072,0,1,81,0.0,1.0E-4,1.0E-4,0,0,0
131072,0,1,82,1.0E-4,0.0,1.0E-4,0,0,0
131072,0,1,83,0.0,1.0E-4,1.0E-4,0,0,0
131072,0,1,84,1.0E-4,0.0,1.0E-4,0,0,0
131072,0,1,85,0.0,1.0E-4,1.0E-4,0,0,0
131072,0,1,86,0.0,0.0,0.0,0,0,0
131072,0,1,87,0.0,0.0,0.0,0,0,0
131072,0,1,88,0.0,1.0E-4,1.0E-4,0,0,0
131072,0,1,89,1.0E-4,0.0,1.0E-4,0,0,0
131072,0,1,90,0.0,1.0E-4,1.0E-4,0,0,0
131072,0,1,91,1.0E-4,0.0,1.0E-4,0,0,0
131072,0,1,92,0.0,1.0E-4,1.0E-4,0,0,0
131072,0,1,93,1.0E-4,0.0,1.0E-4,0,0,0
131072,0,1,94,0.0,1.0E-4,1.0E-4,0,0,0
131072,0,1,95,0.0,0.0,0.0,0,0,0
131072,0,1,96,0.0,0.0,0.0,0,0,0
131072,0,1,97,0.0,0.0,0.0,0,0,0
131072,0,1,98,0.0,0.0,0.0,0,0,0
131072,0,1,99,0.0,1.0E-4,1.0E-4,0,0,0
131072,0,1,100,1.0E-4,0.0,1.0E-4,0,0,0
131072,0,1,101,0.0,0.0,0.0,0,0,0
131072,0,1,102,0.0,1.0E-4,1.0E-4,0,0,0
131072,0,1,103,1.0E-4,0.0,1.0E-4,0,0,0
131072,0,1,104,0.0,1.0E-4,1.0E-4,0,0,0
131072,0,1,105,1.0E-4,0.0,1.0E-4,0,0,0
131072,0,1,106,0.0,1.0E-4,1.0E-4,0,0,0
131072,0,1,107,0.0,0.0,0.0,0,0,0
131072,0,1,108,0.0,0.0,0.0,0,0,0
131072,0,1,109,0.0,0.0,0.0,0,0,0
131072,0,1,110,1.0E-4,0.0,1.0E-4,0,0,0
131072,0,1,111,0.0,1.0E-4,1.0E-4,0,0,0
131072,0,1,112,0.0,0.0,0.0,0,0,0
131072,0,1,113,0.0,0.0,0.0,0,0,0
131072,0,1,114,0.0,0.0,0.0,0,0,0
131072,0,1,115,0.0,0.0,0.0,0,0,0
131072,0,1,116,0.0,1.0E-4,1.0E-4,0,0,0
131072,0,1,117,1.0E-4,0.0,1.0E-4,0,0,0
131072,0,1,118,0.0,1.0E-4,1.0E-4,0,0,0
131072,0,1,119,1.0E-4,0.0,1.0E-4,0,0,0
131072,0,1,120,0.0,1.0E-4,1.0E-4,0,0,0
131072,0,1,121,0.0,0.0,0.0,0,0,0
131072,0,1,122,0.0,0.0,0.0,0,0,0
131072,0,1,123,0.0,1.0E-4,1.0E-4,0,0,0
131072,0,1,124,1.0E-4,0.0,1.0E-4,0,0,0
131072,0,1,125,0.0,1.0E-4,1.0E-4,0,0,0
131072,0,1,126,1.0E-4,0.0,1.0E-4,0,0,0
131072,0,1,127,0.0,1.0E-4,1.0E-4,0,0,0
131072,0,1,128,1.0E-4,0.0,1.0E-4,0,0,0
131072,0,1,129,0.0,1.0E-4,1.0E-4,0,0,0
131072,0,1,130,0.0,0.0,0.0,0,0,0
131072,0,1,131,0.0,0.0,0.0,0,0,0
131072,0,1,132,0.0,0.0,0.0,0,0,0
131072,0,1,133,0.0,0.0,0.0,0,0,0
131072,0,1,134,0.0,1.0E-4,1.0E-4,0,0,0
131072,0,1,135,1.0E-4,0.0,1.0E-4,0,0,0
131072,0,1,136,0.0,0.0,0.0,0,0,0
131072,0,1,137,0.0,0.0,0.0,0,0,0
131072,0,1,138,0.0,0.0,0.0,0,0,0
131072,0,1,139,0.0,1.0E-4,1.0E-4,0,0,0
131072,0,1,140,1.0E-4,0.0,1.0E-4,0,0,0
131072,0,1,141,0.0,0.0,0.0,0,0,0
131072,0,1,142,0.0,0.0,0.0,0,0,0
131072,0,1,143,0.0,0.0,0.0,0,0,0
131072,0,1,144,0.0,0.0,0.0,0,0,0
131072,0,1,145,1.0E-4,0.0,1.0E-4,0,0,0
131072,0,1,146,0.0,1.0E-4,1.0E-4,0,0,0
131072,0,1,147,1.0E-4,0.0,1.0E-4,0,0,0
131072,0,1,148,0.0,1.0E-4,1.0E-4,0,0,0
131072,0,1,149,0.0,0.0,0.0,0,0,0
131072,0,1,150,0.0,0.0,0.0,0,0,0
131072,0,1,151,0.0,0.0,0.0,0,0,0
131072,0,1,152,0.0,0.0,0.0,0,0,0
131072,0,1,153,0.0,0.0,0.0,0,0,0
131072,0,1,154,0.0,0.0,0.0,0,0,0
131072,0,1,155,0.0,1.0E-4,1.0E-4,0,0,0
131072,0,1,156,1.0E-4,0.0,1.0E-4,0,0,0
131072,0,1,157,0.0,1.0E-4,1.0E-4,0,0,0
131072,0,1,158,0.0,0.0,0.0,0,0,0
131072,0,1,159,0.0,0.0,0.0,0,0,0
131072,0,1,160,0.0,0.0,0.0,0,0,0
131072,0,1,161,0.0,0.0,0.0,0,0,0
131072,0,1,162,0.0,1.0E-4,1.0E-4,0,0,0
131072,0,1,163,1.0E-4,0.0,1.0E-4,0,0,0
131072,0,1,164,0.0,0.0,0.0,0,0,0
131072,0,1,165,0.0,0.0,0.0,0,0,0
131072,0,1,166,0.0,0.0,0.0,0,0,0
131072,0,1,167,0.0,1.0E-4,1.0E-4,0,0,0
131072,0,1,168,1.0E-4,0.0,1.0E-4,0,0,0
131072,0,1,169,0.0,1.0E-4,1.0E-4,0,0,0
131072,0,1,170,1.0E-4,0.0,1.0E-4,0,0,0
131072,0,1,171,0.0,1.0E-4,1.0E-4,0,0,0
131072,0,1,172,1.0E-4,0.0,1.0E-4,0,0,0
131072,0,1,173,0.0,1.0E-4,1.0E-4,0,0,0
131072,0,1,174,1.0E-4,0.0,1.0E-4,0,0,0
131072,0,1,175,0.0,0.0,0.0,0,0,0
131072,0,1,176,0.0,0.0,0.0,0,0,0
131072,0,1,177,0.0,0.0,0.0,0,0,0
131072,0,1,178,0.0,1.0E-4,1.0E-4,0,0,0
131072,0,1,179,1.0E-4,0.0,1.0E-4,0,0,0
131072,0,1,180,0.0,1.0E-4,1.0E-4,0,0,0
131072,0,1,181,1.0E-4,0.0,1.0E-4,0,0,0
131072,0,1,182,0.0,1.0E-4,1.0E-4,0,0,0
131072,0,1,183,1.0E-4,0.0,1.0E-4,0,0,0
131072,0,1,184,0.0,1.0E-4,1.0E-4,0,0,0
131072,0,1,185,1.0E-4,0.0,1.0E-4,0,0,0
131072,0,1,186,0.0,1.0E-4,1.0E-4,0,0,0
131072,0,1,187,0.0,0.0,0.0,0,0,0
131072,0,1,188,0.0,0.0,0.0,0,0,0
131072,0,1,189,0.0,1.0E-4,1.0E-4,0,0,0
131072,0,1,190,1.0E-4,0.0,1.0E-4,0,0,0
131072,0,1,191,0.0,1.0E-4,1.0E-4,0,0,0
131072,0,1,192,1.0E-4,0.0,1.0E-4,0,0,0
131072,0,1,193,0.0,1.0E-4,1.0E-4,0,0,0
131072,0,1,194,1.0E-4,0.0,1.0E-4,0,0,0
131072,0,1,195,0.0,1.0E-4,1.0E-4,0,0,0
131072,0,1,196,1.0E-4,0.0,1.0E-4,0,0,0
131072,0,1,197,0.0,1.0E-4,1.0E-4,0,0,0
131072,0,1,198,0.0,0.0,0.0,0,0,0
131072,0,1,199,1.0E-4,0.0,1.0E-4,0,0,0
131072,0,1,200,0.0,1.0E-4,1.0E-4,0,0,0
131072,0,1,201,1.0E-4,0.0,1.0E-4,0,0,0
131072,0,1,202,0.0,1.0E-4,1.0E-4,0,0,0
131072,0,1,203,1.0E-4,0.0,1.0E-4,0,0,0
131072,0,1,204,0.0,1.0E-4,1.0E-4,0,0,0
131072,0,1,205,0.0,0.0,0.0,0,0,0
131072,0,1,206,0.0,0.0,0.0,0,0,0
131072,0,1,207,0.0,0.0,0.0,0,0,0
131072,0,1,208,0.0,0.0,0.0,0,0,0
131072,0,1,209,0.0,1.0E-4,1.0E-4,0,0,0
131072,0,1,210,0.0,0.0,0.0,0,0,0
131072,0,1,211,0.0,1.0E-4,1.0E-4,0,0,0
131072,0,1,212,0.0,0.0,0.0,0,0,0
131072,0,1,213,1.0E-4,0.0,1.0E-4,0,0,0
131072,0,1,214,0.0,1.0E-4,1.0E-4,0,0,0
131072,0,1,215,1.0E-4,0.0,1.0E-4,0,0,0
131072,0,1,216,0.0,1.0E-4,1.0E-4,0,0,0
131072,0,1,217,1.0E-4,0.0,1.0E-4,0,0,0
131072,0,1,218,0.0,0.0,0.0,0,0,0
131072,0,1,219,0.0,0.0,0.0,0,0,0
131072,0,1,220,0.0,0.0,0.0,0,0,0
131072,0,1,221,0.0,1.0E-4,1.0E-4,0,0,0
131072,0,1,222,1.0E-4,0.0,1.0E-4,0,0,0
131072,0,1,223,0.0,1.0E-4,1.0E-4,0,0,0
131072,0,1,224,1.0E-4,0.0,1.0E-4,0,0,0
131072,0,1,225,0.0,1.0E-4,1.0E-4,0,0,0
131072,0,1,226,1.0E-4,0.0,1.0E-4,0,0,0
131072,0,1,227,0.0,1.0E-4,1.0E-4,0,0,0
131072,0,1,228,0.0,0.0,0.0,0,0,0
131072,0,1,229,0.0,0.0,0.0,0,0,0
131072,0,1,230,0.0,0.0,0.0,0,0,0
131072,0,1,231,0.0,0.0,0.0,0,0,0
131072,0,1,232,0.0,1.0E-4,1.0E-4,0,0,0
131072,0,1,233,1.0E-4,0.0,1.0E-4,0,0,0
131072,0,1,234,0.0,1.0E-4,1.0E-4,0,0,0
131072,0,1,235,1.0E-4,0.0,1.0E-4,0,0,0
131072,0,1,236,0.0,1.0E-4,1.0E-4,0,0,0
131072,0,1,237,0.0,0.0,0.0,0,0,0
131072,0,1,238,0.0,0.0,0.0,0,0,0
131072,0,1,239,0.0,0.0,0.0,0,0,0
131072,0,1,240,0.0,0.0,0.0,0,0,0
131072,0,1,241,0.0,0.0,0.0,0,0,0
131072,0,1,242,0.0,0.0,0.0,0,0,0
131072,0,1,243,0.0,1.0E-4,1.0E-4,0,0,0
131072,0,1,244,0.0,0.0,0.0,0,0,0
131072,0,1,245,0.0,0.0,0.0,0,0,0
131072,0,1,246,0.0,0.0,0.0,0,0,0
131072,0,1,247,1.0E-4,0.0,1.0E-4,0,0,0
131072,0,1,248,0.0,1.0E-4,1.0E-4,0,0,0
131072,0,1,249,1.0E-4,0.0,1.0E-4,0,0,0
131072,0,1,250,0.0,1.0E-4,1.0E-4,0,0,0
131072,0,1,251,0.0,0.0,0.0,0,0,0
131072,0,1,252,0.0,0.0,0.0,0,0,0
131072,0,1,253,0.0,0.0,0.0,0,0,0
131072,0,1,254,0.0,0.0,0.0,0,0,0
131072,0,1,255,0.0,1.0E-4,1.0E-4,0,0,0
131072,0,2,0,0.0,0.0,0.0,0,0,0
131072,0,2,1,0.0,0.0,0.0,0,0,0
131072,0,2,2,1.0E-4,0.0,1.0E-4,0,0,0
131072,0,2,3,1.0E-4,0.0,1.0E-4,0,0,0
131072,0,2,4,0.0,1.0E-4,1.0E-4,0,0,0
131072,0,2,5,1.0E-4,0.0,1.0E-4,0,0,0
131072,0,2,6,0.0,0.0,0.0,0,0,0
131072,0,2,7,1.0E-4,0.0,1.0E-4,0,0,0
131072,0,2,8,0.0,0.0,0.0,0,0,0
131072,0,2,9,0.0,1.0E-4,1.0E-4,0,0,0
131072,0,2,10,0.0,0.0,0.0,0,0,0
131072,0,2,11,1.0E-4,0.0,1.0E-4,0,0,0
131072,0,2,12,0.0,0.0,0.0,0,0,0
131072,0,2,13,0.0,0.0,0.0,0,0,0
131072,0,2,14,0.0,0.0,0.0,0,0,0
131072,0,2,15,0.0,0.0,0.0,0,0,0
131072,0,2,16,0.0,0.0,0.0,0,0,0
131072,0,2,17,0.0,0.0,0.0,0,0,0
131072,0,2,18,0.0,1.0E-4,1.0E-4,0,0,0
131072,0,2,19,1.0E-4,0.0,1.0E-4,0,0,0
131072,0,2,20,0.0,1.0E-4,1.0E-4,0,0,0
131072,0,2,21,1.0E-4,0.0,1.0E-4,0,0,0
131072,0,2,22,0.0,1.0E-4,1.0E-4,0,0,0
131072,0,2,23,1.0E-4,0.0,1.0E-4,0,0,0
131072,0,2,24,0.0,1.0E-4,1.0E-4,0,0,0
131072,0,2,25,0.0,1.0E-4,1.0E-4,0,0,0
131072,0,2,26,0.0,0.0,0.0,0,0,0
131072,0,2,27,1.0E-4,0.0,1.0E-4,0,0,0
131072,0,2,28,0.0,0.0,0.0,0,0,0
131072,0,2,29,0.0,0.0,0.0,0,0,0
131072,0,2,30,0.0,0.0,0.0,0,0,0
131072,0,2,31,0.0,0.0,0.0,0,0,0
131072,0,2,32,0.0,0.0,0.0,0,0,0
131072,0,2,33,0.0,1.0E-4,1.0E-4,0,0,0
131072,0,2,34,0.0,0.0,0.0,0,0,0
131072,0,2,35,0.0,0.0,0.0,0,0,0
131072,0,2,36,1.0E-4,0.0,1.0E-4,0,0,0
131072,0,2,37,0.0,1.0E-4,1.0E-4,0,0,0
131072,0,2,38,0.0,1.0E-4,1.0E-4,0,0,0
131072,0,2,39,0.0,0.0,0.0,0,0,0
131072,0,2,40,0.0,0.0,0.0,0,0,0
131072,0,2,41,0.0,1.0E-4,1.0E-4,0,0,0
131072,0,2,42,0.0,1.0E-4,1.0E-4,0,0,0
131072,0,2,43,1.0E-4,0.0,1.0E-4,0,0,0
131072,0,2,44,0.0,0.0,0.0,0,0,0
131072,0,2,45,1.0E-4,0.0,1.0E-4,0,0,0
131072,0,2,46,0.0,1.0E-4,1.0E-4,0,0,0
131072,0,2,47,1.0E-4,0.0,1.0E-4,0,0,0
131072,0,2,48,0.0,1.0E-4,1.0E-4,0,0,0
131072,0,2,49,1.0E-4,0.0,1.0E-4,0,0,0
131072,0,2,50,0.0,1.0E-4,1.0E-4,0,0,0
131072,0,2,51,1.0E-4,0.0,1.0E-4,0,0,0
131072,0,2,52,0.0,1.0E-4,1.0E-4,0,0,0
131072,0,2,53,0.0,1.0E-4,1.0E-4,0,0,0
131072,0,2,54,0.0,0.0,0.0,0,0,0
131072,0,2,55,0.0,1.0E-4,1.0E-4,0,0,0
131072,0,2,56,0.0,0.0,0.0,0,0,0
131072,0,2,57,0.0,0.0,0.0,0,0,0
131072,0,2,58,0.0,1.0E-4,1.0E-4,0,0,0
131072,0,2,59,1.0E-4,0.0,1.0E-4,0,0,0
131072,0,2,60,0.0,1.0E-4,1.0E-4,0,0,0
131072,0,2,61,1.0E-4,0.0,1.0E-4,0,0,0
131072,0,2,62,0.0,0.0,0.0,0,0,0
131072,0,2,63,0.0,0.0,0.0,0,0,0
131072,0,2,64,0.0,1.0E-4,1.0E-4,0,0,0
131072,0,2,65,0.0,0.0,0.0,0,0,0
131072,0,2,66,0.0,1.0E-4,1.0E-4,0,0,0
131072,0,2,67,0.0,0.0,0.0,0,0,0
131072,0,2,68,0.0,0.0,0.0,0,0,0
131072,0,2,69,1.0E-4,0.0,1.0E-4,0,0,0
131072,0,2,70,0.0,1.0E-4,1.0E-4,0,0,0
131072,0,2,71,0.0,1.0E-4,1.0E-4,0,0,0
131072,0,2,72,0.0,1.0E-4,1.0E-4,0,0,0
131072,0,2,73,0.0,0.0,0.0,0,0,0
131072,0,2,74,0.0,0.0,0.0,0,0,0
131072,0,2,75,0.0,0.0,0.0,0,0,0
131072,0,2,76,0.0,0.0,0.0,0,0,0
131072,0,2,77,0.0,0.0,0.0,0,0,0
131072,0,2,78,0.0,1.0E-4,1.0E-4,0,0,0
131072,0,2,79,1.0E-4,0.0,1.0E-4,0,0,0
131072,0,2,80,0.0,0.0,0.0,0,0,0
131072,0,2,81,0.0,0.0,0.0,0,0,0
131072,0,2,82,0.0,1.0E-4,1.0E-4,0,0,0
131072,0,2,83,1.0E-4,0.0,1.0E-4,0,0,0
131072,0,2,84,0.0,0.0,0.0,0,0,0
131072,0,2,85,0.0,0.0,0.0,0,0,0
131072,0,2,86,0.0,0.0,0.0,0,0,0
131072,0,2,87,0.0,0.0,0.0,0,0,0
131072,0,2,88,0.0,0.0,0.0,0,0,0
131072,0,2,89,0.0,0.0,0.0,0,0,0
131072,0,2,90,0.0,1.0E-4,1.0E-4,0,0,0
131072,0,2,91,0.0,0.0,0.0,0,0,0
131072,0,2,92,0.0,0.0,0.0,0,0,0
131072,0,2,93,0.0,0.0,0.0,0,0,0
131072,0,2,94,0.0,1.0E-4,1.0E-4,0,0,0
131072,0,2,95,1.0E-4,0.0,1.0E-4,0,0,0
131072,0,2,96,0.0,0.0,0.0,0,0,0
131072,0,2,97,0.0,0.0,0.0,0,0,0
131072,0,2,98,0.0,0.0,0.0,0,0,0
131072,0,2,99,0.0,1.0E-4,1.0E-4,0,0,0
131072,0,2,100,1.0E-4,0.0,1.0E-4,0,0,0
131072,0,2,101,0.0,1.0E-4,1.0E-4,0,0,0
131072,0,2,102,0.0,0.0,0.0,0,0,0
131072,0,2,103,0.0,0.0,0.0,0,0,0
131072,0,2,104,1.0E-4,0.0,1.0E-4,0,0,0
131072,0,2,105,1.0E-4,0.0,1.0E-4,0,0,0
131072,0,2,106,0.0,1.0E-4,1.0E-4,0,0,0
131072,0,2,107,0.0,0.0,0.0,0,0,0
131072,0,2,108,0.0,1.0E-4,1.0E-4,0,0,0
131072,0,2,109,1.0E-4,0.0,1.0E-4,0,0,0
131072,0,2,110,0.0,0.0,0.0,0,0,0
131072,0,2,111,0.0,0.0,0.0,0,0,0
131072,0,2,112,1.0E-4,0.0,1.0E-4,0,0,0
131072,0,2,113,1.0E-4,0.0,1.0E-4,0,0,0
131072,0,2,114,0.0,0.0,0.0,0,0,0
131072,0,2,115,0.0,0.0,0.0,0,0,0
131072,0,2,116,0.0,0.0,0.0,0,0,0
131072,0,2,117,0.0,0.0,0.0,0,0,0
131072,0,2,118,0.0,1.0E-4,1.0E-4,0,0,0
131072,0,2,119,1.0E-4,0.0,1.0E-4,0,0,0
131072,0,2,120,0.0,1.0E-4,1.0E-4,0,0,0
131072,0,2,121,1.0E-4,0.0,1.0E-4,0,0,0
131072,0,2,122,0.0,1.0E-4,1.0E-4,0,0,0
131072,0,2,123,0.0,0.0,0.0,0,0,0
131072,0,2,124,0.0,0.0,0.0,0,0,0
131072,0,2,125,1.0E-4,0.0,1.0E-4,0,0,0
131072,0,2,126,0.0,1.0E-4,1.0E-4,0,0,0
131072,0,2,127,1.0E-4,0.0,1.0E-4,0,0,0
131072,0,2,128,0.0,1.0E-4,1.0E-4,0,0,0
131072,0,2,129,1.0E-4,0.0,1.0E-4,0,0,0
131072,0,2,130,0.0,0.0,0.0,0,0,0
131072,0,2,131,0.0,0.0,0.0,0,0,0
131072,0,2,132,0.0,0.0,0.0,0,0,0
131072,0,2,133,0.0,0.0,0.0,0,0,0
131072,0,2,134,0.0,0.0,0.0,0,0,0
131072,0,2,135,0.0,1.0E-4,1.0E-4,0,0,0
131072,0,2,136,0.0,1.0E-4,1.0E-4,0,0,0
131072,0,2,137,1.0E-4,0.0,1.0E-4,0,0,0
131072,0,2,138,0.0,0.0,0.0,0,0,0
131072,0,2,139,0.0,0.0,0.0,0,0,0
131072,0,2,140,1.0E-4,0.0,1.0E-4,0,0,0
131072,0,2,141,0.0,0.0,0.0,0,0,0
131072,0,2,142,0.0,0.0,0.0,0,0,0
131072,0,2,143,0.0,0.0,0.0,0,0,0
131072,0,2,144,0.0,1.0E-4,1.0E-4,0,0,0
131072,0,2,145,0.0,0.0,0.0,0,0,0
131072,0,2,146,1.0E-4,0.0,1.0E-4,0,0,0
131072,0,2,147,0.0,1.0E-4,1.0E-4,0,0,0
131072,0,2,148,1.0E-4,0.0,1.0E-4,0,0,0
131072,0,2,149,0.0,0.0,0.0,0,0,0
131072,0,2,150,1.0E-4,0.0,1.0E-4,0,0,0
131072,0,2,151,1.0E-4,0.0,1.0E-4,0,0,0
131072,0,2,152,0.0,1.0E-4,1.0E-4,0,0,0
131072,0,2,153,0.0,0.0,0.0,0,0,0
131072,0,2,154,0.0,0.0,0.0,0,0,0
131072,0,2,155,1.0E-4,0.0,1.0E-4,0,0,0
131072,0,2,156,0.0,0.0,0.0,0,0,0
131072,0,2,157,0.0,0.0,0.0,0,0,0
131072,0,2,158,0.0,0.0,0.0,0,0,0
131072,0,2,159,0.0,1.0E-4,1.0E-4,0,0,0
131072,0,2,160,1.0E-4,0.0,1.0E-4,0,0,0
131072,0,2,161,0.0,1.0E-4,1.0E-4,0,0,0
131072,0,2,162,0.0,0.0,0.0,0,0,0
131072,0,2,163,0.0,0.0,0.0,0,0,0
131072,0,2,164,0.0,0.0,0.0,0,0,0
131072,0,2,165,0.0,0.0,0.0,0,0,0
131072,0,2,166,0.0,1.0E-4,1.0E-4,0,0,0
131072,0,2,167,1.0E-4,0.0,1.0E-4,0,0,0
131072,0,2,168,0.0,1.0E-4,1.0E-4,0,0,0
131072,0,2,169,0.0,0.0,0.0,0,0,0
131072,0,2,170,0.0,0.0,0.0,0,0,0
131072,0,2,171,0.0,0.0,0.0,0,0,0
131072,0,2,172,0.0,1.0E-4,1.0E-4,0,0,0
131072,0,2,173,0.0,1.0E-4,1.0E-4,0,0,0
131072,0,2,174,1.0E-4,0.0,1.0E-4,0,0,0
131072,0,2,175,0.0,0.0,0.0,0,0,0
131072,0,2,176,0.0,0.0,0.0,0,0,0
131072,0,2,177,0.0,0.0,0.0,0,0,0
131072,0,2,178,0.0,0.0,0.0,0,0,0
131072,0,2,179,0.0,0.0,0.0,0,0,0
131072,0,2,180,0.0,0.0,0.0,0,0,0
131072,0,2,181,0.0,0.0,0.0,0,0,0
131072,0,2,182,0.0,1.0E-4,1.0E-4,0,0,0
131072,0,2,183,1.0E-4,0.0,1.0E-4,0,0,0
131072,0,2,184,0.0,0.0,0.0,0,0,0
131072,0,2,185,0.0,0.0,0.0,0,0,0
131072,0,2,186,0.0,0.0,0.0,0,0,0
131072,0,2,187,0.0,0.0,0.0,0,0,0
131072,0,2,188,0.0,0.0,0.0,0,0,0
131072,0,2,189,0.0,0.0,0.0,0,0,0
131072,0,2,190,0.0,0.0,0.0,0,0,0
131072,0,2,191,0.0,1.0E-4,1.0E-4,0,0,0
131072,0,2,192,1.0E-4,0.0,1.0E-4,0,0,0
131072,0,2,193,0.0,1.0E-4,1.0E-4,0,0,0
131072,0,2,194,1.0E-4,0.0,1.0E-4,0,0,0
131072,0,2,195,0.0,0.0,0.0,0,0,0
131072,0,2,196,0.0,0.0,0.0,0,0,0
131072,0,2,197,0.0,0.0,0.0,0,0,0
131072,0,2,198,1.0E-4,0.0,1.0E-4,0,0,0
131072,0,2,199,0.0,1.0E-4,1.0E-4,0,0,0
131072,0,2,200,0.0,0.0,0.0,0,0,0
131072,0,2,201,1.0E-4,0.0,1.0E-4,0,0,0
131072,0,2,202,1.0E-4,0.0,1.0E-4,0,0,0
131072,0,2,203,0.0,1.0E-4,1.0E-4,0,0,0
131072,0,2,204,1.0E-4,0.0,1.0E-4,0,0,0
131072,0,2,205,0.0,1.0E-4,1.0E-4,0,0,0
131072,0,2,206,0.0,0.0,0.0,0,0,0
131072,0,2,207,1.0E-4,0.0,1.0E-4,0,0,0
131072,0,2,208,0.0,0.0,0.0,0,0,0
131072,0,2,209,1.0E-4,0.0,1.0E-4,0,0,0
131072,0,2,210,1.0E-4,0.0,1.0E-4,0,0,0
131072,0,2,211,0.0,0.0,0.0,0,0,0
131072,0,2,212,0.0,0.0,0.0,0,0,0
131072,0,2,213,0.0,1.0E-4,1.0E-4,0,0,0
131072,0,2,214,1.0E-4,0.0,1.0E-4,0,0,0
131072,0,2,215,0.0,0.0,0.0,0,0,0
131072,0,2,216,0.0,0.0,0.0,0,0,0
131072,0,2,217,0.0,1.0E-4,1.0E-4,0,0,0
131072,0,2,218,0.0,0.0,0.0,0,0,0
131072,0,2,219,1.0E-4,0.0,1.0E-4,0,0,0
131072,0,2,220,0.0,1.0E-4,1.0E-4,0,0,0
131072,0,2,221,0.0,0.0,0.0,0,0,0
131072,0,2,222,1.0E-4,0.0,1.0E-4,0,0,0
131072,0,2,223,0.0,1.0E-4,1.0E-4,0,0,0
131072,0,2,224,1.0E-4,0.0,1.0E-4,0,0,0
131072,0,2,225,0.0,0.0,0.0,0,0,0
131072,0,2,226,1.0E-4,0.0,1.0E-4,0,0,0
131072,0,2,227,0.0,0.0,0.0,0,0,0
131072,0,2,228,0.0,0.0,0.0,0,0,0
131072,0,2,229,0.0,1.0E-4,1.0E-4,0,0,0
131072,0,2,230,0.0,1.0E-4,1.0E-4,0,0,0
131072,0,2,231,1.0E-4,0.0,1.0E-4,0,0,0
131072,0,2,232,0.0,1.0E-4,1.0E-4,0,0,0
131072,0,2,233,0.0,0.0,0.0,0,0,0
131072,0,2,234,0.0,0.0,0.0,0,0,0
131072,0,2,235,0.0,1.0E-4,1.0E-4,0,0,0
131072,0,2,236,1.0E-4,0.0,1.0E-4,0,0,0
131072,0,2,237,1.0E-4,0.0,1.0E-4,0,0,0
131072,0,2,238,0.0,1.0E-4,1.0E-4,0,0,0
131072,0,2,239,0.0,0.0,0.0,0,0,0
131072,0,2,240,0.0,0.0,0.0,0,0,0
131072,0,2,241,0.0,1.0E-4,1.0E-4,0,0,0
131072,0,2,242,0.0,1.0E-4,1.0E-4,0,0,0
131072,0,2,243,0.0,0.0,0.0,0,0,0
131072,0,2,244,0.0,0.0,0.0,0,0,0
131072,0,2,245,0.0,0.0,0.0,0,0,0
131072,0,2,246,0.0,1.0E-4,1.0E-4,0,0,0
131072,0,2,247,1.0E-4,0.0,1.0E-4,0,0,0
131072,0,2,248,0.0,1.0E-4,1.0E-4,0,0,0
131072,0,2,249,1.0E-4,0.0,1.0E-4,0,0,0
131072,0,2,250,0.0,0.0,0.0,0,0,0
131072,0,2,251,0.0,1.0E-4,1.0E-4,0,0,0
131072,0,2,252,0.0,1.0E-4,1.0E-4,0,0,0
131072,0,2,253,0.0,0.0,0.0,0,0,0
131072,0,2,254,1.0E-4,0.0,1.0E-4,0,0,0
131072,0,2,255,0.0,0.0,0.0,0,0,0
131072,0,3,0,0.0,1.0E-4,1.0E-4,0,0,0
131072,0,3,1,0.0,0.0,0.0,0,0,0
131072,0,3,2,0.0,1.0E-4,1.0E-4,0,0,0
131072,0,3,3,0.0,1.0E-4,1.0E-4,0,0,0
131072,0,3,4,1.0E-4,0.0,1.0E-4,0,0,0
131072,0,3,5,0.0,0.0,0.0,0,0,0
131072,0,3,6,0.0,1.0E-4,1.0E-4,0,0,0
131072,0,3,7,0.0,0.0,0.0,0,0,0
131072,0,3,8,0.0,0.0,0.0,0,0,0
131072,0,3,9,0.0,1.0E-4,1.0E-4,0,0,0
131072,0,3,10,1.0E-4,0.0,1.0E-4,0,0,0
131072,0,3,11,0.0,0.0,0.0,0,0,0
131072,0,3,12,0.0,0.0,0.0,0,0,0
131072,0,3,13,0.0,0.0,0.0,0,0,0
131072,0,3,14,0.0,0.0,0.0,0,0,0
131072,0,3,15,0.0,0.0,0.0,0,0,0
131072,0,3,16,0.0,1.0E-4,1.0E-4,0,0,0
131072,0,3,17,1.0E-4,0.0,1.0E-4,0,0,0
131072,0,3,18,0.0,1.0E-4,1.0E-4,0,0,0
131072,0,3,19,0.0,0.0,0.0,0,0,0
131072,0,3,20,0.0,1.0E-4,1.0E-4,0,0,0
131072,0,3,21,0.0,0.0,0.0,0,0,0
131072,0,3,22,0.0,1.0E-4,1.0E-4,0,0,0
131072,0,3,23,1.0E-4,0.0,1.0E-4,0,0,0
131072,0,3,24,0.0,1.0E-4,1.0E-4,0,0,0
131072,0,3,25,0.0,0.0,0.0,0,0,0
131072,0,3,26,0.0,0.0,0.0,0,0,0
131072,0,3,27,0.0,0.0,0.0,0,0,0
131072,0,3,28,1.0E-4,0.0,1.0E-4,0,0,0
131072,0,3,29,0.0,1.0E-4,1.0E-4,0,0,0
131072,0,3,30,1.0E-4,0.0,1.0E-4,0,0,0
131072,0,3,31,0.0,0.0,0.0,0,0,0
131072,0,3,32,0.0,0.0,0.0,0,0,0
131072,0,3,33,0.0,0.0,0.0,0,0,0
131072,0,3,34,0.0,1.0E-4,1.0E-4,0,0,0
131072,0,3,35,0.0,1.0E-4,1.0E-4,0,0,0
131072,0,3,36,1.0E-4,0.0,1.0E-4,0,0,0
131072,0,3,37,0.0,0.0,0.0,0,0,0
131072,0,3,38,1.0E-4,0.0,1.0E-4,0,0,0
131072,0,3,39,0.0,1.0E-4,1.0E-4,0,0,0
131072,0,3,40,0.0,0.0,0.0,0,0,0
131072,0,3,41,1.0E-4,0.0,1.0E-4,0,0,0
131072,0,3,42,0.0,1.0E-4,1.0E-4,0,0,0
131072,0,3,43,1.0E-4,0.0,1.0E-4,0,0,0
131072,0,3,44,0.0,1.0E-4,1.0E-4,0,0,0
131072,0,3,45,1.0E-4,0.0,1.0E-4,0,0,0
131072,0,3,46,0.0,1.0E-4,1.0E-4,0,0,0
131072,0,3,47,0.0,0.0,0.0,0,0,0
131072,0,3,48,0.0,0.0,0.0,0,0,0
131072,0,3,49,0.0,0.0,0.0,0,0,0
131072,0,3,50,0.0,0.0,0.0,0,0,0
131072,0,3,51,0.0,1.0E-4,1.0E-4,0,0,0
131072,0,3,52,1.0E-4,0.0,1.0E-4,0,0,0
131072,0,3,53,0.0,1.0E-4,1.0E-4,0,0,0
131072,0,3,54,1.0E-4,0.0,1.0E-4,0,0,0
131072,0,3,55,0.0,0.0,0.0,0,0,0
131072,0,3,56,0.0,1.0E-4,1.0E-4,0,0,0
131072,0,3,57,0.0,0.0,0.0,0,0,0
131072,0,3,58,0.0,0.0,0.0,0,0,0
131072,0,3,59,0.0,0.0,0.0,0,0,0
131072,0,3,60,0.0,1.0E-4,1.0E-4,0,0,0
131072,0,3,61,0.0,0.0,0.0,0,0,0
131072,0,3,62,0.0,0.0,0.0,0,0,0
131072,0,3,63,0.0,0.0,0.0,0,0,0
131072,0,3,64,0.0,0.0,0.0,0,0,0
131072,0,3,65,0.0,1.0E-4,1.0E-4,0,0,0
131072,0,3,66,1.0E-4,0.0,1.0E-4,0,0,0
131072,0,3,67,0.0,1.0E-4,1.0E-4,0,0,0
131072,0,3,68,1.0E-4,0.0,1.0E-4,0,0,0
131072,0,3,69,0.0,1.0E-4,1.0E-4,0,0,0
131072,0,3,70,0.0,1.0E-4,1.0E-4,0,0,0
131072,0,3,71,0.0,0.0,0.0,0,0,0
131072,0,3,72,0.0,0.0,0.0,0,0,0
131072,0,3,73,0.0,0.0,0.0,0,0,0
131072,0,3,74,0.0,0.0,0.0,0,0,0
131072,0,3,75,0.0,1.0E-4,1.0E-4,0,0,0
131072,0,3,76,1.0E-4,0.0,1.0E-4,0,0,0
131072,0,3,77,0.0,1.0E-4,1.0E-4,0,0,0
131072,0,3,78,1.0E-4,0.0,1.0E-4,0,0,0
131072,0,3,79,0.0,1.0E-4,1.0E-4,0,0,0
131072,0,3,80,0.0,0.0,0.0,0,0,0
131072,0,3,81,0.0,0.0,0.0,0,0,0
131072,0,3,82,0.0,0.0,0.0,0,0,0
131072,0,3,83,1.0E-4,0.0,1.0E-4,0,0,0
131072,0,3,84,0.0,0.0,0.0,0,0,0
131072,0,3,85,0.0,1.0E-4,1.0E-4,0,0,0
131072,0,3,86,1.0E-4,0.0,1.0E-4,0,0,0
131072,0,3,87,0.0,1.0E-4,1.0E-4,0,0,0
131072,0,3,88,1.0E-4,0.0,1.0E-4,0,0,0
131072,0,3,89,0.0,1.0E-4,1.0E-4,0,0,0
131072,0,3,90,1.0E-4,0.0,1.0E-4,0,0,0
131072,0,3,91,0.0,0.0,0.0,0,0,0
131072,0,3,92,0.0,0.0,0.0,0,0,0
131072,0,3,93,0.0,0.0,0.0,0,0,0
131072,0,3,94,0.0,0.0,0.0,0,0,0
131072,0,3,95,0.0,0.0,0.0,0,0,0
131072,0,3,96,0.0,0.0,0.0,0,0,0
131072,0,3,97,0.0,0.0,0.0,0,0,0
131072,0,3,98,0.0,0.0,0.0,0,0,0
131072,0,3,99,0.0,0.0,0.0,0,0,0
131072,0,3,100,0.0,1.0E-4,1.0E-4,0,0,0
131072,0,3,101,0.0,1.0E-4,1.0E-4,0,0,0
131072,0,3,102,0.0,0.0,0.0,0,0,0
131072,0,3,103,0.0,0.0,0.0,0,0,0
131072,0,3,104,0.0,0.0,0.0,0,0,0
131072,0,3,105,0.0,0.0,0.0,0,0,0
131072,0,3,106,0.0,1.0E-4,1.0E-4,0,0,0
131072,0,3,107,1.0E-4,0.0,1.0E-4,0,0,0
131072,0,3,108,0.0,0.0,0.0,0,0,0
131072,0,3,109,0.0,0.0,0.0,0,0,0
131072,0,3,110,0.0,0.0,0.0,0,0,0
131072,0,3,111,0.0,0.0,0.0,0,0,0
131072,0,3,112,0.0,0.0,0.0,0,0,0
131072,0,3,113,0.0,0.0,0.0,0,0,0
131072,0,3,114,0.0,1.0E-4,1.0E-4,0,0,0
131072,0,3,115,0.0,0.0,0.0,0,0,0
131072,0,3,116,1.0E-4,0.0,1.0E-4,0,0,0
131072,0,3,117,0.0,1.0E-4,1.0E-4,0,0,0
131072,0,3,118,1.0E-4,0.0,1.0E-4,0,0,0
131072,0,3,119,0.0,0.0,0.0,0,0,0
131072,0,3,120,0.0,0.0,0.0,0,0,0
131072,0,3,121,0.0,0.0,0.0,0,0,0
131072,0,3,122,0.0,0.0,0.0,0,0,0
131072,0,3,123,0.0,0.0,0.0,0,0,0
131072,0,3,124,0.0,0.0,0.0,0,0,0
131072,0,3,125,0.0,1.0E-4,1.0E-4,0,0,0
131072,0,3,126,0.0,1.0E-4,1.0E-4,0,0,0
131072,0,3,127,1.0E-4,0.0,1.0E-4,0,0,0
131072,0,3,128,0.0,1.0E-4,1.0E-4,0,0,0
131072,0,3,129,0.0,0.0,0.0,0,0,0
131072,0,3,130,0.0,0.0,0.0,0,0,0
131072,0,3,131,0.0,0.0,0.0,0,0,0
131072,0,3,132,0.0,0.0,0.0,0,0,0
131072,0,3,133,0.0,0.0,0.0,0,0,0
131072,0,3,134,0.0,0.0,0.0,0,0,0
131072,0,3,135,0.0,1.0E-4,1.0E-4,0,0,0
131072,0,3,136,1.0E-4,0.0,1.0E-4,0,0,0
131072,0,3,137,1.0E-4,0.0,1.0E-4,0,0,0
131072,0,3,138,0.0,0.0,0.0,0,0,0
131072,0,3,139,0.0,0.0,0.0,0,0,0
131072,0,3,140,0.0,0.0,0.0,0,0,0
131072,0,3,141,0.0,1.0E-4,1.0E-4,0,0,0
131072,0,3,142,0.0,0.0,0.0,0,0,0
131072,0,3,143,0.0,0.0,0.0,0,0,0
131072,0,3,144,0.0,0.0,0.0,0,0,0
131072,0,3,145,0.0,0.0,0.0,0,0,0
131072,0,3,146,0.0,0.0,0.0,0,0,0
131072,0,3,147,0.0,0.0,0.0,0,0,0
131072,0,3,148,0.0,1.0E-4,1.0E-4,0,0,0
131072,0,3,149,1.0E-4,0.0,1.0E-4,0,0,0
131072,0,3,150,0.0,0.0,0.0,0,0,0
131072,0,3,151,0.0,0.0,0.0,0,0,0
131072,0,3,152,0.0,0.0,0.0,0,0,0
131072,0,3,153,0.0,0.0,0.0,0,0,0
131072,0,3,154,0.0,0.0,0.0,0,0,0
131072,0,3,155,0.0,0.0,0.0,0,0,0
131072,0,3,156,0.0,0.0,0.0,0,0,0
131072,0,3,157,0.0,1.0E-4,1.0E-4,0,0,0
131072,0,3,158,1.0E-4,0.0,1.0E-4,0,0,0
131072,0,3,159,0.0,0.0,0.0,0,0,0
131072,0,3,160,0.0,0.0,0.0,0,0,0
131072,0,3,161,0.0,0.0,0.0,0,0,0
131072,0,3,162,0.0,0.0,0.0,0,0,0
131072,0,3,163,1.0E-4,0.0,1.0E-4,0,0,0
131072,0,3,164,0.0,1.0E-4,1.0E-4,0,0,0
131072,0,3,165,0.0,0.0,0.0,0,0,0
131072,0,3,166,0.0,0.0,0.0,0,0,0
131072,0,3,167,0.0,0.0,0.0,0,0,0
131072,0,3,168,0.0,0.0,0.0,0,0,0
131072,0,3,169,0.0,1.0E-4,1.0E-4,0,0,0
131072,0,3,170,1.0E-4,0.0,1.0E-4,0,0,0
131072,0,3,171,0.0,1.0E-4,1.0E-4,0,0,0
131072,0,3,172,0.0,0.0,0.0,0,0,0
131072,0,3,173,0.0,0.0,0.0,0,0,0
131072,0,3,174,0.0,0.0,0.0,0,0,0
131072,0,3,175,0.0,0.0,0.0,0,0,0
131072,0,3,176,0.0,0.0,0.0,0,0,0
131072,0,3,177,0.0,0.0,0.0,0,0,0
131072,0,3,178,0.0,0.0,0.0,0,0,0
131072,0,3,179,0.0,0.0,0.0,0,0,0
131072,0,3,180,0.0,0.0,0.0,0,0,0
131072,0,3,181,0.0,1.0E-4,1.0E-4,0,0,0
131072,0,3,182,0.0,0.0,0.0,0,0,0
131072,0,3,183,0.0,0.0,0.0,0,0,0
131072,0,3,184,0.0,0.0,0.0,0,0,0
131072,0,3,185,0.0,0.0,0.0,0,0,0
131072,0,3,186,0.0,1.0E-4,1.0E-4,0,0,0
131072,0,3,187,1.0E-4,0.0,1.0E-4,0,0,0
131072,0,3,188,0.0,1.0E-4,1.0E-4,0,0,0
131072,0,3,189,1.0E-4,0.0,1.0E-4,0,0,0
131072,0,3,190,0.0,0.0,0.0,0,0,0
131072,0,3,191,0.0,0.0,0.0,0,0,0
131072,0,3,192,1.0E-4,0.0,1.0E-4,0,0,0
131072,0,3,193,0.0,1.0E-4,1.0E-4,0,0,0
131072,0,3,194,1.0E-4,0.0,1.0E-4,0,0,0
131072,0,3,195,0.0,0.0,0.0,0,0,0
131072,0,3,196,0.0,0.0,0.0,0,0,0
131072,0,3,197,0.0,0.0,0.0,0,0,0
131072,0,3,198,0.0,1.0E-4,1.0E-4,0,0,0
131072,0,3,199,1.0E-4,0.0,1.0E-4,0,0,0
131072,0,3,200,0.0,1.0E-4,1.0E-4,0,0,0
131072,0,3,201,0.0,0.0,0.0,0,0,0
131072,0,3,202,0.0,0.0,0.0,0,0,0
131072,0,3,203,0.0,1.0E-4,1.0E-4,0,0,0
131072,0,3,204,1.0E-4,0.0,1.0E-4,0,0,0
131072,0,3,205,0.0,1.0E-4,1.0E-4,0,0,0
131072,0,3,206,1.0E-4,0.0,1.0E-4,0,0,0
131072,0,3,207,0.0,1.0E-4,1.0E-4,0,0,0
131072,0,3,208,0.0,0.0,0.0,0,0,0
131072,0,3,209,0.0,0.0,0.0,0,0,0
131072,0,3,210,0.0,0.0,0.0,0,0,0
131072,0,3,211,0.0,0.0,0.0,0,0,0
131072,0,3,212,0.0,0.0,0.0,0,0,0
131072,0,3,213,0.0,0.0,0.0,0,0,0
131072,0,3,214,0.0,1.0E-4,1.0E-4,0,0,0
131072,0,3,215,1.0E-4,0.0,1.0E-4,0,0,0
131072,0,3,216,0.0,1.0E-4,1.0E-4,0,0,0
131072,0,3,217,0.0,0.0,0.0,0,0,0
131072,0,3,218,0.0,1.0E-4,1.0E-4,0,0,0
131072,0,3,219,0.0,0.0,0.0,0,0,0
131072,0,3,220,0.0,0.0,0.0,0,0,0
131072,0,3,221,0.0,1.0E-4,1.0E-4,0,0,0
131072,0,3,222,1.0E-4,0.0,1.0E-4,0,0,0
131072,0,3,223,0.0,1.0E-4,1.0E-4,0,0,0
131072,0,3,224,0.0,0.0,0.0,0,0,0
131072,0,3,225,0.0,0.0,0.0,0,0,0
131072,0,3,226,0.0,0.0,0.0,0,0,0
131072,0,3,227,0.0,0.0,0.0,0,0,0
131072,0,3,228,0.0,0.0,0.0,0,0,0
131072,0,3,229,0.0,0.0,0.0,0,0,0
131072,0,3,230,0.0,1.0E-4,1.0E-4,0,0,0
131072,0,3,231,0.0,0.0,0.0,0,0,0
131072,0,3,232,0.0,0.0,0.0,0,0,0
131072,0,3,233,0.0,1.0E-4,1.0E-4,0,0,0
131072,0,3,234,1.0E-4,0.0,1.0E-4,0,0,0
131072,0,3,235,0.0,1.0E-4,1.0E-4,0,0,0
131072,0,3,236,1.0E-4,0.0,1.0E-4,0,0,0
131072,0,3,237,0.0,1.0E-4,1.0E-4,0,0,0
131072,0,3,238,0.0,0.0,0.0,0,0,0
131072,0,3,239,0.0,0.0,0.0,0,0,0
131072,0,3,240,0.0,0.0,0.0,0,0,0
131072,0,3,241,0.0,0.0,0.0,0,0,0
131072,0,3,242,0.0,1.0E-4,1.0E-4,0,0,0
131072,0,3,243,1.0E-4,0.0,1.0E-4,0,0,0
131072,0,3,244,0.0,0.0,0.0,0,0,0
131072,0,3,245,0.0,1.0E-4,1.0E-4,0,0,0
131072,0,3,246,0.0,0.0,0.0,0,0,0
131072,0,3,247,0.0,0.0,0.0,0,0,0
131072,0,3,248,0.0,0.0,0.0,0,0,0
131072,0,3,249,0.0,0.0,0.0,0,0,0
131072,0,3,250,0.0,0.0,0.0,0,0,0
131072,0,3,251,0.0,0.0,0.0,0,0,0
131072,0,3,252,0.0,1.0E-4,1.0E-4,0,0,0
131072,0,3,253,0.0,0.0,0.0,0,0,0
131072,0,3,254,0.0,1.0E-4,1.0E-4,0,0,0
131072,0,3,255,0.0,0.0,0.0,0,0,0
131072,1310,1,0,0.0583,0.0942,0.1525,565296,14761,11
131072,1310,1,1,0.0699,0.0928,0.1627,565296,14761,11
131072,1310,1,2,0.0636,0.0915,0.15510000000000002,565296,14761,11
131072,1310,1,3,0.0811,0.0907,0.1718,565296,14761,11
131072,1310,1,4,0.0626,0.0905,0.1531,565296,14761,11
131072,1310,1,5,0.0626,0.0978,0.1604,565296,14761,11
131072,1310,1,6,0.0601,0.0905,0.1506,565296,14761,11
131072,1310,1,7,0.0747,0.093,0.16770000000000002,565296,14761,11
131072,1310,1,8,0.062,0.0908,0.1528,565296,14761,11
131072,1310,1,9,0.0592,0.0901,0.1493,565296,14761,11
131072,1310,1,10,0.0629,0.0908,0.1537,565296,14761,11
131072,1310,1,11,0.0602,0.0907,0.1509,565296,14761,11
131072,1310,1,12,0.0584,0.0908,0.1492,565296,14761,11
131072,1310,1,13,0.0586,0.09,0.1486,565296,14761,11
131072,1310,1,14,0.0615,0.0894,0.15089999999999998,565296,14761,11
131072,1310,1,15,0.0589,0.0896,0.1485,565296,14761,11
131072,1310,1,16,0.0604,0.0893,0.1497,565296,14761,11
131072,1310,1,17,0.0585,0.0953,0.1538,566136,14761,11
131072,1310,1,18,0.0608,0.0893,0.1501,565296,14761,11
131072,1310,1,19,0.0584,0.0924,0.1508,565296,14761,11
131072,1310,1,20,0.0603,0.0902,0.1505,565296,14761,11
131072,1310,1,21,0.0592,0.0936,0.1528,565296,14761,11
131072,1310,1,22,0.0587,0.0907,0.1494,565296,14761,11
131072,1310,1,23,0.0589,0.0911,0.15,565296,14761,11
131072,1310,1,24,0.0728,0.0899,0.1627,565296,14761,11
131072,1310,1,25,0.0575,0.1103,0.1678,565296,14761,11
131072,1310,1,26,0.0599,0.0918,0.1517,565296,14761,11
131072,1310,1,27,0.0614,0.0924,0.1538,566136,14761,11
131072,1310,1,28,0.0597,0.0903,0.15000000000000002,565296,14761,11
131072,1310,1,29,0.0595,0.0894,0.14889999999999998,565296,14761,11
131072,1310,1,30,0.0595,0.0902,0.1497,565296,14761,11
131072,1310,1,31,0.0603,0.0905,0.1508,565296,14761,11
131072,1310,1,32,0.0588,0.0905,0.1493,565296,14761,11
131072,1310,1,33,0.0587,0.0889,0.1476,565296,14761,11
131072,1310,1,34,0.059,0.0914,0.15039999999999998,565296,14761,11
131072,1310,1,35,0.058,0.0922,0.1502,566136,14761,11
131072,1310,1,36,0.0585,0.0944,0.1529,565296,14761,11
131072,1310,1,37,0.0708,0.0906,0.1614,565296,14761,11
131072,1310,1,38,0.0587,0.0917,0.1504,565296,14761,11
131072,1310,1,39,0.0615,0.0901,0.1516,565296,14761,11
131072,1310,1,40,0.06,0.0907,0.1507,565296,14761,11
131072,1310,1,41,0.0603,0.0905,0.1508,565296,14761,11
131072,1310,1,42,0.0597,0.0901,0.1498,565296,14761,11
131072,1310,1,43,0.0586,0.0897,0.1483,565296,14761,11
131072,1310,1,44,0.0587,0.09,0.1487,565296,14761,11
131072,1310,1,45,0.0577,0.0921,0.1498,565296,14761,11
131072,1310,1,46,0.0584,0.0923,0.1507,566136,14761,11
131072,1310,1,47,0.0594,0.0939,0.1533,566136,14761,11
131072,1310,1,48,0.06,0.0894,0.14939999999999998,565296,14761,11
131072,1310,1,49,0.0606,0.0921,0.1527,565296,14761,11
131072,1310,1,50,0.0678,0.0907,0.1585,565296,14761,11
131072,1310,1,51,0.0612,0.0929,0.1541,565296,14761,11
131072,1310,1,52,0.0625,0.0935,0.156,565296,14761,11
131072,1310,1,53,0.0669,0.1059,0.1728,565296,14761,11
131072,1310,1,54,0.0615,0.0918,0.1533,565296,14761,11
131072,1310,1,55,0.0597,0.0908,0.15050000000000002,565296,14761,11
131072,1310,1,56,0.0598,0.0913,0.1511,565296,14761,11
131072,1310,1,57,0.0597,0.0938,0.1535,566136,14761,11
131072,1310,1,58,0.0598,0.0956,0.1554,566136,14761,11
131072,1310,1,59,0.0602,0.0917,0.1519,565296,14761,11
131072,1310,1,60,0.0588,0.0944,0.1532,565296,14761,11
131072,1310,1,61,0.0593,0.0912,0.1505,565296,14761,11
131072,1310,1,62,0.0587,0.0903,0.14900000000000002,565296,14761,11
131072,1310,1,63,0.0598,0.0988,0.1586,565296,14761,11
131072,1310,1,64,0.0614,0.0929,0.1543,565296,14761,11
131072,1310,1,65,0.059,0.0915,0.1505,565296,14761,11
131072,1310,1,66,0.0597,0.0913,0.15100000000000002,565296,14761,11
131072,1310,1,67,0.06,0.0907,0.1507,565296,14761,11
131072,1310,1,68,0.0616,0.0952,0.1568,565296,14761,11
131072,1310,1,69,0.0595,0.0936,0.1531,565296,14761,11
131072,1310,1,70,0.0606,0.0927,0.1533,565296,14761,11
131072,1310,1,71,0.0592,0.0932,0.1524,565296,14761,11
131072,1310,1,72,0.059,0.0949,0.15389999999999998,565296,14761,11
131072,1310,1,73,0.059,0.0918,0.1508,565296,14761,11
131072,1310,1,74,0.0592,0.0914,0.1506,565296,14761,11
131072,1310,1,75,0.0589,0.0911,0.15,565296,14761,11
131072,1310,1,76,0.0602,0.0898,0.15,565296,14761,11
131072,1310,1,77,0.0607,0.0926,0.1533,565296,14761,11
131072,1310,1,78,0.0616,0.0923,0.15389999999999998,566136,14761,11
131072,1310,1,79,0.0596,0.0953,0.15489999999999998,565296,14761,11
131072,1310,1,80,0.0597,0.0944,0.15410000000000001,565296,14761,11
131072,1310,1,81,0.0589,0.0902,0.1491,565296,14761,11
131072,1310,1,82,0.0584,0.0979,0.1563,566136,14761,11
131072,1310,1,83,0.0588,0.0952,0.154,565296,14761,11
131072,1310,1,84,0.0571,0.0918,0.1489,565296,14761,11
131072,1310,1,85,0.0594,0.0906,0.15,565296,14761,11
131072,1310,1,86,0.0586,0.0926,0.1512,565296,14761,11
131072,1310,1,87,0.0581,0.091,0.1491,565296,14761,11
131072,1310,1,88,0.0599,0.0914,0.1513,565296,14761,11
131072,1310,1,89,0.0587,0.1017,0.1604,565296,14761,11
131072,1310,1,90,0.0606,0.091,0.1516,565296,14761,11
131072,1310,1,91,0.059,0.0898,0.1488,565296,14761,11
131072,1310,1,92,0.0586,0.089,0.1476,565296,14761,11
131072,1310,1,93,0.0581,0.0914,0.1495,565296,14761,11
131072,1310,1,94,0.0591,0.0923,0.15139999999999998,566136,14761,11
131072,1310,1,95,0.0581,0.0905,0.1486,565296,14761,11
131072,1310,1,96,0.0623,0.0909,0.1532,565296,14761,11
131072,1310,1,97,0.0578,0.0916,0.1494,565296,14761,11
131072,1310,1,98,0.0573,0.0899,0.1472,565296,14761,11
131072,1310,1,99,0.0571,0.0918,0.1489,565296,14761,11
131072,1310,1,100,0.0577,0.0899,0.1476,565296,14761,11
131072,1310,1,101,0.0589,0.0898,0.1487,565296,14761,11
131072,1310,1,102,0.059,0.0913,0.1503,565296,14761,11
131072,1310,1,103,0.0632,0.0928,0.156,565296,14761,11
131072,1310,1,104,0.0601,0.0919,0.152,565296,14761,11
131072,1310,1,105,0.0597,0.0972,0.15689999999999998,565296,14761,11
131072,1310,1,106,0.0586,0.0936,0.1522,565296,14761,11
131072,1310,1,107,0.064,0.1101,0.1741,565296,14761,11
131072,1310,1,108,0.0583,4.05,4.1083,566136,14761,11
131072,1310,1,109,0.2402,0.1826,0.4228,566976,14761,11
131072,1310,1,110,0.0867,0.1262,0.2129,565296,14761,11
131072,1310,1,111,0.0859,0.1227,0.2086,565296,14761,11
131072,1310,1,112,0.0804,0.1189,0.1993,565296,14761,11
131072,1310,1,113,0.0698,0.1061,0.1759,565296,14761,11
131072,1310,1,114,0.0689,0.1048,0.17370000000000002,565296,14761,11
131072,1310,1,115,0.0694,0.1068,0.17620000000000002,566136,14761,11
131072,1310,1,116,0.0704,0.1074,0.1778,565296,14761,11
131072,1310,1,117,0.0658,0.1037,0.16949999999999998,565296,14761,11
131072,1310,1,118,0.0685,0.0998,0.1683,565296,14761,11
131072,1310,1,119,0.0646,0.1016,0.16620000000000001,565296,14761,11
131072,1310,1,120,0.0649,0.0983,0.1632,565296,14761,11
131072,1310,1,121,0.0639,0.0927,0.15660000000000002,565296,14761,11
131072,1310,1,122,0.062,0.0949,0.15689999999999998,565296,14761,11
131072,1310,1,123,0.0619,0.095,0.15689999999999998,565296,14761,11
131072,1310,1,124,0.0627,0.0994,0.16210000000000002,566136,14761,11
131072,1310,1,125,0.0628,0.0931,0.15589999999999998,566136,14761,11
131072,1310,1,126,0.0612,0.0891,0.1503,565296,14761,11
131072,1310,1,127,0.0632,0.0877,0.1509,565296,14761,11
131072,1310,1,128,0.063,0.0863,0.1493,565296,14761,11
131072,1310,1,129,0.0613,0.0872,0.1485,565296,14761,11
131072,1310,1,130,0.0585,0.0911,0.1496,566136,14761,11
131072,1310,1,131,0.0599,0.0862,0.1461,565296,14761,11
131072,1310,1,132,0.0693,0.0877,0.157,565296,14761,11
131072,1310,1,133,0.0564,0.0861,0.1425,565296,14761,11
131072,1310,1,134,0.0543,0.0877,0.14200000000000002,565296,14761,11
131072,1310,1,135,0.0579,0.0867,0.1446,565296,14761,11
131072,1310,1,136,0.059,0.0886,0.1476,565296,14761,11
131072,1310,1,137,0.0566,0.0916,0.1482,566136,14761,11
131072,1310,1,138,0.0591,0.087,0.1461,565296,14761,11
131072,1310,1,139,0.0561,0.0888,0.1449,566136,14761,11
131072,1310,1,140,0.0563,0.0878,0.1441,565296,14761,11
131072,1310,1,141,0.0567,0.0853,0.14200000000000002,565296,14761,11
131072,1310,1,142,0.0566,0.0873,0.1439,565296,14761,11
131072,1310,1,143,0.0687,0.0878,0.1565,565296,14761,11
131072,1310,1,144,0.0552,0.089,0.1442,566136,14761,11
131072,1310,1,145,0.0558,0.0882,0.14400000000000002,565296,14761,11
131072,1310,1,146,0.0554,0.0858,0.1412,565296,14761,11
131072,1310,1,147,0.0549,0.0873,0.1422,565296,14761,11
131072,1310,1,148,0.0572,0.0866,0.14379999999999998,565296,14761,11
131072,1310,1,149,0.0596,0.0866,0.1462,565296,14761,11
131072,1310,1,150,0.0604,0.0862,0.1466,565296,14761,11
131072,1310,1,151,0.0586,0.0855,0.1441,565296,14761,11
131072,1310,1,152,0.0563,0.0868,0.1431,565296,14761,11
131072,1310,1,153,0.1537,0.1646,0.3183,565296,14761,11
131072,1310,1,154,0.1002,0.1563,0.2565,565296,14761,11
131072,1310,1,155,0.0981,0.1394,0.2375,565296,14761,11
131072,1310,1,156,0.065,0.1072,0.17220000000000002,565296,14761,11
131072,1310,1,157,0.0681,0.1023,0.1704,565296,14761,11
131072,1310,1,158,0.063,0.1024,0.1654,565296,14761,11
131072,1310,1,159,0.065,0.0992,0.1642,565296,14761,11
131072,1310,1,160,0.0601,0.0982,0.1583,565296,14761,11
131072,1310,1,161,0.0606,0.0993,0.1599,565296,14761,11
131072,1310,1,162,0.0604,0.0964,0.1568,565296,14761,11
131072,1310,1,163,0.0613,0.1184,0.1797,565296,14761,11
131072,1310,1,164,0.0753,0.098,0.1733,565296,14761,11
131072,1310,1,165,0.0651,0.0892,0.1543,565296,14761,11
131072,1310,1,166,0.0629,0.087,0.14989999999999998,565296,14761,11
131072,1310,1,167,0.0605,0.0896,0.1501,565296,14761,11
131072,1310,1,168,0.0645,0.093,0.1575,565296,14761,11
131072,1310,1,169,0.0603,0.0912,0.1515,565296,14761,11
131072,1310,1,170,0.0588,0.0881,0.1469,565296,14761,11
131072,1310,1,171,0.058,0.0925,0.1505,565296,14761,11
131072,1310,1,172,0.0583,0.0904,0.1487,565296,14761,11
131072,1310,1,173,0.0611,0.0892,0.1503,565296,14761,11
131072,1310,1,174,0.0611,0.0902,0.1513,565296,14761,11
131072,1310,1,175,0.0588,0.0845,0.1433,565296,14761,11
131072,1310,1,176,0.0631,0.0956,0.1587,566136,14761,11
131072,1310,1,177,0.0643,0.0848,0.1491,565296,14761,11
131072,1310,1,178,0.0611,0.0847,0.14579999999999999,565296,14761,11
131072,1310,1,179,0.0576,0.0848,0.1424,565296,14761,11
131072,1310,1,180,0.0544,0.086,0.1404,565296,14761,11
131072,1310,1,181,0.055,0.0895,0.1445,565296,14761,11
131072,1310,1,182,0.0547,0.0867,0.1414,565296,14761,11
131072,1310,1,183,0.0551,0.087,0.1421,565296,14761,11
131072,1310,1,184,0.0546,0.0872,0.1418,565296,14761,11
131072,1310,1,185,0.0579,0.0868,0.1447,565296,14761,11
131072,1310,1,186,0.0611,0.0859,0.14700000000000002,565296,14761,11
131072,1310,1,187,0.0633,0.0864,0.1497,565296,14761,11
131072,1310,1,188,0.059,0.0898,0.1488,565296,14761,11
131072,1310,1,189,0.0582,0.0856,0.14379999999999998,565296,14761,11
131072,1310,1,190,0.0601,0.0877,0.1478,565296,14761,11
131072,1310,1,191,0.0554,0.0868,0.1422,565296,14761,11
131072,1310,1,192,0.0557,0.0863,0.14200000000000002,565296,14761,11
131072,1310,1,193,0.0544,0.0866,0.141,565296,14761,11
131072,1310,1,194,0.0544,0.0856,0.13999999999999999,565296,14761,11
131072,1310,1,195,0.0574,0.0873,0.1447,565296,14761,11
131072,1310,1,196,0.0584,0.0856,0.144,565296,14761,11
131072,1310,1,197,0.098,0.1062,0.2042,565296,14761,11
131072,1310,1,198,0.0642,0.0949,0.1591,565296,14761,11
131072,1310,1,199,0.064,0.0952,0.1592,565296,14761,11
131072,1310,1,200,0.0607,0.0913,0.152,565296,14761,11
131072,1310,1,201,0.0599,0.0888,0.1487,565296,14761,11
131072,1310,1,202,0.0605,0.0884,0.1489,565296,14761,11
131072,1310,1,203,0.0609,0.0891,0.15,565296,14761,11
131072,1310,1,204,0.0589,0.0916,0.1505,565296,14761,11
131072,1310,1,205,0.0564,0.0894,0.14579999999999999,565296,14761,11
131072,1310,1,206,0.0567,0.0896,0.14629999999999999,565296,14761,11
131072,1310,1,207,0.0562,0.0975,0.1537,566136,14761,11
131072,1310,1,208,0.0612,0.0892,0.1504,565296,14761,11
131072,1310,1,209,0.0568,0.0908,0.1476,566136,14761,11
131072,1310,1,210,0.0589,0.0889,0.14780000000000001,565296,14761,11
131072,1310,1,211,0.0583,0.0875,0.14579999999999999,565296,14761,11
131072,1310,1,212,0.06,0.0958,0.1558,565296,14761,11
131072,1310,1,213,0.064,0.091,0.155,565296,14761,11
131072,1310,1,214,0.0654,0.0875,0.15289999999999998,565296,14761,11
131072,1310,1,215,0.0601,0.0875,0.1476,565296,14761,11
131072,1310,1,216,0.0609,0.0881,0.149,565296,14761,11
131072,1310,1,217,0.0619,0.0886,0.1505,565296,14761,11
131072,1310,1,218,0.0603,0.0874,0.1477,565296,14761,11
131072,1310,1,219,0.0609,0.0881,0.149,565296,14761,11
131072,1310,1,220,0.0567,0.0871,0.14379999999999998,565296,14761,11
131072,1310,1,221,0.0569,0.0931,0.15,565296,14761,11
131072,1310,1,222,0.0569,0.0903,0.1472,565296,14761,11
131072,1310,1,223,0.0562,0.0899,0.1461,565296,14761,11
131072,1310,1,224,0.0605,0.0876,0.1481,565296,14761,11
131072,1310,1,225,0.0622,0.0872,0.1494,565296,14761,11
131072,1310,1,226,0.0606,0.0874,0.14800000000000002,565296,14761,11
131072,1310,1,227,0.0581,0.0874,0.14550000000000002,565296,14761,11
131072,1310,1,228,0.0578,0.0914,0.1492,565296,14761,11
131072,1310,1,229,0.0622,0.0897,0.1519,565296,14761,11
131072,1310,1,230,0.0617,0.0914,0.15309999999999999,565296,14761,11
131072,1310,1,231,0.0596,0.0889,0.14850000000000002,565296,14761,11
131072,1310,1,232,0.0604,0.0919,0.1523,566136,14761,11
131072,1310,1,233,0.0609,0.088,0.1489,565296,14761,11
131072,1310,1,234,0.062,0.0891,0.1511,565296,14761,11
131072,1310,1,235,0.0618,0.0885,0.1503,565296,14761,11
131072,1310,1,236,0.0637,0.0905,0.1542,565296,14761,11
131072,1310,1,237,0.0609,0.0881,0.149,565296,14761,11
131072,1310,1,238,0.0595,0.0885,0.148,565296,14761,11
131072,1310,1,239,0.0583,0.0872,0.1455,565296,14761,11
131072,1310,1,240,0.0605,0.0889,0.1494,565296,14761,11
131072,1310,1,241,0.0595,0.0953,0.1548,565296,14761,11
131072,1310,1,242,0.0619,0.0885,0.15039999999999998,565296,14761,11
131072,1310,1,243,0.0618,0.0898,0.1516,565296,14761,11
131072,1310,1,244,0.0579,0.0886,0.1465,565296,14761,11
131072,1310,1,245,0.0566,0.0893,0.1459,565296,14761,11
131072,1310,1,246,0.0563,0.0918,0.1481,566136,14761,11
131072,1310,1,247,0.0578,0.0898,0.1476,565296,14761,11
131072,1310,1,248,0.0583,0.089,0.1473,565296,14761,11
131072,1310,1,249,0.0593,0.0921,0.1514,566136,14761,11
131072,1310,1,250,0.0591,0.0876,0.1467,565296,14761,11
131072,1310,1,251,0.066,0.0899,0.15589999999999998,565296,14761,11
131072,1310,1,252,0.0611,0.0883,0.1494,565296,14761,11
131072,1310,1,253,0.0638,0.0876,0.15139999999999998,565296,14761,11
131072,1310,1,254,0.0623,0.0934,0.1557,565296,14761,11
131072,1310,1,255,0.0614,0.0885,0.1499,565296,14761,11
131072,1310,2,0,0.0676,0.0919,0.15949999999999998,565296,14761,11
131072,1310,2,1,0.0626,0.0941,0.1567,565296,14761,11
131072,1310,2,2,0.0665,0.0927,0.1592,565296,14761,11
131072,1310,2,3,0.0668,0.093,0.1598,565296,14761,11
131072,1310,2,4,0.0644,0.0944,0.1588,565296,14761,11
131072,1310,2,5,0.065,0.0944,0.1594,565296,14761,11
131072,1310,2,6,0.0622,0.0993,0.1615,566136,14761,11
131072,1310,2,7,0.065,0.0952,0.1602,565296,14761,11
131072,1310,2,8,0.0642,0.0948,0.15899999999999997,565296,14761,11
131072,1310,2,9,0.0637,0.0941,0.1578,565296,14761,11
131072,1310,2,10,0.0622,0.1066,0.1688,565296,14761,11
131072,1310,2,11,0.0631,0.0933,0.15639999999999998,565296,14761,11
131072,1310,2,12,0.0632,0.0918,0.15500000000000003,565296,14761,11
131072,1310,2,13,0.0646,0.0927,0.1573,565296,14761,11
131072,1310,2,14,0.0621,0.1103,0.1724,565296,14761,11
131072,1310,2,15,0.0633,0.0921,0.15539999999999998,565296,14761,11
131072,1310,2,16,0.0624,0.0991,0.16149999999999998,565296,14761,11
131072,1310,2,17,0.0633,0.0953,0.1586,565296,14761,11
131072,1310,2,18,0.0635,0.095,0.1585,565296,14761,11
131072,1310,2,19,0.0631,0.0954,0.1585,565296,14761,11
131072,1310,2,20,0.0627,0.0974,0.16010000000000002,565296,14761,11
131072,1310,2,21,0.0626,0.096,0.15860000000000002,565296,14761,11
131072,1310,2,22,0.062,0.0948,0.1568,565296,14761,11
131072,1310,2,23,0.062,0.0924,0.15439999999999998,565296,14761,11
131072,1310,2,24,0.0663,0.095,0.1613,565296,14761,11
131072,1310,2,25,0.0669,0.0936,0.1605,565296,14761,11
131072,1310,2,26,0.0669,0.0941,0.161,565296,14761,11
131072,1310,2,27,0.0649,0.093,0.15789999999999998,565296,14761,11
131072,1310,2,28,0.067,0.0926,0.15960000000000002,565296,14761,11
131072,1310,2,29,0.0623,0.0941,0.1564,565296,14761,11
131072,1310,2,30,0.0652,0.0912,0.15639999999999998,565296,14761,11
131072,1310,2,31,0.0656,0.0954,0.161,565296,14761,11
131072,1310,2,32,0.0668,0.0936,0.1604,565296,14761,11
131072,1310,2,33,0.0652,0.0943,0.15949999999999998,565296,14761,11
131072,1310,2,34,0.0637,0.0936,0.1573,565296,14761,11
131072,1310,2,35,0.0613,0.1105,0.1718,565296,14761,11
131072,1310,2,36,0.0643,0.093,0.1573,565296,14761,11
131072,1310,2,37,0.0679,0.0939,0.1618,565296,14761,11
131072,1310,2,38,0.0665,0.0927,0.1592,565296,14761,11
131072,1310,2,39,0.0652,0.0937,0.15889999999999999,565296,14761,11
131072,1310,2,40,0.0665,0.0936,0.16010000000000002,565296,14761,11
131072,1310,2,41,0.0649,0.0933,0.1582,565296,14761,11
131072,1310,2,42,0.0617,0.0952,0.1569,565296,14761,11
131072,1310,2,43,0.0643,0.094,0.1583,565296,14761,11
131072,1310,2,44,0.0602,0.0933,0.1535,565296,14761,11
131072,1310,2,45,0.0616,0.0935,0.15510000000000002,565296,14761,11
131072,1310,2,46,0.0615,0.095,0.1565,565296,14761,11
131072,1310,2,47,0.0621,0.093,0.15510000000000002,565296,14761,11
131072,1310,2,48,0.0613,0.0947,0.156,565296,14761,11
131072,1310,2,49,0.0628,0.0937,0.1565,565296,14761,11
131072,1310,2,50,0.063,0.0953,0.1583,565296,14761,11
131072,1310,2,51,0.0617,0.1033,0.165,566136,14761,11
131072,1310,2,52,0.065,0.0961,0.16110000000000002,565296,14761,11
131072,1310,2,53,0.0621,0.094,0.15610000000000002,565296,14761,11
131072,1310,2,54,0.0639,0.0948,0.1587,565296,14761,11
131072,1310,2,55,0.0646,0.096,0.16060000000000002,565296,14761,11
131072,1310,2,56,0.0652,0.0981,0.1633,565296,14761,11
131072,1310,2,57,0.0637,0.0935,0.1572,565296,14761,11
131072,1310,2,58,0.0628,0.1233,0.1861,565296,14761,11
131072,1310,2,59,0.0677,0.1038,0.17149999999999999,565296,14761,11
131072,1310,2,60,0.071,0.0975,0.16849999999999998,565296,14761,11
131072,1310,2,61,0.0673,0.0966,0.1639,565296,14761,11
131072,1310,2,62,0.069,0.0945,0.1635,565296,14761,11
131072,1310,2,63,0.0658,0.0926,0.15839999999999999,565296,14761,11
131072,1310,2,64,0.0687,0.0926,0.1613,565296,14761,11
131072,1310,2,65,0.0691,0.0998,0.1689,566136,14761,11
131072,1310,2,66,0.0688,0.0943,0.1631,565296,14761,11
131072,1310,2,67,0.064,0.0924,0.15639999999999998,565296,14761,11
131072,1310,2,68,0.0628,0.0976,0.1604,565296,14761,11
131072,1310,2,69,0.0616,0.0983,0.1599,565296,14761,11
131072,1310,2,70,0.0617,0.098,0.1597,565296,14761,11
131072,1310,2,71,0.0651,0.0977,0.1628,565296,14761,11
131072,1310,2,72,0.0643,0.0972,0.16149999999999998,565296,14761,11
131072,1310,2,73,0.0654,0.0944,0.1598,565296,14761,11
131072,1310,2,74,0.0672,0.0984,0.1656,565296,14761,11
131072,1310,2,75,0.0658,0.0964,0.1622,565296,14761,11
131072,1310,2,76,0.0672,0.0948,0.16199999999999998,565296,14761,11
131072,1310,2,77,0.0676,0.0912,0.1588,565296,14761,11
131072,1310,2,78,0.0678,0.0942,0.162,565296,14761,11
131072,1310,2,79,0.0651,0.0944,0.1595,565296,14761,11
131072,1310,2,80,0.0635,0.0941,0.15760000000000002,565296,14761,11
131072,1310,2,81,0.0655,0.0945,0.16,565296,14761,11
131072,1310,2,82,0.0608,0.0933,0.1541,565296,14761,11
131072,1310,2,83,0.0622,0.0928,0.155,565296,14761,11
131072,1310,2,84,0.061,0.0927,0.1537,565296,14761,11
131072,1310,2,85,0.063,0.0936,0.15660000000000002,565296,14761,11
131072,1310,2,86,0.0653,0.0907,0.156,565296,14761,11
131072,1310,2,87,0.0681,0.0938,0.1619,565296,14761,11
131072,1310,2,88,0.0653,0.0916,0.15689999999999998,565296,14761,11
131072,1310,2,89,0.0664,0.091,0.15739999999999998,565296,14761,11
131072,1310,2,90,0.0645,0.091,0.1555,565296,14761,11
131072,1310,2,91,0.0664,0.0928,0.1592,565296,14761,11
131072,1310,2,92,0.0638,0.0959,0.1597,565296,14761,11
131072,1310,2,93,0.0656,0.0928,0.15839999999999999,565296,14761,11
131072,1310,2,94,0.0661,0.0969,0.163,565296,14761,11
131072,1310,2,95,0.0679,0.0964,0.1643,565296,14761,11
131072,1310,2,96,0.0608,0.0946,0.1554,565296,14761,11
131072,1310,2,97,0.0607,0.0948,0.1555,565296,14761,11
131072,1310,2,98,0.0628,0.0919,0.1547,565296,14761,11
131072,1310,2,99,0.061,0.0908,0.1518,565296,14761,11
131072,1310,2,100,0.0629,0.092,0.15489999999999998,565296,14761,11
131072,1310,2,101,0.0614,0.0936,0.155,565296,14761,11
131072,1310,2,102,0.0612,0.0917,0.1529,565296,14761,11
131072,1310,2,103,0.0609,0.0915,0.1524,565296,14761,11
131072,1310,2,104,0.0619,0.0919,0.1538,565296,14761,11
131072,1310,2,105,0.0615,0.0941,0.15560000000000002,565296,14761,11
131072,1310,2,106,0.0617,0.0932,0.1549,565296,14761,11
131072,1310,2,107,0.0613,0.0944,0.1557,565296,14761,11
131072,1310,2,108,0.0763,0.0989,0.17520000000000002,566136,14761,11
131072,1310,2,109,0.0619,0.0937,0.15560000000000002,565296,14761,11
131072,1310,2,110,0.0605,0.0923,0.1528,565296,14761,11
131072,1310,2,111,0.0633,0.092,0.1553,565296,14761,11
131072,1310,2,112,0.0616,0.0922,0.1538,565296,14761,11
131072,1310,2,113,0.0618,0.0922,0.154,565296,14761,11
131072,1310,2,114,0.0612,0.0941,0.1553,565296,14761,11
131072,1310,2,115,0.0625,0.0918,0.1543,565296,14761,11
131072,1310,2,116,0.0626,0.0945,0.15710000000000002,565296,14761,11
131072,1310,2,117,0.0602,0.093,0.1532,565296,14761,11
131072,1310,2,118,0.0664,0.0938,0.1602,565296,14761,11
131072,1310,2,119,0.0681,0.092,0.1601,565296,14761,11
131072,1310,2,120,0.0667,0.095,0.1617,565296,14761,11
131072,1310,2,121,0.066,0.1051,0.1711,565296,14761,11
131072,1310,2,122,0.0671,0.0955,0.16260000000000002,565296,14761,11
131072,1310,2,123,0.0659,0.0926,0.1585,565296,14761,11
131072,1310,2,124,0.0672,0.093,0.1602,565296,14761,11
131072,1310,2,125,0.0657,0.0926,0.1583,565296,14761,11
131072,1310,2,126,0.068,0.0931,0.16110000000000002,565296,14761,11
131072,1310,2,127,0.0676,0.0971,0.1647,565296,14761,11
131072,1310,2,128,0.0674,0.0922,0.15960000000000002,565296,14761,11
131072,1310,2,129,0.065,0.0929,0.15789999999999998,565296,14761,11
131072,1310,2,130,0.0619,0.0919,0.1538,565296,14761,11
131072,1310,2,131,0.0611,0.0915,0.1526,565296,14761,11
131072,1310,2,132,0.0597,0.0919,0.1516,565296,14761,11
131072,1310,2,133,0.0597,0.0994,0.15910000000000002,566136,14761,11
131072,1310,2,134,0.062,0.0919,0.15389999999999998,565296,14761,11
131072,1310,2,135,0.0603,0.0939,0.1542,565296,14761,11
131072,1310,2,136,0.0614,0.0911,0.1525,565296,14761,11
131072,1310,2,137,0.0629,0.0922,0.15510000000000002,565296,14761,11
131072,1310,2,138,0.0649,0.0914,0.1563,565296,14761,11
131072,1310,2,139,0.0612,0.0958,0.157,566136,14761,11
131072,1310,2,140,0.0611,0.09,0.1511,565296,14761,11
131072,1310,2,141,0.0618,0.0919,0.1537,565296,14761,11
131072,1310,2,142,0.0597,0.0921,0.1518,565296,14761,11
131072,1310,2,143,0.0608,0.0921,0.1529,565296,14761,11
131072,1310,2,144,0.061,0.0929,0.15389999999999998,565296,14761,11
131072,1310,2,145,0.0605,0.0911,0.1516,565296,14761,11
131072,1310,2,146,0.0618,0.0956,0.1574,566136,14761,11
131072,1310,2,147,0.062,0.093,0.155,565296,14761,11
131072,1310,2,148,0.0651,0.0936,0.1587,565296,14761,11
131072,1310,2,149,0.0636,0.0939,0.1575,565296,14761,11
131072,1310,2,150,0.0662,0.0995,0.16570000000000001,565296,14761,11
131072,1310,2,151,0.0614,0.0907,0.1521,565296,14761,11
131072,1310,2,152,0.0641,0.0973,0.1614,565296,14761,11
131072,1310,2,153,0.0619,0.0933,0.1552,565296,14761,11
131072,1310,2,154,0.0625,0.1044,0.1669,565296,14761,11
131072,1310,2,155,0.0608,0.0923,0.15309999999999999,565296,14761,11
131072,1310,2,156,0.0599,0.0934,0.1533,565296,14761,11
131072,1310,2,157,0.0605,0.098,0.1585,565296,14761,11
131072,1310,2,158,0.0617,0.0935,0.1552,565296,14761,11
131072,1310,2,159,0.082,0.0965,0.1785,565296,14761,11
131072,1310,2,160,0.0726,0.0919,0.16449999999999998,565296,14761,11
131072,1310,2,161,0.0627,0.092,0.1547,565296,14761,11
131072,1310,2,162,0.0611,0.0939,0.155,565296,14761,11
131072,1310,2,163,0.064,0.0928,0.1568,565296,14761,11
131072,1310,2,164,0.0626,0.0942,0.1568,565296,14761,11
131072,1310,2,165,0.0621,0.0933,0.15539999999999998,565296,14761,11
131072,1310,2,166,0.0666,0.0946,0.1612,565296,14761,11
131072,1310,2,167,0.0612,0.0942,0.1554,565296,14761,11
131072,1310,2,168,0.0606,0.0939,0.1545,565296,14761,11
131072,1310,2,169,0.061,0.0932,0.1542,565296,14761,11
131072,1310,2,170,0.0603,0.0929,0.1532,565296,14761,11
131072,1310,2,171,0.0618,0.0926,0.1544,565296,14761,11
131072,1310,2,172,0.0612,0.0937,0.1549,565296,14761,11
131072,1310,2,173,0.0628,0.0945,0.1573,565296,14761,11
131072,1310,2,174,0.0698,0.0958,0.1656,565296,14761,11
131072,1310,2,175,0.0645,0.094,0.1585,565296,14761,11
131072,1310,2,176,0.0636,0.0914,0.155,565296,14761,11
131072,1310,2,177,0.0601,0.0912,0.1513,565296,14761,11
131072,1310,2,178,0.0627,0.0933,0.156,565296,14761,11
131072,1310,2,179,0.0636,0.0932,0.1568,565296,14761,11
131072,1310,2,180,0.0608,0.0943,0.1551,565296,14761,11
131072,1310,2,181,0.0614,0.0937,0.15510000000000002,565296,14761,11
131072,1310,2,182,0.0614,0.0921,0.1535,565296,14761,11
131072,1310,2,183,0.0606,0.0938,0.15439999999999998,565296,14761,11
131072,1310,2,184,0.0602,0.0925,0.1527,565296,14761,11
131072,1310,2,185,0.062,0.0939,0.15589999999999998,565296,14761,11
131072,1310,2,186,0.0616,0.0929,0.1545,565296,14761,11
131072,1310,2,187,0.0642,0.0931,0.1573,565296,14761,11
131072,1310,2,188,0.0617,0.0916,0.1533,565296,14761,11
131072,1310,2,189,0.0627,0.0921,0.1548,565296,14761,11
131072,1310,2,190,0.061,0.0915,0.1525,565296,14761,11
131072,1310,2,191,0.0626,0.0926,0.1552,565296,14761,11
131072,1310,2,192,0.061,0.1031,0.1641,566976,14761,11
131072,1310,2,193,0.0613,0.0943,0.1556,565296,14761,11
131072,1310,2,194,0.0615,0.0941,0.15560000000000002,565296,14761,11
131072,1310,2,195,0.0619,0.0932,0.15510000000000002,565296,14761,11
131072,1310,2,196,0.0604,0.0964,0.1568,565296,14761,11
131072,1310,2,197,0.0616,0.0967,0.1583,565296,14761,11
131072,1310,2,198,0.0646,0.0946,0.1592,565296,14761,11
131072,1310,2,199,0.0611,0.0959,0.157,565296,14761,11
131072,1310,2,200,0.0649,0.0969,0.1618,565296,14761,11
131072,1310,2,201,0.0622,0.0962,0.15839999999999999,565296,14761,11
131072,1310,2,202,0.0643,0.1029,0.16720000000000002,565296,14761,11
131072,1310,2,203,0.0611,0.0987,0.1598,566136,14761,11
131072,1310,2,204,0.062,0.0941,0.15610000000000002,565296,14761,11
131072,1310,2,205,0.0613,0.0961,0.1574,565296,14761,11
131072,1310,2,206,0.0608,0.0933,0.1541,565296,14761,11
131072,1310,2,207,0.0602,0.0933,0.1535,565296,14761,11
131072,1310,2,208,0.0606,0.0924,0.153,565296,14761,11
131072,1310,2,209,0.0618,0.0938,0.1556,565296,14761,11
131072,1310,2,210,0.0615,0.0935,0.155,565296,14761,11
131072,1310,2,211,0.0617,0.0925,0.1542,565296,14761,11
131072,1310,2,212,0.0615,0.0931,0.15460000000000002,565296,14761,11
131072,1310,2,213,0.0627,0.0915,0.1542,565296,14761,11
131072,1310,2,214,0.0605,0.0919,0.15239999999999998,565296,14761,11
131072,1310,2,215,0.064,0.0916,0.15560000000000002,565296,14761,11
131072,1310,2,216,0.0613,0.0923,0.1536,565296,14761,11
131072,1310,2,217,0.0607,0.0932,0.1539,565296,14761,11
131072,1310,2,218,0.061,0.0923,0.1533,565296,14761,11
131072,1310,2,219,0.0601,0.0923,0.15239999999999998,565296,14761,11
131072,1310,2,220,0.0599,0.0927,0.1526,565296,14761,11
131072,1310,2,221,0.0603,0.0927,0.153,565296,14761,11
131072,1310,2,222,0.0609,0.0939,0.1548,565296,14761,11
131072,1310,2,223,0.0618,0.093,0.1548,565296,14761,11
131072,1310,2,224,0.0619,0.0924,0.1543,565296,14761,11
131072,1310,2,225,0.0614,0.093,0.1544,565296,14761,11
131072,1310,2,226,0.0625,0.0912,0.1537,565296,14761,11
131072,1310,2,227,0.0615,0.0953,0.1568,565296,14761,11
131072,1310,2,228,0.0649,0.095,0.1599,565296,14761,11
131072,1310,2,229,0.0605,0.0935,0.154,565296,14761,11
131072,1310,2,230,0.0604,0.0921,0.1525,565296,14761,11
131072,1310,2,231,0.0608,0.0943,0.1551,565296,14761,11
131072,1310,2,232,0.0604,0.0926,0.153,565296,14761,11
131072,1310,2,233,0.062,0.0939,0.15589999999999998,565296,14761,11
131072,1310,2,234,0.0618,0.0928,0.1546,565296,14761,11
131072,1310,2,235,0.0621,0.0923,0.15439999999999998,565296,14761,11
131072,1310,2,236,0.061,0.0943,0.1553,565296,14761,11
131072,1310,2,237,0.0636,0.0917,0.1553,565296,14761,11
131072,1310,2,238,0.0616,0.0938,0.15539999999999998,565296,14761,11
131072,1310,2,239,0.0602,0.0925,0.1527,565296,14761,11
131072,1310,2,240,0.061,0.0957,0.1567,565296,14761,11
131072,1310,2,241,0.0613,0.0927,0.154,565296,14761,11
131072,1310,2,242,0.0625,0.0924,0.15489999999999998,565296,14761,11
131072,1310,2,243,0.0628,0.0927,0.1555,565296,14761,11
131072,1310,2,244,0.0621,0.0935,0.15560000000000002,565296,14761,11
131072,1310,2,245,0.0609,0.0934,0.1543,565296,14761,11
131072,1310,2,246,0.0606,0.0921,0.1527,565296,14761,11
131072,1310,2,247,0.0653,0.093,0.1583,565296,14761,11
131072,1310,2,248,0.0623,0.0938,0.1561,565296,14761,11
131072,1310,2,249,0.0616,0.0958,0.15739999999999998,565296,14761,11
131072,1310,2,250,0.0635,0.0938,0.1573,565296,14761,11
131072,1310,2,251,0.0613,0.0932,0.1545,565296,14761,11
131072,1310,2,252,0.0637,0.0918,0.15550000000000003,565296,14761,11
131072,1310,2,253,0.0618,0.0966,0.1584,565296,14761,11
131072,1310,2,254,0.0625,0.1072,0.16970000000000002,565296,14761,11
131072,1310,2,255,0.061,0.0932,0.1542,565296,14761,11
131072,1310,3,0,0.0607,0.0989,0.1596,565296,14761,11
131072,1310,3,1,0.0596,0.0986,0.1582,565296,14761,11
131072,1310,3,2,0.0599,0.1007,0.1606,565296,14761,11
131072,1310,3,3,0.061,0.0976,0.15860000000000002,565296,14761,11
131072,1310,3,4,0.0604,0.0999,0.1603,565296,14761,11
131072,1310,3,5,0.0626,0.0984,0.161,565296,14761,11
131072,1310,3,6,0.0606,0.0989,0.1595,565296,14761,11
131072,1310,3,7,0.0601,0.0993,0.1594,566136,14761,11
131072,1310,3,8,0.0584,0.0929,0.1513,565296,14761,11
131072,1310,3,9,0.0573,0.0971,0.1544,566976,14761,11
131072,1310,3,10,0.0581,0.0912,0.1493,565296,14761,11
131072,1310,3,11,0.0576,0.0912,0.1488,565296,14761,11
131072,1310,3,12,0.0572,0.0934,0.1506,565296,14761,11
131072,1310,3,13,0.0587,0.0929,0.1516,565296,14761,11
131072,1310,3,14,0.0569,0.0937,0.1506,565296,14761,11
131072,1310,3,15,0.0625,0.0896,0.1521,565296,14761,11
131072,1310,3,16,0.0632,0.0916,0.1548,565296,14761,11
131072,1310,3,17,0.0572,0.0925,0.1497,565296,14761,11
131072,1310,3,18,0.0615,0.0912,0.1527,565296,14761,11
131072,1310,3,19,0.0623,0.0921,0.1544,565296,14761,11
131072,1310,3,20,0.061,0.0925,0.1535,565296,14761,11
131072,1310,3,21,0.0568,0.0917,0.14850000000000002,565296,14761,11
131072,1310,3,22,0.0566,0.0916,0.1482,565296,14761,11
131072,1310,3,23,0.0568,0.0934,0.1502,565296,14761,11
131072,1310,3,24,0.0604,0.091,0.1514,565296,14761,11
131072,1310,3,25,0.0601,0.0922,0.1523,565296,14761,11
131072,1310,3,26,0.0587,0.0914,0.1501,565296,14761,11
131072,1310,3,27,0.061,0.0914,0.15239999999999998,565296,14761,11
131072,1310,3,28,0.0602,0.0946,0.1548,566136,14761,11
131072,1310,3,29,0.0637,0.0913,0.15500000000000003,565296,14761,11
131072,1310,3,30,0.0617,0.1002,0.1619,565296,14761,11
131072,1310,3,31,0.0601,0.0919,0.152,565296,14761,11
131072,1310,3,32,0.0589,0.0908,0.1497,565296,14761,11
131072,1310,3,33,0.0592,0.0908,0.15000000000000002,565296,14761,11
131072,1310,3,34,0.057,0.0921,0.1491,565296,14761,11
131072,1310,3,35,0.057,0.0947,0.1517,566136,14761,11
131072,1310,3,36,0.06,0.0932,0.1532,565296,14761,11
131072,1310,3,37,0.0596,0.1025,0.1621,565296,14761,11
131072,1310,3,38,0.0586,0.0935,0.1521,565296,14761,11
131072,1310,3,39,0.0577,0.0907,0.1484,565296,14761,11
131072,1310,3,40,0.0591,0.0913,0.1504,565296,14761,11
131072,1310,3,41,0.0572,0.0917,0.1489,565296,14761,11
131072,1310,3,42,0.0606,0.0915,0.1521,565296,14761,11
131072,1310,3,43,0.0614,0.0903,0.1517,565296,14761,11
131072,1310,3,44,0.0619,0.0905,0.15239999999999998,565296,14761,11
131072,1310,3,45,0.0609,0.0927,0.15360000000000001,565296,14761,11
131072,1310,3,46,0.0612,0.0941,0.1553,566136,14761,11
131072,1310,3,47,0.0601,0.0923,0.15239999999999998,565296,14761,11
131072,1310,3,48,0.0606,0.092,0.1526,565296,14761,11
131072,1310,3,49,0.0584,0.0921,0.1505,565296,14761,11
131072,1310,3,50,0.0563,0.0913,0.1476,565296,14761,11
131072,1310,3,51,0.0559,0.0928,0.1487,565296,14761,11
131072,1310,3,52,0.0564,0.0921,0.1485,565296,14761,11
131072,1310,3,53,0.0594,0.0916,0.151,565296,14761,11
131072,1310,3,54,0.0583,0.0901,0.1484,565296,14761,11
131072,1310,3,55,0.0594,0.0914,0.1508,565296,14761,11
131072,1310,3,56,0.0574,0.0913,0.1487,565296,14761,11
131072,1310,3,57,0.0593,0.0948,0.1541,566136,14761,11
131072,1310,3,58,0.0585,0.091,0.1495,565296,14761,11
131072,1310,3,59,0.061,0.0936,0.15460000000000002,565296,14761,11
131072,1310,3,60,0.0618,0.0921,0.1539,565296,14761,11
131072,1310,3,61,0.0603,0.2426,0.3029,565296,14761,11
131072,1310,3,62,0.3051,0.1716,0.4767,565296,14761,11
131072,1310,3,63,0.0904,0.1327,0.22310000000000002,565296,14761,11
131072,1310,3,64,0.0838,0.1297,0.21350000000000002,565296,14761,11
131072,1310,3,65,0.0679,0.0991,0.16699999999999998,565296,14761,11
131072,1310,3,66,0.0663,0.099,0.1653,565296,14761,11
131072,1310,3,67,0.0677,0.0997,0.1674,565296,14761,11
131072,1310,3,68,0.0693,0.0978,0.1671,565296,14761,11
131072,1310,3,69,0.0635,0.0971,0.16060000000000002,565296,14761,11
131072,1310,3,70,0.0629,0.1,0.1629,565296,14761,11
131072,1310,3,71,0.0597,0.1194,0.1791,566136,14761,11
131072,1310,3,72,0.063,0.0986,0.1616,565296,14761,11
131072,1310,3,73,0.0611,0.0999,0.161,565296,14761,11
131072,1310,3,74,0.0616,0.0994,0.161,565296,14761,11
131072,1310,3,75,0.0594,0.1013,0.1607,565296,14761,11
131072,1310,3,76,0.0604,0.0967,0.1571,565296,14761,11
131072,1310,3,77,0.0637,0.0985,0.1622,565296,14761,11
131072,1310,3,78,0.0632,0.0974,0.16060000000000002,565296,14761,11
131072,1310,3,79,0.064,0.0972,0.1612,565296,14761,11
131072,1310,3,80,0.0625,0.0948,0.1573,565296,14761,11
131072,1310,3,81,0.0612,0.089,0.1502,565296,14761,11
131072,1310,3,82,0.0589,0.0892,0.1481,565296,14761,11
131072,1310,3,83,0.0628,0.0908,0.15360000000000001,565296,14761,11
131072,1310,3,84,0.0594,0.0897,0.1491,565296,14761,11
131072,1310,3,85,0.0596,0.0884,0.14800000000000002,565296,14761,11
131072,1310,3,86,0.0581,0.0935,0.1516,566136,14761,11
131072,1310,3,87,0.0582,0.0897,0.1479,565296,14761,11
131072,1310,3,88,0.0561,0.0908,0.1469,565296,14761,11
131072,1310,3,89,0.0569,0.0889,0.1458,565296,14761,11
131072,1310,3,90,0.059,0.0949,0.15389999999999998,565296,14761,11
131072,1310,3,91,0.0573,0.0886,0.1459,565296,14761,11
131072,1310,3,92,0.0631,0.0892,0.1523,565296,14761,11
131072,1310,3,93,0.0588,0.0893,0.1481,565296,14761,11
131072,1310,3,94,0.0619,0.0885,0.15039999999999998,565296,14761,11
131072,1310,3,95,0.0582,0.0902,0.1484,565296,14761,11
131072,1310,3,96,0.0572,0.0934,0.1506,565296,14761,11
131072,1310,3,97,0.0576,0.09,0.1476,565296,14761,11
131072,1310,3,98,0.0565,0.0908,0.14730000000000001,565296,14761,11
131072,1310,3,99,0.0568,0.0903,0.1471,565296,14761,11
131072,1310,3,100,0.0591,0.0885,0.1476,565296,14761,11
131072,1310,3,101,0.0595,0.0905,0.15,565296,14761,11
131072,1310,3,102,0.0586,0.0917,0.1503,566136,14761,11
131072,1310,3,103,0.0603,0.0898,0.1501,565296,14761,11
131072,1310,3,104,0.0571,0.09,0.1471,565296,14761,11
131072,1310,3,105,0.0599,0.09,0.1499,565296,14761,11
131072,1310,3,106,0.0629,0.0895,0.15239999999999998,565296,14761,11
131072,1310,3,107,0.0635,0.0901,0.15360000000000001,565296,14761,11
131072,1310,3,108,0.0596,0.0941,0.1537,565296,14761,11
131072,1310,3,109,0.0593,0.0949,0.1542,565296,14761,11
131072,1310,3,110,0.062,0.0939,0.15589999999999998,565296,14761,11
131072,1310,3,111,0.063,0.0907,0.1537,565296,14761,11
131072,1310,3,112,0.062,0.0906,0.1526,565296,14761,11
131072,1310,3,113,0.0603,0.0977,0.158,566136,14761,11
131072,1310,3,114,0.0608,0.0937,0.1545,565296,14761,11
131072,1310,3,115,0.0619,0.0913,0.1532,565296,14761,11
131072,1310,3,116,0.0636,0.0906,0.1542,565296,14761,11
131072,1310,3,117,0.0601,0.0905,0.1506,565296,14761,11
131072,1310,3,118,0.2623,0.2107,0.473,565296,14761,11
131072,1310,3,119,0.0939,0.1373,0.23120000000000002,565296,14761,11
131072,1310,3,120,0.0874,0.0996,0.187,565296,14761,11
131072,1310,3,121,0.0658,0.102,0.1678,565296,14761,11
131072,1310,3,122,0.0625,0.1242,0.1867,566136,14761,11
131072,1310,3,123,0.074,0.1116,0.1856,565296,14761,11
131072,1310,3,124,0.0693,0.1095,0.17880000000000001,566136,14761,11
131072,1310,3,125,0.0682,0.1055,0.1737,565296,14761,11
131072,1310,3,126,0.0634,0.1024,0.1658,565296,14761,11
131072,1310,3,127,0.0647,0.1019,0.1666,565296,14761,11
131072,1310,3,128,0.0622,0.1014,0.1636,565296,14761,11
131072,1310,3,129,0.0647,0.1001,0.1648,565296,14761,11
131072,1310,3,130,0.0655,0.0989,0.1644,565296,14761,11
131072,1310,3,131,0.0649,0.096,0.1609,565296,14761,11
131072,1310,3,132,0.0608,0.0987,0.1595,565296,14761,11
131072,1310,3,133,0.0609,0.0977,0.1586,565296,14761,11
131072,1310,3,134,0.0598,0.0989,0.1587,565296,14761,11
131072,1310,3,135,0.0659,0.1008,0.16670000000000001,565296,14761,11
131072,1310,3,136,0.0627,0.1096,0.1723,566136,14761,11
131072,1310,3,137,0.0609,0.1004,0.1613,565296,14761,11
131072,1310,3,138,0.0664,0.1032,0.1696,565296,14761,11
131072,1310,3,139,0.0643,0.1063,0.1706,565296,14761,11
131072,1310,3,140,0.0712,0.1436,0.2148,565296,14761,11
131072,1310,3,141,0.0847,0.0991,0.1838,565296,14761,11
131072,1310,3,142,0.0696,0.0958,0.1654,565296,14761,11
131072,1310,3,143,0.0642,0.096,0.1602,565296,14761,11
131072,1310,3,144,0.0608,0.0911,0.1519,565296,14761,11
131072,1310,3,145,0.0585,0.0932,0.1517,565296,14761,11
131072,1310,3,146,0.0578,0.0958,0.1536,565296,14761,11
131072,1310,3,147,0.0605,0.0953,0.1558,565296,14761,11
131072,1310,3,148,0.0598,0.0918,0.1516,565296,14761,11
131072,1310,3,149,0.0598,0.0937,0.1535,565296,14761,11
131072,1310,3,150,0.0639,0.0959,0.1598,565296,14761,11
131072,1310,3,151,0.0597,0.0945,0.1542,565296,14761,11
131072,1310,3,152,0.0608,0.0923,0.15309999999999999,565296,14761,11
131072,1310,3,153,0.0614,0.0951,0.1565,565296,14761,11
131072,1310,3,154,0.0609,0.0934,0.1543,565296,14761,11
131072,1310,3,155,0.0607,0.0921,0.1528,565296,14761,11
131072,1310,3,156,0.0596,0.0968,0.15639999999999998,566136,14761,11
131072,1310,3,157,0.066,0.0952,0.1612,566136,14761,11
131072,1310,3,158,0.0603,0.0916,0.1519,565296,14761,11
131072,1310,3,159,0.0586,0.0918,0.1504,565296,14761,11
131072,1310,3,160,0.0598,0.0921,0.1519,565296,14761,11
131072,1310,3,161,0.0591,0.092,0.1511,565296,14761,11
131072,1310,3,162,0.059,0.0944,0.15339999999999998,565296,14761,11
131072,1310,3,163,0.0619,0.0936,0.1555,565296,14761,11
131072,1310,3,164,0.0596,0.092,0.1516,565296,14761,11
131072,1310,3,165,0.0593,0.0903,0.1496,565296,14761,11
131072,1310,3,166,0.0598,0.0926,0.1524,565296,14761,11
131072,1310,3,167,0.0582,0.1047,0.1629,565296,14761,11
131072,1310,3,168,0.0618,0.0916,0.1534,565296,14761,11
131072,1310,3,169,0.0578,0.0941,0.1519,565296,14761,11
131072,1310,3,170,0.0586,0.0913,0.1499,565296,14761,11
131072,1310,3,171,0.0568,0.091,0.1478,565296,14761,11
131072,1310,3,172,0.0569,0.0924,0.1493,565296,14761,11
131072,1310,3,173,0.0567,0.0936,0.1503,565296,14761,11
131072,1310,3,174,0.057,0.0901,0.1471,565296,14761,11
131072,1310,3,175,0.0567,0.0912,0.1479,565296,14761,11
131072,1310,3,176,0.0577,0.0911,0.1488,565296,14761,11
131072,1310,3,177,0.0598,0.0903,0.1501,565296,14761,11
131072,1310,3,178,0.0573,0.0911,0.1484,565296,14761,11
131072,1310,3,179,0.0626,0.0908,0.1534,565296,14761,11
131072,1310,3,180,0.0589,0.0914,0.1503,565296,14761,11
131072,1310,3,181,0.0603,0.0905,0.1508,565296,14761,11
131072,1310,3,182,0.0578,0.0929,0.1507,565296,14761,11
131072,1310,3,183,0.0629,0.0915,0.15439999999999998,565296,14761,11
131072,1310,3,184,0.0591,0.0932,0.1523,565296,14761,11
131072,1310,3,185,0.0586,0.0919,0.1505,565296,14761,11
131072,1310,3,186,0.0576,0.092,0.1496,565296,14761,11
131072,1310,3,187,0.0587,0.0908,0.14950000000000002,565296,14761,11
131072,1310,3,188,0.0578,0.0936,0.1514,565296,14761,11
131072,1310,3,189,0.0586,0.094,0.1526,566136,14761,11
131072,1310,3,190,0.0613,0.0919,0.1532,565296,14761,11
131072,1310,3,191,0.0603,0.0918,0.1521,565296,14761,11
131072,1310,3,192,0.0605,0.0911,0.1516,565296,14761,11
131072,1310,3,193,0.0596,0.0918,0.1514,565296,14761,11
131072,1310,3,194,0.0604,0.0925,0.1529,565296,14761,11
131072,1310,3,195,0.0713,0.0919,0.1632,565296,14761,11
131072,1310,3,196,0.0583,0.094,0.1523,565296,14761,11
131072,1310,3,197,0.0574,0.0912,0.1486,565296,14761,11
131072,1310,3,198,0.0578,0.0905,0.1483,565296,14761,11
131072,1310,3,199,0.0583,0.0918,0.1501,565296,14761,11
131072,1310,3,200,0.0591,0.0905,0.1496,565296,14761,11
131072,1310,3,201,0.0577,0.0923,0.15,565296,14761,11
131072,1310,3,202,0.0583,0.0952,0.1535,565296,14761,11
131072,1310,3,203,0.0606,0.0937,0.1543,566136,14761,11
131072,1310,3,204,0.0592,0.0902,0.1494,565296,14761,11
131072,1310,3,205,0.0596,0.09,0.1496,565296,14761,11
131072,1310,3,206,0.0585,0.0912,0.1497,565296,14761,11
131072,1310,3,207,0.0592,0.0929,0.1521,566136,14761,11
131072,1310,3,208,0.0581,0.0924,0.1505,565296,14761,11
131072,1310,3,209,0.0587,0.0951,0.1538,566976,14761,11
131072,1310,3,210,0.0621,0.0915,0.15360000000000001,565296,14761,11
131072,1310,3,211,0.0597,0.0933,0.153,565296,14761,11
131072,1310,3,212,0.0591,0.0924,0.1515,565296,14761,11
131072,1310,3,213,0.0579,0.0918,0.1497,565296,14761,11
131072,1310,3,214,0.0597,0.091,0.1507,565296,14761,11
131072,1310,3,215,0.0597,0.0904,0.1501,565296,14761,11
131072,1310,3,216,0.0589,0.0908,0.1497,565296,14761,11
131072,1310,3,217,0.0588,0.09,0.1488,565296,14761,11
131072,1310,3,218,0.0594,0.0909,0.1503,565296,14761,11
131072,1310,3,219,0.0586,0.0924,0.151,565296,14761,11
131072,1310,3,220,0.0583,0.0911,0.1494,565296,14761,11
131072,1310,3,221,0.058,0.0933,0.1513,565296,14761,11
131072,1310,3,222,0.0594,0.0938,0.1532,565296,14761,11
131072,1310,3,223,0.0598,0.0928,0.15259999999999999,565296,14761,11
131072,1310,3,224,0.0595,0.0901,0.1496,565296,14761,11
131072,1310,3,225,0.059,0.0919,0.15089999999999998,565296,14761,11
131072,1310,3,226,0.0593,0.0904,0.1497,565296,14761,11
131072,1310,3,227,0.0619,0.0929,0.1548,565296,14761,11
131072,1310,3,228,0.059,0.0907,0.1497,565296,14761,11
131072,1310,3,229,0.0604,0.09,0.1504,565296,14761,11
131072,1310,3,230,0.0593,0.0908,0.1501,565296,14761,11
131072,1310,3,231,0.0599,0.0897,0.1496,565296,14761,11
131072,1310,3,232,0.0586,0.0908,0.1494,565296,14761,11
131072,1310,3,233,0.0583,0.0906,0.1489,565296,14761,11
131072,1310,3,234,0.0589,0.0904,0.1493,565296,14761,11
131072,1310,3,235,0.0581,0.0908,0.1489,565296,14761,11
131072,1310,3,236,0.0586,0.0918,0.1504,565296,14761,11
131072,1310,3,237,0.058,0.0969,0.1549,567816,14761,11
131072,1310,3,238,0.06,0.0966,0.15660000000000002,565296,14761,11
131072,1310,3,239,0.0585,0.0892,0.1477,565296,14761,11
131072,1310,3,240,0.0607,0.0901,0.1508,565296,14761,11
131072,1310,3,241,0.059,0.0899,0.14889999999999998,565296,14761,11
131072,1310,3,242,0.0602,0.0894,0.14959999999999998,565296,14761,11
131072,1310,3,243,0.0588,0.0904,0.1492,565296,14761,11
131072,1310,3,244,0.0582,0.0923,0.1505,565296,14761,11
131072,1310,3,245,0.0574,0.0921,0.1495,565296,14761,11
131072,1310,3,246,0.059,0.0908,0.1498,565296,14761,11
131072,1310,3,247,0.0576,0.0917,0.1493,565296,14761,11
131072,1310,3,248,0.0593,0.0938,0.15309999999999999,566136,14761,11
131072,1310,3,249,0.0765,0.0936,0.1701,565296,14761,11
131072,1310,3,250,0.0583,0.0955,0.1538,565296,14761,11
131072,1310,3,251,0.0611,0.0909,0.152,565296,14761,11
131072,1310,3,252,0.0587,0.0905,0.1492,565296,14761,11
131072,1310,3,253,0.0608,0.0938,0.1546,566136,14761,11
131072,1310,3,254,0.06,0.0902,0.1502,565296,14761,11
131072,1310,3,255,0.0581,0.0919,0.15,565296,14761,11
131072,131072,1,0,11.1782,13.5308,24.709,56502584,1475181,1024
131072,131072,1,1,11.6832,15.3981,27.0813,56497544,1475181,1024
131072,131072,1,2,10.9721,26.1016,37.0737,56495024,1475181,1024
131072,131072,1,3,17.1448,13.9958,31.1406,56494184,1475181,1024
131072,131072,1,4,11.4961,12.6724,24.1685,56495864,1475181,1024
131072,131072,1,5,11.2698,13.2669,24.5367,56495864,1475181,1024
131072,131072,1,6,10.7405,12.7891,23.529600000000002,56494184,1475181,1024
131072,131072,1,7,11.6348,14.0837,25.7185,56496704,1475181,1024
131072,131072,1,8,11.6391,14.3954,26.0345,56500064,1475181,1024
131072,131072,1,9,12.3604,24.6293,36.9897,56497544,1475181,1024
131072,131072,1,10,20.2451,17.8718,38.1169,56500064,1475181,1024
131072,131072,1,11,11.7157,11.9393,23.655,56498384,1475181,1024
131072,131072,1,12,11.546,12.0294,23.575400000000002,56495864,1475181,1024
131072,131072,1,13,11.4429,12.7312,24.1741,56500064,1475181,1024
131072,131072,1,14,11.4977,12.7929,24.290599999999998,56498384,1475181,1024
131072,131072,1,15,11.0058,12.7268,23.7326,56498384,1475181,1024
131072,131072,1,16,10.6205,12.9365,23.557000000000002,56495864,1475181,1024
131072,131072,1,17,21.5132,18.5144,40.0276,56495864,1475181,1024
131072,131072,1,18,12.4877,11.766,24.253700000000002,56495024,1475181,1024
131072,131072,1,19,10.8809,11.8083,22.6892,56498384,1475181,1024
131072,131072,1,20,11.0091,12.2028,23.2119,56497544,1475181,1024
131072,131072,1,21,10.8547,12.0993,22.954,56494184,1475181,1024
131072,131072,1,22,11.7943,13.6124,25.4067,56492504,1475181,1024
131072,131072,1,23,11.1803,15.0804,26.2607,56503424,1475181,1024
131072,131072,1,24,23.9657,19.8723,43.837999999999994,56499224,1475181,1024
131072,131072,1,25,16.9809,13.6457,30.626599999999996,56497544,1475181,1024
131072,131072,1,26,11.7634,12.7284,24.4918,56495024,1475181,1024
131072,131072,1,27,11.4019,13.061,24.462899999999998,56495864,1475181,1024
131072,131072,1,28,10.5384,13.248,23.7864,56496704,1475181,1024
131072,131072,1,29,10.918,13.0444,23.9624,56495024,1475181,1024
131072,131072,1,30,11.018,13.6984,24.7164,56494184,1475181,1024
131072,131072,1,31,11.6336,27.4459,39.0795,56505104,1475181,1024
131072,131072,2,0,8.9134,13.2069,22.1203,56499224,1475181,1024
131072,131072,2,1,8.5557,13.5029,22.0586,56495864,1475181,1024
131072,131072,2,2,16.9117,18.684,35.5957,56495024,1475181,1024
131072,131072,2,3,9.4042,12.2313,21.6355,56495864,1475181,1024
131072,131072,2,4,8.9576,12.2184,21.176000000000002,56499224,1475181,1024
131072,131072,2,5,11.9108,13.2462,25.157,56498384,1475181,1024
131072,131072,2,6,8.6759,13.1039,21.7798,56493344,1475181,1024
131072,131072,2,7,8.6876,13.5517,22.2393,56495864,1475181,1024
131072,131072,2,8,8.5663,14.0464,22.6127,56496704,1475181,1024
131072,131072,2,9,17.1566,19.6667,36.8233,56498384,1475181,1024
131072,131072,2,10,9.69,12.2981,21.9881,56493344,1475181,1024
131072,131072,2,11,9.578,12.4514,22.0294,56505104,1475181,1024
131072,131072,2,12,8.9563,12.9974,21.9537,56495864,1475181,1024
131072,131072,2,13,8.2129,13.5412,21.7541,56497544,1475181,1024
131072,131072,2,14,9.2804,13.3834,22.663800000000002,56495024,1475181,1024
131072,131072,2,15,8.8814,15.1325,24.0139,56499224,1475181,1024
131072,131072,2,16,9.3572,32.7755,42.1327,56497544,1475181,1024
131072,131072,2,17,12.6734,14.4703,27.143700000000003,56495864,1475181,1024
131072,131072,2,18,8.7358,13.7236,22.4594,56494184,1475181,1024
131072,131072,2,19,8.4168,13.2986,21.715400000000002,56497544,1475181,1024
131072,131072,2,20,8.9103,12.6796,21.5899,56495024,1475181,1024
131072,131072,2,21,8.5084,14.9346,23.442999999999998,56503424,1475181,1024
131072,131072,2,22,8.5714,13.1518,21.7232,56496704,1475181,1024
131072,131072,2,23,18.0657,19.0222,37.087900000000005,56494184,1475181,1024
131072,131072,2,24,10.0013,13.6472,23.6485,56500064,1475181,1024
131072,131072,2,25,10.4185,12.4004,22.8189,56496704,1475181,1024
131072,131072,2,26,9.7732,13.0337,22.8069,56495024,1475181,1024
131072,131072,2,27,8.8143,13.1171,21.9314,56500064,1475181,1024
131072,131072,2,28,9.3781,13.4082,22.7863,56499224,1475181,1024
131072,131072,2,29,9.6677,14.0523,23.72,56493344,1475181,1024
131072,131072,2,30,19.5422,19.3476,38.8898,56505944,1475181,1024
131072,131072,2,31,10.1592,12.3511,22.5103,56495024,1475181,1024
131072,131072,3,0,13.6419,12.7524,26.3943,56497544,1475181,1024
131072,131072,3,1,13.2505,14.1276,27.3781,56498384,1475181,1024
131072,131072,3,2,15.2245,14.4027,29.627200000000002,56499224,1475181,1024
131072,131072,3,3,14.6126,25.7023,40.3149,56494184,1475181,1024
131072,131072,3,4,21.8984,20.7562,42.6546,56494184,1475181,1024
131072,131072,3,5,18.6212,17.7757,36.3969,56495024,1475181,1024
131072,131072,3,6,18.6623,17.8557,36.518,56500904,1475181,1024
131072,131072,3,7,14.3365,11.7842,26.1207,56493344,1475181,1024
131072,131072,3,8,12.9544,12.312,25.266399999999997,56494184,1475181,1024
131072,131072,3,9,13.0185,13.7281,26.7466,56500904,1475181,1024
131072,131072,3,10,14.3236,24.8451,39.1687,56498384,1475181,1024
131072,131072,3,11,26.843,18.5723,45.4153,56499224,1475181,1024
131072,131072,3,12,13.424,13.3288,26.7528,56492504,1475181,1024
131072,131072,3,13,12.6861,13.3873,26.0734,56493344,1475181,1024
131072,131072,3,14,13.4599,13.6484,27.1083,56495024,1475181,1024
131072,131072,3,15,13.6211,13.4686,27.0897,56499224,1475181,1024
131072,131072,3,16,13.258,13.7438,27.0018,56494184,1475181,1024
131072,131072,3,17,13.2039,31.3924,44.5963,56499224,1475181,1024
131072,131072,3,18,19.9078,13.6554,33.5632,56498384,1475181,1024
131072,131072,3,19,13.5004,12.1201,25.6205,56495864,1475181,1024
131072,131072,3,20,17.3352,13.2663,30.6015,56499224,1475181,1024
131072,131072,3,21,13.0056,13.649,26.6546,56495864,1475181,1024
131072,131072,3,22,13.0427,13.5786,26.621299999999998,56496704,1475181,1024
131072,131072,3,23,12.725,27.7084,40.4334,56494184,1475181,1024
131072,131072,3,24,21.6329,15.9318,37.5647,56496704,1475181,1024
131072,131072,3,25,13.1672,13.3846,26.5518,56493344,1475181,1024
131072,131072,3,26,12.4781,13.2816,25.7597,56495864,1475181,1024
131072,131072,3,27,13.899,13.1222,27.0212,56496704,1475181,1024
131072,131072,3,28,14.0118,13.7584,27.7702,56496704,1475181,1024
131072,131072,3,29,15.2491,14.3525,29.601599999999998,56499224,1475181,1024
131072,131072,3,30,34.9183,21.1866,56.1049,56495864,1475181,1024
131072,131072,3,31,14.9307,12.0589,26.9896,56497544,1475181,1024
