backend,solver,count,hz,iterations,run,sample,step_wall_ms,submit_cpu_ms,drive_wall_ms,fetch_ms
physx_gpu,tgs,10000,20,4,1,0,3.927,0.0032,0.0771,3.8468
physx_gpu,tgs,10000,20,4,1,1,3.8075,0.0026,0.0779,3.7269
physx_gpu,tgs,10000,20,4,1,2,3.9277,0.0026,0.0817,3.8434
physx_gpu,tgs,10000,20,4,1,3,3.8912,0.0025,0.0817,3.8071
physx_gpu,tgs,10000,20,4,1,4,3.8985,0.0025,0.0853,3.8107
physx_gpu,tgs,10000,20,4,1,5,3.9371,0.0028,0.0874,3.8469
physx_gpu,tgs,10000,20,4,1,6,3.805,0.0028,0.0781,3.7242
physx_gpu,tgs,10000,20,4,1,7,3.8467,0.0025,0.0867,3.7575
physx_gpu,tgs,10000,20,4,1,8,3.9819,0.0031,0.0638,3.9149
physx_gpu,tgs,10000,20,4,1,9,3.8871,0.0026,0.0875,3.7971
physx_gpu,tgs,10000,20,4,1,10,3.9454,0.003,0.0926,3.8498
physx_gpu,tgs,10000,20,4,1,11,3.8431,0.0028,0.0674,3.7728
physx_gpu,tgs,10000,20,4,1,12,3.8631,0.0026,0.0861,3.7743
physx_gpu,tgs,10000,20,4,1,13,3.6907,0.0026,0.096,3.5921
physx_gpu,tgs,10000,20,4,1,14,3.641,0.0024,0.0695,3.5691
physx_gpu,tgs,10000,20,4,1,15,3.5639,0.0028,0.051,3.51
physx_gpu,tgs,10000,20,4,1,16,3.6972,0.0031,0.0802,3.6137
physx_gpu,tgs,10000,20,4,1,17,3.7409,0.0202,0.0765,3.644
physx_gpu,tgs,10000,20,4,1,18,3.7341,0.0026,0.0747,3.6567
physx_gpu,tgs,10000,20,4,1,19,3.6426,0.0025,0.0763,3.5637
physx_gpu,tgs,10000,20,4,1,20,3.5673,0.0024,0.0844,3.4804
physx_gpu,tgs,10000,20,4,1,21,3.812,0.0027,0.0768,3.7324
physx_gpu,tgs,10000,20,4,1,22,3.742,0.0024,0.0835,3.6561
physx_gpu,tgs,10000,20,4,1,23,3.5921,0.0027,0.0864,3.503
physx_gpu,tgs,10000,20,4,1,24,3.7579,0.0031,0.0712,3.6836
physx_gpu,tgs,10000,20,4,1,25,3.6796,0.0028,0.074,3.6027
physx_gpu,tgs,10000,20,4,1,26,3.6666,0.0024,0.075,3.589
physx_gpu,tgs,10000,20,4,1,27,3.6757,0.02,0.067,3.5887
physx_gpu,tgs,10000,20,4,1,28,3.5869,0.0028,0.0823,3.5016
physx_gpu,tgs,10000,20,4,1,29,3.6516,0.0028,0.074,3.5748
physx_gpu,tgs,10000,20,4,1,30,3.6826,0.0205,0.0768,3.5853
physx_gpu,tgs,10000,20,4,1,31,3.5851,0.0202,0.0662,3.4987
physx_gpu,tgs,10000,20,4,1,32,3.653,0.0032,0.0832,3.5665
physx_gpu,tgs,10000,20,4,1,33,3.7361,0.0203,0.0665,3.6492
physx_gpu,tgs,10000,20,4,1,34,3.5864,0.003,0.0882,3.4952
physx_gpu,tgs,10000,20,4,1,35,3.5239,0.0029,0.0644,3.4565
physx_gpu,tgs,10000,20,4,1,36,3.7378,0.003,0.0736,3.6611
physx_gpu,tgs,10000,20,4,1,37,3.6484,0.0198,0.0671,3.5615
physx_gpu,tgs,10000,20,4,1,38,3.68,0.0196,0.0742,3.5861
physx_gpu,tgs,10000,20,4,1,39,3.6276,0.0029,0.07,3.5546
physx_gpu,tgs,10000,20,4,2,0,3.5476,0.0033,0.0829,3.4614
physx_gpu,tgs,10000,20,4,2,1,3.5141,0.0025,0.0724,3.4393
physx_gpu,tgs,10000,20,4,2,2,3.4777,0.0203,0.0668,3.3905
physx_gpu,tgs,10000,20,4,2,3,3.569,0.0197,0.0669,3.4823
physx_gpu,tgs,10000,20,4,2,4,3.5568,0.0026,0.0755,3.4788
physx_gpu,tgs,10000,20,4,2,5,3.437,0.0025,0.075,3.3595
physx_gpu,tgs,10000,20,4,2,6,3.531,0.0025,0.0675,3.4609
physx_gpu,tgs,10000,20,4,2,7,3.5119,0.0025,0.0802,3.4293
physx_gpu,tgs,10000,20,4,2,8,3.736,0.0031,0.0875,3.6454
physx_gpu,tgs,10000,20,4,2,9,3.4608,0.0026,0.0845,3.3736
physx_gpu,tgs,10000,20,4,2,10,3.4659,0.003,0.0656,3.3973
physx_gpu,tgs,10000,20,4,2,11,3.5005,0.0029,0.074,3.4235
physx_gpu,tgs,10000,20,4,2,12,3.4367,0.003,0.0702,3.3635
physx_gpu,tgs,10000,20,4,2,13,3.5585,0.0026,0.0757,3.4802
physx_gpu,tgs,10000,20,4,2,14,3.4724,0.0036,0.0775,3.3912
physx_gpu,tgs,10000,20,4,2,15,3.5434,0.0027,0.0736,3.467
physx_gpu,tgs,10000,20,4,2,16,3.616,0.0032,0.0826,3.5302
physx_gpu,tgs,10000,20,4,2,17,3.4761,0.0024,0.0747,3.399
physx_gpu,tgs,10000,20,4,2,18,3.5048,0.0027,0.0672,3.4349
physx_gpu,tgs,10000,20,4,2,19,3.5902,0.0027,0.0887,3.4988
physx_gpu,tgs,10000,20,4,2,20,3.5512,0.0025,0.0772,3.4715
physx_gpu,tgs,10000,20,4,2,21,3.4787,0.0025,0.0715,3.4047
physx_gpu,tgs,10000,20,4,2,22,3.5629,0.02,0.0763,3.4667
physx_gpu,tgs,10000,20,4,2,23,3.7451,0.0025,0.0716,3.671
physx_gpu,tgs,10000,20,4,2,24,3.6366,0.0032,0.081,3.5524
physx_gpu,tgs,10000,20,4,2,25,3.6894,0.0025,0.0761,3.6108
physx_gpu,tgs,10000,20,4,2,26,3.6321,0.003,0.0852,3.5438
physx_gpu,tgs,10000,20,4,2,27,3.5863,0.0028,0.0697,3.5139
physx_gpu,tgs,10000,20,4,2,28,3.5064,0.0025,0.0709,3.433
physx_gpu,tgs,10000,20,4,2,29,3.4987,0.0027,0.0829,3.4131
physx_gpu,tgs,10000,20,4,2,30,3.561,0.0198,0.0663,3.4749
physx_gpu,tgs,10000,20,4,2,31,3.4917,0.0025,0.0732,3.4159
physx_gpu,tgs,10000,20,4,2,32,3.561,0.0031,0.0712,3.4866
physx_gpu,tgs,10000,20,4,2,33,3.5747,0.0025,0.0752,3.497
physx_gpu,tgs,10000,20,4,2,34,3.4664,0.0029,0.0758,3.3878
physx_gpu,tgs,10000,20,4,2,35,3.4482,0.0027,0.0732,3.3722
physx_gpu,tgs,10000,20,4,2,36,3.4135,0.0025,0.0848,3.3261
physx_gpu,tgs,10000,20,4,2,37,3.4441,0.0026,0.0729,3.3687
physx_gpu,tgs,10000,20,4,2,38,3.2879,0.0028,0.075,3.2101
physx_gpu,tgs,10000,20,4,2,39,3.4613,0.0032,0.1026,3.3555
physx_gpu,tgs,10000,20,4,3,0,3.5177,0.0033,0.0765,3.4379
physx_gpu,tgs,10000,20,4,3,1,3.5452,0.0029,0.0716,3.4706
physx_gpu,tgs,10000,20,4,3,2,3.494,0.0026,0.0743,3.417
physx_gpu,tgs,10000,20,4,3,3,3.6261,0.0026,0.0736,3.5499
physx_gpu,tgs,10000,20,4,3,4,3.5775,0.0028,0.0782,3.4965
physx_gpu,tgs,10000,20,4,3,5,3.5574,0.0027,0.0773,3.4775
physx_gpu,tgs,10000,20,4,3,6,3.5454,0.0025,0.0855,3.4574
physx_gpu,tgs,10000,20,4,3,7,3.6091,0.0206,0.0706,3.5179
physx_gpu,tgs,10000,20,4,3,8,3.5665,0.0031,0.0916,3.4717
physx_gpu,tgs,10000,20,4,3,9,3.5121,0.0029,0.0707,3.4385
physx_gpu,tgs,10000,20,4,3,10,3.5262,0.0028,0.075,3.4483
physx_gpu,tgs,10000,20,4,3,11,3.5457,0.0028,0.0789,3.4641
physx_gpu,tgs,10000,20,4,3,12,3.5455,0.0204,0.0685,3.4566
physx_gpu,tgs,10000,20,4,3,13,3.5501,0.0026,0.0756,3.472
physx_gpu,tgs,10000,20,4,3,14,3.5238,0.0198,0.066,3.4381
physx_gpu,tgs,10000,20,4,3,15,3.6049,0.0025,0.0751,3.5272
physx_gpu,tgs,10000,20,4,3,16,3.7193,0.0047,0.0842,3.6304
physx_gpu,tgs,10000,20,4,3,17,3.5556,0.0027,0.0753,3.4776
physx_gpu,tgs,10000,20,4,3,18,3.6075,0.0027,0.0837,3.5211
physx_gpu,tgs,10000,20,4,3,19,3.4589,0.0029,0.073,3.383
physx_gpu,tgs,10000,20,4,3,20,3.6029,0.0026,0.0754,3.5248
physx_gpu,tgs,10000,20,4,3,21,3.5859,0.003,0.0678,3.515
physx_gpu,tgs,10000,20,4,3,22,3.5387,0.0026,0.0753,3.4609
physx_gpu,tgs,10000,20,4,3,23,3.6096,0.0027,0.0731,3.5337
physx_gpu,tgs,10000,20,4,3,24,3.6519,0.0032,0.0792,3.5693
physx_gpu,tgs,10000,20,4,3,25,3.628,0.0027,0.0799,3.5453
physx_gpu,tgs,10000,20,4,3,26,3.613,0.0197,0.0665,3.5267
physx_gpu,tgs,10000,20,4,3,27,3.4918,0.0025,0.0763,3.4129
physx_gpu,tgs,10000,20,4,3,28,3.526,0.0025,0.0852,3.4383
physx_gpu,tgs,10000,20,4,3,29,3.5095,0.0198,0.0702,3.4194
physx_gpu,tgs,10000,20,4,3,30,3.4678,0.0026,0.0753,3.3899
physx_gpu,tgs,10000,20,4,3,31,3.5099,0.0202,0.0665,3.4232
physx_gpu,tgs,10000,20,4,3,32,3.5347,0.0032,0.0803,3.4512
physx_gpu,tgs,10000,20,4,3,33,3.6647,0.0026,0.0705,3.5916
physx_gpu,tgs,10000,20,4,3,34,3.4002,0.0027,0.0701,3.3274
physx_gpu,tgs,10000,20,4,3,35,3.4316,0.003,0.0856,3.343
physx_gpu,tgs,10000,20,4,3,36,3.5783,0.0199,0.0662,3.4923
physx_gpu,tgs,10000,20,4,3,37,3.5046,0.0031,0.078,3.4235
physx_gpu,tgs,10000,20,4,3,38,3.4433,0.0027,0.0844,3.3561
physx_gpu,tgs,10000,20,4,3,39,3.427,0.0024,0.0751,3.3494
physx_gpu,tgs,10000,30,4,1,0,3.631,0.0032,0.0847,3.543
physx_gpu,tgs,10000,30,4,1,1,3.6592,0.003,0.0878,3.5685
physx_gpu,tgs,10000,30,4,1,2,3.6221,0.0027,0.0743,3.5451
physx_gpu,tgs,10000,30,4,1,3,3.5488,0.0204,0.0768,3.4517
physx_gpu,tgs,10000,30,4,1,4,3.6047,0.0199,0.0667,3.5181
physx_gpu,tgs,10000,30,4,1,5,3.4859,0.0025,0.0758,3.4077
physx_gpu,tgs,10000,30,4,1,6,3.5785,0.0196,0.0663,3.4926
physx_gpu,tgs,10000,30,4,1,7,3.5747,0.0025,0.0756,3.4966
physx_gpu,tgs,10000,30,4,1,8,3.6607,0.0032,0.0877,3.5698
physx_gpu,tgs,10000,30,4,1,9,3.5701,0.0025,0.0713,3.4962
physx_gpu,tgs,10000,30,4,1,10,3.5715,0.02,0.0763,3.4751
physx_gpu,tgs,10000,30,4,1,11,3.5641,0.0025,0.0746,3.487
physx_gpu,tgs,10000,30,4,1,12,3.657,0.0025,0.0849,3.5696
physx_gpu,tgs,10000,30,4,1,13,3.4845,0.0028,0.0849,3.3967
physx_gpu,tgs,10000,30,4,1,14,3.4943,0.0027,0.0727,3.4189
physx_gpu,tgs,10000,30,4,1,15,3.6778,0.0024,0.0748,3.6005
physx_gpu,tgs,10000,30,4,1,16,3.6164,0.0029,0.0778,3.5357
physx_gpu,tgs,10000,30,4,1,17,3.5615,0.0025,0.0843,3.4747
physx_gpu,tgs,10000,30,4,1,18,3.6246,0.0026,0.0756,3.5463
physx_gpu,tgs,10000,30,4,1,19,3.6251,0.0037,0.0654,3.5561
physx_gpu,tgs,10000,30,4,1,20,3.4935,0.0029,0.0568,3.4338
physx_gpu,tgs,10000,30,4,1,21,3.542,0.003,0.0769,3.462
physx_gpu,tgs,10000,30,4,1,22,3.5371,0.0029,0.0721,3.4621
physx_gpu,tgs,10000,30,4,1,23,3.5295,0.0026,0.0728,3.4541
physx_gpu,tgs,10000,30,4,1,24,3.6096,0.0032,0.0709,3.5355
physx_gpu,tgs,10000,30,4,1,25,3.5158,0.0206,0.067,3.4282
physx_gpu,tgs,10000,30,4,1,26,3.5219,0.0197,0.066,3.4362
physx_gpu,tgs,10000,30,4,1,27,3.4301,0.0024,0.0719,3.3557
physx_gpu,tgs,10000,30,4,1,28,3.4898,0.0025,0.0753,3.412
physx_gpu,tgs,10000,30,4,1,29,3.5366,0.0026,0.077,3.4569
physx_gpu,tgs,10000,30,4,1,30,3.4668,0.0206,0.0774,3.3688
physx_gpu,tgs,10000,30,4,1,31,3.5115,0.0027,0.0743,3.4345
physx_gpu,tgs,10000,30,4,1,32,3.5256,0.003,0.0733,3.4493
physx_gpu,tgs,10000,30,4,1,33,3.6866,0.0199,0.0672,3.5996
physx_gpu,tgs,10000,30,4,1,34,3.5273,0.0025,0.0773,3.4476
physx_gpu,tgs,10000,30,4,1,35,3.5576,0.0202,0.0666,3.4708
physx_gpu,tgs,10000,30,4,1,36,3.4795,0.0024,0.0755,3.4016
physx_gpu,tgs,10000,30,4,1,37,3.3915,0.0198,0.0659,3.3058
physx_gpu,tgs,10000,30,4,1,38,3.415,0.0197,0.0665,3.3289
physx_gpu,tgs,10000,30,4,1,39,3.4559,0.0026,0.0678,3.3854
physx_gpu,tgs,10000,30,4,2,0,3.5255,0.0029,0.0984,3.4241
physx_gpu,tgs,10000,30,4,2,1,3.5218,0.0027,0.0729,3.4462
physx_gpu,tgs,10000,30,4,2,2,3.4816,0.0197,0.0669,3.3949
physx_gpu,tgs,10000,30,4,2,3,3.53,0.0198,0.0764,3.4336
physx_gpu,tgs,10000,30,4,2,4,3.5094,0.0025,0.0753,3.4315
physx_gpu,tgs,10000,30,4,2,5,3.5299,0.0198,0.0662,3.4438
physx_gpu,tgs,10000,30,4,2,6,3.569,0.0202,0.0766,3.4722
physx_gpu,tgs,10000,30,4,2,7,3.4574,0.0201,0.067,3.3702
physx_gpu,tgs,10000,30,4,2,8,3.6172,0.0031,0.0936,3.5204
physx_gpu,tgs,10000,30,4,2,9,3.6608,0.0058,0.0719,3.5831
physx_gpu,tgs,10000,30,4,2,10,3.6231,0.0027,0.0722,3.5482
physx_gpu,tgs,10000,30,4,2,11,3.5656,0.0027,0.073,3.4899
physx_gpu,tgs,10000,30,4,2,12,3.5968,0.0197,0.0746,3.5024
physx_gpu,tgs,10000,30,4,2,13,3.5899,0.0028,0.0827,3.5044
physx_gpu,tgs,10000,30,4,2,14,3.6638,0.0199,0.066,3.5779
physx_gpu,tgs,10000,30,4,2,15,3.4552,0.0027,0.0695,3.3831
physx_gpu,tgs,10000,30,4,2,16,3.56,0.0032,0.0806,3.4762
physx_gpu,tgs,10000,30,4,2,17,3.5481,0.0025,0.0786,3.4671
physx_gpu,tgs,10000,30,4,2,18,3.5284,0.0198,0.077,3.4315
physx_gpu,tgs,10000,30,4,2,19,3.5621,0.02,0.0673,3.4746
physx_gpu,tgs,10000,30,4,2,20,3.5861,0.0026,0.0731,3.5104
physx_gpu,tgs,10000,30,4,2,21,3.5027,0.0025,0.0714,3.4287
physx_gpu,tgs,10000,30,4,2,22,3.5808,0.0196,0.0666,3.4945
physx_gpu,tgs,10000,30,4,2,23,3.523,0.0025,0.0769,3.4436
physx_gpu,tgs,10000,30,4,2,24,3.6035,0.0031,0.0818,3.5186
physx_gpu,tgs,10000,30,4,2,25,3.4908,0.0028,0.0782,3.4098
physx_gpu,tgs,10000,30,4,2,26,3.4995,0.0026,0.0749,3.422
physx_gpu,tgs,10000,30,4,2,27,3.4978,0.0026,0.0719,3.4233
physx_gpu,tgs,10000,30,4,2,28,3.5172,0.0027,0.0766,3.438
physx_gpu,tgs,10000,30,4,2,29,3.4915,0.0027,0.0785,3.4104
physx_gpu,tgs,10000,30,4,2,30,3.4151,0.0027,0.0759,3.3364
physx_gpu,tgs,10000,30,4,2,31,3.4422,0.0029,0.075,3.3643
physx_gpu,tgs,10000,30,4,2,32,3.6643,0.0032,0.0973,3.5637
physx_gpu,tgs,10000,30,4,2,33,3.7305,0.0027,0.0669,3.6607
physx_gpu,tgs,10000,30,4,2,34,3.5394,0.0207,0.0667,3.4521
physx_gpu,tgs,10000,30,4,2,35,3.5418,0.0024,0.0794,3.4599
physx_gpu,tgs,10000,30,4,2,36,3.4572,0.0026,0.075,3.3797
physx_gpu,tgs,10000,30,4,2,37,3.6182,0.0025,0.0714,3.5443
physx_gpu,tgs,10000,30,4,2,38,3.5691,0.0028,0.0849,3.4814
physx_gpu,tgs,10000,30,4,2,39,3.4234,0.0028,0.0673,3.3532
physx_gpu,tgs,10000,30,4,3,0,3.5821,0.003,0.0923,3.4868
physx_gpu,tgs,10000,30,4,3,1,3.5449,0.0026,0.0753,3.467
physx_gpu,tgs,10000,30,4,3,2,3.5504,0.0024,0.0754,3.4725
physx_gpu,tgs,10000,30,4,3,3,3.5009,0.0025,0.0729,3.4256
physx_gpu,tgs,10000,30,4,3,4,3.5123,0.0026,0.0708,3.4389
physx_gpu,tgs,10000,30,4,3,5,3.4864,0.0026,0.0744,3.4094
physx_gpu,tgs,10000,30,4,3,6,3.5916,0.0199,0.0765,3.4952
physx_gpu,tgs,10000,30,4,3,7,3.5219,0.0031,0.0789,3.44
physx_gpu,tgs,10000,30,4,3,8,3.7081,0.0027,0.0834,3.622
physx_gpu,tgs,10000,30,4,3,9,3.442,0.0028,0.0715,3.3677
physx_gpu,tgs,10000,30,4,3,10,3.4896,0.0026,0.0759,3.411
physx_gpu,tgs,10000,30,4,3,11,3.5185,0.02,0.0765,3.4219
physx_gpu,tgs,10000,30,4,3,12,3.5395,0.02,0.0674,3.4521
physx_gpu,tgs,10000,30,4,3,13,3.5056,0.0026,0.0784,3.4246
physx_gpu,tgs,10000,30,4,3,14,3.5317,0.0026,0.0766,3.4526
physx_gpu,tgs,10000,30,4,3,15,3.5544,0.0028,0.0723,3.4792
physx_gpu,tgs,10000,30,4,3,16,3.5743,0.0029,0.0794,3.492
physx_gpu,tgs,10000,30,4,3,17,3.5278,0.0202,0.0661,3.4415
physx_gpu,tgs,10000,30,4,3,18,3.4891,0.0024,0.085,3.4015
physx_gpu,tgs,10000,30,4,3,19,3.6441,0.0199,0.0667,3.5576
physx_gpu,tgs,10000,30,4,3,20,3.5283,0.0031,0.0711,3.4541
physx_gpu,tgs,10000,30,4,3,21,3.5938,0.0027,0.0801,3.511
physx_gpu,tgs,10000,30,4,3,22,3.5185,0.0029,0.0733,3.4423
physx_gpu,tgs,10000,30,4,3,23,3.5184,0.0025,0.0723,3.4436
physx_gpu,tgs,10000,30,4,3,24,3.5268,0.003,0.0844,3.4393
physx_gpu,tgs,10000,30,4,3,25,3.5295,0.0027,0.0826,3.4443
physx_gpu,tgs,10000,30,4,3,26,3.5038,0.0024,0.0706,3.4307
physx_gpu,tgs,10000,30,4,3,27,3.5249,0.0026,0.0752,3.4471
physx_gpu,tgs,10000,30,4,3,28,3.6558,0.0037,0.0929,3.5591
physx_gpu,tgs,10000,30,4,3,29,3.5568,0.0202,0.0666,3.4701
physx_gpu,tgs,10000,30,4,3,30,3.3963,0.0028,0.0727,3.3208
physx_gpu,tgs,10000,30,4,3,31,3.4617,0.0201,0.0662,3.3754
physx_gpu,tgs,10000,30,4,3,32,3.5259,0.0031,0.0795,3.4433
physx_gpu,tgs,10000,30,4,3,33,3.5668,0.0028,0.0731,3.4909
physx_gpu,tgs,10000,30,4,3,34,3.4842,0.0029,0.0761,3.4053
physx_gpu,tgs,10000,30,4,3,35,3.4725,0.0025,0.0794,3.3906
physx_gpu,tgs,10000,30,4,3,36,3.4807,0.0025,0.0751,3.4031
physx_gpu,tgs,10000,30,4,3,37,3.4557,0.0025,0.0719,3.3813
physx_gpu,tgs,10000,30,4,3,38,3.6589,0.02,0.0762,3.5627
physx_gpu,tgs,10000,30,4,3,39,3.4469,0.0027,0.0708,3.3735
physx_gpu,tgs,10000,60,4,1,0,3.5205,0.0031,0.1,3.4174
physx_gpu,tgs,10000,60,4,1,1,3.4691,0.003,0.0748,3.3913
physx_gpu,tgs,10000,60,4,1,2,3.4313,0.0036,0.085,3.3426
physx_gpu,tgs,10000,60,4,1,3,3.4533,0.0026,0.077,3.3738
physx_gpu,tgs,10000,60,4,1,4,3.4154,0.0028,0.068,3.3447
physx_gpu,tgs,10000,60,4,1,5,3.3585,0.0029,0.0765,3.2792
physx_gpu,tgs,10000,60,4,1,6,3.4338,0.0025,0.0751,3.3563
physx_gpu,tgs,10000,60,4,1,7,3.4311,0.0029,0.0584,3.3698
physx_gpu,tgs,10000,60,4,1,8,3.5513,0.0031,0.0743,3.474
physx_gpu,tgs,10000,60,4,1,9,3.4804,0.0027,0.0671,3.4105
physx_gpu,tgs,10000,60,4,1,10,3.3863,0.0026,0.0785,3.3052
physx_gpu,tgs,10000,60,4,1,11,3.4264,0.003,0.0727,3.3507
physx_gpu,tgs,10000,60,4,1,12,3.429,0.0027,0.0799,3.3465
physx_gpu,tgs,10000,60,4,1,13,3.4309,0.0029,0.085,3.343
physx_gpu,tgs,10000,60,4,1,14,3.4768,0.0204,0.0663,3.3901
physx_gpu,tgs,10000,60,4,1,15,3.4796,0.003,0.0731,3.4035
physx_gpu,tgs,10000,60,4,1,16,3.4688,0.003,0.0796,3.3861
physx_gpu,tgs,10000,60,4,1,17,3.4917,0.0201,0.0764,3.3952
physx_gpu,tgs,10000,60,4,1,18,3.3899,0.0026,0.0744,3.3128
physx_gpu,tgs,10000,60,4,1,19,3.5519,0.003,0.0757,3.4731
physx_gpu,tgs,10000,60,4,1,20,3.4247,0.0025,0.0754,3.3468
physx_gpu,tgs,10000,60,4,1,21,3.4195,0.0238,0.0667,3.329
physx_gpu,tgs,10000,60,4,1,22,3.3781,0.0029,0.0723,3.303
physx_gpu,tgs,10000,60,4,1,23,3.4349,0.0024,0.0847,3.3476
physx_gpu,tgs,10000,60,4,1,24,3.469,0.0032,0.0875,3.3783
physx_gpu,tgs,10000,60,4,1,25,3.4839,0.0205,0.0667,3.3966
physx_gpu,tgs,10000,60,4,1,26,3.4846,0.0028,0.0671,3.4147
physx_gpu,tgs,10000,60,4,1,27,3.5091,0.0027,0.0698,3.4367
physx_gpu,tgs,10000,60,4,1,28,3.4549,0.0031,0.0766,3.3752
physx_gpu,tgs,10000,60,4,1,29,3.5084,0.0031,0.0837,3.4217
physx_gpu,tgs,10000,60,4,1,30,3.4822,0.0031,0.0889,3.3902
physx_gpu,tgs,10000,60,4,1,31,3.3602,0.0029,0.0747,3.2827
physx_gpu,tgs,10000,60,4,1,32,4.665,0.003,0.0892,4.5729
physx_gpu,tgs,10000,60,4,1,33,3.5427,0.0031,0.0766,3.4631
physx_gpu,tgs,10000,60,4,1,34,3.3823,0.003,0.0759,3.3034
physx_gpu,tgs,10000,60,4,1,35,3.5165,0.0026,0.0757,3.4382
physx_gpu,tgs,10000,60,4,1,36,3.4585,0.0202,0.0668,3.3713
physx_gpu,tgs,10000,60,4,1,37,3.4314,0.02,0.0663,3.3451
physx_gpu,tgs,10000,60,4,1,38,3.4339,0.0025,0.0754,3.356
physx_gpu,tgs,10000,60,4,1,39,3.4579,0.0201,0.0668,3.3709
physx_gpu,tgs,10000,60,4,2,0,3.4756,0.0033,0.0718,3.4004
physx_gpu,tgs,10000,60,4,2,1,3.4232,0.0028,0.0675,3.3528
physx_gpu,tgs,10000,60,4,2,2,3.5084,0.0025,0.0756,3.4302
physx_gpu,tgs,10000,60,4,2,3,3.4449,0.0029,0.0849,3.3571
physx_gpu,tgs,10000,60,4,2,4,3.3877,0.0203,0.0671,3.3002
physx_gpu,tgs,10000,60,4,2,5,3.4443,0.0026,0.0786,3.3632
physx_gpu,tgs,10000,60,4,2,6,3.4087,0.0027,0.0759,3.3301
physx_gpu,tgs,10000,60,4,2,7,3.4685,0.0025,0.0682,3.3978
physx_gpu,tgs,10000,60,4,2,8,3.4925,0.0032,0.0809,3.4084
physx_gpu,tgs,10000,60,4,2,9,3.395,0.0029,0.0748,3.3172
physx_gpu,tgs,10000,60,4,2,10,3.4655,0.003,0.0844,3.3782
physx_gpu,tgs,10000,60,4,2,11,3.4975,0.0025,0.0757,3.4193
physx_gpu,tgs,10000,60,4,2,12,3.5415,0.0028,0.0806,3.4581
physx_gpu,tgs,10000,60,4,2,13,3.4525,0.0028,0.0853,3.3644
physx_gpu,tgs,10000,60,4,2,14,3.4144,0.0025,0.0746,3.3373
physx_gpu,tgs,10000,60,4,2,15,3.5119,0.0026,0.0781,3.4312
physx_gpu,tgs,10000,60,4,2,16,3.4864,0.0032,0.079,3.4042
physx_gpu,tgs,10000,60,4,2,17,3.4793,0.0026,0.0779,3.3988
physx_gpu,tgs,10000,60,4,2,18,3.5125,0.0027,0.0863,3.4234
physx_gpu,tgs,10000,60,4,2,19,3.4858,0.0025,0.0764,3.4069
physx_gpu,tgs,10000,60,4,2,20,3.4248,0.0024,0.0762,3.3463
physx_gpu,tgs,10000,60,4,2,21,3.4097,0.0206,0.067,3.3221
physx_gpu,tgs,10000,60,4,2,22,3.4362,0.0026,0.0674,3.3661
physx_gpu,tgs,10000,60,4,2,23,3.5414,0.0031,0.0779,3.4603
physx_gpu,tgs,10000,60,4,2,24,3.5105,0.0037,0.0807,3.4261
physx_gpu,tgs,10000,60,4,2,25,3.453,0.0029,0.0849,3.3652
physx_gpu,tgs,10000,60,4,2,26,3.4855,0.0234,0.0667,3.3954
physx_gpu,tgs,10000,60,4,2,27,3.3944,0.0024,0.0755,3.3164
physx_gpu,tgs,10000,60,4,2,28,3.4765,0.0203,0.0769,3.3792
physx_gpu,tgs,10000,60,4,2,29,3.4469,0.0029,0.0756,3.3684
physx_gpu,tgs,10000,60,4,2,30,3.42,0.0038,0.0642,3.352
physx_gpu,tgs,10000,60,4,2,31,3.462,0.0029,0.0672,3.3919
physx_gpu,tgs,10000,60,4,2,32,3.5923,0.0029,0.0776,3.5117
physx_gpu,tgs,10000,60,4,2,33,3.5521,0.0025,0.0761,3.4735
physx_gpu,tgs,10000,60,4,2,34,3.4384,0.0029,0.068,3.3675
physx_gpu,tgs,10000,60,4,2,35,3.4791,0.0028,0.0794,3.3969
physx_gpu,tgs,10000,60,4,2,36,3.4209,0.0029,0.0751,3.343
physx_gpu,tgs,10000,60,4,2,37,3.3972,0.003,0.0688,3.3254
physx_gpu,tgs,10000,60,4,2,38,3.4166,0.0201,0.077,3.3195
physx_gpu,tgs,10000,60,4,2,39,3.3847,0.0026,0.0734,3.3087
physx_gpu,tgs,10000,60,4,3,0,3.5188,0.0036,0.0899,3.4254
physx_gpu,tgs,10000,60,4,3,1,3.4018,0.0029,0.0757,3.3232
physx_gpu,tgs,10000,60,4,3,2,3.4128,0.0025,0.0795,3.3307
physx_gpu,tgs,10000,60,4,3,3,3.4772,0.0033,0.0677,3.4063
physx_gpu,tgs,10000,60,4,3,4,3.4117,0.0032,0.0792,3.3293
physx_gpu,tgs,10000,60,4,3,5,3.5275,0.0209,0.0802,3.4265
physx_gpu,tgs,10000,60,4,3,6,3.4895,0.0203,0.0675,3.4018
physx_gpu,tgs,10000,60,4,3,7,3.42,0.0028,0.0756,3.3417
physx_gpu,tgs,10000,60,4,3,8,3.4982,0.0033,0.0764,3.4184
physx_gpu,tgs,10000,60,4,3,9,3.5317,0.0207,0.077,3.434
physx_gpu,tgs,10000,60,4,3,10,3.4894,0.0025,0.0758,3.4109
physx_gpu,tgs,10000,60,4,3,11,3.4136,0.0028,0.0723,3.3384
physx_gpu,tgs,10000,60,4,3,12,3.4649,0.0202,0.0773,3.3674
physx_gpu,tgs,10000,60,4,3,13,3.464,0.0025,0.0769,3.3846
physx_gpu,tgs,10000,60,4,3,14,3.5097,0.0024,0.0723,3.435
physx_gpu,tgs,10000,60,4,3,15,3.4854,0.0205,0.0767,3.3883
physx_gpu,tgs,10000,60,4,3,16,3.5173,0.0037,0.1114,3.4021
physx_gpu,tgs,10000,60,4,3,17,3.376,0.0032,0.0781,3.2946
physx_gpu,tgs,10000,60,4,3,18,3.4723,0.0031,0.073,3.3962
physx_gpu,tgs,10000,60,4,3,19,3.4878,0.0206,0.0777,3.3896
physx_gpu,tgs,10000,60,4,3,20,3.4263,0.0026,0.0761,3.3476
physx_gpu,tgs,10000,60,4,3,21,3.4534,0.0204,0.0664,3.3665
physx_gpu,tgs,10000,60,4,3,22,3.4369,0.0029,0.0787,3.3553
physx_gpu,tgs,10000,60,4,3,23,3.3885,0.0031,0.0765,3.3089
physx_gpu,tgs,10000,60,4,3,24,3.4576,0.0033,0.0797,3.3746
physx_gpu,tgs,10000,60,4,3,25,3.5253,0.0205,0.0674,3.4375
physx_gpu,tgs,10000,60,4,3,26,3.4493,0.0025,0.0723,3.3744
physx_gpu,tgs,10000,60,4,3,27,3.4668,0.0201,0.0673,3.3795
physx_gpu,tgs,10000,60,4,3,28,3.4769,0.0201,0.0733,3.3834
physx_gpu,tgs,10000,60,4,3,29,3.4562,0.003,0.0868,3.3664
physx_gpu,tgs,10000,60,4,3,30,3.4292,0.0025,0.0749,3.3518
physx_gpu,tgs,10000,60,4,3,31,3.4926,0.0028,0.076,3.4138
physx_gpu,tgs,10000,60,4,3,32,3.4956,0.003,0.0659,3.4267
physx_gpu,tgs,10000,60,4,3,33,3.5763,0.0028,0.0761,3.4974
physx_gpu,tgs,10000,60,4,3,34,3.4739,0.0029,0.0883,3.3827
physx_gpu,tgs,10000,60,4,3,35,3.4324,0.0202,0.0672,3.3449
physx_gpu,tgs,10000,60,4,3,36,3.4346,0.0028,0.0761,3.3557
physx_gpu,tgs,10000,60,4,3,37,3.3709,0.003,0.0661,3.3017
physx_gpu,tgs,10000,60,4,3,38,3.4821,0.0027,0.0733,3.4061
physx_gpu,tgs,10000,60,4,3,39,3.4903,0.0208,0.0679,3.4015
physx_gpu,tgs,131072,20,4,1,0,127.133,0.0077,0.1357,126.99
physx_gpu,tgs,131072,20,4,1,1,126.332,0.0051,0.1574,126.17
physx_gpu,tgs,131072,20,4,1,2,125.766,0.005,0.1663,125.594
physx_gpu,tgs,131072,20,4,1,3,125.18,0.0055,0.1697,125.005
physx_gpu,tgs,131072,20,4,1,4,125.128,0.0058,0.1548,124.967
physx_gpu,tgs,131072,20,4,1,5,123.909,0.0052,0.1747,123.729
physx_gpu,tgs,131072,20,4,1,6,124.75,0.0057,0.1604,124.584
physx_gpu,tgs,131072,20,4,1,7,124.905,0.005,0.1626,124.737
physx_gpu,tgs,131072,20,4,1,8,125.78,0.0064,0.1349,125.639
physx_gpu,tgs,131072,20,4,1,9,125.336,0.005,0.1547,125.176
physx_gpu,tgs,131072,20,4,1,10,126.901,0.0046,0.1707,126.726
physx_gpu,tgs,131072,20,4,1,11,125.119,0.0052,0.1521,124.961
physx_gpu,tgs,131072,20,4,1,12,124.635,0.005,0.1552,124.475
physx_gpu,tgs,131072,20,4,1,13,125.861,0.005,0.1487,125.707
physx_gpu,tgs,131072,20,4,1,14,124.636,0.005,0.1711,124.46
physx_gpu,tgs,131072,20,4,1,15,124.493,0.0046,0.1597,124.329
physx_gpu,tgs,131072,20,4,1,16,124.852,0.0064,0.146,124.7
physx_gpu,tgs,131072,20,4,1,17,123.002,0.0054,0.142,122.855
physx_gpu,tgs,131072,20,4,1,18,121.105,0.0046,0.1588,120.941
physx_gpu,tgs,131072,20,4,1,19,119.266,0.0054,0.1546,119.105
physx_gpu,tgs,131072,20,4,1,20,118.593,0.0052,0.1519,118.436
physx_gpu,tgs,131072,20,4,1,21,116.832,0.0048,0.1436,116.683
physx_gpu,tgs,131072,20,4,1,22,119.523,0.0044,0.1505,119.367
physx_gpu,tgs,131072,20,4,1,23,116.878,0.0049,0.1772,116.696
physx_gpu,tgs,131072,20,4,1,24,115.355,0.0073,0.2119,115.135
physx_gpu,tgs,131072,20,4,1,25,114.641,0.0045,0.1564,114.48
physx_gpu,tgs,131072,20,4,1,26,112.837,0.0051,0.1447,112.687
physx_gpu,tgs,131072,20,4,1,27,112.959,0.0048,0.1631,112.791
physx_gpu,tgs,131072,20,4,1,28,113.61,0.0049,0.1553,113.45
physx_gpu,tgs,131072,20,4,1,29,111.797,0.0048,0.1608,111.631
physx_gpu,tgs,131072,20,4,1,30,110.118,0.0053,0.1688,109.944
physx_gpu,tgs,131072,20,4,1,31,109.424,0.0047,0.1553,109.264
physx_gpu,tgs,131072,20,4,1,32,109.999,0.0063,0.1784,109.815
physx_gpu,tgs,131072,20,4,1,33,108.841,0.0049,0.1574,108.678
physx_gpu,tgs,131072,20,4,1,34,108.506,0.0049,0.1557,108.345
physx_gpu,tgs,131072,20,4,1,35,108.359,0.0053,0.1729,108.18
physx_gpu,tgs,131072,20,4,1,36,109.596,0.0053,0.1814,109.409
physx_gpu,tgs,131072,20,4,1,37,111.733,0.0312,0.163,111.538
physx_gpu,tgs,131072,20,4,1,38,111.784,0.006,0.1682,111.61
physx_gpu,tgs,131072,20,4,1,39,111.136,0.0056,0.1758,110.954
physx_gpu,tgs,131072,20,4,2,0,138.742,0.0107,0.2136,138.518
physx_gpu,tgs,131072,20,4,2,1,138.446,0.0072,0.1772,138.262
physx_gpu,tgs,131072,20,4,2,2,132.06,0.006,0.1695,131.885
physx_gpu,tgs,131072,20,4,2,3,132.73,0.0057,0.1661,132.558
physx_gpu,tgs,131072,20,4,2,4,134.768,0.0062,0.1686,134.593
physx_gpu,tgs,131072,20,4,2,5,132.485,0.0317,0.1728,132.28
physx_gpu,tgs,131072,20,4,2,6,131.698,0.006,0.1687,131.523
physx_gpu,tgs,131072,20,4,2,7,134.199,0.0051,0.1629,134.031
physx_gpu,tgs,131072,20,4,2,8,133.26,0.0113,0.2582,132.99
physx_gpu,tgs,131072,20,4,2,9,134.995,0.0309,0.1544,134.81
physx_gpu,tgs,131072,20,4,2,10,134.064,0.007,0.1689,133.888
physx_gpu,tgs,131072,20,4,2,11,132.29,0.0058,0.1683,132.116
physx_gpu,tgs,131072,20,4,2,12,131.51,0.0067,0.1625,131.341
physx_gpu,tgs,131072,20,4,2,13,130.75,0.0062,0.1661,130.577
physx_gpu,tgs,131072,20,4,2,14,135.501,0.0065,0.1676,135.327
physx_gpu,tgs,131072,20,4,2,15,130.853,0.0062,0.1631,130.684
physx_gpu,tgs,131072,20,4,2,16,125.921,0.0108,0.2296,125.681
physx_gpu,tgs,131072,20,4,2,17,127.799,0.0052,0.1503,127.643
physx_gpu,tgs,131072,20,4,2,18,125.157,0.0299,0.163,124.964
physx_gpu,tgs,131072,20,4,2,19,123.882,0.0051,0.1583,123.718
physx_gpu,tgs,131072,20,4,2,20,121.473,0.0049,0.1615,121.307
physx_gpu,tgs,131072,20,4,2,21,121.015,0.0046,0.167,120.843
physx_gpu,tgs,131072,20,4,2,22,121.534,0.005,0.1544,121.375
physx_gpu,tgs,131072,20,4,2,23,119.299,0.005,0.1501,119.143
physx_gpu,tgs,131072,20,4,2,24,118.71,0.011,0.2029,118.496
physx_gpu,tgs,131072,20,4,2,25,118.946,0.0055,0.1687,118.772
physx_gpu,tgs,131072,20,4,2,26,115.568,0.0046,0.1522,115.411
physx_gpu,tgs,131072,20,4,2,27,115.549,0.0054,0.1567,115.386
physx_gpu,tgs,131072,20,4,2,28,113.987,0.0052,0.182,113.799
physx_gpu,tgs,131072,20,4,2,29,118.22,0.0056,0.1601,118.054
physx_gpu,tgs,131072,20,4,2,30,118.175,0.0055,0.1632,118.006
physx_gpu,tgs,131072,20,4,2,31,113.421,0.0056,0.1745,113.241
physx_gpu,tgs,131072,20,4,2,32,112.426,0.0099,0.2236,112.193
physx_gpu,tgs,131072,20,4,2,33,112.917,0.0058,0.1513,112.76
physx_gpu,tgs,131072,20,4,2,34,111.143,0.005,0.1603,110.978
physx_gpu,tgs,131072,20,4,2,35,110.032,0.0053,0.1623,109.865
physx_gpu,tgs,131072,20,4,2,36,110.031,0.0052,0.1594,109.866
physx_gpu,tgs,131072,20,4,2,37,112.238,0.006,0.1953,112.036
physx_gpu,tgs,131072,20,4,2,38,111.745,0.0052,0.1496,111.59
physx_gpu,tgs,131072,20,4,2,39,109.249,0.0048,0.157,109.087
physx_gpu,tgs,131072,20,4,3,0,132.283,0.0101,0.2044,132.068
physx_gpu,tgs,131072,20,4,3,1,130.685,0.0056,0.1534,130.526
physx_gpu,tgs,131072,20,4,3,2,127.777,0.0051,0.1635,127.608
physx_gpu,tgs,131072,20,4,3,3,130.027,0.005,0.1534,129.869
physx_gpu,tgs,131072,20,4,3,4,127.196,0.0048,0.1561,127.035
physx_gpu,tgs,131072,20,4,3,5,127.74,0.005,0.1653,127.569
physx_gpu,tgs,131072,20,4,3,6,127.946,0.005,0.1626,127.778
physx_gpu,tgs,131072,20,4,3,7,135.511,0.0052,0.1661,135.339
physx_gpu,tgs,131072,20,4,3,8,131.331,0.0128,0.1877,131.131
physx_gpu,tgs,131072,20,4,3,9,131.165,0.0051,0.1441,131.016
physx_gpu,tgs,131072,20,4,3,10,129.911,0.0056,0.1568,129.749
physx_gpu,tgs,131072,20,4,3,11,128.405,0.0051,0.1535,128.247
physx_gpu,tgs,131072,20,4,3,12,127.52,0.0051,0.1744,127.341
physx_gpu,tgs,131072,20,4,3,13,127.826,0.0047,0.146,127.675
physx_gpu,tgs,131072,20,4,3,14,128.052,0.007,0.1902,127.854
physx_gpu,tgs,131072,20,4,3,15,126.461,0.0055,0.1548,126.3
physx_gpu,tgs,131072,20,4,3,16,127.168,0.0088,0.2005,126.958
physx_gpu,tgs,131072,20,4,3,17,124.552,0.0052,0.1532,124.393
physx_gpu,tgs,131072,20,4,3,18,123.795,0.0054,0.1524,123.637
physx_gpu,tgs,131072,20,4,3,19,123.014,0.0049,0.1454,122.864
physx_gpu,tgs,131072,20,4,3,20,125.806,0.0054,0.1516,125.649
physx_gpu,tgs,131072,20,4,3,21,121.305,0.005,0.1543,121.145
physx_gpu,tgs,131072,20,4,3,22,121.176,0.0049,0.1523,121.019
physx_gpu,tgs,131072,20,4,3,23,120.657,0.0049,0.1479,120.504
physx_gpu,tgs,131072,20,4,3,24,119.367,0.0097,0.2045,119.153
physx_gpu,tgs,131072,20,4,3,25,117.075,0.0057,0.1523,116.916
physx_gpu,tgs,131072,20,4,3,26,115.528,0.0049,0.1635,115.36
physx_gpu,tgs,131072,20,4,3,27,114.608,0.0049,0.1982,114.405
physx_gpu,tgs,131072,20,4,3,28,114.752,0.0049,0.1605,114.586
physx_gpu,tgs,131072,20,4,3,29,114.364,0.005,0.156,114.203
physx_gpu,tgs,131072,20,4,3,30,112.292,0.0058,0.1649,112.121
physx_gpu,tgs,131072,20,4,3,31,113,0.0048,0.1576,112.837
physx_gpu,tgs,131072,20,4,3,32,111.819,0.0089,0.2086,111.602
physx_gpu,tgs,131072,20,4,3,33,112.602,0.0053,0.1515,112.445
physx_gpu,tgs,131072,20,4,3,34,110.281,0.0067,0.1551,110.12
physx_gpu,tgs,131072,20,4,3,35,112.5,0.0053,0.2476,112.247
physx_gpu,tgs,131072,20,4,3,36,111.12,0.0052,0.162,110.953
physx_gpu,tgs,131072,20,4,3,37,114.662,0.0051,0.1586,114.497
physx_gpu,tgs,131072,20,4,3,38,114.635,0.0056,0.3176,114.311
physx_gpu,tgs,131072,20,4,3,39,112.793,0.0049,0.1583,112.629
physx_gpu,tgs,131072,30,4,1,0,101.297,0.0113,0.2158,101.069
physx_gpu,tgs,131072,30,4,1,1,100.302,0.0048,0.16,100.138
physx_gpu,tgs,131072,30,4,1,2,103.802,0.0057,0.1761,103.62
physx_gpu,tgs,131072,30,4,1,3,99.3127,0.0055,0.1745,99.1326
physx_gpu,tgs,131072,30,4,1,4,99.9204,0.0052,0.1728,99.7424
physx_gpu,tgs,131072,30,4,1,5,99.2158,0.0051,0.1777,99.0328
physx_gpu,tgs,131072,30,4,1,6,98.174,0.0056,0.151,98.0173
physx_gpu,tgs,131072,30,4,1,7,98.3738,0.0051,0.1611,98.2074
physx_gpu,tgs,131072,30,4,1,8,102.999,0.0089,0.2196,102.77
physx_gpu,tgs,131072,30,4,1,9,101.013,0.0054,0.1618,100.846
physx_gpu,tgs,131072,30,4,1,10,99.7055,0.0049,0.1533,99.5471
physx_gpu,tgs,131072,30,4,1,11,99.3607,0.0051,0.1554,99.2001
physx_gpu,tgs,131072,30,4,1,12,100.454,0.0045,0.1887,100.261
physx_gpu,tgs,131072,30,4,1,13,98.8314,0.0057,0.1536,98.672
physx_gpu,tgs,131072,30,4,1,14,97.4045,0.0049,0.1515,97.2481
physx_gpu,tgs,131072,30,4,1,15,93.9513,0.0048,0.1564,93.79
physx_gpu,tgs,131072,30,4,1,16,96.0527,0.0124,0.2286,95.8115
physx_gpu,tgs,131072,30,4,1,17,97.2959,0.0052,0.1647,97.1256
physx_gpu,tgs,131072,30,4,1,18,93.5647,0.0055,0.1852,93.374
physx_gpu,tgs,131072,30,4,1,19,92.2551,0.0046,0.1442,92.1062
physx_gpu,tgs,131072,30,4,1,20,93.1158,0.0048,0.1538,92.9571
physx_gpu,tgs,131072,30,4,1,21,91.1,0.0057,0.1483,90.9459
physx_gpu,tgs,131072,30,4,1,22,92.9128,0.0052,0.1636,92.7438
physx_gpu,tgs,131072,30,4,1,23,92.058,0.0051,0.1532,91.8996
physx_gpu,tgs,131072,30,4,1,24,89.0089,0.0096,0.2075,88.7917
physx_gpu,tgs,131072,30,4,1,25,88.4177,0.0051,0.1436,88.2689
physx_gpu,tgs,131072,30,4,1,26,88.7013,0.0054,0.1471,88.5487
physx_gpu,tgs,131072,30,4,1,27,87.4282,0.0052,0.1474,87.2756
physx_gpu,tgs,131072,30,4,1,28,89.1481,0.0057,0.1659,88.9762
physx_gpu,tgs,131072,30,4,1,29,86.8018,0.0054,0.1596,86.6366
physx_gpu,tgs,131072,30,4,1,30,86.5703,0.0059,0.1831,86.3812
physx_gpu,tgs,131072,30,4,1,31,85.4668,0.0051,0.1607,85.3009
physx_gpu,tgs,131072,30,4,1,32,86.9712,0.0103,0.2168,86.744
physx_gpu,tgs,131072,30,4,1,33,85.8158,0.005,0.1554,85.6552
physx_gpu,tgs,131072,30,4,1,34,83.8678,0.0053,0.174,83.6884
physx_gpu,tgs,131072,30,4,1,35,84.1427,0.0051,0.1465,83.991
physx_gpu,tgs,131072,30,4,1,36,83.908,0.0051,0.1699,83.7329
physx_gpu,tgs,131072,30,4,1,37,85.4213,0.0051,0.1551,85.2609
physx_gpu,tgs,131072,30,4,1,38,85.7692,0.005,0.1633,85.6008
physx_gpu,tgs,131072,30,4,1,39,85.9321,0.0047,0.16,85.7673
physx_gpu,tgs,131072,30,4,2,0,106.235,0.0123,0.2176,106.005
physx_gpu,tgs,131072,30,4,2,1,102.481,0.0074,0.1614,102.312
physx_gpu,tgs,131072,30,4,2,2,98.372,0.005,0.1569,98.21
physx_gpu,tgs,131072,30,4,2,3,99.4373,0.0052,0.1609,99.2709
physx_gpu,tgs,131072,30,4,2,4,105.266,0.0052,0.165,105.095
physx_gpu,tgs,131072,30,4,2,5,97.1375,0.0057,0.1608,96.9709
physx_gpu,tgs,131072,30,4,2,6,98.153,0.0054,0.1468,98.0007
physx_gpu,tgs,131072,30,4,2,7,99.5204,0.0053,0.1634,99.3516
physx_gpu,tgs,131072,30,4,2,8,98.762,0.0092,0.2026,98.55
physx_gpu,tgs,131072,30,4,2,9,98.023,0.0048,0.1566,97.8615
physx_gpu,tgs,131072,30,4,2,10,99.377,0.0051,0.1579,99.2139
physx_gpu,tgs,131072,30,4,2,11,96.494,0.0066,0.1818,96.3055
physx_gpu,tgs,131072,30,4,2,12,96.0632,0.0049,0.1518,95.9064
physx_gpu,tgs,131072,30,4,2,13,96.1812,0.0055,0.1598,96.0158
physx_gpu,tgs,131072,30,4,2,14,97.0411,0.0054,0.1649,96.8707
physx_gpu,tgs,131072,30,4,2,15,94.8506,0.0054,0.1635,94.6815
physx_gpu,tgs,131072,30,4,2,16,93.9428,0.0093,0.1994,93.7341
physx_gpu,tgs,131072,30,4,2,17,93.9571,0.0055,0.1624,93.7891
physx_gpu,tgs,131072,30,4,2,18,92.3184,0.0053,0.1588,92.1543
physx_gpu,tgs,131072,30,4,2,19,91.9862,0.0058,0.1868,91.7935
physx_gpu,tgs,131072,30,4,2,20,93.0391,0.005,0.1725,92.8614
physx_gpu,tgs,131072,30,4,2,21,90.93,0.0051,0.1822,90.7425
physx_gpu,tgs,131072,30,4,2,22,91.6721,0.0053,0.1578,91.509
physx_gpu,tgs,131072,30,4,2,23,90.2697,0.0056,0.2016,90.0624
physx_gpu,tgs,131072,30,4,2,24,89.4859,0.0089,0.189,89.2879
physx_gpu,tgs,131072,30,4,2,25,92.0474,0.0061,0.1551,91.8861
physx_gpu,tgs,131072,30,4,2,26,90.3371,0.0048,0.1569,90.1753
physx_gpu,tgs,131072,30,4,2,27,91.7691,0.0054,0.1555,91.6079
physx_gpu,tgs,131072,30,4,2,28,89.0955,0.0066,0.1907,88.898
physx_gpu,tgs,131072,30,4,2,29,88.288,0.0051,0.1584,88.1243
physx_gpu,tgs,131072,30,4,2,30,88.9575,0.0054,0.1686,88.7834
physx_gpu,tgs,131072,30,4,2,31,85.4078,0.0054,0.1624,85.2398
physx_gpu,tgs,131072,30,4,2,32,85.8415,0.01,0.1958,85.6356
physx_gpu,tgs,131072,30,4,2,33,84.7776,0.0052,0.1567,84.6157
physx_gpu,tgs,131072,30,4,2,34,83.5886,0.0054,0.1656,83.4175
physx_gpu,tgs,131072,30,4,2,35,87.0052,0.0051,0.1601,86.8398
physx_gpu,tgs,131072,30,4,2,36,85.6583,0.0051,0.1459,85.5072
physx_gpu,tgs,131072,30,4,2,37,83.4099,0.0054,0.1696,83.2348
physx_gpu,tgs,131072,30,4,2,38,85.4159,0.0053,0.1695,85.2411
physx_gpu,tgs,131072,30,4,2,39,82.7054,0.0055,0.1676,82.5322
physx_gpu,tgs,131072,30,4,3,0,101.351,0.0107,0.2108,101.13
physx_gpu,tgs,131072,30,4,3,1,101.196,0.0052,0.1505,101.04
physx_gpu,tgs,131072,30,4,3,2,101.049,0.0054,0.161,100.883
physx_gpu,tgs,131072,30,4,3,3,102.535,0.0051,0.1529,102.377
physx_gpu,tgs,131072,30,4,3,4,104.602,0.0056,0.1675,104.429
physx_gpu,tgs,131072,30,4,3,5,103.667,0.0057,0.1592,103.502
physx_gpu,tgs,131072,30,4,3,6,101.047,0.0051,0.1609,100.881
physx_gpu,tgs,131072,30,4,3,7,100.272,0.0057,0.1494,100.117
physx_gpu,tgs,131072,30,4,3,8,97.5393,0.0111,0.214,97.3141
physx_gpu,tgs,131072,30,4,3,9,97.9929,0.0054,0.1635,97.8238
physx_gpu,tgs,131072,30,4,3,10,97.8822,0.0055,0.1577,97.7188
physx_gpu,tgs,131072,30,4,3,11,97.1891,0.0061,0.1666,97.0164
physx_gpu,tgs,131072,30,4,3,12,96.8873,0.0052,0.1469,96.7351
physx_gpu,tgs,131072,30,4,3,13,96.844,0.0055,0.1942,96.6443
physx_gpu,tgs,131072,30,4,3,14,97.3661,0.0051,0.158,97.2029
physx_gpu,tgs,131072,30,4,3,15,95.0937,0.0053,0.1481,94.9401
physx_gpu,tgs,131072,30,4,3,16,95.54,0.0096,0.1893,95.341
physx_gpu,tgs,131072,30,4,3,17,92.6968,0.0055,0.1777,92.5135
physx_gpu,tgs,131072,30,4,3,18,91.9064,0.0048,0.1538,91.7477
physx_gpu,tgs,131072,30,4,3,19,93.2394,0.0052,0.1533,93.0807
physx_gpu,tgs,131072,30,4,3,20,92.5202,0.0052,0.1599,92.355
physx_gpu,tgs,131072,30,4,3,21,90.4244,0.0053,0.1535,90.2655
physx_gpu,tgs,131072,30,4,3,22,90.8661,0.0049,0.1656,90.6955
physx_gpu,tgs,131072,30,4,3,23,90.113,0.0052,0.1581,89.9496
physx_gpu,tgs,131072,30,4,3,24,88.2979,0.01,0.2027,88.085
physx_gpu,tgs,131072,30,4,3,25,87.6095,0.0051,0.1556,87.4487
physx_gpu,tgs,131072,30,4,3,26,87.6423,0.0053,0.1972,87.4398
physx_gpu,tgs,131072,30,4,3,27,89.1828,0.005,0.1585,89.0192
physx_gpu,tgs,131072,30,4,3,28,86.8486,0.005,0.1601,86.6833
physx_gpu,tgs,131072,30,4,3,29,86.4893,0.0051,0.1561,86.328
physx_gpu,tgs,131072,30,4,3,30,88.1924,0.0051,0.1706,88.0164
physx_gpu,tgs,131072,30,4,3,31,85.8111,0.0061,0.1794,85.6255
physx_gpu,tgs,131072,30,4,3,32,85.2138,0.0103,0.2047,84.9987
physx_gpu,tgs,131072,30,4,3,33,85.2022,0.0059,0.1576,85.0386
physx_gpu,tgs,131072,30,4,3,34,82.9798,0.0048,0.152,82.8229
physx_gpu,tgs,131072,30,4,3,35,85.3265,0.0052,0.1844,85.1368
physx_gpu,tgs,131072,30,4,3,36,84.8113,0.0051,0.1631,84.6431
physx_gpu,tgs,131072,30,4,3,37,83.872,0.005,0.15,83.7169
physx_gpu,tgs,131072,30,4,3,38,84.7354,0.0051,0.1615,84.5687
physx_gpu,tgs,131072,30,4,3,39,83.4743,0.0045,0.1554,83.3144
physx_gpu,tgs,131072,60,4,1,0,54.7299,0.011,0.2206,54.4982
physx_gpu,tgs,131072,60,4,1,1,55.5919,0.0056,0.1558,55.4304
physx_gpu,tgs,131072,60,4,1,2,54.0049,0.0053,0.1552,53.8442
physx_gpu,tgs,131072,60,4,1,3,56.0524,0.005,0.1566,55.8908
physx_gpu,tgs,131072,60,4,1,4,55.9141,0.0052,0.154,55.7548
physx_gpu,tgs,131072,60,4,1,5,54.6515,0.0059,0.1683,54.4772
physx_gpu,tgs,131072,60,4,1,6,55.4135,0.0059,0.1653,55.2422
physx_gpu,tgs,131072,60,4,1,7,55.0854,0.0048,0.1451,54.9353
physx_gpu,tgs,131072,60,4,1,8,54.1342,0.0115,0.2259,53.8966
physx_gpu,tgs,131072,60,4,1,9,54.8301,0.0056,0.1645,54.6598
physx_gpu,tgs,131072,60,4,1,10,53.384,0.0048,0.1533,53.2259
physx_gpu,tgs,131072,60,4,1,11,54.0741,0.0064,0.1702,53.8973
physx_gpu,tgs,131072,60,4,1,12,54.0461,0.0047,0.1743,53.8668
physx_gpu,tgs,131072,60,4,1,13,53.7064,0.0061,0.1659,53.5344
physx_gpu,tgs,131072,60,4,1,14,54.2597,0.0066,0.1838,54.069
physx_gpu,tgs,131072,60,4,1,15,53.5821,0.0299,0.1521,53.4
physx_gpu,tgs,131072,60,4,1,16,52.7285,0.0116,0.2153,52.5012
physx_gpu,tgs,131072,60,4,1,17,52.7478,0.0066,0.1541,52.587
physx_gpu,tgs,131072,60,4,1,18,52.6149,0.0308,0.1478,52.4362
physx_gpu,tgs,131072,60,4,1,19,51.1003,0.0063,0.2044,50.8896
physx_gpu,tgs,131072,60,4,1,20,51.567,0.0062,0.1445,51.4162
physx_gpu,tgs,131072,60,4,1,21,51.6199,0.0064,0.1643,51.4492
physx_gpu,tgs,131072,60,4,1,22,51.1807,0.0058,0.1737,51.0011
physx_gpu,tgs,131072,60,4,1,23,49.9689,0.0057,0.1584,49.8046
physx_gpu,tgs,131072,60,4,1,24,51.5861,0.0105,0.2215,51.354
physx_gpu,tgs,131072,60,4,1,25,49.8396,0.008,0.1802,49.6513
physx_gpu,tgs,131072,60,4,1,26,50.7241,0.006,0.1703,50.5473
physx_gpu,tgs,131072,60,4,1,27,48.5679,0.0053,0.1503,48.4121
physx_gpu,tgs,131072,60,4,1,28,48.8276,0.0052,0.153,48.6692
physx_gpu,tgs,131072,60,4,1,29,49.0752,0.0057,0.1738,48.8956
physx_gpu,tgs,131072,60,4,1,30,48.3795,0.0073,0.1547,48.2174
physx_gpu,tgs,131072,60,4,1,31,47.5757,0.0058,0.1872,47.3826
physx_gpu,tgs,131072,60,4,1,32,47.7742,0.0109,0.2316,47.5316
physx_gpu,tgs,131072,60,4,1,33,46.8717,0.0052,0.1536,46.7128
physx_gpu,tgs,131072,60,4,1,34,47.0884,0.0054,0.1608,46.922
physx_gpu,tgs,131072,60,4,1,35,47.6711,0.0305,0.1623,47.4783
physx_gpu,tgs,131072,60,4,1,36,46.9068,0.0058,0.1745,46.7264
physx_gpu,tgs,131072,60,4,1,37,49.0726,0.006,0.1548,48.9117
physx_gpu,tgs,131072,60,4,1,38,50.0255,0.0077,0.1805,49.8371
physx_gpu,tgs,131072,60,4,1,39,50.0173,0.0071,0.1776,49.8324
physx_gpu,tgs,131072,60,4,2,0,54.3218,0.0092,0.1925,54.12
physx_gpu,tgs,131072,60,4,2,1,54.4272,0.005,0.1592,54.2629
physx_gpu,tgs,131072,60,4,2,2,55.5084,0.0047,0.1528,55.3509
physx_gpu,tgs,131072,60,4,2,3,53.9569,0.0048,0.1718,53.7802
physx_gpu,tgs,131072,60,4,2,4,55.9639,0.0051,0.1487,55.81
physx_gpu,tgs,131072,60,4,2,5,54.6133,0.0048,0.159,54.4494
physx_gpu,tgs,131072,60,4,2,6,53.9822,0.0058,0.1854,53.791
physx_gpu,tgs,131072,60,4,2,7,54.7074,0.0049,0.1511,54.5514
physx_gpu,tgs,131072,60,4,2,8,53.6527,0.0103,0.1992,53.4431
physx_gpu,tgs,131072,60,4,2,9,55.2989,0.0053,0.155,55.1386
physx_gpu,tgs,131072,60,4,2,10,55.9678,0.0057,0.1365,55.8255
physx_gpu,tgs,131072,60,4,2,11,53.686,0.0054,0.2037,53.4768
physx_gpu,tgs,131072,60,4,2,12,55.9257,0.0053,0.1565,55.7638
physx_gpu,tgs,131072,60,4,2,13,55.6091,0.0055,0.1633,55.4403
physx_gpu,tgs,131072,60,4,2,14,54.5337,0.0046,0.1473,54.3817
physx_gpu,tgs,131072,60,4,2,15,54.6733,0.0049,0.157,54.5109
physx_gpu,tgs,131072,60,4,2,16,53.6883,0.0097,0.2031,53.4755
physx_gpu,tgs,131072,60,4,2,17,52.3725,0.0054,0.1669,52.2001
physx_gpu,tgs,131072,60,4,2,18,52.5791,0.0054,0.1553,52.4183
physx_gpu,tgs,131072,60,4,2,19,50.6562,0.0059,0.1919,50.4583
physx_gpu,tgs,131072,60,4,2,20,50.8742,0.0048,0.1495,50.7197
physx_gpu,tgs,131072,60,4,2,21,49.4686,0.0052,0.166,49.2973
physx_gpu,tgs,131072,60,4,2,22,51.359,0.0056,0.2345,51.1189
physx_gpu,tgs,131072,60,4,2,23,49.9167,0.0048,0.1485,49.7632
physx_gpu,tgs,131072,60,4,2,24,49.528,0.0094,0.1962,49.3223
physx_gpu,tgs,131072,60,4,2,25,49.3004,0.0051,0.175,49.1202
physx_gpu,tgs,131072,60,4,2,26,49.2604,0.0053,0.1704,49.0844
physx_gpu,tgs,131072,60,4,2,27,48.7543,0.0052,0.1551,48.5939
physx_gpu,tgs,131072,60,4,2,28,47.9103,0.0047,0.1507,47.7548
physx_gpu,tgs,131072,60,4,2,29,48.5708,0.0049,0.1507,48.4151
physx_gpu,tgs,131072,60,4,2,30,46.8828,0.0044,0.1621,46.7163
physx_gpu,tgs,131072,60,4,2,31,47.5178,0.0045,0.1596,47.3536
physx_gpu,tgs,131072,60,4,2,32,47.3278,0.0102,0.2112,47.1063
physx_gpu,tgs,131072,60,4,2,33,46.3574,0.0047,0.1388,46.2136
physx_gpu,tgs,131072,60,4,2,34,46.7308,0.0051,0.1536,46.572
physx_gpu,tgs,131072,60,4,2,35,46.6246,0.0047,0.15,46.4697
physx_gpu,tgs,131072,60,4,2,36,46.8413,0.0046,0.1553,46.6812
physx_gpu,tgs,131072,60,4,2,37,47.0403,0.0041,0.1477,46.8883
physx_gpu,tgs,131072,60,4,2,38,48.4295,0.0051,0.1507,48.2736
physx_gpu,tgs,131072,60,4,2,39,48.5058,0.0046,0.1756,48.3254
physx_gpu,tgs,131072,60,4,3,0,54.2024,0.0103,0.201,53.991
physx_gpu,tgs,131072,60,4,3,1,54.6064,0.0054,0.1574,54.4435
physx_gpu,tgs,131072,60,4,3,2,54.0472,0.0047,0.1398,53.9027
physx_gpu,tgs,131072,60,4,3,3,54.6162,0.0051,0.1363,54.4747
physx_gpu,tgs,131072,60,4,3,4,55.9087,0.005,0.1614,55.742
physx_gpu,tgs,131072,60,4,3,5,53.7711,0.0048,0.1405,53.6257
physx_gpu,tgs,131072,60,4,3,6,54.7506,0.0049,0.1359,54.6096
physx_gpu,tgs,131072,60,4,3,7,53.7394,0.0047,0.147,53.5874
physx_gpu,tgs,131072,60,4,3,8,54.7434,0.0102,0.2185,54.5146
physx_gpu,tgs,131072,60,4,3,9,54.7518,0.0055,0.1578,54.5884
physx_gpu,tgs,131072,60,4,3,10,53.168,0.0054,0.1544,53.0081
physx_gpu,tgs,131072,60,4,3,11,53.0194,0.0053,0.1788,52.8351
physx_gpu,tgs,131072,60,4,3,12,53.5245,0.0051,0.1494,53.3699
physx_gpu,tgs,131072,60,4,3,13,53.4943,0.0053,0.1856,53.3032
physx_gpu,tgs,131072,60,4,3,14,52.8617,0.0047,0.1463,52.7106
physx_gpu,tgs,131072,60,4,3,15,53.4134,0.0055,0.1451,53.2628
physx_gpu,tgs,131072,60,4,3,16,53.1671,0.0098,0.2028,52.9543
physx_gpu,tgs,131072,60,4,3,17,51.4383,0.0054,0.1681,51.2648
physx_gpu,tgs,131072,60,4,3,18,51.8298,0.0048,0.1468,51.6781
physx_gpu,tgs,131072,60,4,3,19,50.3094,0.0053,0.1699,50.1342
physx_gpu,tgs,131072,60,4,3,20,50.043,0.0049,0.1579,49.8801
physx_gpu,tgs,131072,60,4,3,21,49.137,0.0052,0.1622,48.9695
physx_gpu,tgs,131072,60,4,3,22,50.2036,0.007,0.1518,50.0446
physx_gpu,tgs,131072,60,4,3,23,48.84,0.0047,0.142,48.6932
physx_gpu,tgs,131072,60,4,3,24,49.2432,0.009,0.2142,49.0199
physx_gpu,tgs,131072,60,4,3,25,48.4913,0.0047,0.1501,48.3363
physx_gpu,tgs,131072,60,4,3,26,49.346,0.0045,0.1482,49.1932
physx_gpu,tgs,131072,60,4,3,27,47.9995,0.0049,0.1995,47.7949
physx_gpu,tgs,131072,60,4,3,28,47.736,0.005,0.1684,47.5625
physx_gpu,tgs,131072,60,4,3,29,48.0047,0.0049,0.1657,47.8341
physx_gpu,tgs,131072,60,4,3,30,47.9399,0.0049,0.1681,47.7667
physx_gpu,tgs,131072,60,4,3,31,50.9019,0.005,0.1532,50.7434
physx_gpu,tgs,131072,60,4,3,32,47.6594,0.0112,0.2131,47.4349
physx_gpu,tgs,131072,60,4,3,33,48.7444,0.0049,0.1572,48.5821
physx_gpu,tgs,131072,60,4,3,34,46.879,0.005,0.1803,46.6935
physx_gpu,tgs,131072,60,4,3,35,48.352,0.0047,0.1509,48.1963
physx_gpu,tgs,131072,60,4,3,36,48.3952,0.0066,0.1633,48.2251
physx_gpu,tgs,131072,60,4,3,37,47.7488,0.0047,0.204,47.54
physx_gpu,tgs,131072,60,4,3,38,50.8871,0.0051,0.1553,50.7264
physx_gpu,tgs,131072,60,4,3,39,46.994,0.0058,0.1672,46.8209
physx_gpu,tgs,65536,20,4,1,0,37.6069,0.0051,0.1158,37.4859
physx_gpu,tgs,65536,20,4,1,1,37.333,0.005,0.0999,37.228
physx_gpu,tgs,65536,20,4,1,2,37.8092,0.0046,0.0999,37.7048
physx_gpu,tgs,65536,20,4,1,3,37.0185,0.0046,0.0972,36.9167
physx_gpu,tgs,65536,20,4,1,4,36.5557,0.0048,0.1021,36.4486
physx_gpu,tgs,65536,20,4,1,5,36.6346,0.0044,0.1003,36.5297
physx_gpu,tgs,65536,20,4,1,6,36.6025,0.0049,0.0785,36.519
physx_gpu,tgs,65536,20,4,1,7,36.4682,0.0046,0.0989,36.3647
physx_gpu,tgs,65536,20,4,1,8,36.3247,0.0054,0.1265,36.1928
physx_gpu,tgs,65536,20,4,1,9,36.2266,0.0044,0.0975,36.1246
physx_gpu,tgs,65536,20,4,1,10,36.0178,0.0047,0.1002,35.9127
physx_gpu,tgs,65536,20,4,1,11,35.5585,0.0046,0.1001,35.4537
physx_gpu,tgs,65536,20,4,1,12,35.2151,0.0044,0.0998,35.1108
physx_gpu,tgs,65536,20,4,1,13,35.1967,0.005,0.1086,35.083
physx_gpu,tgs,65536,20,4,1,14,35.1421,0.0049,0.1091,35.028
physx_gpu,tgs,65536,20,4,1,15,34.9446,0.005,0.1021,34.8372
physx_gpu,tgs,65536,20,4,1,16,35.7601,0.0104,0.1644,35.5852
physx_gpu,tgs,65536,20,4,1,17,35.3221,0.0045,0.1022,35.2153
physx_gpu,tgs,65536,20,4,1,18,36.4638,0.0052,0.1175,36.341
physx_gpu,tgs,65536,20,4,1,19,36.338,0.0055,0.2085,36.1238
physx_gpu,tgs,65536,20,4,1,20,35.1918,0.0091,0.1264,35.0561
physx_gpu,tgs,65536,20,4,1,21,34.6145,0.0052,0.1068,34.5024
physx_gpu,tgs,65536,20,4,1,22,34.3171,0.0049,0.0907,34.2214
physx_gpu,tgs,65536,20,4,1,23,34.4957,0.005,0.1236,34.367
physx_gpu,tgs,65536,20,4,1,24,34.8925,0.0057,0.1226,34.7642
physx_gpu,tgs,65536,20,4,1,25,35.8478,0.029,0.0929,35.7258
physx_gpu,tgs,65536,20,4,1,26,36.0151,0.0313,0.1013,35.8825
physx_gpu,tgs,65536,20,4,1,27,35.927,0.0052,0.1025,35.819
physx_gpu,tgs,65536,20,4,1,28,35.9595,0.0058,0.0998,35.8539
physx_gpu,tgs,65536,20,4,1,29,35.3493,0.0058,0.1047,35.2387
physx_gpu,tgs,65536,20,4,1,30,35.5521,0.0323,0.1399,35.3799
physx_gpu,tgs,65536,20,4,1,31,35.6365,0.0056,0.113,35.5178
physx_gpu,tgs,65536,20,4,1,32,34.5872,0.006,0.1064,34.4747
physx_gpu,tgs,65536,20,4,1,33,34.6913,0.0049,0.1107,34.5756
physx_gpu,tgs,65536,20,4,1,34,35.291,0.0057,0.1122,35.173
physx_gpu,tgs,65536,20,4,1,35,34.0471,0.0066,0.1075,33.9329
physx_gpu,tgs,65536,20,4,1,36,35.262,0.0063,0.1186,35.137
physx_gpu,tgs,65536,20,4,1,37,37.0316,0.0062,0.1184,36.9069
physx_gpu,tgs,65536,20,4,1,38,33.7019,0.0061,0.1412,33.5545
physx_gpu,tgs,65536,20,4,1,39,32.5618,0.0049,0.0818,32.475
physx_gpu,tgs,65536,20,4,2,0,37.4957,0.0052,0.1221,37.3682
physx_gpu,tgs,65536,20,4,2,1,37.6363,0.0045,0.1059,37.5258
physx_gpu,tgs,65536,20,4,2,2,37.8898,0.0048,0.1023,37.7826
physx_gpu,tgs,65536,20,4,2,3,37.4094,0.0049,0.1084,37.2959
physx_gpu,tgs,65536,20,4,2,4,37.1889,0.0047,0.1206,37.0635
physx_gpu,tgs,65536,20,4,2,5,36.7272,0.0047,0.095,36.6274
physx_gpu,tgs,65536,20,4,2,6,36.7536,0.0049,0.1001,36.6485
physx_gpu,tgs,65536,20,4,2,7,36.3035,0.0044,0.1222,36.1768
physx_gpu,tgs,65536,20,4,2,8,36.5554,0.009,0.1407,36.4057
physx_gpu,tgs,65536,20,4,2,9,37.0514,0.0049,0.1046,36.9419
physx_gpu,tgs,65536,20,4,2,10,36.2373,0.0043,0.1006,36.1323
physx_gpu,tgs,65536,20,4,2,11,35.5324,0.0048,0.1044,35.423
physx_gpu,tgs,65536,20,4,2,12,35.4101,0.0048,0.0948,35.3105
physx_gpu,tgs,65536,20,4,2,13,35.1513,0.0048,0.1027,35.0438
physx_gpu,tgs,65536,20,4,2,14,35.1334,0.0046,0.1032,35.0255
physx_gpu,tgs,65536,20,4,2,15,35.2151,0.0046,0.0733,35.1371
physx_gpu,tgs,65536,20,4,2,16,35.3931,0.0051,0.1254,35.2626
physx_gpu,tgs,65536,20,4,2,17,34.6919,0.0046,0.0995,34.5875
physx_gpu,tgs,65536,20,4,2,18,34.6253,0.0046,0.1043,34.5163
physx_gpu,tgs,65536,20,4,2,19,34.5058,0.0046,0.1021,34.3989
physx_gpu,tgs,65536,20,4,2,20,33.7457,0.0044,0.0958,33.6454
physx_gpu,tgs,65536,20,4,2,21,33.9774,0.0041,0.103,33.8703
physx_gpu,tgs,65536,20,4,2,22,33.4459,0.0042,0.0966,33.3451
physx_gpu,tgs,65536,20,4,2,23,33.9842,0.0055,0.0819,33.8965
physx_gpu,tgs,65536,20,4,2,24,34.2503,0.007,0.1255,34.1177
physx_gpu,tgs,65536,20,4,2,25,33.395,0.0044,0.1011,33.2895
physx_gpu,tgs,65536,20,4,2,26,33.3348,0.0047,0.1014,33.2285
physx_gpu,tgs,65536,20,4,2,27,33.8532,0.005,0.1019,33.7462
physx_gpu,tgs,65536,20,4,2,28,33.1118,0.0045,0.1051,33.0022
physx_gpu,tgs,65536,20,4,2,29,33.6832,0.0045,0.1049,33.5737
physx_gpu,tgs,65536,20,4,2,30,33.1548,0.0047,0.1018,33.0481
physx_gpu,tgs,65536,20,4,2,31,33.1125,0.0044,0.1058,33.0022
physx_gpu,tgs,65536,20,4,2,32,33.7003,0.0052,0.1098,33.5854
physx_gpu,tgs,65536,20,4,2,33,33.1617,0.0047,0.1013,33.0557
physx_gpu,tgs,65536,20,4,2,34,33.025,0.0046,0.1065,32.9138
physx_gpu,tgs,65536,20,4,2,35,32.862,0.0046,0.1024,32.7549
physx_gpu,tgs,65536,20,4,2,36,32.3274,0.0045,0.1049,32.2179
physx_gpu,tgs,65536,20,4,2,37,33.3479,0.0046,0.091,33.2522
physx_gpu,tgs,65536,20,4,2,38,32.8698,0.0045,0.1078,32.7576
physx_gpu,tgs,65536,20,4,2,39,34.8563,0.0047,0.0929,34.7586
physx_gpu,tgs,65536,20,4,3,0,37.7803,0.0055,0.1199,37.6549
physx_gpu,tgs,65536,20,4,3,1,37.29,0.0053,0.1058,37.1787
physx_gpu,tgs,65536,20,4,3,2,37.5169,0.0048,0.1057,37.4063
physx_gpu,tgs,65536,20,4,3,3,36.9292,0.005,0.1007,36.8234
physx_gpu,tgs,65536,20,4,3,4,37.0517,0.0043,0.1005,36.9466
physx_gpu,tgs,65536,20,4,3,5,37.1947,0.0045,0.0957,37.0945
physx_gpu,tgs,65536,20,4,3,6,36.8766,0.0047,0.0985,36.7733
physx_gpu,tgs,65536,20,4,3,7,36.2995,0.0048,0.104,36.1906
physx_gpu,tgs,65536,20,4,3,8,36.1986,0.0059,0.0843,36.1085
physx_gpu,tgs,65536,20,4,3,9,35.9664,0.0052,0.112,35.8489
physx_gpu,tgs,65536,20,4,3,10,35.3604,0.0046,0.1033,35.2524
physx_gpu,tgs,65536,20,4,3,11,35.7152,0.0045,0.0992,35.6114
physx_gpu,tgs,65536,20,4,3,12,35.1415,0.0046,0.1017,35.0352
physx_gpu,tgs,65536,20,4,3,13,34.9513,0.0041,0.0993,34.8478
physx_gpu,tgs,65536,20,4,3,14,35.1035,0.0044,0.0982,35.0008
physx_gpu,tgs,65536,20,4,3,15,35.2689,0.0044,0.0948,35.1695
physx_gpu,tgs,65536,20,4,3,16,35.3037,0.0051,0.1002,35.1984
physx_gpu,tgs,65536,20,4,3,17,34.9196,0.0048,0.107,34.8077
physx_gpu,tgs,65536,20,4,3,18,34.2091,0.0043,0.1016,34.1031
physx_gpu,tgs,65536,20,4,3,19,34.2272,0.0045,0.1092,34.1135
physx_gpu,tgs,65536,20,4,3,20,34.4227,0.0049,0.1044,34.3132
physx_gpu,tgs,65536,20,4,3,21,34.9801,0.0044,0.1067,34.8687
physx_gpu,tgs,65536,20,4,3,22,34.2347,0.0052,0.1101,34.1195
physx_gpu,tgs,65536,20,4,3,23,33.9109,0.0042,0.1078,33.7989
physx_gpu,tgs,65536,20,4,3,24,35.038,0.007,0.121,34.91
physx_gpu,tgs,65536,20,4,3,25,33.7936,0.0047,0.1124,33.6765
physx_gpu,tgs,65536,20,4,3,26,33.6494,0.0045,0.1038,33.5409
physx_gpu,tgs,65536,20,4,3,27,33.3555,0.0048,0.0815,33.2691
physx_gpu,tgs,65536,20,4,3,28,33.392,0.0047,0.0967,33.2905
physx_gpu,tgs,65536,20,4,3,29,33.3137,0.0044,0.0967,33.2124
physx_gpu,tgs,65536,20,4,3,30,33.0272,0.0044,0.1117,32.911
physx_gpu,tgs,65536,20,4,3,31,32.8768,0.0047,0.1,32.7721
physx_gpu,tgs,65536,20,4,3,32,33.283,0.0049,0.1103,33.1678
physx_gpu,tgs,65536,20,4,3,33,32.8143,0.0046,0.0945,32.7151
physx_gpu,tgs,65536,20,4,3,34,33.7376,0.0046,0.1028,33.6301
physx_gpu,tgs,65536,20,4,3,35,32.4294,0.0045,0.0966,32.3282
physx_gpu,tgs,65536,20,4,3,36,32.6622,0.0056,0.0699,32.5866
physx_gpu,tgs,65536,20,4,3,37,33.3844,0.0045,0.0885,33.2914
physx_gpu,tgs,65536,20,4,3,38,33.3963,0.0049,0.1067,33.2847
physx_gpu,tgs,65536,20,4,3,39,32.8181,0.0049,0.0924,32.7207
physx_gpu,tgs,65536,30,4,1,0,28.8508,0.005,0.1205,28.7252
physx_gpu,tgs,65536,30,4,1,1,29.7744,0.0047,0.0968,29.6727
physx_gpu,tgs,65536,30,4,1,2,30.5659,0.006,0.1118,30.4479
physx_gpu,tgs,65536,30,4,1,3,30.1945,0.0052,0.1192,30.07
physx_gpu,tgs,65536,30,4,1,4,29.3734,0.0059,0.1031,29.2643
physx_gpu,tgs,65536,30,4,1,5,30.1251,0.0047,0.1135,30.0067
physx_gpu,tgs,65536,30,4,1,6,29.8874,0.0046,0.111,29.7718
physx_gpu,tgs,65536,30,4,1,7,30.7409,0.0041,0.1053,30.6315
physx_gpu,tgs,65536,30,4,1,8,30.616,0.0099,0.1579,30.4482
physx_gpu,tgs,65536,30,4,1,9,30.182,0.0052,0.1211,30.0557
physx_gpu,tgs,65536,30,4,1,10,30.9427,0.0302,0.1154,30.7969
physx_gpu,tgs,65536,30,4,1,11,30.0014,0.0261,0.0971,29.8779
physx_gpu,tgs,65536,30,4,1,12,30.07,0.0294,0.0977,29.9428
physx_gpu,tgs,65536,30,4,1,13,29.8415,0.0046,0.1097,29.7271
physx_gpu,tgs,65536,30,4,1,14,29.5425,0.0263,0.0821,29.4339
physx_gpu,tgs,65536,30,4,1,15,29.0494,0.0046,0.1005,28.9442
physx_gpu,tgs,65536,30,4,1,16,29.6463,0.0115,0.1852,29.4493
physx_gpu,tgs,65536,30,4,1,17,27.4971,0.0043,0.1072,27.3855
physx_gpu,tgs,65536,30,4,1,18,27.1635,0.0046,0.0972,27.0616
physx_gpu,tgs,65536,30,4,1,19,27.177,0.0044,0.102,27.0705
physx_gpu,tgs,65536,30,4,1,20,27.0509,0.0047,0.0999,26.9462
physx_gpu,tgs,65536,30,4,1,21,28.2136,0.0047,0.1093,28.0994
physx_gpu,tgs,65536,30,4,1,22,27.2653,0.0052,0.1077,27.1525
physx_gpu,tgs,65536,30,4,1,23,27.0153,0.0043,0.1071,26.9039
physx_gpu,tgs,65536,30,4,1,24,26.8395,0.0053,0.1212,26.7129
physx_gpu,tgs,65536,30,4,1,25,26.5139,0.0042,0.1007,26.4088
physx_gpu,tgs,65536,30,4,1,26,26.2726,0.0044,0.1023,26.1655
physx_gpu,tgs,65536,30,4,1,27,26.5005,0.0043,0.1045,26.3917
physx_gpu,tgs,65536,30,4,1,28,26.3043,0.0044,0.0835,26.2163
physx_gpu,tgs,65536,30,4,1,29,26.1029,0.0045,0.0799,26.0184
physx_gpu,tgs,65536,30,4,1,30,25.8897,0.0041,0.1085,25.7771
physx_gpu,tgs,65536,30,4,1,31,26.2108,0.0047,0.1008,26.1051
physx_gpu,tgs,65536,30,4,1,32,26.775,0.0075,0.1476,26.62
physx_gpu,tgs,65536,30,4,1,33,25.4631,0.0046,0.1026,25.3559
physx_gpu,tgs,65536,30,4,1,34,25.8607,0.0044,0.1105,25.7457
physx_gpu,tgs,65536,30,4,1,35,25.718,0.0043,0.1069,25.6068
physx_gpu,tgs,65536,30,4,1,36,25.1571,0.0045,0.0886,25.064
physx_gpu,tgs,65536,30,4,1,37,25.9666,0.0041,0.0905,25.8719
physx_gpu,tgs,65536,30,4,1,38,25.9271,0.0044,0.108,25.8146
physx_gpu,tgs,65536,30,4,1,39,25.4701,0.0044,0.078,25.3876
physx_gpu,tgs,65536,30,4,2,0,28.4963,0.0049,0.1325,28.3589
physx_gpu,tgs,65536,30,4,2,1,28.5817,0.0047,0.0703,28.5064
physx_gpu,tgs,65536,30,4,2,2,27.7734,0.0045,0.1051,27.6636
physx_gpu,tgs,65536,30,4,2,3,27.8116,0.0043,0.0951,27.712
physx_gpu,tgs,65536,30,4,2,4,28.2121,0.005,0.1075,28.0995
physx_gpu,tgs,65536,30,4,2,5,28.5504,0.0044,0.0929,28.453
physx_gpu,tgs,65536,30,4,2,6,29.1048,0.0045,0.1087,28.9913
physx_gpu,tgs,65536,30,4,2,7,28.4417,0.0047,0.1037,28.3334
physx_gpu,tgs,65536,30,4,2,8,28.8223,0.005,0.1136,28.7037
physx_gpu,tgs,65536,30,4,2,9,29.1208,0.0049,0.1004,29.0154
physx_gpu,tgs,65536,30,4,2,10,28.6695,0.0043,0.0981,28.567
physx_gpu,tgs,65536,30,4,2,11,28.2703,0.0044,0.106,28.1598
physx_gpu,tgs,65536,30,4,2,12,28.2549,0.0048,0.0995,28.1505
physx_gpu,tgs,65536,30,4,2,13,29.3072,0.0043,0.0756,29.2273
physx_gpu,tgs,65536,30,4,2,14,27.7372,0.0044,0.0991,27.6335
physx_gpu,tgs,65536,30,4,2,15,27.6427,0.0049,0.1077,27.53
physx_gpu,tgs,65536,30,4,2,16,28.0474,0.0051,0.1125,27.9298
physx_gpu,tgs,65536,30,4,2,17,27.1254,0.0043,0.1015,27.0195
physx_gpu,tgs,65536,30,4,2,18,27.1671,0.0043,0.1001,27.0627
physx_gpu,tgs,65536,30,4,2,19,27.2451,0.0049,0.1119,27.1281
physx_gpu,tgs,65536,30,4,2,20,27.1962,0.0047,0.0966,27.0947
physx_gpu,tgs,65536,30,4,2,21,27.1849,0.0044,0.1092,27.0712
physx_gpu,tgs,65536,30,4,2,22,26.5727,0.0058,0.0985,26.4682
physx_gpu,tgs,65536,30,4,2,23,26.6646,0.0044,0.0959,26.5642
physx_gpu,tgs,65536,30,4,2,24,26.4699,0.0049,0.1185,26.3466
physx_gpu,tgs,65536,30,4,2,25,26.2278,0.0042,0.1062,26.1174
physx_gpu,tgs,65536,30,4,2,26,26.5847,0.0042,0.0947,26.4858
physx_gpu,tgs,65536,30,4,2,27,25.9255,0.0046,0.0953,25.8255
physx_gpu,tgs,65536,30,4,2,28,26.1534,0.0047,0.1116,26.037
physx_gpu,tgs,65536,30,4,2,29,25.8523,0.0042,0.0992,25.7486
physx_gpu,tgs,65536,30,4,2,30,25.547,0.0045,0.0943,25.4482
physx_gpu,tgs,65536,30,4,2,31,25.5395,0.0047,0.0999,25.4348
physx_gpu,tgs,65536,30,4,2,32,26.575,0.0049,0.1203,26.4498
physx_gpu,tgs,65536,30,4,2,33,26.1344,0.0041,0.1059,26.0243
physx_gpu,tgs,65536,30,4,2,34,25.729,0.0046,0.0955,25.6288
physx_gpu,tgs,65536,30,4,2,35,25.4372,0.0043,0.1103,25.3225
physx_gpu,tgs,65536,30,4,2,36,25.4679,0.0045,0.1134,25.3498
physx_gpu,tgs,65536,30,4,2,37,26.2046,0.0046,0.1039,26.0959
physx_gpu,tgs,65536,30,4,2,38,25.5457,0.0047,0.1094,25.4315
physx_gpu,tgs,65536,30,4,2,39,25.3459,0.0052,0.1103,25.2303
physx_gpu,tgs,65536,30,4,3,0,28.3233,0.005,0.1171,28.2012
physx_gpu,tgs,65536,30,4,3,1,27.4677,0.0046,0.0942,27.3688
physx_gpu,tgs,65536,30,4,3,2,28.2525,0.0046,0.1124,28.1354
physx_gpu,tgs,65536,30,4,3,3,28.1836,0.0046,0.0845,28.0943
physx_gpu,tgs,65536,30,4,3,4,28.0581,0.0047,0.0848,27.9685
physx_gpu,tgs,65536,30,4,3,5,28.6356,0.0049,0.1022,28.5284
physx_gpu,tgs,65536,30,4,3,6,28.6653,0.0044,0.1042,28.5566
physx_gpu,tgs,65536,30,4,3,7,28.4664,0.0042,0.1004,28.3617
physx_gpu,tgs,65536,30,4,3,8,29.1403,0.0048,0.1014,29.0341
physx_gpu,tgs,65536,30,4,3,9,28.5073,0.0046,0.1026,28.4001
physx_gpu,tgs,65536,30,4,3,10,28.7478,0.0044,0.1052,28.638
physx_gpu,tgs,65536,30,4,3,11,28.5017,0.0044,0.0709,28.4264
physx_gpu,tgs,65536,30,4,3,12,28.3666,0.0047,0.1008,28.2611
physx_gpu,tgs,65536,30,4,3,13,28.7693,0.0047,0.1063,28.6582
physx_gpu,tgs,65536,30,4,3,14,28.2409,0.0046,0.0993,28.1369
physx_gpu,tgs,65536,30,4,3,15,28.2635,0.0053,0.1055,28.1525
physx_gpu,tgs,65536,30,4,3,16,28.1912,0.0046,0.1116,28.075
physx_gpu,tgs,65536,30,4,3,17,27.4544,0.0042,0.1059,27.3442
physx_gpu,tgs,65536,30,4,3,18,27.2019,0.0044,0.1007,27.0968
physx_gpu,tgs,65536,30,4,3,19,27.5947,0.0045,0.1117,27.4786
physx_gpu,tgs,65536,30,4,3,20,27.2803,0.0045,0.0945,27.181
physx_gpu,tgs,65536,30,4,3,21,26.738,0.0044,0.1059,26.6276
physx_gpu,tgs,65536,30,4,3,22,26.5722,0.0047,0.0988,26.4686
physx_gpu,tgs,65536,30,4,3,23,27.2005,0.0047,0.0869,27.1088
physx_gpu,tgs,65536,30,4,3,24,27.0732,0.0051,0.1793,26.8887
physx_gpu,tgs,65536,30,4,3,25,26.1716,0.0044,0.1045,26.0626
physx_gpu,tgs,65536,30,4,3,26,26.1574,0.0048,0.1037,26.0487
physx_gpu,tgs,65536,30,4,3,27,26.1057,0.0047,0.1027,25.9982
physx_gpu,tgs,65536,30,4,3,28,25.9725,0.0043,0.1071,25.861
physx_gpu,tgs,65536,30,4,3,29,26.1508,0.0042,0.1025,26.0441
physx_gpu,tgs,65536,30,4,3,30,25.9806,0.0048,0.1025,25.8732
physx_gpu,tgs,65536,30,4,3,31,26.0215,0.0043,0.0857,25.9313
physx_gpu,tgs,65536,30,4,3,32,26.1385,0.0049,0.1211,26.0125
physx_gpu,tgs,65536,30,4,3,33,27.0182,0.0046,0.1033,26.9102
physx_gpu,tgs,65536,30,4,3,34,27.2614,0.0048,0.104,27.1525
physx_gpu,tgs,65536,30,4,3,35,26.1457,0.005,0.1134,26.0272
physx_gpu,tgs,65536,30,4,3,36,26.4746,0.0048,0.0932,26.3763
physx_gpu,tgs,65536,30,4,3,37,27.1621,0.0051,0.0968,27.0602
physx_gpu,tgs,65536,30,4,3,38,25.543,0.0045,0.0994,25.439
physx_gpu,tgs,65536,30,4,3,39,25.0007,0.0047,0.1015,24.8943
physx_gpu,tgs,65536,60,4,1,0,23.3431,0.005,0.119,23.2192
physx_gpu,tgs,65536,60,4,1,1,22.7958,0.0046,0.1007,22.6903
physx_gpu,tgs,65536,60,4,1,2,22.909,0.0042,0.0996,22.8052
physx_gpu,tgs,65536,60,4,1,3,22.688,0.0039,0.0973,22.5867
physx_gpu,tgs,65536,60,4,1,4,22.7419,0.0041,0.0919,22.6459
physx_gpu,tgs,65536,60,4,1,5,22.8461,0.004,0.1005,22.7416
physx_gpu,tgs,65536,60,4,1,6,22.7813,0.004,0.1008,22.6764
physx_gpu,tgs,65536,60,4,1,7,22.576,0.0039,0.101,22.4711
physx_gpu,tgs,65536,60,4,1,8,22.6191,0.0045,0.1112,22.5033
physx_gpu,tgs,65536,60,4,1,9,22.3581,0.004,0.1016,22.2523
physx_gpu,tgs,65536,60,4,1,10,22.4304,0.004,0.0937,22.3326
physx_gpu,tgs,65536,60,4,1,11,22.4897,0.0042,0.0919,22.3933
physx_gpu,tgs,65536,60,4,1,12,22.6199,0.0042,0.111,22.5044
physx_gpu,tgs,65536,60,4,1,13,22.7181,0.0038,0.0934,22.6209
physx_gpu,tgs,65536,60,4,1,14,23.0348,0.0038,0.1003,22.9306
physx_gpu,tgs,65536,60,4,1,15,22.6677,0.0036,0.0975,22.5665
physx_gpu,tgs,65536,60,4,1,16,23.2743,0.0046,0.1178,23.1519
physx_gpu,tgs,65536,60,4,1,17,22.6012,0.0058,0.0996,22.4957
physx_gpu,tgs,65536,60,4,1,18,22.5489,0.0046,0.0975,22.4467
physx_gpu,tgs,65536,60,4,1,19,22.6246,0.0043,0.0922,22.528
physx_gpu,tgs,65536,60,4,1,20,22.4122,0.0043,0.0945,22.3133
physx_gpu,tgs,65536,60,4,1,21,22.137,0.004,0.0951,22.0379
physx_gpu,tgs,65536,60,4,1,22,22.0133,0.0037,0.0966,21.913
physx_gpu,tgs,65536,60,4,1,23,22.0287,0.004,0.0938,21.9308
physx_gpu,tgs,65536,60,4,1,24,22.1064,0.0044,0.1216,21.9804
physx_gpu,tgs,65536,60,4,1,25,21.7647,0.0042,0.0955,21.665
physx_gpu,tgs,65536,60,4,1,26,22.1211,0.0037,0.1005,22.0168
physx_gpu,tgs,65536,60,4,1,27,22.0633,0.0035,0.093,21.9666
physx_gpu,tgs,65536,60,4,1,28,21.6126,0.0038,0.0928,21.5159
physx_gpu,tgs,65536,60,4,1,29,21.6241,0.004,0.1002,21.5198
physx_gpu,tgs,65536,60,4,1,30,21.5943,0.0035,0.0969,21.4938
physx_gpu,tgs,65536,60,4,1,31,21.796,0.0039,0.0983,21.6937
physx_gpu,tgs,65536,60,4,1,32,22.0957,0.0042,0.1185,21.9729
physx_gpu,tgs,65536,60,4,1,33,21.742,0.0042,0.0999,21.6378
physx_gpu,tgs,65536,60,4,1,34,21.8383,0.0037,0.1043,21.7302
physx_gpu,tgs,65536,60,4,1,35,21.6052,0.0039,0.1013,21.5001
physx_gpu,tgs,65536,60,4,1,36,21.5595,0.0038,0.093,21.4626
physx_gpu,tgs,65536,60,4,1,37,22.4449,0.0034,0.0994,22.342
physx_gpu,tgs,65536,60,4,1,38,21.5428,0.0034,0.1002,21.4391
physx_gpu,tgs,65536,60,4,1,39,21.6992,0.0033,0.0993,21.5966
physx_gpu,tgs,65536,60,4,2,0,23.2597,0.0055,0.1326,23.1216
physx_gpu,tgs,65536,60,4,2,1,22.8232,0.0039,0.0987,22.7206
physx_gpu,tgs,65536,60,4,2,2,22.7448,0.004,0.0973,22.6435
physx_gpu,tgs,65536,60,4,2,3,22.7969,0.004,0.0972,22.6956
physx_gpu,tgs,65536,60,4,2,4,22.5751,0.004,0.0931,22.4779
physx_gpu,tgs,65536,60,4,2,5,22.5799,0.0037,0.1006,22.4755
physx_gpu,tgs,65536,60,4,2,6,22.6321,0.0041,0.1014,22.5265
physx_gpu,tgs,65536,60,4,2,7,22.4951,0.004,0.0957,22.3952
physx_gpu,tgs,65536,60,4,2,8,22.4793,0.0046,0.1152,22.3595
physx_gpu,tgs,65536,60,4,2,9,22.4582,0.0037,0.0987,22.3558
physx_gpu,tgs,65536,60,4,2,10,22.4109,0.0037,0.0961,22.311
physx_gpu,tgs,65536,60,4,2,11,22.4938,0.0049,0.1025,22.3864
physx_gpu,tgs,65536,60,4,2,12,22.5832,0.004,0.0983,22.4808
physx_gpu,tgs,65536,60,4,2,13,22.5867,0.0037,0.092,22.4909
physx_gpu,tgs,65536,60,4,2,14,22.7915,0.0038,0.1037,22.6839
physx_gpu,tgs,65536,60,4,2,15,23.0152,0.0039,0.0965,22.9146
physx_gpu,tgs,65536,60,4,2,16,22.8759,0.0046,0.1286,22.7428
physx_gpu,tgs,65536,60,4,2,17,22.7562,0.004,0.0961,22.6561
physx_gpu,tgs,65536,60,4,2,18,22.5728,0.0038,0.1004,22.4686
physx_gpu,tgs,65536,60,4,2,19,22.5131,0.0037,0.0997,22.4096
physx_gpu,tgs,65536,60,4,2,20,22.5434,0.0037,0.0928,22.4468
physx_gpu,tgs,65536,60,4,2,21,22.5798,0.0045,0.1013,22.4739
physx_gpu,tgs,65536,60,4,2,22,22.1753,0.0038,0.0994,22.0719
physx_gpu,tgs,65536,60,4,2,23,22.1166,0.0037,0.1032,22.0096
physx_gpu,tgs,65536,60,4,2,24,22.1074,0.0052,0.1198,21.9823
physx_gpu,tgs,65536,60,4,2,25,21.8009,0.0039,0.1041,21.6928
physx_gpu,tgs,65536,60,4,2,26,21.6584,0.0037,0.0939,21.5607
physx_gpu,tgs,65536,60,4,2,27,21.7386,0.0034,0.0974,21.6377
physx_gpu,tgs,65536,60,4,2,28,21.673,0.0038,0.0986,21.5705
physx_gpu,tgs,65536,60,4,2,29,21.6185,0.0035,0.0933,21.5216
physx_gpu,tgs,65536,60,4,2,30,21.5921,0.0038,0.1003,21.4879
physx_gpu,tgs,65536,60,4,2,31,21.6975,0.0038,0.0971,21.5965
physx_gpu,tgs,65536,60,4,2,32,22.1719,0.0042,0.1116,22.0561
physx_gpu,tgs,65536,60,4,2,33,21.6275,0.004,0.0938,21.5297
physx_gpu,tgs,65536,60,4,2,34,21.7753,0.0039,0.0901,21.6813
physx_gpu,tgs,65536,60,4,2,35,21.6816,0.0038,0.0991,21.5788
physx_gpu,tgs,65536,60,4,2,36,21.8585,0.0031,0.0967,21.7587
physx_gpu,tgs,65536,60,4,2,37,22.6181,0.0037,0.0904,22.524
physx_gpu,tgs,65536,60,4,2,38,21.5296,0.0039,0.0985,21.4272
physx_gpu,tgs,65536,60,4,2,39,21.6408,0.0031,0.0988,21.5389
physx_gpu,tgs,65536,60,4,3,0,23.107,0.0048,0.1191,22.9831
physx_gpu,tgs,65536,60,4,3,1,22.8522,0.004,0.096,22.7521
physx_gpu,tgs,65536,60,4,3,2,22.5825,0.0056,0.0917,22.4851
physx_gpu,tgs,65536,60,4,3,3,22.8349,0.0042,0.0984,22.7322
physx_gpu,tgs,65536,60,4,3,4,22.9006,0.0033,0.0986,22.7987
physx_gpu,tgs,65536,60,4,3,5,22.6582,0.0034,0.101,22.5538
physx_gpu,tgs,65536,60,4,3,6,22.8858,0.0038,0.0924,22.7897
physx_gpu,tgs,65536,60,4,3,7,22.7498,0.0036,0.0909,22.6553
physx_gpu,tgs,65536,60,4,3,8,22.6532,0.0044,0.1543,22.4944
physx_gpu,tgs,65536,60,4,3,9,22.3398,0.004,0.0953,22.2404
physx_gpu,tgs,65536,60,4,3,10,22.3875,0.0042,0.1028,22.2804
physx_gpu,tgs,65536,60,4,3,11,22.2594,0.0041,0.0927,22.1625
physx_gpu,tgs,65536,60,4,3,12,22.5181,0.0038,0.0924,22.4217
physx_gpu,tgs,65536,60,4,3,13,22.7412,0.0044,0.1072,22.6295
physx_gpu,tgs,65536,60,4,3,14,23.053,0.0038,0.1013,22.9476
physx_gpu,tgs,65536,60,4,3,15,22.7305,0.0043,0.105,22.6211
physx_gpu,tgs,65536,60,4,3,16,23.2041,0.0046,0.113,23.0865
physx_gpu,tgs,65536,60,4,3,17,22.6428,0.0045,0.0985,22.5398
physx_gpu,tgs,65536,60,4,3,18,22.9069,0.0037,0.1015,22.8016
physx_gpu,tgs,65536,60,4,3,19,22.6395,0.0042,0.1014,22.5339
physx_gpu,tgs,65536,60,4,3,20,22.3946,0.0036,0.0997,22.2912
physx_gpu,tgs,65536,60,4,3,21,22.3756,0.0043,0.0926,22.2786
physx_gpu,tgs,65536,60,4,3,22,22.2633,0.004,0.0954,22.1637
physx_gpu,tgs,65536,60,4,3,23,22.0201,0.0034,0.0932,21.9232
physx_gpu,tgs,65536,60,4,3,24,22.3736,0.0044,0.1232,22.246
physx_gpu,tgs,65536,60,4,3,25,21.8573,0.0044,0.1021,21.7507
physx_gpu,tgs,65536,60,4,3,26,21.7597,0.0039,0.0928,21.6629
physx_gpu,tgs,65536,60,4,3,27,21.7396,0.0036,0.0971,21.6389
physx_gpu,tgs,65536,60,4,3,28,21.8135,0.0034,0.0913,21.7188
physx_gpu,tgs,65536,60,4,3,29,21.8653,0.0034,0.0972,21.7646
physx_gpu,tgs,65536,60,4,3,30,21.5706,0.0032,0.0922,21.4749
physx_gpu,tgs,65536,60,4,3,31,21.6116,0.0036,0.0986,21.5094
physx_gpu,tgs,65536,60,4,3,32,21.8925,0.0064,0.1289,21.7571
physx_gpu,tgs,65536,60,4,3,33,21.7053,0.0042,0.0889,21.6122
physx_gpu,tgs,65536,60,4,3,34,21.7945,0.0041,0.0995,21.6908
physx_gpu,tgs,65536,60,4,3,35,21.6716,0.0037,0.1016,21.5662
physx_gpu,tgs,65536,60,4,3,36,21.6463,0.0032,0.0935,21.5494
physx_gpu,tgs,65536,60,4,3,37,22.514,0.004,0.0973,22.4126
physx_gpu,tgs,65536,60,4,3,38,21.9154,0.0034,0.0989,21.8127
physx_gpu,tgs,65536,60,4,3,39,21.652,0.0037,0.092,21.5561
physx_gpu,tgs,10000,60,16,1,0,5.4875,0.0031,0.0722,5.4122
physx_gpu,tgs,10000,60,16,1,1,5.5435,0.0028,0.0713,5.4694
physx_gpu,tgs,10000,60,16,1,2,6.3803,0.0028,0.0757,6.3018
physx_gpu,tgs,10000,60,16,1,3,5.5389,0.0037,0.0799,5.4553
physx_gpu,tgs,10000,60,16,1,4,5.5667,0.0256,0.0666,5.4743
physx_gpu,tgs,10000,60,16,1,5,5.4779,0.0031,0.0821,5.3927
physx_gpu,tgs,10000,60,16,1,6,5.5072,0.0034,0.0786,5.4251
physx_gpu,tgs,10000,60,16,1,7,5.4567,0.0253,0.0678,5.3637
physx_gpu,tgs,10000,60,16,1,8,6.6836,0.0032,0.0885,6.5919
physx_gpu,tgs,10000,60,16,1,9,5.5066,0.0031,0.077,5.4264
physx_gpu,tgs,10000,60,16,1,10,5.6298,0.0029,0.0789,5.5481
physx_gpu,tgs,10000,60,16,1,11,5.4624,0.0211,0.0684,5.3729
physx_gpu,tgs,10000,60,16,1,12,5.3648,0.0027,0.0783,5.2838
physx_gpu,tgs,10000,60,16,1,13,5.5365,0.003,0.0613,5.4722
physx_gpu,tgs,10000,60,16,1,14,6.176,0.0037,0.2513,5.9209
physx_gpu,tgs,10000,60,16,1,15,5.4044,0.0038,0.0679,5.3325
physx_gpu,tgs,10000,60,16,1,16,5.4647,0.0031,0.0642,5.3974
physx_gpu,tgs,10000,60,16,1,17,5.4625,0.0028,0.0809,5.3787
physx_gpu,tgs,10000,60,16,1,18,5.4484,0.0029,0.0687,5.3769
physx_gpu,tgs,10000,60,16,1,19,5.6657,0.0031,0.082,5.5806
physx_gpu,tgs,10000,60,16,1,20,5.5292,0.0028,0.078,5.4484
physx_gpu,tgs,10000,60,16,1,21,5.409,0.0032,0.0688,5.3371
physx_gpu,tgs,10000,60,16,1,22,5.4104,0.0031,0.0708,5.3364
physx_gpu,tgs,10000,60,16,1,23,5.4365,0.0031,0.0819,5.3516
physx_gpu,tgs,10000,60,16,1,24,6.0479,0.0033,0.0825,5.9622
physx_gpu,tgs,10000,60,16,1,25,5.8253,0.0033,0.0852,5.7366
physx_gpu,tgs,10000,60,16,1,26,5.414,0.0026,0.0743,5.3369
physx_gpu,tgs,10000,60,16,1,27,5.4516,0.0026,0.0811,5.3678
physx_gpu,tgs,10000,60,16,1,28,5.4531,0.003,0.0692,5.3808
physx_gpu,tgs,10000,60,16,1,29,5.5308,0.0029,0.0727,5.4551
physx_gpu,tgs,10000,60,16,1,30,6.349,0.026,0.0821,6.2409
physx_gpu,tgs,10000,60,16,1,31,5.5998,0.0029,0.076,5.521
physx_gpu,tgs,10000,60,16,1,32,5.563,0.0039,0.0839,5.4751
physx_gpu,tgs,10000,60,16,1,33,5.5397,0.003,0.0702,5.4664
physx_gpu,tgs,10000,60,16,1,34,5.5513,0.0028,0.0897,5.4587
physx_gpu,tgs,10000,60,16,1,35,5.4305,0.0207,0.0684,5.3413
physx_gpu,tgs,10000,60,16,1,36,6.3181,0.0029,0.075,6.2402
physx_gpu,tgs,10000,60,16,1,37,5.4423,0.003,0.0767,5.3627
physx_gpu,tgs,10000,60,16,1,38,5.4988,0.0027,0.0758,5.4203
physx_gpu,tgs,10000,60,16,1,39,5.487,0.0032,0.0761,5.4077
physx_gpu,tgs,10000,60,16,2,0,5.602,0.0031,0.0681,5.5308
physx_gpu,tgs,10000,60,16,2,1,6.3379,0.0027,0.2473,6.0879
physx_gpu,tgs,10000,60,16,2,2,5.4556,0.0027,0.0806,5.3723
physx_gpu,tgs,10000,60,16,2,3,5.4572,0.003,0.0755,5.3787
physx_gpu,tgs,10000,60,16,2,4,5.4455,0.0208,0.0776,5.3471
physx_gpu,tgs,10000,60,16,2,5,5.5572,0.021,0.0679,5.4683
physx_gpu,tgs,10000,60,16,2,6,5.964,0.0027,0.0761,5.8852
physx_gpu,tgs,10000,60,16,2,7,5.7945,0.0026,0.0793,5.7125
physx_gpu,tgs,10000,60,16,2,8,5.5299,0.0032,0.0665,5.4602
physx_gpu,tgs,10000,60,16,2,9,5.4788,0.0209,0.0685,5.3893
physx_gpu,tgs,10000,60,16,2,10,5.4472,0.0027,0.0757,5.3688
physx_gpu,tgs,10000,60,16,2,11,5.5753,0.0029,0.0824,5.4898
physx_gpu,tgs,10000,60,16,2,12,5.6272,0.0027,0.0796,5.5449
physx_gpu,tgs,10000,60,16,2,13,5.7957,0.0042,0.07,5.7214
physx_gpu,tgs,10000,60,16,2,14,5.5243,0.0028,0.0808,5.4408
physx_gpu,tgs,10000,60,16,2,15,5.4885,0.0032,0.0818,5.4036
physx_gpu,tgs,10000,60,16,2,16,5.4755,0.0031,0.0648,5.4076
physx_gpu,tgs,10000,60,16,2,17,5.7269,0.0029,0.0788,5.6452
physx_gpu,tgs,10000,60,16,2,18,5.5643,0.0083,0.0934,5.4625
physx_gpu,tgs,10000,60,16,2,19,5.5528,0.0032,0.0706,5.479
physx_gpu,tgs,10000,60,16,2,20,5.4628,0.0031,0.0794,5.3803
physx_gpu,tgs,10000,60,16,2,21,5.5466,0.0032,0.0894,5.454
physx_gpu,tgs,10000,60,16,2,22,5.4351,0.0033,0.078,5.3537
physx_gpu,tgs,10000,60,16,2,23,5.6478,0.0029,0.078,5.5669
physx_gpu,tgs,10000,60,16,2,24,5.5878,0.0035,0.0759,5.5085
physx_gpu,tgs,10000,60,16,2,25,5.5019,0.0026,0.0744,5.425
physx_gpu,tgs,10000,60,16,2,26,5.4493,0.0031,0.0678,5.3785
physx_gpu,tgs,10000,60,16,2,27,5.4438,0.0027,0.0714,5.3697
physx_gpu,tgs,10000,60,16,2,28,5.5993,0.0032,0.0784,5.5177
physx_gpu,tgs,10000,60,16,2,29,6.3409,0.003,0.0683,6.2696
physx_gpu,tgs,10000,60,16,2,30,5.4697,0.0073,0.0768,5.3856
physx_gpu,tgs,10000,60,16,2,31,5.5145,0.0207,0.0779,5.416
physx_gpu,tgs,10000,60,16,2,32,5.5003,0.0034,0.0889,5.4079
physx_gpu,tgs,10000,60,16,2,33,5.5755,0.0033,0.0486,5.5236
physx_gpu,tgs,10000,60,16,2,34,5.8229,0.0027,0.0819,5.7382
physx_gpu,tgs,10000,60,16,2,35,5.5895,0.0026,0.0735,5.5133
physx_gpu,tgs,10000,60,16,2,36,5.4632,0.0026,0.0733,5.3872
physx_gpu,tgs,10000,60,16,2,37,5.5316,0.0211,0.068,5.4425
physx_gpu,tgs,10000,60,16,2,38,5.4698,0.003,0.082,5.3847
physx_gpu,tgs,10000,60,16,2,39,5.474,0.0029,0.0741,5.397
physx_gpu,tgs,10000,60,16,3,0,6.4177,0.0033,0.0772,6.3372
physx_gpu,tgs,10000,60,16,3,1,5.6919,0.0032,0.0819,5.6068
physx_gpu,tgs,10000,60,16,3,2,5.4724,0.0029,0.0913,5.3781
physx_gpu,tgs,10000,60,16,3,3,5.4264,0.0031,0.0647,5.3586
physx_gpu,tgs,10000,60,16,3,4,5.444,0.003,0.0744,5.3666
physx_gpu,tgs,10000,60,16,3,5,5.5089,0.0209,0.0784,5.4096
physx_gpu,tgs,10000,60,16,3,6,6.4044,0.0027,0.078,6.3238
physx_gpu,tgs,10000,60,16,3,7,5.5972,0.0027,0.0816,5.513
physx_gpu,tgs,10000,60,16,3,8,5.4785,0.0035,0.0849,5.39
physx_gpu,tgs,10000,60,16,3,9,5.4031,0.0031,0.0858,5.3142
physx_gpu,tgs,10000,60,16,3,10,5.5139,0.0032,0.0753,5.4354
physx_gpu,tgs,10000,60,16,3,11,5.6562,0.0208,0.068,5.5673
physx_gpu,tgs,10000,60,16,3,12,6.2003,0.0033,0.082,6.1151
physx_gpu,tgs,10000,60,16,3,13,5.4858,0.0034,0.0784,5.4041
physx_gpu,tgs,10000,60,16,3,14,5.4608,0.0027,0.0737,5.3843
physx_gpu,tgs,10000,60,16,3,15,5.5737,0.0028,0.0872,5.4837
physx_gpu,tgs,10000,60,16,3,16,5.5565,0.0034,0.08,5.4731
physx_gpu,tgs,10000,60,16,3,17,5.7109,0.0031,0.0688,5.6389
physx_gpu,tgs,10000,60,16,3,18,5.5256,0.0028,0.0782,5.4446
physx_gpu,tgs,10000,60,16,3,19,5.4721,0.0027,0.0815,5.3878
physx_gpu,tgs,10000,60,16,3,20,5.5612,0.0027,0.0773,5.4811
physx_gpu,tgs,10000,60,16,3,21,5.4431,0.004,0.0664,5.3728
physx_gpu,tgs,10000,60,16,3,22,5.5064,0.0029,0.0795,5.424
physx_gpu,tgs,10000,60,16,3,23,5.8263,0.003,0.0718,5.7516
physx_gpu,tgs,10000,60,16,3,24,5.5724,0.0033,0.0852,5.4839
physx_gpu,tgs,10000,60,16,3,25,5.529,0.0029,0.0702,5.4559
physx_gpu,tgs,10000,60,16,3,26,5.4954,0.0029,0.0819,5.4107
physx_gpu,tgs,10000,60,16,3,27,5.5751,0.0028,0.0813,5.491
physx_gpu,tgs,10000,60,16,3,28,6.3824,0.003,0.0695,6.3099
physx_gpu,tgs,10000,60,16,3,29,5.6702,0.0032,0.0834,5.5836
physx_gpu,tgs,10000,60,16,3,30,5.5228,0.0028,0.0773,5.4427
physx_gpu,tgs,10000,60,16,3,31,5.5092,0.0028,0.0837,5.4226
physx_gpu,tgs,10000,60,16,3,32,5.5014,0.0029,0.0649,5.4335
physx_gpu,tgs,10000,60,16,3,33,5.5882,0.0027,0.0733,5.5121
physx_gpu,tgs,10000,60,16,3,34,6.2307,0.0031,0.0742,6.1535
physx_gpu,tgs,10000,60,16,3,35,5.5269,0.0029,0.0804,5.4435
physx_gpu,tgs,10000,60,16,3,36,5.5393,0.003,0.0859,5.4504
physx_gpu,tgs,10000,60,16,3,37,5.4999,0.003,0.0862,5.4107
physx_gpu,tgs,10000,60,16,3,38,5.4761,0.0029,0.0729,5.4004
physx_gpu,tgs,10000,60,16,3,39,5.5231,0.0036,0.0667,5.4528
physx_gpu,tgs,10000,60,64,1,0,14.4262,0.0036,0.0748,14.3479
physx_gpu,tgs,10000,60,64,1,1,14.9379,0.0029,0.0747,14.8602
physx_gpu,tgs,10000,60,64,1,2,14.4994,0.004,0.0804,14.415
physx_gpu,tgs,10000,60,64,1,3,14.7416,0.003,0.0901,14.6485
physx_gpu,tgs,10000,60,64,1,4,14.2886,0.0039,0.0712,14.2134
physx_gpu,tgs,10000,60,64,1,5,14.7799,0.0026,0.0783,14.6991
physx_gpu,tgs,10000,60,64,1,6,14.3424,0.003,0.0734,14.2661
physx_gpu,tgs,10000,60,64,1,7,14.9181,0.0025,0.0779,14.8375
physx_gpu,tgs,10000,60,64,1,8,14.4466,0.0036,0.0725,14.3706
physx_gpu,tgs,10000,60,64,1,9,14.3712,0.003,0.0834,14.2848
physx_gpu,tgs,10000,60,64,1,10,15.3374,0.0039,0.1047,15.2287
physx_gpu,tgs,10000,60,64,1,11,14.4504,0.003,0.0807,14.3666
physx_gpu,tgs,10000,60,64,1,12,14.7919,0.0026,0.0962,14.693
physx_gpu,tgs,10000,60,64,1,13,14.4293,0.0029,0.0799,14.3465
physx_gpu,tgs,10000,60,64,1,14,14.7907,0.003,0.0746,14.713
physx_gpu,tgs,10000,60,64,1,15,14.5431,0.0028,0.0798,14.4605
physx_gpu,tgs,10000,60,64,1,16,14.5271,0.0052,0.0798,14.442
physx_gpu,tgs,10000,60,64,1,17,14.2988,0.0031,0.0849,14.2108
physx_gpu,tgs,10000,60,64,1,18,15.6103,0.003,0.0641,15.5433
physx_gpu,tgs,10000,60,64,1,19,14.5579,0.0028,0.07,14.485
physx_gpu,tgs,10000,60,64,1,20,14.6727,0.0028,0.0861,14.5838
physx_gpu,tgs,10000,60,64,1,21,14.4784,0.0029,0.074,14.4014
physx_gpu,tgs,10000,60,64,1,22,14.9103,0.0028,0.0813,14.8262
physx_gpu,tgs,10000,60,64,1,23,14.867,0.0029,0.0859,14.7781
physx_gpu,tgs,10000,60,64,1,24,14.6929,0.0034,0.0904,14.599
physx_gpu,tgs,10000,60,64,1,25,14.7081,0.0031,0.0818,14.6232
physx_gpu,tgs,10000,60,64,1,26,14.9347,0.0027,0.0772,14.8547
physx_gpu,tgs,10000,60,64,1,27,14.5455,0.0029,0.0784,14.4642
physx_gpu,tgs,10000,60,64,1,28,14.453,0.0085,0.0776,14.367
physx_gpu,tgs,10000,60,64,1,29,15.0362,0.0029,0.078,14.9553
physx_gpu,tgs,10000,60,64,1,30,15.3943,0.0034,0.09,15.3009
physx_gpu,tgs,10000,60,64,1,31,14.933,0.0032,0.072,14.8578
physx_gpu,tgs,10000,60,64,1,32,14.9606,0.0034,0.1371,14.82
physx_gpu,tgs,10000,60,64,1,33,14.6767,0.0032,0.0736,14.5999
physx_gpu,tgs,10000,60,64,1,34,15.0475,0.0029,0.0784,14.9663
physx_gpu,tgs,10000,60,64,1,35,15.1362,0.0027,0.0945,15.0389
physx_gpu,tgs,10000,60,64,1,36,15.0166,0.0027,0.0486,14.9652
physx_gpu,tgs,10000,60,64,1,37,14.6443,0.0027,0.076,14.5654
physx_gpu,tgs,10000,60,64,1,38,14.4866,0.0028,0.0775,14.4064
physx_gpu,tgs,10000,60,64,1,39,14.2942,0.0027,0.0757,14.2157
physx_gpu,tgs,10000,60,64,2,0,14.3973,0.0035,0.0839,14.3098
physx_gpu,tgs,10000,60,64,2,1,14.7285,0.0041,0.0868,14.6376
physx_gpu,tgs,10000,60,64,2,2,14.3118,0.0029,0.0735,14.2353
physx_gpu,tgs,10000,60,64,2,3,14.3432,0.0033,0.0794,14.2605
physx_gpu,tgs,10000,60,64,2,4,15.0654,0.0031,0.0923,14.9701
physx_gpu,tgs,10000,60,64,2,5,14.323,0.003,0.0718,14.2483
physx_gpu,tgs,10000,60,64,2,6,14.9721,0.0028,0.0813,14.8879
physx_gpu,tgs,10000,60,64,2,7,14.3835,0.0216,0.0801,14.2818
physx_gpu,tgs,10000,60,64,2,8,15.1827,0.0041,0.0889,15.0896
physx_gpu,tgs,10000,60,64,2,9,14.4155,0.0035,0.0787,14.3333
physx_gpu,tgs,10000,60,64,2,10,14.9061,0.003,0.0768,14.8262
physx_gpu,tgs,10000,60,64,2,11,14.3941,0.0028,0.0817,14.3096
physx_gpu,tgs,10000,60,64,2,12,14.4766,0.0029,0.0742,14.3995
physx_gpu,tgs,10000,60,64,2,13,15.1819,0.0034,0.0707,15.1077
physx_gpu,tgs,10000,60,64,2,14,14.3742,0.0051,0.0852,14.284
physx_gpu,tgs,10000,60,64,2,15,14.745,0.0027,0.0778,14.6644
physx_gpu,tgs,10000,60,64,2,16,14.3357,0.0033,0.0686,14.2638
physx_gpu,tgs,10000,60,64,2,17,14.8108,0.0027,0.0782,14.7298
physx_gpu,tgs,10000,60,64,2,18,14.4234,0.0028,0.0748,14.3459
physx_gpu,tgs,10000,60,64,2,19,14.6035,0.0033,0.0662,14.5339
physx_gpu,tgs,10000,60,64,2,20,14.3932,0.0061,0.1055,14.2816
physx_gpu,tgs,10000,60,64,2,21,14.6188,0.006,0.0903,14.5224
physx_gpu,tgs,10000,60,64,2,22,14.9953,0.0052,0.0848,14.9053
physx_gpu,tgs,10000,60,64,2,23,14.3453,0.0028,0.0629,14.2796
physx_gpu,tgs,10000,60,64,2,24,14.9526,0.0055,0.1448,14.8023
physx_gpu,tgs,10000,60,64,2,25,14.351,0.0033,0.0705,14.2773
physx_gpu,tgs,10000,60,64,2,26,14.617,0.0274,0.0735,14.516
physx_gpu,tgs,10000,60,64,2,27,14.3007,0.0037,0.0681,14.2288
physx_gpu,tgs,10000,60,64,2,28,14.8056,0.003,0.0907,14.712
physx_gpu,tgs,10000,60,64,2,29,14.4825,0.003,0.09,14.3894
physx_gpu,tgs,10000,60,64,2,30,14.7154,0.0031,0.0787,14.6336
physx_gpu,tgs,10000,60,64,2,31,14.3852,0.0032,0.1063,14.2757
physx_gpu,tgs,10000,60,64,2,32,15.0597,0.004,0.0957,14.96
physx_gpu,tgs,10000,60,64,2,33,14.5917,0.0036,0.0943,14.4938
physx_gpu,tgs,10000,60,64,2,34,14.8526,0.0026,0.0796,14.7702
physx_gpu,tgs,10000,60,64,2,35,14.5588,0.0033,0.0809,14.4748
physx_gpu,tgs,10000,60,64,2,36,14.3669,0.0037,0.079,14.2841
physx_gpu,tgs,10000,60,64,2,37,14.5675,0.0029,0.0937,14.471
physx_gpu,tgs,10000,60,64,2,38,14.3026,0.0029,0.0878,14.212
physx_gpu,tgs,10000,60,64,2,39,14.5252,0.0033,0.0769,14.445
physx_gpu,tgs,10000,60,64,3,0,14.5244,0.0035,0.0765,14.4444
physx_gpu,tgs,10000,60,64,3,1,14.2851,0.0029,0.0776,14.2047
physx_gpu,tgs,10000,60,64,3,2,14.1634,0.0031,0.0854,14.075
physx_gpu,tgs,10000,60,64,3,3,15.0534,0.0035,0.088,14.9619
physx_gpu,tgs,10000,60,64,3,4,14.2933,0.0038,0.0765,14.213
physx_gpu,tgs,10000,60,64,3,5,14.4875,0.0027,0.0887,14.396
physx_gpu,tgs,10000,60,64,3,6,14.3927,0.0215,0.0695,14.3018
physx_gpu,tgs,10000,60,64,3,7,14.8496,0.0033,0.071,14.7754
physx_gpu,tgs,10000,60,64,3,8,14.3803,0.0041,0.0858,14.2903
physx_gpu,tgs,10000,60,64,3,9,14.6497,0.0028,0.0876,14.5591
physx_gpu,tgs,10000,60,64,3,10,14.3292,0.0028,0.0775,14.2488
physx_gpu,tgs,10000,60,64,3,11,14.5712,0.0028,0.0742,14.4941
physx_gpu,tgs,10000,60,64,3,12,14.4102,0.0032,0.093,14.3139
physx_gpu,tgs,10000,60,64,3,13,14.3578,0.0032,0.0656,14.289
physx_gpu,tgs,10000,60,64,3,14,14.7333,0.0027,0.0957,14.6349
physx_gpu,tgs,10000,60,64,3,15,14.4281,0.003,0.0956,14.3295
physx_gpu,tgs,10000,60,64,3,16,15.1393,0.0034,0.0899,15.0459
physx_gpu,tgs,10000,60,64,3,17,14.2927,0.0032,0.0688,14.2207
physx_gpu,tgs,10000,60,64,3,18,14.608,0.003,0.0753,14.5298
physx_gpu,tgs,10000,60,64,3,19,14.2558,0.0027,0.0824,14.1707
physx_gpu,tgs,10000,60,64,3,20,14.5223,0.0027,0.0758,14.4438
physx_gpu,tgs,10000,60,64,3,21,14.3992,0.021,0.0684,14.3097
physx_gpu,tgs,10000,60,64,3,22,14.3022,0.021,0.0835,14.1977
physx_gpu,tgs,10000,60,64,3,23,15.0892,0.0027,0.0828,15.0037
physx_gpu,tgs,10000,60,64,3,24,14.4522,0.0038,0.0712,14.3772
physx_gpu,tgs,10000,60,64,3,25,15.0502,0.0026,0.078,14.9696
physx_gpu,tgs,10000,60,64,3,26,14.3224,0.0029,0.0796,14.2399
physx_gpu,tgs,10000,60,64,3,27,14.6524,0.0027,0.0747,14.575
physx_gpu,tgs,10000,60,64,3,28,14.3924,0.0203,0.0683,14.3037
physx_gpu,tgs,10000,60,64,3,29,14.6723,0.0027,0.0877,14.5817
physx_gpu,tgs,10000,60,64,3,30,14.3601,0.021,0.0686,14.2704
physx_gpu,tgs,10000,60,64,3,31,14.4437,0.003,0.0738,14.3668
physx_gpu,tgs,10000,60,64,3,32,14.4649,0.0032,0.1319,14.3298
physx_gpu,tgs,10000,60,64,3,33,14.484,0.0027,0.0897,14.3916
physx_gpu,tgs,10000,60,64,3,34,14.5967,0.0029,0.0737,14.52
physx_gpu,tgs,10000,60,64,3,35,14.2537,0.0027,0.0776,14.1734
physx_gpu,tgs,10000,60,64,3,36,14.6213,0.0028,0.0806,14.5379
physx_gpu,tgs,10000,60,64,3,37,14.2304,0.0035,0.0714,14.1554
physx_gpu,tgs,10000,60,64,3,38,14.5775,0.0039,0.0769,14.4967
physx_gpu,tgs,10000,60,64,3,39,14.329,0.003,0.0906,14.2355
physx_gpu,tgs,131072,60,16,1,0,101.032,0.0089,0.1955,100.828
physx_gpu,tgs,131072,60,16,1,1,101.022,0.0052,0.1462,100.87
physx_gpu,tgs,131072,60,16,1,2,100.772,0.0048,0.1713,100.596
physx_gpu,tgs,131072,60,16,1,3,100.454,0.0049,0.1496,100.3
physx_gpu,tgs,131072,60,16,1,4,100.188,0.0056,0.1664,100.016
physx_gpu,tgs,131072,60,16,1,5,99.703,0.0049,0.1601,99.5379
physx_gpu,tgs,131072,60,16,1,6,99.5842,0.0043,0.1422,99.4376
physx_gpu,tgs,131072,60,16,1,7,99.6978,0.0049,0.1662,99.5265
physx_gpu,tgs,131072,60,16,1,8,110.884,0.009,0.1859,110.689
physx_gpu,tgs,131072,60,16,1,9,99.4046,0.0055,0.1786,99.2205
physx_gpu,tgs,131072,60,16,1,10,99.2913,0.0046,0.1495,99.1371
physx_gpu,tgs,131072,60,16,1,11,99.3019,0.0057,0.1539,99.1421
physx_gpu,tgs,131072,60,16,1,12,99.0072,0.0041,0.1531,98.8496
physx_gpu,tgs,131072,60,16,1,13,98.9849,0.0048,0.1625,98.8174
physx_gpu,tgs,131072,60,16,1,14,98.6351,0.005,0.1467,98.4833
physx_gpu,tgs,131072,60,16,1,15,98.4433,0.0047,0.1466,98.2919
physx_gpu,tgs,131072,60,16,1,16,98.5835,0.0101,0.1782,98.3951
physx_gpu,tgs,131072,60,16,1,17,99.3826,0.0085,0.188,99.186
physx_gpu,tgs,131072,60,16,1,18,99.5272,0.0048,0.1614,99.3609
physx_gpu,tgs,131072,60,16,1,19,101.124,0.0055,0.1572,100.961
physx_gpu,tgs,131072,60,16,1,20,100.911,0.0046,0.1645,100.742
physx_gpu,tgs,131072,60,16,1,21,99.8661,0.0056,0.162,99.6985
physx_gpu,tgs,131072,60,16,1,22,100.139,0.0048,0.1641,99.9701
physx_gpu,tgs,131072,60,16,1,23,99.6099,0.0053,0.1745,99.4301
physx_gpu,tgs,131072,60,16,1,24,98.9964,0.0088,0.2173,98.7702
physx_gpu,tgs,131072,60,16,1,25,98.7037,0.0049,0.1484,98.5504
physx_gpu,tgs,131072,60,16,1,26,99.7311,0.0054,0.168,99.5575
physx_gpu,tgs,131072,60,16,1,27,98.4222,0.0049,0.1496,98.2675
physx_gpu,tgs,131072,60,16,1,28,99.1469,0.0047,0.1475,98.9946
physx_gpu,tgs,131072,60,16,1,29,98.9582,0.0052,0.1497,98.8032
physx_gpu,tgs,131072,60,16,1,30,98.7103,0.0044,0.1519,98.5539
physx_gpu,tgs,131072,60,16,1,31,98.155,0.0043,0.1474,98.0033
physx_gpu,tgs,131072,60,16,1,32,97.667,0.0102,0.2019,97.4549
physx_gpu,tgs,131072,60,16,1,33,97.337,0.0065,0.1489,97.1815
physx_gpu,tgs,131072,60,16,1,34,97.6019,0.0041,0.1538,97.4438
physx_gpu,tgs,131072,60,16,1,35,97.7637,0.0051,0.1495,97.609
physx_gpu,tgs,131072,60,16,1,36,96.9288,0.0055,0.2011,96.7221
physx_gpu,tgs,131072,60,16,1,37,98.028,0.0049,0.1547,97.8683
physx_gpu,tgs,131072,60,16,1,38,99.549,0.0046,0.1551,99.3892
physx_gpu,tgs,131072,60,16,1,39,97.7737,0.0044,0.1431,97.626
physx_gpu,tgs,131072,60,16,2,0,101.307,0.0088,0.1965,101.101
physx_gpu,tgs,131072,60,16,2,1,101.717,0.0046,0.159,101.553
physx_gpu,tgs,131072,60,16,2,2,101.563,0.0054,0.1957,101.362
physx_gpu,tgs,131072,60,16,2,3,100.158,0.0056,0.1882,99.9645
physx_gpu,tgs,131072,60,16,2,4,100.558,0.0054,0.1818,100.371
physx_gpu,tgs,131072,60,16,2,5,100.258,0.0053,0.1515,100.101
physx_gpu,tgs,131072,60,16,2,6,99.5584,0.0058,0.1702,99.3823
physx_gpu,tgs,131072,60,16,2,7,99.4553,0.0048,0.145,99.3053
physx_gpu,tgs,131072,60,16,2,8,114.085,0.0091,0.2085,113.867
physx_gpu,tgs,131072,60,16,2,9,99.2217,0.0053,0.2262,98.9902
physx_gpu,tgs,131072,60,16,2,10,99.6278,0.0047,0.1482,99.4748
physx_gpu,tgs,131072,60,16,2,11,99.3811,0.0051,0.1658,99.2101
physx_gpu,tgs,131072,60,16,2,12,99.0779,0.0046,0.1479,98.9253
physx_gpu,tgs,131072,60,16,2,13,98.8188,0.0049,0.1587,98.6551
physx_gpu,tgs,131072,60,16,2,14,98.5062,0.0044,0.1352,98.3666
physx_gpu,tgs,131072,60,16,2,15,98.8613,0.0054,0.1938,98.662
physx_gpu,tgs,131072,60,16,2,16,99.6377,0.0095,0.206,99.4221
physx_gpu,tgs,131072,60,16,2,17,99.5358,0.0049,0.1636,99.3672
physx_gpu,tgs,131072,60,16,2,18,99.6142,0.0048,0.1577,99.4516
physx_gpu,tgs,131072,60,16,2,19,98.839,0.0053,0.162,98.6716
physx_gpu,tgs,131072,60,16,2,20,99.6112,0.005,0.15,99.4561
physx_gpu,tgs,131072,60,16,2,21,99.9553,0.0052,0.1586,99.7915
physx_gpu,tgs,131072,60,16,2,22,99.5447,0.0059,0.1688,99.3698
physx_gpu,tgs,131072,60,16,2,23,99.3765,0.0328,0.1718,99.1717
physx_gpu,tgs,131072,60,16,2,24,98.689,0.0123,0.2379,98.4387
physx_gpu,tgs,131072,60,16,2,25,99.5262,0.0312,0.1776,99.3173
physx_gpu,tgs,131072,60,16,2,26,100.551,0.0059,0.1674,100.378
physx_gpu,tgs,131072,60,16,2,27,101.583,0.0049,0.1448,101.434
physx_gpu,tgs,131072,60,16,2,28,100.084,0.005,0.1544,99.9243
physx_gpu,tgs,131072,60,16,2,29,100.088,0.0053,0.1825,99.9003
physx_gpu,tgs,131072,60,16,2,30,99.2053,0.005,0.1518,99.0484
physx_gpu,tgs,131072,60,16,2,31,99.127,0.0055,0.1641,98.9574
physx_gpu,tgs,131072,60,16,2,32,98.8315,0.0106,0.2074,98.6134
physx_gpu,tgs,131072,60,16,2,33,99.3309,0.0057,0.1565,99.1687
physx_gpu,tgs,131072,60,16,2,34,98.3538,0.0048,0.1511,98.1977
physx_gpu,tgs,131072,60,16,2,35,98.4501,0.005,0.1607,98.2843
physx_gpu,tgs,131072,60,16,2,36,98.0361,0.0045,0.1563,97.8751
physx_gpu,tgs,131072,60,16,2,37,98.3127,0.0057,0.1549,98.1521
physx_gpu,tgs,131072,60,16,2,38,99.7053,0.0047,0.1715,99.529
physx_gpu,tgs,131072,60,16,2,39,97.0898,0.0057,0.1676,96.9164
physx_gpu,tgs,131072,60,16,3,0,100.975,0.0098,0.1859,100.78
physx_gpu,tgs,131072,60,16,3,1,101.613,0.0051,0.1892,101.419
physx_gpu,tgs,131072,60,16,3,2,100.984,0.0053,0.1707,100.808
physx_gpu,tgs,131072,60,16,3,3,101.122,0.0058,0.194,100.922
physx_gpu,tgs,131072,60,16,3,4,100.316,0.0049,0.1559,100.155
physx_gpu,tgs,131072,60,16,3,5,101.157,0.0051,0.1481,101.003
physx_gpu,tgs,131072,60,16,3,6,99.3386,0.0051,0.1478,99.1856
physx_gpu,tgs,131072,60,16,3,7,99.4259,0.0048,0.1576,99.2634
physx_gpu,tgs,131072,60,16,3,8,113.289,0.011,0.1854,113.092
physx_gpu,tgs,131072,60,16,3,9,99.2234,0.0056,0.2405,98.9772
physx_gpu,tgs,131072,60,16,3,10,99.2565,0.0054,0.1498,99.1012
physx_gpu,tgs,131072,60,16,3,11,99.6026,0.0052,0.1484,99.4489
physx_gpu,tgs,131072,60,16,3,12,99.172,0.0049,0.1486,99.0185
physx_gpu,tgs,131072,60,16,3,13,98.9316,0.0055,0.1501,98.776
physx_gpu,tgs,131072,60,16,3,14,98.6602,0.0054,0.1462,98.5084
physx_gpu,tgs,131072,60,16,3,15,98.8516,0.005,0.154,98.6926
physx_gpu,tgs,131072,60,16,3,16,99.6177,0.0095,0.2007,99.4075
physx_gpu,tgs,131072,60,16,3,17,99.9826,0.0047,0.1902,99.7877
physx_gpu,tgs,131072,60,16,3,18,99.9936,0.0046,0.1473,99.8416
physx_gpu,tgs,131072,60,16,3,19,99.7287,0.0059,0.1613,99.5614
physx_gpu,tgs,131072,60,16,3,20,99.863,0.0051,0.1576,99.7001
physx_gpu,tgs,131072,60,16,3,21,100.056,0.0048,0.1429,99.9084
physx_gpu,tgs,131072,60,16,3,22,99.5788,0.0057,0.1556,99.4175
physx_gpu,tgs,131072,60,16,3,23,99.5426,0.0047,0.1669,99.3708
physx_gpu,tgs,131072,60,16,3,24,98.933,0.009,0.2158,98.7081
physx_gpu,tgs,131072,60,16,3,25,98.8153,0.0044,0.1494,98.6614
physx_gpu,tgs,131072,60,16,3,26,98.1848,0.0047,0.1446,98.0353
physx_gpu,tgs,131072,60,16,3,27,99.7023,0.0044,0.143,99.5549
physx_gpu,tgs,131072,60,16,3,28,98.1144,0.0051,0.1494,97.9598
physx_gpu,tgs,131072,60,16,3,29,98.225,0.0044,0.1481,98.0725
physx_gpu,tgs,131072,60,16,3,30,98.2469,0.0055,0.1516,98.0897
physx_gpu,tgs,131072,60,16,3,31,98.2352,0.0053,0.157,98.0729
physx_gpu,tgs,131072,60,16,3,32,98.1072,0.0112,0.1955,97.9003
physx_gpu,tgs,131072,60,16,3,33,98.152,0.0053,0.1872,97.9595
physx_gpu,tgs,131072,60,16,3,34,99.6187,0.0059,0.1735,99.4392
physx_gpu,tgs,131072,60,16,3,35,99.3774,0.0049,0.1471,99.2254
physx_gpu,tgs,131072,60,16,3,36,97.9333,0.0051,0.1638,97.7645
physx_gpu,tgs,131072,60,16,3,37,98.9855,0.0062,0.4083,98.5709
physx_gpu,tgs,131072,60,16,3,38,100.241,0.0046,0.1613,100.075
physx_gpu,tgs,131072,60,16,3,39,98.2042,0.0048,0.1519,98.0475
physx_gpu,tgs,131072,60,64,1,0,315.556,0.0122,0.2184,315.326
physx_gpu,tgs,131072,60,64,1,1,315.98,0.0313,0.1675,315.781
physx_gpu,tgs,131072,60,64,1,2,315.039,0.0053,0.1643,314.869
physx_gpu,tgs,131072,60,64,1,3,316.058,0.005,0.1594,315.894
physx_gpu,tgs,131072,60,64,1,4,316.556,0.0058,0.1934,316.356
physx_gpu,tgs,131072,60,64,1,5,319.597,0.0052,0.1671,319.425
physx_gpu,tgs,131072,60,64,1,6,313.924,0.0058,0.1651,313.753
physx_gpu,tgs,131072,60,64,1,7,314.674,0.0048,0.1509,314.518
physx_gpu,tgs,131072,60,64,1,8,314.343,0.0099,0.1984,314.135
physx_gpu,tgs,131072,60,64,1,9,314.043,0.0049,0.1571,313.881
physx_gpu,tgs,131072,60,64,1,10,314.378,0.0054,0.1626,314.209
physx_gpu,tgs,131072,60,64,1,11,314.535,0.0055,0.1974,314.332
physx_gpu,tgs,131072,60,64,1,12,313.62,0.005,0.1726,313.442
physx_gpu,tgs,131072,60,64,1,13,315.604,0.005,0.1694,315.429
physx_gpu,tgs,131072,60,64,1,14,313.718,0.0056,0.1568,313.556
physx_gpu,tgs,131072,60,64,1,15,315.208,0.0057,0.1581,315.044
physx_gpu,tgs,131072,60,64,1,16,315.764,0.0093,0.1936,315.561
physx_gpu,tgs,131072,60,64,1,17,318.11,0.0056,0.1574,317.947
physx_gpu,tgs,131072,60,64,1,18,316.551,0.0047,0.1543,316.392
physx_gpu,tgs,131072,60,64,1,19,313.309,0.0048,0.1486,313.156
physx_gpu,tgs,131072,60,64,1,20,314.028,0.0052,0.1622,313.86
physx_gpu,tgs,131072,60,64,1,21,313.337,0.0049,0.1437,313.188
physx_gpu,tgs,131072,60,64,1,22,315.203,0.005,0.1658,315.033
physx_gpu,tgs,131072,60,64,1,23,313.399,0.0051,0.1647,313.229
physx_gpu,tgs,131072,60,64,1,24,313.54,0.0097,0.2119,313.319
physx_gpu,tgs,131072,60,64,1,25,314.706,0.0053,0.1553,314.546
physx_gpu,tgs,131072,60,64,1,26,313.427,0.0052,0.2088,313.213
physx_gpu,tgs,131072,60,64,1,27,313.826,0.0061,0.1821,313.638
physx_gpu,tgs,131072,60,64,1,28,315.155,0.0049,0.1686,314.981
physx_gpu,tgs,131072,60,64,1,29,316.121,0.0066,0.1565,315.957
physx_gpu,tgs,131072,60,64,1,30,318.462,0.0055,0.1614,318.295
physx_gpu,tgs,131072,60,64,1,31,313.731,0.0056,0.1586,313.567
physx_gpu,tgs,131072,60,64,1,32,314.236,0.01,0.2005,314.026
physx_gpu,tgs,131072,60,64,1,33,314.058,0.0057,0.1571,313.896
physx_gpu,tgs,131072,60,64,1,34,313.665,0.0054,0.1655,313.494
physx_gpu,tgs,131072,60,64,1,35,314.588,0.0058,0.1544,314.428
physx_gpu,tgs,131072,60,64,1,36,313.64,0.0054,0.1623,313.472
physx_gpu,tgs,131072,60,64,1,37,314.892,0.0052,0.1397,314.747
physx_gpu,tgs,131072,60,64,1,38,315.418,0.0055,0.1645,315.248
physx_gpu,tgs,131072,60,64,1,39,312.902,0.0053,0.1695,312.727
physx_gpu,tgs,131072,60,64,2,0,315.069,0.0111,0.2003,314.857
physx_gpu,tgs,131072,60,64,2,1,317.06,0.0055,0.1687,316.885
physx_gpu,tgs,131072,60,64,2,2,315.48,0.0325,0.1681,315.279
physx_gpu,tgs,131072,60,64,2,3,315.873,0.0309,0.1838,315.658
physx_gpu,tgs,131072,60,64,2,4,331.368,0.0059,0.1553,331.207
physx_gpu,tgs,131072,60,64,2,5,320.82,0.0074,0.209,320.604
physx_gpu,tgs,131072,60,64,2,6,315.106,0.028,0.1544,314.924
physx_gpu,tgs,131072,60,64,2,7,314.579,0.0309,0.1593,314.388
physx_gpu,tgs,131072,60,64,2,8,316.206,0.0114,0.2279,315.966
physx_gpu,tgs,131072,60,64,2,9,318.577,0.0078,0.2186,318.351
physx_gpu,tgs,131072,60,64,2,10,318.674,0.0108,0.1986,318.464
physx_gpu,tgs,131072,60,64,2,11,315.55,0.0238,0.1853,315.341
physx_gpu,tgs,131072,60,64,2,12,315.337,0.0061,0.1702,315.161
physx_gpu,tgs,131072,60,64,2,13,313.591,0.0056,0.1665,313.419
physx_gpu,tgs,131072,60,64,2,14,314.552,0.0057,0.1507,314.395
physx_gpu,tgs,131072,60,64,2,15,314.336,0.0094,0.1586,314.168
physx_gpu,tgs,131072,60,64,2,16,314.357,0.0109,0.1939,314.152
physx_gpu,tgs,131072,60,64,2,17,315.854,0.0051,0.1537,315.695
physx_gpu,tgs,131072,60,64,2,18,313.407,0.0049,0.1568,313.246
physx_gpu,tgs,131072,60,64,2,19,313.637,0.0049,0.1556,313.476
physx_gpu,tgs,131072,60,64,2,20,314.596,0.0053,0.1667,314.424
physx_gpu,tgs,131072,60,64,2,21,315.163,0.0052,0.1618,314.995
physx_gpu,tgs,131072,60,64,2,22,318.514,0.0053,0.1658,318.343
physx_gpu,tgs,131072,60,64,2,23,313.882,0.0055,0.1673,313.709
physx_gpu,tgs,131072,60,64,2,24,314.421,0.0104,0.2013,314.209
physx_gpu,tgs,131072,60,64,2,25,313.549,0.0056,0.1981,313.345
physx_gpu,tgs,131072,60,64,2,26,313.496,0.005,0.1723,313.319
physx_gpu,tgs,131072,60,64,2,27,315.137,0.0055,0.1598,314.972
physx_gpu,tgs,131072,60,64,2,28,313.279,0.006,0.1615,313.112
physx_gpu,tgs,131072,60,64,2,29,313.617,0.0054,0.1609,313.45
physx_gpu,tgs,131072,60,64,2,30,313.871,0.0053,0.1988,313.667
physx_gpu,tgs,131072,60,64,2,31,313.423,0.0055,0.1668,313.25
physx_gpu,tgs,131072,60,64,2,32,314.616,0.0091,0.2081,314.399
physx_gpu,tgs,131072,60,64,2,33,314.949,0.0062,0.1632,314.779
physx_gpu,tgs,131072,60,64,2,34,318.263,0.0051,0.1545,318.103
physx_gpu,tgs,131072,60,64,2,35,316.757,0.0053,0.1989,316.552
physx_gpu,tgs,131072,60,64,2,36,313.635,0.0052,0.1631,313.467
physx_gpu,tgs,131072,60,64,2,37,314.276,0.0052,0.1593,314.111
physx_gpu,tgs,131072,60,64,2,38,315.308,0.0048,0.1641,315.139
physx_gpu,tgs,131072,60,64,2,39,313.06,0.0057,0.1694,312.885
physx_gpu,tgs,131072,60,64,3,0,315.011,0.0108,0.2095,314.79
physx_gpu,tgs,131072,60,64,3,1,316.98,0.0056,0.1665,316.808
physx_gpu,tgs,131072,60,64,3,2,319.248,0.0056,0.1904,319.052
physx_gpu,tgs,131072,60,64,3,3,316.564,0.0052,0.1645,316.394
physx_gpu,tgs,131072,60,64,3,4,315.814,0.0068,0.2153,315.592
physx_gpu,tgs,131072,60,64,3,5,315.713,0.0061,0.1732,315.534
physx_gpu,tgs,131072,60,64,3,6,314.274,0.0051,0.1644,314.105
physx_gpu,tgs,131072,60,64,3,7,314.243,0.0048,0.1555,314.082
physx_gpu,tgs,131072,60,64,3,8,315.029,0.0102,0.2215,314.797
physx_gpu,tgs,131072,60,64,3,9,313.804,0.0054,0.1535,313.645
physx_gpu,tgs,131072,60,64,3,10,314.486,0.0047,0.156,314.325
physx_gpu,tgs,131072,60,64,3,11,314.085,0.0047,0.1547,313.925
physx_gpu,tgs,131072,60,64,3,12,313.803,0.0044,0.1423,313.656
physx_gpu,tgs,131072,60,64,3,13,314.643,0.0052,0.1525,314.485
physx_gpu,tgs,131072,60,64,3,14,318.094,0.0048,0.1588,317.93
physx_gpu,tgs,131072,60,64,3,15,317.66,0.0059,0.1662,317.488
physx_gpu,tgs,131072,60,64,3,16,314.659,0.0098,0.175,314.474
physx_gpu,tgs,131072,60,64,3,17,314.527,0.0055,0.1615,314.36
physx_gpu,tgs,131072,60,64,3,18,314.755,0.0062,0.1631,314.586
physx_gpu,tgs,131072,60,64,3,19,313.746,0.005,0.1487,313.592
physx_gpu,tgs,131072,60,64,3,20,314.589,0.0059,0.1605,314.423
physx_gpu,tgs,131072,60,64,3,21,313.776,0.005,0.1432,313.628
physx_gpu,tgs,131072,60,64,3,22,315.139,0.005,0.1413,314.993
physx_gpu,tgs,131072,60,64,3,23,313.29,0.0049,0.1506,313.135
physx_gpu,tgs,131072,60,64,3,24,313.399,0.0092,0.1974,313.193
physx_gpu,tgs,131072,60,64,3,25,314.652,0.0054,0.1584,314.488
physx_gpu,tgs,131072,60,64,3,26,315.834,0.0053,0.1443,315.684
physx_gpu,tgs,131072,60,64,3,27,318.569,0.0051,0.1588,318.405
physx_gpu,tgs,131072,60,64,3,28,314.008,0.0054,0.1752,313.827
physx_gpu,tgs,131072,60,64,3,29,314.157,0.0054,0.154,313.998
physx_gpu,tgs,131072,60,64,3,30,314.297,0.0058,0.3316,313.96
physx_gpu,tgs,131072,60,64,3,31,313.405,0.0053,0.1599,313.24
physx_gpu,tgs,131072,60,64,3,32,314.05,0.011,0.2222,313.817
physx_gpu,tgs,131072,60,64,3,33,313.577,0.0053,0.1605,313.411
physx_gpu,tgs,131072,60,64,3,34,314.738,0.005,0.1586,314.574
physx_gpu,tgs,131072,60,64,3,35,314.058,0.0049,0.1675,313.885
physx_gpu,tgs,131072,60,64,3,36,313.687,0.0047,0.1517,313.53
physx_gpu,tgs,131072,60,64,3,37,313.622,0.005,0.1575,313.46
physx_gpu,tgs,131072,60,64,3,38,315.834,0.0045,0.1541,315.675
physx_gpu,tgs,131072,60,64,3,39,319.466,0.0051,0.1635,319.297
physx_cpu,tgs,10000,20,4,1,0,12.9057,0.0054,0.8962,12.0041
physx_cpu,tgs,10000,20,4,1,1,12.5138,0.006,0.9301,11.5775
physx_cpu,tgs,10000,20,4,1,2,12.2027,0.005,0.944,11.2536
physx_cpu,tgs,10000,20,4,1,3,12.8175,0.006,0.8924,11.9189
physx_cpu,tgs,10000,20,4,1,4,12.6503,0.005,0.8797,11.7655
physx_cpu,tgs,10000,20,4,1,5,12.6888,0.0056,0.9257,11.7575
physx_cpu,tgs,10000,20,4,1,6,12.7401,0.0067,0.9077,11.8256
physx_cpu,tgs,10000,20,4,1,7,12.1366,0.0052,0.9266,11.2048
physx_cpu,tgs,10000,20,4,1,8,12.9992,0.0048,0.8809,12.1135
physx_cpu,tgs,10000,20,4,1,9,12.041,0.0055,0.8773,11.1582
physx_cpu,tgs,10000,20,4,1,10,12.4331,0.0054,0.9028,11.5248
physx_cpu,tgs,10000,20,4,1,11,12.7651,0.0055,0.8869,11.8728
physx_cpu,tgs,10000,20,4,1,12,12.6815,0.005,0.8927,11.7837
physx_cpu,tgs,10000,20,4,1,13,13.0158,0.0061,0.9099,12.0996
physx_cpu,tgs,10000,20,4,1,14,12.8918,0.0053,1.062,11.8245
physx_cpu,tgs,10000,20,4,1,15,12.4908,0.0049,0.883,11.6028
physx_cpu,tgs,10000,20,4,1,16,12.1909,0.0055,0.8188,11.3666
physx_cpu,tgs,10000,20,4,1,17,12.2896,0.0054,0.8902,11.3939
physx_cpu,tgs,10000,20,4,1,18,12.8572,0.0061,0.8989,11.9521
physx_cpu,tgs,10000,20,4,1,19,12.5843,0.0056,0.9193,11.6595
physx_cpu,tgs,10000,20,4,1,20,12.1453,0.0057,0.8947,11.2449
physx_cpu,tgs,10000,20,4,1,21,13.8398,0.0053,0.9721,12.8625
physx_cpu,tgs,10000,20,4,1,22,12.3885,0.0058,0.9166,11.466
physx_cpu,tgs,10000,20,4,1,23,13.0993,0.0049,0.9248,12.1694
physx_cpu,tgs,10000,20,4,1,24,12.2758,0.0051,0.8519,11.4188
physx_cpu,tgs,10000,20,4,1,25,12.944,0.0051,0.95,11.9888
physx_cpu,tgs,10000,20,4,1,26,12.297,0.0054,0.9036,11.3878
physx_cpu,tgs,10000,20,4,1,27,12.2008,0.0059,0.8994,11.2953
physx_cpu,tgs,10000,20,4,1,28,13.0843,0.0055,0.988,12.0908
physx_cpu,tgs,10000,20,4,1,29,13.8687,0.0055,0.9818,12.8813
physx_cpu,tgs,10000,20,4,1,30,13.2852,0.0053,0.9367,12.3431
physx_cpu,tgs,10000,20,4,1,31,13.497,0.0056,1.0578,12.4335
physx_cpu,tgs,10000,20,4,1,32,13.5692,0.0065,0.9793,12.5835
physx_cpu,tgs,10000,20,4,1,33,14.4,0.0057,1.3941,13.0001
physx_cpu,tgs,10000,20,4,1,34,13.6063,0.005,1.0588,12.5423
physx_cpu,tgs,10000,20,4,1,35,14.0761,0.0057,1.067,13.0033
physx_cpu,tgs,10000,20,4,1,36,12.9025,0.0054,0.9319,11.9652
physx_cpu,tgs,10000,20,4,1,37,12.9254,0.0058,0.95,11.9695
physx_cpu,tgs,10000,20,4,1,38,13.0437,0.0058,0.9323,12.1054
physx_cpu,tgs,10000,20,4,1,39,12.422,0.0062,0.9211,11.4947
physx_cpu,tgs,10000,20,4,2,0,14.3271,0.0068,1.1094,13.2109
physx_cpu,tgs,10000,20,4,2,1,12.6999,0.0054,1.0503,11.6442
physx_cpu,tgs,10000,20,4,2,2,12.6767,0.0051,0.8973,11.7743
physx_cpu,tgs,10000,20,4,2,3,12.8377,0.0056,0.9493,11.8827
physx_cpu,tgs,10000,20,4,2,4,13.1708,0.0062,1.0593,12.1052
physx_cpu,tgs,10000,20,4,2,5,14.0048,0.0057,0.9174,13.0816
physx_cpu,tgs,10000,20,4,2,6,13.0903,0.0061,0.9592,12.1249
physx_cpu,tgs,10000,20,4,2,7,14.3293,0.0063,0.9875,13.3354
physx_cpu,tgs,10000,20,4,2,8,14.9183,0.007,1.1059,13.8055
physx_cpu,tgs,10000,20,4,2,9,14.249,0.0069,1.2394,13.0028
physx_cpu,tgs,10000,20,4,2,10,13.7524,0.0065,1.0986,12.6471
physx_cpu,tgs,10000,20,4,2,11,14.2667,0.0056,1.1158,13.1453
physx_cpu,tgs,10000,20,4,2,12,14.4028,0.0071,1.1362,13.2593
physx_cpu,tgs,10000,20,4,2,13,14.5249,0.0077,1.1229,13.3941
physx_cpu,tgs,10000,20,4,2,14,15.1689,0.0067,1.34,13.8221
physx_cpu,tgs,10000,20,4,2,15,16.2356,0.0065,1.1309,15.0981
physx_cpu,tgs,10000,20,4,2,16,15.4602,0.0073,1.3169,14.136
physx_cpu,tgs,10000,20,4,2,17,15.1846,0.0066,1.2054,13.9725
physx_cpu,tgs,10000,20,4,2,18,14.6411,0.0059,1.1442,13.4909
physx_cpu,tgs,10000,20,4,2,19,14.3446,0.0074,1.0986,13.2386
physx_cpu,tgs,10000,20,4,2,20,14.0704,0.0058,1.1189,12.9456
physx_cpu,tgs,10000,20,4,2,21,13.7227,0.0061,1.0573,12.6593
physx_cpu,tgs,10000,20,4,2,22,14.0835,0.0055,1.1247,12.9531
physx_cpu,tgs,10000,20,4,2,23,14.6578,0.0071,1.0969,13.5537
physx_cpu,tgs,10000,20,4,2,24,14.2736,0.0066,1.0275,13.2396
physx_cpu,tgs,10000,20,4,2,25,14.1765,0.0071,1.1023,13.0669
physx_cpu,tgs,10000,20,4,2,26,13.8617,0.0069,1.183,12.6716
physx_cpu,tgs,10000,20,4,2,27,14.8655,0.0068,1.0737,13.7848
physx_cpu,tgs,10000,20,4,2,28,13.944,0.0063,1.1205,12.8171
physx_cpu,tgs,10000,20,4,2,29,14.5667,0.007,1.1738,13.3857
physx_cpu,tgs,10000,20,4,2,30,14.6593,0.0069,1.0562,13.596
physx_cpu,tgs,10000,20,4,2,31,13.876,0.0059,1.1077,12.7624
physx_cpu,tgs,10000,20,4,2,32,13.3471,0.0066,0.9402,12.4004
physx_cpu,tgs,10000,20,4,2,33,13.6258,0.0072,0.9708,12.6478
physx_cpu,tgs,10000,20,4,2,34,14.7196,0.0069,1.1404,13.5722
physx_cpu,tgs,10000,20,4,2,35,13.9917,0.0072,1.1625,12.8218
physx_cpu,tgs,10000,20,4,2,36,14.8013,0.007,1.22,13.574
physx_cpu,tgs,10000,20,4,2,37,13.3305,0.0066,1.0793,12.2444
physx_cpu,tgs,10000,20,4,2,38,13.2868,0.0051,0.9949,12.2867
physx_cpu,tgs,10000,20,4,2,39,13.0666,0.0057,1.0102,12.0505
physx_cpu,tgs,10000,20,4,3,0,12.2295,0.0065,0.9124,11.3107
physx_cpu,tgs,10000,20,4,3,1,12.2237,0.0052,0.9386,11.2798
physx_cpu,tgs,10000,20,4,3,2,13.0398,0.005,0.8608,12.1739
physx_cpu,tgs,10000,20,4,3,3,12.4801,0.0054,0.9493,11.5253
physx_cpu,tgs,10000,20,4,3,4,12.0741,0.0059,0.8791,11.189
physx_cpu,tgs,10000,20,4,3,5,13.9271,0.0055,0.9252,12.9961
physx_cpu,tgs,10000,20,4,3,6,12.6334,0.0049,0.9168,11.7117
physx_cpu,tgs,10000,20,4,3,7,12.9504,0.0058,0.8969,12.0477
physx_cpu,tgs,10000,20,4,3,8,12.482,0.0054,0.9147,11.5618
physx_cpu,tgs,10000,20,4,3,9,12.4295,0.0055,0.9248,11.4992
physx_cpu,tgs,10000,20,4,3,10,12.7069,0.0049,0.9129,11.7891
physx_cpu,tgs,10000,20,4,3,11,12.2613,0.0061,0.8988,11.3564
physx_cpu,tgs,10000,20,4,3,12,12.8826,0.0055,0.9499,11.9271
physx_cpu,tgs,10000,20,4,3,13,12.4747,0.0058,0.9228,11.546
physx_cpu,tgs,10000,20,4,3,14,12.3589,0.0054,0.9425,11.4109
physx_cpu,tgs,10000,20,4,3,15,13.1749,0.0047,0.9125,12.2576
physx_cpu,tgs,10000,20,4,3,16,12.7289,0.0056,0.8449,11.8783
physx_cpu,tgs,10000,20,4,3,17,13.2967,0.0055,0.9419,12.3492
physx_cpu,tgs,10000,20,4,3,18,12.5908,0.0059,0.9153,11.6695
physx_cpu,tgs,10000,20,4,3,19,12.2577,0.0058,0.9448,11.307
physx_cpu,tgs,10000,20,4,3,20,12.8814,0.0054,0.9365,11.9393
physx_cpu,tgs,10000,20,4,3,21,12.4716,0.0059,0.9423,11.5233
physx_cpu,tgs,10000,20,4,3,22,12.7317,0.0053,0.9419,11.7843
physx_cpu,tgs,10000,20,4,3,23,12.7578,0.0044,0.9436,11.8095
physx_cpu,tgs,10000,20,4,3,24,12.4118,0.0059,0.8673,11.5386
physx_cpu,tgs,10000,20,4,3,25,12.8246,0.0055,1.0016,11.8173
physx_cpu,tgs,10000,20,4,3,26,12.8118,0.0057,0.9077,11.8985
physx_cpu,tgs,10000,20,4,3,27,13.1518,0.0054,0.9327,12.2134
physx_cpu,tgs,10000,20,4,3,28,12.4232,0.0057,0.9246,11.4929
physx_cpu,tgs,10000,20,4,3,29,12.4216,0.0055,0.9304,11.4856
physx_cpu,tgs,10000,20,4,3,30,13.1875,0.0055,0.9309,12.251
physx_cpu,tgs,10000,20,4,3,31,12.5201,0.0055,0.9093,11.6053
physx_cpu,tgs,10000,20,4,3,32,12.698,0.005,0.8892,11.8038
physx_cpu,tgs,10000,20,4,3,33,12.572,0.0054,0.9009,11.6656
physx_cpu,tgs,10000,20,4,3,34,12.3704,0.0059,0.9329,11.4314
physx_cpu,tgs,10000,20,4,3,35,12.9768,0.0057,0.9323,12.0387
physx_cpu,tgs,10000,20,4,3,36,13.1041,0.0051,0.8993,12.1995
physx_cpu,tgs,10000,20,4,3,37,12.8791,0.005,1.0942,11.7798
physx_cpu,tgs,10000,20,4,3,38,12.8535,0.0052,1.0105,11.8377
physx_cpu,tgs,10000,20,4,3,39,12.8858,0.006,1.0929,11.7867
physx_cpu,tgs,131072,20,4,1,0,302.411,0.011,9.9027,292.497
physx_cpu,tgs,131072,20,4,1,1,301.156,0.0109,9.5828,291.562
physx_cpu,tgs,131072,20,4,1,2,301.174,0.0068,9.4046,291.763
physx_cpu,tgs,131072,20,4,1,3,302.464,0.0078,9.4889,292.967
physx_cpu,tgs,131072,20,4,1,4,304.402,0.0064,9.2582,295.137
physx_cpu,tgs,131072,20,4,1,5,314.622,0.0099,10.0039,304.608
physx_cpu,tgs,131072,20,4,1,6,309.688,0.007,9.6892,299.992
physx_cpu,tgs,131072,20,4,1,7,297.304,0.0087,9.6327,287.663
physx_cpu,tgs,131072,20,4,1,8,298.636,0.0102,8.8155,289.81
physx_cpu,tgs,131072,20,4,1,9,299.592,0.0077,9.3457,290.239
physx_cpu,tgs,131072,20,4,1,10,300.913,0.0087,9.7161,291.188
physx_cpu,tgs,131072,20,4,1,11,295.053,0.0081,9.4792,285.566
physx_cpu,tgs,131072,20,4,1,12,300.897,0.01,9.9757,290.911
physx_cpu,tgs,131072,20,4,1,13,290.743,0.0091,9.4332,281.301
physx_cpu,tgs,131072,20,4,1,14,291.653,0.0117,9.9243,281.717
physx_cpu,tgs,131072,20,4,1,15,294.914,0.0076,9.373,285.534
physx_cpu,tgs,131072,20,4,1,16,287.723,0.0106,10.0822,277.63
physx_cpu,tgs,131072,20,4,1,17,300.589,0.0066,9.4787,291.103
physx_cpu,tgs,131072,20,4,1,18,305.757,0.0107,9.9376,295.808
physx_cpu,tgs,131072,20,4,1,19,300.796,0.0071,9.9864,290.803
physx_cpu,tgs,131072,20,4,1,20,290.923,0.009,9.5944,281.32
physx_cpu,tgs,131072,20,4,1,21,296.841,0.0098,9.634,287.197
physx_cpu,tgs,131072,20,4,1,22,292.935,0.0076,9.9463,282.981
physx_cpu,tgs,131072,20,4,1,23,287.473,0.0083,9.5359,277.928
physx_cpu,tgs,131072,20,4,1,24,282.642,0.0103,9.2366,273.396
physx_cpu,tgs,131072,20,4,1,25,294.7,0.0093,9.646,285.045
physx_cpu,tgs,131072,20,4,1,26,285.291,0.009,9.5589,275.723
physx_cpu,tgs,131072,20,4,1,27,284.493,0.0089,9.7852,274.699
physx_cpu,tgs,131072,20,4,1,28,286.865,0.0083,9.4527,277.404
physx_cpu,tgs,131072,20,4,1,29,290.896,0.0071,9.651,281.238
physx_cpu,tgs,131072,20,4,1,30,288.967,0.009,9.5657,279.392
physx_cpu,tgs,131072,20,4,1,31,309.225,0.0102,10.2175,298.997
physx_cpu,tgs,131072,20,4,1,32,291.521,0.011,8.849,282.661
physx_cpu,tgs,131072,20,4,1,33,282.305,0.0078,9.5739,272.723
physx_cpu,tgs,131072,20,4,1,34,281.65,0.0089,9.7911,271.85
physx_cpu,tgs,131072,20,4,1,35,285.667,0.0109,14.8122,270.844
physx_cpu,tgs,131072,20,4,1,36,274.421,0.0074,9.7507,264.663
physx_cpu,tgs,131072,20,4,1,37,276.32,0.009,9.5321,266.778
physx_cpu,tgs,131072,20,4,1,38,285.483,0.0069,9.3916,276.084
physx_cpu,tgs,131072,20,4,1,39,279.49,0.0094,9.9036,269.577
physx_cpu,tgs,131072,20,4,2,0,301.467,0.0101,9.1414,292.316
physx_cpu,tgs,131072,20,4,2,1,313.153,0.0088,9.6022,303.542
physx_cpu,tgs,131072,20,4,2,2,306.035,0.0066,9.3864,296.642
physx_cpu,tgs,131072,20,4,2,3,304.801,0.006,9.2718,295.523
physx_cpu,tgs,131072,20,4,2,4,309.341,0.0077,9.8848,299.448
physx_cpu,tgs,131072,20,4,2,5,302.686,0.0072,9.6219,293.057
physx_cpu,tgs,131072,20,4,2,6,296.864,0.0068,9.2266,287.63
physx_cpu,tgs,131072,20,4,2,7,300.452,0.0101,9.5515,290.891
physx_cpu,tgs,131072,20,4,2,8,292.722,0.0111,9.5115,283.199
physx_cpu,tgs,131072,20,4,2,9,302.576,0.0097,9.603,292.963
physx_cpu,tgs,131072,20,4,2,10,296.88,0.009,9.7812,287.09
physx_cpu,tgs,131072,20,4,2,11,307.535,0.0092,9.5292,297.996
physx_cpu,tgs,131072,20,4,2,12,315.963,0.0076,10.1195,305.836
physx_cpu,tgs,131072,20,4,2,13,299.529,0.0078,9.9788,289.543
physx_cpu,tgs,131072,20,4,2,14,294.823,0.0069,9.5733,285.242
physx_cpu,tgs,131072,20,4,2,15,287.855,0.0097,9.6619,278.184
physx_cpu,tgs,131072,20,4,2,16,282.688,0.0112,9.0713,273.605
physx_cpu,tgs,131072,20,4,2,17,290.449,0.0079,9.606,280.835
physx_cpu,tgs,131072,20,4,2,18,290.925,0.0069,10.2124,280.706
physx_cpu,tgs,131072,20,4,2,19,290.765,0.0092,9.5912,281.164
physx_cpu,tgs,131072,20,4,2,20,287.956,0.0068,9.624,278.325
physx_cpu,tgs,131072,20,4,2,21,292.313,0.008,9.569,282.736
physx_cpu,tgs,131072,20,4,2,22,293.994,0.0069,9.3833,284.604
physx_cpu,tgs,131072,20,4,2,23,292.358,0.0093,9.6931,282.656
physx_cpu,tgs,131072,20,4,2,24,296.594,0.0104,9.2234,287.36
physx_cpu,tgs,131072,20,4,2,25,283.122,0.0071,9.6501,273.465
physx_cpu,tgs,131072,20,4,2,26,300.315,0.0085,9.767,290.54
physx_cpu,tgs,131072,20,4,2,27,303.847,0.009,10.5299,293.308
physx_cpu,tgs,131072,20,4,2,28,298.706,0.0084,10.0944,288.603
physx_cpu,tgs,131072,20,4,2,29,301.154,0.0094,10.5245,290.62
physx_cpu,tgs,131072,20,4,2,30,288.596,0.0073,9.7352,278.853
physx_cpu,tgs,131072,20,4,2,31,284.103,0.0081,9.9236,274.171
physx_cpu,tgs,131072,20,4,2,32,278.322,0.0109,8.9535,269.357
physx_cpu,tgs,131072,20,4,2,33,272.68,0.0075,9.541,263.132
physx_cpu,tgs,131072,20,4,2,34,299.742,0.0098,9.6774,290.055
physx_cpu,tgs,131072,20,4,2,35,297.319,0.0087,10.7671,286.543
physx_cpu,tgs,131072,20,4,2,36,283.918,0.0114,10.4064,273.5
physx_cpu,tgs,131072,20,4,2,37,280.657,0.0088,9.7775,270.871
physx_cpu,tgs,131072,20,4,2,38,275.278,0.0095,9.5885,265.68
physx_cpu,tgs,131072,20,4,2,39,278.808,0.008,9.6942,269.106
physx_cpu,tgs,131072,20,4,3,0,299.096,0.0099,9.0387,290.048
physx_cpu,tgs,131072,20,4,3,1,297.932,0.0087,9.5203,288.403
physx_cpu,tgs,131072,20,4,3,2,300.984,0.0092,9.8147,291.16
physx_cpu,tgs,131072,20,4,3,3,304.283,0.007,9.8857,294.39
physx_cpu,tgs,131072,20,4,3,4,310.482,0.0069,9.6514,300.824
physx_cpu,tgs,131072,20,4,3,5,300.828,0.0083,9.9676,290.853
physx_cpu,tgs,131072,20,4,3,6,307.312,0.0079,9.414,297.89
physx_cpu,tgs,131072,20,4,3,7,303.247,0.0078,9.7083,293.531
physx_cpu,tgs,131072,20,4,3,8,291.454,0.0114,8.8549,282.588
physx_cpu,tgs,131072,20,4,3,9,295.708,0.0094,9.305,286.393
physx_cpu,tgs,131072,20,4,3,10,298.643,0.0071,9.7167,288.919
physx_cpu,tgs,131072,20,4,3,11,288.599,0.0083,9.4699,279.121
physx_cpu,tgs,131072,20,4,3,12,292.391,0.0098,9.5886,282.793
physx_cpu,tgs,131072,20,4,3,13,301.449,0.0074,9.457,291.984
physx_cpu,tgs,131072,20,4,3,14,290.538,0.0079,10.0316,280.498
physx_cpu,tgs,131072,20,4,3,15,297.037,0.0085,9.6326,287.396
physx_cpu,tgs,131072,20,4,3,16,286.876,0.011,8.9331,277.932
physx_cpu,tgs,131072,20,4,3,17,299.759,0.0087,10.0886,289.661
physx_cpu,tgs,131072,20,4,3,18,292.416,0.01,10.0562,282.35
physx_cpu,tgs,131072,20,4,3,19,296.388,0.0083,9.6979,286.682
physx_cpu,tgs,131072,20,4,3,20,295.462,0.0085,10.7391,284.714
physx_cpu,tgs,131072,20,4,3,21,293.204,0.008,9.7426,283.453
physx_cpu,tgs,131072,20,4,3,22,289.959,0.0075,9.8679,280.083
physx_cpu,tgs,131072,20,4,3,23,289.771,0.0082,9.5628,280.2
physx_cpu,tgs,131072,20,4,3,24,283.192,0.0114,8.9023,274.278
physx_cpu,tgs,131072,20,4,3,25,286.949,0.0096,9.5609,277.379
physx_cpu,tgs,131072,20,4,3,26,287.954,0.0085,9.4683,278.477
physx_cpu,tgs,131072,20,4,3,27,285.753,0.008,9.5186,276.226
physx_cpu,tgs,131072,20,4,3,28,285.877,0.0082,9.646,276.222
physx_cpu,tgs,131072,20,4,3,29,282.048,0.0079,9.6623,272.378
physx_cpu,tgs,131072,20,4,3,30,298.921,0.0066,9.5474,289.366
physx_cpu,tgs,131072,20,4,3,31,330.409,0.0141,11.4128,318.982
physx_cpu,tgs,131072,20,4,3,32,304.807,0.0108,9.1954,295.601
physx_cpu,tgs,131072,20,4,3,33,303.743,0.0106,11.9238,291.808
physx_cpu,tgs,131072,20,4,3,34,285.213,0.0115,10.6563,274.545
physx_cpu,tgs,131072,20,4,3,35,282.469,0.0093,10.4414,272.018
physx_cpu,tgs,131072,20,4,3,36,287.974,0.0078,9.8167,278.15
physx_cpu,tgs,131072,20,4,3,37,292.979,0.0091,9.9767,282.993
physx_cpu,tgs,131072,20,4,3,38,293.548,0.0078,9.9862,283.554
physx_cpu,tgs,131072,20,4,3,39,287.78,0.0079,10.6338,277.139
physx_cpu,tgs,65536,20,4,1,0,122.715,0.0103,4.5621,118.143
physx_cpu,tgs,65536,20,4,1,1,121.606,0.0076,4.9427,116.656
physx_cpu,tgs,65536,20,4,1,2,135.231,0.0081,5.0372,130.186
physx_cpu,tgs,65536,20,4,1,3,133.781,0.0127,5.3603,128.408
physx_cpu,tgs,65536,20,4,1,4,135.513,0.0082,5.6657,129.839
physx_cpu,tgs,65536,20,4,1,5,135.846,0.0079,5.501,130.337
physx_cpu,tgs,65536,20,4,1,6,136.473,0.0068,5.36,131.106
physx_cpu,tgs,65536,20,4,1,7,129.194,0.0071,5.2187,123.968
physx_cpu,tgs,65536,20,4,1,8,120.987,0.0092,4.5922,116.385
physx_cpu,tgs,65536,20,4,1,9,129.139,0.0065,4.9406,124.192
physx_cpu,tgs,65536,20,4,1,10,125.582,0.0064,5.5241,120.052
physx_cpu,tgs,65536,20,4,1,11,121.188,0.0056,4.8392,116.343
physx_cpu,tgs,65536,20,4,1,12,121.704,0.0077,4.8947,116.802
physx_cpu,tgs,65536,20,4,1,13,123.26,0.0086,5.0346,118.217
physx_cpu,tgs,65536,20,4,1,14,121.692,0.0057,5.0609,116.625
physx_cpu,tgs,65536,20,4,1,15,127.963,0.0064,4.9793,122.977
physx_cpu,tgs,65536,20,4,1,16,122.874,0.0102,4.7228,118.141
physx_cpu,tgs,65536,20,4,1,17,124.355,0.0081,5.0667,119.28
physx_cpu,tgs,65536,20,4,1,18,124.207,0.0061,4.9193,119.281
physx_cpu,tgs,65536,20,4,1,19,125.854,0.0056,4.9082,120.94
physx_cpu,tgs,65536,20,4,1,20,123.944,0.0077,4.9885,118.947
physx_cpu,tgs,65536,20,4,1,21,130.654,0.0059,5.6014,125.047
physx_cpu,tgs,65536,20,4,1,22,128.819,0.007,5.1759,123.636
physx_cpu,tgs,65536,20,4,1,23,129.293,0.009,5.1197,124.165
physx_cpu,tgs,65536,20,4,1,24,121.169,0.0092,4.6193,116.541
physx_cpu,tgs,65536,20,4,1,25,123.965,0.0077,4.7868,119.17
physx_cpu,tgs,65536,20,4,1,26,123.01,0.0056,4.8329,118.171
physx_cpu,tgs,65536,20,4,1,27,124.487,0.0078,4.8563,119.623
physx_cpu,tgs,65536,20,4,1,28,124.993,0.0063,5.1304,119.857
physx_cpu,tgs,65536,20,4,1,29,124.558,0.0073,5.0749,119.476
physx_cpu,tgs,65536,20,4,1,30,127.525,0.0058,4.9728,122.547
physx_cpu,tgs,65536,20,4,1,31,124.87,0.0065,5.3388,119.525
physx_cpu,tgs,65536,20,4,1,32,123.123,0.0095,5.9198,117.193
physx_cpu,tgs,65536,20,4,1,33,124.621,0.006,5.0029,119.611
physx_cpu,tgs,65536,20,4,1,34,122.912,0.0062,4.8398,118.066
physx_cpu,tgs,65536,20,4,1,35,126.218,0.007,5.2833,120.928
physx_cpu,tgs,65536,20,4,1,36,122.45,0.0063,4.8644,117.579
physx_cpu,tgs,65536,20,4,1,37,123.437,0.007,4.7727,118.657
physx_cpu,tgs,65536,20,4,1,38,128.456,0.005,4.8571,123.594
physx_cpu,tgs,65536,20,4,1,39,125.184,0.0066,4.9837,120.194
physx_cpu,tgs,65536,20,4,2,0,120.718,0.0097,4.7184,115.99
physx_cpu,tgs,65536,20,4,2,1,124.743,0.0066,5.0174,119.719
physx_cpu,tgs,65536,20,4,2,2,123.069,0.0075,4.9875,118.073
physx_cpu,tgs,65536,20,4,2,3,126.061,0.0065,5.618,120.436
physx_cpu,tgs,65536,20,4,2,4,125.695,0.0059,5.3632,120.325
physx_cpu,tgs,65536,20,4,2,5,124.527,0.0061,4.9282,119.593
physx_cpu,tgs,65536,20,4,2,6,123.595,0.0067,4.8274,118.761
physx_cpu,tgs,65536,20,4,2,7,121.876,0.0066,4.7271,117.142
physx_cpu,tgs,65536,20,4,2,8,121.101,0.01,4.8413,116.25
physx_cpu,tgs,65536,20,4,2,9,123.738,0.0066,5.8914,117.84
physx_cpu,tgs,65536,20,4,2,10,123.53,0.0073,4.755,118.767
physx_cpu,tgs,65536,20,4,2,11,121.397,0.0062,4.8532,116.537
physx_cpu,tgs,65536,20,4,2,12,121.831,0.0062,5.0441,116.781
physx_cpu,tgs,65536,20,4,2,13,123.76,0.0068,4.8785,118.875
physx_cpu,tgs,65536,20,4,2,14,129.26,0.0071,5.8503,123.403
physx_cpu,tgs,65536,20,4,2,15,130.571,0.0071,5.4082,125.156
physx_cpu,tgs,65536,20,4,2,16,125.905,0.0108,4.9259,120.968
physx_cpu,tgs,65536,20,4,2,17,124.25,0.0059,5.1784,119.065
physx_cpu,tgs,65536,20,4,2,18,126.153,0.0059,4.9006,121.247
physx_cpu,tgs,65536,20,4,2,19,121.741,0.006,4.952,116.783
physx_cpu,tgs,65536,20,4,2,20,120.661,0.0063,4.8642,115.79
physx_cpu,tgs,65536,20,4,2,21,125.311,0.0074,5.4499,119.854
physx_cpu,tgs,65536,20,4,2,22,121.944,0.0067,5.7076,116.23
physx_cpu,tgs,65536,20,4,2,23,123.764,0.0074,5.8869,117.87
physx_cpu,tgs,65536,20,4,2,24,132.083,0.0119,5.4783,126.592
physx_cpu,tgs,65536,20,4,2,25,132.767,0.008,5.9821,126.776
physx_cpu,tgs,65536,20,4,2,26,130.184,0.0086,5.3607,124.814
physx_cpu,tgs,65536,20,4,2,27,132.887,0.0069,5.7579,127.122
physx_cpu,tgs,65536,20,4,2,28,131.675,0.0087,5.3932,126.272
physx_cpu,tgs,65536,20,4,2,29,121.668,0.0082,5.0938,116.566
physx_cpu,tgs,65536,20,4,2,30,123.734,0.006,4.881,118.847
physx_cpu,tgs,65536,20,4,2,31,123.673,0.0076,5.0473,118.618
physx_cpu,tgs,65536,20,4,2,32,121.819,0.0101,4.5996,117.21
physx_cpu,tgs,65536,20,4,2,33,130.729,0.0076,4.9793,125.742
physx_cpu,tgs,65536,20,4,2,34,122.301,0.0066,5.0596,117.234
physx_cpu,tgs,65536,20,4,2,35,122.384,0.0066,5.4779,116.899
physx_cpu,tgs,65536,20,4,2,36,121.853,0.0065,5.3223,116.524
physx_cpu,tgs,65536,20,4,2,37,122.941,0.0077,4.9992,117.934
physx_cpu,tgs,65536,20,4,2,38,121.092,0.0064,4.7861,116.3
physx_cpu,tgs,65536,20,4,2,39,123.741,0.0059,5.0262,118.709
physx_cpu,tgs,65536,20,4,3,0,125.932,0.0094,5.4742,120.448
physx_cpu,tgs,65536,20,4,3,1,127.246,0.0069,5.1111,122.128
physx_cpu,tgs,65536,20,4,3,2,126.908,0.0061,5.361,121.54
physx_cpu,tgs,65536,20,4,3,3,127.865,0.0067,5.5059,122.353
physx_cpu,tgs,65536,20,4,3,4,124.74,0.007,5.0094,119.723
physx_cpu,tgs,65536,20,4,3,5,124.836,0.0069,4.8651,119.964
physx_cpu,tgs,65536,20,4,3,6,129.099,0.0067,4.9997,124.093
physx_cpu,tgs,65536,20,4,3,7,128.824,0.0077,5.1111,123.706
physx_cpu,tgs,65536,20,4,3,8,126.645,0.0146,4.9343,121.697
physx_cpu,tgs,65536,20,4,3,9,127.606,0.0079,5.1045,122.494
physx_cpu,tgs,65536,20,4,3,10,126.036,0.0075,5.3621,120.666
physx_cpu,tgs,65536,20,4,3,11,126.056,0.0083,4.9262,121.121
physx_cpu,tgs,65536,20,4,3,12,122.274,0.0073,4.9083,117.358
physx_cpu,tgs,65536,20,4,3,13,123.461,0.0082,4.8605,118.592
physx_cpu,tgs,65536,20,4,3,14,122.985,0.0091,5.0518,117.924
physx_cpu,tgs,65536,20,4,3,15,121.842,0.0066,5.0744,116.761
physx_cpu,tgs,65536,20,4,3,16,124.258,0.011,4.5861,119.661
physx_cpu,tgs,65536,20,4,3,17,128.199,0.0088,5.6493,122.541
physx_cpu,tgs,65536,20,4,3,18,124.018,0.0067,5.1581,118.853
physx_cpu,tgs,65536,20,4,3,19,124.043,0.0079,5.0497,118.986
physx_cpu,tgs,65536,20,4,3,20,121.313,0.0079,5.0074,116.297
physx_cpu,tgs,65536,20,4,3,21,122.538,0.0068,5.7306,116.801
physx_cpu,tgs,65536,20,4,3,22,125.807,0.0079,5.0036,120.795
physx_cpu,tgs,65536,20,4,3,23,122.482,0.0064,4.9103,117.566
physx_cpu,tgs,65536,20,4,3,24,122.797,0.0096,4.9831,117.804
physx_cpu,tgs,65536,20,4,3,25,123.147,0.0074,5.0453,118.094
physx_cpu,tgs,65536,20,4,3,26,123.087,0.0057,4.8347,118.247
physx_cpu,tgs,65536,20,4,3,27,122.547,0.0083,5.6322,116.906
physx_cpu,tgs,65536,20,4,3,28,121.55,0.0066,4.894,116.649
physx_cpu,tgs,65536,20,4,3,29,123.86,0.0072,5.4285,118.425
physx_cpu,tgs,65536,20,4,3,30,123.11,0.0061,5.0273,118.076
physx_cpu,tgs,65536,20,4,3,31,123.037,0.0066,5.3609,117.67
physx_cpu,tgs,65536,20,4,3,32,123.811,0.0097,4.6777,119.124
physx_cpu,tgs,65536,20,4,3,33,123.927,0.006,4.9001,119.021
physx_cpu,tgs,65536,20,4,3,34,123.26,0.0082,5.1664,118.085
physx_cpu,tgs,65536,20,4,3,35,122.958,0.0073,4.9583,117.992
physx_cpu,tgs,65536,20,4,3,36,122.405,0.0078,4.9623,117.435
physx_cpu,tgs,65536,20,4,3,37,126.666,0.0061,4.7941,121.865
physx_cpu,tgs,65536,20,4,3,38,129.812,0.007,5.1231,124.682
physx_cpu,tgs,65536,20,4,3,39,139.21,0.0066,5.5608,133.642
