count,scenario,run,sample,gpu_ms,submit_ms
10000,known,1,0,0.069632,0.0023
10000,known,1,1,0.026624,0.0072
10000,known,1,2,0.027648,0.0064
10000,known,1,3,0.0256,0.0058
10000,known,1,4,0.026624,0.0061
10000,known,1,5,0.0256,0.0071
10000,known,1,6,0.03072,0.0064
10000,known,1,7,0.0256,0.0061
10000,known,1,8,0.031744,0.0058
10000,known,1,9,0.029696,0.0058
10000,known,1,10,0.033792,0.0056
10000,known,1,11,0.0256,0.0053
10000,known,1,12,0.027648,0.0057
10000,known,1,13,0.0256,0.0053
10000,known,1,14,0.033792,0.0061
10000,known,1,15,0.0256,0.0052
10000,known,1,16,0.031744,0.0053
10000,known,1,17,0.026624,0.0056
10000,known,1,18,0.028672,0.0055
10000,known,1,19,0.0256,0.0058
10000,known,1,20,0.031744,0.0054
10000,known,1,21,0.026624,0.0055
10000,known,1,22,0.028672,0.0055
10000,known,1,23,0.0256,0.0052
10000,known,1,24,0.031744,0.0058
10000,known,1,25,0.0256,0.0053
10000,known,1,26,0.028672,0.0052
10000,known,1,27,0.0256,0.0056
10000,known,1,28,0.03072,0.0058
10000,known,1,29,0.0256,0.0053
10000,known,1,30,0.033792,0.0052
10000,known,1,31,0.0256,0.0052
10000,known,1,32,0.0256,0.0053
10000,known,1,33,0.0256,0.0051
10000,known,1,34,0.027648,0.0061
10000,known,1,35,0.0256,0.0052
10000,known,1,36,0.026624,0.0052
10000,known,1,37,0.026624,0.0053
10000,known,1,38,0.028672,0.0053
10000,known,1,39,0.0256,0.0057
10000,known,1,40,0.031744,0.0053
10000,known,1,41,0.026624,0.0053
10000,known,1,42,0.029696,0.0053
10000,known,1,43,0.0256,0.0083
10000,known,1,44,0.026624,0.0055
10000,known,1,45,0.0256,0.0051
10000,known,1,46,0.032768,0.0059
10000,known,1,47,0.026624,0.0058
10000,known,1,48,0.03072,0.0053
10000,known,1,49,0.026624,0.0071
10000,known,1,50,0.029696,0.0053
10000,known,1,51,0.026624,0.0056
10000,known,1,52,0.026624,0.0052
10000,known,1,53,0.0256,0.0051
10000,known,1,54,0.033792,0.0052
10000,known,1,55,0.0256,0.0055
10000,known,1,56,0.026624,0.0053
10000,known,1,57,0.026624,0.0056
10000,known,1,58,0.029696,0.0053
10000,known,1,59,0.026624,0.0053
10000,known,1,60,0.026624,0.0054
10000,known,1,61,0.026624,0.0051
10000,known,1,62,0.028672,0.0068
10000,known,1,63,0.0256,0.0055
10000,known,1,64,0.027648,0.0053
10000,known,1,65,0.026624,0.0055
10000,known,1,66,0.026624,0.0053
10000,known,1,67,0.026624,0.0052
10000,known,1,68,0.03072,0.0052
10000,known,1,69,0.026624,0.0052
10000,known,1,70,0.029696,0.0053
10000,known,1,71,0.026624,0.0055
10000,known,1,72,0.026624,0.0052
10000,known,1,73,0.026624,0.005
10000,known,1,74,0.033792,0.0052
10000,known,1,75,0.026624,0.0053
10000,known,1,76,0.031744,0.0052
10000,known,1,77,0.0256,0.0058
10000,known,1,78,0.033792,0.0053
10000,known,1,79,0.026624,0.0053
10000,known,1,80,0.03072,0.0057
10000,known,1,81,0.026624,0.0053
10000,known,1,82,0.033792,0.0052
10000,known,1,83,0.0256,0.0055
10000,known,1,84,0.026624,0.0053
10000,known,1,85,0.0256,0.0056
10000,known,1,86,0.033792,0.0053
10000,known,1,87,0.026624,0.0069
10000,known,1,88,0.026624,0.0053
10000,known,1,89,0.0256,0.0055
10000,known,1,90,0.033792,0.0053
10000,known,1,91,0.027648,0.0051
10000,known,1,92,0.028672,0.0051
10000,known,1,93,0.026624,0.0057
10000,known,1,94,0.032768,0.0056
10000,known,1,95,0.0256,0.0056
10000,known,1,96,0.026624,0.0054
10000,known,1,97,0.0256,0.0055
10000,known,1,98,0.029696,0.0052
10000,known,1,99,0.026624,0.0052
10000,known,1,100,0.027648,0.0068
10000,known,1,101,0.0256,0.0055
10000,known,1,102,0.028672,0.0053
10000,known,1,103,0.026624,0.0052
10000,known,1,104,0.026624,0.0065
10000,known,1,105,0.026624,0.0055
10000,known,1,106,0.033792,0.0053
10000,known,1,107,0.0256,0.0054
10000,known,1,108,0.026624,0.0053
10000,known,1,109,0.026624,0.0053
10000,known,1,110,0.033792,0.0059
10000,known,1,111,0.026624,0.0071
10000,known,1,112,0.031744,0.0052
10000,known,1,113,0.026624,0.0055
10000,known,1,114,0.032768,0.0056
10000,known,1,115,0.0256,0.0053
10000,known,1,116,0.027648,0.0056
10000,known,1,117,0.026624,0.0052
10000,known,1,118,0.029696,0.0054
10000,known,1,119,0.026624,0.0052
10000,known,2,0,0.026624,0.0059
10000,known,2,1,0.027648,0.0048
10000,known,2,2,0.026624,0.0055
10000,known,2,3,0.031744,0.0053
10000,known,2,4,0.0256,0.005
10000,known,2,5,0.029696,0.0051
10000,known,2,6,0.026624,0.0057
10000,known,2,7,0.029696,0.0063
10000,known,2,8,0.026624,0.007
10000,known,2,9,0.027648,0.0054
10000,known,2,10,0.026624,0.0062
10000,known,2,11,0.027648,0.0061
10000,known,2,12,0.0256,0.0056
10000,known,2,13,0.029696,0.0051
10000,known,2,14,0.0256,0.0059
10000,known,2,15,0.027648,0.0059
10000,known,2,16,0.026624,0.0054
10000,known,2,17,0.028672,0.0052
10000,known,2,18,0.0256,0.0051
10000,known,2,19,0.026624,0.0051
10000,known,2,20,0.029696,0.0057
10000,known,2,21,0.033792,0.0051
10000,known,2,22,0.0256,0.005
10000,known,2,23,0.026624,0.005
10000,known,2,24,0.026624,0.0054
10000,known,2,25,0.033792,0.0053
10000,known,2,26,0.0256,0.005
10000,known,2,27,0.026624,0.0051
10000,known,2,28,0.0256,0.0055
10000,known,2,29,0.032768,0.0052
10000,known,2,30,0.027648,0.0049
10000,known,2,31,0.027648,0.0055
10000,known,2,32,0.0256,0.0052
10000,known,2,33,0.033792,0.0053
10000,known,2,34,0.026624,0.005
10000,known,2,35,0.026624,0.0056
10000,known,2,36,0.026624,0.005
10000,known,2,37,0.026624,0.005
10000,known,2,38,0.026624,0.0051
10000,known,2,39,0.026624,0.0051
10000,known,2,40,0.027648,0.0067
10000,known,2,41,0.033792,0.0052
10000,known,2,42,0.0256,0.005
10000,known,2,43,0.026624,0.0051
10000,known,2,44,0.026624,0.0049
10000,known,2,45,0.029696,0.005
10000,known,2,46,0.0256,0.0049
10000,known,2,47,0.026624,0.0057
10000,known,2,48,0.026624,0.005
10000,known,2,49,0.033792,0.0071
10000,known,2,50,0.026624,0.0058
10000,known,2,51,0.03072,0.0051
10000,known,2,52,0.026624,0.0055
10000,known,2,53,0.032768,0.0051
10000,known,2,54,0.026624,0.0053
10000,known,2,55,0.03072,0.0052
10000,known,2,56,0.026624,0.005
10000,known,2,57,0.033792,0.0051
10000,known,2,58,0.0256,0.0054
10000,known,2,59,0.027648,0.0052
10000,known,2,60,0.0256,0.0056
10000,known,2,61,0.033792,0.0052
10000,known,2,62,0.0256,0.0065
10000,known,2,63,0.027648,0.005
10000,known,2,64,0.026624,0.0057
10000,known,2,65,0.032768,0.0051
10000,known,2,66,0.0256,0.0051
10000,known,2,67,0.026624,0.005
10000,known,2,68,0.0256,0.0053
10000,known,2,69,0.028672,0.0052
10000,known,2,70,0.0256,0.0054
10000,known,2,71,0.027648,0.0053
10000,known,2,72,0.026624,0.0058
10000,known,2,73,0.026624,0.0062
10000,known,2,74,0.026624,0.0059
10000,known,2,75,0.031744,0.0072
10000,known,2,76,0.026624,0.005
10000,known,2,77,0.032768,0.0051
10000,known,2,78,0.026624,0.0059
10000,known,2,79,0.026624,0.0056
10000,known,2,80,0.0256,0.0049
10000,known,2,81,0.033792,0.0047
10000,known,2,82,0.031744,0.005
10000,known,2,83,0.026624,0.0051
10000,known,2,84,0.0256,0.0049
10000,known,2,85,0.028672,0.0051
10000,known,2,86,0.0256,0.0058
10000,known,2,87,0.0256,0.0052
10000,known,2,88,0.0256,0.0072
10000,known,2,89,0.033792,0.0052
10000,known,2,90,0.0256,0.005
10000,known,2,91,0.027648,0.005
10000,known,2,92,0.0256,0.0055
10000,known,2,93,0.032768,0.0051
10000,known,2,94,0.0256,0.0049
10000,known,2,95,0.027648,0.0055
10000,known,2,96,0.026624,0.0051
10000,known,2,97,0.027648,0.0055
10000,known,2,98,0.026624,0.005
10000,known,2,99,0.027648,0.005
10000,known,2,100,0.0256,0.0049
10000,known,2,101,0.033792,0.0065
10000,known,2,102,0.028672,0.0059
10000,known,2,103,0.026624,0.005
10000,known,2,104,0.026624,0.0049
10000,known,2,105,0.029696,0.0055
10000,known,2,106,0.0256,0.0051
10000,known,2,107,0.027648,0.0053
10000,known,2,108,0.026624,0.005
10000,known,2,109,0.027648,0.0049
10000,known,2,110,0.0256,0.005
10000,known,2,111,0.026624,0.005
10000,known,2,112,0.026624,0.0054
10000,known,2,113,0.028672,0.0051
10000,known,2,114,0.026624,0.0052
10000,known,2,115,0.026624,0.0054
10000,known,2,116,0.027648,0.0051
10000,known,2,117,0.028672,0.005
10000,known,2,118,0.026624,0.006
10000,known,2,119,0.027648,0.0053
10000,known,3,0,0.026624,0.008
10000,known,3,1,0.0256,0.0046
10000,known,3,2,0.028672,0.0059
10000,known,3,3,0.026624,0.005
10000,known,3,4,0.026624,0.0054
10000,known,3,5,0.0256,0.0048
10000,known,3,6,0.028672,0.0059
10000,known,3,7,0.0256,0.005
10000,known,3,8,0.026624,0.0051
10000,known,3,9,0.026624,0.0047
10000,known,3,10,0.032768,0.0049
10000,known,3,11,0.0256,0.0048
10000,known,3,12,0.026624,0.0049
10000,known,3,13,0.026624,0.0049
10000,known,3,14,0.026624,0.0058
10000,known,3,15,0.0256,0.0051
10000,known,3,16,0.026624,0.0046
10000,known,3,17,0.0256,0.005
10000,known,3,18,0.027648,0.0049
10000,known,3,19,0.026624,0.005
10000,known,3,20,0.027648,0.0049
10000,known,3,21,0.033792,0.0049
10000,known,3,22,0.027648,0.0057
10000,known,3,23,0.026624,0.0048
10000,known,3,24,0.027648,0.0059
10000,known,3,25,0.028672,0.0053
10000,known,3,26,0.026624,0.0054
10000,known,3,27,0.026624,0.0057
10000,known,3,28,0.026624,0.0049
10000,known,3,29,0.026624,0.0048
10000,known,3,30,0.033792,0.0057
10000,known,3,31,0.0256,0.0049
10000,known,3,32,0.026624,0.0049
10000,known,3,33,0.027648,0.0048
10000,known,3,34,0.041984,0.0052
10000,known,3,35,0.0256,0.0048
10000,known,3,36,0.0256,0.0048
10000,known,3,37,0.026624,0.0048
10000,known,3,38,0.028672,0.0049
10000,known,3,39,0.0256,0.0048
10000,known,3,40,0.026624,0.0049
10000,known,3,41,0.0256,0.0049
10000,known,3,42,0.028672,0.0049
10000,known,3,43,0.0256,0.0057
10000,known,3,44,0.026624,0.005
10000,known,3,45,0.06144,0.0048
10000,known,3,46,0.027648,0.0052
10000,known,3,47,0.0256,0.0051
10000,known,3,48,0.026624,0.0048
10000,known,3,49,0.0256,0.0048
10000,known,3,50,0.027648,0.0059
10000,known,3,51,0.026624,0.0051
10000,known,3,52,0.026624,0.0049
10000,known,3,53,0.0256,0.0058
10000,known,3,54,0.033792,0.005
10000,known,3,55,0.026624,0.0048
10000,known,3,56,0.027648,0.0049
10000,known,3,57,0.0256,0.0051
10000,known,3,58,0.033792,0.005
10000,known,3,59,0.0256,0.0048
10000,known,3,60,0.026624,0.0053
10000,known,3,61,0.0256,0.0048
10000,known,3,62,0.0512,0.0052
10000,known,3,63,0.0256,0.0048
10000,known,3,64,0.026624,0.005
10000,known,3,65,0.04608,0.005
10000,known,3,66,0.028672,0.0048
10000,known,3,67,0.026624,0.0048
10000,known,3,68,0.031744,0.0058
10000,known,3,69,0.0256,0.0049
10000,known,3,70,0.028672,0.0049
10000,known,3,71,0.0256,0.005
10000,known,3,72,0.026624,0.005
10000,known,3,73,0.0256,0.0051
10000,known,3,74,0.029696,0.0049
10000,known,3,75,0.0256,0.0049
10000,known,3,76,0.031744,0.0058
10000,known,3,77,0.026624,0.0049
10000,known,3,78,0.029696,0.0049
10000,known,3,79,0.026624,0.0051
10000,known,3,80,0.026624,0.005
10000,known,3,81,0.0256,0.0049
10000,known,3,82,0.028672,0.0049
10000,known,3,83,0.0256,0.0064
10000,known,3,84,0.033792,0.0051
10000,known,3,85,0.0256,0.0049
10000,known,3,86,0.027648,0.0049
10000,known,3,87,0.027648,0.005
10000,known,3,88,0.026624,0.0051
10000,known,3,89,0.026624,0.0048
10000,known,3,90,0.028672,0.005
10000,known,3,91,0.026624,0.0048
10000,known,3,92,0.026624,0.0049
10000,known,3,93,0.0256,0.0047
10000,known,3,94,0.029696,0.0051
10000,known,3,95,0.0256,0.0049
10000,known,3,96,0.026624,0.0066
10000,known,3,97,0.0256,0.005
10000,known,3,98,0.033792,0.005
10000,known,3,99,0.0256,0.005
10000,known,3,100,0.026624,0.0054
10000,known,3,101,0.026624,0.0048
10000,known,3,102,0.028672,0.005
10000,known,3,103,0.026624,0.0056
10000,known,3,104,0.026624,0.0049
10000,known,3,105,0.0256,0.0058
10000,known,3,106,0.028672,0.005
10000,known,3,107,0.026624,0.0047
10000,known,3,108,0.026624,0.0049
10000,known,3,109,0.026624,0.0063
10000,known,3,110,0.029696,0.0049
10000,known,3,111,0.026624,0.0049
10000,known,3,112,0.026624,0.0049
10000,known,3,113,0.0256,0.0059
10000,known,3,114,0.033792,0.005
10000,known,3,115,0.029696,0.0048
10000,known,3,116,0.026624,0.005
10000,known,3,117,0.0256,0.005
10000,known,3,118,0.026624,0.005
10000,known,3,119,0.026624,0.0051
10000,dense_missing,1,0,0.026624,0.0017
10000,dense_missing,1,1,0.026624,0.0046
10000,dense_missing,1,2,0.026624,0.0065
10000,dense_missing,1,3,0.026624,0.0046
10000,dense_missing,1,4,0.027648,0.0046
10000,dense_missing,1,5,0.027648,0.0054
10000,dense_missing,1,6,0.026624,0.0047
10000,dense_missing,1,7,0.026624,0.0049
10000,dense_missing,1,8,0.026624,0.0046
10000,dense_missing,1,9,0.027648,0.0046
10000,dense_missing,1,10,0.026624,0.0046
10000,dense_missing,1,11,0.026624,0.0063
10000,dense_missing,1,12,0.026624,0.0054
10000,dense_missing,1,13,0.031744,0.0048
10000,dense_missing,1,14,0.026624,0.0046
10000,dense_missing,1,15,0.026624,0.0046
10000,dense_missing,1,16,0.026624,0.0051
10000,dense_missing,1,17,0.026624,0.005
10000,dense_missing,1,18,0.026624,0.0048
10000,dense_missing,1,19,0.027648,0.0046
10000,dense_missing,1,20,0.027648,0.0056
10000,dense_missing,1,21,0.026624,0.0048
10000,dense_missing,1,22,0.027648,0.0046
10000,dense_missing,1,23,0.026624,0.0046
10000,dense_missing,1,24,0.027648,0.0054
10000,dense_missing,1,25,0.026624,0.005
10000,dense_missing,1,26,0.027648,0.0047
10000,dense_missing,1,27,0.026624,0.0046
10000,dense_missing,1,28,0.026624,0.0055
10000,dense_missing,1,29,0.026624,0.0048
10000,dense_missing,1,30,0.026624,0.0049
10000,dense_missing,1,31,0.026624,0.0047
10000,dense_missing,1,32,0.026624,0.0055
10000,dense_missing,1,33,0.027648,0.0046
10000,dense_missing,1,34,0.027648,0.0057
10000,dense_missing,1,35,0.026624,0.0047
10000,dense_missing,1,36,0.026624,0.0048
10000,dense_missing,1,37,0.026624,0.0048
10000,dense_missing,1,38,0.026624,0.0046
10000,dense_missing,1,39,0.026624,0.0047
10000,dense_missing,1,40,0.03072,0.0046
10000,dense_missing,1,41,0.026624,0.0046
10000,dense_missing,1,42,0.0256,0.0061
10000,dense_missing,1,43,0.026624,0.0046
10000,dense_missing,1,44,0.026624,0.0046
10000,dense_missing,1,45,0.026624,0.0046
10000,dense_missing,1,46,0.027648,0.0051
10000,dense_missing,1,47,0.027648,0.0048
10000,dense_missing,1,48,0.026624,0.0062
10000,dense_missing,1,49,0.026624,0.0048
10000,dense_missing,1,50,0.026624,0.0046
10000,dense_missing,1,51,0.026624,0.0046
10000,dense_missing,1,52,0.026624,0.0054
10000,dense_missing,1,53,0.026624,0.0048
10000,dense_missing,1,54,0.0256,0.0046
10000,dense_missing,1,55,0.026624,0.0046
10000,dense_missing,1,56,0.0256,0.0046
10000,dense_missing,1,57,0.027648,0.0045
10000,dense_missing,1,58,0.026624,0.0046
10000,dense_missing,1,59,0.026624,0.0046
10000,dense_missing,1,60,0.026624,0.0046
10000,dense_missing,1,61,0.026624,0.0047
10000,dense_missing,1,62,0.026624,0.0049
10000,dense_missing,1,63,0.026624,0.0046
10000,dense_missing,1,64,0.026624,0.0046
10000,dense_missing,1,65,0.026624,0.0046
10000,dense_missing,1,66,0.027648,0.0046
10000,dense_missing,1,67,0.026624,0.0054
10000,dense_missing,1,68,0.027648,0.005
10000,dense_missing,1,69,0.026624,0.0057
10000,dense_missing,1,70,0.0256,0.0094
10000,dense_missing,1,71,0.026624,0.0053
10000,dense_missing,1,72,0.026624,0.0048
10000,dense_missing,1,73,0.026624,0.0048
10000,dense_missing,1,74,0.027648,0.0046
10000,dense_missing,1,75,0.026624,0.0046
10000,dense_missing,1,76,0.026624,0.0046
10000,dense_missing,1,77,0.026624,0.0046
10000,dense_missing,1,78,0.026624,0.0046
10000,dense_missing,1,79,0.026624,0.0061
10000,dense_missing,1,80,0.027648,0.0046
10000,dense_missing,1,81,0.062464,0.0046
10000,dense_missing,1,82,0.026624,0.0046
10000,dense_missing,1,83,0.026624,0.0045
10000,dense_missing,1,84,0.026624,0.0046
10000,dense_missing,1,85,0.026624,0.006
10000,dense_missing,1,86,0.026624,0.0054
10000,dense_missing,1,87,0.027648,0.0049
10000,dense_missing,1,88,0.026624,0.0046
10000,dense_missing,1,89,0.026624,0.0047
10000,dense_missing,1,90,0.0256,0.0047
10000,dense_missing,1,91,0.029696,0.0046
10000,dense_missing,1,92,0.026624,0.0048
10000,dense_missing,1,93,0.026624,0.0045
10000,dense_missing,1,94,0.027648,0.0048
10000,dense_missing,1,95,0.026624,0.0046
10000,dense_missing,1,96,0.026624,0.0046
10000,dense_missing,1,97,0.03072,0.0047
10000,dense_missing,1,98,0.027648,0.0047
10000,dense_missing,1,99,0.026624,0.0047
10000,dense_missing,1,100,0.026624,0.0046
10000,dense_missing,1,101,0.026624,0.0047
10000,dense_missing,1,102,0.026624,0.0055
10000,dense_missing,1,103,0.026624,0.0047
10000,dense_missing,1,104,0.026624,0.0048
10000,dense_missing,1,105,0.026624,0.0049
10000,dense_missing,1,106,0.026624,0.0047
10000,dense_missing,1,107,0.026624,0.0046
10000,dense_missing,1,108,0.026624,0.0046
10000,dense_missing,1,109,0.026624,0.0045
10000,dense_missing,1,110,0.026624,0.0046
10000,dense_missing,1,111,0.026624,0.0046
10000,dense_missing,1,112,0.027648,0.0047
10000,dense_missing,1,113,0.026624,0.0048
10000,dense_missing,1,114,0.026624,0.0048
10000,dense_missing,1,115,0.027648,0.0047
10000,dense_missing,1,116,0.062464,0.0048
10000,dense_missing,1,117,0.027648,0.0049
10000,dense_missing,1,118,0.039936,0.005
10000,dense_missing,1,119,0.026624,0.0059
10000,dense_missing,2,0,0.026624,0.0022
10000,dense_missing,2,1,0.029696,0.0057
10000,dense_missing,2,2,0.026624,0.0049
10000,dense_missing,2,3,0.026624,0.0047
10000,dense_missing,2,4,0.026624,0.0046
10000,dense_missing,2,5,0.027648,0.0055
10000,dense_missing,2,6,0.026624,0.0054
10000,dense_missing,2,7,0.026624,0.0047
10000,dense_missing,2,8,0.0256,0.0048
10000,dense_missing,2,9,0.026624,0.0046
10000,dense_missing,2,10,0.026624,0.0049
10000,dense_missing,2,11,0.026624,0.0047
10000,dense_missing,2,12,0.026624,0.0047
10000,dense_missing,2,13,0.0256,0.0046
10000,dense_missing,2,14,0.027648,0.0047
10000,dense_missing,2,15,0.026624,0.0048
10000,dense_missing,2,16,0.026624,0.0047
10000,dense_missing,2,17,0.026624,0.0048
10000,dense_missing,2,18,0.026624,0.0046
10000,dense_missing,2,19,0.026624,0.0047
10000,dense_missing,2,20,0.026624,0.0046
10000,dense_missing,2,21,0.027648,0.0046
10000,dense_missing,2,22,0.026624,0.0055
10000,dense_missing,2,23,0.026624,0.0047
10000,dense_missing,2,24,0.026624,0.0049
10000,dense_missing,2,25,0.027648,0.0047
10000,dense_missing,2,26,0.026624,0.0046
10000,dense_missing,2,27,0.026624,0.0055
10000,dense_missing,2,28,0.026624,0.0048
10000,dense_missing,2,29,0.026624,0.0046
10000,dense_missing,2,30,0.026624,0.0064
10000,dense_missing,2,31,0.026624,0.0056
10000,dense_missing,2,32,0.026624,0.0047
10000,dense_missing,2,33,0.027648,0.0046
10000,dense_missing,2,34,0.027648,0.0049
10000,dense_missing,2,35,0.026624,0.0048
10000,dense_missing,2,36,0.026624,0.0048
10000,dense_missing,2,37,0.026624,0.0061
10000,dense_missing,2,38,0.026624,0.0055
10000,dense_missing,2,39,0.026624,0.0047
10000,dense_missing,2,40,0.026624,0.0046
10000,dense_missing,2,41,0.026624,0.0046
10000,dense_missing,2,42,0.029696,0.0046
10000,dense_missing,2,43,0.026624,0.0047
10000,dense_missing,2,44,0.026624,0.0047
10000,dense_missing,2,45,0.026624,0.005
10000,dense_missing,2,46,0.026624,0.0047
10000,dense_missing,2,47,0.026624,0.0047
10000,dense_missing,2,48,0.0256,0.0047
10000,dense_missing,2,49,0.027648,0.0046
10000,dense_missing,2,50,0.026624,0.0049
10000,dense_missing,2,51,0.026624,0.0049
10000,dense_missing,2,52,0.029696,0.0046
10000,dense_missing,2,53,0.026624,0.0046
10000,dense_missing,2,54,0.026624,0.0046
10000,dense_missing,2,55,0.026624,0.0048
10000,dense_missing,2,56,0.026624,0.0056
10000,dense_missing,2,57,0.026624,0.0047
10000,dense_missing,2,58,0.026624,0.0047
10000,dense_missing,2,59,0.027648,0.0047
10000,dense_missing,2,60,0.026624,0.005
10000,dense_missing,2,61,0.026624,0.0049
10000,dense_missing,2,62,0.026624,0.0047
10000,dense_missing,2,63,0.026624,0.0047
10000,dense_missing,2,64,0.0256,0.0046
10000,dense_missing,2,65,0.027648,0.0056
10000,dense_missing,2,66,0.026624,0.0049
10000,dense_missing,2,67,0.026624,0.0047
10000,dense_missing,2,68,0.026624,0.0049
10000,dense_missing,2,69,0.026624,0.0047
10000,dense_missing,2,70,0.026624,0.0047
10000,dense_missing,2,71,0.026624,0.0047
10000,dense_missing,2,72,0.026624,0.0046
10000,dense_missing,2,73,0.026624,0.0056
10000,dense_missing,2,74,0.026624,0.0047
10000,dense_missing,2,75,0.027648,0.0046
10000,dense_missing,2,76,0.026624,0.0047
10000,dense_missing,2,77,0.048128,0.0048
10000,dense_missing,2,78,0.027648,0.0053
10000,dense_missing,2,79,0.026624,0.0047
10000,dense_missing,2,80,0.026624,0.0055
10000,dense_missing,2,81,0.026624,0.0055
10000,dense_missing,2,82,0.026624,0.0047
10000,dense_missing,2,83,0.029696,0.0047
10000,dense_missing,2,84,0.033792,0.0055
10000,dense_missing,2,85,0.026624,0.0087
10000,dense_missing,2,86,0.026624,0.0067
10000,dense_missing,2,87,0.026624,0.0048
10000,dense_missing,2,88,0.028672,0.0046
10000,dense_missing,2,89,0.0256,0.0047
10000,dense_missing,2,90,0.026624,0.0051
10000,dense_missing,2,91,0.026624,0.005
10000,dense_missing,2,92,0.026624,0.0046
10000,dense_missing,2,93,0.028672,0.0047
10000,dense_missing,2,94,0.026624,0.0054
10000,dense_missing,2,95,0.026624,0.0047
10000,dense_missing,2,96,0.026624,0.0046
10000,dense_missing,2,97,0.026624,0.0049
10000,dense_missing,2,98,0.026624,0.0047
10000,dense_missing,2,99,0.026624,0.0049
10000,dense_missing,2,100,0.026624,0.0049
10000,dense_missing,2,101,0.077824,0.0046
10000,dense_missing,2,102,0.026624,0.0058
10000,dense_missing,2,103,0.026624,0.0052
10000,dense_missing,2,104,0.026624,0.0046
10000,dense_missing,2,105,0.026624,0.0054
10000,dense_missing,2,106,0.027648,0.0047
10000,dense_missing,2,107,0.026624,0.0047
10000,dense_missing,2,108,0.026624,0.0047
10000,dense_missing,2,109,0.026624,0.0049
10000,dense_missing,2,110,0.026624,0.005
10000,dense_missing,2,111,0.026624,0.0046
10000,dense_missing,2,112,0.026624,0.0046
10000,dense_missing,2,113,0.026624,0.0046
10000,dense_missing,2,114,0.026624,0.0046
10000,dense_missing,2,115,0.026624,0.0046
10000,dense_missing,2,116,0.026624,0.0047
10000,dense_missing,2,117,0.026624,0.0055
10000,dense_missing,2,118,0.026624,0.0048
10000,dense_missing,2,119,0.026624,0.0047
10000,dense_missing,3,0,0.026624,0.0045
10000,dense_missing,3,1,0.029696,0.0056
10000,dense_missing,3,2,0.026624,0.0066
10000,dense_missing,3,3,0.026624,0.0047
10000,dense_missing,3,4,0.027648,0.0046
10000,dense_missing,3,5,0.026624,0.0047
10000,dense_missing,3,6,0.0256,0.0047
10000,dense_missing,3,7,0.0256,0.0047
10000,dense_missing,3,8,0.026624,0.0047
10000,dense_missing,3,9,0.0256,0.0048
10000,dense_missing,3,10,0.026624,0.0048
10000,dense_missing,3,11,0.026624,0.0048
10000,dense_missing,3,12,0.026624,0.0054
10000,dense_missing,3,13,0.026624,0.0048
10000,dense_missing,3,14,0.027648,0.0046
10000,dense_missing,3,15,0.026624,0.0047
10000,dense_missing,3,16,0.04096,0.0049
10000,dense_missing,3,17,0.026624,0.0054
10000,dense_missing,3,18,0.027648,0.005
10000,dense_missing,3,19,0.031744,0.0057
10000,dense_missing,3,20,0.026624,0.0053
10000,dense_missing,3,21,0.026624,0.0047
10000,dense_missing,3,22,0.026624,0.0047
10000,dense_missing,3,23,0.026624,0.0049
10000,dense_missing,3,24,0.026624,0.0046
10000,dense_missing,3,25,0.026624,0.0048
10000,dense_missing,3,26,0.026624,0.0047
10000,dense_missing,3,27,0.026624,0.0048
10000,dense_missing,3,28,0.026624,0.0046
10000,dense_missing,3,29,0.032768,0.005
10000,dense_missing,3,30,0.026624,0.0055
10000,dense_missing,3,31,0.026624,0.0055
10000,dense_missing,3,32,0.029696,0.0047
10000,dense_missing,3,33,0.026624,0.0048
10000,dense_missing,3,34,0.026624,0.005
10000,dense_missing,3,35,0.0256,0.0048
10000,dense_missing,3,36,0.026624,0.0046
10000,dense_missing,3,37,0.026624,0.0048
10000,dense_missing,3,38,0.026624,0.005
10000,dense_missing,3,39,0.027648,0.0048
10000,dense_missing,3,40,0.026624,0.0046
10000,dense_missing,3,41,0.026624,0.0047
10000,dense_missing,3,42,0.029696,0.0047
10000,dense_missing,3,43,0.027648,0.0064
10000,dense_missing,3,44,0.026624,0.0049
10000,dense_missing,3,45,0.026624,0.0047
10000,dense_missing,3,46,0.026624,0.0055
10000,dense_missing,3,47,0.03072,0.0047
10000,dense_missing,3,48,0.026624,0.0048
10000,dense_missing,3,49,0.026624,0.0047
10000,dense_missing,3,50,0.026624,0.0055
10000,dense_missing,3,51,0.026624,0.0048
10000,dense_missing,3,52,0.026624,0.0046
10000,dense_missing,3,53,0.0256,0.0047
10000,dense_missing,3,54,0.026624,0.005
10000,dense_missing,3,55,0.0256,0.0048
10000,dense_missing,3,56,0.026624,0.0047
10000,dense_missing,3,57,0.026624,0.0052
10000,dense_missing,3,58,0.026624,0.0047
10000,dense_missing,3,59,0.026624,0.0048
10000,dense_missing,3,60,0.026624,0.0047
10000,dense_missing,3,61,0.027648,0.0047
10000,dense_missing,3,62,0.026624,0.0046
10000,dense_missing,3,63,0.026624,0.0048
10000,dense_missing,3,64,0.026624,0.0047
10000,dense_missing,3,65,0.0256,0.0048
10000,dense_missing,3,66,0.027648,0.0046
10000,dense_missing,3,67,0.026624,0.0047
10000,dense_missing,3,68,0.026624,0.0049
10000,dense_missing,3,69,0.026624,0.0049
10000,dense_missing,3,70,0.0256,0.0047
10000,dense_missing,3,71,0.026624,0.0051
10000,dense_missing,3,72,0.026624,0.0046
10000,dense_missing,3,73,0.029696,0.0047
10000,dense_missing,3,74,0.026624,0.0046
10000,dense_missing,3,75,0.026624,0.0047
10000,dense_missing,3,76,0.026624,0.0046
10000,dense_missing,3,77,0.026624,0.0047
10000,dense_missing,3,78,0.026624,0.0048
10000,dense_missing,3,79,0.026624,0.0049
10000,dense_missing,3,80,0.026624,0.0046
10000,dense_missing,3,81,0.026624,0.0047
10000,dense_missing,3,82,0.026624,0.0046
10000,dense_missing,3,83,0.032768,0.0046
10000,dense_missing,3,84,0.027648,0.0072
10000,dense_missing,3,85,0.026624,0.0048
10000,dense_missing,3,86,0.026624,0.0048
10000,dense_missing,3,87,0.027648,0.0047
10000,dense_missing,3,88,0.0256,0.0054
10000,dense_missing,3,89,0.026624,0.005
10000,dense_missing,3,90,0.026624,0.0053
10000,dense_missing,3,91,0.026624,0.0056
10000,dense_missing,3,92,0.026624,0.0048
10000,dense_missing,3,93,0.0256,0.0049
10000,dense_missing,3,94,0.0256,0.0047
10000,dense_missing,3,95,0.026624,0.0051
10000,dense_missing,3,96,0.026624,0.0047
10000,dense_missing,3,97,0.027648,0.0048
10000,dense_missing,3,98,0.026624,0.0047
10000,dense_missing,3,99,0.027648,0.0047
10000,dense_missing,3,100,0.026624,0.0048
10000,dense_missing,3,101,0.026624,0.0052
10000,dense_missing,3,102,0.0256,0.0046
10000,dense_missing,3,103,0.03072,0.0048
10000,dense_missing,3,104,0.027648,0.0049
10000,dense_missing,3,105,0.026624,0.0049
10000,dense_missing,3,106,0.026624,0.0046
10000,dense_missing,3,107,0.026624,0.0048
10000,dense_missing,3,108,0.027648,0.0046
10000,dense_missing,3,109,0.026624,0.0047
10000,dense_missing,3,110,0.027648,0.0049
10000,dense_missing,3,111,0.027648,0.0047
10000,dense_missing,3,112,0.026624,0.0047
10000,dense_missing,3,113,0.026624,0.0047
10000,dense_missing,3,114,0.026624,0.0046
10000,dense_missing,3,115,0.026624,0.0047
10000,dense_missing,3,116,0.027648,0.0048
10000,dense_missing,3,117,0.026624,0.0048
10000,dense_missing,3,118,0.026624,0.0065
10000,dense_missing,3,119,0.026624,0.0048
10000,distributed_missing,1,0,0.027648,0.0043
10000,distributed_missing,1,1,0.032768,0.0056
10000,distributed_missing,1,2,0.0256,0.0048
10000,distributed_missing,1,3,0.026624,0.0047
10000,distributed_missing,1,4,0.026624,0.0048
10000,distributed_missing,1,5,0.028672,0.0046
10000,distributed_missing,1,6,0.027648,0.0047
10000,distributed_missing,1,7,0.026624,0.0046
10000,distributed_missing,1,8,0.026624,0.0048
10000,distributed_missing,1,9,0.033792,0.0051
10000,distributed_missing,1,10,0.026624,0.0048
10000,distributed_missing,1,11,0.026624,0.0046
10000,distributed_missing,1,12,0.026624,0.0047
10000,distributed_missing,1,13,0.028672,0.0047
10000,distributed_missing,1,14,0.027648,0.0046
10000,distributed_missing,1,15,0.026624,0.0046
10000,distributed_missing,1,16,0.026624,0.0047
10000,distributed_missing,1,17,0.027648,0.0047
10000,distributed_missing,1,18,0.041984,0.0063
10000,distributed_missing,1,19,0.027648,0.0049
10000,distributed_missing,1,20,0.026624,0.0047
10000,distributed_missing,1,21,0.033792,0.0046
10000,distributed_missing,1,22,0.026624,0.0055
10000,distributed_missing,1,23,0.026624,0.0048
10000,distributed_missing,1,24,0.026624,0.0047
10000,distributed_missing,1,25,0.029696,0.0046
10000,distributed_missing,1,26,0.027648,0.005
10000,distributed_missing,1,27,0.027648,0.0047
10000,distributed_missing,1,28,0.026624,0.0049
10000,distributed_missing,1,29,0.028672,0.0047
10000,distributed_missing,1,30,0.026624,0.0047
10000,distributed_missing,1,31,0.027648,0.0048
10000,distributed_missing,1,32,0.026624,0.0047
10000,distributed_missing,1,33,0.029696,0.0047
10000,distributed_missing,1,34,0.026624,0.0057
10000,distributed_missing,1,35,0.026624,0.005
10000,distributed_missing,1,36,0.026624,0.0047
10000,distributed_missing,1,37,0.029696,0.0045
10000,distributed_missing,1,38,0.027648,0.0048
10000,distributed_missing,1,39,0.026624,0.0046
10000,distributed_missing,1,40,0.026624,0.0047
10000,distributed_missing,1,41,0.029696,0.0046
10000,distributed_missing,1,42,0.026624,0.0048
10000,distributed_missing,1,43,0.026624,0.0055
10000,distributed_missing,1,44,0.026624,0.0048
10000,distributed_missing,1,45,0.028672,0.0049
10000,distributed_missing,1,46,0.026624,0.0048
10000,distributed_missing,1,47,0.026624,0.0047
10000,distributed_missing,1,48,0.026624,0.0047
10000,distributed_missing,1,49,0.029696,0.0047
10000,distributed_missing,1,50,0.029696,0.0047
10000,distributed_missing,1,51,0.026624,0.0061
10000,distributed_missing,1,52,0.026624,0.0047
10000,distributed_missing,1,53,0.028672,0.0046
10000,distributed_missing,1,54,0.026624,0.0048
10000,distributed_missing,1,55,0.026624,0.0049
10000,distributed_missing,1,56,0.026624,0.0048
10000,distributed_missing,1,57,0.028672,0.0055
10000,distributed_missing,1,58,0.0256,0.0049
10000,distributed_missing,1,59,0.033792,0.0048
10000,distributed_missing,1,60,0.026624,0.0051
10000,distributed_missing,1,61,0.027648,0.0073
10000,distributed_missing,1,62,0.026624,0.005
10000,distributed_missing,1,63,0.026624,0.0053
10000,distributed_missing,1,64,0.026624,0.0047
10000,distributed_missing,1,65,0.033792,0.0051
10000,distributed_missing,1,66,0.026624,0.0048
10000,distributed_missing,1,67,0.026624,0.0047
10000,distributed_missing,1,68,0.026624,0.0047
10000,distributed_missing,1,69,0.028672,0.0046
10000,distributed_missing,1,70,0.027648,0.005
10000,distributed_missing,1,71,0.027648,0.0063
10000,distributed_missing,1,72,0.026624,0.0059
10000,distributed_missing,1,73,0.029696,0.005
10000,distributed_missing,1,74,0.026624,0.0049
10000,distributed_missing,1,75,0.026624,0.0048
10000,distributed_missing,1,76,0.026624,0.0049
10000,distributed_missing,1,77,0.028672,0.0047
10000,distributed_missing,1,78,0.026624,0.0059
10000,distributed_missing,1,79,0.027648,0.0046
10000,distributed_missing,1,80,0.026624,0.0057
10000,distributed_missing,1,81,0.032768,0.0063
10000,distributed_missing,1,82,0.026624,0.005
10000,distributed_missing,1,83,0.027648,0.0048
10000,distributed_missing,1,84,0.026624,0.0049
10000,distributed_missing,1,85,0.029696,0.0046
10000,distributed_missing,1,86,0.026624,0.0057
10000,distributed_missing,1,87,0.027648,0.0047
10000,distributed_missing,1,88,0.026624,0.0048
10000,distributed_missing,1,89,0.026624,0.0046
10000,distributed_missing,1,90,0.027648,0.006
10000,distributed_missing,1,91,0.033792,0.0068
10000,distributed_missing,1,92,0.026624,0.0048
10000,distributed_missing,1,93,0.029696,0.0049
10000,distributed_missing,1,94,0.026624,0.0047
10000,distributed_missing,1,95,0.026624,0.0048
10000,distributed_missing,1,96,0.026624,0.0047
10000,distributed_missing,1,97,0.028672,0.0046
10000,distributed_missing,1,98,0.026624,0.0047
10000,distributed_missing,1,99,0.026624,0.0047
10000,distributed_missing,1,100,0.026624,0.0049
10000,distributed_missing,1,101,0.027648,0.0048
10000,distributed_missing,1,102,0.026624,0.0047
10000,distributed_missing,1,103,0.026624,0.0056
10000,distributed_missing,1,104,0.026624,0.0048
10000,distributed_missing,1,105,0.029696,0.0046
10000,distributed_missing,1,106,0.026624,0.0048
10000,distributed_missing,1,107,0.027648,0.0056
10000,distributed_missing,1,108,0.026624,0.0047
10000,distributed_missing,1,109,0.028672,0.0047
10000,distributed_missing,1,110,0.026624,0.0048
10000,distributed_missing,1,111,0.026624,0.0055
10000,distributed_missing,1,112,0.027648,0.0048
10000,distributed_missing,1,113,0.028672,0.0046
10000,distributed_missing,1,114,0.026624,0.0047
10000,distributed_missing,1,115,0.026624,0.0047
10000,distributed_missing,1,116,0.026624,0.0047
10000,distributed_missing,1,117,0.029696,0.0047
10000,distributed_missing,1,118,0.026624,0.0047
10000,distributed_missing,1,119,0.026624,0.0046
10000,distributed_missing,2,0,0.026624,0.0045
10000,distributed_missing,2,1,0.026624,0.0055
10000,distributed_missing,2,2,0.028672,0.0049
10000,distributed_missing,2,3,0.026624,0.0045
10000,distributed_missing,2,4,0.026624,0.0045
10000,distributed_missing,2,5,0.026624,0.0046
10000,distributed_missing,2,6,0.029696,0.0046
10000,distributed_missing,2,7,0.027648,0.0045
10000,distributed_missing,2,8,0.026624,0.0047
10000,distributed_missing,2,9,0.026624,0.0046
10000,distributed_missing,2,10,0.028672,0.0055
10000,distributed_missing,2,11,0.029696,0.0047
10000,distributed_missing,2,12,0.026624,0.0047
10000,distributed_missing,2,13,0.026624,0.0047
10000,distributed_missing,2,14,0.033792,0.0046
10000,distributed_missing,2,15,0.026624,0.0049
10000,distributed_missing,2,16,0.032768,0.0046
10000,distributed_missing,2,17,0.026624,0.0048
10000,distributed_missing,2,18,0.027648,0.0047
10000,distributed_missing,2,19,0.026624,0.0047
10000,distributed_missing,2,20,0.026624,0.0046
10000,distributed_missing,2,21,0.026624,0.0046
10000,distributed_missing,2,22,0.033792,0.005
10000,distributed_missing,2,23,0.026624,0.005
10000,distributed_missing,2,24,0.026624,0.0046
10000,distributed_missing,2,25,0.027648,0.0046
10000,distributed_missing,2,26,0.032768,0.0045
10000,distributed_missing,2,27,0.026624,0.0046
10000,distributed_missing,2,28,0.027648,0.0047
10000,distributed_missing,2,29,0.026624,0.0046
10000,distributed_missing,2,30,0.033792,0.0048
10000,distributed_missing,2,31,0.027648,0.0047
10000,distributed_missing,2,32,0.03072,0.0045
10000,distributed_missing,2,33,0.027648,0.0046
10000,distributed_missing,2,34,0.029696,0.0061
10000,distributed_missing,2,35,0.026624,0.0046
10000,distributed_missing,2,36,0.026624,0.0045
10000,distributed_missing,2,37,0.026624,0.0046
10000,distributed_missing,2,38,0.029696,0.0055
10000,distributed_missing,2,39,0.027648,0.0047
10000,distributed_missing,2,40,0.026624,0.0054
10000,distributed_missing,2,41,0.027648,0.0047
10000,distributed_missing,2,42,0.029696,0.0046
10000,distributed_missing,2,43,0.068608,0.0045
10000,distributed_missing,2,44,0.026624,0.0068
10000,distributed_missing,2,45,0.027648,0.0048
10000,distributed_missing,2,46,0.033792,0.0046
10000,distributed_missing,2,47,0.026624,0.0055
10000,distributed_missing,2,48,0.026624,0.0054
10000,distributed_missing,2,49,0.027648,0.0048
10000,distributed_missing,2,50,0.029696,0.0045
10000,distributed_missing,2,51,0.026624,0.0045
10000,distributed_missing,2,52,0.029696,0.0046
10000,distributed_missing,2,53,0.026624,0.0046
10000,distributed_missing,2,54,0.028672,0.0061
10000,distributed_missing,2,55,0.026624,0.0046
10000,distributed_missing,2,56,0.026624,0.0046
10000,distributed_missing,2,57,0.026624,0.0046
10000,distributed_missing,2,58,0.029696,0.005
10000,distributed_missing,2,59,0.026624,0.0047
10000,distributed_missing,2,60,0.026624,0.0046
10000,distributed_missing,2,61,0.027648,0.0047
10000,distributed_missing,2,62,0.028672,0.0046
10000,distributed_missing,2,63,0.027648,0.005
10000,distributed_missing,2,64,0.026624,0.0066
10000,distributed_missing,2,65,0.026624,0.0046
10000,distributed_missing,2,66,0.03072,0.0046
10000,distributed_missing,2,67,0.027648,0.0046
10000,distributed_missing,2,68,0.026624,0.0045
10000,distributed_missing,2,69,0.027648,0.0046
10000,distributed_missing,2,70,0.028672,0.0045
10000,distributed_missing,2,71,0.026624,0.0047
10000,distributed_missing,2,72,0.026624,0.0048
10000,distributed_missing,2,73,0.027648,0.0047
10000,distributed_missing,2,74,0.029696,0.0046
10000,distributed_missing,2,75,0.027648,0.0048
10000,distributed_missing,2,76,0.026624,0.0057
10000,distributed_missing,2,77,0.026624,0.0047
10000,distributed_missing,2,78,0.032768,0.0047
10000,distributed_missing,2,79,0.027648,0.0046
10000,distributed_missing,2,80,0.026624,0.0046
10000,distributed_missing,2,81,0.026624,0.0047
10000,distributed_missing,2,82,0.027648,0.0053
10000,distributed_missing,2,83,0.027648,0.0049
10000,distributed_missing,2,84,0.029696,0.0058
10000,distributed_missing,2,85,0.026624,0.0047
10000,distributed_missing,2,86,0.033792,0.0046
10000,distributed_missing,2,87,0.026624,0.0055
10000,distributed_missing,2,88,0.026624,0.0048
10000,distributed_missing,2,89,0.027648,0.0046
10000,distributed_missing,2,90,0.027648,0.0046
10000,distributed_missing,2,91,0.026624,0.0093
10000,distributed_missing,2,92,0.027648,0.0045
10000,distributed_missing,2,93,0.03072,0.0046
10000,distributed_missing,2,94,0.028672,0.0045
10000,distributed_missing,2,95,0.026624,0.0046
10000,distributed_missing,2,96,0.026624,0.0051
10000,distributed_missing,2,97,0.026624,0.0047
10000,distributed_missing,2,98,0.033792,0.0047
10000,distributed_missing,2,99,0.027648,0.0047
10000,distributed_missing,2,100,0.026624,0.0046
10000,distributed_missing,2,101,0.026624,0.0045
10000,distributed_missing,2,102,0.029696,0.0045
10000,distributed_missing,2,103,0.026624,0.0046
10000,distributed_missing,2,104,0.026624,0.0048
10000,distributed_missing,2,105,0.026624,0.0046
10000,distributed_missing,2,106,0.033792,0.0046
10000,distributed_missing,2,107,0.026624,0.0047
10000,distributed_missing,2,108,0.026624,0.0044
10000,distributed_missing,2,109,0.026624,0.0046
10000,distributed_missing,2,110,0.033792,0.0055
10000,distributed_missing,2,111,0.026624,0.0049
10000,distributed_missing,2,112,0.027648,0.0045
10000,distributed_missing,2,113,0.026624,0.0046
10000,distributed_missing,2,114,0.029696,0.0047
10000,distributed_missing,2,115,0.026624,0.0054
10000,distributed_missing,2,116,0.026624,0.0048
10000,distributed_missing,2,117,0.027648,0.0045
10000,distributed_missing,2,118,0.033792,0.0045
10000,distributed_missing,2,119,0.026624,0.0047
10000,distributed_missing,3,0,0.026624,0.0046
10000,distributed_missing,3,1,0.0256,0.0057
10000,distributed_missing,3,2,0.029696,0.0048
10000,distributed_missing,3,3,0.026624,0.0047
10000,distributed_missing,3,4,0.027648,0.0047
10000,distributed_missing,3,5,0.026624,0.0063
10000,distributed_missing,3,6,0.029696,0.0046
10000,distributed_missing,3,7,0.026624,0.0047
10000,distributed_missing,3,8,0.029696,0.0046
10000,distributed_missing,3,9,0.026624,0.0051
10000,distributed_missing,3,10,0.028672,0.0051
10000,distributed_missing,3,11,0.026624,0.0048
10000,distributed_missing,3,12,0.026624,0.0047
10000,distributed_missing,3,13,0.026624,0.0047
10000,distributed_missing,3,14,0.028672,0.0047
10000,distributed_missing,3,15,0.027648,0.0061
10000,distributed_missing,3,16,0.027648,0.0046
10000,distributed_missing,3,17,0.026624,0.0057
10000,distributed_missing,3,18,0.029696,0.0048
10000,distributed_missing,3,19,0.027648,0.0047
10000,distributed_missing,3,20,0.026624,0.0049
10000,distributed_missing,3,21,0.03072,0.0047
10000,distributed_missing,3,22,0.028672,0.0046
10000,distributed_missing,3,23,0.026624,0.0047
10000,distributed_missing,3,24,0.026624,0.0047
10000,distributed_missing,3,25,0.026624,0.0062
10000,distributed_missing,3,26,0.029696,0.0048
10000,distributed_missing,3,27,0.026624,0.0047
10000,distributed_missing,3,28,0.026624,0.0055
10000,distributed_missing,3,29,0.027648,0.0048
10000,distributed_missing,3,30,0.033792,0.0046
10000,distributed_missing,3,31,0.026624,0.0048
10000,distributed_missing,3,32,0.026624,0.0047
10000,distributed_missing,3,33,0.026624,0.0047
10000,distributed_missing,3,34,0.03072,0.0047
10000,distributed_missing,3,35,0.026624,0.0062
10000,distributed_missing,3,36,0.026624,0.0046
10000,distributed_missing,3,37,0.039936,0.0051
10000,distributed_missing,3,38,0.033792,0.0047
10000,distributed_missing,3,39,0.026624,0.0056
10000,distributed_missing,3,40,0.026624,0.0047
10000,distributed_missing,3,41,0.026624,0.0047
10000,distributed_missing,3,42,0.029696,0.0047
10000,distributed_missing,3,43,0.026624,0.0047
10000,distributed_missing,3,44,0.027648,0.0046
10000,distributed_missing,3,45,0.026624,0.0062
10000,distributed_missing,3,46,0.028672,0.0046
10000,distributed_missing,3,47,0.026624,0.0047
10000,distributed_missing,3,48,0.027648,0.0046
10000,distributed_missing,3,49,0.026624,0.0047
10000,distributed_missing,3,50,0.029696,0.0046
10000,distributed_missing,3,51,0.026624,0.0047
10000,distributed_missing,3,52,0.026624,0.0047
10000,distributed_missing,3,53,0.026624,0.0047
10000,distributed_missing,3,54,0.028672,0.0046
10000,distributed_missing,3,55,0.027648,0.0046
10000,distributed_missing,3,56,0.026624,0.0046
10000,distributed_missing,3,57,0.026624,0.0051
10000,distributed_missing,3,58,0.027648,0.0047
10000,distributed_missing,3,59,0.026624,0.005
10000,distributed_missing,3,60,0.026624,0.0048
10000,distributed_missing,3,61,0.027648,0.0049
10000,distributed_missing,3,62,0.029696,0.0047
10000,distributed_missing,3,63,0.026624,0.0047
10000,distributed_missing,3,64,0.026624,0.0045
10000,distributed_missing,3,65,0.026624,0.0048
10000,distributed_missing,3,66,0.029696,0.0046
10000,distributed_missing,3,67,0.026624,0.0047
10000,distributed_missing,3,68,0.026624,0.0046
10000,distributed_missing,3,69,0.027648,0.0047
10000,distributed_missing,3,70,0.028672,0.0046
10000,distributed_missing,3,71,0.026624,0.0047
10000,distributed_missing,3,72,0.028672,0.0046
10000,distributed_missing,3,73,0.026624,0.0091
10000,distributed_missing,3,74,0.028672,0.0046
10000,distributed_missing,3,75,0.0256,0.0046
10000,distributed_missing,3,76,0.026624,0.0049
10000,distributed_missing,3,77,0.026624,0.0047
10000,distributed_missing,3,78,0.033792,0.0047
10000,distributed_missing,3,79,0.026624,0.0048
10000,distributed_missing,3,80,0.026624,0.0046
10000,distributed_missing,3,81,0.027648,0.0048
10000,distributed_missing,3,82,0.033792,0.0047
10000,distributed_missing,3,83,0.027648,0.0047
10000,distributed_missing,3,84,0.027648,0.0047
10000,distributed_missing,3,85,0.027648,0.0092
10000,distributed_missing,3,86,0.032768,0.0047
10000,distributed_missing,3,87,0.026624,0.0049
10000,distributed_missing,3,88,0.026624,0.0045
10000,distributed_missing,3,89,0.026624,0.0047
10000,distributed_missing,3,90,0.029696,0.0046
10000,distributed_missing,3,91,0.027648,0.0048
10000,distributed_missing,3,92,0.027648,0.0047
10000,distributed_missing,3,93,0.027648,0.0047
10000,distributed_missing,3,94,0.026624,0.0046
10000,distributed_missing,3,95,0.026624,0.0047
10000,distributed_missing,3,96,0.027648,0.0047
10000,distributed_missing,3,97,0.026624,0.0047
10000,distributed_missing,3,98,0.033792,0.0055
10000,distributed_missing,3,99,0.027648,0.0048
10000,distributed_missing,3,100,0.026624,0.0047
10000,distributed_missing,3,101,0.026624,0.0047
10000,distributed_missing,3,102,0.028672,0.0046
10000,distributed_missing,3,103,0.029696,0.0051
10000,distributed_missing,3,104,0.026624,0.0048
10000,distributed_missing,3,105,0.028672,0.0049
10000,distributed_missing,3,106,0.028672,0.005
10000,distributed_missing,3,107,0.027648,0.0047
10000,distributed_missing,3,108,0.026624,0.0047
10000,distributed_missing,3,109,0.026624,0.0048
10000,distributed_missing,3,110,0.029696,0.0046
10000,distributed_missing,3,111,0.026624,0.0047
10000,distributed_missing,3,112,0.027648,0.0049
10000,distributed_missing,3,113,0.029696,0.0047
10000,distributed_missing,3,114,0.029696,0.0046
10000,distributed_missing,3,115,0.026624,0.0046
10000,distributed_missing,3,116,0.026624,0.0046
10000,distributed_missing,3,117,0.026624,0.0047
10000,distributed_missing,3,118,0.029696,0.0046
10000,distributed_missing,3,119,0.026624,0.0047
65536,known,1,0,2.004992,0.004
65536,known,1,1,0.027648,0.0082
65536,known,1,2,0.028672,0.0062
65536,known,1,3,0.029696,0.0047
65536,known,1,4,0.03072,0.0046
65536,known,1,5,0.027648,0.0077
65536,known,1,6,0.032768,0.005
65536,known,1,7,0.027648,0.0055
65536,known,1,8,0.027648,0.0064
65536,known,1,9,0.027648,0.0056
65536,known,1,10,0.033792,0.0053
65536,known,1,11,0.027648,0.0048
65536,known,1,12,0.027648,0.0048
65536,known,1,13,0.027648,0.0046
65536,known,1,14,0.028672,0.0047
65536,known,1,15,0.027648,0.0046
65536,known,1,16,0.026624,0.005
65536,known,1,17,0.026624,0.0046
65536,known,1,18,0.026624,0.0049
65536,known,1,19,0.027648,0.0046
65536,known,1,20,0.027648,0.0045
65536,known,1,21,0.026624,0.0048
65536,known,1,22,0.027648,0.0054
65536,known,1,23,0.027648,0.0047
65536,known,1,24,0.027648,0.0048
65536,known,1,25,0.027648,0.0046
65536,known,1,26,0.027648,0.0049
65536,known,1,27,0.027648,0.0046
65536,known,1,28,0.026624,0.0046
65536,known,1,29,0.027648,0.0046
65536,known,1,30,0.027648,0.0049
65536,known,1,31,0.027648,0.0046
65536,known,1,32,0.029696,0.0048
65536,known,1,33,0.027648,0.0052
65536,known,1,34,0.027648,0.0047
65536,known,1,35,0.027648,0.0045
65536,known,1,36,0.026624,0.0046
65536,known,1,37,0.027648,0.0061
65536,known,1,38,0.039936,0.006
65536,known,1,39,0.03072,0.006
65536,known,1,40,0.031744,0.0048
65536,known,1,41,0.026624,0.0046
65536,known,1,42,0.027648,0.0047
65536,known,1,43,0.027648,0.0045
65536,known,1,44,0.026624,0.0064
65536,known,1,45,0.027648,0.0046
65536,known,1,46,0.032768,0.0056
65536,known,1,47,0.027648,0.0046
65536,known,1,48,0.027648,0.0049
65536,known,1,49,0.027648,0.0051
65536,known,1,50,0.027648,0.0055
65536,known,1,51,0.03072,0.0048
65536,known,1,52,0.027648,0.0047
65536,known,1,53,0.027648,0.0048
65536,known,1,54,0.028672,0.0058
65536,known,1,55,0.027648,0.0047
65536,known,1,56,0.027648,0.0055
65536,known,1,57,0.027648,0.0052
65536,known,1,58,0.032768,0.0049
65536,known,1,59,0.027648,0.0047
65536,known,1,60,0.027648,0.005
65536,known,1,61,0.029696,0.0052
65536,known,1,62,0.028672,0.0047
65536,known,1,63,0.027648,0.0046
65536,known,1,64,0.028672,0.0046
65536,known,1,65,0.027648,0.0045
65536,known,1,66,0.033792,0.0058
65536,known,1,67,0.027648,0.0052
65536,known,1,68,0.026624,0.0048
65536,known,1,69,0.026624,0.0047
65536,known,1,70,0.032768,0.0046
65536,known,1,71,0.026624,0.0047
65536,known,1,72,0.026624,0.0047
65536,known,1,73,0.028672,0.0065
65536,known,1,74,0.032768,0.0047
65536,known,1,75,0.027648,0.0049
65536,known,1,76,0.027648,0.0052
65536,known,1,77,0.028672,0.0046
65536,known,1,78,0.032768,0.0046
65536,known,1,79,0.028672,0.0054
65536,known,1,80,0.027648,0.0053
65536,known,1,81,0.027648,0.0046
65536,known,1,82,0.031744,0.0049
65536,known,1,83,0.027648,0.0057
65536,known,1,84,0.027648,0.0055
65536,known,1,85,0.027648,0.0047
65536,known,1,86,0.028672,0.0047
65536,known,1,87,0.027648,0.0045
65536,known,1,88,0.027648,0.0048
65536,known,1,89,0.028672,0.0053
65536,known,1,90,0.028672,0.0047
65536,known,1,91,0.027648,0.0053
65536,known,1,92,0.03072,0.0055
65536,known,1,93,0.027648,0.0051
65536,known,1,94,0.027648,0.0046
65536,known,1,95,0.026624,0.0047
65536,known,1,96,0.026624,0.0046
65536,known,1,97,0.027648,0.0045
65536,known,1,98,0.031744,0.0054
65536,known,1,99,0.027648,0.0053
65536,known,1,100,0.029696,0.0049
65536,known,1,101,0.027648,0.0048
65536,known,1,102,0.033792,0.0048
65536,known,1,103,0.027648,0.0046
65536,known,1,104,0.028672,0.0046
65536,known,1,105,0.028672,0.0046
65536,known,1,106,0.031744,0.0048
65536,known,1,107,0.026624,0.0046
65536,known,1,108,0.027648,0.0046
65536,known,1,109,0.027648,0.0064
65536,known,1,110,0.031744,0.0047
65536,known,1,111,0.027648,0.0045
65536,known,1,112,0.027648,0.0047
65536,known,1,113,0.027648,0.0045
65536,known,1,114,0.032768,0.0048
65536,known,1,115,0.027648,0.0046
65536,known,1,116,0.026624,0.0064
65536,known,1,117,0.027648,0.0046
65536,known,1,118,0.027648,0.0046
65536,known,1,119,0.027648,0.0044
65536,known,2,0,0.027648,0.0047
65536,known,2,1,0.027648,0.0049
65536,known,2,2,0.027648,0.0047
65536,known,2,3,0.032768,0.0048
65536,known,2,4,0.027648,0.0055
65536,known,2,5,0.027648,0.0046
65536,known,2,6,0.027648,0.0047
65536,known,2,7,0.028672,0.0045
65536,known,2,8,0.026624,0.0045
65536,known,2,9,0.026624,0.0049
65536,known,2,10,0.027648,0.0046
65536,known,2,11,0.027648,0.0046
65536,known,2,12,0.028672,0.0046
65536,known,2,13,0.027648,0.0046
65536,known,2,14,0.027648,0.0048
65536,known,2,15,0.026624,0.0054
65536,known,2,16,0.028672,0.0047
65536,known,2,17,0.027648,0.0046
65536,known,2,18,0.028672,0.0045
65536,known,2,19,0.028672,0.0049
65536,known,2,20,0.027648,0.0046
65536,known,2,21,0.027648,0.0046
65536,known,2,22,0.028672,0.0046
65536,known,2,23,0.029696,0.0046
65536,known,2,24,0.027648,0.0046
65536,known,2,25,0.027648,0.0074
65536,known,2,26,0.027648,0.0046
65536,known,2,27,0.027648,0.0049
65536,known,2,28,0.027648,0.0046
65536,known,2,29,0.027648,0.0048
65536,known,2,30,0.027648,0.0052
65536,known,2,31,0.028672,0.0054
65536,known,2,32,0.027648,0.0054
65536,known,2,33,0.026624,0.0053
65536,known,2,34,0.028672,0.0048
65536,known,2,35,0.031744,0.0105
65536,known,2,36,0.027648,0.005
65536,known,2,37,0.026624,0.0045
65536,known,2,38,0.027648,0.0046
65536,known,2,39,0.031744,0.0046
65536,known,2,40,0.027648,0.0054
65536,known,2,41,0.027648,0.0047
65536,known,2,42,0.028672,0.0046
65536,known,2,43,0.027648,0.0046
65536,known,2,44,0.027648,0.0045
65536,known,2,45,0.027648,0.0053
65536,known,2,46,0.027648,0.0046
65536,known,2,47,0.031744,0.0045
65536,known,2,48,0.027648,0.0049
65536,known,2,49,0.026624,0.0053
65536,known,2,50,0.027648,0.0053
65536,known,2,51,0.032768,0.0047
65536,known,2,52,0.027648,0.0052
65536,known,2,53,0.028672,0.0048
65536,known,2,54,0.027648,0.0047
65536,known,2,55,0.031744,0.0047
65536,known,2,56,0.027648,0.0047
65536,known,2,57,0.027648,0.0047
65536,known,2,58,0.027648,0.0046
65536,known,2,59,0.031744,0.0046
65536,known,2,60,0.028672,0.0046
65536,known,2,61,0.027648,0.0047
65536,known,2,62,0.027648,0.0048
65536,known,2,63,0.032768,0.0047
65536,known,2,64,0.029696,0.0046
65536,known,2,65,0.026624,0.0047
65536,known,2,66,0.026624,0.0046
65536,known,2,67,0.031744,0.0047
65536,known,2,68,0.028672,0.0046
65536,known,2,69,0.027648,0.0047
65536,known,2,70,0.028672,0.0047
65536,known,2,71,0.031744,0.0045
65536,known,2,72,0.027648,0.0045
65536,known,2,73,0.027648,0.0048
65536,known,2,74,0.029696,0.0046
65536,known,2,75,0.032768,0.0046
65536,known,2,76,0.027648,0.0046
65536,known,2,77,0.027648,0.0045
65536,known,2,78,0.028672,0.0048
65536,known,2,79,0.031744,0.0045
65536,known,2,80,0.027648,0.0046
65536,known,2,81,0.027648,0.0046
65536,known,2,82,0.028672,0.0045
65536,known,2,83,0.028672,0.0045
65536,known,2,84,0.027648,0.0046
65536,known,2,85,0.027648,0.0045
65536,known,2,86,0.027648,0.0046
65536,known,2,87,0.031744,0.0054
65536,known,2,88,0.028672,0.0047
65536,known,2,89,0.027648,0.0049
65536,known,2,90,0.027648,0.0047
65536,known,2,91,0.027648,0.0045
65536,known,2,92,0.027648,0.0046
65536,known,2,93,0.028672,0.0047
65536,known,2,94,0.027648,0.0048
65536,known,2,95,0.031744,0.0049
65536,known,2,96,0.027648,0.0057
65536,known,2,97,0.027648,0.0047
65536,known,2,98,0.028672,0.0054
65536,known,2,99,0.031744,0.0051
65536,known,2,100,0.027648,0.0054
65536,known,2,101,0.027648,0.0046
65536,known,2,102,0.027648,0.0045
65536,known,2,103,0.028672,0.0045
65536,known,2,104,0.027648,0.0046
65536,known,2,105,0.029696,0.0046
65536,known,2,106,0.028672,0.0045
65536,known,2,107,0.032768,0.005
65536,known,2,108,0.029696,0.0046
65536,known,2,109,0.027648,0.0046
65536,known,2,110,0.027648,0.0046
65536,known,2,111,0.027648,0.0046
65536,known,2,112,0.027648,0.0045
65536,known,2,113,0.027648,0.0049
65536,known,2,114,0.026624,0.0045
65536,known,2,115,0.028672,0.0045
65536,known,2,116,0.026624,0.0046
65536,known,2,117,0.026624,0.0045
65536,known,2,118,0.027648,0.0045
65536,known,2,119,0.031744,0.0045
65536,known,3,0,0.028672,0.0035
65536,known,3,1,0.028672,0.004
65536,known,3,2,0.027648,0.0046
65536,known,3,3,0.028672,0.0045
65536,known,3,4,0.026624,0.0055
65536,known,3,5,0.027648,0.0045
65536,known,3,6,0.027648,0.0049
65536,known,3,7,0.026624,0.0045
65536,known,3,8,0.027648,0.0048
65536,known,3,9,0.027648,0.0045
65536,known,3,10,0.027648,0.0046
65536,known,3,11,0.027648,0.0045
65536,known,3,12,0.027648,0.0047
65536,known,3,13,0.027648,0.0046
65536,known,3,14,0.027648,0.0046
65536,known,3,15,0.027648,0.0045
65536,known,3,16,0.027648,0.0045
65536,known,3,17,0.027648,0.0045
65536,known,3,18,0.027648,0.0049
65536,known,3,19,0.027648,0.0046
65536,known,3,20,0.027648,0.0046
65536,known,3,21,0.032768,0.0048
65536,known,3,22,0.028672,0.0047
65536,known,3,23,0.027648,0.0045
65536,known,3,24,0.027648,0.0047
65536,known,3,25,0.028672,0.0045
65536,known,3,26,0.03072,0.0046
65536,known,3,27,0.027648,0.0046
65536,known,3,28,0.027648,0.0046
65536,known,3,29,0.031744,0.0053
65536,known,3,30,0.027648,0.0047
65536,known,3,31,0.026624,0.0049
65536,known,3,32,0.027648,0.0047
65536,known,3,33,0.032768,0.0048
65536,known,3,34,0.026624,0.0054
65536,known,3,35,0.027648,0.01
65536,known,3,36,0.027648,0.0045
65536,known,3,37,0.027648,0.0046
65536,known,3,38,0.027648,0.0046
65536,known,3,39,0.026624,0.0053
65536,known,3,40,0.027648,0.0046
65536,known,3,41,0.027648,0.0048
65536,known,3,42,0.028672,0.0048
65536,known,3,43,0.027648,0.0046
65536,known,3,44,0.027648,0.0049
65536,known,3,45,0.027648,0.0048
65536,known,3,46,0.027648,0.0055
65536,known,3,47,0.027648,0.0046
65536,known,3,48,0.027648,0.0046
65536,known,3,49,0.028672,0.0045
65536,known,3,50,0.027648,0.0045
65536,known,3,51,0.026624,0.0046
65536,known,3,52,0.028672,0.0046
65536,known,3,53,0.027648,0.0046
65536,known,3,54,0.027648,0.0051
65536,known,3,55,0.027648,0.0047
65536,known,3,56,0.027648,0.0046
65536,known,3,57,0.027648,0.0046
65536,known,3,58,0.027648,0.0046
65536,known,3,59,0.027648,0.0046
65536,known,3,60,0.027648,0.0045
65536,known,3,61,0.027648,0.0045
65536,known,3,62,0.028672,0.0046
65536,known,3,63,0.026624,0.0054
65536,known,3,64,0.027648,0.0049
65536,known,3,65,0.027648,0.0046
65536,known,3,66,0.028672,0.0047
65536,known,3,67,0.029696,0.0045
65536,known,3,68,0.028672,0.0049
65536,known,3,69,0.027648,0.0045
65536,known,3,70,0.027648,0.0056
65536,known,3,71,0.026624,0.0048
65536,known,3,72,0.026624,0.0047
65536,known,3,73,0.032768,0.0046
65536,known,3,74,0.028672,0.0046
65536,known,3,75,0.026624,0.0045
65536,known,3,76,0.027648,0.0046
65536,known,3,77,0.031744,0.0054
65536,known,3,78,0.027648,0.0048
65536,known,3,79,0.026624,0.0045
65536,known,3,80,0.027648,0.0046
65536,known,3,81,0.032768,0.0046
65536,known,3,82,0.028672,0.0046
65536,known,3,83,0.028672,0.0047
65536,known,3,84,0.027648,0.0046
65536,known,3,85,0.027648,0.0045
65536,known,3,86,0.027648,0.0045
65536,known,3,87,0.027648,0.0046
65536,known,3,88,0.026624,0.0045
65536,known,3,89,0.027648,0.0045
65536,known,3,90,0.026624,0.0054
65536,known,3,91,0.027648,0.0045
65536,known,3,92,0.027648,0.0046
65536,known,3,93,0.031744,0.0046
65536,known,3,94,0.027648,0.0048
65536,known,3,95,0.027648,0.0046
65536,known,3,96,0.027648,0.0046
65536,known,3,97,0.027648,0.0045
65536,known,3,98,0.027648,0.0045
65536,known,3,99,0.026624,0.0045
65536,known,3,100,0.026624,0.0055
65536,known,3,101,0.027648,0.0046
65536,known,3,102,0.026624,0.0047
65536,known,3,103,0.027648,0.0049
65536,known,3,104,0.028672,0.0046
65536,known,3,105,0.027648,0.0046
65536,known,3,106,0.028672,0.0046
65536,known,3,107,0.027648,0.0046
65536,known,3,108,0.03072,0.0047
65536,known,3,109,0.027648,0.0045
65536,known,3,110,0.027648,0.0045
65536,known,3,111,0.026624,0.0047
65536,known,3,112,0.027648,0.0045
65536,known,3,113,0.032768,0.0046
65536,known,3,114,0.027648,0.0055
65536,known,3,115,0.028672,0.0046
65536,known,3,116,0.027648,0.0047
65536,known,3,117,0.027648,0.0045
65536,known,3,118,0.028672,0.0046
65536,known,3,119,0.027648,0.0045
65536,dense_missing,1,0,0.029696,0.0021
65536,dense_missing,1,1,0.03072,0.0058
65536,dense_missing,1,2,0.029696,0.0052
65536,dense_missing,1,3,0.029696,0.0048
65536,dense_missing,1,4,0.029696,0.006
65536,dense_missing,1,5,0.032768,0.0057
65536,dense_missing,1,6,0.029696,0.0053
65536,dense_missing,1,7,0.029696,0.0055
65536,dense_missing,1,8,0.029696,0.0052
65536,dense_missing,1,9,0.033792,0.0049
65536,dense_missing,1,10,0.029696,0.0059
65536,dense_missing,1,11,0.03072,0.0049
65536,dense_missing,1,12,0.029696,0.0052
65536,dense_missing,1,13,0.029696,0.005
65536,dense_missing,1,14,0.029696,0.0052
65536,dense_missing,1,15,0.029696,0.005
65536,dense_missing,1,16,0.028672,0.0049
65536,dense_missing,1,17,0.03072,0.0048
65536,dense_missing,1,18,0.028672,0.0049
65536,dense_missing,1,19,0.03072,0.0048
65536,dense_missing,1,20,0.029696,0.005
65536,dense_missing,1,21,0.03072,0.0048
65536,dense_missing,1,22,0.03072,0.0049
65536,dense_missing,1,23,0.03072,0.0049
65536,dense_missing,1,24,0.028672,0.0053
65536,dense_missing,1,25,0.029696,0.0049
65536,dense_missing,1,26,0.029696,0.005
65536,dense_missing,1,27,0.029696,0.0048
65536,dense_missing,1,28,0.029696,0.0049
65536,dense_missing,1,29,0.029696,0.0049
65536,dense_missing,1,30,0.028672,0.0049
65536,dense_missing,1,31,0.029696,0.0049
65536,dense_missing,1,32,0.03072,0.0048
65536,dense_missing,1,33,0.029696,0.005
65536,dense_missing,1,34,0.029696,0.0049
65536,dense_missing,1,35,0.029696,0.005
65536,dense_missing,1,36,0.029696,0.0048
65536,dense_missing,1,37,0.033792,0.0049
65536,dense_missing,1,38,0.028672,0.0049
65536,dense_missing,1,39,0.03072,0.0049
65536,dense_missing,1,40,0.028672,0.0049
65536,dense_missing,1,41,0.033792,0.0048
65536,dense_missing,1,42,0.029696,0.0058
65536,dense_missing,1,43,0.03072,0.0049
65536,dense_missing,1,44,0.029696,0.0049
65536,dense_missing,1,45,0.029696,0.0047
65536,dense_missing,1,46,0.03072,0.0049
65536,dense_missing,1,47,0.03072,0.0049
65536,dense_missing,1,48,0.029696,0.0049
65536,dense_missing,1,49,0.03072,0.005
65536,dense_missing,1,50,0.029696,0.0059
65536,dense_missing,1,51,0.029696,0.0049
65536,dense_missing,1,52,0.03072,0.0049
65536,dense_missing,1,53,0.033792,0.0048
65536,dense_missing,1,54,0.029696,0.0054
65536,dense_missing,1,55,0.029696,0.0049
65536,dense_missing,1,56,0.029696,0.0049
65536,dense_missing,1,57,0.033792,0.0049
65536,dense_missing,1,58,0.029696,0.005
65536,dense_missing,1,59,0.029696,0.0048
65536,dense_missing,1,60,0.029696,0.0049
65536,dense_missing,1,61,0.034816,0.0049
65536,dense_missing,1,62,0.029696,0.0048
65536,dense_missing,1,63,0.029696,0.0049
65536,dense_missing,1,64,0.03072,0.0057
65536,dense_missing,1,65,0.033792,0.005
65536,dense_missing,1,66,0.029696,0.005
65536,dense_missing,1,67,0.029696,0.0047
65536,dense_missing,1,68,0.029696,0.005
65536,dense_missing,1,69,0.033792,0.0048
65536,dense_missing,1,70,0.029696,0.0058
65536,dense_missing,1,71,0.03072,0.0048
65536,dense_missing,1,72,0.029696,0.0051
65536,dense_missing,1,73,0.033792,0.0048
65536,dense_missing,1,74,0.029696,0.0058
65536,dense_missing,1,75,0.029696,0.0049
65536,dense_missing,1,76,0.029696,0.0049
65536,dense_missing,1,77,0.03072,0.0049
65536,dense_missing,1,78,0.029696,0.0048
65536,dense_missing,1,79,0.029696,0.0048
65536,dense_missing,1,80,0.029696,0.0049
65536,dense_missing,1,81,0.029696,0.0048
65536,dense_missing,1,82,0.029696,0.0049
65536,dense_missing,1,83,0.03072,0.0049
65536,dense_missing,1,84,0.029696,0.0054
65536,dense_missing,1,85,0.033792,0.0049
65536,dense_missing,1,86,0.029696,0.0051
65536,dense_missing,1,87,0.03072,0.0048
65536,dense_missing,1,88,0.029696,0.0059
65536,dense_missing,1,89,0.033792,0.0049
65536,dense_missing,1,90,0.029696,0.0049
65536,dense_missing,1,91,0.03072,0.0051
65536,dense_missing,1,92,0.029696,0.0051
65536,dense_missing,1,93,0.033792,0.0049
65536,dense_missing,1,94,0.03072,0.0051
65536,dense_missing,1,95,0.029696,0.0048
65536,dense_missing,1,96,0.029696,0.0049
65536,dense_missing,1,97,0.032768,0.0049
65536,dense_missing,1,98,0.028672,0.0058
65536,dense_missing,1,99,0.029696,0.0048
65536,dense_missing,1,100,0.028672,0.0049
65536,dense_missing,1,101,0.028672,0.0049
65536,dense_missing,1,102,0.03072,0.0049
65536,dense_missing,1,103,0.03072,0.005
65536,dense_missing,1,104,0.029696,0.0049
65536,dense_missing,1,105,0.033792,0.0051
65536,dense_missing,1,106,0.029696,0.0048
65536,dense_missing,1,107,0.029696,0.0048
65536,dense_missing,1,108,0.029696,0.0049
65536,dense_missing,1,109,0.034816,0.0048
65536,dense_missing,1,110,0.029696,0.0058
65536,dense_missing,1,111,0.029696,0.005
65536,dense_missing,1,112,0.029696,0.0048
65536,dense_missing,1,113,0.033792,0.0048
65536,dense_missing,1,114,0.029696,0.005
65536,dense_missing,1,115,0.03072,0.0049
65536,dense_missing,1,116,0.028672,0.0053
65536,dense_missing,1,117,0.033792,0.0052
65536,dense_missing,1,118,0.029696,0.0058
65536,dense_missing,1,119,0.029696,0.0049
65536,dense_missing,2,0,0.029696,0.002
65536,dense_missing,2,1,0.033792,0.0059
65536,dense_missing,2,2,0.029696,0.005
65536,dense_missing,2,3,0.029696,0.0049
65536,dense_missing,2,4,0.029696,0.005
65536,dense_missing,2,5,0.033792,0.0048
65536,dense_missing,2,6,0.029696,0.0048
65536,dense_missing,2,7,0.029696,0.005
65536,dense_missing,2,8,0.029696,0.0048
65536,dense_missing,2,9,0.034816,0.0048
65536,dense_missing,2,10,0.029696,0.0048
65536,dense_missing,2,11,0.029696,0.0048
65536,dense_missing,2,12,0.029696,0.0049
65536,dense_missing,2,13,0.033792,0.0071
65536,dense_missing,2,14,0.029696,0.0051
65536,dense_missing,2,15,0.03072,0.0049
65536,dense_missing,2,16,0.029696,0.0057
65536,dense_missing,2,17,0.034816,0.005
65536,dense_missing,2,18,0.029696,0.0051
65536,dense_missing,2,19,0.029696,0.0053
65536,dense_missing,2,20,0.028672,0.0048
65536,dense_missing,2,21,0.029696,0.0058
65536,dense_missing,2,22,0.029696,0.0049
65536,dense_missing,2,23,0.029696,0.005
65536,dense_missing,2,24,0.029696,0.005
65536,dense_missing,2,25,0.029696,0.0051
65536,dense_missing,2,26,0.029696,0.0049
65536,dense_missing,2,27,0.029696,0.005
65536,dense_missing,2,28,0.029696,0.0048
65536,dense_missing,2,29,0.03072,0.0049
65536,dense_missing,2,30,0.029696,0.005
65536,dense_missing,2,31,0.03072,0.0051
65536,dense_missing,2,32,0.029696,0.0048
65536,dense_missing,2,33,0.029696,0.0048
65536,dense_missing,2,34,0.029696,0.0057
65536,dense_missing,2,35,0.029696,0.005
65536,dense_missing,2,36,0.028672,0.0053
65536,dense_missing,2,37,0.033792,0.005
65536,dense_missing,2,38,0.029696,0.005
65536,dense_missing,2,39,0.03072,0.0051
65536,dense_missing,2,40,0.029696,0.0049
65536,dense_missing,2,41,0.033792,0.0049
65536,dense_missing,2,42,0.029696,0.0048
65536,dense_missing,2,43,0.029696,0.005
65536,dense_missing,2,44,0.029696,0.0048
65536,dense_missing,2,45,0.034816,0.005
65536,dense_missing,2,46,0.03072,0.0048
65536,dense_missing,2,47,0.029696,0.0048
65536,dense_missing,2,48,0.029696,0.0049
65536,dense_missing,2,49,0.03072,0.0049
65536,dense_missing,2,50,0.028672,0.0058
65536,dense_missing,2,51,0.029696,0.005
65536,dense_missing,2,52,0.029696,0.0051
65536,dense_missing,2,53,0.029696,0.005
65536,dense_missing,2,54,0.029696,0.005
65536,dense_missing,2,55,0.029696,0.005
65536,dense_missing,2,56,0.029696,0.0048
65536,dense_missing,2,57,0.028672,0.0048
65536,dense_missing,2,58,0.033792,0.0051
65536,dense_missing,2,59,0.029696,0.0051
65536,dense_missing,2,60,0.029696,0.0051
65536,dense_missing,2,61,0.03072,0.005
65536,dense_missing,2,62,0.029696,0.0049
65536,dense_missing,2,63,0.03072,0.0052
65536,dense_missing,2,64,0.029696,0.0048
65536,dense_missing,2,65,0.029696,0.0049
65536,dense_missing,2,66,0.029696,0.0048
65536,dense_missing,2,67,0.029696,0.005
65536,dense_missing,2,68,0.029696,0.0058
65536,dense_missing,2,69,0.033792,0.0049
65536,dense_missing,2,70,0.029696,0.0049
65536,dense_missing,2,71,0.029696,0.0048
65536,dense_missing,2,72,0.029696,0.0051
65536,dense_missing,2,73,0.033792,0.0051
65536,dense_missing,2,74,0.029696,0.0049
65536,dense_missing,2,75,0.03072,0.0049
65536,dense_missing,2,76,0.028672,0.005
65536,dense_missing,2,77,0.033792,0.0051
65536,dense_missing,2,78,0.03072,0.0049
65536,dense_missing,2,79,0.029696,0.005
65536,dense_missing,2,80,0.029696,0.0049
65536,dense_missing,2,81,0.033792,0.0049
65536,dense_missing,2,82,0.029696,0.0056
65536,dense_missing,2,83,0.03072,0.005
65536,dense_missing,2,84,0.029696,0.0048
65536,dense_missing,2,85,0.03072,0.0049
65536,dense_missing,2,86,0.029696,0.0051
65536,dense_missing,2,87,0.03072,0.0049
65536,dense_missing,2,88,0.029696,0.005
65536,dense_missing,2,89,0.03072,0.005
65536,dense_missing,2,90,0.029696,0.0048
65536,dense_missing,2,91,0.03072,0.005
65536,dense_missing,2,92,0.029696,0.0048
65536,dense_missing,2,93,0.029696,0.0049
65536,dense_missing,2,94,0.028672,0.0052
65536,dense_missing,2,95,0.029696,0.005
65536,dense_missing,2,96,0.03072,0.0048
65536,dense_missing,2,97,0.033792,0.0048
65536,dense_missing,2,98,0.028672,0.0048
65536,dense_missing,2,99,0.029696,0.0052
65536,dense_missing,2,100,0.029696,0.005
65536,dense_missing,2,101,0.032768,0.005
65536,dense_missing,2,102,0.029696,0.0049
65536,dense_missing,2,103,0.029696,0.0049
65536,dense_missing,2,104,0.028672,0.0052
65536,dense_missing,2,105,0.033792,0.0052
65536,dense_missing,2,106,0.029696,0.005
65536,dense_missing,2,107,0.029696,0.0049
65536,dense_missing,2,108,0.029696,0.0048
65536,dense_missing,2,109,0.033792,0.0048
65536,dense_missing,2,110,0.028672,0.0058
65536,dense_missing,2,111,0.029696,0.0049
65536,dense_missing,2,112,0.029696,0.0049
65536,dense_missing,2,113,0.03072,0.005
65536,dense_missing,2,114,0.029696,0.0052
65536,dense_missing,2,115,0.029696,0.005
65536,dense_missing,2,116,0.029696,0.0049
65536,dense_missing,2,117,0.029696,0.0049
65536,dense_missing,2,118,0.029696,0.0051
65536,dense_missing,2,119,0.03072,0.0049
65536,dense_missing,3,0,0.03072,0.0023
65536,dense_missing,3,1,0.03072,0.006
65536,dense_missing,3,2,0.029696,0.0048
65536,dense_missing,3,3,0.029696,0.0051
65536,dense_missing,3,4,0.029696,0.0049
65536,dense_missing,3,5,0.028672,0.0051
65536,dense_missing,3,6,0.029696,0.0049
65536,dense_missing,3,7,0.029696,0.0052
65536,dense_missing,3,8,0.029696,0.0053
65536,dense_missing,3,9,0.03072,0.0048
65536,dense_missing,3,10,0.029696,0.0056
65536,dense_missing,3,11,0.029696,0.005
65536,dense_missing,3,12,0.03072,0.0052
65536,dense_missing,3,13,0.029696,0.005
65536,dense_missing,3,14,0.029696,0.0048
65536,dense_missing,3,15,0.029696,0.0049
65536,dense_missing,3,16,0.029696,0.0048
65536,dense_missing,3,17,0.029696,0.0056
65536,dense_missing,3,18,0.033792,0.0049
65536,dense_missing,3,19,0.029696,0.0053
65536,dense_missing,3,20,0.03072,0.0049
65536,dense_missing,3,21,0.028672,0.0051
65536,dense_missing,3,22,0.033792,0.0049
65536,dense_missing,3,23,0.029696,0.0051
65536,dense_missing,3,24,0.029696,0.0049
65536,dense_missing,3,25,0.029696,0.005
65536,dense_missing,3,26,0.028672,0.0051
65536,dense_missing,3,27,0.028672,0.005
65536,dense_missing,3,28,0.03072,0.0049
65536,dense_missing,3,29,0.029696,0.0051
65536,dense_missing,3,30,0.029696,0.005
65536,dense_missing,3,31,0.029696,0.005
65536,dense_missing,3,32,0.029696,0.005
65536,dense_missing,3,33,0.028672,0.0052
65536,dense_missing,3,34,0.029696,0.0049
65536,dense_missing,3,35,0.028672,0.0052
65536,dense_missing,3,36,0.03072,0.0049
65536,dense_missing,3,37,0.029696,0.0052
65536,dense_missing,3,38,0.029696,0.0049
65536,dense_missing,3,39,0.029696,0.005
65536,dense_missing,3,40,0.028672,0.0049
65536,dense_missing,3,41,0.029696,0.005
65536,dense_missing,3,42,0.029696,0.0052
65536,dense_missing,3,43,0.029696,0.0049
65536,dense_missing,3,44,0.03072,0.005
65536,dense_missing,3,45,0.029696,0.0049
65536,dense_missing,3,46,0.029696,0.0049
65536,dense_missing,3,47,0.029696,0.0051
65536,dense_missing,3,48,0.029696,0.0052
65536,dense_missing,3,49,0.029696,0.0049
65536,dense_missing,3,50,0.034816,0.0058
65536,dense_missing,3,51,0.029696,0.0052
65536,dense_missing,3,52,0.029696,0.0047
65536,dense_missing,3,53,0.029696,0.0049
65536,dense_missing,3,54,0.033792,0.0088
65536,dense_missing,3,55,0.03072,0.0051
65536,dense_missing,3,56,0.029696,0.0051
65536,dense_missing,3,57,0.029696,0.0059
65536,dense_missing,3,58,0.033792,0.0049
65536,dense_missing,3,59,0.029696,0.0052
65536,dense_missing,3,60,1.999872,0.0048
65536,dense_missing,3,61,0.029696,0.0072
65536,dense_missing,3,62,0.032768,0.0073
65536,dense_missing,3,63,0.03072,0.0075
65536,dense_missing,3,64,0.03072,0.0082
65536,dense_missing,3,65,0.03072,0.0051
65536,dense_missing,3,66,0.033792,0.0048
65536,dense_missing,3,67,0.029696,0.0052
65536,dense_missing,3,68,0.029696,0.0049
65536,dense_missing,3,69,0.029696,0.0051
65536,dense_missing,3,70,0.033792,0.0047
65536,dense_missing,3,71,0.029696,0.0058
65536,dense_missing,3,72,0.03072,0.0049
65536,dense_missing,3,73,0.029696,0.0051
65536,dense_missing,3,74,0.029696,0.0048
65536,dense_missing,3,75,0.028672,0.0048
65536,dense_missing,3,76,0.029696,0.0049
65536,dense_missing,3,77,0.029696,0.0048
65536,dense_missing,3,78,0.03072,0.0056
65536,dense_missing,3,79,0.028672,0.0055
65536,dense_missing,3,80,0.029696,0.0048
65536,dense_missing,3,81,0.028672,0.0049
65536,dense_missing,3,82,0.029696,0.0048
65536,dense_missing,3,83,0.029696,0.0049
65536,dense_missing,3,84,0.03072,0.0048
65536,dense_missing,3,85,0.029696,0.0056
65536,dense_missing,3,86,0.033792,0.0049
65536,dense_missing,3,87,0.03072,0.0052
65536,dense_missing,3,88,0.03072,0.0048
65536,dense_missing,3,89,0.029696,0.0051
65536,dense_missing,3,90,0.033792,0.0048
65536,dense_missing,3,91,0.03072,0.005
65536,dense_missing,3,92,0.03072,0.0048
65536,dense_missing,3,93,0.029696,0.0049
65536,dense_missing,3,94,0.032768,0.0049
65536,dense_missing,3,95,0.029696,0.0058
65536,dense_missing,3,96,0.029696,0.0049
65536,dense_missing,3,97,0.029696,0.0052
65536,dense_missing,3,98,0.034816,0.0049
65536,dense_missing,3,99,0.029696,0.0051
65536,dense_missing,3,100,0.029696,0.005
65536,dense_missing,3,101,0.032768,0.0051
65536,dense_missing,3,102,0.033792,0.0056
65536,dense_missing,3,103,0.029696,0.0057
65536,dense_missing,3,104,0.029696,0.0057
65536,dense_missing,3,105,0.029696,0.0048
65536,dense_missing,3,106,0.029696,0.0049
65536,dense_missing,3,107,0.029696,0.0049
65536,dense_missing,3,108,0.029696,0.0048
65536,dense_missing,3,109,0.029696,0.0049
65536,dense_missing,3,110,0.033792,0.0048
65536,dense_missing,3,111,0.028672,0.005
65536,dense_missing,3,112,0.03072,0.0048
65536,dense_missing,3,113,0.029696,0.0048
65536,dense_missing,3,114,0.029696,0.0048
65536,dense_missing,3,115,0.028672,0.0049
65536,dense_missing,3,116,0.03072,0.0048
65536,dense_missing,3,117,0.028672,0.0058
65536,dense_missing,3,118,0.033792,0.0048
65536,dense_missing,3,119,0.029696,0.0052
65536,distributed_missing,1,0,0.036864,0.0039
65536,distributed_missing,1,1,0.036864,0.0055
65536,distributed_missing,1,2,0.036864,0.0049
65536,distributed_missing,1,3,0.036864,0.0046
65536,distributed_missing,1,4,0.041984,0.0049
65536,distributed_missing,1,5,0.036864,0.0049
65536,distributed_missing,1,6,0.037888,0.0049
65536,distributed_missing,1,7,0.036864,0.0046
65536,distributed_missing,1,8,0.033792,0.0049
65536,distributed_missing,1,9,0.036864,0.0056
65536,distributed_missing,1,10,0.037888,0.005
65536,distributed_missing,1,11,0.036864,0.0046
65536,distributed_missing,1,12,0.036864,0.0048
65536,distributed_missing,1,13,0.032768,0.0046
65536,distributed_missing,1,14,0.036864,0.0047
65536,distributed_missing,1,15,0.03584,0.005
65536,distributed_missing,1,16,0.037888,0.0048
65536,distributed_missing,1,17,0.036864,0.0048
65536,distributed_missing,1,18,0.036864,0.0049
65536,distributed_missing,1,19,0.03584,0.0047
65536,distributed_missing,1,20,0.037888,0.0049
65536,distributed_missing,1,21,0.036864,0.0049
65536,distributed_missing,1,22,0.036864,0.005
65536,distributed_missing,1,23,0.036864,0.0046
65536,distributed_missing,1,24,0.036864,0.0049
65536,distributed_missing,1,25,0.03584,0.0045
65536,distributed_missing,1,26,0.037888,0.0051
65536,distributed_missing,1,27,0.036864,0.0045
65536,distributed_missing,1,28,0.041984,0.0047
65536,distributed_missing,1,29,0.036864,0.0047
65536,distributed_missing,1,30,0.036864,0.0047
65536,distributed_missing,1,31,0.036864,0.0053
65536,distributed_missing,1,32,0.041984,0.0049
65536,distributed_missing,1,33,0.032768,0.0045
65536,distributed_missing,1,34,0.036864,0.0047
65536,distributed_missing,1,35,0.03584,0.0047
65536,distributed_missing,1,36,0.04096,0.0048
65536,distributed_missing,1,37,0.036864,0.0045
65536,distributed_missing,1,38,0.036864,0.0048
65536,distributed_missing,1,39,0.036864,0.0046
65536,distributed_missing,1,40,0.041984,0.0051
65536,distributed_missing,1,41,0.03584,0.0046
65536,distributed_missing,1,42,0.037888,0.0048
65536,distributed_missing,1,43,0.036864,0.0046
65536,distributed_missing,1,44,0.041984,0.0047
65536,distributed_missing,1,45,0.036864,0.0048
65536,distributed_missing,1,46,0.036864,0.0048
65536,distributed_missing,1,47,0.036864,0.0047
65536,distributed_missing,1,48,0.04096,0.0048
65536,distributed_missing,1,49,0.03584,0.0047
65536,distributed_missing,1,50,0.037888,0.0049
65536,distributed_missing,1,51,0.03584,0.0049
65536,distributed_missing,1,52,0.036864,0.0048
65536,distributed_missing,1,53,0.036864,0.0054
65536,distributed_missing,1,54,0.037888,0.0049
65536,distributed_missing,1,55,0.036864,0.0047
65536,distributed_missing,1,56,0.04096,0.0048
65536,distributed_missing,1,57,0.036864,0.0048
65536,distributed_missing,1,58,0.036864,0.0048
65536,distributed_missing,1,59,0.036864,0.0046
65536,distributed_missing,1,60,0.037888,0.0047
65536,distributed_missing,1,61,0.033792,0.0045
65536,distributed_missing,1,62,0.036864,0.0047
65536,distributed_missing,1,63,0.036864,0.0046
65536,distributed_missing,1,64,0.037888,0.0047
65536,distributed_missing,1,65,0.036864,0.0049
65536,distributed_missing,1,66,0.037888,0.0048
65536,distributed_missing,1,67,0.036864,0.0045
65536,distributed_missing,1,68,0.037888,0.0048
65536,distributed_missing,1,69,0.036864,0.0049
65536,distributed_missing,1,70,0.037888,0.0049
65536,distributed_missing,1,71,0.036864,0.0048
65536,distributed_missing,1,72,0.067584,0.0049
65536,distributed_missing,1,73,0.036864,0.0052
65536,distributed_missing,1,74,0.032768,0.0047
65536,distributed_missing,1,75,0.032768,0.0045
65536,distributed_missing,1,76,0.036864,0.0056
65536,distributed_missing,1,77,0.031744,0.0046
65536,distributed_missing,1,78,0.033792,0.0049
65536,distributed_missing,1,79,0.031744,0.0045
65536,distributed_missing,1,80,0.032768,0.0049
65536,distributed_missing,1,81,0.032768,0.0045
65536,distributed_missing,1,82,0.032768,0.0047
65536,distributed_missing,1,83,0.033792,0.0045
65536,distributed_missing,1,84,0.04096,0.0048
65536,distributed_missing,1,85,0.036864,0.0045
65536,distributed_missing,1,86,0.036864,0.0051
65536,distributed_missing,1,87,0.036864,0.0046
65536,distributed_missing,1,88,0.041984,0.0049
65536,distributed_missing,1,89,0.036864,0.0046
65536,distributed_missing,1,90,0.037888,0.0047
65536,distributed_missing,1,91,0.03584,0.0047
65536,distributed_missing,1,92,0.044032,0.0047
65536,distributed_missing,1,93,0.062464,0.016
65536,distributed_missing,1,94,0.032768,0.0116
65536,distributed_missing,1,95,0.036864,0.0078
65536,distributed_missing,1,96,0.041984,0.0055
65536,distributed_missing,1,97,0.036864,0.0051
65536,distributed_missing,1,98,0.037888,0.0048
65536,distributed_missing,1,99,0.036864,0.0059
65536,distributed_missing,1,100,0.04096,0.0048
65536,distributed_missing,1,101,0.037888,0.0066
65536,distributed_missing,1,102,0.033792,0.0062
65536,distributed_missing,1,103,0.036864,0.0056
65536,distributed_missing,1,104,0.04096,0.0051
65536,distributed_missing,1,105,0.032768,0.005
65536,distributed_missing,1,106,0.037888,0.0049
65536,distributed_missing,1,107,0.036864,0.0046
65536,distributed_missing,1,108,0.041984,0.0048
65536,distributed_missing,1,109,0.03584,0.0046
65536,distributed_missing,1,110,0.036864,0.005
65536,distributed_missing,1,111,0.036864,0.0054
65536,distributed_missing,1,112,0.041984,0.0048
65536,distributed_missing,1,113,0.036864,0.0049
65536,distributed_missing,1,114,0.037888,0.0049
65536,distributed_missing,1,115,0.032768,0.0047
65536,distributed_missing,1,116,0.041984,0.0047
65536,distributed_missing,1,117,0.03584,0.0049
65536,distributed_missing,1,118,0.036864,0.0049
65536,distributed_missing,1,119,0.036864,0.0046
65536,distributed_missing,2,0,0.037888,0.0047
65536,distributed_missing,2,1,0.037888,0.0045
65536,distributed_missing,2,2,0.037888,0.0057
65536,distributed_missing,2,3,0.037888,0.0055
65536,distributed_missing,2,4,0.033792,0.005
65536,distributed_missing,2,5,0.032768,0.0049
65536,distributed_missing,2,6,0.032768,0.0051
65536,distributed_missing,2,7,0.032768,0.0047
65536,distributed_missing,2,8,0.032768,0.0051
65536,distributed_missing,2,9,0.032768,0.005
65536,distributed_missing,2,10,0.033792,0.005
65536,distributed_missing,2,11,0.032768,0.0049
65536,distributed_missing,2,12,0.032768,0.0052
65536,distributed_missing,2,13,0.036864,0.0046
65536,distributed_missing,2,14,0.037888,0.0049
65536,distributed_missing,2,15,0.036864,0.0049
65536,distributed_missing,2,16,0.041984,0.0058
65536,distributed_missing,2,17,0.036864,0.0049
65536,distributed_missing,2,18,0.037888,0.0052
65536,distributed_missing,2,19,0.037888,0.0055
65536,distributed_missing,2,20,0.039936,0.0049
65536,distributed_missing,2,21,0.033792,0.0135
65536,distributed_missing,2,22,0.049152,0.0094
65536,distributed_missing,2,23,0.036864,0.0079
65536,distributed_missing,2,24,0.041984,0.0056
65536,distributed_missing,2,25,0.036864,0.0058
65536,distributed_missing,2,26,0.037888,0.0058
65536,distributed_missing,2,27,0.036864,0.0058
65536,distributed_missing,2,28,0.04096,0.0047
65536,distributed_missing,2,29,0.036864,0.0052
65536,distributed_missing,2,30,0.037888,0.005
65536,distributed_missing,2,31,0.03584,0.0045
65536,distributed_missing,2,32,0.041984,0.005
65536,distributed_missing,2,33,0.036864,0.0049
65536,distributed_missing,2,34,0.036864,0.005
65536,distributed_missing,2,35,0.03584,0.0049
65536,distributed_missing,2,36,0.041984,0.0049
65536,distributed_missing,2,37,0.03584,0.0054
65536,distributed_missing,2,38,0.036864,0.0049
65536,distributed_missing,2,39,0.036864,0.0046
65536,distributed_missing,2,40,0.036864,0.0047
65536,distributed_missing,2,41,0.036864,0.005
65536,distributed_missing,2,42,0.037888,0.0049
65536,distributed_missing,2,43,0.032768,0.0066
65536,distributed_missing,2,44,0.036864,0.0048
65536,distributed_missing,2,45,0.037888,0.0051
65536,distributed_missing,2,46,0.037888,0.0048
65536,distributed_missing,2,47,0.03584,0.0045
65536,distributed_missing,2,48,0.037888,0.0048
65536,distributed_missing,2,49,0.03584,0.0049
65536,distributed_missing,2,50,0.036864,0.0049
65536,distributed_missing,2,51,0.036864,0.0047
65536,distributed_missing,2,52,0.036864,0.0047
65536,distributed_missing,2,53,0.031744,0.0048
65536,distributed_missing,2,54,0.037888,0.0049
65536,distributed_missing,2,55,0.036864,0.0046
65536,distributed_missing,2,56,0.037888,0.0048
65536,distributed_missing,2,57,0.036864,0.0049
65536,distributed_missing,2,58,0.037888,0.0049
65536,distributed_missing,2,59,0.036864,0.0045
65536,distributed_missing,2,60,0.037888,0.0048
65536,distributed_missing,2,61,0.036864,0.0048
65536,distributed_missing,2,62,0.037888,0.0049
65536,distributed_missing,2,63,0.037888,0.0046
65536,distributed_missing,2,64,0.036864,0.0048
65536,distributed_missing,2,65,0.036864,0.0048
65536,distributed_missing,2,66,0.036864,0.0049
65536,distributed_missing,2,67,0.036864,0.0045
65536,distributed_missing,2,68,0.037888,0.0047
65536,distributed_missing,2,69,0.036864,0.0048
65536,distributed_missing,2,70,0.037888,0.0048
65536,distributed_missing,2,71,0.036864,0.0046
65536,distributed_missing,2,72,0.037888,0.0048
65536,distributed_missing,2,73,0.036864,0.0049
65536,distributed_missing,2,74,0.036864,0.0049
65536,distributed_missing,2,75,0.036864,0.0046
65536,distributed_missing,2,76,0.037888,0.0049
65536,distributed_missing,2,77,0.036864,0.0048
65536,distributed_missing,2,78,0.036864,0.0048
65536,distributed_missing,2,79,0.036864,0.0049
65536,distributed_missing,2,80,0.036864,0.0047
65536,distributed_missing,2,81,0.036864,0.0055
65536,distributed_missing,2,82,0.037888,0.0048
65536,distributed_missing,2,83,0.036864,0.0045
65536,distributed_missing,2,84,0.032768,0.0048
65536,distributed_missing,2,85,0.036864,0.005
65536,distributed_missing,2,86,0.036864,0.0049
65536,distributed_missing,2,87,0.036864,0.005
65536,distributed_missing,2,88,0.04096,0.0048
65536,distributed_missing,2,89,0.036864,0.0046
65536,distributed_missing,2,90,0.036864,0.0048
65536,distributed_missing,2,91,0.03584,0.0048
65536,distributed_missing,2,92,0.04096,0.0049
65536,distributed_missing,2,93,0.036864,0.0045
65536,distributed_missing,2,94,0.037888,0.0048
65536,distributed_missing,2,95,0.037888,0.0046
65536,distributed_missing,2,96,0.04096,0.0048
65536,distributed_missing,2,97,0.036864,0.0101
65536,distributed_missing,2,98,0.037888,0.0048
65536,distributed_missing,2,99,0.036864,0.0048
65536,distributed_missing,2,100,0.04096,0.0048
65536,distributed_missing,2,101,0.032768,0.0048
65536,distributed_missing,2,102,0.037888,0.0049
65536,distributed_missing,2,103,0.036864,0.0046
65536,distributed_missing,2,104,0.038912,0.0048
65536,distributed_missing,2,105,0.03584,0.0048
65536,distributed_missing,2,106,0.037888,0.0049
65536,distributed_missing,2,107,0.03584,0.0045
65536,distributed_missing,2,108,0.037888,0.0047
65536,distributed_missing,2,109,0.036864,0.0048
65536,distributed_missing,2,110,0.036864,0.005
65536,distributed_missing,2,111,0.036864,0.0047
65536,distributed_missing,2,112,0.04096,0.0048
65536,distributed_missing,2,113,0.03584,0.0048
65536,distributed_missing,2,114,0.037888,0.0052
65536,distributed_missing,2,115,0.03584,0.0046
65536,distributed_missing,2,116,0.041984,0.0048
65536,distributed_missing,2,117,0.036864,0.0046
65536,distributed_missing,2,118,0.036864,0.0047
65536,distributed_missing,2,119,0.036864,0.0054
65536,distributed_missing,3,0,0.031744,0.0049
65536,distributed_missing,3,1,0.032768,0.005
65536,distributed_missing,3,2,0.032768,0.005
65536,distributed_missing,3,3,0.032768,0.0057
65536,distributed_missing,3,4,0.032768,0.0059
65536,distributed_missing,3,5,0.032768,0.0052
65536,distributed_missing,3,6,0.031744,0.005
65536,distributed_missing,3,7,0.033792,0.0054
65536,distributed_missing,3,8,0.032768,0.0051
65536,distributed_missing,3,9,0.036864,0.005
65536,distributed_missing,3,10,0.037888,0.006
65536,distributed_missing,3,11,0.041984,0.005
65536,distributed_missing,3,12,0.037888,0.0057
65536,distributed_missing,3,13,0.037888,0.005
65536,distributed_missing,3,14,0.036864,0.0053
65536,distributed_missing,3,15,0.041984,0.0058
65536,distributed_missing,3,16,0.043008,0.0137
65536,distributed_missing,3,17,0.037888,0.0081
65536,distributed_missing,3,18,0.03584,0.0062
65536,distributed_missing,3,19,0.04096,0.0067
65536,distributed_missing,3,20,0.036864,0.005
65536,distributed_missing,3,21,0.036864,0.005
65536,distributed_missing,3,22,0.037888,0.0059
65536,distributed_missing,3,23,0.04096,0.0049
65536,distributed_missing,3,24,0.036864,0.0053
65536,distributed_missing,3,25,0.037888,0.005
65536,distributed_missing,3,26,0.032768,0.0048
65536,distributed_missing,3,27,0.037888,0.0049
65536,distributed_missing,3,28,0.036864,0.0053
65536,distributed_missing,3,29,0.037888,0.005
65536,distributed_missing,3,30,0.036864,0.0048
65536,distributed_missing,3,31,0.037888,0.0049
65536,distributed_missing,3,32,0.036864,0.0049
65536,distributed_missing,3,33,0.036864,0.0048
65536,distributed_missing,3,34,0.036864,0.0052
65536,distributed_missing,3,35,0.041984,0.0049
65536,distributed_missing,3,36,0.036864,0.005
65536,distributed_missing,3,37,0.036864,0.0048
65536,distributed_missing,3,38,0.036864,0.005
65536,distributed_missing,3,39,0.04096,0.0048
65536,distributed_missing,3,40,0.03584,0.0049
65536,distributed_missing,3,41,0.036864,0.0049
65536,distributed_missing,3,42,0.036864,0.0057
65536,distributed_missing,3,43,0.041984,0.0049
65536,distributed_missing,3,44,0.036864,0.0049
65536,distributed_missing,3,45,0.036864,0.0049
65536,distributed_missing,3,46,0.03584,0.005
65536,distributed_missing,3,47,0.04096,0.0048
65536,distributed_missing,3,48,0.037888,0.0053
65536,distributed_missing,3,49,0.036864,0.0049
65536,distributed_missing,3,50,0.036864,0.0049
65536,distributed_missing,3,51,0.036864,0.0048
65536,distributed_missing,3,52,0.03584,0.0049
65536,distributed_missing,3,53,0.037888,0.0048
65536,distributed_missing,3,54,0.036864,0.005
65536,distributed_missing,3,55,0.041984,0.0048
65536,distributed_missing,3,56,0.036864,0.0049
65536,distributed_missing,3,57,0.036864,0.0049
65536,distributed_missing,3,58,0.036864,0.0049
65536,distributed_missing,3,59,0.037888,0.0048
65536,distributed_missing,3,60,0.03584,0.0049
65536,distributed_missing,3,61,0.037888,0.0048
65536,distributed_missing,3,62,0.036864,0.0049
65536,distributed_missing,3,63,0.037888,0.0049
65536,distributed_missing,3,64,0.036864,0.0048
65536,distributed_missing,3,65,0.037888,0.0047
65536,distributed_missing,3,66,0.036864,0.0049
65536,distributed_missing,3,67,0.032768,0.0048
65536,distributed_missing,3,68,0.036864,0.0049
65536,distributed_missing,3,69,0.036864,0.0048
65536,distributed_missing,3,70,0.036864,0.0048
65536,distributed_missing,3,71,0.04096,0.0051
65536,distributed_missing,3,72,0.03584,0.005
65536,distributed_missing,3,73,0.037888,0.0048
65536,distributed_missing,3,74,0.036864,0.0049
65536,distributed_missing,3,75,0.041984,0.0048
65536,distributed_missing,3,76,0.036864,0.0058
65536,distributed_missing,3,77,0.038912,0.0048
65536,distributed_missing,3,78,0.036864,0.0048
65536,distributed_missing,3,79,0.04096,0.0048
65536,distributed_missing,3,80,0.036864,0.0048
65536,distributed_missing,3,81,0.037888,0.0049
65536,distributed_missing,3,82,0.033792,0.005
65536,distributed_missing,3,83,0.04096,0.005
65536,distributed_missing,3,84,0.03584,0.0048
65536,distributed_missing,3,85,0.036864,0.0048
65536,distributed_missing,3,86,0.036864,0.0049
65536,distributed_missing,3,87,0.037888,0.0048
65536,distributed_missing,3,88,0.036864,0.0048
65536,distributed_missing,3,89,0.036864,0.0049
65536,distributed_missing,3,90,0.036864,0.0048
65536,distributed_missing,3,91,0.037888,0.0049
65536,distributed_missing,3,92,0.036864,0.0048
65536,distributed_missing,3,93,0.067584,0.0048
65536,distributed_missing,3,94,0.036864,0.0054
65536,distributed_missing,3,95,0.041984,0.0049
65536,distributed_missing,3,96,0.036864,0.005
65536,distributed_missing,3,97,0.036864,0.0048
65536,distributed_missing,3,98,0.032768,0.0049
65536,distributed_missing,3,99,0.04096,0.0048
65536,distributed_missing,3,100,0.036864,0.0051
65536,distributed_missing,3,101,0.037888,0.005
65536,distributed_missing,3,102,0.036864,0.0049
65536,distributed_missing,3,103,0.037888,0.0048
65536,distributed_missing,3,104,0.036864,0.0049
65536,distributed_missing,3,105,0.037888,0.0048
65536,distributed_missing,3,106,0.036864,0.0049
65536,distributed_missing,3,107,0.037888,0.0048
65536,distributed_missing,3,108,0.032768,0.0048
65536,distributed_missing,3,109,0.037888,0.0049
65536,distributed_missing,3,110,0.036864,0.0048
65536,distributed_missing,3,111,0.037888,0.0048
65536,distributed_missing,3,112,0.036864,0.0049
65536,distributed_missing,3,113,0.037888,0.0048
65536,distributed_missing,3,114,0.037888,0.0049
65536,distributed_missing,3,115,0.037888,0.0048
65536,distributed_missing,3,116,0.036864,0.0049
65536,distributed_missing,3,117,0.036864,0.0048
65536,distributed_missing,3,118,0.037888,0.0049
65536,distributed_missing,3,119,0.037888,0.0048
131072,known,1,0,0.031744,0.0041
131072,known,1,1,0.034816,0.0045
131072,known,1,2,0.029696,0.0048
131072,known,1,3,0.03072,0.0046
131072,known,1,4,0.03072,0.0056
131072,known,1,5,0.034816,0.0048
131072,known,1,6,0.029696,0.0049
131072,known,1,7,0.03072,0.0045
131072,known,1,8,0.029696,0.0047
131072,known,1,9,0.033792,0.0045
131072,known,1,10,0.03072,0.0047
131072,known,1,11,0.029696,0.0054
131072,known,1,12,0.03072,0.0048
131072,known,1,13,0.034816,0.0045
131072,known,1,14,0.03072,0.005
131072,known,1,15,0.033792,0.0049
131072,known,1,16,0.029696,0.0047
131072,known,1,17,0.033792,0.0046
131072,known,1,18,0.03072,0.0046
131072,known,1,19,0.03072,0.0045
131072,known,1,20,0.03072,0.0046
131072,known,1,21,0.033792,0.0045
131072,known,1,22,0.03072,0.0046
131072,known,1,23,0.029696,0.0045
131072,known,1,24,0.03072,0.0046
131072,known,1,25,0.033792,0.0047
131072,known,1,26,0.03072,0.0047
131072,known,1,27,0.029696,0.0046
131072,known,1,28,0.03072,0.0056
131072,known,1,29,0.033792,0.0047
131072,known,1,30,0.03072,0.005
131072,known,1,31,0.029696,0.0046
131072,known,1,32,0.03072,0.0047
131072,known,1,33,0.034816,0.0046
131072,known,1,34,0.03072,0.005
131072,known,1,35,0.03072,0.0046
131072,known,1,36,0.03072,0.0047
131072,known,1,37,0.029696,0.0046
131072,known,1,38,0.029696,0.0047
131072,known,1,39,0.03072,0.0045
131072,known,1,40,0.03072,0.0047
131072,known,1,41,0.034816,0.0045
131072,known,1,42,0.03072,0.0047
131072,known,1,43,0.029696,0.0046
131072,known,1,44,0.029696,0.0047
131072,known,1,45,0.034816,0.0045
131072,known,1,46,0.03072,0.0054
131072,known,1,47,0.029696,0.0046
131072,known,1,48,0.03072,0.0047
131072,known,1,49,0.034816,0.0046
131072,known,1,50,0.03072,0.0048
131072,known,1,51,0.03072,0.0046
131072,known,1,52,0.03072,0.0049
131072,known,1,53,0.033792,0.0045
131072,known,1,54,0.03072,0.0046
131072,known,1,55,0.029696,0.0045
131072,known,1,56,0.029696,0.0047
131072,known,1,57,0.029696,0.0045
131072,known,1,58,0.029696,0.0047
131072,known,1,59,0.03072,0.0046
131072,known,1,60,0.029696,0.0047
131072,known,1,61,0.034816,0.0045
131072,known,1,62,0.03072,0.0047
131072,known,1,63,2.00192,0.0045
131072,known,1,64,0.029696,0.0052
131072,known,1,65,0.033792,0.0046
131072,known,1,66,0.031744,0.0075
131072,known,1,67,0.03072,0.0046
131072,known,1,68,0.031744,0.0049
131072,known,1,69,0.029696,0.0075
131072,known,1,70,0.03072,0.0047
131072,known,1,71,0.034816,0.0047
131072,known,1,72,0.029696,0.0047
131072,known,1,73,0.028672,0.0045
131072,known,1,74,0.03072,0.0047
131072,known,1,75,0.029696,0.0047
131072,known,1,76,0.029696,0.0047
131072,known,1,77,0.029696,0.0045
131072,known,1,78,0.03072,0.0047
131072,known,1,79,0.029696,0.0045
131072,known,1,80,0.03072,0.0047
131072,known,1,81,0.034816,0.0054
131072,known,1,82,0.03072,0.0049
131072,known,1,83,0.03072,0.0044
131072,known,1,84,0.03072,0.0047
131072,known,1,85,0.033792,0.0045
131072,known,1,86,0.029696,0.0046
131072,known,1,87,0.03072,0.0045
131072,known,1,88,0.03072,0.0048
131072,known,1,89,0.034816,0.0048
131072,known,1,90,0.03072,0.0048
131072,known,1,91,0.03072,0.0045
131072,known,1,92,0.03072,0.0047
131072,known,1,93,0.033792,0.0045
131072,known,1,94,0.03072,0.0046
131072,known,1,95,0.029696,0.0045
131072,known,1,96,0.03072,0.0047
131072,known,1,97,0.033792,0.0045
131072,known,1,98,0.029696,0.0047
131072,known,1,99,0.029696,0.0055
131072,known,1,100,0.029696,0.0048
131072,known,1,101,0.03072,0.0047
131072,known,1,102,0.029696,0.0047
131072,known,1,103,0.03072,0.0045
131072,known,1,104,0.03072,0.0047
131072,known,1,105,0.029696,0.0044
131072,known,1,106,0.03072,0.0048
131072,known,1,107,0.031744,0.0045
131072,known,1,108,0.029696,0.0046
131072,known,1,109,0.03072,0.0044
131072,known,1,110,0.029696,0.0049
131072,known,1,111,0.029696,0.0044
131072,known,1,112,0.03072,0.0048
131072,known,1,113,0.029696,0.0045
131072,known,1,114,0.03072,0.0046
131072,known,1,115,0.029696,0.0045
131072,known,1,116,0.03072,0.0047
131072,known,1,117,0.03072,0.0045
131072,known,1,118,0.029696,0.0047
131072,known,1,119,0.029696,0.0048
131072,known,2,0,0.029696,0.0022
131072,known,2,1,0.03072,0.0049
131072,known,2,2,0.029696,0.0048
131072,known,2,3,0.03072,0.0049
131072,known,2,4,0.029696,0.0048
131072,known,2,5,0.029696,0.0048
131072,known,2,6,0.03072,0.005
131072,known,2,7,0.029696,0.0049
131072,known,2,8,0.029696,0.0047
131072,known,2,9,0.029696,0.0049
131072,known,2,10,0.029696,0.0048
131072,known,2,11,0.03072,0.0048
131072,known,2,12,0.03072,0.0048
131072,known,2,13,0.029696,0.0048
131072,known,2,14,0.029696,0.0049
131072,known,2,15,0.029696,0.0049
131072,known,2,16,0.029696,0.0049
131072,known,2,17,0.03072,0.0049
131072,known,2,18,0.034816,0.0048
131072,known,2,19,0.029696,0.0048
131072,known,2,20,0.029696,0.0047
131072,known,2,21,0.03072,0.0049
131072,known,2,22,0.029696,0.0049
131072,known,2,23,0.03072,0.0053
131072,known,2,24,0.03072,0.0049
131072,known,2,25,0.03072,0.0059
131072,known,2,26,0.029696,0.005
131072,known,2,27,0.03072,0.0049
131072,known,2,28,0.079872,0.005
131072,known,2,29,0.03072,0.0056
131072,known,2,30,0.034816,0.0048
131072,known,2,31,0.03072,0.0049
131072,known,2,32,0.029696,0.0047
131072,known,2,33,0.029696,0.0049
131072,known,2,34,0.033792,0.0051
131072,known,2,35,0.03072,0.005
131072,known,2,36,0.029696,0.0047
131072,known,2,37,0.03072,0.0049
131072,known,2,38,0.033792,0.0048
131072,known,2,39,0.03072,0.0048
131072,known,2,40,0.029696,0.0048
131072,known,2,41,0.03072,0.0048
131072,known,2,42,0.033792,0.0049
131072,known,2,43,0.029696,0.005
131072,known,2,44,0.029696,0.0047
131072,known,2,45,0.03072,0.0048
131072,known,2,46,0.033792,0.0047
131072,known,2,47,0.03072,0.0047
131072,known,2,48,0.029696,0.0048
131072,known,2,49,0.03072,0.0048
131072,known,2,50,0.034816,0.0048
131072,known,2,51,0.03072,0.005
131072,known,2,52,0.029696,0.0049
131072,known,2,53,0.03072,0.0048
131072,known,2,54,0.029696,0.0048
131072,known,2,55,0.029696,0.0048
131072,known,2,56,0.029696,0.0047
131072,known,2,57,0.03072,0.0049
131072,known,2,58,0.033792,0.0049
131072,known,2,59,0.029696,0.005
131072,known,2,60,0.029696,0.0048
131072,known,2,61,1.989632,0.0048
131072,known,2,62,0.034816,0.0069
131072,known,2,63,0.029696,0.0081
131072,known,2,64,0.03072,0.0069
131072,known,2,65,0.029696,0.007
131072,known,2,66,0.034816,0.0057
131072,known,2,67,0.03072,0.0049
131072,known,2,68,0.034816,0.0049
131072,known,2,69,0.03072,0.0056
131072,known,2,70,0.033792,0.0048
131072,known,2,71,0.03072,0.0055
131072,known,2,72,0.029696,0.0049
131072,known,2,73,0.03072,0.005
131072,known,2,74,0.033792,0.0057
131072,known,2,75,0.029696,0.0049
131072,known,2,76,0.03072,0.0047
131072,known,2,77,0.029696,0.0049
131072,known,2,78,0.033792,0.0047
131072,known,2,79,0.029696,0.0053
131072,known,2,80,0.029696,0.0049
131072,known,2,81,0.03072,0.0049
131072,known,2,82,0.033792,0.0047
131072,known,2,83,0.029696,0.0048
131072,known,2,84,0.029696,0.0048
131072,known,2,85,0.029696,0.0048
131072,known,2,86,0.034816,0.0048
131072,known,2,87,0.03072,0.0051
131072,known,2,88,0.03072,0.0049
131072,known,2,89,0.03072,0.0049
131072,known,2,90,0.03072,0.0047
131072,known,2,91,0.03072,0.0048
131072,known,2,92,0.03072,0.0048
131072,known,2,93,0.029696,0.0049
131072,known,2,94,0.029696,0.0048
131072,known,2,95,0.029696,0.0048
131072,known,2,96,0.029696,0.0048
131072,known,2,97,0.03072,0.0048
131072,known,2,98,0.033792,0.0048
131072,known,2,99,0.029696,0.0051
131072,known,2,100,0.03072,0.0051
131072,known,2,101,0.029696,0.0048
131072,known,2,102,0.034816,0.0048
131072,known,2,103,0.03072,0.005
131072,known,2,104,0.029696,0.0047
131072,known,2,105,0.03072,0.0048
131072,known,2,106,0.033792,0.0048
131072,known,2,107,0.029696,0.0057
131072,known,2,108,0.029696,0.0049
131072,known,2,109,0.033792,0.0058
131072,known,2,110,0.033792,0.0051
131072,known,2,111,0.03072,0.0051
131072,known,2,112,0.03072,0.0048
131072,known,2,113,0.03072,0.0049
131072,known,2,114,0.034816,0.0048
131072,known,2,115,0.03072,0.0057
131072,known,2,116,0.03072,0.0049
131072,known,2,117,0.03072,0.0049
131072,known,2,118,0.029696,0.0047
131072,known,2,119,0.029696,0.0048
131072,known,3,0,0.03072,0.0045
131072,known,3,1,0.03072,0.0042
131072,known,3,2,0.03072,0.0046
131072,known,3,3,0.029696,0.0052
131072,known,3,4,0.029696,0.0046
131072,known,3,5,0.029696,0.0044
131072,known,3,6,0.03072,0.0046
131072,known,3,7,0.03072,0.0044
131072,known,3,8,0.029696,0.0046
131072,known,3,9,0.029696,0.0043
131072,known,3,10,0.03072,0.0047
131072,known,3,11,0.029696,0.0046
131072,known,3,12,0.029696,0.0046
131072,known,3,13,0.03072,0.0043
131072,known,3,14,0.029696,0.0046
131072,known,3,15,0.03072,0.0043
131072,known,3,16,0.03072,0.0049
131072,known,3,17,0.029696,0.0046
131072,known,3,18,0.03072,0.0048
131072,known,3,19,0.03072,0.0045
131072,known,3,20,0.029696,0.0047
131072,known,3,21,0.03072,0.0042
131072,known,3,22,0.029696,0.0046
131072,known,3,23,0.03072,0.0042
131072,known,3,24,0.029696,0.0046
131072,known,3,25,0.03072,0.0042
131072,known,3,26,0.029696,0.0047
131072,known,3,27,0.03072,0.0045
131072,known,3,28,0.03072,0.0047
131072,known,3,29,0.03072,0.0048
131072,known,3,30,0.03072,0.0048
131072,known,3,31,0.03072,0.0045
131072,known,3,32,0.029696,0.0047
131072,known,3,33,0.03072,0.0043
131072,known,3,34,0.029696,0.0046
131072,known,3,35,0.03072,0.0043
131072,known,3,36,0.029696,0.0046
131072,known,3,37,0.029696,0.0043
131072,known,3,38,0.03072,0.0051
131072,known,3,39,0.031744,0.0047
131072,known,3,40,0.03072,0.0046
131072,known,3,41,0.03072,0.0043
131072,known,3,42,0.03072,0.0056
131072,known,3,43,0.029696,0.0044
131072,known,3,44,0.03072,0.0047
131072,known,3,45,0.029696,0.0043
131072,known,3,46,0.03072,0.0049
131072,known,3,47,0.029696,0.0043
131072,known,3,48,0.03072,0.0046
131072,known,3,49,0.03072,0.0043
131072,known,3,50,0.03072,0.0049
131072,known,3,51,0.03072,0.0044
131072,known,3,52,0.029696,0.0048
131072,known,3,53,0.03072,0.0043
131072,known,3,54,0.03072,0.0046
131072,known,3,55,0.03072,0.0046
131072,known,3,56,0.03072,0.0047
131072,known,3,57,0.031744,0.0043
131072,known,3,58,0.029696,0.0046
131072,known,3,59,0.029696,0.0043
131072,known,3,60,0.03072,0.0049
131072,known,3,61,0.029696,0.0043
131072,known,3,62,0.03072,0.0046
131072,known,3,63,0.029696,0.0043
131072,known,3,64,0.029696,0.0046
131072,known,3,65,0.03072,0.0043
131072,known,3,66,0.03072,0.005
131072,known,3,67,0.029696,0.0043
131072,known,3,68,0.03072,0.0047
131072,known,3,69,0.03072,0.0043
131072,known,3,70,0.03072,0.0046
131072,known,3,71,0.029696,0.0046
131072,known,3,72,0.029696,0.0046
131072,known,3,73,0.029696,0.0044
131072,known,3,74,0.029696,0.0047
131072,known,3,75,0.03072,0.0043
131072,known,3,76,0.03072,0.0049
131072,known,3,77,0.029696,0.0049
131072,known,3,78,0.029696,0.0047
131072,known,3,79,0.029696,0.0043
131072,known,3,80,0.029696,0.0047
131072,known,3,81,0.03072,0.0043
131072,known,3,82,0.03072,0.0049
131072,known,3,83,0.03072,0.0047
131072,known,3,84,0.029696,0.0047
131072,known,3,85,0.03072,0.0043
131072,known,3,86,0.029696,0.0046
131072,known,3,87,0.03072,0.0043
131072,known,3,88,0.029696,0.0047
131072,known,3,89,0.034816,0.0043
131072,known,3,90,0.03072,0.0046
131072,known,3,91,0.03072,0.0044
131072,known,3,92,0.03072,0.0047
131072,known,3,93,0.034816,0.0049
131072,known,3,94,0.03072,0.0047
131072,known,3,95,0.029696,0.0043
131072,known,3,96,0.03072,0.0046
131072,known,3,97,0.03584,0.005
131072,known,3,98,0.029696,0.0056
131072,known,3,99,0.03072,0.0046
131072,known,3,100,0.03072,0.0047
131072,known,3,101,0.033792,0.0044
131072,known,3,102,0.029696,0.0047
131072,known,3,103,0.029696,0.0042
131072,known,3,104,0.029696,0.0046
131072,known,3,105,0.033792,0.0051
131072,known,3,106,0.03072,0.0048
131072,known,3,107,0.029696,0.0043
131072,known,3,108,0.03072,0.0046
131072,known,3,109,0.033792,0.005
131072,known,3,110,0.03072,0.0046
131072,known,3,111,0.03072,0.0042
131072,known,3,112,0.03072,0.0046
131072,known,3,113,0.033792,0.005
131072,known,3,114,0.03072,0.0048
131072,known,3,115,0.031744,0.0042
131072,known,3,116,0.03072,0.0046
131072,known,3,117,0.033792,0.0051
131072,known,3,118,0.03072,0.0048
131072,known,3,119,0.029696,0.0042
131072,dense_missing,1,0,0.037888,0.0065
131072,dense_missing,1,1,0.04096,0.0044
131072,dense_missing,1,2,0.037888,0.005
131072,dense_missing,1,3,0.036864,0.0045
131072,dense_missing,1,4,0.033792,0.0047
131072,dense_missing,1,5,0.057344,0.005
131072,dense_missing,1,6,0.036864,0.0047
131072,dense_missing,1,7,0.036864,0.0045
131072,dense_missing,1,8,0.036864,0.0047
131072,dense_missing,1,9,0.034816,0.0046
131072,dense_missing,1,10,0.036864,0.0047
131072,dense_missing,1,11,0.036864,0.0045
131072,dense_missing,1,12,0.036864,0.006
131072,dense_missing,1,13,0.041984,0.0052
131072,dense_missing,1,14,0.038912,0.0049
131072,dense_missing,1,15,0.036864,0.0045
131072,dense_missing,1,16,0.036864,0.0047
131072,dense_missing,1,17,0.041984,0.0046
131072,dense_missing,1,18,0.037888,0.0046
131072,dense_missing,1,19,0.036864,0.0048
131072,dense_missing,1,20,0.036864,0.0054
131072,dense_missing,1,21,0.041984,0.0046
131072,dense_missing,1,22,0.036864,0.0048
131072,dense_missing,1,23,0.036864,0.0054
131072,dense_missing,1,24,0.037888,0.006
131072,dense_missing,1,25,0.04096,0.0057
131072,dense_missing,1,26,0.037888,0.0048
131072,dense_missing,1,27,0.036864,0.0046
131072,dense_missing,1,28,0.036864,0.0059
131072,dense_missing,1,29,0.04096,0.0048
131072,dense_missing,1,30,0.037888,0.0048
131072,dense_missing,1,31,0.036864,0.0047
131072,dense_missing,1,32,0.04096,0.0048
131072,dense_missing,1,33,0.04096,0.0053
131072,dense_missing,1,34,0.036864,0.0053
131072,dense_missing,1,35,0.037888,0.005
131072,dense_missing,1,36,0.037888,0.006
131072,dense_missing,1,37,0.041984,0.0049
131072,dense_missing,1,38,0.036864,0.0055
131072,dense_missing,1,39,0.036864,0.0047
131072,dense_missing,1,40,0.036864,0.0056
131072,dense_missing,1,41,0.04096,0.0054
131072,dense_missing,1,42,0.037888,0.0054
131072,dense_missing,1,43,0.036864,0.0049
131072,dense_missing,1,44,0.036864,0.0059
131072,dense_missing,1,45,0.037888,0.0047
131072,dense_missing,1,46,0.036864,0.0059
131072,dense_missing,1,47,0.036864,0.0046
131072,dense_missing,1,48,0.036864,0.0048
131072,dense_missing,1,49,0.04096,0.0056
131072,dense_missing,1,50,0.036864,0.006
131072,dense_missing,1,51,0.036864,0.0047
131072,dense_missing,1,52,0.091136,0.0049
131072,dense_missing,1,53,0.04096,0.0053
131072,dense_missing,1,54,0.037888,0.0058
131072,dense_missing,1,55,0.038912,0.0055
131072,dense_missing,1,56,0.037888,0.0054
131072,dense_missing,1,57,0.036864,0.0046
131072,dense_missing,1,58,0.036864,0.0048
131072,dense_missing,1,59,0.036864,0.0045
131072,dense_missing,1,60,0.036864,0.0047
131072,dense_missing,1,61,0.04096,0.0054
131072,dense_missing,1,62,0.036864,0.0054
131072,dense_missing,1,63,0.036864,0.0046
131072,dense_missing,1,64,0.037888,0.0048
131072,dense_missing,1,65,0.04096,0.0046
131072,dense_missing,1,66,0.036864,0.0047
131072,dense_missing,1,67,0.036864,0.0045
131072,dense_missing,1,68,0.036864,0.0047
131072,dense_missing,1,69,0.037888,0.0046
131072,dense_missing,1,70,0.036864,0.0052
131072,dense_missing,1,71,0.036864,0.0046
131072,dense_missing,1,72,0.036864,0.0047
131072,dense_missing,1,73,0.04096,0.0048
131072,dense_missing,1,74,0.036864,0.0055
131072,dense_missing,1,75,0.032768,0.0046
131072,dense_missing,1,76,0.036864,0.0052
131072,dense_missing,1,77,0.04096,0.0048
131072,dense_missing,1,78,0.036864,0.0048
131072,dense_missing,1,79,0.036864,0.0048
131072,dense_missing,1,80,0.036864,0.0056
131072,dense_missing,1,81,0.04096,0.0052
131072,dense_missing,1,82,0.036864,0.0057
131072,dense_missing,1,83,0.036864,0.0053
131072,dense_missing,1,84,0.036864,0.0049
131072,dense_missing,1,85,0.036864,0.0053
131072,dense_missing,1,86,0.033792,0.0048
131072,dense_missing,1,87,0.036864,0.0046
131072,dense_missing,1,88,0.036864,0.0047
131072,dense_missing,1,89,0.036864,0.0046
131072,dense_missing,1,90,0.036864,0.0047
131072,dense_missing,1,91,0.036864,0.0045
131072,dense_missing,1,92,0.036864,0.0048
131072,dense_missing,1,93,0.036864,0.0045
131072,dense_missing,1,94,0.036864,0.0047
131072,dense_missing,1,95,0.036864,0.0046
131072,dense_missing,1,96,0.038912,0.0046
131072,dense_missing,1,97,0.036864,0.0045
131072,dense_missing,1,98,0.036864,0.0047
131072,dense_missing,1,99,0.037888,0.0045
131072,dense_missing,1,100,0.036864,0.0056
131072,dense_missing,1,101,0.037888,0.0047
131072,dense_missing,1,102,0.037888,0.0048
131072,dense_missing,1,103,0.036864,0.0055
131072,dense_missing,1,104,0.036864,0.0054
131072,dense_missing,1,105,0.036864,0.0046
131072,dense_missing,1,106,0.037888,0.0048
131072,dense_missing,1,107,0.037888,0.0045
131072,dense_missing,1,108,0.036864,0.0056
131072,dense_missing,1,109,0.037888,0.0047
131072,dense_missing,1,110,0.037888,0.0047
131072,dense_missing,1,111,0.036864,0.0053
131072,dense_missing,1,112,0.036864,0.0053
131072,dense_missing,1,113,0.036864,0.0046
131072,dense_missing,1,114,0.036864,0.0048
131072,dense_missing,1,115,0.036864,0.0046
131072,dense_missing,1,116,0.036864,0.0048
131072,dense_missing,1,117,0.04096,0.0046
131072,dense_missing,1,118,0.037888,0.0048
131072,dense_missing,1,119,0.036864,0.0052
131072,dense_missing,2,0,0.04096,0.0046
131072,dense_missing,2,1,0.037888,0.0046
131072,dense_missing,2,2,0.037888,0.0049
131072,dense_missing,2,3,0.037888,0.0045
131072,dense_missing,2,4,0.041984,0.0047
131072,dense_missing,2,5,0.037888,0.0049
131072,dense_missing,2,6,0.036864,0.0049
131072,dense_missing,2,7,0.036864,0.0046
131072,dense_missing,2,8,0.04096,0.0058
131072,dense_missing,2,9,0.036864,0.0049
131072,dense_missing,2,10,0.036864,0.0072
131072,dense_missing,2,11,0.036864,0.0046
131072,dense_missing,2,12,0.04096,0.0052
131072,dense_missing,2,13,0.036864,0.0055
131072,dense_missing,2,14,0.037888,0.0056
131072,dense_missing,2,15,0.037888,0.0048
131072,dense_missing,2,16,0.04096,0.0058
131072,dense_missing,2,17,0.036864,0.0054
131072,dense_missing,2,18,0.037888,0.005
131072,dense_missing,2,19,0.036864,0.0069
131072,dense_missing,2,20,0.04096,0.0052
131072,dense_missing,2,21,0.037888,0.0055
131072,dense_missing,2,22,0.036864,0.0049
131072,dense_missing,2,23,0.04096,0.005
131072,dense_missing,2,24,0.037888,0.008
131072,dense_missing,2,25,0.036864,0.0048
131072,dense_missing,2,26,0.069632,0.005
131072,dense_missing,2,27,0.037888,0.0048
131072,dense_missing,2,28,0.04096,0.0058
131072,dense_missing,2,29,0.036864,0.0053
131072,dense_missing,2,30,0.036864,0.0059
131072,dense_missing,2,31,0.036864,0.005
131072,dense_missing,2,32,0.036864,0.0057
131072,dense_missing,2,33,0.036864,0.0053
131072,dense_missing,2,34,0.037888,0.0049
131072,dense_missing,2,35,0.036864,0.0054
131072,dense_missing,2,36,0.041984,0.0062
131072,dense_missing,2,37,0.037888,0.0049
131072,dense_missing,2,38,0.037888,0.0049
131072,dense_missing,2,39,0.038912,0.0047
131072,dense_missing,2,40,0.04096,0.0049
131072,dense_missing,2,41,0.037888,0.0047
131072,dense_missing,2,42,0.036864,0.0049
131072,dense_missing,2,43,0.037888,0.0053
131072,dense_missing,2,44,0.04096,0.0056
131072,dense_missing,2,45,0.036864,0.005
131072,dense_missing,2,46,0.036864,0.0058
131072,dense_missing,2,47,0.036864,0.0053
131072,dense_missing,2,48,0.04096,0.0051
131072,dense_missing,2,49,0.036864,0.0047
131072,dense_missing,2,50,0.036864,0.0059
131072,dense_missing,2,51,0.036864,0.0047
131072,dense_missing,2,52,0.043008,0.0048
131072,dense_missing,2,53,0.036864,0.0053
131072,dense_missing,2,54,0.036864,0.0049
131072,dense_missing,2,55,0.036864,0.0045
131072,dense_missing,2,56,0.041984,0.0052
131072,dense_missing,2,57,0.036864,0.0054
131072,dense_missing,2,58,0.037888,0.0048
131072,dense_missing,2,59,0.037888,0.0046
131072,dense_missing,2,60,0.036864,0.0048
131072,dense_missing,2,61,0.036864,0.0055
131072,dense_missing,2,62,0.037888,0.0054
131072,dense_missing,2,63,0.036864,0.0048
131072,dense_missing,2,64,0.04096,0.0053
131072,dense_missing,2,65,0.037888,0.0058
131072,dense_missing,2,66,0.036864,0.005
131072,dense_missing,2,67,0.036864,0.0046
131072,dense_missing,2,68,0.04096,0.0048
131072,dense_missing,2,69,0.037888,0.0054
131072,dense_missing,2,70,0.036864,0.0051
131072,dense_missing,2,71,0.036864,0.0052
131072,dense_missing,2,72,0.04096,0.0057
131072,dense_missing,2,73,0.037888,0.0053
131072,dense_missing,2,74,0.036864,0.0049
131072,dense_missing,2,75,0.036864,0.0048
131072,dense_missing,2,76,0.04096,0.006
131072,dense_missing,2,77,0.036864,0.005
131072,dense_missing,2,78,0.036864,0.0052
131072,dense_missing,2,79,0.036864,0.0057
131072,dense_missing,2,80,0.04096,0.0049
131072,dense_missing,2,81,0.036864,0.0051
131072,dense_missing,2,82,0.036864,0.0061
131072,dense_missing,2,83,0.033792,0.005
131072,dense_missing,2,84,0.041984,0.0057
131072,dense_missing,2,85,0.036864,0.0048
131072,dense_missing,2,86,0.037888,0.005
131072,dense_missing,2,87,0.037888,0.0054
131072,dense_missing,2,88,0.041984,0.0053
131072,dense_missing,2,89,0.037888,0.0053
131072,dense_missing,2,90,0.036864,0.0057
131072,dense_missing,2,91,0.036864,0.0047
131072,dense_missing,2,92,0.04096,0.0057
131072,dense_missing,2,93,0.038912,0.0064
131072,dense_missing,2,94,0.036864,0.005
131072,dense_missing,2,95,0.036864,0.005
131072,dense_missing,2,96,0.041984,0.0059
131072,dense_missing,2,97,0.036864,0.0048
131072,dense_missing,2,98,0.036864,0.0048
131072,dense_missing,2,99,0.036864,0.0048
131072,dense_missing,2,100,0.04096,0.0058
131072,dense_missing,2,101,0.036864,0.0049
131072,dense_missing,2,102,0.036864,0.0058
131072,dense_missing,2,103,0.036864,0.0047
131072,dense_missing,2,104,0.036864,0.0047
131072,dense_missing,2,105,0.037888,0.0049
131072,dense_missing,2,106,0.036864,0.0049
131072,dense_missing,2,107,0.036864,0.0046
131072,dense_missing,2,108,0.036864,0.0051
131072,dense_missing,2,109,0.036864,0.0047
131072,dense_missing,2,110,0.036864,0.0048
131072,dense_missing,2,111,0.037888,0.0047
131072,dense_missing,2,112,0.036864,0.0048
131072,dense_missing,2,113,0.036864,0.0049
131072,dense_missing,2,114,0.037888,0.0048
131072,dense_missing,2,115,0.036864,0.0047
131072,dense_missing,2,116,0.036864,0.0047
131072,dense_missing,2,117,0.037888,0.0048
131072,dense_missing,2,118,0.036864,0.005
131072,dense_missing,2,119,0.037888,0.0046
131072,dense_missing,3,0,0.037888,0.0049
131072,dense_missing,3,1,0.036864,0.0046
131072,dense_missing,3,2,0.038912,0.0052
131072,dense_missing,3,3,0.037888,0.0077
131072,dense_missing,3,4,0.036864,0.0072
131072,dense_missing,3,5,0.033792,0.005
131072,dense_missing,3,6,0.04096,0.0048
131072,dense_missing,3,7,0.036864,0.0075
131072,dense_missing,3,8,0.036864,0.005
131072,dense_missing,3,9,0.037888,0.0074
131072,dense_missing,3,10,0.036864,0.0049
131072,dense_missing,3,11,0.036864,0.0047
131072,dense_missing,3,12,0.036864,0.0047
131072,dense_missing,3,13,0.036864,0.0046
131072,dense_missing,3,14,0.036864,0.0047
131072,dense_missing,3,15,0.037888,0.0049
131072,dense_missing,3,16,0.039936,0.005
131072,dense_missing,3,17,0.036864,0.0046
131072,dense_missing,3,18,0.04096,0.0057
131072,dense_missing,3,19,0.036864,0.0048
131072,dense_missing,3,20,0.036864,0.0048
131072,dense_missing,3,21,0.036864,0.0045
131072,dense_missing,3,22,0.04096,0.0055
131072,dense_missing,3,23,0.036864,0.0045
131072,dense_missing,3,24,0.036864,0.0047
131072,dense_missing,3,25,0.036864,0.0047
131072,dense_missing,3,26,0.036864,0.0047
131072,dense_missing,3,27,0.037888,0.0048
131072,dense_missing,3,28,0.036864,0.0049
131072,dense_missing,3,29,0.036864,0.0046
131072,dense_missing,3,30,0.041984,0.0047
131072,dense_missing,3,31,0.036864,0.0047
131072,dense_missing,3,32,0.036864,0.0047
131072,dense_missing,3,33,0.036864,0.0045
131072,dense_missing,3,34,0.04096,0.0047
131072,dense_missing,3,35,0.036864,0.0045
131072,dense_missing,3,36,0.036864,0.0047
131072,dense_missing,3,37,0.03584,0.0053
131072,dense_missing,3,38,0.04096,0.0048
131072,dense_missing,3,39,0.03584,0.0049
131072,dense_missing,3,40,0.036864,0.0048
131072,dense_missing,3,41,0.036864,0.0046
131072,dense_missing,3,42,0.04096,0.0047
131072,dense_missing,3,43,0.037888,0.0055
131072,dense_missing,3,44,0.036864,0.0048
131072,dense_missing,3,45,0.037888,0.0046
131072,dense_missing,3,46,0.036864,0.0047
131072,dense_missing,3,47,0.036864,0.0049
131072,dense_missing,3,48,0.036864,0.0049
131072,dense_missing,3,49,0.036864,0.0045
131072,dense_missing,3,50,0.038912,0.0047
131072,dense_missing,3,51,0.036864,0.0054
131072,dense_missing,3,52,0.03584,0.0048
131072,dense_missing,3,53,0.036864,0.0046
131072,dense_missing,3,54,0.036864,0.0047
131072,dense_missing,3,55,0.03584,0.0049
131072,dense_missing,3,56,0.036864,0.0048
131072,dense_missing,3,57,0.036864,0.0046
131072,dense_missing,3,58,0.04096,0.0048
131072,dense_missing,3,59,0.036864,0.0048
131072,dense_missing,3,60,0.036864,0.0052
131072,dense_missing,3,61,0.037888,0.0045
131072,dense_missing,3,62,0.04096,0.0047
131072,dense_missing,3,63,0.036864,0.0047
131072,dense_missing,3,64,0.036864,0.0047
131072,dense_missing,3,65,0.036864,0.0045
131072,dense_missing,3,66,0.04096,0.0056
131072,dense_missing,3,67,0.036864,0.0048
131072,dense_missing,3,68,0.037888,0.0048
131072,dense_missing,3,69,0.036864,0.0053
131072,dense_missing,3,70,0.04096,0.0049
131072,dense_missing,3,71,0.036864,0.0047
131072,dense_missing,3,72,0.036864,0.0048
131072,dense_missing,3,73,0.036864,0.0048
131072,dense_missing,3,74,0.036864,0.0048
131072,dense_missing,3,75,0.037888,0.0045
131072,dense_missing,3,76,0.036864,0.0053
131072,dense_missing,3,77,0.036864,0.0046
131072,dense_missing,3,78,0.04096,0.0048
131072,dense_missing,3,79,0.036864,0.0047
131072,dense_missing,3,80,0.036864,0.0049
131072,dense_missing,3,81,0.037888,0.0046
131072,dense_missing,3,82,0.04096,0.0047
131072,dense_missing,3,83,0.037888,0.0048
131072,dense_missing,3,84,0.036864,0.0049
131072,dense_missing,3,85,0.037888,0.0046
131072,dense_missing,3,86,0.036864,0.0048
131072,dense_missing,3,87,0.037888,0.0048
131072,dense_missing,3,88,0.036864,0.0048
131072,dense_missing,3,89,0.036864,0.0045
131072,dense_missing,3,90,0.036864,0.0048
131072,dense_missing,3,91,0.037888,0.0049
131072,dense_missing,3,92,0.036864,0.0048
131072,dense_missing,3,93,0.036864,0.0045
131072,dense_missing,3,94,0.036864,0.0047
131072,dense_missing,3,95,0.036864,0.0046
131072,dense_missing,3,96,0.036864,0.0047
131072,dense_missing,3,97,0.036864,0.0048
131072,dense_missing,3,98,0.036864,0.0047
131072,dense_missing,3,99,0.036864,0.0046
131072,dense_missing,3,100,0.037888,0.0048
131072,dense_missing,3,101,0.036864,0.0046
131072,dense_missing,3,102,0.036864,0.0047
131072,dense_missing,3,103,0.036864,0.0048
131072,dense_missing,3,104,0.036864,0.005
131072,dense_missing,3,105,0.036864,0.0046
131072,dense_missing,3,106,0.036864,0.0051
131072,dense_missing,3,107,0.036864,0.0045
131072,dense_missing,3,108,0.036864,0.0047
131072,dense_missing,3,109,0.036864,0.0045
131072,dense_missing,3,110,0.036864,0.0047
131072,dense_missing,3,111,0.036864,0.0054
131072,dense_missing,3,112,0.036864,0.0049
131072,dense_missing,3,113,0.036864,0.0046
131072,dense_missing,3,114,0.036864,0.0047
131072,dense_missing,3,115,0.036864,0.0048
131072,dense_missing,3,116,0.036864,0.0052
131072,dense_missing,3,117,0.036864,0.0045
131072,dense_missing,3,118,0.041984,0.0048
131072,dense_missing,3,119,0.036864,0.0045
131072,distributed_missing,1,0,0.038912,0.0041
131072,distributed_missing,1,1,0.037888,0.0057
131072,distributed_missing,1,2,0.043008,0.0048
131072,distributed_missing,1,3,0.038912,0.0047
131072,distributed_missing,1,4,0.039936,0.0046
131072,distributed_missing,1,5,0.038912,0.0051
131072,distributed_missing,1,6,0.043008,0.005
131072,distributed_missing,1,7,0.038912,0.0046
131072,distributed_missing,1,8,0.044032,0.0046
131072,distributed_missing,1,9,0.037888,0.005
131072,distributed_missing,1,10,0.043008,0.0045
131072,distributed_missing,1,11,0.037888,0.0047
131072,distributed_missing,1,12,0.044032,0.0045
131072,distributed_missing,1,13,0.037888,0.0056
131072,distributed_missing,1,14,0.043008,0.0048
131072,distributed_missing,1,15,0.037888,0.0046
131072,distributed_missing,1,16,0.043008,0.0046
131072,distributed_missing,1,17,0.037888,0.0049
131072,distributed_missing,1,18,0.038912,0.0047
131072,distributed_missing,1,19,0.037888,0.0046
131072,distributed_missing,1,20,0.043008,0.0047
131072,distributed_missing,1,21,0.038912,0.0049
131072,distributed_missing,1,22,0.043008,0.0048
131072,distributed_missing,1,23,0.037888,0.0046
131072,distributed_missing,1,24,0.038912,0.0046
131072,distributed_missing,1,25,0.038912,0.0046
131072,distributed_missing,1,26,0.043008,0.0048
131072,distributed_missing,1,27,0.038912,0.0049
131072,distributed_missing,1,28,0.043008,0.0047
131072,distributed_missing,1,29,0.038912,0.0046
131072,distributed_missing,1,30,0.043008,0.0046
131072,distributed_missing,1,31,0.038912,0.0048
131072,distributed_missing,1,32,0.037888,0.0047
131072,distributed_missing,1,33,0.037888,0.0047
131072,distributed_missing,1,34,0.043008,0.0046
131072,distributed_missing,1,35,0.038912,0.0046
131072,distributed_missing,1,36,0.043008,0.0047
131072,distributed_missing,1,37,0.037888,0.0048
131072,distributed_missing,1,38,0.043008,0.0047
131072,distributed_missing,1,39,0.037888,0.0049
131072,distributed_missing,1,40,0.043008,0.0046
131072,distributed_missing,1,41,0.037888,0.0054
131072,distributed_missing,1,42,0.038912,0.0047
131072,distributed_missing,1,43,0.037888,0.0046
131072,distributed_missing,1,44,0.038912,0.0046
131072,distributed_missing,1,45,0.038912,0.0047
131072,distributed_missing,1,46,0.039936,0.0045
131072,distributed_missing,1,47,0.037888,0.0046
131072,distributed_missing,1,48,0.038912,0.0046
131072,distributed_missing,1,49,0.037888,0.0049
131072,distributed_missing,1,50,0.043008,0.0046
131072,distributed_missing,1,51,0.037888,0.0045
131072,distributed_missing,1,52,0.043008,0.0046
131072,distributed_missing,1,53,0.038912,0.0048
131072,distributed_missing,1,54,0.038912,0.0048
131072,distributed_missing,1,55,0.038912,0.0045
131072,distributed_missing,1,56,0.044032,0.0048
131072,distributed_missing,1,57,0.037888,0.0049
131072,distributed_missing,1,58,0.043008,0.0046
131072,distributed_missing,1,59,0.037888,0.0047
131072,distributed_missing,1,60,0.043008,0.0048
131072,distributed_missing,1,61,0.037888,0.0055
131072,distributed_missing,1,62,0.043008,0.0047
131072,distributed_missing,1,63,0.038912,0.0048
131072,distributed_missing,1,64,0.043008,0.0048
131072,distributed_missing,1,65,0.038912,0.0047
131072,distributed_missing,1,66,0.043008,0.0046
131072,distributed_missing,1,67,0.037888,0.0047
131072,distributed_missing,1,68,0.043008,0.0046
131072,distributed_missing,1,69,0.037888,0.0048
131072,distributed_missing,1,70,0.043008,0.0046
131072,distributed_missing,1,71,0.038912,0.0046
131072,distributed_missing,1,72,0.043008,0.0046
131072,distributed_missing,1,73,0.037888,0.0048
131072,distributed_missing,1,74,0.038912,0.0046
131072,distributed_missing,1,75,0.037888,0.0047
131072,distributed_missing,1,76,0.038912,0.0046
131072,distributed_missing,1,77,0.037888,0.0046
131072,distributed_missing,1,78,0.038912,0.0046
131072,distributed_missing,1,79,0.038912,0.0046
131072,distributed_missing,1,80,0.043008,0.0046
131072,distributed_missing,1,81,0.038912,0.0048
131072,distributed_missing,1,82,0.043008,0.0048
131072,distributed_missing,1,83,0.037888,0.0054
131072,distributed_missing,1,84,0.043008,0.0046
131072,distributed_missing,1,85,0.038912,0.0046
131072,distributed_missing,1,86,0.043008,0.0045
131072,distributed_missing,1,87,0.038912,0.0049
131072,distributed_missing,1,88,0.038912,0.0046
131072,distributed_missing,1,89,0.037888,0.0046
131072,distributed_missing,1,90,0.043008,0.0047
131072,distributed_missing,1,91,0.037888,0.0045
131072,distributed_missing,1,92,0.043008,0.0046
131072,distributed_missing,1,93,0.037888,0.0048
131072,distributed_missing,1,94,0.038912,0.0047
131072,distributed_missing,1,95,0.038912,0.0046
131072,distributed_missing,1,96,0.044032,0.0046
131072,distributed_missing,1,97,0.038912,0.0047
131072,distributed_missing,1,98,0.044032,0.0047
131072,distributed_missing,1,99,0.038912,0.0046
131072,distributed_missing,1,100,0.043008,0.0046
131072,distributed_missing,1,101,0.038912,0.0047
131072,distributed_missing,1,102,0.039936,0.0046
131072,distributed_missing,1,103,0.037888,0.0048
131072,distributed_missing,1,104,0.038912,0.0047
131072,distributed_missing,1,105,0.038912,0.0047
131072,distributed_missing,1,106,0.038912,0.0045
131072,distributed_missing,1,107,0.038912,0.0045
131072,distributed_missing,1,108,0.038912,0.0046
131072,distributed_missing,1,109,0.038912,0.0051
131072,distributed_missing,1,110,0.037888,0.0046
131072,distributed_missing,1,111,0.038912,0.0047
131072,distributed_missing,1,112,0.043008,0.0047
131072,distributed_missing,1,113,0.038912,0.0046
131072,distributed_missing,1,114,0.043008,0.0106
131072,distributed_missing,1,115,0.038912,0.0065
131072,distributed_missing,1,116,0.043008,0.0066
131072,distributed_missing,1,117,0.038912,0.0065
131072,distributed_missing,1,118,0.041984,0.0065
131072,distributed_missing,1,119,0.037888,0.0072
131072,distributed_missing,2,0,0.038912,0.0045
131072,distributed_missing,2,1,0.037888,0.0049
131072,distributed_missing,2,2,0.044032,0.0048
131072,distributed_missing,2,3,0.038912,0.0055
131072,distributed_missing,2,4,0.043008,0.0047
131072,distributed_missing,2,5,0.038912,0.0049
131072,distributed_missing,2,6,0.043008,0.0047
131072,distributed_missing,2,7,0.037888,0.0047
131072,distributed_missing,2,8,0.043008,0.0046
131072,distributed_missing,2,9,0.038912,0.0054
131072,distributed_missing,2,10,0.041984,0.0047
131072,distributed_missing,2,11,0.037888,0.0046
131072,distributed_missing,2,12,0.038912,0.0046
131072,distributed_missing,2,13,0.037888,0.0045
131072,distributed_missing,2,14,0.043008,0.0045
131072,distributed_missing,2,15,0.037888,0.0049
131072,distributed_missing,2,16,0.043008,0.0046
131072,distributed_missing,2,17,0.038912,0.0047
131072,distributed_missing,2,18,0.043008,0.0046
131072,distributed_missing,2,19,0.037888,0.0045
131072,distributed_missing,2,20,0.043008,0.0046
131072,distributed_missing,2,21,0.037888,0.0048
131072,distributed_missing,2,22,0.038912,0.0046
131072,distributed_missing,2,23,0.038912,0.0046
131072,distributed_missing,2,24,0.043008,0.0045
131072,distributed_missing,2,25,0.038912,0.0047
131072,distributed_missing,2,26,0.039936,0.0046
131072,distributed_missing,2,27,0.037888,0.0045
131072,distributed_missing,2,28,0.043008,0.0045
131072,distributed_missing,2,29,0.037888,0.0046
131072,distributed_missing,2,30,0.043008,0.0045
131072,distributed_missing,2,31,0.037888,0.005
131072,distributed_missing,2,32,0.044032,0.0046
131072,distributed_missing,2,33,0.038912,0.0047
131072,distributed_missing,2,34,0.041984,0.0046
131072,distributed_missing,2,35,0.037888,0.0046
131072,distributed_missing,2,36,0.043008,0.0046
131072,distributed_missing,2,37,0.038912,0.0045
131072,distributed_missing,2,38,0.043008,0.0048
131072,distributed_missing,2,39,0.037888,0.0046
131072,distributed_missing,2,40,0.038912,0.0046
131072,distributed_missing,2,41,0.038912,0.0048
131072,distributed_missing,2,42,0.043008,0.0046
131072,distributed_missing,2,43,0.037888,0.0046
131072,distributed_missing,2,44,0.038912,0.0046
131072,distributed_missing,2,45,0.037888,0.0046
131072,distributed_missing,2,46,0.044032,0.0045
131072,distributed_missing,2,47,0.037888,0.0048
131072,distributed_missing,2,48,0.038912,0.0046
131072,distributed_missing,2,49,0.037888,0.0045
131072,distributed_missing,2,50,0.039936,0.0046
131072,distributed_missing,2,51,0.037888,0.0046
131072,distributed_missing,2,52,0.037888,0.0046
131072,distributed_missing,2,53,0.037888,0.0045
131072,distributed_missing,2,54,0.038912,0.0045
131072,distributed_missing,2,55,0.038912,0.0045
131072,distributed_missing,2,56,0.038912,0.0044
131072,distributed_missing,2,57,0.037888,0.0045
131072,distributed_missing,2,58,0.044032,0.0057
131072,distributed_missing,2,59,0.038912,0.0052
131072,distributed_missing,2,60,0.043008,0.0051
131072,distributed_missing,2,61,0.037888,0.0046
131072,distributed_missing,2,62,0.043008,0.0045
131072,distributed_missing,2,63,0.038912,0.0047
131072,distributed_missing,2,64,0.043008,0.0045
131072,distributed_missing,2,65,0.037888,0.0054
131072,distributed_missing,2,66,0.044032,0.0046
131072,distributed_missing,2,67,0.038912,0.0044
131072,distributed_missing,2,68,0.043008,0.0049
131072,distributed_missing,2,69,0.037888,0.0046
131072,distributed_missing,2,70,0.043008,0.0045
131072,distributed_missing,2,71,0.038912,0.0047
131072,distributed_missing,2,72,0.043008,0.0046
131072,distributed_missing,2,73,0.037888,0.0046
131072,distributed_missing,2,74,0.043008,0.0047
131072,distributed_missing,2,75,0.038912,0.0048
131072,distributed_missing,2,76,0.043008,0.0046
131072,distributed_missing,2,77,0.04096,0.0066
131072,distributed_missing,2,78,0.043008,0.0063
131072,distributed_missing,2,79,0.037888,0.0047
131072,distributed_missing,2,80,0.038912,0.0046
131072,distributed_missing,2,81,0.038912,0.0047
131072,distributed_missing,2,82,0.043008,0.0049
131072,distributed_missing,2,83,0.037888,0.0053
131072,distributed_missing,2,84,0.038912,0.0047
131072,distributed_missing,2,85,0.038912,0.0056
131072,distributed_missing,2,86,0.041984,0.0046
131072,distributed_missing,2,87,0.037888,0.0053
131072,distributed_missing,2,88,0.043008,0.0047
131072,distributed_missing,2,89,0.039936,0.0046
131072,distributed_missing,2,90,0.043008,0.0049
131072,distributed_missing,2,91,0.037888,0.0056
131072,distributed_missing,2,92,0.044032,0.0111
131072,distributed_missing,2,93,0.038912,0.0105
131072,distributed_missing,2,94,0.044032,0.007
131072,distributed_missing,2,95,0.038912,0.0078
131072,distributed_missing,2,96,0.044032,0.0057
131072,distributed_missing,2,97,0.037888,0.0052
131072,distributed_missing,2,98,0.043008,0.0046
131072,distributed_missing,2,99,0.037888,0.0048
131072,distributed_missing,2,100,0.043008,0.0046
131072,distributed_missing,2,101,0.038912,0.0054
131072,distributed_missing,2,102,0.043008,0.0046
131072,distributed_missing,2,103,0.038912,0.0045
131072,distributed_missing,2,104,0.043008,0.0046
131072,distributed_missing,2,105,0.038912,0.0046
131072,distributed_missing,2,106,0.043008,0.0046
131072,distributed_missing,2,107,0.037888,0.0044
131072,distributed_missing,2,108,0.043008,0.0046
131072,distributed_missing,2,109,0.037888,0.0048
131072,distributed_missing,2,110,0.041984,0.0047
131072,distributed_missing,2,111,0.037888,0.0046
131072,distributed_missing,2,112,0.043008,0.0045
131072,distributed_missing,2,113,0.037888,0.0049
131072,distributed_missing,2,114,0.038912,0.0047
131072,distributed_missing,2,115,0.038912,0.0047
131072,distributed_missing,2,116,0.044032,0.0046
131072,distributed_missing,2,117,0.037888,0.0046
131072,distributed_missing,2,118,0.044032,0.0048
131072,distributed_missing,2,119,0.037888,0.0046
131072,distributed_missing,3,0,0.043008,0.0045
131072,distributed_missing,3,1,0.038912,0.0056
131072,distributed_missing,3,2,0.043008,0.0054
131072,distributed_missing,3,3,0.038912,0.0054
131072,distributed_missing,3,4,0.043008,0.0047
131072,distributed_missing,3,5,0.037888,0.0047
131072,distributed_missing,3,6,0.041984,0.0045
131072,distributed_missing,3,7,0.037888,0.0049
131072,distributed_missing,3,8,0.037888,0.0047
131072,distributed_missing,3,9,0.037888,0.0048
131072,distributed_missing,3,10,0.044032,0.0048
131072,distributed_missing,3,11,0.037888,0.0047
131072,distributed_missing,3,12,0.044032,0.0047
131072,distributed_missing,3,13,0.038912,0.0053
131072,distributed_missing,3,14,0.043008,0.0045
131072,distributed_missing,3,15,0.037888,0.0045
131072,distributed_missing,3,16,0.043008,0.0045
131072,distributed_missing,3,17,0.037888,0.0045
131072,distributed_missing,3,18,0.044032,0.0046
131072,distributed_missing,3,19,0.038912,0.0053
131072,distributed_missing,3,20,0.041984,0.0046
131072,distributed_missing,3,21,0.038912,0.0045
131072,distributed_missing,3,22,0.043008,0.0046
131072,distributed_missing,3,23,0.038912,0.0047
131072,distributed_missing,3,24,0.044032,0.0047
131072,distributed_missing,3,25,0.037888,0.0048
131072,distributed_missing,3,26,0.043008,0.0046
131072,distributed_missing,3,27,0.037888,0.0046
131072,distributed_missing,3,28,0.043008,0.0047
131072,distributed_missing,3,29,0.038912,0.0056
131072,distributed_missing,3,30,0.043008,0.0054
131072,distributed_missing,3,31,0.038912,0.0047
131072,distributed_missing,3,32,0.043008,0.0047
131072,distributed_missing,3,33,0.038912,0.0056
131072,distributed_missing,3,34,0.043008,0.0057
131072,distributed_missing,3,35,0.037888,0.0047
131072,distributed_missing,3,36,0.043008,0.0048
131072,distributed_missing,3,37,0.037888,0.0262
131072,distributed_missing,3,38,0.038912,0.005
131072,distributed_missing,3,39,0.038912,0.0054
131072,distributed_missing,3,40,0.043008,0.0053
131072,distributed_missing,3,41,0.037888,0.0056
131072,distributed_missing,3,42,0.041984,0.0054
131072,distributed_missing,3,43,0.039936,0.0063
131072,distributed_missing,3,44,0.044032,0.0059
131072,distributed_missing,3,45,0.037888,0.0048
131072,distributed_missing,3,46,0.041984,0.0048
131072,distributed_missing,3,47,0.037888,0.0047
131072,distributed_missing,3,48,0.043008,0.0047
131072,distributed_missing,3,49,0.037888,0.0047
131072,distributed_missing,3,50,0.038912,0.0047
131072,distributed_missing,3,51,0.038912,0.0056
131072,distributed_missing,3,52,0.043008,0.0054
131072,distributed_missing,3,53,0.038912,0.0057
131072,distributed_missing,3,54,0.043008,0.0053
131072,distributed_missing,3,55,0.037888,0.0049
131072,distributed_missing,3,56,0.044032,0.0048
131072,distributed_missing,3,57,0.037888,0.0052
131072,distributed_missing,3,58,0.038912,0.0047
131072,distributed_missing,3,59,0.037888,0.0054
131072,distributed_missing,3,60,0.043008,0.0054
131072,distributed_missing,3,61,0.047104,0.0058
131072,distributed_missing,3,62,0.043008,0.0048
131072,distributed_missing,3,63,0.038912,0.0049
131072,distributed_missing,3,64,0.043008,0.0056
131072,distributed_missing,3,65,0.038912,0.0047
131072,distributed_missing,3,66,0.043008,0.0047
131072,distributed_missing,3,67,0.038912,0.0056
131072,distributed_missing,3,68,0.043008,0.0053
131072,distributed_missing,3,69,0.037888,0.0053
131072,distributed_missing,3,70,0.043008,0.0047
131072,distributed_missing,3,71,0.038912,0.0048
131072,distributed_missing,3,72,0.044032,0.0055
131072,distributed_missing,3,73,0.037888,0.0049
131072,distributed_missing,3,74,0.041984,0.0051
131072,distributed_missing,3,75,0.038912,0.0055
131072,distributed_missing,3,76,0.044032,0.0054
131072,distributed_missing,3,77,0.037888,0.0047
131072,distributed_missing,3,78,0.043008,0.0049
131072,distributed_missing,3,79,0.037888,0.0048
131072,distributed_missing,3,80,0.038912,0.0048
131072,distributed_missing,3,81,0.038912,0.0054
131072,distributed_missing,3,82,0.044032,0.0055
131072,distributed_missing,3,83,0.037888,0.0057
131072,distributed_missing,3,84,0.043008,0.0046
131072,distributed_missing,3,85,0.038912,0.005
131072,distributed_missing,3,86,0.038912,0.0047
131072,distributed_missing,3,87,0.037888,0.0046
131072,distributed_missing,3,88,0.041984,0.0072
131072,distributed_missing,3,89,0.038912,0.0084
131072,distributed_missing,3,90,0.041984,0.0071
131072,distributed_missing,3,91,0.037888,0.0075
131072,distributed_missing,3,92,0.043008,0.0058
131072,distributed_missing,3,93,0.037888,0.0049
131072,distributed_missing,3,94,0.044032,0.0048
131072,distributed_missing,3,95,0.038912,0.0047
131072,distributed_missing,3,96,0.043008,0.0048
131072,distributed_missing,3,97,0.037888,0.0046
131072,distributed_missing,3,98,0.043008,0.0047
131072,distributed_missing,3,99,0.037888,0.0047
131072,distributed_missing,3,100,0.043008,0.0059
131072,distributed_missing,3,101,0.037888,0.0047
131072,distributed_missing,3,102,0.043008,0.0049
131072,distributed_missing,3,103,0.037888,0.0048
131072,distributed_missing,3,104,0.044032,0.0046
131072,distributed_missing,3,105,0.038912,0.0054
131072,distributed_missing,3,106,0.044032,0.0047
131072,distributed_missing,3,107,0.037888,0.0048
131072,distributed_missing,3,108,0.043008,0.0046
131072,distributed_missing,3,109,0.037888,0.0054
131072,distributed_missing,3,110,0.038912,0.0046
131072,distributed_missing,3,111,0.038912,0.0046
131072,distributed_missing,3,112,0.038912,0.0045
131072,distributed_missing,3,113,0.038912,0.0049
131072,distributed_missing,3,114,0.043008,0.0046
131072,distributed_missing,3,115,0.037888,0.0049
131072,distributed_missing,3,116,0.043008,0.0047
131072,distributed_missing,3,117,0.037888,0.0046
131072,distributed_missing,3,118,0.041984,0.0046
131072,distributed_missing,3,119,0.038912,0.0048
