count,mode,repeat,sample,gpu_ms,cpu_submit_ms
10000,legacy_loop,1,0,0.011264,0.0013
10000,legacy_loop,1,1,0.011264,0.0015
10000,legacy_loop,1,2,0.011264,0.0011
10000,legacy_loop,1,3,0.011264,0.0011
10000,legacy_loop,1,4,0.011264,0.001
10000,legacy_loop,1,5,0.011264,0.0011
10000,legacy_loop,1,6,0.011264,0.002
10000,legacy_loop,1,7,0.011264,0.0014
10000,legacy_loop,1,8,0.011264,0.0011
10000,legacy_loop,1,9,0.011264,0.001
10000,legacy_loop,1,10,0.011264,0.0012
10000,legacy_loop,1,11,0.012288,0.0013
10000,legacy_loop,1,12,0.012288,0.0014
10000,legacy_loop,1,13,0.011264,0.001
10000,legacy_loop,1,14,0.012288,0.002
10000,legacy_loop,1,15,0.011264,0.0014
10000,legacy_loop,1,16,0.011264,0.0011
10000,legacy_loop,1,17,0.012288,0.0011
10000,legacy_loop,1,18,0.011264,0.0012
10000,legacy_loop,1,19,0.012288,0.0013
10000,legacy_loop,1,20,0.011264,0.0011
10000,legacy_loop,1,21,0.011264,0.001
10000,legacy_loop,1,22,0.011264,0.0011
10000,legacy_loop,1,23,0.012288,0.0013
10000,legacy_loop,1,24,0.011264,0.0014
10000,legacy_loop,1,25,0.011264,0.001
10000,legacy_loop,1,26,0.011264,0.001
10000,legacy_loop,1,27,0.011264,0.001
10000,legacy_loop,1,28,0.011264,0.0014
10000,legacy_loop,1,29,0.011264,0.0011
10000,legacy_loop,1,30,0.011264,0.0013
10000,legacy_loop,1,31,0.011264,0.0011
10000,legacy_loop,1,32,0.011264,0.0013
10000,legacy_loop,1,33,0.011264,0.0011
10000,legacy_loop,1,34,0.01024,0.0013
10000,legacy_loop,1,35,0.011264,0.001
10000,legacy_loop,1,36,0.012288,0.001
10000,legacy_loop,1,37,0.012288,0.001
10000,legacy_loop,1,38,0.011264,0.001
10000,legacy_loop,1,39,0.011264,0.001
10000,legacy_loop,1,40,0.011264,0.001
10000,legacy_loop,1,41,0.011264,0.001
10000,legacy_loop,1,42,0.011264,0.0011
10000,legacy_loop,1,43,0.012288,0.0014
10000,legacy_loop,1,44,0.011264,0.0019
10000,legacy_loop,1,45,0.011264,0.0014
10000,legacy_loop,1,46,0.011264,0.0011
10000,legacy_loop,1,47,0.011264,0.0011
10000,legacy_loop,1,48,0.011264,0.0013
10000,legacy_loop,1,49,0.011264,0.001
10000,legacy_loop,1,50,0.011264,0.001
10000,legacy_loop,1,51,0.012288,0.0011
10000,legacy_loop,1,52,0.011264,0.0014
10000,legacy_loop,1,53,0.011264,0.0012
10000,legacy_loop,1,54,0.011264,0.0011
10000,legacy_loop,1,55,0.011264,0.001
10000,legacy_loop,1,56,0.011264,0.001
10000,legacy_loop,1,57,0.011264,0.0011
10000,legacy_loop,1,58,0.011264,0.001
10000,legacy_loop,1,59,0.011264,0.0011
10000,legacy_loop,1,60,0.011264,0.0011
10000,legacy_loop,1,61,0.012288,0.0011
10000,legacy_loop,1,62,0.011264,0.0014
10000,legacy_loop,1,63,0.012288,0.0011
10000,legacy_loop,1,64,0.011264,0.0011
10000,legacy_loop,1,65,0.011264,0.0013
10000,legacy_loop,1,66,0.011264,0.0014
10000,legacy_loop,1,67,0.011264,0.0011
10000,legacy_loop,1,68,0.011264,0.0013
10000,legacy_loop,1,69,0.011264,0.001
10000,legacy_loop,1,70,0.011264,0.001
10000,legacy_loop,1,71,0.012288,0.001
10000,legacy_loop,1,72,0.011264,0.001
10000,legacy_loop,1,73,0.011264,0.0014
10000,legacy_loop,1,74,0.011264,0.0014
10000,legacy_loop,1,75,0.012288,0.0013
10000,legacy_loop,1,76,0.011264,0.001
10000,legacy_loop,1,77,0.011264,0.001
10000,legacy_loop,1,78,0.011264,0.0011
10000,legacy_loop,1,79,0.011264,0.001
10000,legacy_loop,1,80,0.011264,0.001
10000,legacy_loop,1,81,0.012288,0.0011
10000,legacy_loop,1,82,0.011264,0.001
10000,legacy_loop,1,83,0.011264,0.001
10000,legacy_loop,1,84,0.011264,0.001
10000,legacy_loop,1,85,0.011264,0.0011
10000,legacy_loop,1,86,0.011264,0.002
10000,legacy_loop,1,87,0.012288,0.001
10000,legacy_loop,1,88,0.011264,0.001
10000,legacy_loop,1,89,0.011264,0.0011
10000,legacy_loop,1,90,0.011264,0.0011
10000,legacy_loop,1,91,0.011264,0.001
10000,legacy_loop,1,92,0.011264,0.0011
10000,legacy_loop,1,93,0.011264,0.0011
10000,legacy_loop,1,94,0.011264,0.0011
10000,legacy_loop,1,95,0.011264,0.001
10000,legacy_loop,1,96,0.011264,0.001
10000,legacy_loop,1,97,0.012288,0.002
10000,legacy_loop,1,98,0.011264,0.0012
10000,legacy_loop,1,99,0.011264,0.001
10000,legacy_loop,1,100,0.011264,0.002
10000,legacy_loop,1,101,0.012288,0.001
10000,legacy_loop,1,102,0.011264,0.001
10000,legacy_loop,1,103,0.012288,0.001
10000,legacy_loop,1,104,0.011264,0.001
10000,legacy_loop,1,105,0.011264,0.0011
10000,legacy_loop,1,106,0.011264,0.0011
10000,legacy_loop,1,107,0.011264,0.0011
10000,legacy_loop,1,108,0.011264,0.001
10000,legacy_loop,1,109,0.011264,0.0011
10000,legacy_loop,1,110,0.011264,0.001
10000,legacy_loop,1,111,0.012288,0.001
10000,legacy_loop,1,112,0.011264,0.0013
10000,legacy_loop,1,113,0.011264,0.0011
10000,legacy_loop,1,114,0.011264,0.001
10000,legacy_loop,1,115,0.011264,0.0011
10000,legacy_loop,1,116,0.011264,0.0013
10000,legacy_loop,1,117,0.011264,0.0011
10000,legacy_loop,1,118,0.011264,0.0011
10000,legacy_loop,1,119,0.011264,0.001
10000,legacy_loop,2,0,0.011264,0.0015
10000,legacy_loop,2,1,0.011264,0.001
10000,legacy_loop,2,2,0.011264,9.0E-4
10000,legacy_loop,2,3,0.011264,0.001
10000,legacy_loop,2,4,0.012288,0.001
10000,legacy_loop,2,5,0.011264,0.001
10000,legacy_loop,2,6,0.011264,0.001
10000,legacy_loop,2,7,0.011264,0.0011
10000,legacy_loop,2,8,0.012288,0.0011
10000,legacy_loop,2,9,0.011264,0.0011
10000,legacy_loop,2,10,0.012288,0.001
10000,legacy_loop,2,11,0.011264,9.0E-4
10000,legacy_loop,2,12,0.012288,0.0011
10000,legacy_loop,2,13,0.012288,0.001
10000,legacy_loop,2,14,0.012288,0.001
10000,legacy_loop,2,15,0.011264,0.001
10000,legacy_loop,2,16,0.011264,0.0013
10000,legacy_loop,2,17,0.011264,0.0012
10000,legacy_loop,2,18,0.012288,0.001
10000,legacy_loop,2,19,0.011264,0.001
10000,legacy_loop,2,20,0.011264,0.001
10000,legacy_loop,2,21,0.011264,0.001
10000,legacy_loop,2,22,0.011264,0.001
10000,legacy_loop,2,23,0.012288,0.001
10000,legacy_loop,2,24,0.011264,0.001
10000,legacy_loop,2,25,0.011264,0.0014
10000,legacy_loop,2,26,0.012288,0.001
10000,legacy_loop,2,27,0.011264,0.001
10000,legacy_loop,2,28,0.012288,0.0012
10000,legacy_loop,2,29,0.011264,0.001
10000,legacy_loop,2,30,0.011264,0.001
10000,legacy_loop,2,31,0.011264,0.001
10000,legacy_loop,2,32,0.011264,0.001
10000,legacy_loop,2,33,0.011264,0.001
10000,legacy_loop,2,34,0.012288,0.001
10000,legacy_loop,2,35,0.011264,0.001
10000,legacy_loop,2,36,0.011264,9.0E-4
10000,legacy_loop,2,37,0.011264,0.0013
10000,legacy_loop,2,38,0.011264,0.001
10000,legacy_loop,2,39,0.011264,0.001
10000,legacy_loop,2,40,0.011264,0.0013
10000,legacy_loop,2,41,0.011264,0.001
10000,legacy_loop,2,42,0.011264,0.001
10000,legacy_loop,2,43,0.011264,0.001
10000,legacy_loop,2,44,0.012288,0.001
10000,legacy_loop,2,45,0.011264,0.001
10000,legacy_loop,2,46,0.011264,0.0011
10000,legacy_loop,2,47,0.011264,0.001
10000,legacy_loop,2,48,0.012288,9.0E-4
10000,legacy_loop,2,49,0.011264,0.001
10000,legacy_loop,2,50,0.012288,0.001
10000,legacy_loop,2,51,0.011264,0.001
10000,legacy_loop,2,52,0.011264,0.001
10000,legacy_loop,2,53,0.012288,0.001
10000,legacy_loop,2,54,0.012288,0.001
10000,legacy_loop,2,55,0.011264,0.001
10000,legacy_loop,2,56,0.012288,0.001
10000,legacy_loop,2,57,0.011264,0.0013
10000,legacy_loop,2,58,0.011264,0.001
10000,legacy_loop,2,59,0.011264,0.001
10000,legacy_loop,2,60,0.011264,0.0012
10000,legacy_loop,2,61,0.011264,0.001
10000,legacy_loop,2,62,0.011264,0.0011
10000,legacy_loop,2,63,0.011264,0.001
10000,legacy_loop,2,64,0.012288,0.0013
10000,legacy_loop,2,65,0.011264,0.0012
10000,legacy_loop,2,66,0.012288,0.0012
10000,legacy_loop,2,67,0.011264,0.001
10000,legacy_loop,2,68,0.011264,0.0013
10000,legacy_loop,2,69,0.011264,0.0011
10000,legacy_loop,2,70,0.012288,0.001
10000,legacy_loop,2,71,0.012288,0.001
10000,legacy_loop,2,72,0.012288,0.001
10000,legacy_loop,2,73,0.012288,0.001
10000,legacy_loop,2,74,0.012288,0.001
10000,legacy_loop,2,75,0.011264,0.001
10000,legacy_loop,2,76,0.012288,0.001
10000,legacy_loop,2,77,0.011264,0.0013
10000,legacy_loop,2,78,0.012288,0.001
10000,legacy_loop,2,79,0.011264,0.001
10000,legacy_loop,2,80,0.011264,0.0013
10000,legacy_loop,2,81,0.011264,0.001
10000,legacy_loop,2,82,0.011264,0.001
10000,legacy_loop,2,83,0.011264,0.001
10000,legacy_loop,2,84,0.011264,0.001
10000,legacy_loop,2,85,0.011264,0.0011
10000,legacy_loop,2,86,0.012288,0.001
10000,legacy_loop,2,87,0.011264,0.001
10000,legacy_loop,2,88,0.011264,0.001
10000,legacy_loop,2,89,0.011264,0.001
10000,legacy_loop,2,90,0.012288,0.001
10000,legacy_loop,2,91,0.011264,0.0011
10000,legacy_loop,2,92,0.012288,0.001
10000,legacy_loop,2,93,0.011264,0.0013
10000,legacy_loop,2,94,0.012288,0.001
10000,legacy_loop,2,95,0.011264,0.001
10000,legacy_loop,2,96,0.012288,0.001
10000,legacy_loop,2,97,0.011264,0.001
10000,legacy_loop,2,98,0.012288,0.001
10000,legacy_loop,2,99,0.011264,9.0E-4
10000,legacy_loop,2,100,0.011264,0.0013
10000,legacy_loop,2,101,0.011264,0.001
10000,legacy_loop,2,102,0.011264,0.001
10000,legacy_loop,2,103,0.011264,0.001
10000,legacy_loop,2,104,0.012288,0.001
10000,legacy_loop,2,105,0.011264,0.0013
10000,legacy_loop,2,106,0.011264,0.001
10000,legacy_loop,2,107,0.011264,0.0011
10000,legacy_loop,2,108,0.011264,0.0013
10000,legacy_loop,2,109,0.011264,0.001
10000,legacy_loop,2,110,0.012288,0.001
10000,legacy_loop,2,111,0.012288,0.0015
10000,legacy_loop,2,112,0.012288,0.0014
10000,legacy_loop,2,113,0.011264,0.001
10000,legacy_loop,2,114,0.011264,0.0011
10000,legacy_loop,2,115,0.011264,0.0013
10000,legacy_loop,2,116,0.012288,0.001
10000,legacy_loop,2,117,0.011264,0.001
10000,legacy_loop,2,118,0.012288,0.001
10000,legacy_loop,2,119,0.011264,0.001
10000,legacy_loop,3,0,0.012288,0.0058
10000,legacy_loop,3,1,0.012288,9.0E-4
10000,legacy_loop,3,2,0.011264,8.0E-4
10000,legacy_loop,3,3,0.012288,8.0E-4
10000,legacy_loop,3,4,0.011264,8.0E-4
10000,legacy_loop,3,5,0.011264,8.0E-4
10000,legacy_loop,3,6,0.011264,7.0E-4
10000,legacy_loop,3,7,0.012288,8.0E-4
10000,legacy_loop,3,8,0.011264,8.0E-4
10000,legacy_loop,3,9,0.012288,8.0E-4
10000,legacy_loop,3,10,0.012288,8.0E-4
10000,legacy_loop,3,11,0.012288,8.0E-4
10000,legacy_loop,3,12,0.011264,0.0012
10000,legacy_loop,3,13,0.012288,8.0E-4
10000,legacy_loop,3,14,0.011264,8.0E-4
10000,legacy_loop,3,15,0.012288,8.0E-4
10000,legacy_loop,3,16,0.011264,8.0E-4
10000,legacy_loop,3,17,0.011264,9.0E-4
10000,legacy_loop,3,18,0.011264,0.0012
10000,legacy_loop,3,19,0.012288,8.0E-4
10000,legacy_loop,3,20,0.012288,9.0E-4
10000,legacy_loop,3,21,0.011264,8.0E-4
10000,legacy_loop,3,22,0.011264,8.0E-4
10000,legacy_loop,3,23,0.012288,8.0E-4
10000,legacy_loop,3,24,0.011264,8.0E-4
10000,legacy_loop,3,25,0.012288,7.0E-4
10000,legacy_loop,3,26,0.012288,8.0E-4
10000,legacy_loop,3,27,0.012288,8.0E-4
10000,legacy_loop,3,28,0.011264,8.0E-4
10000,legacy_loop,3,29,0.012288,8.0E-4
10000,legacy_loop,3,30,0.011264,7.0E-4
10000,legacy_loop,3,31,0.012288,8.0E-4
10000,legacy_loop,3,32,0.011264,8.0E-4
10000,legacy_loop,3,33,0.011264,8.0E-4
10000,legacy_loop,3,34,0.011264,8.0E-4
10000,legacy_loop,3,35,0.012288,8.0E-4
10000,legacy_loop,3,36,0.011264,8.0E-4
10000,legacy_loop,3,37,0.011264,8.0E-4
10000,legacy_loop,3,38,0.011264,8.0E-4
10000,legacy_loop,3,39,0.012288,8.0E-4
10000,legacy_loop,3,40,0.011264,8.0E-4
10000,legacy_loop,3,41,0.012288,8.0E-4
10000,legacy_loop,3,42,0.011264,8.0E-4
10000,legacy_loop,3,43,0.011264,8.0E-4
10000,legacy_loop,3,44,0.011264,0.0017
10000,legacy_loop,3,45,0.011264,8.0E-4
10000,legacy_loop,3,46,0.011264,8.0E-4
10000,legacy_loop,3,47,0.011264,8.0E-4
10000,legacy_loop,3,48,0.011264,7.0E-4
10000,legacy_loop,3,49,0.012288,8.0E-4
10000,legacy_loop,3,50,0.011264,8.0E-4
10000,legacy_loop,3,51,0.011264,8.0E-4
10000,legacy_loop,3,52,0.011264,8.0E-4
10000,legacy_loop,3,53,0.011264,8.0E-4
10000,legacy_loop,3,54,0.011264,8.0E-4
10000,legacy_loop,3,55,0.012288,8.0E-4
10000,legacy_loop,3,56,0.011264,8.0E-4
10000,legacy_loop,3,57,0.012288,8.0E-4
10000,legacy_loop,3,58,0.011264,8.0E-4
10000,legacy_loop,3,59,0.012288,8.0E-4
10000,legacy_loop,3,60,0.011264,8.0E-4
10000,legacy_loop,3,61,0.012288,8.0E-4
10000,legacy_loop,3,62,0.011264,8.0E-4
10000,legacy_loop,3,63,0.011264,8.0E-4
10000,legacy_loop,3,64,0.011264,8.0E-4
10000,legacy_loop,3,65,0.012288,0.0021
10000,legacy_loop,3,66,0.011264,0.0011
10000,legacy_loop,3,67,0.012288,9.0E-4
10000,legacy_loop,3,68,0.011264,8.0E-4
10000,legacy_loop,3,69,0.011264,8.0E-4
10000,legacy_loop,3,70,0.011264,8.0E-4
10000,legacy_loop,3,71,0.012288,9.0E-4
10000,legacy_loop,3,72,0.011264,8.0E-4
10000,legacy_loop,3,73,0.012288,8.0E-4
10000,legacy_loop,3,74,0.011264,8.0E-4
10000,legacy_loop,3,75,0.012288,8.0E-4
10000,legacy_loop,3,76,0.012288,8.0E-4
10000,legacy_loop,3,77,0.011264,8.0E-4
10000,legacy_loop,3,78,0.011264,8.0E-4
10000,legacy_loop,3,79,0.011264,8.0E-4
10000,legacy_loop,3,80,0.011264,7.0E-4
10000,legacy_loop,3,81,0.012288,8.0E-4
10000,legacy_loop,3,82,0.011264,8.0E-4
10000,legacy_loop,3,83,0.012288,8.0E-4
10000,legacy_loop,3,84,0.011264,9.0E-4
10000,legacy_loop,3,85,0.012288,8.0E-4
10000,legacy_loop,3,86,0.012288,8.0E-4
10000,legacy_loop,3,87,0.012288,8.0E-4
10000,legacy_loop,3,88,0.011264,8.0E-4
10000,legacy_loop,3,89,0.012288,8.0E-4
10000,legacy_loop,3,90,0.011264,8.0E-4
10000,legacy_loop,3,91,0.012288,8.0E-4
10000,legacy_loop,3,92,0.011264,8.0E-4
10000,legacy_loop,3,93,0.011264,8.0E-4
10000,legacy_loop,3,94,0.011264,8.0E-4
10000,legacy_loop,3,95,0.012288,8.0E-4
10000,legacy_loop,3,96,0.011264,8.0E-4
10000,legacy_loop,3,97,0.012288,8.0E-4
10000,legacy_loop,3,98,0.011264,8.0E-4
10000,legacy_loop,3,99,0.012288,8.0E-4
10000,legacy_loop,3,100,0.011264,8.0E-4
10000,legacy_loop,3,101,0.012288,8.0E-4
10000,legacy_loop,3,102,0.011264,8.0E-4
10000,legacy_loop,3,103,0.012288,8.0E-4
10000,legacy_loop,3,104,0.011264,8.0E-4
10000,legacy_loop,3,105,0.011264,8.0E-4
10000,legacy_loop,3,106,0.011264,8.0E-4
10000,legacy_loop,3,107,0.012288,8.0E-4
10000,legacy_loop,3,108,0.011264,8.0E-4
10000,legacy_loop,3,109,0.012288,8.0E-4
10000,legacy_loop,3,110,0.011264,8.0E-4
10000,legacy_loop,3,111,0.012288,8.0E-4
10000,legacy_loop,3,112,0.011264,8.0E-4
10000,legacy_loop,3,113,0.012288,8.0E-4
10000,legacy_loop,3,114,0.011264,8.0E-4
10000,legacy_loop,3,115,0.012288,8.0E-4
10000,legacy_loop,3,116,0.011264,8.0E-4
10000,legacy_loop,3,117,0.012288,8.0E-4
10000,legacy_loop,3,118,0.011264,8.0E-4
10000,legacy_loop,3,119,0.011264,8.0E-4
10000,shared_loop,1,0,0.023552,0.0289
10000,shared_loop,1,1,0.022528,0.0019
10000,shared_loop,1,2,0.0256,0.0017
10000,shared_loop,1,3,0.03072,0.0018
10000,shared_loop,1,4,0.031744,0.0017
10000,shared_loop,1,5,0.0256,0.0017
10000,shared_loop,1,6,0.031744,0.0018
10000,shared_loop,1,7,0.03072,0.0018
10000,shared_loop,1,8,0.031744,0.0017
10000,shared_loop,1,9,0.0256,0.0017
10000,shared_loop,1,10,0.03072,0.0017
10000,shared_loop,1,11,0.026624,0.0017
10000,shared_loop,1,12,0.03072,0.0017
10000,shared_loop,1,13,0.03072,0.0018
10000,shared_loop,1,14,0.0256,0.0017
10000,shared_loop,1,15,0.0256,0.0017
10000,shared_loop,1,16,0.026624,0.0017
10000,shared_loop,1,17,0.03072,0.0017
10000,shared_loop,1,18,0.03072,0.0017
10000,shared_loop,1,19,0.026624,0.0017
10000,shared_loop,1,20,0.031744,0.0017
10000,shared_loop,1,21,0.0256,0.0017
10000,shared_loop,1,22,0.0256,0.0017
10000,shared_loop,1,23,0.0256,0.0017
10000,shared_loop,1,24,0.031744,0.0032
10000,shared_loop,1,25,0.0256,0.0017
10000,shared_loop,1,26,0.031744,0.0017
10000,shared_loop,1,27,0.03072,0.0017
10000,shared_loop,1,28,0.03072,0.0016
10000,shared_loop,1,29,0.0256,0.0017
10000,shared_loop,1,30,0.031744,0.0017
10000,shared_loop,1,31,0.0256,0.0018
10000,shared_loop,1,32,0.03072,0.0017
10000,shared_loop,1,33,0.031744,0.0017
10000,shared_loop,1,34,0.03072,0.0017
10000,shared_loop,1,35,0.0256,0.0017
10000,shared_loop,1,36,0.03072,0.0017
10000,shared_loop,1,37,0.03072,0.0017
10000,shared_loop,1,38,0.03072,0.0017
10000,shared_loop,1,39,0.0256,0.0017
10000,shared_loop,1,40,0.03072,0.0018
10000,shared_loop,1,41,0.03072,0.0017
10000,shared_loop,1,42,0.031744,0.0023
10000,shared_loop,1,43,0.0256,0.0019
10000,shared_loop,1,44,0.031744,0.0016
10000,shared_loop,1,45,0.03072,0.0017
10000,shared_loop,1,46,0.03072,0.0017
10000,shared_loop,1,47,0.03072,0.0017
10000,shared_loop,1,48,0.03072,0.0017
10000,shared_loop,1,49,0.0256,0.0017
10000,shared_loop,1,50,0.03072,0.0034
10000,shared_loop,1,51,0.0256,0.0018
10000,shared_loop,1,52,0.03072,0.0017
10000,shared_loop,1,53,0.03072,0.0017
10000,shared_loop,1,54,0.03072,0.0017
10000,shared_loop,1,55,0.0256,0.0017
10000,shared_loop,1,56,0.03072,0.0018
10000,shared_loop,1,57,0.0256,0.0017
10000,shared_loop,1,58,0.031744,0.0017
10000,shared_loop,1,59,0.0256,0.0017
10000,shared_loop,1,60,0.031744,0.0017
10000,shared_loop,1,61,0.0256,0.0017
10000,shared_loop,1,62,0.03072,0.0018
10000,shared_loop,1,63,0.0256,0.0017
10000,shared_loop,1,64,0.03072,0.0017
10000,shared_loop,1,65,0.0256,0.0017
10000,shared_loop,1,66,0.031744,0.0017
10000,shared_loop,1,67,0.0256,0.0017
10000,shared_loop,1,68,0.03072,0.0017
10000,shared_loop,1,69,0.0256,0.0017
10000,shared_loop,1,70,0.03072,0.0017
10000,shared_loop,1,71,0.03072,0.0017
10000,shared_loop,1,72,0.031744,0.0017
10000,shared_loop,1,73,0.0256,0.0017
10000,shared_loop,1,74,0.026624,0.0018
10000,shared_loop,1,75,0.0256,0.0017
10000,shared_loop,1,76,0.0256,0.0017
10000,shared_loop,1,77,0.03072,0.0017
10000,shared_loop,1,78,0.031744,0.0017
10000,shared_loop,1,79,0.029696,0.0017
10000,shared_loop,1,80,0.0256,0.0017
10000,shared_loop,1,81,0.03072,0.0017
10000,shared_loop,1,82,0.031744,0.0018
10000,shared_loop,1,83,0.0256,0.0018
10000,shared_loop,1,84,0.026624,0.0017
10000,shared_loop,1,85,0.0256,0.0017
10000,shared_loop,1,86,0.03072,0.0018
10000,shared_loop,1,87,0.03072,0.0018
10000,shared_loop,1,88,0.031744,0.0017
10000,shared_loop,1,89,0.0256,0.0017
10000,shared_loop,1,90,0.03072,0.0018
10000,shared_loop,1,91,0.03072,0.0017
10000,shared_loop,1,92,0.03072,0.0017
10000,shared_loop,1,93,0.03072,0.0017
10000,shared_loop,1,94,0.03072,0.0017
10000,shared_loop,1,95,0.0256,0.0017
10000,shared_loop,1,96,0.031744,0.0017
10000,shared_loop,1,97,0.0256,0.0018
10000,shared_loop,1,98,0.031744,0.0017
10000,shared_loop,1,99,0.026624,0.0017
10000,shared_loop,1,100,0.03072,0.0017
10000,shared_loop,1,101,0.0256,0.0017
10000,shared_loop,1,102,0.03072,0.0018
10000,shared_loop,1,103,0.0256,0.0017
10000,shared_loop,1,104,0.03072,0.0017
10000,shared_loop,1,105,0.0256,0.0017
10000,shared_loop,1,106,0.026624,0.0018
10000,shared_loop,1,107,0.03072,0.0017
10000,shared_loop,1,108,0.03072,0.0017
10000,shared_loop,1,109,0.03072,0.0017
10000,shared_loop,1,110,0.026624,0.0017
10000,shared_loop,1,111,0.023552,0.0017
10000,shared_loop,1,112,0.03072,0.0018
10000,shared_loop,1,113,0.03072,0.0019
10000,shared_loop,1,114,0.031744,0.0017
10000,shared_loop,1,115,0.03072,0.0017
10000,shared_loop,1,116,0.03072,0.0017
10000,shared_loop,1,117,0.0256,0.0017
10000,shared_loop,1,118,0.03072,0.0019
10000,shared_loop,1,119,0.0256,0.0017
10000,shared_loop,2,0,0.026624,0.0022
10000,shared_loop,2,1,0.026624,0.0017
10000,shared_loop,2,2,0.0256,0.0017
10000,shared_loop,2,3,0.0256,0.0017
10000,shared_loop,2,4,0.0256,0.0018
10000,shared_loop,2,5,0.03072,0.0017
10000,shared_loop,2,6,0.0256,0.0017
10000,shared_loop,2,7,0.031744,0.0018
10000,shared_loop,2,8,0.031744,0.0018
10000,shared_loop,2,9,0.03072,0.0017
10000,shared_loop,2,10,0.0256,0.0017
10000,shared_loop,2,11,0.026624,0.0017
10000,shared_loop,2,12,0.031744,0.0017
10000,shared_loop,2,13,0.03072,0.0017
10000,shared_loop,2,14,0.026624,0.0017
10000,shared_loop,2,15,0.026624,0.0017
10000,shared_loop,2,16,0.03072,0.0019
10000,shared_loop,2,17,0.026624,0.0018
10000,shared_loop,2,18,0.0256,0.0017
10000,shared_loop,2,19,0.0256,0.0018
10000,shared_loop,2,20,0.0256,0.0017
10000,shared_loop,2,21,0.03072,0.0017
10000,shared_loop,2,22,0.03072,0.0017
10000,shared_loop,2,23,0.0256,0.0018
10000,shared_loop,2,24,0.0256,0.0017
10000,shared_loop,2,25,0.03072,0.0017
10000,shared_loop,2,26,0.03072,0.0017
10000,shared_loop,2,27,0.0256,0.0017
10000,shared_loop,2,28,0.03072,0.0017
10000,shared_loop,2,29,0.0256,0.0017
10000,shared_loop,2,30,0.0256,0.0018
10000,shared_loop,2,31,0.03072,0.0017
10000,shared_loop,2,32,0.026624,0.0017
10000,shared_loop,2,33,0.0256,0.0017
10000,shared_loop,2,34,0.0256,0.0017
10000,shared_loop,2,35,0.03072,0.0017
10000,shared_loop,2,36,0.0256,0.0017
10000,shared_loop,2,37,0.03072,0.0018
10000,shared_loop,2,38,0.03072,0.0018
10000,shared_loop,2,39,0.026624,0.0018
10000,shared_loop,2,40,0.0256,0.0018
10000,shared_loop,2,41,0.0256,0.0017
10000,shared_loop,2,42,0.0256,0.0018
10000,shared_loop,2,43,0.026624,0.0017
10000,shared_loop,2,44,0.03072,0.0018
10000,shared_loop,2,45,0.0256,0.0017
10000,shared_loop,2,46,0.024576,0.0017
10000,shared_loop,2,47,0.03072,0.0017
10000,shared_loop,2,48,0.0256,0.0017
10000,shared_loop,2,49,0.026624,0.0017
10000,shared_loop,2,50,0.0256,0.0017
10000,shared_loop,2,51,0.03072,0.0017
10000,shared_loop,2,52,0.0256,0.0018
10000,shared_loop,2,53,0.031744,0.0017
10000,shared_loop,2,54,0.026624,0.0017
10000,shared_loop,2,55,0.026624,0.0017
10000,shared_loop,2,56,0.03072,0.0017
10000,shared_loop,2,57,0.031744,0.0017
10000,shared_loop,2,58,0.0256,0.0017
10000,shared_loop,2,59,0.026624,0.0017
10000,shared_loop,2,60,0.0256,0.0017
10000,shared_loop,2,61,0.0256,0.0017
10000,shared_loop,2,62,0.03072,0.0032
10000,shared_loop,2,63,0.026624,0.0019
10000,shared_loop,2,64,0.03072,0.0017
10000,shared_loop,2,65,0.03072,0.0018
10000,shared_loop,2,66,0.03072,0.0017
10000,shared_loop,2,67,0.0256,0.0017
10000,shared_loop,2,68,0.0256,0.0017
10000,shared_loop,2,69,0.026624,0.0017
10000,shared_loop,2,70,0.03072,0.0017
10000,shared_loop,2,71,0.026624,0.0017
10000,shared_loop,2,72,0.0256,0.0017
10000,shared_loop,2,73,0.0256,0.0017
10000,shared_loop,2,74,0.03072,0.0019
10000,shared_loop,2,75,0.03072,0.0017
10000,shared_loop,2,76,0.0256,0.0017
10000,shared_loop,2,77,0.0256,0.0018
10000,shared_loop,2,78,0.0256,0.0017
10000,shared_loop,2,79,0.0256,0.0017
10000,shared_loop,2,80,0.0256,0.0017
10000,shared_loop,2,81,0.03072,0.0032
10000,shared_loop,2,82,0.0256,0.0017
10000,shared_loop,2,83,0.03072,0.0017
10000,shared_loop,2,84,0.0256,0.0017
10000,shared_loop,2,85,0.03072,0.0017
10000,shared_loop,2,86,0.03072,0.0017
10000,shared_loop,2,87,0.0256,0.0017
10000,shared_loop,2,88,0.03072,0.0017
10000,shared_loop,2,89,0.0256,0.0017
10000,shared_loop,2,90,0.0256,0.0018
10000,shared_loop,2,91,0.026624,0.0017
10000,shared_loop,2,92,0.03072,0.0017
10000,shared_loop,2,93,0.03072,0.0017
10000,shared_loop,2,94,0.0256,0.0019
10000,shared_loop,2,95,0.0256,0.0017
10000,shared_loop,2,96,0.03072,0.0018
10000,shared_loop,2,97,0.0256,0.0017
10000,shared_loop,2,98,0.03072,0.0018
10000,shared_loop,2,99,0.031744,0.0017
10000,shared_loop,2,100,0.0256,0.0017
10000,shared_loop,2,101,0.0256,0.0017
10000,shared_loop,2,102,0.03072,0.0017
10000,shared_loop,2,103,0.0256,0.0017
10000,shared_loop,2,104,0.0256,0.0018
10000,shared_loop,2,105,0.026624,0.0017
10000,shared_loop,2,106,0.03072,0.0017
10000,shared_loop,2,107,0.026624,0.0033
10000,shared_loop,2,108,0.03072,0.0023
10000,shared_loop,2,109,0.026624,0.0017
10000,shared_loop,2,110,0.0256,0.0017
10000,shared_loop,2,111,0.026624,0.0017
10000,shared_loop,2,112,0.0256,0.0017
10000,shared_loop,2,113,0.031744,0.0017
10000,shared_loop,2,114,0.03072,0.0017
10000,shared_loop,2,115,0.023552,0.0017
10000,shared_loop,2,116,0.03072,0.0018
10000,shared_loop,2,117,0.026624,0.0022
10000,shared_loop,2,118,0.0256,0.0018
10000,shared_loop,2,119,0.0256,0.0017
10000,shared_loop,3,0,0.0256,0.0287
10000,shared_loop,3,1,0.03072,0.0017
10000,shared_loop,3,2,0.0256,0.0017
10000,shared_loop,3,3,0.031744,0.0017
10000,shared_loop,3,4,0.0256,0.0018
10000,shared_loop,3,5,0.026624,0.0017
10000,shared_loop,3,6,0.0256,0.0017
10000,shared_loop,3,7,0.03072,0.0016
10000,shared_loop,3,8,0.0256,0.0017
10000,shared_loop,3,9,0.026624,0.0016
10000,shared_loop,3,10,0.03072,0.0017
10000,shared_loop,3,11,0.03072,0.0017
10000,shared_loop,3,12,0.0256,0.0017
10000,shared_loop,3,13,0.026624,0.0016
10000,shared_loop,3,14,0.03072,0.0017
10000,shared_loop,3,15,0.0256,0.0016
10000,shared_loop,3,16,0.0256,0.0016
10000,shared_loop,3,17,0.026624,0.0017
10000,shared_loop,3,18,0.0256,0.0016
10000,shared_loop,3,19,0.03072,0.0017
10000,shared_loop,3,20,0.03072,0.0017
10000,shared_loop,3,21,0.03072,0.0017
10000,shared_loop,3,22,0.03072,0.0017
10000,shared_loop,3,23,0.0256,0.0031
10000,shared_loop,3,24,0.026624,0.0017
10000,shared_loop,3,25,0.03072,0.0017
10000,shared_loop,3,26,0.0256,0.0017
10000,shared_loop,3,27,0.03072,0.0017
10000,shared_loop,3,28,0.0256,0.0017
10000,shared_loop,3,29,0.0256,0.0017
10000,shared_loop,3,30,0.026624,0.0017
10000,shared_loop,3,31,0.026624,0.0016
10000,shared_loop,3,32,0.0256,0.0016
10000,shared_loop,3,33,0.0256,0.0016
10000,shared_loop,3,34,0.0256,0.0016
10000,shared_loop,3,35,0.03072,0.0016
10000,shared_loop,3,36,0.0256,0.0016
10000,shared_loop,3,37,0.0256,0.0016
10000,shared_loop,3,38,0.029696,0.0017
10000,shared_loop,3,39,0.0256,0.0016
10000,shared_loop,3,40,0.03072,0.0017
10000,shared_loop,3,41,0.03072,0.0017
10000,shared_loop,3,42,0.03072,0.0016
10000,shared_loop,3,43,0.0256,0.0019
10000,shared_loop,3,44,0.0256,0.0023
10000,shared_loop,3,45,0.03072,0.0017
10000,shared_loop,3,46,0.03072,0.0016
10000,shared_loop,3,47,0.031744,0.0016
10000,shared_loop,3,48,0.0256,0.0016
10000,shared_loop,3,49,0.03072,0.0034
10000,shared_loop,3,50,0.0256,0.0017
10000,shared_loop,3,51,0.031744,0.0017
10000,shared_loop,3,52,0.03072,0.0017
10000,shared_loop,3,53,0.0256,0.0017
10000,shared_loop,3,54,0.03072,0.0017
10000,shared_loop,3,55,0.0256,0.0017
10000,shared_loop,3,56,0.03072,0.0017
10000,shared_loop,3,57,0.0256,0.0016
10000,shared_loop,3,58,0.026624,0.0017
10000,shared_loop,3,59,0.0256,0.0017
10000,shared_loop,3,60,0.03072,0.0016
10000,shared_loop,3,61,0.031744,0.0016
10000,shared_loop,3,62,0.0256,0.0016
10000,shared_loop,3,63,0.0256,0.0017
10000,shared_loop,3,64,0.0256,0.0017
10000,shared_loop,3,65,0.03072,0.0017
10000,shared_loop,3,66,0.03072,0.0017
10000,shared_loop,3,67,0.031744,0.0017
10000,shared_loop,3,68,0.0256,0.0016
10000,shared_loop,3,69,0.0256,0.0016
10000,shared_loop,3,70,0.0256,0.0017
10000,shared_loop,3,71,0.03072,0.0017
10000,shared_loop,3,72,0.03072,0.0016
10000,shared_loop,3,73,0.026624,0.0017
10000,shared_loop,3,74,0.0256,0.0017
10000,shared_loop,3,75,0.03072,0.0031
10000,shared_loop,3,76,0.029696,0.0016
10000,shared_loop,3,77,0.03072,0.0016
10000,shared_loop,3,78,0.0256,0.0016
10000,shared_loop,3,79,0.0256,0.0016
10000,shared_loop,3,80,0.026624,0.0017
10000,shared_loop,3,81,0.03072,0.0016
10000,shared_loop,3,82,0.0256,0.0017
10000,shared_loop,3,83,0.026624,0.0016
10000,shared_loop,3,84,0.03072,0.0016
10000,shared_loop,3,85,0.031744,0.0017
10000,shared_loop,3,86,0.0256,0.0016
10000,shared_loop,3,87,0.031744,0.0017
10000,shared_loop,3,88,0.0256,0.0016
10000,shared_loop,3,89,0.03072,0.0017
10000,shared_loop,3,90,0.0256,0.0016
10000,shared_loop,3,91,0.03072,0.0016
10000,shared_loop,3,92,0.026624,0.0016
10000,shared_loop,3,93,0.03072,0.0017
10000,shared_loop,3,94,0.0256,0.0017
10000,shared_loop,3,95,0.0256,0.0016
10000,shared_loop,3,96,0.0256,0.0017
10000,shared_loop,3,97,0.0256,0.0016
10000,shared_loop,3,98,0.03072,0.0017
10000,shared_loop,3,99,0.026624,0.0017
10000,shared_loop,3,100,0.03072,0.0017
10000,shared_loop,3,101,0.031744,0.0032
10000,shared_loop,3,102,0.0256,0.0017
10000,shared_loop,3,103,0.031744,0.0016
10000,shared_loop,3,104,0.03072,0.0017
10000,shared_loop,3,105,0.0256,0.0016
10000,shared_loop,3,106,0.03072,0.0016
10000,shared_loop,3,107,0.03072,0.0016
10000,shared_loop,3,108,0.0256,0.0016
10000,shared_loop,3,109,0.03072,0.0017
10000,shared_loop,3,110,0.028672,0.0016
10000,shared_loop,3,111,0.031744,0.0021
10000,shared_loop,3,112,0.0256,0.0017
10000,shared_loop,3,113,0.0256,0.0016
10000,shared_loop,3,114,0.0256,0.0017
10000,shared_loop,3,115,0.0256,0.0017
10000,shared_loop,3,116,0.0256,0.0017
10000,shared_loop,3,117,0.0256,0.0016
10000,shared_loop,3,118,0.0256,0.0016
10000,shared_loop,3,119,0.023552,0.0017
10000,shared_ports,1,0,0.0256,0.0183
10000,shared_ports,1,1,0.026624,0.0017
10000,shared_ports,1,2,0.031744,0.0016
10000,shared_ports,1,3,0.026624,0.0017
10000,shared_ports,1,4,0.031744,0.0017
10000,shared_ports,1,5,0.026624,0.0016
10000,shared_ports,1,6,0.03072,0.0016
10000,shared_ports,1,7,0.031744,0.0017
10000,shared_ports,1,8,0.031744,0.0017
10000,shared_ports,1,9,0.027648,0.0017
10000,shared_ports,1,10,0.031744,0.0017
10000,shared_ports,1,11,0.026624,0.0017
10000,shared_ports,1,12,0.026624,0.0017
10000,shared_ports,1,13,0.027648,0.0016
10000,shared_ports,1,14,0.031744,0.0016
10000,shared_ports,1,15,0.026624,0.0017
10000,shared_ports,1,16,0.026624,0.0016
10000,shared_ports,1,17,0.026624,0.0016
10000,shared_ports,1,18,0.031744,0.0017
10000,shared_ports,1,19,0.026624,0.0017
10000,shared_ports,1,20,0.031744,0.0017
10000,shared_ports,1,21,0.031744,0.0016
10000,shared_ports,1,22,0.031744,0.0016
10000,shared_ports,1,23,0.026624,0.0016
10000,shared_ports,1,24,0.031744,0.0016
10000,shared_ports,1,25,0.026624,0.0016
10000,shared_ports,1,26,0.03072,0.0016
10000,shared_ports,1,27,0.026624,0.0016
10000,shared_ports,1,28,0.031744,0.0017
10000,shared_ports,1,29,0.026624,0.0016
10000,shared_ports,1,30,0.026624,0.0016
10000,shared_ports,1,31,0.026624,0.0017
10000,shared_ports,1,32,0.031744,0.0016
10000,shared_ports,1,33,0.026624,0.0017
10000,shared_ports,1,34,0.031744,0.0017
10000,shared_ports,1,35,0.031744,0.0017
10000,shared_ports,1,36,0.03072,0.0016
10000,shared_ports,1,37,0.026624,0.0016
10000,shared_ports,1,38,0.026624,0.0016
10000,shared_ports,1,39,0.027648,0.0017
10000,shared_ports,1,40,0.031744,0.0017
10000,shared_ports,1,41,0.027648,0.0016
10000,shared_ports,1,42,0.031744,0.0017
10000,shared_ports,1,43,0.03072,0.0016
10000,shared_ports,1,44,0.026624,0.003
10000,shared_ports,1,45,0.031744,0.0017
10000,shared_ports,1,46,0.03072,0.0016
10000,shared_ports,1,47,0.026624,0.0017
10000,shared_ports,1,48,0.03072,0.0017
10000,shared_ports,1,49,0.031744,0.0017
10000,shared_ports,1,50,0.03072,0.0016
10000,shared_ports,1,51,0.026624,0.0016
10000,shared_ports,1,52,0.031744,0.0017
10000,shared_ports,1,53,0.026624,0.0016
10000,shared_ports,1,54,0.03072,0.0017
10000,shared_ports,1,55,0.026624,0.0017
10000,shared_ports,1,56,0.031744,0.0016
10000,shared_ports,1,57,0.026624,0.0016
10000,shared_ports,1,58,0.031744,0.0016
10000,shared_ports,1,59,0.031744,0.0017
10000,shared_ports,1,60,0.026624,0.0016
10000,shared_ports,1,61,0.027648,0.0016
10000,shared_ports,1,62,0.026624,0.0017
10000,shared_ports,1,63,0.031744,0.0017
10000,shared_ports,1,64,0.031744,0.0016
10000,shared_ports,1,65,0.026624,0.0016
10000,shared_ports,1,66,0.031744,0.0016
10000,shared_ports,1,67,0.026624,0.0016
10000,shared_ports,1,68,0.03072,0.0016
10000,shared_ports,1,69,0.027648,0.0017
10000,shared_ports,1,70,0.031744,0.0031
10000,shared_ports,1,71,0.031744,0.0017
10000,shared_ports,1,72,0.03072,0.0016
10000,shared_ports,1,73,0.026624,0.0017
10000,shared_ports,1,74,0.031744,0.0017
10000,shared_ports,1,75,0.026624,0.0017
10000,shared_ports,1,76,0.03072,0.0017
10000,shared_ports,1,77,0.031744,0.0017
10000,shared_ports,1,78,0.026624,0.0016
10000,shared_ports,1,79,0.03072,0.0017
10000,shared_ports,1,80,0.031744,0.0016
10000,shared_ports,1,81,0.031744,0.0017
10000,shared_ports,1,82,0.031744,0.0017
10000,shared_ports,1,83,0.031744,0.0017
10000,shared_ports,1,84,0.031744,0.0016
10000,shared_ports,1,85,0.026624,0.0016
10000,shared_ports,1,86,0.031744,0.0016
10000,shared_ports,1,87,0.026624,0.0017
10000,shared_ports,1,88,0.031744,0.0017
10000,shared_ports,1,89,0.031744,0.0016
10000,shared_ports,1,90,0.03072,0.0016
10000,shared_ports,1,91,0.026624,0.0017
10000,shared_ports,1,92,0.031744,0.0017
10000,shared_ports,1,93,0.028672,0.0016
10000,shared_ports,1,94,0.027648,0.0027
10000,shared_ports,1,95,0.024576,0.0019
10000,shared_ports,1,96,0.0256,0.0047
10000,shared_ports,1,97,0.031744,0.0016
10000,shared_ports,1,98,0.031744,0.0019
10000,shared_ports,1,99,0.027648,0.0017
10000,shared_ports,1,100,0.031744,0.0017
10000,shared_ports,1,101,0.026624,0.0016
10000,shared_ports,1,102,0.026624,0.0017
10000,shared_ports,1,103,0.031744,0.0016
10000,shared_ports,1,104,0.03072,0.0017
10000,shared_ports,1,105,0.03072,0.0016
10000,shared_ports,1,106,0.03072,0.0017
10000,shared_ports,1,107,0.031744,0.0017
10000,shared_ports,1,108,0.03072,0.0016
10000,shared_ports,1,109,0.026624,0.0016
10000,shared_ports,1,110,0.03072,0.0016
10000,shared_ports,1,111,0.026624,0.0017
10000,shared_ports,1,112,0.026624,0.0016
10000,shared_ports,1,113,0.026624,0.0016
10000,shared_ports,1,114,0.03072,0.0016
10000,shared_ports,1,115,0.026624,0.0016
10000,shared_ports,1,116,0.027648,0.0016
10000,shared_ports,1,117,0.027648,0.0016
10000,shared_ports,1,118,0.031744,0.0016
10000,shared_ports,1,119,0.026624,0.0016
10000,shared_ports,2,0,0.026624,0.0283
10000,shared_ports,2,1,0.027648,0.0018
10000,shared_ports,2,2,0.031744,0.0018
10000,shared_ports,2,3,0.026624,0.0018
10000,shared_ports,2,4,0.026624,0.0017
10000,shared_ports,2,5,0.03072,0.0017
10000,shared_ports,2,6,0.027648,0.0017
10000,shared_ports,2,7,0.026624,0.0017
10000,shared_ports,2,8,0.031744,0.0017
10000,shared_ports,2,9,0.031744,0.0017
10000,shared_ports,2,10,0.027648,0.0017
10000,shared_ports,2,11,0.031744,0.0018
10000,shared_ports,2,12,0.026624,0.0017
10000,shared_ports,2,13,0.026624,0.0016
10000,shared_ports,2,14,0.027648,0.0017
10000,shared_ports,2,15,0.026624,0.0017
10000,shared_ports,2,16,0.026624,0.0017
10000,shared_ports,2,17,0.026624,0.0017
10000,shared_ports,2,18,0.026624,0.0018
10000,shared_ports,2,19,0.031744,0.0017
10000,shared_ports,2,20,0.026624,0.0017
10000,shared_ports,2,21,0.031744,0.0017
10000,shared_ports,2,22,0.026624,0.0017
10000,shared_ports,2,23,0.031744,0.0017
10000,shared_ports,2,24,0.027648,0.0017
10000,shared_ports,2,25,0.031744,0.0017
10000,shared_ports,2,26,0.026624,0.0017
10000,shared_ports,2,27,0.031744,0.0017
10000,shared_ports,2,28,0.027648,0.0017
10000,shared_ports,2,29,0.026624,0.0017
10000,shared_ports,2,30,0.031744,0.0017
10000,shared_ports,2,31,0.026624,0.0017
10000,shared_ports,2,32,0.027648,0.0017
10000,shared_ports,2,33,0.03072,0.0018
10000,shared_ports,2,34,0.027648,0.0017
10000,shared_ports,2,35,0.031744,0.0017
10000,shared_ports,2,36,0.031744,0.0017
10000,shared_ports,2,37,0.031744,0.0017
10000,shared_ports,2,38,0.031744,0.0017
10000,shared_ports,2,39,0.031744,0.0018
10000,shared_ports,2,40,0.026624,0.0017
10000,shared_ports,2,41,0.03072,0.0017
10000,shared_ports,2,42,0.031744,0.0017
10000,shared_ports,2,43,0.031744,0.0017
10000,shared_ports,2,44,0.027648,0.0019
10000,shared_ports,2,45,0.026624,0.0018
10000,shared_ports,2,46,0.031744,0.0017
10000,shared_ports,2,47,0.03072,0.0017
10000,shared_ports,2,48,0.031744,0.0017
10000,shared_ports,2,49,0.03072,0.0017
10000,shared_ports,2,50,0.027648,0.0017
10000,shared_ports,2,51,0.026624,0.0017
10000,shared_ports,2,52,0.032768,0.0017
10000,shared_ports,2,53,0.031744,0.0017
10000,shared_ports,2,54,0.027648,0.0017
10000,shared_ports,2,55,0.031744,0.0017
10000,shared_ports,2,56,0.026624,0.0017
10000,shared_ports,2,57,0.031744,0.0018
10000,shared_ports,2,58,0.027648,0.0017
10000,shared_ports,2,59,0.03072,0.0018
10000,shared_ports,2,60,0.026624,0.0019
10000,shared_ports,2,61,0.031744,0.0018
10000,shared_ports,2,62,0.026624,0.0017
10000,shared_ports,2,63,0.03072,0.0017
10000,shared_ports,2,64,0.027648,0.0018
10000,shared_ports,2,65,0.026624,0.0017
10000,shared_ports,2,66,0.032768,0.0017
10000,shared_ports,2,67,0.026624,0.0017
10000,shared_ports,2,68,0.027648,0.0017
10000,shared_ports,2,69,0.026624,0.0017
10000,shared_ports,2,70,0.026624,0.0017
10000,shared_ports,2,71,0.031744,0.0031
10000,shared_ports,2,72,0.027648,0.0017
10000,shared_ports,2,73,0.026624,0.0017
10000,shared_ports,2,74,0.026624,0.0017
10000,shared_ports,2,75,0.026624,0.0017
10000,shared_ports,2,76,0.026624,0.0018
10000,shared_ports,2,77,0.026624,0.0018
10000,shared_ports,2,78,0.026624,0.0018
10000,shared_ports,2,79,0.03072,0.0018
10000,shared_ports,2,80,0.027648,0.0018
10000,shared_ports,2,81,0.031744,0.0018
10000,shared_ports,2,82,0.026624,0.0017
10000,shared_ports,2,83,0.03072,0.0018
10000,shared_ports,2,84,0.027648,0.0017
10000,shared_ports,2,85,0.03072,0.0017
10000,shared_ports,2,86,0.026624,0.0017
10000,shared_ports,2,87,0.03072,0.0017
10000,shared_ports,2,88,0.027648,0.0018
10000,shared_ports,2,89,0.026624,0.0018
10000,shared_ports,2,90,0.026624,0.0017
10000,shared_ports,2,91,0.03072,0.0017
10000,shared_ports,2,92,0.027648,0.0017
10000,shared_ports,2,93,0.026624,0.0018
10000,shared_ports,2,94,0.026624,0.0017
10000,shared_ports,2,95,0.031744,0.0017
10000,shared_ports,2,96,0.027648,0.0017
10000,shared_ports,2,97,0.026624,0.0031
10000,shared_ports,2,98,0.027648,0.0017
10000,shared_ports,2,99,0.026624,0.0017
10000,shared_ports,2,100,0.026624,0.0017
10000,shared_ports,2,101,0.031744,0.0017
10000,shared_ports,2,102,0.032768,0.0017
10000,shared_ports,2,103,0.031744,0.0017
10000,shared_ports,2,104,0.026624,0.0017
10000,shared_ports,2,105,0.03072,0.0018
10000,shared_ports,2,106,0.031744,0.0019
10000,shared_ports,2,107,0.026624,0.0017
10000,shared_ports,2,108,0.026624,0.0028
10000,shared_ports,2,109,0.026624,0.0023
10000,shared_ports,2,110,0.027648,0.0018
10000,shared_ports,2,111,0.031744,0.0018
10000,shared_ports,2,112,0.026624,0.0017
10000,shared_ports,2,113,0.026624,0.0017
10000,shared_ports,2,114,0.027648,0.0018
10000,shared_ports,2,115,0.031744,0.0017
10000,shared_ports,2,116,0.026624,0.0017
10000,shared_ports,2,117,0.026624,0.0017
10000,shared_ports,2,118,0.026624,0.0017
10000,shared_ports,2,119,0.026624,0.0017
10000,shared_ports,3,0,0.027648,0.0022
10000,shared_ports,3,1,0.031744,0.0017
10000,shared_ports,3,2,0.026624,0.0017
10000,shared_ports,3,3,0.026624,0.0017
10000,shared_ports,3,4,0.031744,0.0018
10000,shared_ports,3,5,0.031744,0.0017
10000,shared_ports,3,6,0.031744,0.0017
10000,shared_ports,3,7,0.027648,0.0017
10000,shared_ports,3,8,0.03072,0.0016
10000,shared_ports,3,9,0.026624,0.0038
10000,shared_ports,3,10,0.03072,0.0025
10000,shared_ports,3,11,0.026624,0.0026
10000,shared_ports,3,12,0.031744,0.0025
10000,shared_ports,3,13,0.027648,0.0025
10000,shared_ports,3,14,0.031744,0.0026
10000,shared_ports,3,15,0.031744,0.0027
10000,shared_ports,3,16,0.031744,0.0026
10000,shared_ports,3,17,0.026624,0.0025
10000,shared_ports,3,18,0.031744,0.0025
10000,shared_ports,3,19,0.031744,0.0025
10000,shared_ports,3,20,0.031744,0.0026
10000,shared_ports,3,21,0.026624,0.0017
10000,shared_ports,3,22,0.031744,0.0018
10000,shared_ports,3,23,0.026624,0.0017
10000,shared_ports,3,24,0.026624,0.0017
10000,shared_ports,3,25,0.027648,0.0018
10000,shared_ports,3,26,0.026624,0.0017
10000,shared_ports,3,27,0.03072,0.0017
10000,shared_ports,3,28,0.0256,0.0017
10000,shared_ports,3,29,0.026624,0.0017
10000,shared_ports,3,30,0.026624,0.0017
10000,shared_ports,3,31,0.031744,0.0017
10000,shared_ports,3,32,0.031744,0.0017
10000,shared_ports,3,33,0.031744,0.0017
10000,shared_ports,3,34,0.031744,0.0017
10000,shared_ports,3,35,0.026624,0.0018
10000,shared_ports,3,36,0.026624,0.0017
10000,shared_ports,3,37,0.031744,0.0018
10000,shared_ports,3,38,0.026624,0.0017
10000,shared_ports,3,39,0.026624,0.0017
10000,shared_ports,3,40,0.026624,0.0018
10000,shared_ports,3,41,0.031744,0.0017
10000,shared_ports,3,42,0.031744,0.0017
10000,shared_ports,3,43,0.026624,0.0017
10000,shared_ports,3,44,0.03072,0.0018
10000,shared_ports,3,45,0.026624,0.0018
10000,shared_ports,3,46,0.026624,0.0018
10000,shared_ports,3,47,0.031744,0.0017
10000,shared_ports,3,48,0.031744,0.0017
10000,shared_ports,3,49,0.026624,0.0017
10000,shared_ports,3,50,0.031744,0.0017
10000,shared_ports,3,51,0.031744,0.0018
10000,shared_ports,3,52,0.026624,0.0017
10000,shared_ports,3,53,0.031744,0.0017
10000,shared_ports,3,54,0.03072,0.0017
10000,shared_ports,3,55,0.031744,0.0017
10000,shared_ports,3,56,0.031744,0.0017
10000,shared_ports,3,57,0.026624,0.0018
10000,shared_ports,3,58,0.026624,0.0017
10000,shared_ports,3,59,0.031744,0.0017
10000,shared_ports,3,60,0.03072,0.0017
10000,shared_ports,3,61,0.031744,0.0017
10000,shared_ports,3,62,0.031744,0.0017
10000,shared_ports,3,63,0.027648,0.0018
10000,shared_ports,3,64,0.031744,0.0017
10000,shared_ports,3,65,0.031744,0.0017
10000,shared_ports,3,66,0.03072,0.0018
10000,shared_ports,3,67,0.026624,0.0017
10000,shared_ports,3,68,0.0256,0.0017
10000,shared_ports,3,69,0.026624,0.0017
10000,shared_ports,3,70,0.031744,0.0017
10000,shared_ports,3,71,0.031744,0.0018
10000,shared_ports,3,72,0.031744,0.0018
10000,shared_ports,3,73,0.031744,0.0017
10000,shared_ports,3,74,0.031744,0.0017
10000,shared_ports,3,75,0.031744,0.0018
10000,shared_ports,3,76,0.031744,0.0017
10000,shared_ports,3,77,0.026624,0.0017
10000,shared_ports,3,78,0.03072,0.0017
10000,shared_ports,3,79,0.026624,0.0017
10000,shared_ports,3,80,0.031744,0.0017
10000,shared_ports,3,81,0.026624,0.0017
10000,shared_ports,3,82,0.031744,0.0017
10000,shared_ports,3,83,0.031744,0.0017
10000,shared_ports,3,84,0.031744,0.0018
10000,shared_ports,3,85,0.03072,0.0017
10000,shared_ports,3,86,0.031744,0.0017
10000,shared_ports,3,87,0.031744,0.0017
10000,shared_ports,3,88,0.026624,0.0019
10000,shared_ports,3,89,0.026624,0.0017
10000,shared_ports,3,90,0.03072,0.0018
10000,shared_ports,3,91,0.026624,0.0018
10000,shared_ports,3,92,0.031744,0.0017
10000,shared_ports,3,93,0.026624,0.0017
10000,shared_ports,3,94,0.031744,0.0017
10000,shared_ports,3,95,0.026624,0.0017
10000,shared_ports,3,96,0.027648,0.0017
10000,shared_ports,3,97,0.028672,0.0017
10000,shared_ports,3,98,0.03072,0.0017
10000,shared_ports,3,99,0.031744,0.0018
10000,shared_ports,3,100,0.03072,0.0017
10000,shared_ports,3,101,0.031744,0.0017
10000,shared_ports,3,102,0.031744,0.0018
10000,shared_ports,3,103,0.026624,0.0017
10000,shared_ports,3,104,0.03072,0.0017
10000,shared_ports,3,105,0.031744,0.0017
10000,shared_ports,3,106,0.03072,0.0017
10000,shared_ports,3,107,0.031744,0.0017
10000,shared_ports,3,108,0.031744,0.0017
10000,shared_ports,3,109,0.026624,0.0017
10000,shared_ports,3,110,0.026624,0.0017
10000,shared_ports,3,111,0.026624,0.0017
10000,shared_ports,3,112,0.026624,0.0018
10000,shared_ports,3,113,0.026624,0.0017
10000,shared_ports,3,114,0.031744,0.0017
10000,shared_ports,3,115,0.031744,0.0018
10000,shared_ports,3,116,0.031744,0.0017
10000,shared_ports,3,117,0.027648,0.0018
10000,shared_ports,3,118,0.03072,0.0017
10000,shared_ports,3,119,0.03072,0.0017
65536,legacy_loop,1,0,0.039936,0.0067
65536,legacy_loop,1,1,0.039936,8.0E-4
65536,legacy_loop,1,2,0.039936,8.0E-4
65536,legacy_loop,1,3,0.039936,8.0E-4
65536,legacy_loop,1,4,0.038912,9.0E-4
65536,legacy_loop,1,5,0.039936,8.0E-4
65536,legacy_loop,1,6,0.039936,8.0E-4
65536,legacy_loop,1,7,0.038912,8.0E-4
65536,legacy_loop,1,8,0.038912,8.0E-4
65536,legacy_loop,1,9,0.039936,9.0E-4
65536,legacy_loop,1,10,0.04096,8.0E-4
65536,legacy_loop,1,11,0.04096,8.0E-4
65536,legacy_loop,1,12,0.039936,8.0E-4
65536,legacy_loop,1,13,0.039936,8.0E-4
65536,legacy_loop,1,14,0.039936,8.0E-4
65536,legacy_loop,1,15,0.04096,9.0E-4
65536,legacy_loop,1,16,0.039936,8.0E-4
65536,legacy_loop,1,17,0.039936,8.0E-4
65536,legacy_loop,1,18,0.038912,8.0E-4
65536,legacy_loop,1,19,0.039936,8.0E-4
65536,legacy_loop,1,20,0.039936,9.0E-4
65536,legacy_loop,1,21,0.04096,9.0E-4
65536,legacy_loop,1,22,0.039936,9.0E-4
65536,legacy_loop,1,23,0.039936,8.0E-4
65536,legacy_loop,1,24,0.039936,9.0E-4
65536,legacy_loop,1,25,0.04096,8.0E-4
65536,legacy_loop,1,26,0.039936,8.0E-4
65536,legacy_loop,1,27,0.039936,9.0E-4
65536,legacy_loop,1,28,0.039936,8.0E-4
65536,legacy_loop,1,29,0.04096,8.0E-4
65536,legacy_loop,1,30,0.038912,0.0012
65536,legacy_loop,1,31,0.039936,9.0E-4
65536,legacy_loop,1,32,0.039936,8.0E-4
65536,legacy_loop,1,33,0.04096,9.0E-4
65536,legacy_loop,1,34,0.039936,8.0E-4
65536,legacy_loop,1,35,0.04096,8.0E-4
65536,legacy_loop,1,36,0.039936,0.001
65536,legacy_loop,1,37,0.04096,8.0E-4
65536,legacy_loop,1,38,0.039936,9.0E-4
65536,legacy_loop,1,39,0.039936,9.0E-4
65536,legacy_loop,1,40,0.039936,9.0E-4
65536,legacy_loop,1,41,0.039936,9.0E-4
65536,legacy_loop,1,42,0.038912,8.0E-4
65536,legacy_loop,1,43,0.039936,9.0E-4
65536,legacy_loop,1,44,0.039936,9.0E-4
65536,legacy_loop,1,45,0.039936,8.0E-4
65536,legacy_loop,1,46,0.039936,9.0E-4
65536,legacy_loop,1,47,0.038912,9.0E-4
65536,legacy_loop,1,48,0.038912,8.0E-4
65536,legacy_loop,1,49,0.039936,8.0E-4
65536,legacy_loop,1,50,0.038912,8.0E-4
65536,legacy_loop,1,51,0.039936,8.0E-4
65536,legacy_loop,1,52,0.039936,9.0E-4
65536,legacy_loop,1,53,0.039936,8.0E-4
65536,legacy_loop,1,54,0.039936,8.0E-4
65536,legacy_loop,1,55,0.039936,8.0E-4
65536,legacy_loop,1,56,0.039936,9.0E-4
65536,legacy_loop,1,57,0.039936,8.0E-4
65536,legacy_loop,1,58,0.038912,8.0E-4
65536,legacy_loop,1,59,0.039936,8.0E-4
65536,legacy_loop,1,60,0.039936,8.0E-4
65536,legacy_loop,1,61,0.039936,8.0E-4
65536,legacy_loop,1,62,0.039936,8.0E-4
65536,legacy_loop,1,63,0.04096,8.0E-4
65536,legacy_loop,1,64,0.039936,8.0E-4
65536,legacy_loop,1,65,0.039936,8.0E-4
65536,legacy_loop,1,66,0.038912,8.0E-4
65536,legacy_loop,1,67,0.039936,9.0E-4
65536,legacy_loop,1,68,0.039936,8.0E-4
65536,legacy_loop,1,69,0.039936,9.0E-4
65536,legacy_loop,1,70,0.039936,8.0E-4
65536,legacy_loop,1,71,0.04096,9.0E-4
65536,legacy_loop,1,72,0.038912,8.0E-4
65536,legacy_loop,1,73,0.038912,8.0E-4
65536,legacy_loop,1,74,0.039936,8.0E-4
65536,legacy_loop,1,75,0.039936,8.0E-4
65536,legacy_loop,1,76,0.04096,8.0E-4
65536,legacy_loop,1,77,0.039936,8.0E-4
65536,legacy_loop,1,78,0.038912,0.0011
65536,legacy_loop,1,79,0.04096,9.0E-4
65536,legacy_loop,1,80,0.038912,9.0E-4
65536,legacy_loop,1,81,0.039936,9.0E-4
65536,legacy_loop,1,82,0.039936,9.0E-4
65536,legacy_loop,1,83,0.039936,0.0012
65536,legacy_loop,1,84,0.039936,9.0E-4
65536,legacy_loop,1,85,0.039936,8.0E-4
65536,legacy_loop,1,86,0.039936,9.0E-4
65536,legacy_loop,1,87,0.039936,8.0E-4
65536,legacy_loop,1,88,0.039936,8.0E-4
65536,legacy_loop,1,89,0.039936,9.0E-4
65536,legacy_loop,1,90,0.039936,8.0E-4
65536,legacy_loop,1,91,0.039936,8.0E-4
65536,legacy_loop,1,92,0.039936,9.0E-4
65536,legacy_loop,1,93,0.039936,8.0E-4
65536,legacy_loop,1,94,0.039936,8.0E-4
65536,legacy_loop,1,95,0.041984,8.0E-4
65536,legacy_loop,1,96,0.039936,8.0E-4
65536,legacy_loop,1,97,0.039936,8.0E-4
65536,legacy_loop,1,98,0.038912,8.0E-4
65536,legacy_loop,1,99,0.039936,8.0E-4
65536,legacy_loop,1,100,0.039936,8.0E-4
65536,legacy_loop,1,101,0.039936,8.0E-4
65536,legacy_loop,1,102,0.039936,8.0E-4
65536,legacy_loop,1,103,0.039936,9.0E-4
65536,legacy_loop,1,104,0.039936,8.0E-4
65536,legacy_loop,1,105,0.04096,8.0E-4
65536,legacy_loop,1,106,0.039936,8.0E-4
65536,legacy_loop,1,107,0.038912,8.0E-4
65536,legacy_loop,1,108,0.04096,8.0E-4
65536,legacy_loop,1,109,0.039936,8.0E-4
65536,legacy_loop,1,110,0.039936,8.0E-4
65536,legacy_loop,1,111,0.039936,8.0E-4
65536,legacy_loop,1,112,0.038912,8.0E-4
65536,legacy_loop,1,113,0.039936,0.0012
65536,legacy_loop,1,114,0.039936,0.0012
65536,legacy_loop,1,115,0.039936,0.0012
65536,legacy_loop,1,116,0.039936,0.0012
65536,legacy_loop,1,117,0.041984,0.0012
65536,legacy_loop,1,118,0.038912,0.0012
65536,legacy_loop,1,119,0.039936,0.0012
65536,legacy_loop,2,0,0.039936,0.0011
65536,legacy_loop,2,1,0.039936,8.0E-4
65536,legacy_loop,2,2,0.038912,8.0E-4
65536,legacy_loop,2,3,0.039936,8.0E-4
65536,legacy_loop,2,4,0.039936,8.0E-4
65536,legacy_loop,2,5,0.039936,8.0E-4
65536,legacy_loop,2,6,0.039936,8.0E-4
65536,legacy_loop,2,7,0.039936,8.0E-4
65536,legacy_loop,2,8,0.039936,8.0E-4
65536,legacy_loop,2,9,0.039936,8.0E-4
65536,legacy_loop,2,10,0.038912,8.0E-4
65536,legacy_loop,2,11,0.039936,8.0E-4
65536,legacy_loop,2,12,0.038912,0.0011
65536,legacy_loop,2,13,0.039936,9.0E-4
65536,legacy_loop,2,14,0.038912,8.0E-4
65536,legacy_loop,2,15,0.039936,9.0E-4
65536,legacy_loop,2,16,0.038912,8.0E-4
65536,legacy_loop,2,17,0.04096,9.0E-4
65536,legacy_loop,2,18,0.039936,9.0E-4
65536,legacy_loop,2,19,0.039936,8.0E-4
65536,legacy_loop,2,20,0.039936,8.0E-4
65536,legacy_loop,2,21,0.039936,9.0E-4
65536,legacy_loop,2,22,0.039936,0.001
65536,legacy_loop,2,23,0.04096,8.0E-4
65536,legacy_loop,2,24,0.039936,8.0E-4
65536,legacy_loop,2,25,0.039936,7.0E-4
65536,legacy_loop,2,26,0.039936,9.0E-4
65536,legacy_loop,2,27,0.039936,8.0E-4
65536,legacy_loop,2,28,0.039936,8.0E-4
65536,legacy_loop,2,29,0.039936,8.0E-4
65536,legacy_loop,2,30,0.039936,9.0E-4
65536,legacy_loop,2,31,0.039936,8.0E-4
65536,legacy_loop,2,32,0.04096,8.0E-4
65536,legacy_loop,2,33,0.039936,8.0E-4
65536,legacy_loop,2,34,0.039936,9.0E-4
65536,legacy_loop,2,35,0.039936,8.0E-4
65536,legacy_loop,2,36,0.039936,8.0E-4
65536,legacy_loop,2,37,0.04096,8.0E-4
65536,legacy_loop,2,38,0.038912,8.0E-4
65536,legacy_loop,2,39,0.038912,8.0E-4
65536,legacy_loop,2,40,0.039936,8.0E-4
65536,legacy_loop,2,41,0.039936,8.0E-4
65536,legacy_loop,2,42,0.039936,7.0E-4
65536,legacy_loop,2,43,0.039936,8.0E-4
65536,legacy_loop,2,44,0.038912,8.0E-4
65536,legacy_loop,2,45,0.04096,8.0E-4
65536,legacy_loop,2,46,0.039936,8.0E-4
65536,legacy_loop,2,47,0.039936,7.0E-4
65536,legacy_loop,2,48,0.039936,8.0E-4
65536,legacy_loop,2,49,0.039936,8.0E-4
65536,legacy_loop,2,50,0.038912,8.0E-4
65536,legacy_loop,2,51,0.039936,8.0E-4
65536,legacy_loop,2,52,0.039936,8.0E-4
65536,legacy_loop,2,53,0.039936,8.0E-4
65536,legacy_loop,2,54,0.039936,8.0E-4
65536,legacy_loop,2,55,0.039936,8.0E-4
65536,legacy_loop,2,56,0.039936,8.0E-4
65536,legacy_loop,2,57,0.04096,8.0E-4
65536,legacy_loop,2,58,0.039936,8.0E-4
65536,legacy_loop,2,59,0.039936,8.0E-4
65536,legacy_loop,2,60,0.039936,8.0E-4
65536,legacy_loop,2,61,0.038912,8.0E-4
65536,legacy_loop,2,62,0.039936,8.0E-4
65536,legacy_loop,2,63,0.039936,8.0E-4
65536,legacy_loop,2,64,0.038912,8.0E-4
65536,legacy_loop,2,65,0.039936,8.0E-4
65536,legacy_loop,2,66,0.039936,7.0E-4
65536,legacy_loop,2,67,0.04096,8.0E-4
65536,legacy_loop,2,68,0.038912,8.0E-4
65536,legacy_loop,2,69,0.039936,8.0E-4
65536,legacy_loop,2,70,0.039936,8.0E-4
65536,legacy_loop,2,71,0.039936,8.0E-4
65536,legacy_loop,2,72,0.038912,8.0E-4
65536,legacy_loop,2,73,0.04096,8.0E-4
65536,legacy_loop,2,74,0.039936,8.0E-4
65536,legacy_loop,2,75,0.04096,8.0E-4
65536,legacy_loop,2,76,0.039936,8.0E-4
65536,legacy_loop,2,77,0.039936,8.0E-4
65536,legacy_loop,2,78,0.039936,8.0E-4
65536,legacy_loop,2,79,0.039936,8.0E-4
65536,legacy_loop,2,80,0.038912,8.0E-4
65536,legacy_loop,2,81,0.039936,7.0E-4
65536,legacy_loop,2,82,0.039936,8.0E-4
65536,legacy_loop,2,83,0.04096,8.0E-4
65536,legacy_loop,2,84,0.039936,7.0E-4
65536,legacy_loop,2,85,0.039936,7.0E-4
65536,legacy_loop,2,86,0.039936,8.0E-4
65536,legacy_loop,2,87,0.039936,8.0E-4
65536,legacy_loop,2,88,0.039936,7.0E-4
65536,legacy_loop,2,89,0.039936,7.0E-4
65536,legacy_loop,2,90,0.039936,8.0E-4
65536,legacy_loop,2,91,0.038912,8.0E-4
65536,legacy_loop,2,92,0.039936,7.0E-4
65536,legacy_loop,2,93,0.039936,8.0E-4
65536,legacy_loop,2,94,0.038912,8.0E-4
65536,legacy_loop,2,95,0.038912,8.0E-4
65536,legacy_loop,2,96,0.038912,8.0E-4
65536,legacy_loop,2,97,0.039936,8.0E-4
65536,legacy_loop,2,98,0.039936,8.0E-4
65536,legacy_loop,2,99,0.039936,8.0E-4
65536,legacy_loop,2,100,0.039936,8.0E-4
65536,legacy_loop,2,101,0.039936,8.0E-4
65536,legacy_loop,2,102,0.038912,8.0E-4
65536,legacy_loop,2,103,0.039936,8.0E-4
65536,legacy_loop,2,104,0.039936,7.0E-4
65536,legacy_loop,2,105,0.039936,8.0E-4
65536,legacy_loop,2,106,0.039936,8.0E-4
65536,legacy_loop,2,107,0.039936,8.0E-4
65536,legacy_loop,2,108,0.039936,7.0E-4
65536,legacy_loop,2,109,0.039936,8.0E-4
65536,legacy_loop,2,110,0.039936,8.0E-4
65536,legacy_loop,2,111,0.039936,8.0E-4
65536,legacy_loop,2,112,0.038912,7.0E-4
65536,legacy_loop,2,113,0.039936,8.0E-4
65536,legacy_loop,2,114,0.039936,8.0E-4
65536,legacy_loop,2,115,0.038912,8.0E-4
65536,legacy_loop,2,116,0.039936,8.0E-4
65536,legacy_loop,2,117,0.04096,8.0E-4
65536,legacy_loop,2,118,0.038912,7.0E-4
65536,legacy_loop,2,119,0.04096,8.0E-4
65536,legacy_loop,3,0,0.039936,0.0011
65536,legacy_loop,3,1,0.039936,8.0E-4
65536,legacy_loop,3,2,0.04096,8.0E-4
65536,legacy_loop,3,3,0.039936,7.0E-4
65536,legacy_loop,3,4,0.041984,8.0E-4
65536,legacy_loop,3,5,0.039936,8.0E-4
65536,legacy_loop,3,6,0.039936,8.0E-4
65536,legacy_loop,3,7,0.039936,8.0E-4
65536,legacy_loop,3,8,0.039936,8.0E-4
65536,legacy_loop,3,9,0.039936,8.0E-4
65536,legacy_loop,3,10,0.04096,8.0E-4
65536,legacy_loop,3,11,0.039936,8.0E-4
65536,legacy_loop,3,12,0.039936,8.0E-4
65536,legacy_loop,3,13,0.039936,8.0E-4
65536,legacy_loop,3,14,0.04096,8.0E-4
65536,legacy_loop,3,15,0.038912,8.0E-4
65536,legacy_loop,3,16,0.04096,8.0E-4
65536,legacy_loop,3,17,0.039936,8.0E-4
65536,legacy_loop,3,18,0.039936,7.0E-4
65536,legacy_loop,3,19,0.039936,8.0E-4
65536,legacy_loop,3,20,0.039936,8.0E-4
65536,legacy_loop,3,21,0.04096,8.0E-4
65536,legacy_loop,3,22,0.039936,8.0E-4
65536,legacy_loop,3,23,0.039936,7.0E-4
65536,legacy_loop,3,24,0.039936,8.0E-4
65536,legacy_loop,3,25,0.038912,8.0E-4
65536,legacy_loop,3,26,0.039936,8.0E-4
65536,legacy_loop,3,27,0.039936,8.0E-4
65536,legacy_loop,3,28,0.039936,8.0E-4
65536,legacy_loop,3,29,0.04096,7.0E-4
65536,legacy_loop,3,30,0.039936,8.0E-4
65536,legacy_loop,3,31,0.039936,8.0E-4
65536,legacy_loop,3,32,0.039936,8.0E-4
65536,legacy_loop,3,33,0.039936,7.0E-4
65536,legacy_loop,3,34,0.039936,8.0E-4
65536,legacy_loop,3,35,0.039936,8.0E-4
65536,legacy_loop,3,36,0.039936,8.0E-4
65536,legacy_loop,3,37,0.038912,8.0E-4
65536,legacy_loop,3,38,0.039936,8.0E-4
65536,legacy_loop,3,39,0.039936,8.0E-4
65536,legacy_loop,3,40,0.039936,7.0E-4
65536,legacy_loop,3,41,0.039936,8.0E-4
65536,legacy_loop,3,42,0.039936,8.0E-4
65536,legacy_loop,3,43,0.039936,8.0E-4
65536,legacy_loop,3,44,0.038912,8.0E-4
65536,legacy_loop,3,45,0.039936,8.0E-4
65536,legacy_loop,3,46,0.04096,8.0E-4
65536,legacy_loop,3,47,0.04096,8.0E-4
65536,legacy_loop,3,48,0.039936,8.0E-4
65536,legacy_loop,3,49,0.039936,8.0E-4
65536,legacy_loop,3,50,0.039936,8.0E-4
65536,legacy_loop,3,51,0.038912,8.0E-4
65536,legacy_loop,3,52,0.039936,8.0E-4
65536,legacy_loop,3,53,0.039936,8.0E-4
65536,legacy_loop,3,54,0.04096,8.0E-4
65536,legacy_loop,3,55,0.039936,8.0E-4
65536,legacy_loop,3,56,0.039936,8.0E-4
65536,legacy_loop,3,57,0.039936,8.0E-4
65536,legacy_loop,3,58,0.039936,7.0E-4
65536,legacy_loop,3,59,0.04096,8.0E-4
65536,legacy_loop,3,60,0.04096,8.0E-4
65536,legacy_loop,3,61,0.039936,8.0E-4
65536,legacy_loop,3,62,0.039936,8.0E-4
65536,legacy_loop,3,63,0.039936,8.0E-4
65536,legacy_loop,3,64,0.039936,8.0E-4
65536,legacy_loop,3,65,0.039936,8.0E-4
65536,legacy_loop,3,66,0.039936,8.0E-4
65536,legacy_loop,3,67,0.039936,8.0E-4
65536,legacy_loop,3,68,0.039936,8.0E-4
65536,legacy_loop,3,69,0.039936,7.0E-4
65536,legacy_loop,3,70,0.039936,8.0E-4
65536,legacy_loop,3,71,0.039936,8.0E-4
65536,legacy_loop,3,72,0.039936,8.0E-4
65536,legacy_loop,3,73,0.039936,8.0E-4
65536,legacy_loop,3,74,0.039936,8.0E-4
65536,legacy_loop,3,75,0.038912,8.0E-4
65536,legacy_loop,3,76,0.04096,8.0E-4
65536,legacy_loop,3,77,0.038912,8.0E-4
65536,legacy_loop,3,78,0.039936,8.0E-4
65536,legacy_loop,3,79,0.039936,8.0E-4
65536,legacy_loop,3,80,0.04096,8.0E-4
65536,legacy_loop,3,81,0.038912,8.0E-4
65536,legacy_loop,3,82,0.04096,8.0E-4
65536,legacy_loop,3,83,0.039936,8.0E-4
65536,legacy_loop,3,84,0.039936,7.0E-4
65536,legacy_loop,3,85,0.039936,8.0E-4
65536,legacy_loop,3,86,0.04096,8.0E-4
65536,legacy_loop,3,87,0.038912,8.0E-4
65536,legacy_loop,3,88,0.039936,8.0E-4
65536,legacy_loop,3,89,0.039936,8.0E-4
65536,legacy_loop,3,90,0.039936,8.0E-4
65536,legacy_loop,3,91,0.039936,7.0E-4
65536,legacy_loop,3,92,0.039936,8.0E-4
65536,legacy_loop,3,93,0.039936,8.0E-4
65536,legacy_loop,3,94,0.039936,8.0E-4
65536,legacy_loop,3,95,0.038912,8.0E-4
65536,legacy_loop,3,96,0.039936,8.0E-4
65536,legacy_loop,3,97,0.039936,8.0E-4
65536,legacy_loop,3,98,0.039936,8.0E-4
65536,legacy_loop,3,99,0.039936,8.0E-4
65536,legacy_loop,3,100,0.039936,8.0E-4
65536,legacy_loop,3,101,0.039936,8.0E-4
65536,legacy_loop,3,102,0.039936,8.0E-4
65536,legacy_loop,3,103,0.038912,8.0E-4
65536,legacy_loop,3,104,0.038912,7.0E-4
65536,legacy_loop,3,105,0.039936,7.0E-4
65536,legacy_loop,3,106,0.039936,9.0E-4
65536,legacy_loop,3,107,0.039936,8.0E-4
65536,legacy_loop,3,108,0.038912,8.0E-4
65536,legacy_loop,3,109,0.04096,8.0E-4
65536,legacy_loop,3,110,0.039936,8.0E-4
65536,legacy_loop,3,111,0.039936,8.0E-4
65536,legacy_loop,3,112,0.039936,9.0E-4
65536,legacy_loop,3,113,0.039936,8.0E-4
65536,legacy_loop,3,114,0.039936,8.0E-4
65536,legacy_loop,3,115,0.04096,8.0E-4
65536,legacy_loop,3,116,0.039936,8.0E-4
65536,legacy_loop,3,117,0.038912,8.0E-4
65536,legacy_loop,3,118,0.039936,7.0E-4
65536,legacy_loop,3,119,0.039936,8.0E-4
65536,shared_loop,1,0,0.073728,0.036
65536,shared_loop,1,1,0.063488,0.0017
65536,shared_loop,1,2,0.064512,0.0017
65536,shared_loop,1,3,0.064512,0.0017
65536,shared_loop,1,4,0.063488,0.0017
65536,shared_loop,1,5,0.064512,0.0017
65536,shared_loop,1,6,0.064512,0.0017
65536,shared_loop,1,7,0.064512,0.0017
65536,shared_loop,1,8,0.063488,0.0016
65536,shared_loop,1,9,0.063488,0.0033
65536,shared_loop,1,10,0.064512,0.0017
65536,shared_loop,1,11,0.064512,0.0017
65536,shared_loop,1,12,0.063488,0.0017
65536,shared_loop,1,13,0.064512,0.0016
65536,shared_loop,1,14,0.063488,0.0017
65536,shared_loop,1,15,0.063488,0.0017
65536,shared_loop,1,16,0.064512,0.0017
65536,shared_loop,1,17,0.064512,0.0016
65536,shared_loop,1,18,0.064512,0.0016
65536,shared_loop,1,19,0.065536,0.0016
65536,shared_loop,1,20,0.063488,0.0017
65536,shared_loop,1,21,0.064512,0.0017
65536,shared_loop,1,22,0.064512,0.0016
65536,shared_loop,1,23,0.063488,0.0017
65536,shared_loop,1,24,0.063488,0.0017
65536,shared_loop,1,25,0.064512,0.0017
65536,shared_loop,1,26,0.063488,0.0017
65536,shared_loop,1,27,0.063488,0.0017
65536,shared_loop,1,28,0.063488,0.0017
65536,shared_loop,1,29,0.064512,0.0016
65536,shared_loop,1,30,0.064512,0.0017
65536,shared_loop,1,31,0.063488,0.0019
65536,shared_loop,1,32,0.064512,0.0017
65536,shared_loop,1,33,0.065536,0.0017
65536,shared_loop,1,34,0.064512,0.0017
65536,shared_loop,1,35,0.063488,0.0017
65536,shared_loop,1,36,0.063488,0.0017
65536,shared_loop,1,37,0.063488,0.0017
65536,shared_loop,1,38,0.063488,0.0016
65536,shared_loop,1,39,0.064512,0.0017
65536,shared_loop,1,40,0.063488,0.0017
65536,shared_loop,1,41,0.064512,0.0017
65536,shared_loop,1,42,0.063488,0.0017
65536,shared_loop,1,43,0.064512,0.0017
65536,shared_loop,1,44,0.063488,0.0017
65536,shared_loop,1,45,0.064512,0.0017
65536,shared_loop,1,46,0.063488,0.0017
65536,shared_loop,1,47,0.064512,0.0016
65536,shared_loop,1,48,0.064512,0.0017
65536,shared_loop,1,49,0.065536,0.0016
65536,shared_loop,1,50,0.064512,0.0017
65536,shared_loop,1,51,0.063488,0.0017
65536,shared_loop,1,52,0.064512,0.0017
65536,shared_loop,1,53,0.065536,0.0017
65536,shared_loop,1,54,0.064512,0.0016
65536,shared_loop,1,55,0.064512,0.0017
65536,shared_loop,1,56,0.063488,0.0016
65536,shared_loop,1,57,0.064512,0.0017
65536,shared_loop,1,58,0.063488,0.0017
65536,shared_loop,1,59,0.063488,0.0017
65536,shared_loop,1,60,0.064512,0.0017
65536,shared_loop,1,61,0.064512,0.0016
65536,shared_loop,1,62,0.063488,0.0017
65536,shared_loop,1,63,0.064512,0.0016
65536,shared_loop,1,64,0.063488,0.0016
65536,shared_loop,1,65,0.063488,0.0016
65536,shared_loop,1,66,0.063488,0.0017
65536,shared_loop,1,67,0.064512,0.0017
65536,shared_loop,1,68,0.063488,0.0017
65536,shared_loop,1,69,0.064512,0.0017
65536,shared_loop,1,70,0.063488,0.0016
65536,shared_loop,1,71,0.064512,0.0017
65536,shared_loop,1,72,0.064512,0.0017
65536,shared_loop,1,73,0.064512,0.0017
65536,shared_loop,1,74,0.063488,0.0023
65536,shared_loop,1,75,0.064512,0.0017
65536,shared_loop,1,76,0.063488,0.0017
65536,shared_loop,1,77,0.064512,0.0023
65536,shared_loop,1,78,0.064512,0.0017
65536,shared_loop,1,79,0.064512,0.0018
65536,shared_loop,1,80,0.063488,0.0018
65536,shared_loop,1,81,0.063488,0.0018
65536,shared_loop,1,82,0.063488,0.0024
65536,shared_loop,1,83,0.064512,0.0017
65536,shared_loop,1,84,0.063488,0.0017
65536,shared_loop,1,85,0.064512,0.0017
65536,shared_loop,1,86,0.063488,0.0017
65536,shared_loop,1,87,0.065536,0.0016
65536,shared_loop,1,88,0.064512,0.0016
65536,shared_loop,1,89,0.064512,0.0017
65536,shared_loop,1,90,0.064512,0.0017
65536,shared_loop,1,91,0.063488,0.0017
65536,shared_loop,1,92,0.063488,0.0018
65536,shared_loop,1,93,0.064512,0.0017
65536,shared_loop,1,94,0.063488,0.0017
65536,shared_loop,1,95,0.064512,0.0017
65536,shared_loop,1,96,0.064512,0.0017
65536,shared_loop,1,97,0.063488,0.0017
65536,shared_loop,1,98,0.063488,0.0017
65536,shared_loop,1,99,0.064512,0.0017
65536,shared_loop,1,100,0.063488,0.0017
65536,shared_loop,1,101,0.064512,0.0016
65536,shared_loop,1,102,0.063488,0.0017
65536,shared_loop,1,103,0.064512,0.0017
65536,shared_loop,1,104,0.063488,0.0017
65536,shared_loop,1,105,0.064512,0.0017
65536,shared_loop,1,106,0.064512,0.0017
65536,shared_loop,1,107,0.064512,0.0017
65536,shared_loop,1,108,0.063488,0.0016
65536,shared_loop,1,109,0.064512,0.0017
65536,shared_loop,1,110,0.064512,0.0017
65536,shared_loop,1,111,0.064512,0.0017
65536,shared_loop,1,112,0.063488,0.0017
65536,shared_loop,1,113,0.064512,0.0017
65536,shared_loop,1,114,0.064512,0.0017
65536,shared_loop,1,115,0.064512,0.0016
65536,shared_loop,1,116,0.063488,0.0017
65536,shared_loop,1,117,0.064512,0.0017
65536,shared_loop,1,118,0.064512,0.0017
65536,shared_loop,1,119,0.064512,0.0016
65536,shared_loop,2,0,0.064512,0.0022
65536,shared_loop,2,1,0.063488,0.0017
65536,shared_loop,2,2,0.064512,0.0017
65536,shared_loop,2,3,0.063488,0.0016
65536,shared_loop,2,4,0.063488,0.0017
65536,shared_loop,2,5,0.063488,0.0017
65536,shared_loop,2,6,0.064512,0.0017
65536,shared_loop,2,7,0.064512,0.0017
65536,shared_loop,2,8,0.063488,0.0017
65536,shared_loop,2,9,0.064512,0.0017
65536,shared_loop,2,10,0.064512,0.0017
65536,shared_loop,2,11,0.062464,0.0017
65536,shared_loop,2,12,0.064512,0.0017
65536,shared_loop,2,13,0.064512,0.0017
65536,shared_loop,2,14,0.062464,0.0016
65536,shared_loop,2,15,0.063488,0.0017
65536,shared_loop,2,16,0.064512,0.0016
65536,shared_loop,2,17,0.063488,0.0017
65536,shared_loop,2,18,0.064512,0.0017
65536,shared_loop,2,19,0.063488,0.0017
65536,shared_loop,2,20,0.063488,0.0017
65536,shared_loop,2,21,0.064512,0.0016
65536,shared_loop,2,22,0.064512,0.0017
65536,shared_loop,2,23,0.064512,0.0016
65536,shared_loop,2,24,0.063488,0.0016
65536,shared_loop,2,25,0.063488,0.0017
65536,shared_loop,2,26,0.064512,0.0019
65536,shared_loop,2,27,0.063488,0.0017
65536,shared_loop,2,28,0.064512,0.0016
65536,shared_loop,2,29,0.064512,0.0018
65536,shared_loop,2,30,0.064512,0.0016
65536,shared_loop,2,31,0.063488,0.0016
65536,shared_loop,2,32,0.065536,0.0017
65536,shared_loop,2,33,0.064512,0.0017
65536,shared_loop,2,34,0.064512,0.0017
65536,shared_loop,2,35,0.063488,0.0017
65536,shared_loop,2,36,0.064512,0.0019
65536,shared_loop,2,37,0.063488,0.0021
65536,shared_loop,2,38,0.063488,0.0021
65536,shared_loop,2,39,0.064512,0.0022
65536,shared_loop,2,40,0.064512,0.002
65536,shared_loop,2,41,0.063488,0.0022
65536,shared_loop,2,42,0.063488,0.0017
65536,shared_loop,2,43,0.063488,0.0017
65536,shared_loop,2,44,0.064512,0.0017
65536,shared_loop,2,45,0.063488,0.0018
65536,shared_loop,2,46,0.064512,0.0018
65536,shared_loop,2,47,0.063488,0.002
65536,shared_loop,2,48,0.065536,0.0022
65536,shared_loop,2,49,0.062464,0.0019
65536,shared_loop,2,50,0.063488,0.0018
65536,shared_loop,2,51,0.062464,0.0018
65536,shared_loop,2,52,0.063488,0.0017
65536,shared_loop,2,53,0.063488,0.0019
65536,shared_loop,2,54,0.064512,0.0017
65536,shared_loop,2,55,0.063488,0.0017
65536,shared_loop,2,56,0.063488,0.0019
65536,shared_loop,2,57,0.064512,0.0021
65536,shared_loop,2,58,0.064512,0.0019
65536,shared_loop,2,59,0.063488,0.0021
65536,shared_loop,2,60,0.064512,0.0023
65536,shared_loop,2,61,0.063488,0.0018
65536,shared_loop,2,62,0.064512,0.0018
65536,shared_loop,2,63,0.064512,0.0016
65536,shared_loop,2,64,0.063488,0.0017
65536,shared_loop,2,65,0.064512,0.0017
65536,shared_loop,2,66,0.064512,0.0017
65536,shared_loop,2,67,0.063488,0.0017
65536,shared_loop,2,68,0.063488,0.0017
65536,shared_loop,2,69,0.062464,0.0016
65536,shared_loop,2,70,0.063488,0.0021
65536,shared_loop,2,71,0.063488,0.0021
65536,shared_loop,2,72,0.064512,0.0017
65536,shared_loop,2,73,0.063488,0.0018
65536,shared_loop,2,74,0.064512,0.0017
65536,shared_loop,2,75,0.063488,0.0017
65536,shared_loop,2,76,0.065536,0.0017
65536,shared_loop,2,77,0.062464,0.0017
65536,shared_loop,2,78,0.063488,0.0017
65536,shared_loop,2,79,0.064512,0.0017
65536,shared_loop,2,80,0.064512,0.0017
65536,shared_loop,2,81,0.063488,0.0017
65536,shared_loop,2,82,0.063488,0.0017
65536,shared_loop,2,83,0.063488,0.0016
65536,shared_loop,2,84,0.063488,0.0017
65536,shared_loop,2,85,0.063488,0.0017
65536,shared_loop,2,86,0.064512,0.0016
65536,shared_loop,2,87,0.063488,0.0017
65536,shared_loop,2,88,0.063488,0.0017
65536,shared_loop,2,89,0.063488,0.0017
65536,shared_loop,2,90,0.063488,0.0017
65536,shared_loop,2,91,0.063488,0.0016
65536,shared_loop,2,92,0.064512,0.0017
65536,shared_loop,2,93,0.062464,0.002
65536,shared_loop,2,94,0.064512,0.0017
65536,shared_loop,2,95,0.064512,0.0017
65536,shared_loop,2,96,0.064512,0.0016
65536,shared_loop,2,97,0.063488,0.0017
65536,shared_loop,2,98,0.063488,0.0017
65536,shared_loop,2,99,0.065536,0.0017
65536,shared_loop,2,100,0.064512,0.0017
65536,shared_loop,2,101,0.063488,0.0017
65536,shared_loop,2,102,0.065536,0.0017
65536,shared_loop,2,103,0.064512,0.0017
65536,shared_loop,2,104,0.064512,0.0017
65536,shared_loop,2,105,0.063488,0.0017
65536,shared_loop,2,106,0.064512,0.0017
65536,shared_loop,2,107,0.062464,0.0017
65536,shared_loop,2,108,0.064512,0.0017
65536,shared_loop,2,109,0.063488,0.0017
65536,shared_loop,2,110,0.063488,0.0021
65536,shared_loop,2,111,0.063488,0.0017
65536,shared_loop,2,112,0.063488,0.0017
65536,shared_loop,2,113,0.063488,0.0017
65536,shared_loop,2,114,0.063488,0.0016
65536,shared_loop,2,115,0.064512,0.0016
65536,shared_loop,2,116,0.064512,0.0017
65536,shared_loop,2,117,0.063488,0.0016
65536,shared_loop,2,118,0.064512,0.0017
65536,shared_loop,2,119,0.064512,0.0017
65536,shared_loop,3,0,0.064512,0.0023
65536,shared_loop,3,1,0.064512,0.0017
65536,shared_loop,3,2,0.064512,0.0018
65536,shared_loop,3,3,0.063488,0.0017
65536,shared_loop,3,4,0.063488,0.0017
65536,shared_loop,3,5,0.063488,0.0017
65536,shared_loop,3,6,0.063488,0.0018
65536,shared_loop,3,7,0.063488,0.0017
65536,shared_loop,3,8,0.064512,0.0017
65536,shared_loop,3,9,0.064512,0.0017
65536,shared_loop,3,10,0.064512,0.0017
65536,shared_loop,3,11,0.064512,0.0017
65536,shared_loop,3,12,0.064512,0.0017
65536,shared_loop,3,13,0.064512,0.0017
65536,shared_loop,3,14,0.065536,0.0017
65536,shared_loop,3,15,0.063488,0.0017
65536,shared_loop,3,16,0.063488,0.0018
65536,shared_loop,3,17,0.062464,0.0017
65536,shared_loop,3,18,0.063488,0.0017
65536,shared_loop,3,19,0.063488,0.0017
65536,shared_loop,3,20,0.064512,0.0022
65536,shared_loop,3,21,0.063488,0.0028
65536,shared_loop,3,22,0.063488,0.0022
65536,shared_loop,3,23,0.063488,0.0022
65536,shared_loop,3,24,0.063488,0.0022
65536,shared_loop,3,25,0.064512,0.0022
65536,shared_loop,3,26,0.064512,0.0023
65536,shared_loop,3,27,0.063488,0.0021
65536,shared_loop,3,28,0.064512,0.0025
65536,shared_loop,3,29,0.063488,0.0021
65536,shared_loop,3,30,0.064512,0.0023
65536,shared_loop,3,31,0.062464,0.0025
65536,shared_loop,3,32,0.064512,0.0022
65536,shared_loop,3,33,0.064512,0.002
65536,shared_loop,3,34,0.063488,0.0022
65536,shared_loop,3,35,0.063488,0.0026
65536,shared_loop,3,36,0.063488,0.0022
65536,shared_loop,3,37,0.064512,0.0022
65536,shared_loop,3,38,0.065536,0.002
65536,shared_loop,3,39,0.064512,0.0022
65536,shared_loop,3,40,0.065536,0.0024
65536,shared_loop,3,41,0.063488,0.0022
65536,shared_loop,3,42,0.063488,0.0021
65536,shared_loop,3,43,0.064512,0.0023
65536,shared_loop,3,44,0.064512,0.0021
65536,shared_loop,3,45,0.063488,0.0024
65536,shared_loop,3,46,0.064512,0.0024
65536,shared_loop,3,47,0.062464,0.002
65536,shared_loop,3,48,0.064512,0.0024
65536,shared_loop,3,49,0.063488,0.0018
65536,shared_loop,3,50,0.063488,0.002
65536,shared_loop,3,51,0.063488,0.0024
65536,shared_loop,3,52,0.063488,0.0019
65536,shared_loop,3,53,0.064512,0.0017
65536,shared_loop,3,54,0.063488,0.0017
65536,shared_loop,3,55,0.063488,0.0017
65536,shared_loop,3,56,0.064512,0.0018
65536,shared_loop,3,57,0.064512,0.0017
65536,shared_loop,3,58,0.063488,0.0017
65536,shared_loop,3,59,0.063488,0.0025
65536,shared_loop,3,60,0.064512,0.0017
65536,shared_loop,3,61,0.063488,0.0017
65536,shared_loop,3,62,0.063488,0.0017
65536,shared_loop,3,63,0.062464,0.0018
65536,shared_loop,3,64,0.064512,0.0018
65536,shared_loop,3,65,0.063488,0.0017
65536,shared_loop,3,66,0.065536,0.0017
65536,shared_loop,3,67,0.063488,0.0017
65536,shared_loop,3,68,0.063488,0.0017
65536,shared_loop,3,69,0.063488,0.0021
65536,shared_loop,3,70,0.064512,0.0017
65536,shared_loop,3,71,0.063488,0.0017
65536,shared_loop,3,72,0.063488,0.0018
65536,shared_loop,3,73,0.063488,0.0017
65536,shared_loop,3,74,0.064512,0.0017
65536,shared_loop,3,75,0.063488,0.0017
65536,shared_loop,3,76,0.064512,0.0017
65536,shared_loop,3,77,0.063488,0.0017
65536,shared_loop,3,78,0.064512,0.0018
65536,shared_loop,3,79,0.064512,0.0017
65536,shared_loop,3,80,0.064512,0.0017
65536,shared_loop,3,81,0.063488,0.0017
65536,shared_loop,3,82,0.064512,0.0017
65536,shared_loop,3,83,0.063488,0.0017
65536,shared_loop,3,84,0.064512,0.0017
65536,shared_loop,3,85,0.063488,0.0021
65536,shared_loop,3,86,0.064512,0.0017
65536,shared_loop,3,87,0.063488,0.0017
65536,shared_loop,3,88,0.063488,0.0017
65536,shared_loop,3,89,0.063488,0.0017
65536,shared_loop,3,90,0.064512,0.0017
65536,shared_loop,3,91,0.063488,0.0017
65536,shared_loop,3,92,0.064512,0.0017
65536,shared_loop,3,93,0.064512,0.0017
65536,shared_loop,3,94,0.064512,0.0017
65536,shared_loop,3,95,0.063488,0.0017
65536,shared_loop,3,96,0.063488,0.0017
65536,shared_loop,3,97,0.064512,0.0017
65536,shared_loop,3,98,0.063488,0.0017
65536,shared_loop,3,99,0.063488,0.0017
65536,shared_loop,3,100,0.064512,0.0017
65536,shared_loop,3,101,0.062464,0.0017
65536,shared_loop,3,102,0.063488,0.0017
65536,shared_loop,3,103,0.063488,0.0017
65536,shared_loop,3,104,0.065536,0.0018
65536,shared_loop,3,105,0.063488,0.002
65536,shared_loop,3,106,0.064512,0.0017
65536,shared_loop,3,107,0.064512,0.0017
65536,shared_loop,3,108,0.064512,0.0018
65536,shared_loop,3,109,0.063488,0.0017
65536,shared_loop,3,110,0.065536,0.0018
65536,shared_loop,3,111,0.062464,0.0017
65536,shared_loop,3,112,0.063488,0.0018
65536,shared_loop,3,113,0.064512,0.0017
65536,shared_loop,3,114,0.064512,0.0017
65536,shared_loop,3,115,0.064512,0.0017
65536,shared_loop,3,116,0.063488,0.0017
65536,shared_loop,3,117,0.064512,0.0017
65536,shared_loop,3,118,0.063488,0.0017
65536,shared_loop,3,119,0.063488,0.0017
65536,shared_ports,1,0,0.074752,0.0023
65536,shared_ports,1,1,0.069632,0.0017
65536,shared_ports,1,2,0.068608,0.0017
65536,shared_ports,1,3,0.068608,0.0017
65536,shared_ports,1,4,0.068608,0.0017
65536,shared_ports,1,5,0.069632,0.0017
65536,shared_ports,1,6,0.069632,0.0017
65536,shared_ports,1,7,0.069632,0.0016
65536,shared_ports,1,8,0.069632,0.0016
65536,shared_ports,1,9,0.068608,0.0017
65536,shared_ports,1,10,0.069632,0.0017
65536,shared_ports,1,11,0.068608,0.0017
65536,shared_ports,1,12,0.069632,0.0017
65536,shared_ports,1,13,0.068608,0.0016
65536,shared_ports,1,14,0.069632,0.0017
65536,shared_ports,1,15,0.068608,0.0016
65536,shared_ports,1,16,0.069632,0.0017
65536,shared_ports,1,17,0.069632,0.0017
65536,shared_ports,1,18,0.068608,0.0017
65536,shared_ports,1,19,0.068608,0.0017
65536,shared_ports,1,20,0.069632,0.0017
65536,shared_ports,1,21,0.068608,0.0017
65536,shared_ports,1,22,0.069632,0.0016
65536,shared_ports,1,23,0.068608,0.0017
65536,shared_ports,1,24,0.069632,0.0016
65536,shared_ports,1,25,0.068608,0.0017
65536,shared_ports,1,26,0.069632,0.0017
65536,shared_ports,1,27,0.068608,0.0017
65536,shared_ports,1,28,0.069632,0.0016
65536,shared_ports,1,29,0.069632,0.0016
65536,shared_ports,1,30,0.068608,0.0017
65536,shared_ports,1,31,0.068608,0.0017
65536,shared_ports,1,32,0.069632,0.0017
65536,shared_ports,1,33,0.070656,0.0017
65536,shared_ports,1,34,0.069632,0.0017
65536,shared_ports,1,35,0.068608,0.0017
65536,shared_ports,1,36,0.068608,0.0016
65536,shared_ports,1,37,0.068608,0.0017
65536,shared_ports,1,38,0.068608,0.0017
65536,shared_ports,1,39,0.069632,0.0017
65536,shared_ports,1,40,0.069632,0.0017
65536,shared_ports,1,41,0.069632,0.0017
65536,shared_ports,1,42,0.070656,0.0017
65536,shared_ports,1,43,0.068608,0.0016
65536,shared_ports,1,44,0.069632,0.0016
65536,shared_ports,1,45,0.069632,0.0018
65536,shared_ports,1,46,0.068608,0.0017
65536,shared_ports,1,47,0.069632,0.0016
65536,shared_ports,1,48,0.070656,0.0017
65536,shared_ports,1,49,0.068608,0.0016
65536,shared_ports,1,50,0.070656,0.0016
65536,shared_ports,1,51,0.069632,0.0022
65536,shared_ports,1,52,0.069632,0.0023
65536,shared_ports,1,53,0.069632,0.0017
65536,shared_ports,1,54,0.069632,0.0017
65536,shared_ports,1,55,0.068608,0.0016
65536,shared_ports,1,56,0.069632,0.0017
65536,shared_ports,1,57,0.069632,0.0017
65536,shared_ports,1,58,0.069632,0.0017
65536,shared_ports,1,59,0.068608,0.0016
65536,shared_ports,1,60,0.069632,0.0017
65536,shared_ports,1,61,0.069632,0.0016
65536,shared_ports,1,62,0.069632,0.0017
65536,shared_ports,1,63,0.069632,0.0017
65536,shared_ports,1,64,0.069632,0.0016
65536,shared_ports,1,65,0.069632,0.0017
65536,shared_ports,1,66,0.069632,0.0017
65536,shared_ports,1,67,0.070656,0.0017
65536,shared_ports,1,68,0.069632,0.0017
65536,shared_ports,1,69,0.068608,0.0017
65536,shared_ports,1,70,0.069632,0.0017
65536,shared_ports,1,71,0.069632,0.0017
65536,shared_ports,1,72,0.069632,0.0017
65536,shared_ports,1,73,0.068608,0.0017
65536,shared_ports,1,74,0.070656,0.0016
65536,shared_ports,1,75,0.068608,0.0017
65536,shared_ports,1,76,0.069632,0.0017
65536,shared_ports,1,77,0.069632,0.0017
65536,shared_ports,1,78,0.069632,0.0017
65536,shared_ports,1,79,0.068608,0.0017
65536,shared_ports,1,80,0.069632,0.0017
65536,shared_ports,1,81,0.069632,0.0017
65536,shared_ports,1,82,0.069632,0.0017
65536,shared_ports,1,83,0.069632,0.0017
65536,shared_ports,1,84,0.069632,0.0016
65536,shared_ports,1,85,0.068608,0.0017
65536,shared_ports,1,86,0.069632,0.0019
65536,shared_ports,1,87,0.068608,0.0017
65536,shared_ports,1,88,0.069632,0.0017
65536,shared_ports,1,89,0.068608,0.0018
65536,shared_ports,1,90,0.070656,0.0017
65536,shared_ports,1,91,0.069632,0.0017
65536,shared_ports,1,92,0.068608,0.0016
65536,shared_ports,1,93,0.069632,0.0017
65536,shared_ports,1,94,0.069632,0.0016
65536,shared_ports,1,95,0.069632,0.0017
65536,shared_ports,1,96,0.069632,0.0017
65536,shared_ports,1,97,0.069632,0.0017
65536,shared_ports,1,98,0.069632,0.0017
65536,shared_ports,1,99,0.068608,0.0017
65536,shared_ports,1,100,0.069632,0.0017
65536,shared_ports,1,101,0.069632,0.0017
65536,shared_ports,1,102,0.070656,0.0018
65536,shared_ports,1,103,0.069632,0.0016
65536,shared_ports,1,104,0.069632,0.0016
65536,shared_ports,1,105,0.068608,0.0017
65536,shared_ports,1,106,0.069632,0.0017
65536,shared_ports,1,107,0.069632,0.0017
65536,shared_ports,1,108,0.069632,0.0016
65536,shared_ports,1,109,0.068608,0.0017
65536,shared_ports,1,110,0.069632,0.0025
65536,shared_ports,1,111,0.069632,0.0037
65536,shared_ports,1,112,0.069632,0.0024
65536,shared_ports,1,113,0.069632,0.0025
65536,shared_ports,1,114,0.069632,0.0025
65536,shared_ports,1,115,0.068608,0.0028
65536,shared_ports,1,116,0.069632,0.0024
65536,shared_ports,1,117,0.069632,0.0025
65536,shared_ports,1,118,0.070656,0.0017
65536,shared_ports,1,119,0.069632,0.0018
65536,shared_ports,2,0,0.075776,0.0021
65536,shared_ports,2,1,0.069632,0.0017
65536,shared_ports,2,2,0.069632,0.0016
65536,shared_ports,2,3,0.068608,0.0018
65536,shared_ports,2,4,0.068608,0.0017
65536,shared_ports,2,5,0.069632,0.0017
65536,shared_ports,2,6,0.069632,0.0017
65536,shared_ports,2,7,0.069632,0.0016
65536,shared_ports,2,8,0.068608,0.0017
65536,shared_ports,2,9,0.069632,0.0016
65536,shared_ports,2,10,0.068608,0.0017
65536,shared_ports,2,11,0.069632,0.0017
65536,shared_ports,2,12,0.069632,0.0017
65536,shared_ports,2,13,0.069632,0.0016
65536,shared_ports,2,14,0.069632,0.0017
65536,shared_ports,2,15,0.069632,0.0016
65536,shared_ports,2,16,0.068608,0.0016
65536,shared_ports,2,17,0.069632,0.0016
65536,shared_ports,2,18,0.069632,0.0017
65536,shared_ports,2,19,0.069632,0.0017
65536,shared_ports,2,20,0.068608,0.0017
65536,shared_ports,2,21,0.069632,0.0016
65536,shared_ports,2,22,0.069632,0.0017
65536,shared_ports,2,23,0.069632,0.0017
65536,shared_ports,2,24,0.070656,0.0017
65536,shared_ports,2,25,0.069632,0.0017
65536,shared_ports,2,26,0.068608,0.0017
65536,shared_ports,2,27,0.069632,0.0017
65536,shared_ports,2,28,0.068608,0.0017
65536,shared_ports,2,29,0.069632,0.0017
65536,shared_ports,2,30,0.069632,0.0024
65536,shared_ports,2,31,0.068608,0.0027
65536,shared_ports,2,32,0.069632,0.0019
65536,shared_ports,2,33,0.068608,0.0017
65536,shared_ports,2,34,0.070656,0.0018
65536,shared_ports,2,35,0.068608,0.0018
65536,shared_ports,2,36,0.068608,0.002
65536,shared_ports,2,37,0.070656,0.0036
65536,shared_ports,2,38,0.069632,0.0025
65536,shared_ports,2,39,0.069632,0.0017
65536,shared_ports,2,40,0.069632,0.0016
65536,shared_ports,2,41,0.070656,0.0017
65536,shared_ports,2,42,0.069632,0.0017
65536,shared_ports,2,43,0.068608,0.0016
65536,shared_ports,2,44,0.069632,0.0016
65536,shared_ports,2,45,0.069632,0.0016
65536,shared_ports,2,46,0.069632,0.0017
65536,shared_ports,2,47,0.07168,0.0016
65536,shared_ports,2,48,0.068608,0.0017
65536,shared_ports,2,49,0.068608,0.0017
65536,shared_ports,2,50,0.069632,0.0016
65536,shared_ports,2,51,0.069632,0.0017
65536,shared_ports,2,52,0.068608,0.0017
65536,shared_ports,2,53,0.068608,0.0016
65536,shared_ports,2,54,0.069632,0.0017
65536,shared_ports,2,55,0.069632,0.0016
65536,shared_ports,2,56,0.068608,0.0017
65536,shared_ports,2,57,0.069632,0.0017
65536,shared_ports,2,58,0.068608,0.0017
65536,shared_ports,2,59,0.069632,0.0017
65536,shared_ports,2,60,0.068608,0.0016
65536,shared_ports,2,61,0.069632,0.0017
65536,shared_ports,2,62,0.068608,0.0017
65536,shared_ports,2,63,0.068608,0.0016
65536,shared_ports,2,64,0.068608,0.0017
65536,shared_ports,2,65,0.069632,0.0016
65536,shared_ports,2,66,0.068608,0.0017
65536,shared_ports,2,67,0.069632,0.0016
65536,shared_ports,2,68,0.067584,0.0017
65536,shared_ports,2,69,0.069632,0.0016
65536,shared_ports,2,70,0.069632,0.0016
65536,shared_ports,2,71,0.069632,0.0017
65536,shared_ports,2,72,0.069632,0.0017
65536,shared_ports,2,73,0.069632,0.0017
65536,shared_ports,2,74,0.068608,0.0016
65536,shared_ports,2,75,0.068608,0.0017
65536,shared_ports,2,76,0.068608,0.0017
65536,shared_ports,2,77,0.069632,0.0017
65536,shared_ports,2,78,0.069632,0.0016
65536,shared_ports,2,79,0.068608,0.0017
65536,shared_ports,2,80,0.069632,0.0018
65536,shared_ports,2,81,0.069632,0.0016
65536,shared_ports,2,82,0.069632,0.0016
65536,shared_ports,2,83,0.068608,0.0017
65536,shared_ports,2,84,0.069632,0.0017
65536,shared_ports,2,85,0.069632,0.0016
65536,shared_ports,2,86,0.068608,0.0016
65536,shared_ports,2,87,0.069632,0.003
65536,shared_ports,2,88,0.068608,0.0017
65536,shared_ports,2,89,0.069632,0.0016
65536,shared_ports,2,90,0.069632,0.0017
65536,shared_ports,2,91,0.069632,0.0016
65536,shared_ports,2,92,0.068608,0.0017
65536,shared_ports,2,93,0.069632,0.0017
65536,shared_ports,2,94,0.069632,0.0017
65536,shared_ports,2,95,0.069632,0.0017
65536,shared_ports,2,96,0.068608,0.0017
65536,shared_ports,2,97,0.068608,0.0017
65536,shared_ports,2,98,0.069632,0.0017
65536,shared_ports,2,99,0.069632,0.0016
65536,shared_ports,2,100,0.068608,0.0017
65536,shared_ports,2,101,0.069632,0.0017
65536,shared_ports,2,102,0.069632,0.0016
65536,shared_ports,2,103,0.068608,0.0017
65536,shared_ports,2,104,0.070656,0.0018
65536,shared_ports,2,105,0.069632,0.0017
65536,shared_ports,2,106,0.068608,0.0016
65536,shared_ports,2,107,0.068608,0.0016
65536,shared_ports,2,108,0.069632,0.0017
65536,shared_ports,2,109,0.069632,0.0016
65536,shared_ports,2,110,0.068608,0.0017
65536,shared_ports,2,111,0.069632,0.0017
65536,shared_ports,2,112,0.069632,0.0017
65536,shared_ports,2,113,0.070656,0.0016
65536,shared_ports,2,114,0.069632,0.0016
65536,shared_ports,2,115,0.070656,0.0017
65536,shared_ports,2,116,0.068608,0.0017
65536,shared_ports,2,117,0.069632,0.0017
65536,shared_ports,2,118,0.069632,0.0016
65536,shared_ports,2,119,0.068608,0.0017
65536,shared_ports,3,0,0.075776,0.0021
65536,shared_ports,3,1,0.075776,0.0017
65536,shared_ports,3,2,0.068608,0.0017
65536,shared_ports,3,3,0.069632,0.0017
65536,shared_ports,3,4,0.069632,0.0016
65536,shared_ports,3,5,0.069632,0.0016
65536,shared_ports,3,6,0.069632,0.0017
65536,shared_ports,3,7,0.070656,0.0017
65536,shared_ports,3,8,0.069632,0.0017
65536,shared_ports,3,9,0.068608,0.0016
65536,shared_ports,3,10,0.069632,0.0017
65536,shared_ports,3,11,0.070656,0.0017
65536,shared_ports,3,12,0.069632,0.0017
65536,shared_ports,3,13,0.07168,0.0017
65536,shared_ports,3,14,0.069632,0.0019
65536,shared_ports,3,15,0.070656,0.003
65536,shared_ports,3,16,0.069632,0.0018
65536,shared_ports,3,17,0.069632,0.0017
65536,shared_ports,3,18,0.070656,0.0019
65536,shared_ports,3,19,0.069632,0.0017
65536,shared_ports,3,20,0.068608,0.0018
65536,shared_ports,3,21,0.069632,0.0017
65536,shared_ports,3,22,0.069632,0.0017
65536,shared_ports,3,23,0.070656,0.0017
65536,shared_ports,3,24,0.069632,0.0017
65536,shared_ports,3,25,0.069632,0.0018
65536,shared_ports,3,26,0.068608,0.0017
65536,shared_ports,3,27,0.069632,0.0017
65536,shared_ports,3,28,0.068608,0.0017
65536,shared_ports,3,29,0.069632,0.0017
65536,shared_ports,3,30,0.069632,0.0017
65536,shared_ports,3,31,0.069632,0.0017
65536,shared_ports,3,32,0.069632,0.0022
65536,shared_ports,3,33,0.069632,0.0021
65536,shared_ports,3,34,0.068608,0.002
65536,shared_ports,3,35,0.069632,0.0019
65536,shared_ports,3,36,0.068608,0.0023
65536,shared_ports,3,37,0.069632,0.0017
65536,shared_ports,3,38,0.068608,0.0017
65536,shared_ports,3,39,0.069632,0.0017
65536,shared_ports,3,40,0.069632,0.0017
65536,shared_ports,3,41,0.069632,0.0017
65536,shared_ports,3,42,0.068608,0.002
65536,shared_ports,3,43,0.069632,0.0017
65536,shared_ports,3,44,0.068608,0.0018
65536,shared_ports,3,45,0.069632,0.0019
65536,shared_ports,3,46,0.068608,0.0016
65536,shared_ports,3,47,0.069632,0.0017
65536,shared_ports,3,48,0.068608,0.0017
65536,shared_ports,3,49,0.069632,0.0018
65536,shared_ports,3,50,0.069632,0.0017
65536,shared_ports,3,51,0.069632,0.0018
65536,shared_ports,3,52,0.068608,0.0017
65536,shared_ports,3,53,0.069632,0.0016
65536,shared_ports,3,54,0.069632,0.0019
65536,shared_ports,3,55,0.068608,0.0019
65536,shared_ports,3,56,0.069632,0.002
65536,shared_ports,3,57,0.069632,0.0017
65536,shared_ports,3,58,0.068608,0.0016
65536,shared_ports,3,59,0.069632,0.0021
65536,shared_ports,3,60,0.069632,0.0017
65536,shared_ports,3,61,0.068608,0.0017
65536,shared_ports,3,62,0.069632,0.0017
65536,shared_ports,3,63,0.069632,0.0016
65536,shared_ports,3,64,0.068608,0.0017
65536,shared_ports,3,65,0.068608,0.0017
65536,shared_ports,3,66,0.068608,0.0017
65536,shared_ports,3,67,0.069632,0.0017
65536,shared_ports,3,68,0.068608,0.0017
65536,shared_ports,3,69,0.068608,0.0016
65536,shared_ports,3,70,0.069632,0.0017
65536,shared_ports,3,71,0.069632,0.0017
65536,shared_ports,3,72,0.069632,0.0017
65536,shared_ports,3,73,0.070656,0.0016
65536,shared_ports,3,74,0.068608,0.0016
65536,shared_ports,3,75,0.068608,0.0016
65536,shared_ports,3,76,0.068608,0.0017
65536,shared_ports,3,77,0.069632,0.0017
65536,shared_ports,3,78,0.068608,0.0017
65536,shared_ports,3,79,0.069632,0.0017
65536,shared_ports,3,80,0.069632,0.0017
65536,shared_ports,3,81,0.069632,0.0017
65536,shared_ports,3,82,0.068608,0.0017
65536,shared_ports,3,83,0.069632,0.0017
65536,shared_ports,3,84,0.070656,0.0016
65536,shared_ports,3,85,0.069632,0.0016
65536,shared_ports,3,86,0.069632,0.0016
65536,shared_ports,3,87,0.070656,0.0017
65536,shared_ports,3,88,0.068608,0.0017
65536,shared_ports,3,89,0.069632,0.0016
65536,shared_ports,3,90,0.070656,0.0017
65536,shared_ports,3,91,0.070656,0.0017
65536,shared_ports,3,92,0.069632,0.0016
65536,shared_ports,3,93,0.069632,0.0016
65536,shared_ports,3,94,0.069632,0.0017
65536,shared_ports,3,95,0.069632,0.0017
65536,shared_ports,3,96,0.069632,0.0017
65536,shared_ports,3,97,0.069632,0.0017
65536,shared_ports,3,98,0.068608,0.0017
65536,shared_ports,3,99,0.069632,0.0017
65536,shared_ports,3,100,0.069632,0.0017
65536,shared_ports,3,101,0.068608,0.0017
65536,shared_ports,3,102,0.068608,0.0017
65536,shared_ports,3,103,0.070656,0.0017
65536,shared_ports,3,104,0.069632,0.0017
65536,shared_ports,3,105,0.069632,0.0017
65536,shared_ports,3,106,0.069632,0.0017
65536,shared_ports,3,107,0.069632,0.0018
65536,shared_ports,3,108,0.068608,0.0017
65536,shared_ports,3,109,0.068608,0.0017
65536,shared_ports,3,110,0.068608,0.0017
65536,shared_ports,3,111,0.069632,0.0017
65536,shared_ports,3,112,0.068608,0.0017
65536,shared_ports,3,113,0.069632,0.0017
65536,shared_ports,3,114,0.068608,0.0016
65536,shared_ports,3,115,0.07168,0.0017
65536,shared_ports,3,116,0.068608,0.0017
65536,shared_ports,3,117,0.070656,0.0017
65536,shared_ports,3,118,0.068608,0.0017
65536,shared_ports,3,119,0.070656,0.0017
131072,legacy_loop,1,0,0.072704,0.0011
131072,legacy_loop,1,1,0.072704,8.0E-4
131072,legacy_loop,1,2,0.07168,8.0E-4
131072,legacy_loop,1,3,0.07168,8.0E-4
131072,legacy_loop,1,4,0.07168,8.0E-4
131072,legacy_loop,1,5,0.07168,8.0E-4
131072,legacy_loop,1,6,0.072704,8.0E-4
131072,legacy_loop,1,7,0.07168,8.0E-4
131072,legacy_loop,1,8,0.07168,8.0E-4
131072,legacy_loop,1,9,0.072704,8.0E-4
131072,legacy_loop,1,10,0.07168,8.0E-4
131072,legacy_loop,1,11,0.07168,7.0E-4
131072,legacy_loop,1,12,0.07168,8.0E-4
131072,legacy_loop,1,13,0.072704,8.0E-4
131072,legacy_loop,1,14,0.07168,8.0E-4
131072,legacy_loop,1,15,0.07168,8.0E-4
131072,legacy_loop,1,16,0.073728,8.0E-4
131072,legacy_loop,1,17,0.07168,8.0E-4
131072,legacy_loop,1,18,0.072704,8.0E-4
131072,legacy_loop,1,19,0.07168,8.0E-4
131072,legacy_loop,1,20,0.072704,8.0E-4
131072,legacy_loop,1,21,0.07168,8.0E-4
131072,legacy_loop,1,22,0.07168,8.0E-4
131072,legacy_loop,1,23,0.121856,0.0012
131072,legacy_loop,1,24,0.073728,0.001
131072,legacy_loop,1,25,0.07168,9.0E-4
131072,legacy_loop,1,26,0.07168,8.0E-4
131072,legacy_loop,1,27,0.07168,8.0E-4
131072,legacy_loop,1,28,0.07168,8.0E-4
131072,legacy_loop,1,29,0.072704,8.0E-4
131072,legacy_loop,1,30,0.07168,8.0E-4
131072,legacy_loop,1,31,0.07168,8.0E-4
131072,legacy_loop,1,32,0.07168,7.0E-4
131072,legacy_loop,1,33,0.072704,8.0E-4
131072,legacy_loop,1,34,0.07168,8.0E-4
131072,legacy_loop,1,35,0.070656,8.0E-4
131072,legacy_loop,1,36,0.07168,7.0E-4
131072,legacy_loop,1,37,0.07168,8.0E-4
131072,legacy_loop,1,38,0.07168,8.0E-4
131072,legacy_loop,1,39,0.072704,8.0E-4
131072,legacy_loop,1,40,0.072704,8.0E-4
131072,legacy_loop,1,41,0.072704,8.0E-4
131072,legacy_loop,1,42,0.072704,8.0E-4
131072,legacy_loop,1,43,0.07168,8.0E-4
131072,legacy_loop,1,44,0.072704,8.0E-4
131072,legacy_loop,1,45,0.072704,8.0E-4
131072,legacy_loop,1,46,0.073728,8.0E-4
131072,legacy_loop,1,47,0.07168,8.0E-4
131072,legacy_loop,1,48,0.072704,8.0E-4
131072,legacy_loop,1,49,0.072704,8.0E-4
131072,legacy_loop,1,50,0.072704,8.0E-4
131072,legacy_loop,1,51,0.07168,8.0E-4
131072,legacy_loop,1,52,0.072704,9.0E-4
131072,legacy_loop,1,53,0.072704,7.0E-4
131072,legacy_loop,1,54,0.072704,7.0E-4
131072,legacy_loop,1,55,0.072704,8.0E-4
131072,legacy_loop,1,56,0.072704,7.0E-4
131072,legacy_loop,1,57,0.07168,7.0E-4
131072,legacy_loop,1,58,0.072704,8.0E-4
131072,legacy_loop,1,59,0.07168,8.0E-4
131072,legacy_loop,1,60,0.07168,8.0E-4
131072,legacy_loop,1,61,0.07168,8.0E-4
131072,legacy_loop,1,62,0.072704,7.0E-4
131072,legacy_loop,1,63,0.07168,8.0E-4
131072,legacy_loop,1,64,0.072704,8.0E-4
131072,legacy_loop,1,65,0.07168,8.0E-4
131072,legacy_loop,1,66,0.072704,8.0E-4
131072,legacy_loop,1,67,0.07168,7.0E-4
131072,legacy_loop,1,68,0.072704,8.0E-4
131072,legacy_loop,1,69,0.07168,8.0E-4
131072,legacy_loop,1,70,0.07168,7.0E-4
131072,legacy_loop,1,71,0.07168,7.0E-4
131072,legacy_loop,1,72,0.07168,8.0E-4
131072,legacy_loop,1,73,0.07168,8.0E-4
131072,legacy_loop,1,74,0.072704,7.0E-4
131072,legacy_loop,1,75,0.072704,8.0E-4
131072,legacy_loop,1,76,0.07168,8.0E-4
131072,legacy_loop,1,77,0.07168,9.0E-4
131072,legacy_loop,1,78,0.072704,9.0E-4
131072,legacy_loop,1,79,0.07168,8.0E-4
131072,legacy_loop,1,80,0.072704,8.0E-4
131072,legacy_loop,1,81,0.07168,8.0E-4
131072,legacy_loop,1,82,0.072704,8.0E-4
131072,legacy_loop,1,83,0.072704,8.0E-4
131072,legacy_loop,1,84,0.07168,8.0E-4
131072,legacy_loop,1,85,0.07168,8.0E-4
131072,legacy_loop,1,86,0.072704,8.0E-4
131072,legacy_loop,1,87,0.072704,8.0E-4
131072,legacy_loop,1,88,0.07168,8.0E-4
131072,legacy_loop,1,89,0.072704,8.0E-4
131072,legacy_loop,1,90,0.072704,8.0E-4
131072,legacy_loop,1,91,0.072704,7.0E-4
131072,legacy_loop,1,92,0.07168,8.0E-4
131072,legacy_loop,1,93,0.072704,8.0E-4
131072,legacy_loop,1,94,0.07168,8.0E-4
131072,legacy_loop,1,95,0.07168,8.0E-4
131072,legacy_loop,1,96,0.072704,8.0E-4
131072,legacy_loop,1,97,0.072704,7.0E-4
131072,legacy_loop,1,98,0.072704,8.0E-4
131072,legacy_loop,1,99,0.07168,8.0E-4
131072,legacy_loop,1,100,0.072704,8.0E-4
131072,legacy_loop,1,101,0.07168,8.0E-4
131072,legacy_loop,1,102,0.07168,8.0E-4
131072,legacy_loop,1,103,0.072704,8.0E-4
131072,legacy_loop,1,104,0.072704,7.0E-4
131072,legacy_loop,1,105,0.072704,8.0E-4
131072,legacy_loop,1,106,0.072704,8.0E-4
131072,legacy_loop,1,107,0.07168,7.0E-4
131072,legacy_loop,1,108,0.07168,8.0E-4
131072,legacy_loop,1,109,0.07168,8.0E-4
131072,legacy_loop,1,110,0.07168,8.0E-4
131072,legacy_loop,1,111,0.072704,8.0E-4
131072,legacy_loop,1,112,0.072704,7.0E-4
131072,legacy_loop,1,113,0.072704,7.0E-4
131072,legacy_loop,1,114,0.072704,8.0E-4
131072,legacy_loop,1,115,0.072704,8.0E-4
131072,legacy_loop,1,116,0.072704,8.0E-4
131072,legacy_loop,1,117,0.072704,8.0E-4
131072,legacy_loop,1,118,0.07168,8.0E-4
131072,legacy_loop,1,119,0.07168,8.0E-4
131072,legacy_loop,2,0,0.072704,0.0012
131072,legacy_loop,2,1,0.07168,8.0E-4
131072,legacy_loop,2,2,0.07168,8.0E-4
131072,legacy_loop,2,3,0.07168,8.0E-4
131072,legacy_loop,2,4,0.07168,9.0E-4
131072,legacy_loop,2,5,0.072704,8.0E-4
131072,legacy_loop,2,6,0.07168,8.0E-4
131072,legacy_loop,2,7,0.07168,8.0E-4
131072,legacy_loop,2,8,0.072704,9.0E-4
131072,legacy_loop,2,9,0.073728,0.001
131072,legacy_loop,2,10,0.07168,9.0E-4
131072,legacy_loop,2,11,0.072704,9.0E-4
131072,legacy_loop,2,12,0.070656,8.0E-4
131072,legacy_loop,2,13,0.07168,8.0E-4
131072,legacy_loop,2,14,0.07168,8.0E-4
131072,legacy_loop,2,15,0.072704,8.0E-4
131072,legacy_loop,2,16,0.07168,8.0E-4
131072,legacy_loop,2,17,0.072704,8.0E-4
131072,legacy_loop,2,18,0.072704,9.0E-4
131072,legacy_loop,2,19,0.07168,9.0E-4
131072,legacy_loop,2,20,0.07168,8.0E-4
131072,legacy_loop,2,21,0.072704,8.0E-4
131072,legacy_loop,2,22,0.07168,8.0E-4
131072,legacy_loop,2,23,0.072704,9.0E-4
131072,legacy_loop,2,24,0.07168,9.0E-4
131072,legacy_loop,2,25,0.07168,0.001
131072,legacy_loop,2,26,0.07168,9.0E-4
131072,legacy_loop,2,27,0.072704,0.0011
131072,legacy_loop,2,28,0.07168,8.0E-4
131072,legacy_loop,2,29,0.07168,8.0E-4
131072,legacy_loop,2,30,0.072704,9.0E-4
131072,legacy_loop,2,31,0.07168,8.0E-4
131072,legacy_loop,2,32,0.072704,8.0E-4
131072,legacy_loop,2,33,0.072704,9.0E-4
131072,legacy_loop,2,34,0.07168,9.0E-4
131072,legacy_loop,2,35,0.07168,9.0E-4
131072,legacy_loop,2,36,0.07168,8.0E-4
131072,legacy_loop,2,37,0.073728,8.0E-4
131072,legacy_loop,2,38,0.07168,9.0E-4
131072,legacy_loop,2,39,0.072704,0.001
131072,legacy_loop,2,40,0.07168,0.001
131072,legacy_loop,2,41,0.072704,8.0E-4
131072,legacy_loop,2,42,0.07168,0.001
131072,legacy_loop,2,43,0.072704,0.0011
131072,legacy_loop,2,44,0.07168,8.0E-4
131072,legacy_loop,2,45,0.072704,8.0E-4
131072,legacy_loop,2,46,0.07168,9.0E-4
131072,legacy_loop,2,47,0.07168,8.0E-4
131072,legacy_loop,2,48,0.07168,8.0E-4
131072,legacy_loop,2,49,0.072704,0.001
131072,legacy_loop,2,50,0.07168,9.0E-4
131072,legacy_loop,2,51,0.073728,0.001
131072,legacy_loop,2,52,0.07168,8.0E-4
131072,legacy_loop,2,53,0.07168,8.0E-4
131072,legacy_loop,2,54,0.07168,0.001
131072,legacy_loop,2,55,0.07168,8.0E-4
131072,legacy_loop,2,56,0.072704,9.0E-4
131072,legacy_loop,2,57,0.072704,8.0E-4
131072,legacy_loop,2,58,0.072704,8.0E-4
131072,legacy_loop,2,59,0.07168,9.0E-4
131072,legacy_loop,2,60,0.07168,9.0E-4
131072,legacy_loop,2,61,0.072704,8.0E-4
131072,legacy_loop,2,62,0.070656,8.0E-4
131072,legacy_loop,2,63,0.072704,9.0E-4
131072,legacy_loop,2,64,0.07168,0.001
131072,legacy_loop,2,65,0.072704,0.0011
131072,legacy_loop,2,66,0.072704,0.001
131072,legacy_loop,2,67,0.07168,9.0E-4
131072,legacy_loop,2,68,0.07168,8.0E-4
131072,legacy_loop,2,69,0.072704,8.0E-4
131072,legacy_loop,2,70,0.07168,8.0E-4
131072,legacy_loop,2,71,0.07168,0.0017
131072,legacy_loop,2,72,0.07168,0.0012
131072,legacy_loop,2,73,0.07168,0.001
131072,legacy_loop,2,74,0.07168,8.0E-4
131072,legacy_loop,2,75,0.072704,8.0E-4
131072,legacy_loop,2,76,0.07168,8.0E-4
131072,legacy_loop,2,77,0.072704,9.0E-4
131072,legacy_loop,2,78,0.07168,8.0E-4
131072,legacy_loop,2,79,0.072704,8.0E-4
131072,legacy_loop,2,80,0.07168,9.0E-4
131072,legacy_loop,2,81,0.072704,8.0E-4
131072,legacy_loop,2,82,0.07168,8.0E-4
131072,legacy_loop,2,83,0.07168,7.0E-4
131072,legacy_loop,2,84,0.07168,0.0012
131072,legacy_loop,2,85,0.072704,9.0E-4
131072,legacy_loop,2,86,0.07168,7.0E-4
131072,legacy_loop,2,87,0.072704,8.0E-4
131072,legacy_loop,2,88,0.072704,8.0E-4
131072,legacy_loop,2,89,0.072704,8.0E-4
131072,legacy_loop,2,90,0.072704,8.0E-4
131072,legacy_loop,2,91,0.072704,8.0E-4
131072,legacy_loop,2,92,0.072704,8.0E-4
131072,legacy_loop,2,93,0.072704,8.0E-4
131072,legacy_loop,2,94,0.07168,8.0E-4
131072,legacy_loop,2,95,0.07168,8.0E-4
131072,legacy_loop,2,96,0.07168,8.0E-4
131072,legacy_loop,2,97,0.07168,8.0E-4
131072,legacy_loop,2,98,0.07168,0.0011
131072,legacy_loop,2,99,0.073728,9.0E-4
131072,legacy_loop,2,100,0.07168,8.0E-4
131072,legacy_loop,2,101,0.072704,8.0E-4
131072,legacy_loop,2,102,0.07168,8.0E-4
131072,legacy_loop,2,103,0.072704,9.0E-4
131072,legacy_loop,2,104,0.07168,9.0E-4
131072,legacy_loop,2,105,0.07168,8.0E-4
131072,legacy_loop,2,106,0.072704,9.0E-4
131072,legacy_loop,2,107,0.07168,8.0E-4
131072,legacy_loop,2,108,0.072704,8.0E-4
131072,legacy_loop,2,109,0.072704,8.0E-4
131072,legacy_loop,2,110,0.07168,8.0E-4
131072,legacy_loop,2,111,0.072704,9.0E-4
131072,legacy_loop,2,112,0.07168,0.0012
131072,legacy_loop,2,113,0.072704,0.0012
131072,legacy_loop,2,114,0.072704,8.0E-4
131072,legacy_loop,2,115,0.072704,8.0E-4
131072,legacy_loop,2,116,0.072704,0.0012
131072,legacy_loop,2,117,0.072704,8.0E-4
131072,legacy_loop,2,118,0.07168,9.0E-4
131072,legacy_loop,2,119,0.07168,0.0011
131072,legacy_loop,3,0,0.072704,0.0011
131072,legacy_loop,3,1,0.072704,8.0E-4
131072,legacy_loop,3,2,0.072704,8.0E-4
131072,legacy_loop,3,3,0.070656,8.0E-4
131072,legacy_loop,3,4,0.072704,8.0E-4
131072,legacy_loop,3,5,0.07168,8.0E-4
131072,legacy_loop,3,6,0.07168,8.0E-4
131072,legacy_loop,3,7,0.07168,8.0E-4
131072,legacy_loop,3,8,0.072704,8.0E-4
131072,legacy_loop,3,9,0.070656,8.0E-4
131072,legacy_loop,3,10,0.072704,8.0E-4
131072,legacy_loop,3,11,0.072704,8.0E-4
131072,legacy_loop,3,12,0.072704,8.0E-4
131072,legacy_loop,3,13,0.07168,7.0E-4
131072,legacy_loop,3,14,0.07168,8.0E-4
131072,legacy_loop,3,15,0.07168,7.0E-4
131072,legacy_loop,3,16,0.072704,7.0E-4
131072,legacy_loop,3,17,0.07168,8.0E-4
131072,legacy_loop,3,18,0.072704,8.0E-4
131072,legacy_loop,3,19,0.072704,8.0E-4
131072,legacy_loop,3,20,0.07168,8.0E-4
131072,legacy_loop,3,21,0.07168,8.0E-4
131072,legacy_loop,3,22,0.072704,8.0E-4
131072,legacy_loop,3,23,0.07168,8.0E-4
131072,legacy_loop,3,24,0.072704,8.0E-4
131072,legacy_loop,3,25,0.07168,8.0E-4
131072,legacy_loop,3,26,0.072704,7.0E-4
131072,legacy_loop,3,27,0.07168,8.0E-4
131072,legacy_loop,3,28,0.072704,8.0E-4
131072,legacy_loop,3,29,0.07168,8.0E-4
131072,legacy_loop,3,30,0.07168,8.0E-4
131072,legacy_loop,3,31,0.072704,8.0E-4
131072,legacy_loop,3,32,0.072704,8.0E-4
131072,legacy_loop,3,33,0.07168,8.0E-4
131072,legacy_loop,3,34,0.072704,9.0E-4
131072,legacy_loop,3,35,0.072704,0.0012
131072,legacy_loop,3,36,0.072704,8.0E-4
131072,legacy_loop,3,37,0.07168,8.0E-4
131072,legacy_loop,3,38,0.072704,8.0E-4
131072,legacy_loop,3,39,0.072704,8.0E-4
131072,legacy_loop,3,40,0.072704,7.0E-4
131072,legacy_loop,3,41,0.072704,7.0E-4
131072,legacy_loop,3,42,0.072704,8.0E-4
131072,legacy_loop,3,43,0.07168,8.0E-4
131072,legacy_loop,3,44,0.072704,0.0012
131072,legacy_loop,3,45,0.07168,7.0E-4
131072,legacy_loop,3,46,0.07168,8.0E-4
131072,legacy_loop,3,47,0.072704,8.0E-4
131072,legacy_loop,3,48,0.073728,8.0E-4
131072,legacy_loop,3,49,0.072704,8.0E-4
131072,legacy_loop,3,50,0.07168,8.0E-4
131072,legacy_loop,3,51,0.072704,8.0E-4
131072,legacy_loop,3,52,0.07168,9.0E-4
131072,legacy_loop,3,53,0.07168,8.0E-4
131072,legacy_loop,3,54,0.072704,8.0E-4
131072,legacy_loop,3,55,0.072704,8.0E-4
131072,legacy_loop,3,56,0.07168,7.0E-4
131072,legacy_loop,3,57,0.07168,8.0E-4
131072,legacy_loop,3,58,0.072704,8.0E-4
131072,legacy_loop,3,59,0.07168,8.0E-4
131072,legacy_loop,3,60,0.07168,8.0E-4
131072,legacy_loop,3,61,0.07168,8.0E-4
131072,legacy_loop,3,62,0.072704,8.0E-4
131072,legacy_loop,3,63,0.070656,8.0E-4
131072,legacy_loop,3,64,0.072704,8.0E-4
131072,legacy_loop,3,65,0.07168,8.0E-4
131072,legacy_loop,3,66,0.07168,0.0011
131072,legacy_loop,3,67,0.07168,0.0012
131072,legacy_loop,3,68,0.072704,9.0E-4
131072,legacy_loop,3,69,0.072704,8.0E-4
131072,legacy_loop,3,70,0.072704,9.0E-4
131072,legacy_loop,3,71,0.07168,8.0E-4
131072,legacy_loop,3,72,0.072704,8.0E-4
131072,legacy_loop,3,73,0.07168,8.0E-4
131072,legacy_loop,3,74,0.072704,9.0E-4
131072,legacy_loop,3,75,0.072704,9.0E-4
131072,legacy_loop,3,76,0.072704,9.0E-4
131072,legacy_loop,3,77,0.07168,8.0E-4
131072,legacy_loop,3,78,0.073728,9.0E-4
131072,legacy_loop,3,79,0.072704,9.0E-4
131072,legacy_loop,3,80,0.072704,0.0012
131072,legacy_loop,3,81,0.072704,8.0E-4
131072,legacy_loop,3,82,0.072704,7.0E-4
131072,legacy_loop,3,83,0.070656,8.0E-4
131072,legacy_loop,3,84,0.07168,8.0E-4
131072,legacy_loop,3,85,0.072704,8.0E-4
131072,legacy_loop,3,86,0.07168,8.0E-4
131072,legacy_loop,3,87,0.07168,7.0E-4
131072,legacy_loop,3,88,0.07168,8.0E-4
131072,legacy_loop,3,89,0.072704,8.0E-4
131072,legacy_loop,3,90,0.072704,8.0E-4
131072,legacy_loop,3,91,0.072704,8.0E-4
131072,legacy_loop,3,92,0.072704,7.0E-4
131072,legacy_loop,3,93,0.07168,8.0E-4
131072,legacy_loop,3,94,0.072704,8.0E-4
131072,legacy_loop,3,95,0.07168,8.0E-4
131072,legacy_loop,3,96,0.072704,8.0E-4
131072,legacy_loop,3,97,0.072704,8.0E-4
131072,legacy_loop,3,98,0.072704,8.0E-4
131072,legacy_loop,3,99,0.07168,8.0E-4
131072,legacy_loop,3,100,0.072704,8.0E-4
131072,legacy_loop,3,101,0.072704,7.0E-4
131072,legacy_loop,3,102,0.072704,8.0E-4
131072,legacy_loop,3,103,0.072704,8.0E-4
131072,legacy_loop,3,104,0.07168,8.0E-4
131072,legacy_loop,3,105,0.07168,8.0E-4
131072,legacy_loop,3,106,0.07168,0.001
131072,legacy_loop,3,107,0.07168,8.0E-4
131072,legacy_loop,3,108,0.072704,8.0E-4
131072,legacy_loop,3,109,0.07168,8.0E-4
131072,legacy_loop,3,110,0.07168,8.0E-4
131072,legacy_loop,3,111,0.07168,8.0E-4
131072,legacy_loop,3,112,0.072704,8.0E-4
131072,legacy_loop,3,113,0.07168,8.0E-4
131072,legacy_loop,3,114,0.072704,7.0E-4
131072,legacy_loop,3,115,0.07168,9.0E-4
131072,legacy_loop,3,116,0.072704,9.0E-4
131072,legacy_loop,3,117,0.072704,8.0E-4
131072,legacy_loop,3,118,0.072704,7.0E-4
131072,legacy_loop,3,119,0.07168,8.0E-4
131072,shared_loop,1,0,0.131072,0.0021
131072,shared_loop,1,1,0.13312,0.0017
131072,shared_loop,1,2,0.13312,0.0017
131072,shared_loop,1,3,0.13312,0.0026
131072,shared_loop,1,4,0.13312,0.0017
131072,shared_loop,1,5,0.131072,0.0017
131072,shared_loop,1,6,0.134144,0.0017
131072,shared_loop,1,7,0.13312,0.0016
131072,shared_loop,1,8,0.13312,0.0017
131072,shared_loop,1,9,0.13312,0.0017
131072,shared_loop,1,10,0.142336,0.0017
131072,shared_loop,1,11,0.171008,0.0019
131072,shared_loop,1,12,0.129024,0.0026
131072,shared_loop,1,13,0.13312,0.0019
131072,shared_loop,1,14,0.13312,0.0017
131072,shared_loop,1,15,0.13312,0.0018
131072,shared_loop,1,16,0.135168,0.0017
131072,shared_loop,1,17,0.134144,0.0017
131072,shared_loop,1,18,0.134144,0.0017
131072,shared_loop,1,19,0.134144,0.0017
131072,shared_loop,1,20,0.13312,0.0017
131072,shared_loop,1,21,0.134144,0.0017
131072,shared_loop,1,22,0.134144,0.0016
131072,shared_loop,1,23,0.134144,0.0016
131072,shared_loop,1,24,0.134144,0.0017
131072,shared_loop,1,25,0.134144,0.002
131072,shared_loop,1,26,0.13312,0.0017
131072,shared_loop,1,27,0.13312,0.0021
131072,shared_loop,1,28,0.135168,0.0016
131072,shared_loop,1,29,0.13312,0.0023
131072,shared_loop,1,30,0.134144,0.0017
131072,shared_loop,1,31,0.134144,0.0016
131072,shared_loop,1,32,0.134144,0.0017
131072,shared_loop,1,33,0.13312,0.0017
131072,shared_loop,1,34,0.13312,0.0017
131072,shared_loop,1,35,0.134144,0.0017
131072,shared_loop,1,36,0.132096,0.0016
131072,shared_loop,1,37,0.13312,0.0016
131072,shared_loop,1,38,0.134144,0.0016
131072,shared_loop,1,39,0.13312,0.0017
131072,shared_loop,1,40,0.134144,0.0017
131072,shared_loop,1,41,0.132096,0.0016
131072,shared_loop,1,42,0.13312,0.0017
131072,shared_loop,1,43,0.132096,0.0017
131072,shared_loop,1,44,0.13312,0.0017
131072,shared_loop,1,45,0.134144,0.0017
131072,shared_loop,1,46,0.132096,0.0017
131072,shared_loop,1,47,0.13312,0.0016
131072,shared_loop,1,48,0.134144,0.0017
131072,shared_loop,1,49,0.13312,0.0018
131072,shared_loop,1,50,0.13312,0.0017
131072,shared_loop,1,51,0.13312,0.0017
131072,shared_loop,1,52,0.13312,0.0016
131072,shared_loop,1,53,0.13312,0.0017
131072,shared_loop,1,54,0.134144,0.0016
131072,shared_loop,1,55,0.134144,0.0016
131072,shared_loop,1,56,0.134144,0.0017
131072,shared_loop,1,57,0.13312,0.0016
131072,shared_loop,1,58,0.134144,0.0017
131072,shared_loop,1,59,0.13312,0.0017
131072,shared_loop,1,60,0.134144,0.0017
131072,shared_loop,1,61,0.134144,0.0017
131072,shared_loop,1,62,0.13312,0.0017
131072,shared_loop,1,63,0.13312,0.0016
131072,shared_loop,1,64,0.131072,0.0018
131072,shared_loop,1,65,0.13312,0.0017
131072,shared_loop,1,66,0.134144,0.0017
131072,shared_loop,1,67,0.134144,0.0016
131072,shared_loop,1,68,0.13312,0.0018
131072,shared_loop,1,69,0.13312,0.0017
131072,shared_loop,1,70,0.13312,0.0017
131072,shared_loop,1,71,0.135168,0.0017
131072,shared_loop,1,72,0.135168,0.0017
131072,shared_loop,1,73,0.131072,0.0016
131072,shared_loop,1,74,0.134144,0.0017
131072,shared_loop,1,75,0.132096,0.0017
131072,shared_loop,1,76,0.134144,0.0016
131072,shared_loop,1,77,0.13312,0.0016
131072,shared_loop,1,78,0.135168,0.0017
131072,shared_loop,1,79,0.134144,0.0016
131072,shared_loop,1,80,0.132096,0.0016
131072,shared_loop,1,81,0.134144,0.0017
131072,shared_loop,1,82,0.134144,0.0017
131072,shared_loop,1,83,0.134144,0.0017
131072,shared_loop,1,84,0.135168,0.0017
131072,shared_loop,1,85,0.135168,0.0017
131072,shared_loop,1,86,0.13312,0.0016
131072,shared_loop,1,87,0.13312,0.0017
131072,shared_loop,1,88,0.135168,0.0017
131072,shared_loop,1,89,0.134144,0.0017
131072,shared_loop,1,90,0.134144,0.0016
131072,shared_loop,1,91,0.134144,0.0017
131072,shared_loop,1,92,0.13312,0.0017
131072,shared_loop,1,93,0.132096,0.0017
131072,shared_loop,1,94,0.132096,0.0017
131072,shared_loop,1,95,0.13312,0.0017
131072,shared_loop,1,96,0.13312,0.0017
131072,shared_loop,1,97,0.132096,0.0017
131072,shared_loop,1,98,0.13312,0.0017
131072,shared_loop,1,99,0.13312,0.0016
131072,shared_loop,1,100,0.13312,0.0017
131072,shared_loop,1,101,0.13312,0.0017
131072,shared_loop,1,102,0.134144,0.0016
131072,shared_loop,1,103,0.13312,0.0017
131072,shared_loop,1,104,0.134144,0.0017
131072,shared_loop,1,105,0.13312,0.0017
131072,shared_loop,1,106,0.134144,0.0016
131072,shared_loop,1,107,0.134144,0.0017
131072,shared_loop,1,108,0.134144,0.0017
131072,shared_loop,1,109,0.134144,0.0017
131072,shared_loop,1,110,0.134144,0.0017
131072,shared_loop,1,111,0.134144,0.0016
131072,shared_loop,1,112,0.13312,0.0016
131072,shared_loop,1,113,0.134144,0.0017
131072,shared_loop,1,114,0.134144,0.0017
131072,shared_loop,1,115,0.13312,0.0016
131072,shared_loop,1,116,0.135168,0.0016
131072,shared_loop,1,117,0.13312,0.0017
131072,shared_loop,1,118,0.134144,0.0017
131072,shared_loop,1,119,0.134144,0.0017
131072,shared_loop,2,0,0.132096,0.0021
131072,shared_loop,2,1,0.132096,0.0017
131072,shared_loop,2,2,0.131072,0.0016
131072,shared_loop,2,3,0.132096,0.0016
131072,shared_loop,2,4,0.129024,0.0016
131072,shared_loop,2,5,0.132096,0.002
131072,shared_loop,2,6,0.131072,0.0019
131072,shared_loop,2,7,0.131072,0.0016
131072,shared_loop,2,8,0.131072,0.0016
131072,shared_loop,2,9,0.131072,0.0017
131072,shared_loop,2,10,0.132096,0.0022
131072,shared_loop,2,11,0.13312,0.0018
131072,shared_loop,2,12,0.130048,0.0017
131072,shared_loop,2,13,0.132096,0.0016
131072,shared_loop,2,14,0.131072,0.0017
131072,shared_loop,2,15,0.132096,0.0017
131072,shared_loop,2,16,0.131072,0.0016
131072,shared_loop,2,17,0.13312,0.0016
131072,shared_loop,2,18,0.131072,0.0018
131072,shared_loop,2,19,0.131072,0.0018
131072,shared_loop,2,20,0.131072,0.0022
131072,shared_loop,2,21,0.132096,0.0017
131072,shared_loop,2,22,0.131072,0.0016
131072,shared_loop,2,23,0.131072,0.0016
131072,shared_loop,2,24,0.131072,0.0016
131072,shared_loop,2,25,0.132096,0.0016
131072,shared_loop,2,26,0.131072,0.0016
131072,shared_loop,2,27,0.130048,0.0016
131072,shared_loop,2,28,0.132096,0.0019
131072,shared_loop,2,29,0.132096,0.0016
131072,shared_loop,2,30,0.130048,0.0016
131072,shared_loop,2,31,0.13312,0.0015
131072,shared_loop,2,32,0.131072,0.0016
131072,shared_loop,2,33,0.132096,0.0016
131072,shared_loop,2,34,0.131072,0.0016
131072,shared_loop,2,35,0.131072,0.0016
131072,shared_loop,2,36,0.131072,0.0016
131072,shared_loop,2,37,0.130048,0.0016
131072,shared_loop,2,38,0.132096,0.0016
131072,shared_loop,2,39,0.132096,0.0017
131072,shared_loop,2,40,0.131072,0.0016
131072,shared_loop,2,41,0.131072,0.0016
131072,shared_loop,2,42,0.131072,0.0016
131072,shared_loop,2,43,0.131072,0.0016
131072,shared_loop,2,44,0.132096,0.0016
131072,shared_loop,2,45,0.132096,0.0016
131072,shared_loop,2,46,0.131072,0.0016
131072,shared_loop,2,47,0.131072,0.0016
131072,shared_loop,2,48,0.132096,0.0016
131072,shared_loop,2,49,0.132096,0.0016
131072,shared_loop,2,50,0.130048,0.0017
131072,shared_loop,2,51,0.131072,0.0015
131072,shared_loop,2,52,0.131072,0.0016
131072,shared_loop,2,53,0.131072,0.0016
131072,shared_loop,2,54,0.131072,0.0016
131072,shared_loop,2,55,0.131072,0.0016
131072,shared_loop,2,56,0.132096,0.0016
131072,shared_loop,2,57,0.13312,0.0016
131072,shared_loop,2,58,0.131072,0.0016
131072,shared_loop,2,59,0.132096,0.0016
131072,shared_loop,2,60,0.131072,0.0016
131072,shared_loop,2,61,0.131072,0.0016
131072,shared_loop,2,62,0.129024,0.0015
131072,shared_loop,2,63,0.131072,0.0015
131072,shared_loop,2,64,0.131072,0.0016
131072,shared_loop,2,65,0.132096,0.0016
131072,shared_loop,2,66,0.132096,0.0016
131072,shared_loop,2,67,0.13312,0.0016
131072,shared_loop,2,68,0.130048,0.0016
131072,shared_loop,2,69,0.132096,0.0016
131072,shared_loop,2,70,0.132096,0.0016
131072,shared_loop,2,71,0.13312,0.0016
131072,shared_loop,2,72,0.131072,0.0016
131072,shared_loop,2,73,0.132096,0.0016
131072,shared_loop,2,74,0.131072,0.0016
131072,shared_loop,2,75,0.13312,0.0016
131072,shared_loop,2,76,0.131072,0.0018
131072,shared_loop,2,77,0.132096,0.0022
131072,shared_loop,2,78,0.131072,0.0016
131072,shared_loop,2,79,0.130048,0.0016
131072,shared_loop,2,80,0.131072,0.0016
131072,shared_loop,2,81,0.131072,0.0016
131072,shared_loop,2,82,0.130048,0.0016
131072,shared_loop,2,83,0.131072,0.0016
131072,shared_loop,2,84,0.131072,0.0016
131072,shared_loop,2,85,0.131072,0.0016
131072,shared_loop,2,86,0.13312,0.0016
131072,shared_loop,2,87,0.132096,0.0016
131072,shared_loop,2,88,0.130048,0.0016
131072,shared_loop,2,89,0.132096,0.0016
131072,shared_loop,2,90,0.132096,0.0016
131072,shared_loop,2,91,0.132096,0.0016
131072,shared_loop,2,92,0.131072,0.0016
131072,shared_loop,2,93,0.13312,0.0016
131072,shared_loop,2,94,0.130048,0.0016
131072,shared_loop,2,95,0.131072,0.0015
131072,shared_loop,2,96,0.132096,0.0016
131072,shared_loop,2,97,0.132096,0.0016
131072,shared_loop,2,98,0.132096,0.0016
131072,shared_loop,2,99,0.132096,0.0016
131072,shared_loop,2,100,0.131072,0.0016
131072,shared_loop,2,101,0.132096,0.0016
131072,shared_loop,2,102,0.13312,0.0016
131072,shared_loop,2,103,0.13312,0.0016
131072,shared_loop,2,104,0.131072,0.0016
131072,shared_loop,2,105,0.132096,0.0016
131072,shared_loop,2,106,0.131072,0.0015
131072,shared_loop,2,107,0.132096,0.0016
131072,shared_loop,2,108,0.131072,0.0016
131072,shared_loop,2,109,0.131072,0.0016
131072,shared_loop,2,110,0.131072,0.0016
131072,shared_loop,2,111,0.132096,0.0016
131072,shared_loop,2,112,0.130048,0.0016
131072,shared_loop,2,113,0.131072,0.0016
131072,shared_loop,2,114,0.131072,0.0016
131072,shared_loop,2,115,0.130048,0.0016
131072,shared_loop,2,116,0.131072,0.0015
131072,shared_loop,2,117,0.132096,0.0017
131072,shared_loop,2,118,0.130048,0.0016
131072,shared_loop,2,119,0.131072,0.0016
131072,shared_loop,3,0,0.134144,0.0022
131072,shared_loop,3,1,0.13312,0.0016
131072,shared_loop,3,2,0.131072,0.0016
131072,shared_loop,3,3,0.13312,0.0016
131072,shared_loop,3,4,0.13312,0.0016
131072,shared_loop,3,5,0.132096,0.0016
131072,shared_loop,3,6,0.132096,0.0016
131072,shared_loop,3,7,0.134144,0.0016
131072,shared_loop,3,8,0.132096,0.0016
131072,shared_loop,3,9,0.13312,0.0016
131072,shared_loop,3,10,0.132096,0.0016
131072,shared_loop,3,11,0.13312,0.0016
131072,shared_loop,3,12,0.132096,0.0016
131072,shared_loop,3,13,0.13312,0.0016
131072,shared_loop,3,14,0.132096,0.0016
131072,shared_loop,3,15,0.13312,0.0016
131072,shared_loop,3,16,0.132096,0.0017
131072,shared_loop,3,17,0.131072,0.0016
131072,shared_loop,3,18,0.132096,0.0016
131072,shared_loop,3,19,0.134144,0.0016
131072,shared_loop,3,20,0.132096,0.0016
131072,shared_loop,3,21,0.135168,0.0015
131072,shared_loop,3,22,0.13312,0.0024
131072,shared_loop,3,23,0.13312,0.0018
131072,shared_loop,3,24,0.132096,0.0019
131072,shared_loop,3,25,0.134144,0.0017
131072,shared_loop,3,26,0.132096,0.0017
131072,shared_loop,3,27,0.131072,0.0018
131072,shared_loop,3,28,0.132096,0.0017
131072,shared_loop,3,29,0.135168,0.0016
131072,shared_loop,3,30,0.132096,0.0016
131072,shared_loop,3,31,0.132096,0.0016
131072,shared_loop,3,32,0.13312,0.0016
131072,shared_loop,3,33,0.13312,0.0016
131072,shared_loop,3,34,0.132096,0.0016
131072,shared_loop,3,35,0.134144,0.0021
131072,shared_loop,3,36,0.131072,0.0019
131072,shared_loop,3,37,0.131072,0.0024
131072,shared_loop,3,38,0.13312,0.0022
131072,shared_loop,3,39,0.134144,0.0019
131072,shared_loop,3,40,0.134144,0.0019
131072,shared_loop,3,41,0.134144,0.0016
131072,shared_loop,3,42,0.132096,0.0019
131072,shared_loop,3,43,0.132096,0.0019
131072,shared_loop,3,44,0.132096,0.0017
131072,shared_loop,3,45,0.134144,0.0016
131072,shared_loop,3,46,0.132096,0.0019
131072,shared_loop,3,47,0.13312,0.0016
131072,shared_loop,3,48,0.13312,0.0018
131072,shared_loop,3,49,0.13312,0.0019
131072,shared_loop,3,50,0.132096,0.0018
131072,shared_loop,3,51,0.13312,0.0017
131072,shared_loop,3,52,0.131072,0.0019
131072,shared_loop,3,53,0.13312,0.0018
131072,shared_loop,3,54,0.13312,0.0022
131072,shared_loop,3,55,0.134144,0.002
131072,shared_loop,3,56,0.132096,0.002
131072,shared_loop,3,57,0.135168,0.0024
131072,shared_loop,3,58,0.13312,0.0021
131072,shared_loop,3,59,0.131072,0.0025
131072,shared_loop,3,60,0.132096,0.0021
131072,shared_loop,3,61,0.134144,0.0016
131072,shared_loop,3,62,0.135168,0.0016
131072,shared_loop,3,63,0.13312,0.0017
131072,shared_loop,3,64,0.132096,0.0016
131072,shared_loop,3,65,0.132096,0.0017
131072,shared_loop,3,66,0.132096,0.0016
131072,shared_loop,3,67,0.132096,0.0017
131072,shared_loop,3,68,0.132096,0.0017
131072,shared_loop,3,69,0.13312,0.0016
131072,shared_loop,3,70,0.13312,0.0016
131072,shared_loop,3,71,0.134144,0.0016
131072,shared_loop,3,72,0.131072,0.0016
131072,shared_loop,3,73,0.13312,0.0017
131072,shared_loop,3,74,0.13312,0.0016
131072,shared_loop,3,75,0.134144,0.0017
131072,shared_loop,3,76,0.131072,0.0016
131072,shared_loop,3,77,0.134144,0.0016
131072,shared_loop,3,78,0.13312,0.0016
131072,shared_loop,3,79,0.134144,0.0016
131072,shared_loop,3,80,0.13312,0.0016
131072,shared_loop,3,81,0.13312,0.0016
131072,shared_loop,3,82,0.132096,0.0016
131072,shared_loop,3,83,0.132096,0.0016
131072,shared_loop,3,84,0.13312,0.0016
131072,shared_loop,3,85,0.134144,0.0016
131072,shared_loop,3,86,0.131072,0.0016
131072,shared_loop,3,87,0.134144,0.0016
131072,shared_loop,3,88,0.132096,0.0016
131072,shared_loop,3,89,0.132096,0.0016
131072,shared_loop,3,90,0.131072,0.0016
131072,shared_loop,3,91,0.131072,0.0016
131072,shared_loop,3,92,0.132096,0.0017
131072,shared_loop,3,93,0.13312,0.0016
131072,shared_loop,3,94,0.132096,0.0016
131072,shared_loop,3,95,0.134144,0.0016
131072,shared_loop,3,96,0.13312,0.0016
131072,shared_loop,3,97,0.134144,0.0016
131072,shared_loop,3,98,0.132096,0.0016
131072,shared_loop,3,99,0.134144,0.0016
131072,shared_loop,3,100,0.134144,0.0016
131072,shared_loop,3,101,0.13312,0.0016
131072,shared_loop,3,102,0.132096,0.0017
131072,shared_loop,3,103,0.131072,0.0016
131072,shared_loop,3,104,0.132096,0.0016
131072,shared_loop,3,105,0.13312,0.0016
131072,shared_loop,3,106,0.13312,0.0016
131072,shared_loop,3,107,0.132096,0.0016
131072,shared_loop,3,108,0.134144,0.0016
131072,shared_loop,3,109,0.134144,0.0016
131072,shared_loop,3,110,0.131072,0.0016
131072,shared_loop,3,111,0.135168,0.0016
131072,shared_loop,3,112,0.13312,0.0016
131072,shared_loop,3,113,0.132096,0.0016
131072,shared_loop,3,114,0.132096,0.0016
131072,shared_loop,3,115,0.132096,0.0016
131072,shared_loop,3,116,0.132096,0.0016
131072,shared_loop,3,117,0.132096,0.0016
131072,shared_loop,3,118,0.132096,0.0016
131072,shared_loop,3,119,0.13312,0.0016
131072,shared_ports,1,0,0.162816,0.0022
131072,shared_ports,1,1,0.161792,0.0016
131072,shared_ports,1,2,0.160768,0.0017
131072,shared_ports,1,3,0.161792,0.0016
131072,shared_ports,1,4,0.160768,0.0016
131072,shared_ports,1,5,0.16384,0.0016
131072,shared_ports,1,6,0.160768,0.0016
131072,shared_ports,1,7,0.162816,0.0015
131072,shared_ports,1,8,0.159744,0.0016
131072,shared_ports,1,9,0.161792,0.0017
131072,shared_ports,1,10,0.160768,0.002
131072,shared_ports,1,11,0.161792,0.0021
131072,shared_ports,1,12,0.160768,0.002
131072,shared_ports,1,13,0.162816,0.0019
131072,shared_ports,1,14,0.160768,0.0019
131072,shared_ports,1,15,0.164864,0.0019
131072,shared_ports,1,16,0.159744,0.0021
131072,shared_ports,1,17,0.162816,0.0023
131072,shared_ports,1,18,0.160768,0.002
131072,shared_ports,1,19,0.161792,0.002
131072,shared_ports,1,20,0.160768,0.0024
131072,shared_ports,1,21,0.161792,0.0018
131072,shared_ports,1,22,0.15872,0.0021
131072,shared_ports,1,23,0.162816,0.0019
131072,shared_ports,1,24,0.156672,0.0018
131072,shared_ports,1,25,0.162816,0.0017
131072,shared_ports,1,26,0.160768,0.0017
131072,shared_ports,1,27,0.161792,0.0018
131072,shared_ports,1,28,0.159744,0.0018
131072,shared_ports,1,29,0.162816,0.0018
131072,shared_ports,1,30,0.159744,0.002
131072,shared_ports,1,31,0.162816,0.0017
131072,shared_ports,1,32,0.160768,0.0018
131072,shared_ports,1,33,0.161792,0.0021
131072,shared_ports,1,34,0.157696,0.0016
131072,shared_ports,1,35,0.161792,0.0017
131072,shared_ports,1,36,0.160768,0.0021
131072,shared_ports,1,37,0.16384,0.0019
131072,shared_ports,1,38,0.160768,0.0022
131072,shared_ports,1,39,0.159744,0.0019
131072,shared_ports,1,40,0.160768,0.0021
131072,shared_ports,1,41,0.161792,0.0021
131072,shared_ports,1,42,0.159744,0.0017
131072,shared_ports,1,43,0.160768,0.0018
131072,shared_ports,1,44,0.160768,0.0016
131072,shared_ports,1,45,0.161792,0.0016
131072,shared_ports,1,46,0.160768,0.0018
131072,shared_ports,1,47,0.161792,0.0016
131072,shared_ports,1,48,0.159744,0.0016
131072,shared_ports,1,49,0.160768,0.0019
131072,shared_ports,1,50,0.160768,0.0017
131072,shared_ports,1,51,0.161792,0.0021
131072,shared_ports,1,52,0.159744,0.002
131072,shared_ports,1,53,0.161792,0.0017
131072,shared_ports,1,54,0.160768,0.0019
131072,shared_ports,1,55,0.161792,0.0021
131072,shared_ports,1,56,0.160768,0.0016
131072,shared_ports,1,57,0.160768,0.0017
131072,shared_ports,1,58,0.159744,0.0016
131072,shared_ports,1,59,0.161792,0.0018
131072,shared_ports,1,60,0.160768,0.0019
131072,shared_ports,1,61,0.16384,0.0018
131072,shared_ports,1,62,0.161792,0.002
131072,shared_ports,1,63,0.160768,0.0021
131072,shared_ports,1,64,0.159744,0.0025
131072,shared_ports,1,65,0.161792,0.0024
131072,shared_ports,1,66,0.161792,0.0019
131072,shared_ports,1,67,0.161792,0.002
131072,shared_ports,1,68,0.161792,0.002
131072,shared_ports,1,69,0.160768,0.002
131072,shared_ports,1,70,0.161792,0.0017
131072,shared_ports,1,71,0.161792,0.0017
131072,shared_ports,1,72,0.159744,0.0017
131072,shared_ports,1,73,0.16384,0.0017
131072,shared_ports,1,74,0.159744,0.0018
131072,shared_ports,1,75,0.161792,0.0017
131072,shared_ports,1,76,0.160768,0.0016
131072,shared_ports,1,77,0.160768,0.0018
131072,shared_ports,1,78,0.161792,0.0017
131072,shared_ports,1,79,0.16384,0.002
131072,shared_ports,1,80,0.159744,0.002
131072,shared_ports,1,81,0.161792,0.002
131072,shared_ports,1,82,0.160768,0.0018
131072,shared_ports,1,83,0.161792,0.0022
131072,shared_ports,1,84,0.161792,0.002
131072,shared_ports,1,85,0.160768,0.0022
131072,shared_ports,1,86,0.159744,0.0024
131072,shared_ports,1,87,0.16384,0.002
131072,shared_ports,1,88,0.159744,0.0019
131072,shared_ports,1,89,0.161792,0.0023
131072,shared_ports,1,90,0.161792,0.0024
131072,shared_ports,1,91,0.160768,0.0024
131072,shared_ports,1,92,0.160768,0.0022
131072,shared_ports,1,93,0.161792,0.0024
131072,shared_ports,1,94,0.161792,0.0016
131072,shared_ports,1,95,0.161792,0.0017
131072,shared_ports,1,96,0.161792,0.0016
131072,shared_ports,1,97,0.162816,0.0017
131072,shared_ports,1,98,0.161792,0.0018
131072,shared_ports,1,99,0.161792,0.0021
131072,shared_ports,1,100,0.161792,0.0022
131072,shared_ports,1,101,0.16384,0.0021
131072,shared_ports,1,102,0.161792,0.0021
131072,shared_ports,1,103,0.161792,0.0019
131072,shared_ports,1,104,0.159744,0.0018
131072,shared_ports,1,105,0.160768,0.002
131072,shared_ports,1,106,0.162816,0.0019
131072,shared_ports,1,107,0.161792,0.0018
131072,shared_ports,1,108,0.159744,0.0023
131072,shared_ports,1,109,0.160768,0.0018
131072,shared_ports,1,110,0.161792,0.002
131072,shared_ports,1,111,0.16384,0.0019
131072,shared_ports,1,112,0.160768,0.0017
131072,shared_ports,1,113,0.160768,0.0021
131072,shared_ports,1,114,0.161792,0.0017
131072,shared_ports,1,115,0.161792,0.0019
131072,shared_ports,1,116,0.160768,0.0021
131072,shared_ports,1,117,0.161792,0.0017
131072,shared_ports,1,118,0.162816,0.0018
131072,shared_ports,1,119,0.160768,0.0018
131072,shared_ports,2,0,0.162816,0.0022
131072,shared_ports,2,1,0.161792,0.0016
131072,shared_ports,2,2,0.161792,0.0016
131072,shared_ports,2,3,0.160768,0.0016
131072,shared_ports,2,4,0.161792,0.0016
131072,shared_ports,2,5,0.159744,0.0016
131072,shared_ports,2,6,0.162816,0.0016
131072,shared_ports,2,7,0.162816,0.0016
131072,shared_ports,2,8,0.161792,0.0016
131072,shared_ports,2,9,0.162816,0.0016
131072,shared_ports,2,10,0.160768,0.0016
131072,shared_ports,2,11,0.160768,0.0016
131072,shared_ports,2,12,0.161792,0.0016
131072,shared_ports,2,13,0.161792,0.0015
131072,shared_ports,2,14,0.159744,0.0015
131072,shared_ports,2,15,0.160768,0.0016
131072,shared_ports,2,16,0.161792,0.0016
131072,shared_ports,2,17,0.161792,0.0016
131072,shared_ports,2,18,0.162816,0.0016
131072,shared_ports,2,19,0.160768,0.0016
131072,shared_ports,2,20,0.160768,0.0016
131072,shared_ports,2,21,0.162816,0.0016
131072,shared_ports,2,22,0.161792,0.0016
131072,shared_ports,2,23,0.160768,0.0018
131072,shared_ports,2,24,0.161792,0.0015
131072,shared_ports,2,25,0.160768,0.0015
131072,shared_ports,2,26,0.161792,0.0016
131072,shared_ports,2,27,0.161792,0.0016
131072,shared_ports,2,28,0.161792,0.0016
131072,shared_ports,2,29,0.161792,0.0016
131072,shared_ports,2,30,0.161792,0.0016
131072,shared_ports,2,31,0.161792,0.0016
131072,shared_ports,2,32,0.160768,0.0016
131072,shared_ports,2,33,0.159744,0.0016
131072,shared_ports,2,34,0.162816,0.0015
131072,shared_ports,2,35,0.161792,0.0016
131072,shared_ports,2,36,0.160768,0.0016
131072,shared_ports,2,37,0.161792,0.0015
131072,shared_ports,2,38,0.160768,0.0015
131072,shared_ports,2,39,0.160768,0.0016
131072,shared_ports,2,40,0.160768,0.0016
131072,shared_ports,2,41,0.161792,0.0016
131072,shared_ports,2,42,0.160768,0.0016
131072,shared_ports,2,43,0.160768,0.0016
131072,shared_ports,2,44,0.161792,0.0016
131072,shared_ports,2,45,0.161792,0.0016
131072,shared_ports,2,46,0.161792,0.0016
131072,shared_ports,2,47,0.159744,0.0016
131072,shared_ports,2,48,0.15872,0.0016
131072,shared_ports,2,49,0.159744,0.0016
131072,shared_ports,2,50,0.160768,0.0016
131072,shared_ports,2,51,0.161792,0.0016
131072,shared_ports,2,52,0.160768,0.0016
131072,shared_ports,2,53,0.161792,0.0016
131072,shared_ports,2,54,0.161792,0.0016
131072,shared_ports,2,55,0.161792,0.0016
131072,shared_ports,2,56,0.161792,0.0016
131072,shared_ports,2,57,0.159744,0.0016
131072,shared_ports,2,58,0.160768,0.0016
131072,shared_ports,2,59,0.162816,0.0016
131072,shared_ports,2,60,0.161792,0.0016
131072,shared_ports,2,61,0.15872,0.0016
131072,shared_ports,2,62,0.160768,0.0016
131072,shared_ports,2,63,0.161792,0.0016
131072,shared_ports,2,64,0.161792,0.0016
131072,shared_ports,2,65,0.160768,0.0016
131072,shared_ports,2,66,0.159744,0.0016
131072,shared_ports,2,67,0.161792,0.0016
131072,shared_ports,2,68,0.161792,0.0016
131072,shared_ports,2,69,0.160768,0.0016
131072,shared_ports,2,70,0.161792,0.0015
131072,shared_ports,2,71,0.160768,0.0016
131072,shared_ports,2,72,0.160768,0.0016
131072,shared_ports,2,73,0.161792,0.0016
131072,shared_ports,2,74,0.160768,0.0016
131072,shared_ports,2,75,0.161792,0.0016
131072,shared_ports,2,76,0.160768,0.0016
131072,shared_ports,2,77,0.160768,0.0016
131072,shared_ports,2,78,0.162816,0.0016
131072,shared_ports,2,79,0.160768,0.0016
131072,shared_ports,2,80,0.161792,0.0016
131072,shared_ports,2,81,0.160768,0.0016
131072,shared_ports,2,82,0.159744,0.0016
131072,shared_ports,2,83,0.162816,0.0015
131072,shared_ports,2,84,0.160768,0.0016
131072,shared_ports,2,85,0.161792,0.0016
131072,shared_ports,2,86,0.162816,0.0016
131072,shared_ports,2,87,0.160768,0.0016
131072,shared_ports,2,88,0.162816,0.0016
131072,shared_ports,2,89,0.161792,0.0016
131072,shared_ports,2,90,0.161792,0.0016
131072,shared_ports,2,91,0.161792,0.0016
131072,shared_ports,2,92,0.161792,0.0016
131072,shared_ports,2,93,0.161792,0.0016
131072,shared_ports,2,94,0.161792,0.0016
131072,shared_ports,2,95,0.160768,0.0015
131072,shared_ports,2,96,0.160768,0.0016
131072,shared_ports,2,97,0.160768,0.0016
131072,shared_ports,2,98,0.162816,0.0016
131072,shared_ports,2,99,0.161792,0.0015
131072,shared_ports,2,100,0.161792,0.0016
131072,shared_ports,2,101,0.160768,0.0016
131072,shared_ports,2,102,0.162816,0.0016
131072,shared_ports,2,103,0.160768,0.0016
131072,shared_ports,2,104,0.162816,0.0016
131072,shared_ports,2,105,0.160768,0.0016
131072,shared_ports,2,106,0.161792,0.0016
131072,shared_ports,2,107,0.159744,0.0016
131072,shared_ports,2,108,0.159744,0.0016
131072,shared_ports,2,109,0.160768,0.0016
131072,shared_ports,2,110,0.160768,0.0015
131072,shared_ports,2,111,0.160768,0.0016
131072,shared_ports,2,112,0.161792,0.0016
131072,shared_ports,2,113,0.161792,0.0016
131072,shared_ports,2,114,0.160768,0.0016
131072,shared_ports,2,115,0.160768,0.0016
131072,shared_ports,2,116,0.160768,0.0016
131072,shared_ports,2,117,0.160768,0.0016
131072,shared_ports,2,118,0.161792,0.0016
131072,shared_ports,2,119,0.159744,0.0016
131072,shared_ports,3,0,0.164864,0.0023
131072,shared_ports,3,1,0.160768,0.0016
131072,shared_ports,3,2,0.161792,0.0016
131072,shared_ports,3,3,0.159744,0.0016
131072,shared_ports,3,4,0.161792,0.0016
131072,shared_ports,3,5,0.159744,0.0016
131072,shared_ports,3,6,0.162816,0.0016
131072,shared_ports,3,7,0.160768,0.0019
131072,shared_ports,3,8,0.159744,0.0019
131072,shared_ports,3,9,0.161792,0.0019
131072,shared_ports,3,10,0.162816,0.0019
131072,shared_ports,3,11,0.160768,0.0019
131072,shared_ports,3,12,0.160768,0.002
131072,shared_ports,3,13,0.160768,0.0025
131072,shared_ports,3,14,0.159744,0.002
131072,shared_ports,3,15,0.159744,0.002
131072,shared_ports,3,16,0.161792,0.0019
131072,shared_ports,3,17,0.159744,0.0017
131072,shared_ports,3,18,0.161792,0.0017
131072,shared_ports,3,19,0.15872,0.0018
131072,shared_ports,3,20,0.161792,0.0018
131072,shared_ports,3,21,0.160768,0.0022
131072,shared_ports,3,22,0.161792,0.0022
131072,shared_ports,3,23,0.161792,0.0016
131072,shared_ports,3,24,0.160768,0.0016
131072,shared_ports,3,25,0.159744,0.0016
131072,shared_ports,3,26,0.161792,0.0015
131072,shared_ports,3,27,0.160768,0.0016
131072,shared_ports,3,28,0.161792,0.0016
131072,shared_ports,3,29,0.159744,0.0016
131072,shared_ports,3,30,0.161792,0.0016
131072,shared_ports,3,31,0.160768,0.0022
131072,shared_ports,3,32,0.160768,0.0018
131072,shared_ports,3,33,0.159744,0.0016
131072,shared_ports,3,34,0.16384,0.0016
131072,shared_ports,3,35,0.159744,0.0022
131072,shared_ports,3,36,0.161792,0.0021
131072,shared_ports,3,37,0.161792,0.0016
131072,shared_ports,3,38,0.160768,0.0016
131072,shared_ports,3,39,0.159744,0.0016
131072,shared_ports,3,40,0.161792,0.0016
131072,shared_ports,3,41,0.161792,0.0016
131072,shared_ports,3,42,0.162816,0.0016
131072,shared_ports,3,43,0.161792,0.0016
131072,shared_ports,3,44,0.161792,0.0016
131072,shared_ports,3,45,0.161792,0.0016
131072,shared_ports,3,46,0.160768,0.0016
131072,shared_ports,3,47,0.159744,0.0017
131072,shared_ports,3,48,0.160768,0.0016
131072,shared_ports,3,49,0.160768,0.0026
131072,shared_ports,3,50,0.160768,0.0018
131072,shared_ports,3,51,0.159744,0.0016
131072,shared_ports,3,52,0.159744,0.0019
131072,shared_ports,3,53,0.159744,0.0017
131072,shared_ports,3,54,0.162816,0.0017
131072,shared_ports,3,55,0.159744,0.0017
131072,shared_ports,3,56,0.161792,0.0018
131072,shared_ports,3,57,0.161792,0.0016
131072,shared_ports,3,58,0.161792,0.0017
131072,shared_ports,3,59,0.161792,0.0022
131072,shared_ports,3,60,0.160768,0.0017
131072,shared_ports,3,61,0.160768,0.0017
131072,shared_ports,3,62,0.160768,0.0016
131072,shared_ports,3,63,0.161792,0.0017
131072,shared_ports,3,64,0.161792,0.0019
131072,shared_ports,3,65,0.161792,0.0016
131072,shared_ports,3,66,0.160768,0.0016
131072,shared_ports,3,67,0.160768,0.0017
131072,shared_ports,3,68,0.161792,0.0016
131072,shared_ports,3,69,0.161792,0.0016
131072,shared_ports,3,70,0.162816,0.0016
131072,shared_ports,3,71,0.161792,0.0016
131072,shared_ports,3,72,0.160768,0.0017
131072,shared_ports,3,73,0.160768,0.0017
131072,shared_ports,3,74,0.160768,0.0016
131072,shared_ports,3,75,0.160768,0.0016
131072,shared_ports,3,76,0.161792,0.0016
131072,shared_ports,3,77,0.160768,0.0016
131072,shared_ports,3,78,0.162816,0.0016
131072,shared_ports,3,79,0.161792,0.0016
131072,shared_ports,3,80,0.161792,0.0016
131072,shared_ports,3,81,0.161792,0.0016
131072,shared_ports,3,82,0.16384,0.0016
131072,shared_ports,3,83,0.15872,0.0016
131072,shared_ports,3,84,0.161792,0.0016
131072,shared_ports,3,85,0.160768,0.0017
131072,shared_ports,3,86,0.161792,0.0016
131072,shared_ports,3,87,0.162816,0.0016
131072,shared_ports,3,88,0.161792,0.0016
131072,shared_ports,3,89,0.160768,0.0015
131072,shared_ports,3,90,0.160768,0.0017
131072,shared_ports,3,91,0.160768,0.0016
131072,shared_ports,3,92,0.161792,0.0016
131072,shared_ports,3,93,0.160768,0.0016
131072,shared_ports,3,94,0.160768,0.0016
131072,shared_ports,3,95,0.159744,0.0016
131072,shared_ports,3,96,0.161792,0.0016
131072,shared_ports,3,97,0.161792,0.0016
131072,shared_ports,3,98,0.161792,0.0016
131072,shared_ports,3,99,0.160768,0.0016
131072,shared_ports,3,100,0.160768,0.0016
131072,shared_ports,3,101,0.160768,0.0015
131072,shared_ports,3,102,0.160768,0.0016
131072,shared_ports,3,103,0.160768,0.0016
131072,shared_ports,3,104,0.162816,0.0016
131072,shared_ports,3,105,0.159744,0.0016
131072,shared_ports,3,106,0.162816,0.0016
131072,shared_ports,3,107,0.161792,0.0016
131072,shared_ports,3,108,0.161792,0.0016
131072,shared_ports,3,109,0.159744,0.0016
131072,shared_ports,3,110,0.16384,0.0016
131072,shared_ports,3,111,0.161792,0.0016
131072,shared_ports,3,112,0.160768,0.0016
131072,shared_ports,3,113,0.159744,0.0016
131072,shared_ports,3,114,0.159744,0.0016
131072,shared_ports,3,115,0.160768,0.0016
131072,shared_ports,3,116,0.162816,0.0016
131072,shared_ports,3,117,0.159744,0.0017
131072,shared_ports,3,118,0.162816,0.0016
131072,shared_ports,3,119,0.15872,0.0016
