count,transfer,run,sample,gpu_ms,cpu_submit_ms,cpu_poll_ms,cpu_emergency_decode_ms
10000,DEVICE_COPY,0,0,0.187392,0.006,0.0027,1.2191
10000,DEVICE_COPY,0,1,0.202752,0.0058,0.0029,1.1112
10000,DEVICE_COPY,0,2,0.175104,0.0056,0.0024,1.1136
10000,DEVICE_COPY,0,3,0.192512,0.0053,0.0024,0.8008
10000,DEVICE_COPY,0,4,0.161792,0.0054,0.0024,0.7884
10000,DEVICE_COPY,0,5,0.186368,0.0053,0.0024,0.8053
10000,DEVICE_COPY,0,6,0.1792,0.0054,0.0026,0.7861
10000,DEVICE_COPY,0,7,0.200704,0.0055,0.0025,0.7902
10000,DEVICE_COPY,0,8,0.178176,0.0056,0.0025,0.7837
10000,DEVICE_COPY,0,9,0.197632,0.0053,0.0029,0.7158
10000,DEVICE_COPY,0,10,0.172032,0.0087,0.0099,0.4217
10000,DEVICE_COPY,0,11,0.19456,0.0051,0.0022,0.3075
10000,DEVICE_COPY,0,12,0.178176,0.0055,0.0022,0.2982
10000,DEVICE_COPY,0,13,0.193536,0.0049,0.0023,0.2967
10000,DEVICE_COPY,0,14,0.173056,0.0053,0.0022,0.2996
10000,DEVICE_COPY,0,15,0.18944,0.0053,0.0023,0.3002
10000,DEVICE_COPY,0,16,0.177152,0.0051,0.002,0.2995
10000,DEVICE_COPY,0,17,0.187392,0.005,0.0023,0.3049
10000,DEVICE_COPY,0,18,0.172032,0.0053,0.0019,0.3034
10000,DEVICE_COPY,0,19,0.188416,0.005,0.002,0.2978
10000,DEVICE_COPY,0,20,0.177152,0.0054,0.002,0.3056
10000,DEVICE_COPY,0,21,0.187392,0.0062,0.0023,0.2994
10000,DEVICE_COPY,0,22,0.176128,0.0052,0.0022,0.3017
10000,DEVICE_COPY,0,23,0.196608,0.0053,0.0023,0.3001
10000,DEVICE_COPY,0,24,0.1792,0.0056,0.0022,0.3004
10000,DEVICE_COPY,0,25,0.18432,0.0053,0.0024,0.2982
10000,DEVICE_COPY,0,26,0.173056,0.0055,0.002,0.3013
10000,DEVICE_COPY,0,27,0.187392,0.0051,0.0021,0.3002
10000,DEVICE_COPY,0,28,0.186368,0.0051,0.002,0.2971
10000,DEVICE_COPY,0,29,0.188416,0.0051,0.0022,0.3132
10000,DEVICE_COPY,0,30,0.172032,0.0062,0.0022,0.3
10000,DEVICE_COPY,0,31,0.1792,0.0055,0.0022,0.3029
10000,DEVICE_COPY,0,32,0.192512,0.0057,0.0035,0.3015
10000,DEVICE_COPY,0,33,0.2048,0.0053,0.0022,0.3038
10000,DEVICE_COPY,0,34,0.173056,0.0052,0.0023,0.307
10000,DEVICE_COPY,0,35,0.182272,0.0086,0.0023,0.3001
10000,DEVICE_COPY,0,36,0.186368,0.0056,0.0022,0.2998
10000,DEVICE_COPY,0,37,0.191488,0.0051,0.002,0.2999
10000,DEVICE_COPY,0,38,0.180224,0.0052,0.0026,0.3029
10000,DEVICE_COPY,0,39,0.187392,0.0054,0.0023,0.3007
10000,DEVICE_COPY,0,40,0.178176,0.0054,0.0023,0.302
10000,DEVICE_COPY,0,41,0.192512,0.0052,0.0023,0.2999
10000,DEVICE_COPY,0,42,0.175104,0.0058,0.0021,0.2979
10000,DEVICE_COPY,0,43,0.1792,0.0053,0.0022,0.3071
10000,DEVICE_COPY,0,44,0.191488,0.0055,0.0022,0.301
10000,DEVICE_COPY,0,45,0.19456,0.0053,0.0021,0.2989
10000,DEVICE_COPY,0,46,0.176128,0.0057,0.0022,0.3284
10000,DEVICE_COPY,0,47,0.180224,0.0051,0.002,0.2987
10000,DEVICE_COPY,0,48,0.176128,0.0054,0.0021,0.3072
10000,DEVICE_COPY,0,49,0.18944,0.0057,0.0022,0.4961
10000,DEVICE_COPY,0,50,0.177152,0.0056,0.0021,0.3016
10000,DEVICE_COPY,0,51,0.186368,0.0073,0.0022,0.3012
10000,DEVICE_COPY,0,52,0.172032,0.0056,0.002,0.3008
10000,DEVICE_COPY,0,53,0.188416,0.005,0.002,0.3005
10000,DEVICE_COPY,0,54,0.178176,0.0103,0.0022,0.3012
10000,DEVICE_COPY,0,55,0.188416,0.0054,0.0023,0.3029
10000,DEVICE_COPY,0,56,0.173056,0.0056,0.0022,0.2997
10000,DEVICE_COPY,0,57,0.190464,0.0054,0.0023,0.3013
10000,DEVICE_COPY,0,58,0.177152,0.0054,0.0023,0.3012
10000,DEVICE_COPY,0,59,0.185344,0.0053,0.0023,0.3013
10000,DEVICE_COPY,0,60,0.172032,0.0059,0.0022,0.2984
10000,DEVICE_COPY,0,61,0.18944,0.0052,0.0022,0.2993
10000,DEVICE_COPY,0,62,0.178176,0.0051,0.002,0.3001
10000,DEVICE_COPY,0,63,0.188416,0.0052,0.0023,0.3054
10000,DEVICE_COPY,0,64,0.177152,0.005,0.0019,0.3175
10000,DEVICE_COPY,0,65,0.202752,0.0056,0.0022,0.3006
10000,DEVICE_COPY,0,66,0.178176,0.0055,0.0022,0.3002
10000,DEVICE_COPY,0,67,0.195584,0.0053,0.0024,0.637
10000,DEVICE_COPY,0,68,0.175104,0.0059,0.0021,0.6349
10000,DEVICE_COPY,0,69,0.181248,0.0054,0.0024,0.7222
10000,DEVICE_COPY,0,70,0.1792,0.0053,0.0023,0.6258
10000,DEVICE_COPY,0,71,0.206848,0.0059,0.0023,0.6139
10000,DEVICE_COPY,0,72,0.185344,0.0052,0.0034,0.6587
10000,DEVICE_COPY,0,73,0.19456,0.0062,0.0022,0.6653
10000,DEVICE_COPY,0,74,0.173056,0.0054,0.0022,0.6878
10000,DEVICE_COPY,0,75,0.188416,0.0053,0.0023,0.6655
10000,DEVICE_COPY,0,76,0.187392,0.0056,0.0023,0.6734
10000,DEVICE_COPY,0,77,0.186368,0.0054,0.0023,0.6239
10000,DEVICE_COPY,0,78,0.172032,0.0057,0.0022,0.6382
10000,DEVICE_COPY,0,79,0.195584,0.0053,0.0021,0.622
10000,DEVICE_COPY,0,80,0.190464,0.0058,0.0021,0.6243
10000,DEVICE_COPY,0,81,0.19968,0.0052,0.0021,0.6289
10000,DEVICE_COPY,0,82,0.177152,0.0052,0.0021,0.6417
10000,DEVICE_COPY,0,83,0.1792,0.006,0.002,0.6108
10000,DEVICE_COPY,0,84,0.186368,0.0062,0.0022,0.6122
10000,DEVICE_COPY,0,85,0.193536,0.0057,0.0024,0.6502
10000,DEVICE_COPY,0,86,0.181248,0.0055,0.0024,0.6621
10000,DEVICE_COPY,0,87,0.19968,0.0054,0.002,0.6636
10000,DEVICE_COPY,0,88,0.172032,0.0053,0.0022,0.6391
10000,DEVICE_COPY,0,89,0.21504,0.0053,0.002,0.6497
10000,DEVICE_COPY,0,90,0.178176,0.0055,0.002,0.6291
10000,DEVICE_COPY,0,91,0.187392,0.0051,0.0023,0.6127
10000,DEVICE_COPY,0,92,0.173056,0.0065,0.0022,0.6013
10000,DEVICE_COPY,0,93,0.187392,0.0054,0.0024,0.6284
10000,DEVICE_COPY,0,94,0.178176,0.0054,0.0022,0.6347
10000,DEVICE_COPY,0,95,0.20992,0.0052,0.0021,0.6214
10000,DEVICE_COPY,0,96,0.187392,0.0052,0.0022,0.6387
10000,DEVICE_COPY,0,97,0.214016,0.0051,0.0022,0.6864
10000,DEVICE_COPY,0,98,0.182272,0.0053,0.0021,0.703
10000,DEVICE_COPY,0,99,0.212992,0.0051,0.0025,0.6803
10000,DEVICE_COPY,0,100,0.181248,0.0054,0.0022,0.6441
10000,DEVICE_COPY,0,101,0.19456,0.0064,0.002,0.7027
10000,DEVICE_COPY,0,102,0.177152,0.0052,0.0028,0.628
10000,DEVICE_COPY,0,103,0.191488,0.0054,0.0023,0.6341
10000,DEVICE_COPY,0,104,0.178176,0.0056,0.0021,0.6432
10000,DEVICE_COPY,0,105,0.195584,0.0054,0.0021,0.6417
10000,DEVICE_COPY,0,106,0.180224,0.0057,0.0022,0.6297
10000,DEVICE_COPY,0,107,0.205824,0.0058,0.002,0.6327
10000,DEVICE_COPY,0,108,0.177152,0.0054,0.0021,0.6252
10000,DEVICE_COPY,0,109,0.212992,0.0054,0.0025,0.6262
10000,DEVICE_COPY,0,110,0.178176,0.0054,0.0021,0.6976
10000,DEVICE_COPY,0,111,0.188416,0.0059,0.0019,0.6749
10000,DEVICE_COPY,0,112,0.1792,0.0066,0.0022,0.6532
10000,DEVICE_COPY,0,113,0.197632,0.0053,0.0025,3.2675
10000,DEVICE_COPY,0,114,0.226304,0.0093,0.0029,0.6101
10000,DEVICE_COPY,0,115,0.2304,0.0095,0.0031,0.4575
10000,DEVICE_COPY,0,116,0.20992,0.01,0.0026,0.4007
10000,DEVICE_COPY,0,117,0.237568,0.0186,0.0032,0.4098
10000,DEVICE_COPY,0,118,0.188416,0.0081,0.0032,0.3804
10000,DEVICE_COPY,0,119,0.18432,0.0074,0.0021,0.3922
10000,DEVICE_COPY,1,0,0.221184,0.0074,0.0032,0.5253
10000,DEVICE_COPY,1,1,0.205824,0.0143,0.0119,0.312
10000,DEVICE_COPY,1,2,0.188416,0.0075,0.0021,0.303
10000,DEVICE_COPY,1,3,0.201728,0.0057,0.0023,0.3069
10000,DEVICE_COPY,1,4,0.185344,0.0058,0.0021,0.299
10000,DEVICE_COPY,1,5,0.197632,0.0054,0.0021,0.3053
10000,DEVICE_COPY,1,6,0.173056,0.0067,0.0021,0.3124
10000,DEVICE_COPY,1,7,0.187392,0.0071,0.0039,0.3355
10000,DEVICE_COPY,1,8,0.173056,0.0069,0.0021,0.3055
10000,DEVICE_COPY,1,9,0.188416,0.0056,0.0023,0.319
10000,DEVICE_COPY,1,10,0.177152,0.0059,0.0021,0.3286
10000,DEVICE_COPY,1,11,0.187392,0.0062,0.0022,0.3302
10000,DEVICE_COPY,1,12,0.191488,0.0062,0.0028,0.31
10000,DEVICE_COPY,1,13,0.198656,0.0061,0.0024,0.3345
10000,DEVICE_COPY,1,14,0.178176,0.006,0.0022,0.3029
10000,DEVICE_COPY,1,15,0.201728,0.0057,0.0027,0.3035
10000,DEVICE_COPY,1,16,0.180224,0.0058,0.0023,0.3041
10000,DEVICE_COPY,1,17,0.195584,0.0058,0.0024,0.3015
10000,DEVICE_COPY,1,18,0.177152,0.0058,0.0021,0.3018
10000,DEVICE_COPY,1,19,0.201728,0.0058,0.0023,0.3023
10000,DEVICE_COPY,1,20,0.178176,0.0057,0.0022,0.299
10000,DEVICE_COPY,1,21,0.195584,0.0063,0.0027,0.3022
10000,DEVICE_COPY,1,22,0.187392,0.0061,0.0022,0.302
10000,DEVICE_COPY,1,23,0.200704,0.0057,0.0024,0.303
10000,DEVICE_COPY,1,24,0.178176,0.0058,0.0021,0.3038
10000,DEVICE_COPY,1,25,0.198656,0.006,0.0026,0.3056
10000,DEVICE_COPY,1,26,0.1792,0.006,0.0019,0.304
10000,DEVICE_COPY,1,27,0.19968,0.0067,0.0023,0.3074
10000,DEVICE_COPY,1,28,0.1792,0.0058,0.0021,0.3034
10000,DEVICE_COPY,1,29,0.198656,0.0056,0.0022,0.3007
10000,DEVICE_COPY,1,30,0.187392,0.006,0.0024,0.3025
10000,DEVICE_COPY,1,31,0.197632,0.0061,0.0021,0.3013
10000,DEVICE_COPY,1,32,0.186368,0.0057,0.002,0.303
10000,DEVICE_COPY,1,33,0.19968,0.0061,0.0024,0.3011
10000,DEVICE_COPY,1,34,0.181248,0.0061,0.0022,0.3946
10000,DEVICE_COPY,1,35,0.196608,0.0058,0.0021,0.3081
10000,DEVICE_COPY,1,36,0.180224,0.007,0.002,0.3016
10000,DEVICE_COPY,1,37,0.197632,0.0057,0.0022,0.3121
10000,DEVICE_COPY,1,38,0.188416,0.0062,0.0033,0.3042
10000,DEVICE_COPY,1,39,0.198656,0.0066,0.0022,0.2972
10000,DEVICE_COPY,1,40,0.191488,0.0061,0.0021,0.3018
10000,DEVICE_COPY,1,41,0.210944,0.0058,0.0023,0.305
10000,DEVICE_COPY,1,42,0.1792,0.0058,0.0021,0.3011
10000,DEVICE_COPY,1,43,0.203776,0.0065,0.0021,0.2989
10000,DEVICE_COPY,1,44,0.186368,0.0057,0.002,0.3058
10000,DEVICE_COPY,1,45,0.196608,0.0067,0.0024,0.2977
10000,DEVICE_COPY,1,46,0.178176,0.0061,0.0023,0.3043
10000,DEVICE_COPY,1,47,0.198656,0.0062,0.0025,0.3733
10000,DEVICE_COPY,1,48,0.19456,0.0058,0.0021,0.4612
10000,DEVICE_COPY,1,49,0.198656,0.0057,0.0023,0.3264
10000,DEVICE_COPY,1,50,0.187392,0.0068,0.0021,0.4308
10000,DEVICE_COPY,1,51,0.200704,0.0058,0.0023,0.5466
10000,DEVICE_COPY,1,52,0.1792,0.0063,0.002,0.5567
10000,DEVICE_COPY,1,53,0.196608,0.0057,0.0022,0.4247
10000,DEVICE_COPY,1,54,0.178176,0.0059,0.0021,0.2992
10000,DEVICE_COPY,1,55,0.198656,0.0058,0.0023,0.3152
10000,DEVICE_COPY,1,56,0.180224,0.0072,0.002,0.3022
10000,DEVICE_COPY,1,57,0.19968,0.0059,0.0025,0.3028
10000,DEVICE_COPY,1,58,0.181248,0.0059,0.0023,0.2983
10000,DEVICE_COPY,1,59,0.201728,0.0059,0.0021,0.3015
10000,DEVICE_COPY,1,60,0.187392,0.0058,0.002,0.3063
10000,DEVICE_COPY,1,61,0.201728,0.0067,0.0022,0.3022
10000,DEVICE_COPY,1,62,0.178176,0.006,0.0019,0.3641
10000,DEVICE_COPY,1,63,0.195584,0.007,0.0024,0.3011
10000,DEVICE_COPY,1,64,0.17408,0.0058,0.002,0.2998
10000,DEVICE_COPY,1,65,0.185344,0.0068,0.0023,0.3179
10000,DEVICE_COPY,1,66,0.1792,0.0058,0.0022,0.3028
10000,DEVICE_COPY,1,67,0.193536,0.0056,0.0023,0.2996
10000,DEVICE_COPY,1,68,0.18944,0.0059,0.0022,0.2987
10000,DEVICE_COPY,1,69,0.192512,0.0057,0.002,0.3037
10000,DEVICE_COPY,1,70,0.186368,0.0064,0.0021,0.3019
10000,DEVICE_COPY,1,71,0.19968,0.006,0.0024,0.3117
10000,DEVICE_COPY,1,72,0.243712,0.0066,0.0026,0.306
10000,DEVICE_COPY,1,73,0.19456,0.0057,0.0024,0.3021
10000,DEVICE_COPY,1,74,0.188416,0.0057,0.0021,0.2969
10000,DEVICE_COPY,1,75,0.195584,0.0059,0.0021,0.2989
10000,DEVICE_COPY,1,76,0.188416,0.0061,0.0021,0.3028
10000,DEVICE_COPY,1,77,0.19968,0.0055,0.0021,0.2967
10000,DEVICE_COPY,1,78,0.180224,0.0059,0.002,0.3035
10000,DEVICE_COPY,1,79,0.195584,0.0067,0.0021,0.3023
10000,DEVICE_COPY,1,80,0.181248,0.0058,0.0024,0.2999
10000,DEVICE_COPY,1,81,0.191488,0.0057,0.0022,0.2991
10000,DEVICE_COPY,1,82,0.187392,0.0059,0.0029,0.3112
10000,DEVICE_COPY,1,83,0.198656,0.0066,0.0025,0.3055
10000,DEVICE_COPY,1,84,0.178176,0.0065,0.0022,0.2988
10000,DEVICE_COPY,1,85,0.200704,0.0063,0.0025,0.3057
10000,DEVICE_COPY,1,86,0.178176,0.006,0.002,0.2993
10000,DEVICE_COPY,1,87,0.19456,0.0056,0.0019,0.3023
10000,DEVICE_COPY,1,88,0.1792,0.0062,0.002,0.3009
10000,DEVICE_COPY,1,89,0.196608,0.0057,0.0023,0.3023
10000,DEVICE_COPY,1,90,0.178176,0.0059,0.002,0.2967
10000,DEVICE_COPY,1,91,0.198656,0.006,0.0024,0.3084
10000,DEVICE_COPY,1,92,0.1792,0.0059,0.002,0.3002
10000,DEVICE_COPY,1,93,0.19968,0.0057,0.0025,0.2975
10000,DEVICE_COPY,1,94,0.1792,0.0058,0.002,0.3
10000,DEVICE_COPY,1,95,0.200704,0.0057,0.0038,0.3063
10000,DEVICE_COPY,1,96,0.182272,0.0057,0.0021,0.2993
10000,DEVICE_COPY,1,97,0.205824,0.0131,0.0026,0.3055
10000,DEVICE_COPY,1,98,0.1792,0.0058,0.0022,0.3058
10000,DEVICE_COPY,1,99,0.200704,0.0064,0.0021,0.3028
10000,DEVICE_COPY,1,100,0.187392,0.0063,0.0021,0.3055
10000,DEVICE_COPY,1,101,0.193536,0.0058,0.0023,0.3041
10000,DEVICE_COPY,1,102,0.175104,0.0061,0.0023,0.3014
10000,DEVICE_COPY,1,103,0.19456,0.0069,0.0023,0.2995
10000,DEVICE_COPY,1,104,0.200704,0.0066,0.0023,0.3022
10000,DEVICE_COPY,1,105,0.192512,0.006,0.0023,0.3064
10000,DEVICE_COPY,1,106,0.186368,0.0064,0.0021,0.2968
10000,DEVICE_COPY,1,107,0.19456,0.0062,0.0023,0.304
10000,DEVICE_COPY,1,108,0.259072,0.006,0.002,0.3017
10000,DEVICE_COPY,1,109,0.191488,0.0057,0.0021,0.2996
10000,DEVICE_COPY,1,110,0.187392,0.0058,0.0021,0.303
10000,DEVICE_COPY,1,111,0.192512,0.0062,0.0023,0.3076
10000,DEVICE_COPY,1,112,0.176128,0.0065,0.002,0.2992
10000,DEVICE_COPY,1,113,0.18432,0.0061,0.0021,0.2997
10000,DEVICE_COPY,1,114,0.177152,0.0059,0.0019,0.3012
10000,DEVICE_COPY,1,115,0.19456,0.0057,0.0021,0.3017
10000,DEVICE_COPY,1,116,0.1792,0.0057,0.0022,0.3045
10000,DEVICE_COPY,1,117,0.18944,0.0058,0.0019,0.3017
10000,DEVICE_COPY,1,118,0.181248,0.0062,0.0024,0.3049
10000,DEVICE_COPY,1,119,0.197632,0.0059,0.0028,0.2994
10000,DEVICE_COPY,2,0,0.2048,0.0067,0.0033,0.8461
10000,DEVICE_COPY,2,1,0.2048,0.0065,0.003,0.8474
10000,DEVICE_COPY,2,2,0.180224,0.0064,0.0027,0.8448
10000,DEVICE_COPY,2,3,0.206848,0.0074,0.0028,0.8499
10000,DEVICE_COPY,2,4,0.177152,0.006,0.0027,0.8407
10000,DEVICE_COPY,2,5,0.20992,0.0058,0.0025,0.8481
10000,DEVICE_COPY,2,6,0.180224,0.0067,0.0025,0.8301
10000,DEVICE_COPY,2,7,0.203776,0.0065,0.0026,0.836
10000,DEVICE_COPY,2,8,0.265216,0.006,0.0026,0.8487
10000,DEVICE_COPY,2,9,0.19968,0.0063,0.0026,0.8845
10000,DEVICE_COPY,2,10,0.206848,0.0066,0.0043,0.9638
10000,DEVICE_COPY,2,11,0.207872,0.006,0.0032,0.833
10000,DEVICE_COPY,2,12,0.1792,0.0064,0.0027,0.8312
10000,DEVICE_COPY,2,13,0.207872,0.0063,0.0026,0.844
10000,DEVICE_COPY,2,14,0.190464,0.0065,0.0027,0.8308
10000,DEVICE_COPY,2,15,0.203776,0.0061,0.0027,0.8424
10000,DEVICE_COPY,2,16,0.173056,0.0063,0.0025,0.8886
10000,DEVICE_COPY,2,17,0.193536,0.0064,0.0026,0.8405
10000,DEVICE_COPY,2,18,0.180224,0.0062,0.0026,0.8325
10000,DEVICE_COPY,2,19,0.197632,0.0062,0.0026,0.828
10000,DEVICE_COPY,2,20,0.173056,0.006,0.0027,0.8286
10000,DEVICE_COPY,2,21,0.211968,0.0062,0.0031,0.8306
10000,DEVICE_COPY,2,22,0.188416,0.0061,0.0028,0.833
10000,DEVICE_COPY,2,23,0.207872,0.007,0.0025,0.8246
10000,DEVICE_COPY,2,24,1.27488,0.0062,0.0027,0.829
10000,DEVICE_COPY,2,25,0.20992,0.0069,0.003,0.8939
10000,DEVICE_COPY,2,26,0.186368,0.0068,0.0024,0.8429
10000,DEVICE_COPY,2,27,0.206848,0.0068,0.0025,0.816
10000,DEVICE_COPY,2,28,0.1792,0.0061,0.0027,0.8373
10000,DEVICE_COPY,2,29,0.198656,0.006,0.0026,0.8334
10000,DEVICE_COPY,2,30,0.175104,0.0062,0.0028,0.8272
10000,DEVICE_COPY,2,31,0.180224,0.006,0.0028,0.8254
10000,DEVICE_COPY,2,32,0.188416,0.006,0.0027,0.8228
10000,DEVICE_COPY,2,33,0.22528,0.0056,0.0026,0.821
10000,DEVICE_COPY,2,34,0.175104,0.0061,0.0027,0.8131
10000,DEVICE_COPY,2,35,0.187392,0.0057,0.0025,0.8127
10000,DEVICE_COPY,2,36,0.187392,0.006,0.0028,0.8313
10000,DEVICE_COPY,2,37,0.19968,0.0059,0.0027,0.8187
10000,DEVICE_COPY,2,38,0.182272,0.0057,0.0029,0.8283
10000,DEVICE_COPY,2,39,0.190464,0.0062,0.0025,0.8143
10000,DEVICE_COPY,2,40,0.178176,0.0059,0.0026,0.8125
10000,DEVICE_COPY,2,41,0.214016,0.006,0.0027,0.8261
10000,DEVICE_COPY,2,42,0.175104,0.0058,0.0027,0.8258
10000,DEVICE_COPY,2,43,0.186368,0.0056,0.0025,0.817
10000,DEVICE_COPY,2,44,0.192512,0.0058,0.0027,0.8088
10000,DEVICE_COPY,2,45,0.208896,0.0058,0.0026,0.8106
10000,DEVICE_COPY,2,46,0.167936,0.006,0.0029,0.8213
10000,DEVICE_COPY,2,47,0.211968,0.0069,0.0025,0.8034
10000,DEVICE_COPY,2,48,0.17408,0.0058,0.0027,0.8104
10000,DEVICE_COPY,2,49,0.188416,0.0059,0.0026,0.8338
10000,DEVICE_COPY,2,50,0.18944,0.006,0.0028,0.8127
10000,DEVICE_COPY,2,51,0.201728,0.0057,0.0026,0.8034
10000,DEVICE_COPY,2,52,0.186368,0.0058,0.0028,0.8133
10000,DEVICE_COPY,2,53,0.197632,0.0056,0.0028,0.8229
10000,DEVICE_COPY,2,54,0.187392,0.0064,0.0028,0.8241
10000,DEVICE_COPY,2,55,0.21504,0.0059,0.0026,0.8105
10000,DEVICE_COPY,2,56,0.175104,0.0061,0.0026,0.8152
10000,DEVICE_COPY,2,57,0.187392,0.0056,0.0025,0.8124
10000,DEVICE_COPY,2,58,0.187392,0.0059,0.0026,0.9887
10000,DEVICE_COPY,2,59,0.193536,0.0058,0.0028,1.1646
10000,DEVICE_COPY,2,60,0.192512,0.006,0.0029,1.1886
10000,DEVICE_COPY,2,61,0.188416,0.0068,0.0025,1.1587
10000,DEVICE_COPY,2,62,0.177152,0.0065,0.0031,1.0995
10000,DEVICE_COPY,2,63,0.211968,0.0065,0.0025,1.1073
10000,DEVICE_COPY,2,64,0.177152,0.0059,0.0026,1.1271
10000,DEVICE_COPY,2,65,0.222208,0.0056,0.0034,1.1114
10000,DEVICE_COPY,2,66,0.18432,0.006,0.0027,1.1013
10000,DEVICE_COPY,2,67,0.205824,0.0057,0.0025,1.0864
10000,DEVICE_COPY,2,68,0.177152,0.0059,0.0026,1.078
10000,DEVICE_COPY,2,69,0.201728,0.0059,0.0025,1.134
10000,DEVICE_COPY,2,70,0.173056,0.0059,0.0026,1.1379
10000,DEVICE_COPY,2,71,0.208896,0.0058,0.0025,1.1391
10000,DEVICE_COPY,2,72,0.180224,0.006,0.0027,1.111
10000,DEVICE_COPY,2,73,0.195584,0.0058,0.0028,1.1607
10000,DEVICE_COPY,2,74,0.178176,0.0067,0.0025,1.0786
10000,DEVICE_COPY,2,75,0.188416,0.006,0.0025,1.0775
10000,DEVICE_COPY,2,76,0.201728,0.0059,0.0029,1.1964
10000,DEVICE_COPY,2,77,0.216064,0.0064,0.003,1.1339
10000,DEVICE_COPY,2,78,0.195584,0.0059,0.0026,1.2307
10000,DEVICE_COPY,2,79,0.191488,0.0067,0.0029,1.0824
10000,DEVICE_COPY,2,80,0.178176,0.006,0.0038,1.0971
10000,DEVICE_COPY,2,81,0.19968,0.0057,0.0026,1.1122
10000,DEVICE_COPY,2,82,0.180224,0.0954,0.0024,1.2843
10000,DEVICE_COPY,2,83,0.195584,0.0058,0.0026,1.1063
10000,DEVICE_COPY,2,84,0.187392,0.0059,0.0027,1.1321
10000,DEVICE_COPY,2,85,0.207872,0.0058,0.0027,1.1707
10000,DEVICE_COPY,2,86,0.183296,0.007,0.0026,1.1551
10000,DEVICE_COPY,2,87,0.19456,0.0057,0.0026,1.1151
10000,DEVICE_COPY,2,88,0.182272,0.0062,0.003,1.1119
10000,DEVICE_COPY,2,89,0.208896,0.0059,0.0026,1.1402
10000,DEVICE_COPY,2,90,0.1792,0.006,0.0027,1.1041
10000,DEVICE_COPY,2,91,0.200704,0.0066,0.0024,1.075
10000,DEVICE_COPY,2,92,0.237568,0.006,0.0027,1.0822
10000,DEVICE_COPY,2,93,0.197632,0.0057,0.0029,1.1674
10000,DEVICE_COPY,2,94,0.173056,0.006,0.0024,1.1192
10000,DEVICE_COPY,2,95,0.216064,0.0066,0.0025,1.1309
10000,DEVICE_COPY,2,96,0.1792,0.0061,0.0026,1.1375
10000,DEVICE_COPY,2,97,0.205824,0.0058,0.0026,1.1413
10000,DEVICE_COPY,2,98,0.176128,0.0058,0.0029,1.097
10000,DEVICE_COPY,2,99,0.195584,0.0064,0.0029,1.1102
10000,DEVICE_COPY,2,100,0.190464,0.0058,0.0029,1.109
10000,DEVICE_COPY,2,101,0.210944,0.0058,0.0026,1.1415
10000,DEVICE_COPY,2,102,0.188416,0.006,0.0027,1.0708
10000,DEVICE_COPY,2,103,0.212992,0.0058,0.0025,1.0665
10000,DEVICE_COPY,2,104,0.181248,0.0062,0.0029,1.0814
10000,DEVICE_COPY,2,105,0.18944,0.0067,0.0026,1.1379
10000,DEVICE_COPY,2,106,0.186368,0.0058,0.0026,1.1082
10000,DEVICE_COPY,2,107,0.192512,0.0058,0.0025,1.1188
10000,DEVICE_COPY,2,108,0.180224,0.0059,0.0026,1.1068
10000,DEVICE_COPY,2,109,0.195584,0.0055,0.0026,1.1485
10000,DEVICE_COPY,2,110,0.177152,0.0056,0.0028,1.0735
10000,DEVICE_COPY,2,111,0.20992,0.0059,0.0025,1.1051
10000,DEVICE_COPY,2,112,0.187392,0.0063,0.0027,1.1298
10000,DEVICE_COPY,2,113,0.196608,0.0065,0.0024,1.1057
10000,DEVICE_COPY,2,114,0.177152,0.0057,0.0025,1.0628
10000,DEVICE_COPY,2,115,0.212992,0.0055,0.0027,1.0717
10000,DEVICE_COPY,2,116,0.187392,0.0057,0.0024,1.0875
10000,DEVICE_COPY,2,117,0.201728,0.0065,0.0024,1.1462
10000,DEVICE_COPY,2,118,0.17408,0.0058,0.0025,1.0932
10000,DEVICE_COPY,2,119,0.20992,0.0065,0.0024,1.1167
10000,DIRECT,0,0,0.224256,0.0062,0.0029,0.699
10000,DIRECT,0,1,0.216064,0.0171,0.0114,0.5926
10000,DIRECT,0,2,0.217088,0.0039,0.0019,0.6042
10000,DIRECT,0,3,0.216064,0.0038,0.0019,0.6047
10000,DIRECT,0,4,0.217088,0.0039,0.0019,0.5978
10000,DIRECT,0,5,0.217088,0.0039,0.0021,0.6042
10000,DIRECT,0,6,0.217088,0.0041,0.0019,0.6003
10000,DIRECT,0,7,0.226304,0.0037,0.0021,0.6003
10000,DIRECT,0,8,0.226304,0.004,0.002,2.8952
10000,DIRECT,0,9,0.253952,0.0875,0.0027,0.3406
10000,DIRECT,0,10,0.22528,0.0045,0.002,0.2997
10000,DIRECT,0,11,0.224256,0.0041,0.002,0.3011
10000,DIRECT,0,12,0.22528,0.0041,0.0019,0.2965
10000,DIRECT,0,13,0.217088,0.0039,0.0019,0.293
10000,DIRECT,0,14,0.226304,0.0046,0.0021,0.2959
10000,DIRECT,0,15,0.227328,0.0049,0.0019,0.3185
10000,DIRECT,0,16,0.22528,0.0058,0.0021,0.2866
10000,DIRECT,0,17,0.218112,0.0043,0.0019,0.2812
10000,DIRECT,0,18,0.221184,0.004,0.0019,0.2838
10000,DIRECT,0,19,0.228352,0.0042,0.002,0.2835
10000,DIRECT,0,20,0.227328,0.0038,0.002,0.2897
10000,DIRECT,0,21,0.22528,0.0044,0.0019,0.286
10000,DIRECT,0,22,0.218112,0.004,0.0018,0.2927
10000,DIRECT,0,23,0.22016,0.0041,0.002,0.2865
10000,DIRECT,0,24,0.218112,0.0042,0.0019,0.2839
10000,DIRECT,0,25,0.218112,0.0042,0.0019,0.2898
10000,DIRECT,0,26,0.218112,0.0064,0.0019,0.2845
10000,DIRECT,0,27,0.218112,0.0038,0.0019,0.2837
10000,DIRECT,0,28,0.2304,0.0051,0.002,0.2856
10000,DIRECT,0,29,0.216064,0.0038,0.0019,0.2915
10000,DIRECT,0,30,0.217088,0.004,0.0019,0.2837
10000,DIRECT,0,31,0.217088,0.0041,0.002,0.2873
10000,DIRECT,0,32,0.217088,0.0041,0.002,0.2852
10000,DIRECT,0,33,0.224256,0.0039,0.002,0.2837
10000,DIRECT,0,34,0.216064,0.004,0.0018,0.2875
10000,DIRECT,0,35,0.226304,0.004,0.002,0.2834
10000,DIRECT,0,36,0.224256,0.004,0.0019,0.2882
10000,DIRECT,0,37,0.216064,0.0039,0.0019,0.2913
10000,DIRECT,0,38,0.22528,0.0041,0.0019,0.2876
10000,DIRECT,0,39,0.217088,0.0042,0.0019,0.2881
10000,DIRECT,0,40,0.218112,0.004,0.0019,0.282
10000,DIRECT,0,41,0.217088,0.004,0.0019,0.2839
10000,DIRECT,0,42,0.22528,0.0041,0.002,0.2857
10000,DIRECT,0,43,0.217088,0.0038,0.002,0.2844
10000,DIRECT,0,44,0.221184,0.0041,0.002,0.2856
10000,DIRECT,0,45,0.218112,0.004,0.0019,0.2867
10000,DIRECT,0,46,2.21696,0.004,0.0026,0.4189
10000,DIRECT,0,47,0.224256,0.0052,0.002,0.2825
10000,DIRECT,0,48,0.217088,0.0039,0.0019,0.2834
10000,DIRECT,0,49,0.22528,0.004,0.0019,0.2827
10000,DIRECT,0,50,0.218112,0.004,0.002,0.2831
10000,DIRECT,0,51,0.22528,0.004,0.002,0.2843
10000,DIRECT,0,52,0.219136,0.0041,0.0019,0.2819
10000,DIRECT,0,53,0.217088,0.0039,0.0019,0.2831
10000,DIRECT,0,54,0.216064,0.004,0.0019,0.2854
10000,DIRECT,0,55,0.217088,0.0039,0.0019,0.2834
10000,DIRECT,0,56,0.223232,0.004,0.0025,0.2811
10000,DIRECT,0,57,0.217088,0.0039,0.002,0.2823
10000,DIRECT,0,58,0.219136,0.004,0.002,0.2834
10000,DIRECT,0,59,0.224256,0.0039,0.0019,0.2793
10000,DIRECT,0,60,0.218112,0.0041,0.0019,0.2819
10000,DIRECT,0,61,0.218112,0.004,0.0019,0.2847
10000,DIRECT,0,62,0.218112,0.004,0.002,0.2802
10000,DIRECT,0,63,0.22528,0.004,0.002,0.2838
10000,DIRECT,0,64,0.219136,0.004,0.002,0.2816
10000,DIRECT,0,65,0.219136,0.0039,0.0019,0.2808
10000,DIRECT,0,66,0.217088,0.0041,0.0019,0.283
10000,DIRECT,0,67,0.219136,0.0039,0.002,0.2823
10000,DIRECT,0,68,0.218112,0.0041,0.002,0.2794
10000,DIRECT,0,69,0.219136,0.004,0.0018,0.2824
10000,DIRECT,0,70,0.223232,0.0043,0.0019,0.2839
10000,DIRECT,0,71,0.217088,0.0039,0.0019,0.2803
10000,DIRECT,0,72,0.22528,0.0042,0.0019,0.3003
10000,DIRECT,0,73,0.217088,0.0037,0.0019,0.2819
10000,DIRECT,0,74,0.216064,0.0039,0.0019,0.2825
10000,DIRECT,0,75,0.217088,0.0038,0.0019,0.2797
10000,DIRECT,0,76,0.218112,0.0041,0.0019,0.2806
10000,DIRECT,0,77,0.224256,0.0039,0.002,0.2819
10000,DIRECT,0,78,0.218112,0.004,0.0019,0.2778
10000,DIRECT,0,79,0.218112,0.004,0.0019,0.2803
10000,DIRECT,0,80,0.218112,0.004,0.0019,0.2805
10000,DIRECT,0,81,0.218112,0.0039,0.0019,0.2776
10000,DIRECT,0,82,0.229376,0.004,0.0018,0.2833
10000,DIRECT,0,83,0.2304,0.0038,0.0019,0.2927
10000,DIRECT,0,84,0.22528,0.0043,0.002,0.2795
10000,DIRECT,0,85,0.217088,0.0042,0.0019,0.2874
10000,DIRECT,0,86,0.217088,0.004,0.002,0.2814
10000,DIRECT,0,87,0.218112,0.0039,0.0019,0.2786
10000,DIRECT,0,88,0.218112,0.0041,0.002,0.2797
10000,DIRECT,0,89,0.218112,0.0039,0.0019,0.2817
10000,DIRECT,0,90,0.217088,0.0042,0.0019,0.2807
10000,DIRECT,0,91,0.22528,0.0038,0.0019,0.278
10000,DIRECT,0,92,0.218112,0.004,0.002,0.2838
10000,DIRECT,0,93,0.22016,0.0039,0.0019,0.2799
10000,DIRECT,0,94,0.216064,0.004,0.002,0.2825
10000,DIRECT,0,95,0.218112,0.004,0.0019,0.2814
10000,DIRECT,0,96,0.218112,0.0039,0.002,0.2812
10000,DIRECT,0,97,0.217088,0.0039,0.002,0.2788
10000,DIRECT,0,98,0.224256,0.0041,0.002,0.2816
10000,DIRECT,0,99,0.217088,0.0041,0.0019,0.2813
10000,DIRECT,0,100,0.219136,0.0041,0.002,0.2778
10000,DIRECT,0,101,0.217088,0.0039,0.0019,0.2806
10000,DIRECT,0,102,0.217088,0.0041,0.0019,0.2802
10000,DIRECT,0,103,0.218112,0.0039,0.0019,0.2841
10000,DIRECT,0,104,0.221184,0.004,0.0017,0.2816
10000,DIRECT,0,105,0.22528,0.0042,0.0019,0.282
10000,DIRECT,0,106,0.216064,0.0039,0.0019,0.2812
10000,DIRECT,0,107,0.218112,0.0038,0.0019,0.2787
10000,DIRECT,0,108,0.218112,0.0042,0.0019,0.2781
10000,DIRECT,0,109,0.218112,0.0038,0.0019,0.2815
10000,DIRECT,0,110,0.217088,0.0038,0.0018,0.2762
10000,DIRECT,0,111,0.226304,0.004,0.0022,0.2809
10000,DIRECT,0,112,0.229376,0.0041,0.002,0.28
10000,DIRECT,0,113,0.231424,0.004,0.0023,0.2786
10000,DIRECT,0,114,0.227328,0.0047,0.0022,0.2884
10000,DIRECT,0,115,0.222208,0.0052,0.0024,0.2825
10000,DIRECT,0,116,0.219136,0.004,0.0019,0.2828
10000,DIRECT,0,117,0.218112,0.0039,0.002,0.2799
10000,DIRECT,0,118,0.219136,0.004,0.0019,0.2827
10000,DIRECT,0,119,0.22528,0.0039,0.0019,0.2779
10000,DIRECT,1,0,0.219136,0.0046,0.002,0.2798
10000,DIRECT,1,1,0.22528,0.0039,0.002,0.2835
10000,DIRECT,1,2,0.217088,0.004,0.0019,0.2811
10000,DIRECT,1,3,0.217088,0.0038,0.002,0.278
10000,DIRECT,1,4,0.219136,0.0041,0.0019,0.2939
10000,DIRECT,1,5,0.217088,0.004,0.0019,0.2818
10000,DIRECT,1,6,0.22528,0.0042,0.0019,0.2775
10000,DIRECT,1,7,0.218112,0.0038,0.0019,0.2817
10000,DIRECT,1,8,0.217088,0.0041,0.002,0.2813
10000,DIRECT,1,9,0.216064,0.0038,0.0019,0.2773
10000,DIRECT,1,10,0.221184,0.0042,0.0019,0.2814
10000,DIRECT,1,11,0.217088,0.0038,0.002,0.2853
10000,DIRECT,1,12,0.217088,0.0038,0.0019,0.2775
10000,DIRECT,1,13,0.22528,0.0039,0.0019,0.2844
10000,DIRECT,1,14,0.218112,0.0039,0.0018,0.2804
10000,DIRECT,1,15,0.217088,0.0039,0.0019,0.2843
10000,DIRECT,1,16,0.217088,0.004,0.0019,0.2787
10000,DIRECT,1,17,0.219136,0.004,0.0018,0.2863
10000,DIRECT,1,18,0.216064,0.004,0.002,0.2825
10000,DIRECT,1,19,0.217088,0.0037,0.0019,0.2775
10000,DIRECT,1,20,0.22528,0.0041,0.0019,0.2868
10000,DIRECT,1,21,0.218112,0.0039,0.002,0.2792
10000,DIRECT,1,22,0.217088,0.0039,0.0019,0.2799
10000,DIRECT,1,23,0.216064,0.0038,0.0019,0.2793
10000,DIRECT,1,24,0.218112,0.0041,0.0021,0.2812
10000,DIRECT,1,25,0.217088,0.0041,0.0019,0.2764
10000,DIRECT,1,26,0.216064,0.0041,0.0019,0.282
10000,DIRECT,1,27,0.22528,0.0039,0.0019,0.28
10000,DIRECT,1,28,0.219136,0.004,0.0019,0.2768
10000,DIRECT,1,29,0.218112,0.0039,0.0019,0.2798
10000,DIRECT,1,30,0.216064,0.004,0.0019,0.2795
10000,DIRECT,1,31,0.217088,0.0039,0.0019,0.2786
10000,DIRECT,1,32,0.219136,0.004,0.0019,0.2763
10000,DIRECT,1,33,0.217088,0.0039,0.0019,0.2793
10000,DIRECT,1,34,0.224256,0.004,0.0019,0.2809
10000,DIRECT,1,35,0.217088,0.0038,0.0019,0.2794
10000,DIRECT,1,36,0.217088,0.0039,0.0019,0.2795
10000,DIRECT,1,37,0.219136,0.0039,0.0019,0.2813
10000,DIRECT,1,38,0.217088,0.0038,0.0019,0.2771
10000,DIRECT,1,39,0.22016,0.004,0.0019,0.2816
10000,DIRECT,1,40,0.218112,0.0039,0.0019,0.2782
10000,DIRECT,1,41,0.224256,0.0037,0.0019,0.2792
10000,DIRECT,1,42,0.216064,0.0041,0.0019,0.2803
10000,DIRECT,1,43,0.218112,0.0038,0.0019,0.2782
10000,DIRECT,1,44,0.217088,0.004,0.0019,0.2786
10000,DIRECT,1,45,0.219136,0.004,0.0019,0.2797
10000,DIRECT,1,46,0.219136,0.0045,0.0018,0.2821
10000,DIRECT,1,47,0.226304,0.008,0.002,0.279
10000,DIRECT,1,48,0.22528,0.0041,0.0019,0.2814
10000,DIRECT,1,49,0.217088,0.0039,0.0019,0.2793
10000,DIRECT,1,50,0.217088,0.004,0.0019,0.281
10000,DIRECT,1,51,0.217088,0.0038,0.0019,0.2793
10000,DIRECT,1,52,0.218112,0.004,0.0019,0.2785
10000,DIRECT,1,53,0.22016,0.0038,0.0019,0.2803
10000,DIRECT,1,54,0.217088,0.0039,0.0019,0.2762
10000,DIRECT,1,55,0.224256,0.0039,0.002,0.2796
10000,DIRECT,1,56,0.22528,0.004,0.0019,0.2819
10000,DIRECT,1,57,0.217088,0.0039,0.0019,0.287
10000,DIRECT,1,58,0.217088,0.004,0.0019,0.2804
10000,DIRECT,1,59,0.217088,0.004,0.0019,0.2841
10000,DIRECT,1,60,0.217088,0.0039,0.0019,0.2762
10000,DIRECT,1,61,0.217088,0.0041,0.0019,0.2793
10000,DIRECT,1,62,0.224256,0.0043,0.0019,0.281
10000,DIRECT,1,63,0.217088,0.004,0.0019,0.2765
10000,DIRECT,1,64,0.218112,0.0041,0.0019,0.2787
10000,DIRECT,1,65,0.218112,0.0043,0.0021,0.2802
10000,DIRECT,1,66,0.217088,0.0039,0.0019,0.2788
10000,DIRECT,1,67,0.217088,0.0038,0.0019,0.2776
10000,DIRECT,1,68,0.216064,0.0042,0.0019,0.282
10000,DIRECT,1,69,0.223232,0.0037,0.0019,0.28
10000,DIRECT,1,70,0.217088,0.0039,0.0019,0.2812
10000,DIRECT,1,71,0.218112,0.0039,0.0019,0.2807
10000,DIRECT,1,72,0.219136,0.0041,0.002,0.279
10000,DIRECT,1,73,0.218112,0.0038,0.0019,0.2765
10000,DIRECT,1,74,0.216064,0.004,0.0018,0.4682
10000,DIRECT,1,75,0.218112,0.0038,0.0019,0.3355
10000,DIRECT,1,76,0.227328,0.0041,0.002,0.4366
10000,DIRECT,1,77,0.218112,0.004,0.0019,0.3971
10000,DIRECT,1,78,0.216064,0.004,0.0019,0.444
10000,DIRECT,1,79,0.217088,0.0042,0.0019,0.44
10000,DIRECT,1,80,0.221184,0.004,0.002,0.4565
10000,DIRECT,1,81,0.217088,0.0037,0.0019,0.5921
10000,DIRECT,1,82,0.218112,0.0039,0.0019,0.6072
10000,DIRECT,1,83,0.22528,0.0038,0.0019,0.2772
10000,DIRECT,1,84,0.218112,0.0041,0.0019,0.2779
10000,DIRECT,1,85,0.218112,0.0039,0.0018,0.2839
10000,DIRECT,1,86,0.218112,0.0039,0.0018,0.276
10000,DIRECT,1,87,0.217088,0.004,0.0019,0.2821
10000,DIRECT,1,88,0.219136,0.0039,0.0018,0.2794
10000,DIRECT,1,89,0.217088,0.0038,0.0019,0.2816
10000,DIRECT,1,90,0.22528,0.0041,0.0018,0.2777
10000,DIRECT,1,91,0.217088,0.0039,0.0019,0.2809
10000,DIRECT,1,92,0.217088,0.0039,0.0019,0.2782
10000,DIRECT,1,93,0.217088,0.004,0.002,0.2795
10000,DIRECT,1,94,0.216064,0.0041,0.0019,0.2808
10000,DIRECT,1,95,0.219136,0.0039,0.0019,0.279
10000,DIRECT,1,96,0.217088,0.0041,0.0018,0.279
10000,DIRECT,1,97,0.224256,0.0038,0.0019,0.2784
10000,DIRECT,1,98,0.218112,0.004,0.0018,0.2799
10000,DIRECT,1,99,0.216064,0.0039,0.002,0.2761
10000,DIRECT,1,100,0.218112,0.004,0.002,0.2865
10000,DIRECT,1,101,0.216064,0.0039,0.0021,0.2806
10000,DIRECT,1,102,0.218112,0.004,0.0019,0.2782
10000,DIRECT,1,103,0.216064,0.004,0.0019,0.2793
10000,DIRECT,1,104,0.22528,0.0041,0.0019,0.2805
10000,DIRECT,1,105,0.218112,0.004,0.0021,0.2758
10000,DIRECT,1,106,0.2304,0.0038,0.0021,0.2804
10000,DIRECT,1,107,0.22016,0.0043,0.002,0.2783
10000,DIRECT,1,108,0.223232,0.0041,0.0018,0.2767
10000,DIRECT,1,109,0.216064,0.0039,0.0023,0.292
10000,DIRECT,1,110,0.217088,0.0041,0.002,0.2789
10000,DIRECT,1,111,0.22528,0.0038,0.0019,0.2804
10000,DIRECT,1,112,0.217088,0.0041,0.0019,0.2793
10000,DIRECT,1,113,0.217088,0.0038,0.002,0.2818
10000,DIRECT,1,114,0.218112,0.004,0.0019,0.2803
10000,DIRECT,1,115,0.219136,0.0038,0.002,0.276
10000,DIRECT,1,116,0.218112,0.0041,0.002,0.2786
10000,DIRECT,1,117,0.218112,0.0039,0.0019,0.2804
10000,DIRECT,1,118,0.224256,0.004,0.0019,0.277
10000,DIRECT,1,119,0.22016,0.004,0.0019,0.2795
10000,DIRECT,2,0,0.223232,0.0046,0.0024,0.2937
10000,DIRECT,2,1,0.218112,0.0048,0.0018,0.2769
10000,DIRECT,2,2,0.218112,0.0041,0.0018,0.2787
10000,DIRECT,2,3,0.217088,0.004,0.0019,0.2812
10000,DIRECT,2,4,0.217088,0.0039,0.0019,0.2765
10000,DIRECT,2,5,0.22528,0.004,0.0019,0.2793
10000,DIRECT,2,6,0.217088,0.0044,0.0019,0.2798
10000,DIRECT,2,7,0.218112,0.0039,0.0019,0.2846
10000,DIRECT,2,8,0.218112,0.0039,0.002,0.2759
10000,DIRECT,2,9,0.218112,0.004,0.0019,0.2879
10000,DIRECT,2,10,0.239616,0.0051,0.0024,0.2803
10000,DIRECT,2,11,0.233472,0.0042,0.0024,0.2819
10000,DIRECT,2,12,0.22528,0.0052,0.0022,0.2794
10000,DIRECT,2,13,0.219136,0.0039,0.0021,0.2782
10000,DIRECT,2,14,0.217088,0.004,0.0019,0.2786
10000,DIRECT,2,15,0.219136,0.004,0.002,0.2816
10000,DIRECT,2,16,0.217088,0.0043,0.0018,0.2785
10000,DIRECT,2,17,0.218112,0.0048,0.0019,0.2761
10000,DIRECT,2,18,0.219136,0.0039,0.0019,0.2826
10000,DIRECT,2,19,0.224256,0.0039,0.0019,0.278
10000,DIRECT,2,20,0.218112,0.0041,0.002,0.2789
10000,DIRECT,2,21,0.217088,0.0039,0.002,0.279
10000,DIRECT,2,22,0.216064,0.0041,0.0019,0.2792
10000,DIRECT,2,23,0.221184,0.0038,0.0024,0.2788
10000,DIRECT,2,24,0.218112,0.0041,0.002,2.1526
10000,DIRECT,2,25,0.226304,0.0062,0.0022,0.3096
10000,DIRECT,2,26,0.228352,0.0045,0.0022,0.2962
10000,DIRECT,2,27,0.226304,0.0046,0.002,0.2952
10000,DIRECT,2,28,0.22016,0.0041,0.002,0.286
10000,DIRECT,2,29,0.218112,0.0038,0.0019,0.2909
10000,DIRECT,2,30,0.218112,0.0041,0.002,0.2805
10000,DIRECT,2,31,0.218112,0.004,0.002,0.2859
10000,DIRECT,2,32,0.218112,0.0039,0.0021,0.2863
10000,DIRECT,2,33,0.22528,0.0039,0.002,0.2809
10000,DIRECT,2,34,0.218112,0.0039,0.002,0.2829
10000,DIRECT,2,35,0.228352,0.0039,0.002,0.2841
10000,DIRECT,2,36,0.24576,0.0048,0.0022,0.2887
10000,DIRECT,2,37,0.239616,0.0043,0.002,0.2848
10000,DIRECT,2,38,0.231424,0.0041,0.0021,0.292
10000,DIRECT,2,39,0.22528,0.0038,0.002,0.283
10000,DIRECT,2,40,0.22528,0.004,0.0019,0.2852
10000,DIRECT,2,41,0.217088,0.0041,0.0019,0.2849
10000,DIRECT,2,42,0.218112,0.0041,0.0019,0.2829
10000,DIRECT,2,43,0.217088,0.004,0.0019,0.281
10000,DIRECT,2,44,0.217088,0.004,0.0019,0.2848
10000,DIRECT,2,45,0.217088,0.0039,0.0018,0.2842
10000,DIRECT,2,46,0.217088,0.004,0.0019,0.2813
10000,DIRECT,2,47,0.226304,0.0039,0.0019,0.2862
10000,DIRECT,2,48,0.218112,0.0039,0.0019,0.2834
10000,DIRECT,2,49,0.218112,0.0038,0.0019,0.2832
10000,DIRECT,2,50,0.218112,0.0041,0.0019,0.2856
10000,DIRECT,2,51,0.216064,0.0039,0.0021,0.2855
10000,DIRECT,2,52,0.217088,0.0041,0.002,0.2809
10000,DIRECT,2,53,0.217088,0.004,0.0018,0.2857
10000,DIRECT,2,54,0.22528,0.004,0.0019,0.2827
10000,DIRECT,2,55,0.217088,0.004,0.0021,0.281
10000,DIRECT,2,56,0.223232,0.0043,0.002,0.2887
10000,DIRECT,2,57,0.218112,0.0046,0.0019,0.2811
10000,DIRECT,2,58,0.218112,0.0042,0.0019,0.2842
10000,DIRECT,2,59,0.216064,0.0038,0.0019,0.2788
10000,DIRECT,2,60,0.217088,0.004,0.0019,0.2831
10000,DIRECT,2,61,0.22528,0.0038,0.002,0.2821
10000,DIRECT,2,62,0.222208,0.0039,0.002,0.2806
10000,DIRECT,2,63,0.217088,0.0039,0.0019,0.2833
10000,DIRECT,2,64,0.223232,0.0039,0.002,0.2826
10000,DIRECT,2,65,0.218112,0.0038,0.002,0.2804
10000,DIRECT,2,66,0.226304,0.004,0.0019,0.2817
10000,DIRECT,2,67,0.217088,0.0038,0.0019,0.2843
10000,DIRECT,2,68,0.228352,0.004,0.0019,0.2789
10000,DIRECT,2,69,0.218112,0.0039,0.0019,0.2828
10000,DIRECT,2,70,0.217088,0.004,0.0019,0.2845
10000,DIRECT,2,71,0.217088,0.0039,0.0019,0.2828
10000,DIRECT,2,72,0.218112,0.004,0.0019,0.2823
10000,DIRECT,2,73,0.22016,0.0038,0.0019,0.2821
10000,DIRECT,2,74,0.218112,0.004,0.0019,0.2836
10000,DIRECT,2,75,0.227328,0.0039,0.0019,0.2784
10000,DIRECT,2,76,0.218112,0.004,0.0019,0.2805
10000,DIRECT,2,77,0.217088,0.0038,0.0019,0.2832
10000,DIRECT,2,78,0.217088,0.0041,0.0019,0.2796
10000,DIRECT,2,79,0.218112,0.0038,0.0019,0.2829
10000,DIRECT,2,80,0.219136,0.004,0.002,0.2811
10000,DIRECT,2,81,0.217088,0.0037,0.002,0.2773
10000,DIRECT,2,82,0.22528,0.004,0.0019,0.2832
10000,DIRECT,2,83,0.217088,0.0038,0.0019,0.2806
10000,DIRECT,2,84,0.221184,0.004,0.002,0.2806
10000,DIRECT,2,85,0.217088,0.0039,0.002,0.2809
10000,DIRECT,2,86,0.216064,0.0039,0.0019,0.2808
10000,DIRECT,2,87,0.218112,0.0038,0.002,0.28
10000,DIRECT,2,88,0.217088,0.004,0.0019,0.2802
10000,DIRECT,2,89,0.226304,0.0039,0.002,0.2832
10000,DIRECT,2,90,0.216064,0.0039,0.0019,0.2814
10000,DIRECT,2,91,0.217088,0.0038,0.002,0.2799
10000,DIRECT,2,92,0.221184,0.004,0.002,0.2798
10000,DIRECT,2,93,0.219136,0.0038,0.0019,0.2894
10000,DIRECT,2,94,0.216064,0.0039,0.0019,0.2777
10000,DIRECT,2,95,0.221184,0.0039,0.002,0.2806
10000,DIRECT,2,96,0.223232,0.0039,0.0019,0.2817
10000,DIRECT,2,97,0.22016,0.0037,0.0019,0.2778
10000,DIRECT,2,98,0.216064,0.004,0.0019,0.2806
10000,DIRECT,2,99,0.217088,0.0039,0.0019,0.2813
10000,DIRECT,2,100,0.218112,0.0039,0.002,0.2795
10000,DIRECT,2,101,0.219136,0.004,0.0021,0.2816
10000,DIRECT,2,102,0.22016,0.0039,0.0019,0.2824
10000,DIRECT,2,103,0.22528,0.0039,0.002,0.2791
10000,DIRECT,2,104,0.218112,0.004,0.0019,0.2812
10000,DIRECT,2,105,0.218112,0.0039,0.0019,0.2826
10000,DIRECT,2,106,0.218112,0.004,0.002,0.2809
10000,DIRECT,2,107,0.217088,0.0038,0.0019,0.2785
10000,DIRECT,2,108,0.218112,0.004,0.0019,0.2831
10000,DIRECT,2,109,0.216064,0.0038,0.0018,0.2781
10000,DIRECT,2,110,0.226304,0.0038,0.0019,0.2763
10000,DIRECT,2,111,0.219136,0.0039,0.0019,0.2892
10000,DIRECT,2,112,0.221184,0.0039,0.002,0.279
10000,DIRECT,2,113,0.218112,0.0038,0.0019,0.2852
10000,DIRECT,2,114,0.219136,0.0039,0.0019,0.2799
10000,DIRECT,2,115,0.216064,0.0039,0.0019,0.28
10000,DIRECT,2,116,0.218112,0.0039,0.0019,0.2761
10000,DIRECT,2,117,0.228352,0.0039,0.0019,0.28
10000,DIRECT,2,118,0.216064,0.0038,0.002,0.2791
10000,DIRECT,2,119,0.218112,0.0039,0.0021,0.2766
65536,DEVICE_COPY,0,0,0.759808,0.0033,0.0018,1.8297
65536,DEVICE_COPY,0,1,0.766976,0.0042,0.0019,1.8227
65536,DEVICE_COPY,0,2,0.770048,0.0042,0.0021,1.822
65536,DEVICE_COPY,0,3,0.80896,0.0041,0.0022,1.8301
65536,DEVICE_COPY,0,4,0.769024,0.0044,0.0019,1.8226
65536,DEVICE_COPY,0,5,0.7936,0.0041,0.0018,1.8317
65536,DEVICE_COPY,0,6,0.766976,0.0043,0.002,1.83
65536,DEVICE_COPY,0,7,0.80896,0.0047,0.0019,1.8493
65536,DEVICE_COPY,0,8,0.763904,0.0044,0.002,1.8535
65536,DEVICE_COPY,0,9,0.784384,0.004,0.0021,1.8377
65536,DEVICE_COPY,0,10,0.765952,0.0043,0.0021,1.8398
65536,DEVICE_COPY,0,11,0.78336,0.0042,0.002,1.8453
65536,DEVICE_COPY,0,12,0.770048,0.0043,0.002,1.833
65536,DEVICE_COPY,0,13,0.779264,0.0045,0.0019,1.8341
65536,DEVICE_COPY,0,14,0.77312,0.0042,0.002,1.8363
65536,DEVICE_COPY,0,15,0.78848,0.0042,0.0021,1.8489
65536,DEVICE_COPY,0,16,0.780288,0.0043,0.002,1.8408
65536,DEVICE_COPY,0,17,0.78336,0.0043,0.002,1.8469
65536,DEVICE_COPY,0,18,0.776192,0.0044,0.0023,1.8323
65536,DEVICE_COPY,0,19,0.777216,0.0042,0.002,1.8461
65536,DEVICE_COPY,0,20,0.765952,0.0043,0.0022,1.836
65536,DEVICE_COPY,0,21,0.791552,0.0042,0.0021,1.8389
65536,DEVICE_COPY,0,22,0.768,0.0042,0.002,1.8478
65536,DEVICE_COPY,0,23,0.787456,0.0042,0.002,1.845
65536,DEVICE_COPY,0,24,0.765952,0.0043,0.0021,3.7672
65536,DEVICE_COPY,0,25,0.80384,0.006,0.002,1.8598
65536,DEVICE_COPY,0,26,0.776192,0.005,0.0021,1.9009
65536,DEVICE_COPY,0,27,0.801792,0.0044,0.002,1.8709
65536,DEVICE_COPY,0,28,0.763904,0.0047,0.0021,1.8637
65536,DEVICE_COPY,0,29,0.795648,0.0046,0.0019,1.8619
65536,DEVICE_COPY,0,30,0.772096,0.0048,0.0021,1.8708
65536,DEVICE_COPY,0,31,0.786432,0.0044,0.0019,1.8529
65536,DEVICE_COPY,0,32,0.763904,0.0047,0.0019,1.8555
65536,DEVICE_COPY,0,33,0.809984,0.0047,0.0022,1.8483
65536,DEVICE_COPY,0,34,0.760832,0.0046,0.002,1.8519
65536,DEVICE_COPY,0,35,0.780288,0.0046,0.0019,1.8518
65536,DEVICE_COPY,0,36,0.780288,0.0049,0.0021,1.8609
65536,DEVICE_COPY,0,37,0.781312,0.0047,0.002,1.9365
65536,DEVICE_COPY,0,38,0.764928,0.0051,0.002,1.8467
65536,DEVICE_COPY,0,39,0.807936,0.0048,0.002,1.8498
65536,DEVICE_COPY,0,40,0.775168,0.0049,0.002,1.8469
65536,DEVICE_COPY,0,41,0.7936,0.0046,0.0019,1.8588
65536,DEVICE_COPY,0,42,0.766976,0.0045,0.0021,1.8385
65536,DEVICE_COPY,0,43,0.781312,0.0045,0.0019,1.8503
65536,DEVICE_COPY,0,44,0.765952,0.0046,0.002,1.8447
65536,DEVICE_COPY,0,45,0.804864,0.0051,0.0019,1.8456
65536,DEVICE_COPY,0,46,0.777216,0.0044,0.0021,1.8409
65536,DEVICE_COPY,0,47,0.785408,0.0042,0.0018,1.8396
65536,DEVICE_COPY,0,48,0.768,0.0046,0.0019,1.8435
65536,DEVICE_COPY,0,49,0.784384,0.0044,0.0019,1.8415
65536,DEVICE_COPY,0,50,0.758784,0.0044,0.0028,1.9932
65536,DEVICE_COPY,0,51,0.792576,0.0048,0.0019,1.8459
65536,DEVICE_COPY,0,52,0.772096,0.0048,0.0019,1.8402
65536,DEVICE_COPY,0,53,0.785408,0.0044,0.002,1.858
65536,DEVICE_COPY,0,54,0.77312,0.0049,0.0019,1.8758
65536,DEVICE_COPY,0,55,0.790528,0.0054,0.0019,1.8591
65536,DEVICE_COPY,0,56,0.7936,0.0046,0.0027,1.9046
65536,DEVICE_COPY,0,57,0.800768,0.0052,0.0022,1.8526
65536,DEVICE_COPY,0,58,0.763904,0.0043,0.002,1.8544
65536,DEVICE_COPY,0,59,0.786432,0.0045,0.0019,1.8567
65536,DEVICE_COPY,0,60,0.766976,0.0047,0.0019,1.8506
65536,DEVICE_COPY,0,61,0.80384,0.0043,0.0022,1.881
65536,DEVICE_COPY,0,62,0.769024,0.0057,0.0019,1.8513
65536,DEVICE_COPY,0,63,0.785408,0.0045,0.002,3.867
65536,DEVICE_COPY,0,64,0.785408,0.0062,0.0022,1.887
65536,DEVICE_COPY,0,65,0.7936,0.0046,0.0021,1.8914
65536,DEVICE_COPY,0,66,0.764928,0.0049,0.0021,1.8693
65536,DEVICE_COPY,0,67,0.799744,0.0046,0.002,1.869
65536,DEVICE_COPY,0,68,0.78336,0.0049,0.002,1.9004
65536,DEVICE_COPY,0,69,0.796672,0.0046,0.0019,1.8703
65536,DEVICE_COPY,0,70,0.76288,0.0045,0.002,1.8656
65536,DEVICE_COPY,0,71,0.787456,0.0046,0.0019,1.8615
65536,DEVICE_COPY,0,72,0.77824,0.0044,0.002,1.8788
65536,DEVICE_COPY,0,73,0.797696,0.0087,0.002,1.8577
65536,DEVICE_COPY,0,74,0.77824,0.0044,0.0022,1.8533
65536,DEVICE_COPY,0,75,0.78336,0.0049,0.002,1.8653
65536,DEVICE_COPY,0,76,0.766976,0.0047,0.0027,1.8605
65536,DEVICE_COPY,0,77,0.869376,0.0043,0.0023,1.8575
65536,DEVICE_COPY,0,78,0.768,0.0044,0.0021,1.8551
65536,DEVICE_COPY,0,79,0.784384,0.0043,0.0019,1.8621
65536,DEVICE_COPY,0,80,0.771072,0.0048,0.002,1.8585
65536,DEVICE_COPY,0,81,0.804864,0.0044,0.0018,1.8501
65536,DEVICE_COPY,0,82,0.768,0.0046,0.002,1.8473
65536,DEVICE_COPY,0,83,0.784384,0.0048,0.0018,1.8499
65536,DEVICE_COPY,0,84,0.763904,0.0043,0.0021,1.8551
65536,DEVICE_COPY,0,85,0.80896,0.0047,0.0021,1.8509
65536,DEVICE_COPY,0,86,0.768,0.0047,0.0024,1.8543
65536,DEVICE_COPY,0,87,0.78848,0.0045,0.002,1.8564
65536,DEVICE_COPY,0,88,0.761856,0.0046,0.0019,1.8633
65536,DEVICE_COPY,0,89,0.766976,0.0044,0.002,1.8465
65536,DEVICE_COPY,0,90,0.760832,0.0047,0.002,1.8454
65536,DEVICE_COPY,0,91,0.77824,0.0045,0.0022,1.8513
65536,DEVICE_COPY,0,92,0.774144,0.0046,0.0021,1.8468
65536,DEVICE_COPY,0,93,0.77824,0.0046,0.0021,1.8409
65536,DEVICE_COPY,0,94,0.761856,0.0047,0.002,1.8478
65536,DEVICE_COPY,0,95,0.768,0.0043,0.002,1.8423
65536,DEVICE_COPY,0,96,0.761856,0.0048,0.002,1.8844
65536,DEVICE_COPY,0,97,0.78336,0.0044,0.0019,1.8447
65536,DEVICE_COPY,0,98,0.766976,0.0043,0.0019,1.8449
65536,DEVICE_COPY,0,99,0.770048,0.0052,0.0021,1.8392
65536,DEVICE_COPY,0,100,0.763904,0.0041,0.0019,1.8569
65536,DEVICE_COPY,0,101,0.777216,0.0047,0.002,1.8555
65536,DEVICE_COPY,0,102,0.761856,0.0049,0.0017,3.7801
65536,DEVICE_COPY,0,103,0.781312,0.0062,0.0027,1.8613
65536,DEVICE_COPY,0,104,0.766976,0.005,0.002,1.8505
65536,DEVICE_COPY,0,105,0.790528,0.0046,0.0019,1.8647
65536,DEVICE_COPY,0,106,0.759808,0.0046,0.0019,1.8536
65536,DEVICE_COPY,0,107,0.774144,0.0049,0.002,1.8711
65536,DEVICE_COPY,0,108,0.780288,0.0046,0.0021,1.8605
65536,DEVICE_COPY,0,109,0.786432,0.0049,0.0019,1.8543
65536,DEVICE_COPY,0,110,0.760832,0.0044,0.0019,1.8496
65536,DEVICE_COPY,0,111,0.772096,0.0048,0.002,1.8422
65536,DEVICE_COPY,0,112,0.776192,0.0054,0.0021,1.8535
65536,DEVICE_COPY,0,113,0.78336,0.0046,0.0019,1.8611
65536,DEVICE_COPY,0,114,0.780288,0.0049,0.002,1.8473
65536,DEVICE_COPY,0,115,0.786432,0.0045,0.0019,1.864
65536,DEVICE_COPY,0,116,0.772096,0.0052,0.002,1.8595
65536,DEVICE_COPY,0,117,0.791552,0.005,0.002,1.852
65536,DEVICE_COPY,0,118,0.771072,0.0046,0.0019,1.8654
65536,DEVICE_COPY,0,119,0.787456,0.0048,0.0021,1.8639
65536,DEVICE_COPY,1,0,0.786432,0.0045,0.0026,1.8803
65536,DEVICE_COPY,1,1,0.800768,0.0063,0.0024,1.8831
65536,DEVICE_COPY,1,2,0.791552,0.0073,0.0023,1.8686
65536,DEVICE_COPY,1,3,0.816128,0.0051,0.002,1.8777
65536,DEVICE_COPY,1,4,0.763904,0.0046,0.002,1.8763
65536,DEVICE_COPY,1,5,0.795648,0.0045,0.002,1.8663
65536,DEVICE_COPY,1,6,0.768,0.0047,0.0019,1.8704
65536,DEVICE_COPY,1,7,0.78336,0.005,0.0019,1.8627
65536,DEVICE_COPY,1,8,0.761856,0.005,0.0019,1.8611
65536,DEVICE_COPY,1,9,0.772096,0.0044,0.002,1.8563
65536,DEVICE_COPY,1,10,0.75776,0.0048,0.002,1.8699
65536,DEVICE_COPY,1,11,0.777216,0.0043,0.0019,1.8639
65536,DEVICE_COPY,1,12,0.764928,0.0045,0.002,1.8491
65536,DEVICE_COPY,1,13,0.769024,0.0047,0.0021,1.856
65536,DEVICE_COPY,1,14,0.759808,0.0047,0.002,1.8491
65536,DEVICE_COPY,1,15,0.784384,0.0047,0.002,1.8479
65536,DEVICE_COPY,1,16,0.759808,0.0045,0.0019,1.8503
65536,DEVICE_COPY,1,17,0.771072,0.0047,0.0021,1.8544
65536,DEVICE_COPY,1,18,0.781312,0.0043,0.002,1.8407
65536,DEVICE_COPY,1,19,0.7936,0.0045,0.0019,1.8424
65536,DEVICE_COPY,1,20,0.760832,0.0044,0.002,1.8415
65536,DEVICE_COPY,1,21,0.766976,0.0044,0.0019,4.7713
65536,DEVICE_COPY,1,22,0.784384,0.0064,0.0032,4.217
65536,DEVICE_COPY,1,23,0.791552,0.0045,0.0018,3.9761
65536,DEVICE_COPY,1,24,0.771072,0.0046,0.002,3.944
65536,DEVICE_COPY,1,25,0.772096,0.0044,0.0019,3.8966
65536,DEVICE_COPY,1,26,0.779264,0.0046,0.0021,4.0599
65536,DEVICE_COPY,1,27,0.784384,0.0049,0.0019,3.7014
65536,DEVICE_COPY,1,28,0.76288,0.0047,0.0019,4.0815
65536,DEVICE_COPY,1,29,0.77312,0.0047,0.0018,3.7681
65536,DEVICE_COPY,1,30,0.774144,0.0045,0.002,4.0947
65536,DEVICE_COPY,1,31,0.838656,0.0045,0.002,3.7795
65536,DEVICE_COPY,1,32,0.776192,0.0052,0.0019,3.987
65536,DEVICE_COPY,1,33,0.80896,0.0045,0.0018,3.8203
65536,DEVICE_COPY,1,34,0.764928,0.0045,0.0019,3.9355
65536,DEVICE_COPY,1,35,0.7936,0.0045,0.002,2.6938
65536,DEVICE_COPY,1,36,0.75776,0.0046,0.0019,1.8151
65536,DEVICE_COPY,1,37,0.776192,0.0047,0.0018,1.8279
65536,DEVICE_COPY,1,38,0.760832,0.0048,0.0019,1.8308
65536,DEVICE_COPY,1,39,0.774144,0.0047,0.002,1.8275
65536,DEVICE_COPY,1,40,0.777216,0.0049,0.002,1.9003
65536,DEVICE_COPY,1,41,0.802816,0.0044,0.0019,1.824
65536,DEVICE_COPY,1,42,0.759808,0.0047,0.0019,1.8322
65536,DEVICE_COPY,1,43,0.765952,0.0047,0.002,1.8284
65536,DEVICE_COPY,1,44,0.759808,0.0046,0.0018,1.8338
65536,DEVICE_COPY,1,45,0.766976,0.005,0.0018,1.8235
65536,DEVICE_COPY,1,46,0.759808,0.0049,0.002,1.8473
65536,DEVICE_COPY,1,47,0.792576,0.0046,0.0019,1.8303
65536,DEVICE_COPY,1,48,0.76288,0.0047,0.002,1.834
65536,DEVICE_COPY,1,49,0.771072,0.0047,0.0019,1.8383
65536,DEVICE_COPY,1,50,0.75776,0.0049,0.0021,1.8331
65536,DEVICE_COPY,1,51,0.763904,0.0048,0.0019,1.8266
65536,DEVICE_COPY,1,52,0.794624,0.0047,0.0022,1.8258
65536,DEVICE_COPY,1,53,0.78848,0.0041,0.0017,1.8286
65536,DEVICE_COPY,1,54,0.759808,0.0047,0.002,1.8307
65536,DEVICE_COPY,1,55,0.770048,0.0046,0.002,1.8284
65536,DEVICE_COPY,1,56,0.758784,0.0047,0.0018,1.8396
65536,DEVICE_COPY,1,57,0.766976,0.0046,0.0019,1.835
65536,DEVICE_COPY,1,58,0.776192,0.0047,0.0023,1.8265
65536,DEVICE_COPY,1,59,0.78336,0.0045,0.0017,1.8277
65536,DEVICE_COPY,1,60,0.759808,0.0047,0.002,1.8317
65536,DEVICE_COPY,1,61,0.768,0.0045,0.0019,1.8284
65536,DEVICE_COPY,1,62,0.75776,0.0049,0.0018,1.8302
65536,DEVICE_COPY,1,63,0.774144,0.0046,0.002,1.837
65536,DEVICE_COPY,1,64,0.792576,0.0046,0.0022,1.9204
65536,DEVICE_COPY,1,65,0.774144,0.005,0.0032,1.9233
65536,DEVICE_COPY,1,66,0.774144,0.0048,0.0021,1.8282
65536,DEVICE_COPY,1,67,0.770048,0.0046,0.002,1.8155
65536,DEVICE_COPY,1,68,0.759808,0.0069,0.0019,3.875
65536,DEVICE_COPY,1,69,0.796672,0.0061,0.0023,1.9182
65536,DEVICE_COPY,1,70,0.775168,0.0052,0.002,1.8148
65536,DEVICE_COPY,1,71,0.775168,0.0047,0.002,1.8269
65536,DEVICE_COPY,1,72,0.759808,0.0049,0.0019,1.8437
65536,DEVICE_COPY,1,73,0.770048,0.0047,0.002,1.823
65536,DEVICE_COPY,1,74,0.760832,0.0044,0.002,1.8324
65536,DEVICE_COPY,1,75,0.78336,0.0048,0.0018,1.8306
65536,DEVICE_COPY,1,76,0.769024,0.0044,0.0019,1.8324
65536,DEVICE_COPY,1,77,0.772096,0.0045,0.002,1.8374
65536,DEVICE_COPY,1,78,0.760832,0.0049,0.002,1.8324
65536,DEVICE_COPY,1,79,0.770048,0.005,0.002,1.8329
65536,DEVICE_COPY,1,80,0.760832,0.0048,0.002,1.8356
65536,DEVICE_COPY,1,81,0.78336,0.0046,0.002,1.8341
65536,DEVICE_COPY,1,82,0.768,0.0047,0.002,1.8334
65536,DEVICE_COPY,1,83,0.769024,0.0046,0.002,1.8337
65536,DEVICE_COPY,1,84,0.758784,0.0046,0.002,1.8408
65536,DEVICE_COPY,1,85,0.765952,0.005,0.0019,1.8327
65536,DEVICE_COPY,1,86,0.759808,0.0043,0.0021,1.8494
65536,DEVICE_COPY,1,87,0.7936,0.0056,0.0021,1.8377
65536,DEVICE_COPY,1,88,0.763904,0.0047,0.002,1.8285
65536,DEVICE_COPY,1,89,0.770048,0.0044,0.002,1.8134
65536,DEVICE_COPY,1,90,0.756736,0.0044,0.0022,1.8209
65536,DEVICE_COPY,1,91,0.768,0.0044,0.002,1.8154
65536,DEVICE_COPY,1,92,0.75776,0.0045,0.0019,1.8192
65536,DEVICE_COPY,1,93,0.765952,0.0044,0.002,1.846
65536,DEVICE_COPY,1,94,0.760832,0.0047,0.002,1.8237
65536,DEVICE_COPY,1,95,0.775168,0.0045,0.0019,1.8168
65536,DEVICE_COPY,1,96,0.754688,0.005,0.002,1.8276
65536,DEVICE_COPY,1,97,0.785408,0.0055,0.0029,1.8588
65536,DEVICE_COPY,1,98,0.76288,0.0055,0.0021,1.8148
65536,DEVICE_COPY,1,99,0.769024,0.005,0.002,1.9077
65536,DEVICE_COPY,1,100,0.771072,0.0052,0.002,1.8331
65536,DEVICE_COPY,1,101,0.776192,0.0052,0.0019,1.8244
65536,DEVICE_COPY,1,102,0.755712,0.005,0.002,1.8365
65536,DEVICE_COPY,1,103,0.770048,0.0044,0.002,1.8324
65536,DEVICE_COPY,1,104,0.758784,0.0046,0.0019,1.8276
65536,DEVICE_COPY,1,105,0.775168,0.0045,0.0022,1.8627
65536,DEVICE_COPY,1,106,0.780288,0.0061,0.0032,1.8235
65536,DEVICE_COPY,1,107,0.769024,0.0049,0.0021,1.8394
65536,DEVICE_COPY,1,108,0.758784,0.0048,0.0019,1.84
65536,DEVICE_COPY,1,109,0.769024,0.0043,0.002,1.8404
65536,DEVICE_COPY,1,110,0.759808,0.0048,0.002,1.8315
65536,DEVICE_COPY,1,111,0.779264,0.0046,0.0022,1.8427
65536,DEVICE_COPY,1,112,0.771072,0.0044,0.0021,1.8268
65536,DEVICE_COPY,1,113,0.769024,0.0047,0.002,1.8495
65536,DEVICE_COPY,1,114,0.763904,0.0046,0.002,1.8202
65536,DEVICE_COPY,1,115,0.781312,0.0043,0.002,3.7384
65536,DEVICE_COPY,1,116,0.771072,0.0083,0.0028,1.9207
65536,DEVICE_COPY,1,117,0.801792,0.0057,0.002,1.8154
65536,DEVICE_COPY,1,118,0.76288,0.0053,0.0021,1.835
65536,DEVICE_COPY,1,119,0.777216,0.0049,0.0021,1.8223
65536,DEVICE_COPY,2,0,0.777216,0.0052,0.0019,1.8344
65536,DEVICE_COPY,2,1,0.802816,0.0045,0.0017,1.8251
65536,DEVICE_COPY,2,2,0.77312,0.0054,0.0021,1.8343
65536,DEVICE_COPY,2,3,0.772096,0.0052,0.002,1.8305
65536,DEVICE_COPY,2,4,0.75776,0.0049,0.002,1.8308
65536,DEVICE_COPY,2,5,0.771072,0.0047,0.0019,1.8405
65536,DEVICE_COPY,2,6,0.777216,0.0047,0.0022,1.8352
65536,DEVICE_COPY,2,7,0.791552,0.0045,0.0019,1.8367
65536,DEVICE_COPY,2,8,0.759808,0.0049,0.0019,1.8376
65536,DEVICE_COPY,2,9,0.768,0.0047,0.0019,1.8347
65536,DEVICE_COPY,2,10,0.75776,0.0049,0.0021,1.836
65536,DEVICE_COPY,2,11,0.771072,0.0046,0.002,1.8375
65536,DEVICE_COPY,2,12,2.80576,0.0046,0.0022,1.8162
65536,DEVICE_COPY,2,13,0.785408,0.0046,0.002,1.8273
65536,DEVICE_COPY,2,14,0.765952,0.005,0.0021,1.8353
65536,DEVICE_COPY,2,15,0.769024,0.0046,0.002,1.8314
65536,DEVICE_COPY,2,16,0.759808,0.0045,0.0019,1.8457
65536,DEVICE_COPY,2,17,0.775168,0.0048,0.0022,1.8356
65536,DEVICE_COPY,2,18,0.765952,0.0051,0.002,1.8315
65536,DEVICE_COPY,2,19,0.772096,0.0047,0.0021,1.8327
65536,DEVICE_COPY,2,20,0.759808,0.0048,0.002,1.8382
65536,DEVICE_COPY,2,21,0.772096,0.0046,0.002,1.832
65536,DEVICE_COPY,2,22,0.761856,0.0046,0.0019,1.8408
65536,DEVICE_COPY,2,23,0.802816,0.0047,0.0018,1.8369
65536,DEVICE_COPY,2,24,0.768,0.0049,0.0021,1.831
65536,DEVICE_COPY,2,25,0.768,0.0046,0.0021,1.8397
65536,DEVICE_COPY,2,26,0.758784,0.0047,0.0019,1.8456
65536,DEVICE_COPY,2,27,0.769024,0.0047,0.0034,1.8327
65536,DEVICE_COPY,2,28,0.75776,0.0046,0.0021,1.8422
65536,DEVICE_COPY,2,29,0.776192,0.0046,0.0019,1.8356
65536,DEVICE_COPY,2,30,0.764928,0.0047,0.002,1.8408
65536,DEVICE_COPY,2,31,0.771072,0.0046,0.0019,1.8379
65536,DEVICE_COPY,2,32,0.763904,0.0048,0.002,1.8486
65536,DEVICE_COPY,2,33,0.772096,0.005,0.0019,1.8336
65536,DEVICE_COPY,2,34,0.76288,0.0046,0.0021,1.8357
65536,DEVICE_COPY,2,35,0.775168,0.0045,0.0019,1.8276
65536,DEVICE_COPY,2,36,0.760832,0.0047,0.0018,1.8366
65536,DEVICE_COPY,2,37,0.774144,0.0045,0.002,1.8345
65536,DEVICE_COPY,2,38,0.75776,0.0046,0.0019,1.8307
65536,DEVICE_COPY,2,39,0.769024,0.0046,0.0021,1.843
65536,DEVICE_COPY,2,40,0.756736,0.0047,0.002,1.8521
65536,DEVICE_COPY,2,41,0.780288,0.0042,0.002,1.8317
65536,DEVICE_COPY,2,42,0.766976,0.0045,0.0021,3.6911
65536,DEVICE_COPY,2,43,0.789504,0.0058,0.0025,1.8833
65536,DEVICE_COPY,2,44,0.760832,0.0046,0.0021,1.8299
65536,DEVICE_COPY,2,45,0.771072,0.0048,0.0021,1.8462
65536,DEVICE_COPY,2,46,0.770048,0.0053,0.002,1.8293
65536,DEVICE_COPY,2,47,0.779264,0.0043,0.0018,1.8309
65536,DEVICE_COPY,2,48,0.761856,0.0046,0.0019,1.8363
65536,DEVICE_COPY,2,49,0.77312,0.0049,0.002,1.8321
65536,DEVICE_COPY,2,50,0.76288,0.0051,0.002,1.8403
65536,DEVICE_COPY,2,51,0.766976,0.0045,0.0022,1.85
65536,DEVICE_COPY,2,52,0.760832,0.0052,0.002,1.8349
65536,DEVICE_COPY,2,53,0.781312,0.0045,0.0019,1.8255
65536,DEVICE_COPY,2,54,0.759808,0.0048,0.002,1.8356
65536,DEVICE_COPY,2,55,0.764928,0.0047,0.002,1.8232
65536,DEVICE_COPY,2,56,0.758784,0.0051,0.0022,1.8342
65536,DEVICE_COPY,2,57,0.766976,0.0046,0.0018,1.8528
65536,DEVICE_COPY,2,58,0.772096,0.0049,0.0022,1.8336
65536,DEVICE_COPY,2,59,0.782336,0.0044,0.0019,1.8428
65536,DEVICE_COPY,2,60,0.75776,0.0046,0.0018,1.8359
65536,DEVICE_COPY,2,61,0.768,0.0046,0.0019,1.83
65536,DEVICE_COPY,2,62,0.758784,0.0047,0.002,1.8316
65536,DEVICE_COPY,2,63,0.766976,0.0049,0.002,1.8384
65536,DEVICE_COPY,2,64,0.770048,0.0047,0.0013,1.8323
65536,DEVICE_COPY,2,65,0.791552,0.005,0.0019,1.832
65536,DEVICE_COPY,2,66,0.758784,0.0048,0.002,1.8386
65536,DEVICE_COPY,2,67,0.769024,0.0047,0.002,1.8316
65536,DEVICE_COPY,2,68,0.759808,0.0044,0.0021,1.8361
65536,DEVICE_COPY,2,69,0.799744,0.0045,0.0022,1.8377
65536,DEVICE_COPY,2,70,0.76288,0.0046,0.002,1.8245
65536,DEVICE_COPY,2,71,0.771072,0.0045,0.0021,1.8242
65536,DEVICE_COPY,2,72,0.75776,0.0044,0.0019,1.8324
65536,DEVICE_COPY,2,73,0.775168,0.0045,0.0018,1.8148
65536,DEVICE_COPY,2,74,0.759808,0.0046,0.0018,1.8342
65536,DEVICE_COPY,2,75,0.790528,0.0049,0.0019,1.8165
65536,DEVICE_COPY,2,76,0.763904,0.0049,0.002,1.8193
65536,DEVICE_COPY,2,77,0.78848,0.0051,0.002,1.8273
65536,DEVICE_COPY,2,78,0.763904,0.0048,0.002,1.8281
65536,DEVICE_COPY,2,79,0.784384,0.0046,0.0019,1.8386
65536,DEVICE_COPY,2,80,0.76288,0.0049,0.0021,1.8311
65536,DEVICE_COPY,2,81,0.78336,0.0044,0.0019,1.8369
65536,DEVICE_COPY,2,82,0.785408,0.0045,0.0019,1.8325
65536,DEVICE_COPY,2,83,0.782336,0.0047,0.002,1.8471
65536,DEVICE_COPY,2,84,0.761856,0.0046,0.002,1.8411
65536,DEVICE_COPY,2,85,0.774144,0.0047,0.0019,1.8301
65536,DEVICE_COPY,2,86,0.766976,0.0044,0.0029,1.9398
65536,DEVICE_COPY,2,87,0.774144,0.0042,0.0019,1.8351
65536,DEVICE_COPY,2,88,0.78336,0.0048,0.0019,1.8243
65536,DEVICE_COPY,2,89,0.780288,0.0046,0.0019,1.8264
65536,DEVICE_COPY,2,90,0.76288,0.0048,0.002,3.9868
65536,DEVICE_COPY,2,91,0.804864,0.0057,0.0023,1.8431
65536,DEVICE_COPY,2,92,0.775168,0.0052,0.0021,1.8157
65536,DEVICE_COPY,2,93,0.80896,0.0043,0.0021,1.8266
65536,DEVICE_COPY,2,94,0.774144,0.0047,0.002,1.8216
65536,DEVICE_COPY,2,95,0.781312,0.0045,0.0021,1.8298
65536,DEVICE_COPY,2,96,0.769024,0.0055,0.0019,1.8124
65536,DEVICE_COPY,2,97,0.776192,0.0043,0.0019,1.8135
65536,DEVICE_COPY,2,98,0.77312,0.0047,0.002,1.8462
65536,DEVICE_COPY,2,99,0.79872,0.0054,0.0019,1.8267
65536,DEVICE_COPY,2,100,0.765952,0.0043,0.0022,1.8309
65536,DEVICE_COPY,2,101,0.782336,0.0044,0.002,1.8069
65536,DEVICE_COPY,2,102,0.758784,0.0045,0.002,1.8296
65536,DEVICE_COPY,2,103,0.800768,0.0051,0.0019,1.8211
65536,DEVICE_COPY,2,104,0.769024,0.0046,0.0021,1.8614
65536,DEVICE_COPY,2,105,0.787456,0.0047,0.0018,1.844
65536,DEVICE_COPY,2,106,0.761856,0.0047,0.002,1.8254
65536,DEVICE_COPY,2,107,0.78336,0.0043,0.0018,1.84
65536,DEVICE_COPY,2,108,0.76288,0.0051,0.002,1.8459
65536,DEVICE_COPY,2,109,0.78336,0.0047,0.0022,1.8354
65536,DEVICE_COPY,2,110,0.761856,0.0048,0.002,1.8532
65536,DEVICE_COPY,2,111,0.78848,0.0046,0.0019,1.8296
65536,DEVICE_COPY,2,112,0.776192,0.0045,0.002,1.816
65536,DEVICE_COPY,2,113,0.780288,0.0043,0.0019,1.8278
65536,DEVICE_COPY,2,114,0.761856,0.0047,0.002,1.8322
65536,DEVICE_COPY,2,115,0.796672,0.0046,0.0021,1.8306
65536,DEVICE_COPY,2,116,0.768,0.0061,0.0019,1.8477
65536,DEVICE_COPY,2,117,0.787456,0.0046,0.0019,1.8081
65536,DEVICE_COPY,2,118,0.763904,0.0049,0.0022,1.8175
65536,DEVICE_COPY,2,119,0.781312,0.0047,0.0018,1.8056
65536,DIRECT,0,0,1.396736,0.003,0.0016,1.9255
65536,DIRECT,0,1,1.398784,0.004,0.0021,1.795
65536,DIRECT,0,2,1.401856,0.0039,0.0021,1.8015
65536,DIRECT,0,3,1.409024,0.004,0.002,1.8049
65536,DIRECT,0,4,1.398784,0.0044,0.0019,1.8121
65536,DIRECT,0,5,1.416192,0.0047,0.0019,1.7938
65536,DIRECT,0,6,1.394688,0.005,0.002,1.8039
65536,DIRECT,0,7,1.400832,0.004,0.002,1.8157
65536,DIRECT,0,8,1.401856,0.0051,0.0019,2.144
65536,DIRECT,0,9,1.408,0.004,0.002,1.8205
65536,DIRECT,0,10,1.398784,0.0046,0.0021,1.8176
65536,DIRECT,0,11,1.39264,0.0044,0.003,2.1462
65536,DIRECT,0,12,1.39776,0.0049,0.002,1.8283
65536,DIRECT,0,13,1.409024,0.0046,0.002,2.1446
65536,DIRECT,0,14,1.395712,0.0045,0.0019,1.8411
65536,DIRECT,0,15,1.398784,0.0044,0.002,1.818
65536,DIRECT,0,16,1.399808,0.0046,0.0027,2.1174
65536,DIRECT,0,17,1.39776,0.0043,0.0021,3.8773
65536,DIRECT,0,18,1.396736,0.0058,0.0028,2.1371
65536,DIRECT,0,19,1.39776,0.0052,0.0021,1.8226
65536,DIRECT,0,20,1.406976,0.0045,0.0022,1.8208
65536,DIRECT,0,21,1.394688,0.0044,0.0018,1.8066
65536,DIRECT,0,22,1.393664,0.0045,0.002,1.8204
65536,DIRECT,0,23,1.396736,0.0045,0.0019,2.1428
65536,DIRECT,0,24,1.395712,0.0054,0.0019,1.803
65536,DIRECT,0,25,1.39776,0.0046,0.002,1.8209
65536,DIRECT,0,26,1.400832,0.0048,0.002,1.809
65536,DIRECT,0,27,1.395712,0.0044,0.0019,1.8098
65536,DIRECT,0,28,1.400832,0.0046,0.002,1.8132
65536,DIRECT,0,29,1.399808,0.0045,0.0022,1.8199
65536,DIRECT,0,30,1.395712,0.0046,0.002,2.1615
65536,DIRECT,0,31,1.405952,0.0042,0.0022,1.823
65536,DIRECT,0,32,1.401856,0.0044,0.0021,2.0626
65536,DIRECT,0,33,1.40288,0.0077,0.0028,1.9839
65536,DIRECT,0,34,1.403904,0.0043,0.0022,2.1538
65536,DIRECT,0,35,1.396736,0.004,0.002,1.8135
65536,DIRECT,0,36,1.400832,0.0047,0.0022,1.8111
65536,DIRECT,0,37,1.40288,0.0044,0.0019,1.8137
65536,DIRECT,0,38,1.409024,0.005,0.0021,1.8099
65536,DIRECT,0,39,1.405952,0.0042,0.0019,1.8683
65536,DIRECT,0,40,1.399808,0.0065,0.0018,2.1441
65536,DIRECT,0,41,1.394688,0.0044,0.002,1.8041
65536,DIRECT,0,42,1.394688,0.0045,0.002,2.1332
65536,DIRECT,0,43,1.391616,0.0045,0.002,1.8275
65536,DIRECT,0,44,1.405952,0.0046,0.002,1.8182
65536,DIRECT,0,45,1.403904,0.0044,0.002,1.8112
65536,DIRECT,0,46,1.39776,0.0046,0.002,1.8173
65536,DIRECT,0,47,1.398784,0.005,0.0021,1.8179
65536,DIRECT,0,48,1.398784,0.0047,0.0019,1.8119
65536,DIRECT,0,49,1.39776,0.0048,0.0025,2.122
65536,DIRECT,0,50,1.40288,0.0044,0.002,1.8023
65536,DIRECT,0,51,1.393664,0.0045,0.0019,2.1353
65536,DIRECT,0,52,1.40288,0.0043,0.0021,1.8203
65536,DIRECT,0,53,1.393664,0.0041,0.0018,2.143
65536,DIRECT,0,54,1.405952,0.0047,0.002,1.7973
65536,DIRECT,0,55,1.404928,0.0045,0.002,1.8678
65536,DIRECT,0,56,1.408,0.0067,0.002,1.809
65536,DIRECT,0,57,1.398784,0.0041,0.0021,1.819
65536,DIRECT,0,58,1.39264,0.0044,0.002,1.8069
65536,DIRECT,0,59,1.417216,0.0039,0.002,1.8175
65536,DIRECT,0,60,1.39776,0.0046,0.0026,2.0995
65536,DIRECT,0,61,1.398784,0.0043,0.0022,1.8179
65536,DIRECT,0,62,1.395712,0.0044,0.002,1.8104
65536,DIRECT,0,63,1.394688,0.0044,0.0019,1.8173
65536,DIRECT,0,64,1.403904,0.0044,0.0018,3.7714
65536,DIRECT,0,65,1.399808,0.0064,0.0029,1.9078
65536,DIRECT,0,66,1.398784,0.0051,0.0026,2.0921
65536,DIRECT,0,67,1.404928,0.0044,0.002,1.8083
65536,DIRECT,0,68,1.399808,0.0047,0.0019,2.1485
65536,DIRECT,0,69,1.398784,0.0042,0.0019,1.8102
65536,DIRECT,0,70,1.426432,0.0047,0.0022,1.819
65536,DIRECT,0,71,1.398784,0.0044,0.0026,2.1012
65536,DIRECT,0,72,1.39776,0.0043,0.002,1.8158
65536,DIRECT,0,73,1.40288,0.0043,0.002,1.8095
65536,DIRECT,0,74,1.401856,0.0047,0.0019,1.852
65536,DIRECT,0,75,1.396736,0.0051,0.0019,1.807
65536,DIRECT,0,76,1.391616,0.0046,0.0019,2.1347
65536,DIRECT,0,77,1.396736,0.0044,0.002,1.8047
65536,DIRECT,0,78,1.394688,0.0044,0.002,1.8109
65536,DIRECT,0,79,1.430528,0.0044,0.0018,1.8307
65536,DIRECT,0,80,1.400832,0.0044,0.0019,1.8125
65536,DIRECT,0,81,1.39776,0.0042,0.0019,1.821
65536,DIRECT,0,82,1.398784,0.0048,0.0019,2.1338
65536,DIRECT,0,83,1.398784,0.0047,0.0021,1.8173
65536,DIRECT,0,84,1.420288,0.0046,0.0018,1.8189
65536,DIRECT,0,85,1.406976,0.0043,0.0021,1.8082
65536,DIRECT,0,86,1.393664,0.0043,0.002,1.8109
65536,DIRECT,0,87,1.401856,0.0042,0.0019,1.8117
65536,DIRECT,0,88,1.396736,0.0045,0.0019,1.8146
65536,DIRECT,0,89,1.39776,0.0047,0.0026,2.1229
65536,DIRECT,0,90,1.393664,0.005,0.0019,1.8092
65536,DIRECT,0,91,1.403904,0.0046,0.002,1.8076
65536,DIRECT,0,92,1.401856,0.0043,0.0025,2.1022
65536,DIRECT,0,93,1.39776,0.0046,0.0019,1.836
65536,DIRECT,0,94,1.399808,0.005,0.0031,2.1453
65536,DIRECT,0,95,1.400832,0.0044,0.002,1.8245
65536,DIRECT,0,96,1.403904,0.0049,0.002,2.1466
65536,DIRECT,0,97,1.395712,0.0045,0.0019,1.8112
65536,DIRECT,0,98,1.424384,0.0044,0.0019,1.8201
65536,DIRECT,0,99,1.396736,0.0042,0.0025,2.1145
65536,DIRECT,0,100,1.391616,0.0045,0.0019,1.8184
65536,DIRECT,0,101,1.396736,0.0048,0.0019,2.1519
65536,DIRECT,0,102,1.400832,0.0048,0.0019,1.836
65536,DIRECT,0,103,1.424384,0.0048,0.0027,2.1555
65536,DIRECT,0,104,1.411072,0.0046,0.002,1.8194
65536,DIRECT,0,105,1.395712,0.0044,0.0019,1.809
65536,DIRECT,0,106,1.389568,0.0045,0.0019,2.1351
65536,DIRECT,0,107,1.424384,0.0042,0.0022,1.8282
65536,DIRECT,0,108,1.400832,0.0042,0.002,2.1532
65536,DIRECT,0,109,1.395712,0.0041,0.0019,1.819
65536,DIRECT,0,110,1.40288,0.0047,0.002,2.1452
65536,DIRECT,0,111,1.393664,0.0039,0.0019,3.8262
65536,DIRECT,0,112,1.394688,0.0059,0.0022,1.8304
65536,DIRECT,0,113,1.40288,0.0043,0.0019,2.1559
65536,DIRECT,0,114,1.39776,0.0044,0.002,1.8195
65536,DIRECT,0,115,1.401856,0.0047,0.0019,2.1405
65536,DIRECT,0,116,1.396736,0.0045,0.002,1.8112
65536,DIRECT,0,117,1.394688,0.0039,0.0019,1.8262
65536,DIRECT,0,118,1.39264,0.0046,0.0021,2.1523
65536,DIRECT,0,119,1.39776,0.0041,0.0018,1.817
65536,DIRECT,1,0,1.422336,0.0045,0.0029,1.8117
65536,DIRECT,1,1,1.405952,0.005,0.0019,1.8337
65536,DIRECT,1,2,1.401856,0.0044,0.0017,1.8156
65536,DIRECT,1,3,1.42336,0.0043,0.0021,1.8341
65536,DIRECT,1,4,1.403904,0.0045,0.0026,2.1273
65536,DIRECT,1,5,1.395712,0.0046,0.002,1.8372
65536,DIRECT,1,6,1.393664,0.0045,0.002,2.16
65536,DIRECT,1,7,1.398784,0.0041,0.002,1.8288
65536,DIRECT,1,8,1.393664,0.0044,0.002,2.156
65536,DIRECT,1,9,1.406976,0.0042,0.0021,1.8253
65536,DIRECT,1,10,1.396736,0.0042,0.0019,2.1495
65536,DIRECT,1,11,1.400832,0.0039,0.002,1.8214
65536,DIRECT,1,12,1.404928,0.0048,0.002,1.8275
65536,DIRECT,1,13,1.40288,0.0039,0.0019,2.1497
65536,DIRECT,1,14,1.399808,0.0047,0.002,1.8179
65536,DIRECT,1,15,1.391616,0.0041,0.002,2.1506
65536,DIRECT,1,16,1.395712,0.0042,0.0019,1.8049
65536,DIRECT,1,17,1.39776,0.0039,0.002,1.8146
65536,DIRECT,1,18,1.40288,0.0043,0.0022,1.8188
65536,DIRECT,1,19,1.394688,0.0045,0.0019,1.8075
65536,DIRECT,1,20,1.401856,0.0044,0.0018,1.8084
65536,DIRECT,1,21,1.395712,0.0047,0.0019,2.1519
65536,DIRECT,1,22,1.398784,0.0042,0.0019,1.8147
65536,DIRECT,1,23,1.398784,0.0057,0.002,1.8241
65536,DIRECT,1,24,1.401856,0.0043,0.0021,2.1339
65536,DIRECT,1,25,1.394688,0.0046,0.002,1.8022
65536,DIRECT,1,26,1.389568,0.0041,0.0021,2.1378
65536,DIRECT,1,27,1.393664,0.0045,0.0018,1.8457
65536,DIRECT,1,28,1.417216,0.0056,0.0021,1.8233
65536,DIRECT,1,29,1.420288,0.0051,0.0029,2.1766
65536,DIRECT,1,30,1.395712,0.0044,0.0019,1.818
65536,DIRECT,1,31,1.395712,0.0043,0.0019,2.1544
65536,DIRECT,1,32,1.426432,0.0043,0.0022,1.8164
65536,DIRECT,1,33,1.396736,0.0044,0.0019,2.1384
65536,DIRECT,1,34,1.39264,0.0043,0.0019,1.8147
65536,DIRECT,1,35,1.393664,0.0041,0.002,2.1512
65536,DIRECT,1,36,1.394688,0.0045,0.002,1.8246
65536,DIRECT,1,37,1.39264,0.004,0.0019,1.824
65536,DIRECT,1,38,1.398784,0.0044,0.0019,4.419
65536,DIRECT,1,39,1.40288,0.0062,0.0031,2.2284
65536,DIRECT,1,40,1.40288,0.0049,0.0022,1.8232
65536,DIRECT,1,41,2.978816,0.0046,0.0019,1.8135
65536,DIRECT,1,42,1.39776,0.0047,0.0019,1.8174
65536,DIRECT,1,43,1.399808,0.0045,0.0019,2.1378
65536,DIRECT,1,44,1.406976,0.0042,0.002,1.8179
65536,DIRECT,1,45,1.394688,0.0047,0.0019,2.1452
65536,DIRECT,1,46,1.404928,0.0046,0.0019,1.8114
65536,DIRECT,1,47,1.400832,0.0041,0.0019,1.8083
65536,DIRECT,1,48,1.39776,0.0041,0.002,2.1283
65536,DIRECT,1,49,1.67936,0.0039,0.0056,1.9434
65536,DIRECT,1,50,1.39264,0.0061,0.0025,2.0862
65536,DIRECT,1,51,1.39776,0.0045,0.0021,1.8107
65536,DIRECT,1,52,1.391616,0.0044,0.002,2.1571
65536,DIRECT,1,53,1.394688,0.0041,0.0019,1.8138
65536,DIRECT,1,54,1.39776,0.0046,0.0022,1.8086
65536,DIRECT,1,55,1.393664,0.004,0.0026,2.1129
65536,DIRECT,1,56,1.404928,0.0042,0.002,1.8179
65536,DIRECT,1,57,1.39264,0.0045,0.0018,2.1533
65536,DIRECT,1,58,1.431552,0.0056,0.0021,1.814
65536,DIRECT,1,59,1.391616,0.0049,0.002,1.8042
65536,DIRECT,1,60,1.394688,0.0045,0.0027,2.0999
65536,DIRECT,1,61,1.388544,0.0046,0.0031,1.9193
65536,DIRECT,1,62,1.388544,0.005,0.0019,1.8008
65536,DIRECT,1,63,1.480704,0.0041,0.0022,1.971
65536,DIRECT,1,64,1.393664,0.0042,0.0019,2.1423
65536,DIRECT,1,65,1.404928,0.0053,0.0018,1.8103
65536,DIRECT,1,66,1.437696,0.0047,0.0024,1.818
65536,DIRECT,1,67,1.410048,0.0055,0.0021,1.8127
65536,DIRECT,1,68,1.43872,0.0047,0.0021,1.8814
65536,DIRECT,1,69,1.395712,0.0047,0.0027,1.82
65536,DIRECT,1,70,1.400832,0.0047,0.0021,1.813
65536,DIRECT,1,71,1.39264,0.0042,0.0019,1.8197
65536,DIRECT,1,72,1.406976,0.0046,0.002,1.8301
65536,DIRECT,1,73,1.396736,0.0046,0.0019,2.1442
65536,DIRECT,1,74,1.394688,0.0055,0.0019,1.8211
65536,DIRECT,1,75,1.39776,0.0043,0.002,1.8182
65536,DIRECT,1,76,1.400832,0.0052,0.002,2.1301
65536,DIRECT,1,77,1.403904,0.0045,0.002,1.8156
65536,DIRECT,1,78,1.391616,0.0047,0.0022,2.1551
65536,DIRECT,1,79,1.403904,0.0041,0.0021,1.8196
65536,DIRECT,1,80,1.389568,0.0043,0.002,1.8077
65536,DIRECT,1,81,1.39776,0.0042,0.002,1.8226
65536,DIRECT,1,82,1.401856,0.0047,0.002,1.8031
65536,DIRECT,1,83,1.39776,0.0042,0.0019,1.8247
65536,DIRECT,1,84,1.401856,0.0045,0.0021,2.1322
65536,DIRECT,1,85,1.39776,0.0044,0.0019,2.5385
65536,DIRECT,1,86,1.422336,0.0042,0.002,3.3359
65536,DIRECT,1,87,1.395712,0.0054,0.002,1.8193
65536,DIRECT,1,88,1.403904,0.0044,0.0021,1.8133
65536,DIRECT,1,89,1.40288,0.0038,0.0026,1.9691
65536,DIRECT,1,90,1.396736,0.0054,0.0019,1.8287
65536,DIRECT,1,91,1.405952,0.0044,0.0022,1.8424
65536,DIRECT,1,92,1.395712,0.0041,0.0019,2.1478
65536,DIRECT,1,93,1.395712,0.005,0.002,1.8172
65536,DIRECT,1,94,1.398784,0.0044,0.0019,1.8048
65536,DIRECT,1,95,1.414144,0.0045,0.0054,2.1458
65536,DIRECT,1,96,1.396736,0.0058,0.0019,1.8125
65536,DIRECT,1,97,1.394688,0.0042,0.002,2.1415
65536,DIRECT,1,98,1.395712,0.0042,0.0021,1.8221
65536,DIRECT,1,99,1.395712,0.004,0.002,1.8228
65536,DIRECT,1,100,1.405952,0.0044,0.002,1.8182
65536,DIRECT,1,101,1.398784,0.0039,0.002,1.8549
65536,DIRECT,1,102,1.399808,0.0068,0.0018,1.8159
65536,DIRECT,1,103,1.399808,0.0044,0.002,2.1404
65536,DIRECT,1,104,1.404928,0.0043,0.002,1.8074
65536,DIRECT,1,105,1.399808,0.0039,0.0021,1.8155
65536,DIRECT,1,106,1.394688,0.0045,0.002,2.1493
65536,DIRECT,1,107,1.403904,0.0039,0.0021,1.8203
65536,DIRECT,1,108,1.39776,0.0041,0.0019,2.8233
65536,DIRECT,1,109,1.39776,0.0061,0.002,1.8102
65536,DIRECT,1,110,1.398784,0.0049,0.0019,1.8116
65536,DIRECT,1,111,1.399808,0.0043,0.002,1.8196
65536,DIRECT,1,112,1.399808,0.0044,0.0018,1.822
65536,DIRECT,1,113,1.39264,0.004,0.0021,1.8427
65536,DIRECT,1,114,1.39776,0.0045,0.002,1.823
65536,DIRECT,1,115,1.389568,0.0045,0.0027,1.8697
65536,DIRECT,1,116,1.399808,0.0047,0.002,1.8056
65536,DIRECT,1,117,1.389568,0.0039,0.0019,1.8202
65536,DIRECT,1,118,1.422336,0.0041,0.0022,1.8677
65536,DIRECT,1,119,1.396736,0.0039,0.0026,2.123
65536,DIRECT,2,0,1.40288,0.0047,0.0022,1.8031
65536,DIRECT,2,1,1.404928,0.0045,0.0022,1.8111
65536,DIRECT,2,2,1.412096,0.0037,0.0023,1.8544
65536,DIRECT,2,3,1.399808,0.0047,0.0022,1.8194
65536,DIRECT,2,4,1.40288,0.0045,0.0018,1.8213
65536,DIRECT,2,5,1.40288,0.0054,0.0021,1.8305
65536,DIRECT,2,6,1.408,0.0046,0.0021,1.8709
65536,DIRECT,2,7,1.390592,0.0046,0.0021,1.8829
65536,DIRECT,2,8,1.401856,0.0048,0.002,1.8117
65536,DIRECT,2,9,1.400832,0.0041,0.002,1.8091
65536,DIRECT,2,10,1.406976,0.0042,0.002,1.8116
65536,DIRECT,2,11,1.403904,0.0045,0.0018,2.1507
65536,DIRECT,2,12,1.40288,0.0056,0.0019,1.8083
65536,DIRECT,2,13,1.403904,0.0042,0.002,1.8354
65536,DIRECT,2,14,1.398784,0.0057,0.0019,2.5192
65536,DIRECT,2,15,1.399808,0.0055,0.0021,1.8134
65536,DIRECT,2,16,1.398784,0.0045,0.0021,1.8312
65536,DIRECT,2,17,1.405952,0.0043,0.002,1.8117
65536,DIRECT,2,18,1.396736,0.0049,0.0019,1.8062
65536,DIRECT,2,19,1.404928,0.0044,0.0022,1.8129
65536,DIRECT,2,20,1.403904,0.0045,0.0019,1.9969
65536,DIRECT,2,21,1.400832,0.0066,0.0034,2.1317
65536,DIRECT,2,22,1.388544,0.0049,0.002,1.8062
65536,DIRECT,2,23,1.394688,0.0043,0.002,2.1445
65536,DIRECT,2,24,1.39776,0.0046,0.0022,1.8191
65536,DIRECT,2,25,1.38752,0.0039,0.0019,2.1404
65536,DIRECT,2,26,1.405952,0.0044,0.0021,1.806
65536,DIRECT,2,27,1.403904,0.0041,0.002,1.8176
65536,DIRECT,2,28,1.401856,0.0046,0.0021,2.1538
65536,DIRECT,2,29,1.40288,0.0044,0.002,1.8207
65536,DIRECT,2,30,1.39776,0.0041,0.002,2.1589
65536,DIRECT,2,31,1.395712,0.0039,0.0023,1.8159
65536,DIRECT,2,32,1.398784,0.0043,0.0019,1.8083
65536,DIRECT,2,33,1.399808,0.0044,0.002,1.848
65536,DIRECT,2,34,1.40288,0.0043,0.0019,1.813
65536,DIRECT,2,35,1.400832,0.0041,0.002,1.837
65536,DIRECT,2,36,1.390592,0.0047,0.002,2.1433
65536,DIRECT,2,37,1.396736,0.0044,0.0019,1.8338
65536,DIRECT,2,38,1.394688,0.0046,0.0021,1.8202
65536,DIRECT,2,39,1.395712,0.0042,0.002,2.1337
65536,DIRECT,2,40,1.41312,0.0047,0.002,1.8196
65536,DIRECT,2,41,1.395712,0.0043,0.0019,2.1386
65536,DIRECT,2,42,1.403904,0.0045,0.002,1.8178
65536,DIRECT,2,43,1.401856,0.0049,0.0019,2.0657
65536,DIRECT,2,44,1.398784,0.0071,0.0018,1.8084
65536,DIRECT,2,45,1.396736,0.0052,0.002,1.8224
65536,DIRECT,2,46,1.399808,0.0047,0.002,2.1521
65536,DIRECT,2,47,1.40288,0.0044,0.0022,1.8011
65536,DIRECT,2,48,1.40288,0.0045,0.0021,1.8013
65536,DIRECT,2,49,1.40288,0.004,0.002,1.8165
65536,DIRECT,2,50,1.39264,0.0055,0.0019,1.8035
65536,DIRECT,2,51,1.404928,0.0043,0.0021,1.8142
65536,DIRECT,2,52,1.398784,0.0041,0.0019,2.0619
65536,DIRECT,2,53,1.405952,0.0069,0.0018,1.8102
65536,DIRECT,2,54,1.404928,0.0048,0.0021,1.8157
65536,DIRECT,2,55,1.394688,0.0048,0.002,2.1645
65536,DIRECT,2,56,1.399808,0.0046,0.0021,1.8121
65536,DIRECT,2,57,1.400832,0.0044,0.0021,1.8097
65536,DIRECT,2,58,1.40288,0.0046,0.0022,1.8146
65536,DIRECT,2,59,1.439744,0.0042,0.0024,1.8356
65536,DIRECT,2,60,1.398784,0.0048,0.0021,1.8118
65536,DIRECT,2,61,1.394688,0.0042,0.002,2.142
65536,DIRECT,2,62,1.396736,0.0043,0.0022,2.2845
65536,DIRECT,2,63,1.395712,0.005,0.0021,1.8111
65536,DIRECT,2,64,1.39776,0.0044,0.002,1.8264
65536,DIRECT,2,65,1.39776,0.004,0.002,1.8172
65536,DIRECT,2,66,1.478656,0.0042,0.0022,1.8048
65536,DIRECT,2,67,1.396736,0.0041,0.002,1.8166
65536,DIRECT,2,68,1.395712,0.004,0.0019,3.0019
65536,DIRECT,2,69,1.405952,0.0048,0.0019,1.8123
65536,DIRECT,2,70,1.395712,0.0044,0.0021,1.8008
65536,DIRECT,2,71,1.396736,0.0042,0.0019,1.8301
65536,DIRECT,2,72,1.401856,0.0062,0.0019,1.8098
65536,DIRECT,2,73,1.399808,0.0042,0.0027,2.1041
65536,DIRECT,2,74,1.39264,0.0045,0.002,1.7999
65536,DIRECT,2,75,1.398784,0.0047,0.002,1.8211
65536,DIRECT,2,76,1.399808,0.0044,0.002,1.8129
65536,DIRECT,2,77,1.405952,0.0039,0.0021,1.84
65536,DIRECT,2,78,1.398784,0.0045,0.002,1.815
65536,DIRECT,2,79,1.401856,0.0045,0.0019,1.8182
65536,DIRECT,2,80,1.396736,0.0044,0.0019,1.8092
65536,DIRECT,2,81,1.39776,0.0044,0.002,1.8154
65536,DIRECT,2,82,1.394688,0.0045,0.0018,2.1719
65536,DIRECT,2,83,1.401856,0.0049,0.0018,1.8149
65536,DIRECT,2,84,1.40288,0.0043,0.0021,1.8012
65536,DIRECT,2,85,1.405952,0.0041,0.0026,2.1043
65536,DIRECT,2,86,1.399808,0.0045,0.0021,1.8432
65536,DIRECT,2,87,1.406976,0.004,0.0021,1.8197
65536,DIRECT,2,88,1.415168,0.0041,0.002,1.8095
65536,DIRECT,2,89,1.400832,0.0046,0.0019,1.8122
65536,DIRECT,2,90,1.395712,0.0043,0.002,1.8126
65536,DIRECT,2,91,1.396736,0.0041,0.0019,1.8155
65536,DIRECT,2,92,1.409024,0.0049,0.002,1.8017
65536,DIRECT,2,93,1.391616,0.0041,0.002,1.8032
65536,DIRECT,2,94,1.395712,0.0044,0.0021,2.1449
65536,DIRECT,2,95,1.394688,0.0042,0.0021,1.8273
65536,DIRECT,2,96,1.396736,0.0042,0.002,1.8057
65536,DIRECT,2,97,1.403904,0.0044,0.002,1.8079
65536,DIRECT,2,98,1.394688,0.0042,0.002,1.8316
65536,DIRECT,2,99,1.40288,0.0041,0.002,1.8218
65536,DIRECT,2,100,1.399808,0.0046,0.0019,1.8137
65536,DIRECT,2,101,1.404928,0.0052,0.0026,2.0984
65536,DIRECT,2,102,1.39776,0.0049,0.0021,1.8062
65536,DIRECT,2,103,1.396736,0.0041,0.002,2.1397
65536,DIRECT,2,104,1.401856,0.0044,0.0021,1.8128
65536,DIRECT,2,105,1.391616,0.0041,0.0021,1.8064
65536,DIRECT,2,106,1.40288,0.0042,0.002,1.8135
65536,DIRECT,2,107,1.390592,0.0045,0.0021,1.821
65536,DIRECT,2,108,1.403904,0.0047,0.002,1.8194
65536,DIRECT,2,109,1.399808,0.0042,0.0021,1.82
65536,DIRECT,2,110,1.499136,0.005,0.0053,2.34
65536,DIRECT,2,111,1.422336,0.0053,0.0022,1.8132
65536,DIRECT,2,112,1.39776,0.0044,0.002,1.8066
65536,DIRECT,2,113,1.408,0.0042,0.002,1.8254
65536,DIRECT,2,114,1.395712,0.0044,0.0021,1.8155
65536,DIRECT,2,115,1.408,0.0045,0.002,1.8242
65536,DIRECT,2,116,1.390592,0.0045,0.0019,1.8148
65536,DIRECT,2,117,1.401856,0.0044,0.002,1.8215
65536,DIRECT,2,118,1.404928,0.0045,0.0019,1.8119
65536,DIRECT,2,119,1.396736,0.0051,0.0016,1.815
131072,DEVICE_COPY,0,0,1.547264,0.0034,0.0016,3.6379
131072,DEVICE_COPY,0,1,1.552384,0.0043,0.002,3.6368
131072,DEVICE_COPY,0,2,1.586176,0.0044,0.0019,3.6997
131072,DEVICE_COPY,0,3,1.549312,0.0044,0.0021,3.9784
131072,DEVICE_COPY,0,4,1.588224,0.0051,0.0019,3.6659
131072,DEVICE_COPY,0,5,1.550336,0.0044,0.0021,3.6887
131072,DEVICE_COPY,0,6,1.594368,0.0046,0.0027,3.9847
131072,DEVICE_COPY,0,7,1.550336,0.0045,0.0021,3.6719
131072,DEVICE_COPY,0,8,1.583104,0.0045,0.0023,3.6879
131072,DEVICE_COPY,0,9,1.57184,0.005,0.002,3.6737
131072,DEVICE_COPY,0,10,1.574912,0.0044,0.0021,3.6841
131072,DEVICE_COPY,0,11,1.549312,0.0046,0.0021,4.0044
131072,DEVICE_COPY,0,12,1.579008,0.0045,0.0019,3.6737
131072,DEVICE_COPY,0,13,1.553408,0.0047,0.0021,3.6743
131072,DEVICE_COPY,0,14,1.59744,0.0045,0.0022,3.6775
131072,DEVICE_COPY,0,15,1.554432,0.0047,0.0022,3.6878
131072,DEVICE_COPY,0,16,1.585152,0.0054,0.0021,4.0065
131072,DEVICE_COPY,0,17,1.560576,0.0055,0.0022,3.6866
131072,DEVICE_COPY,0,18,1.5872,0.005,0.0022,3.6739
131072,DEVICE_COPY,0,19,1.559552,0.005,0.0029,4.7929
131072,DEVICE_COPY,0,20,1.573888,0.0058,0.0021,3.6898
131072,DEVICE_COPY,0,21,1.557504,0.0051,0.002,3.6793
131072,DEVICE_COPY,0,22,1.583104,0.0052,0.0021,3.6861
131072,DEVICE_COPY,0,23,1.559552,0.0056,0.002,3.7339
131072,DEVICE_COPY,0,24,1.584128,0.0049,0.0021,3.6781
131072,DEVICE_COPY,0,25,1.569792,0.005,0.002,3.6806
131072,DEVICE_COPY,0,26,1.570816,0.0054,0.002,3.6791
131072,DEVICE_COPY,0,27,1.560576,0.005,0.0021,3.6728
131072,DEVICE_COPY,0,28,1.58208,0.0054,0.0021,3.6779
131072,DEVICE_COPY,0,29,1.559552,0.0056,0.0022,3.6844
131072,DEVICE_COPY,0,30,1.57184,0.0051,0.0019,3.6813
131072,DEVICE_COPY,0,31,1.554432,0.005,0.0021,4.0122
131072,DEVICE_COPY,0,32,1.572864,0.0061,0.0022,3.674
131072,DEVICE_COPY,0,33,1.54624,0.0048,0.002,4.0015
131072,DEVICE_COPY,0,34,1.579008,0.0055,0.0018,3.6893
131072,DEVICE_COPY,0,35,1.536,0.0047,0.0022,3.6864
131072,DEVICE_COPY,0,36,1.581056,0.0049,0.0019,3.6801
131072,DEVICE_COPY,0,37,1.548288,0.0048,0.002,3.6942
131072,DEVICE_COPY,0,38,1.572864,0.0049,0.0022,3.6926
131072,DEVICE_COPY,0,39,1.557504,0.0055,0.0022,3.6855
131072,DEVICE_COPY,0,40,1.572864,0.0054,0.002,3.7026
131072,DEVICE_COPY,0,41,1.548288,0.0052,0.002,3.6915
131072,DEVICE_COPY,0,42,1.581056,0.0048,0.0025,4.0046
131072,DEVICE_COPY,0,43,1.55648,0.0051,0.0021,4.1839
131072,DEVICE_COPY,0,44,1.572864,0.0056,0.0019,3.6562
131072,DEVICE_COPY,0,45,1.562624,0.0049,0.002,3.6762
131072,DEVICE_COPY,0,46,1.585152,0.0048,0.0028,3.9682
131072,DEVICE_COPY,0,47,1.547264,0.0051,0.002,3.6766
131072,DEVICE_COPY,0,48,1.575936,0.0048,0.002,3.6628
131072,DEVICE_COPY,0,49,1.54624,0.0048,0.0021,3.661
131072,DEVICE_COPY,0,50,1.57696,0.0052,0.0023,3.6591
131072,DEVICE_COPY,0,51,1.54624,0.0046,0.0029,3.7624
131072,DEVICE_COPY,0,52,1.580032,0.0055,0.002,3.665
131072,DEVICE_COPY,0,53,1.560576,0.0048,0.0022,3.6766
131072,DEVICE_COPY,0,54,1.586176,0.0047,0.0021,3.6704
131072,DEVICE_COPY,0,55,1.545216,0.0046,0.0021,3.6682
131072,DEVICE_COPY,0,56,1.581056,0.0054,0.002,3.6761
131072,DEVICE_COPY,0,57,1.548288,0.0048,0.0021,3.6849
131072,DEVICE_COPY,0,58,1.586176,0.005,0.0021,3.6706
131072,DEVICE_COPY,0,59,1.54624,0.0048,0.002,3.6862
131072,DEVICE_COPY,0,60,1.57696,0.0048,0.0019,3.6817
131072,DEVICE_COPY,0,61,1.55648,0.0048,0.0021,3.697
131072,DEVICE_COPY,0,62,1.579008,0.0047,0.0019,3.6962
131072,DEVICE_COPY,0,63,1.554432,0.005,0.0021,3.6581
131072,DEVICE_COPY,0,64,1.574912,0.0049,0.0023,3.6911
131072,DEVICE_COPY,0,65,1.564672,0.0049,0.0027,3.991
131072,DEVICE_COPY,0,66,1.650688,0.0053,0.0021,3.6813
131072,DEVICE_COPY,0,67,1.558528,0.0048,0.0021,4.1361
131072,DEVICE_COPY,0,68,1.593344,0.0057,0.002,3.992
131072,DEVICE_COPY,0,69,1.55136,0.0048,0.002,3.6838
131072,DEVICE_COPY,0,70,1.575936,0.0051,0.002,4.0233
131072,DEVICE_COPY,0,71,1.552384,0.0047,0.002,3.683
131072,DEVICE_COPY,0,72,1.586176,0.0052,0.0019,3.7072
131072,DEVICE_COPY,0,73,1.549312,0.005,0.0021,3.6827
131072,DEVICE_COPY,0,74,1.583104,0.0048,0.0019,3.6854
131072,DEVICE_COPY,0,75,1.552384,0.0048,0.0021,3.7136
131072,DEVICE_COPY,0,76,1.577984,0.0058,0.0042,3.7497
131072,DEVICE_COPY,0,77,1.57184,0.0056,0.0021,3.6749
131072,DEVICE_COPY,0,78,1.57696,0.0051,0.0018,3.6894
131072,DEVICE_COPY,0,79,1.55648,0.005,0.0027,3.9849
131072,DEVICE_COPY,0,80,1.580032,0.005,0.0019,3.7103
131072,DEVICE_COPY,0,81,1.55648,0.0056,0.0021,4.0272
131072,DEVICE_COPY,0,82,1.562624,0.0045,0.0021,3.6822
131072,DEVICE_COPY,0,83,1.557504,0.0049,0.0022,3.6966
131072,DEVICE_COPY,0,84,1.58208,0.0053,0.002,3.6863
131072,DEVICE_COPY,0,85,1.547264,0.0049,0.002,3.6952
131072,DEVICE_COPY,0,86,1.574912,0.0049,0.0022,3.7061
131072,DEVICE_COPY,0,87,1.548288,0.0048,0.002,3.7007
131072,DEVICE_COPY,0,88,1.574912,0.0051,0.0019,3.6822
131072,DEVICE_COPY,0,89,1.548288,0.0053,0.0021,4.0001
131072,DEVICE_COPY,0,90,1.586176,0.0049,0.0019,3.7091
131072,DEVICE_COPY,0,91,1.560576,0.0047,0.0021,4.3651
131072,DEVICE_COPY,0,92,1.583104,0.0059,0.002,3.6775
131072,DEVICE_COPY,0,93,1.560576,0.005,0.0028,4.0046
131072,DEVICE_COPY,0,94,1.575936,0.0048,0.0019,3.6805
131072,DEVICE_COPY,0,95,1.569792,0.0048,0.0039,3.6928
131072,DEVICE_COPY,0,96,1.585152,0.0049,0.0021,3.6722
131072,DEVICE_COPY,0,97,1.563648,0.0079,0.0022,3.6824
131072,DEVICE_COPY,0,98,1.572864,0.0048,0.0021,3.7049
131072,DEVICE_COPY,0,99,1.548288,0.0049,0.0023,3.6826
131072,DEVICE_COPY,0,100,1.59232,0.0052,0.002,3.7061
131072,DEVICE_COPY,0,101,1.568768,0.0047,0.0021,4.0134
131072,DEVICE_COPY,0,102,1.616896,0.0054,0.002,3.6838
131072,DEVICE_COPY,0,103,1.588224,0.0049,0.0022,3.6909
131072,DEVICE_COPY,0,104,1.598464,0.0053,0.0021,3.6921
131072,DEVICE_COPY,0,105,1.593344,0.0048,0.0023,3.6815
131072,DEVICE_COPY,0,106,1.609728,0.0053,0.0019,4.0149
131072,DEVICE_COPY,0,107,1.568768,0.0051,0.0021,3.6835
131072,DEVICE_COPY,0,108,1.6128,0.0121,0.0022,3.6881
131072,DEVICE_COPY,0,109,1.580032,0.0048,0.0021,3.6777
131072,DEVICE_COPY,0,110,1.601536,0.0052,0.0021,3.6939
131072,DEVICE_COPY,0,111,1.573888,0.0049,0.002,4.0056
131072,DEVICE_COPY,0,112,1.605632,0.0047,0.0019,3.6972
131072,DEVICE_COPY,0,113,1.579008,0.0048,0.0021,4.0217
131072,DEVICE_COPY,0,114,1.600512,0.0054,0.0019,3.6749
131072,DEVICE_COPY,0,115,1.573888,0.005,0.0022,4.3709
131072,DEVICE_COPY,0,116,1.60768,0.0057,0.0021,4.0019
131072,DEVICE_COPY,0,117,1.569792,0.0049,0.0021,3.7035
131072,DEVICE_COPY,0,118,1.605632,0.0051,0.0019,4.002
131072,DEVICE_COPY,0,119,1.580032,0.0049,0.0015,3.684
131072,DEVICE_COPY,1,0,1.608704,0.005,0.0029,3.7192
131072,DEVICE_COPY,1,1,1.584128,0.0058,0.0021,3.6569
131072,DEVICE_COPY,1,2,1.610752,0.0045,0.0022,3.6441
131072,DEVICE_COPY,1,3,1.575936,0.0052,0.0027,3.9497
131072,DEVICE_COPY,1,4,1.614848,0.0049,0.0019,3.6665
131072,DEVICE_COPY,1,5,1.58208,0.0049,0.002,3.675
131072,DEVICE_COPY,1,6,1.603584,0.0047,0.0019,3.6623
131072,DEVICE_COPY,1,7,1.574912,0.0046,0.002,3.6673
131072,DEVICE_COPY,1,8,1.611776,0.0048,0.0021,3.6618
131072,DEVICE_COPY,1,9,1.575936,0.0049,0.002,3.6549
131072,DEVICE_COPY,1,10,1.608704,0.0049,0.002,3.6646
131072,DEVICE_COPY,1,11,1.57696,0.0049,0.0022,3.6901
131072,DEVICE_COPY,1,12,1.60256,0.005,0.0022,3.6719
131072,DEVICE_COPY,1,13,1.572864,0.0048,0.0021,3.6665
131072,DEVICE_COPY,1,14,1.625088,0.005,0.0035,3.6631
131072,DEVICE_COPY,1,15,1.601536,0.0058,0.0022,3.6768
131072,DEVICE_COPY,1,16,1.6128,0.0056,0.0021,3.6822
131072,DEVICE_COPY,1,17,1.598464,0.0067,0.0024,3.6701
131072,DEVICE_COPY,1,18,1.619968,0.0057,0.0018,3.6708
131072,DEVICE_COPY,1,19,1.581056,0.0053,0.0021,4.1583
131072,DEVICE_COPY,1,20,1.586176,0.0067,0.0022,3.6677
131072,DEVICE_COPY,1,21,1.588224,0.005,0.0022,3.6899
131072,DEVICE_COPY,1,22,1.613824,0.0052,0.002,3.6661
131072,DEVICE_COPY,1,23,1.574912,0.0049,0.0023,3.6744
131072,DEVICE_COPY,1,24,1.606656,0.005,0.0019,3.6788
131072,DEVICE_COPY,1,25,1.573888,0.0046,0.002,3.683
131072,DEVICE_COPY,1,26,1.60256,0.0056,0.002,3.6813
131072,DEVICE_COPY,1,27,1.588224,0.0052,0.0021,3.7207
131072,DEVICE_COPY,1,28,1.59744,0.005,0.0019,3.8624
131072,DEVICE_COPY,1,29,1.584128,0.0053,0.002,3.6795
131072,DEVICE_COPY,1,30,1.60768,0.005,0.0022,4.004
131072,DEVICE_COPY,1,31,1.572864,0.0049,0.0022,3.6878
131072,DEVICE_COPY,1,32,1.596416,0.0055,0.0022,3.677
131072,DEVICE_COPY,1,33,1.575936,0.0047,0.0021,3.6872
131072,DEVICE_COPY,1,34,1.6128,0.0052,0.0019,3.6876
131072,DEVICE_COPY,1,35,1.573888,0.0049,0.0021,3.9966
131072,DEVICE_COPY,1,36,1.60768,0.005,0.002,3.6952
131072,DEVICE_COPY,1,37,1.565696,0.0049,0.0021,4.0314
131072,DEVICE_COPY,1,38,1.59744,0.0058,0.0021,3.6864
131072,DEVICE_COPY,1,39,1.57696,0.005,0.002,4.0088
131072,DEVICE_COPY,1,40,1.605632,0.005,0.0021,3.6785
131072,DEVICE_COPY,1,41,1.589248,0.005,0.0022,3.6833
131072,DEVICE_COPY,1,42,1.605632,0.0052,0.0021,3.6773
131072,DEVICE_COPY,1,43,1.56672,0.0048,0.002,4.278
131072,DEVICE_COPY,1,44,1.614848,0.0056,0.0021,3.6877
131072,DEVICE_COPY,1,45,1.575936,0.005,0.0021,4.1968
131072,DEVICE_COPY,1,46,1.610752,0.0059,0.0021,3.7682
131072,DEVICE_COPY,1,47,1.57696,0.0059,0.002,3.6791
131072,DEVICE_COPY,1,48,1.5872,0.005,0.002,3.6835
131072,DEVICE_COPY,1,49,1.589248,0.0051,0.0022,3.6827
131072,DEVICE_COPY,1,50,1.61792,0.005,0.0019,3.684
131072,DEVICE_COPY,1,51,1.579008,0.0054,0.0022,3.693
131072,DEVICE_COPY,1,52,1.60256,0.0055,0.0019,3.6819
131072,DEVICE_COPY,1,53,1.579008,0.0054,0.0021,3.6849
131072,DEVICE_COPY,1,54,1.601536,0.0051,0.0018,3.706
131072,DEVICE_COPY,1,55,1.540096,0.0053,0.0024,3.7216
131072,DEVICE_COPY,1,56,1.57696,0.0054,0.0021,3.6898
131072,DEVICE_COPY,1,57,1.555456,0.0048,0.0021,3.6914
131072,DEVICE_COPY,1,58,1.5872,0.005,0.0022,3.7043
131072,DEVICE_COPY,1,59,1.572864,0.0054,0.0021,3.6908
131072,DEVICE_COPY,1,60,1.589248,0.0062,0.0019,3.6812
131072,DEVICE_COPY,1,61,1.549312,0.0049,0.0021,3.7015
131072,DEVICE_COPY,1,62,1.5872,0.0051,0.0021,3.6836
131072,DEVICE_COPY,1,63,1.545216,0.0051,0.0021,3.6943
131072,DEVICE_COPY,1,64,1.5872,0.0053,0.0021,3.6948
131072,DEVICE_COPY,1,65,1.5616,0.0046,0.002,3.6769
131072,DEVICE_COPY,1,66,1.5872,0.0051,0.002,3.7036
131072,DEVICE_COPY,1,67,1.559552,0.0045,0.0021,4.1622
131072,DEVICE_COPY,1,68,1.579008,0.0059,0.002,3.6873
131072,DEVICE_COPY,1,69,1.547264,0.0052,0.002,4.0266
131072,DEVICE_COPY,1,70,1.57184,0.0053,0.002,3.6734
131072,DEVICE_COPY,1,71,1.5616,0.0051,0.0022,4.0197
131072,DEVICE_COPY,1,72,1.580032,0.005,0.002,3.6987
131072,DEVICE_COPY,1,73,1.559552,0.0049,0.0023,3.7949
131072,DEVICE_COPY,1,74,1.573888,0.0059,0.002,3.6672
131072,DEVICE_COPY,1,75,1.564672,0.0051,0.0022,3.7036
131072,DEVICE_COPY,1,76,1.557504,0.0049,0.0021,4.0039
131072,DEVICE_COPY,1,77,1.5616,0.0049,0.002,3.7002
131072,DEVICE_COPY,1,78,1.588224,0.0049,0.0019,3.7057
131072,DEVICE_COPY,1,79,1.544192,0.0054,0.0028,3.9914
131072,DEVICE_COPY,1,80,1.573888,0.0049,0.0019,3.691
131072,DEVICE_COPY,1,81,1.545216,0.0047,0.0022,3.6795
131072,DEVICE_COPY,1,82,1.5872,0.005,0.0021,3.6754
131072,DEVICE_COPY,1,83,1.550336,0.0049,0.002,3.7143
131072,DEVICE_COPY,1,84,1.574912,0.0047,0.0019,5.0193
131072,DEVICE_COPY,1,85,1.549312,0.005,0.0022,3.6795
131072,DEVICE_COPY,1,86,1.599488,0.0056,0.0022,3.6727
131072,DEVICE_COPY,1,87,1.544192,0.005,0.0021,3.7271
131072,DEVICE_COPY,1,88,1.590272,0.0065,0.0022,3.6917
131072,DEVICE_COPY,1,89,1.564672,0.0055,0.0022,4.0448
131072,DEVICE_COPY,1,90,1.584128,0.0051,0.0018,3.7074
131072,DEVICE_COPY,1,91,1.552384,0.0051,0.0021,4.3453
131072,DEVICE_COPY,1,92,1.589248,0.0058,0.002,4.0065
131072,DEVICE_COPY,1,93,1.555456,0.0048,0.0022,3.7068
131072,DEVICE_COPY,1,94,1.577984,0.0051,0.0019,4.0085
131072,DEVICE_COPY,1,95,1.54112,0.0051,0.002,3.7049
131072,DEVICE_COPY,1,96,1.574912,0.0054,0.0021,3.6833
131072,DEVICE_COPY,1,97,1.553408,0.005,0.0021,3.6746
131072,DEVICE_COPY,1,98,1.580032,0.0051,0.0021,3.681
131072,DEVICE_COPY,1,99,1.55648,0.005,0.0021,3.6827
131072,DEVICE_COPY,1,100,1.58208,0.005,0.0025,4.0024
131072,DEVICE_COPY,1,101,1.548288,0.005,0.0021,3.6842
131072,DEVICE_COPY,1,102,1.586176,0.0047,0.0021,3.6854
131072,DEVICE_COPY,1,103,1.550336,0.0046,0.002,3.6854
131072,DEVICE_COPY,1,104,1.572864,0.0052,0.0019,3.6821
131072,DEVICE_COPY,1,105,1.542144,0.0049,0.0022,3.7075
131072,DEVICE_COPY,1,106,1.581056,0.0051,0.0022,3.6879
131072,DEVICE_COPY,1,107,1.538048,0.0052,0.0021,3.7104
131072,DEVICE_COPY,1,108,1.589248,0.0051,0.0022,3.6922
131072,DEVICE_COPY,1,109,1.5616,0.0049,0.0021,3.6843
131072,DEVICE_COPY,1,110,1.584128,0.0051,0.002,3.6857
131072,DEVICE_COPY,1,111,1.559552,0.0049,0.0021,3.6708
131072,DEVICE_COPY,1,112,1.577984,0.005,0.002,3.6686
131072,DEVICE_COPY,1,113,1.549312,0.005,0.002,3.6628
131072,DEVICE_COPY,1,114,1.58208,0.0049,0.002,3.6593
131072,DEVICE_COPY,1,115,1.55648,0.0047,0.002,4.25
131072,DEVICE_COPY,1,116,1.577984,0.0067,0.0022,3.6641
131072,DEVICE_COPY,1,117,1.560576,0.0057,0.0023,3.6709
131072,DEVICE_COPY,1,118,1.581056,0.0057,0.0021,3.7006
131072,DEVICE_COPY,1,119,1.553408,0.0055,0.002,4.0467
131072,DEVICE_COPY,2,0,1.568768,0.005,0.0019,3.7031
131072,DEVICE_COPY,2,1,1.558528,0.005,0.0021,4.0131
131072,DEVICE_COPY,2,2,1.568768,0.005,0.0019,3.6973
131072,DEVICE_COPY,2,3,1.547264,0.0051,0.002,4.0327
131072,DEVICE_COPY,2,4,1.563648,0.0051,0.0019,3.7741
131072,DEVICE_COPY,2,5,1.537024,0.0052,0.002,4.038
131072,DEVICE_COPY,2,6,1.58208,0.0055,0.0022,3.672
131072,DEVICE_COPY,2,7,1.550336,0.0051,0.0022,4.0195
131072,DEVICE_COPY,2,8,1.573888,0.005,0.0021,3.7065
131072,DEVICE_COPY,2,9,1.570816,0.005,0.0021,3.6857
131072,DEVICE_COPY,2,10,1.580032,0.0053,0.002,3.7078
131072,DEVICE_COPY,2,11,1.552384,0.0049,0.002,3.7134
131072,DEVICE_COPY,2,12,1.58208,0.005,0.0019,3.6852
131072,DEVICE_COPY,2,13,1.552384,0.0049,0.002,3.6805
131072,DEVICE_COPY,2,14,1.5616,0.005,0.002,3.6951
131072,DEVICE_COPY,2,15,1.553408,0.0051,0.002,3.7288
131072,DEVICE_COPY,2,16,1.603584,0.0055,0.0025,3.9708
131072,DEVICE_COPY,2,17,1.548288,0.0047,0.0021,3.745
131072,DEVICE_COPY,2,18,1.581056,0.0054,0.0022,3.7026
131072,DEVICE_COPY,2,19,1.542144,0.0049,0.0022,4.1657
131072,DEVICE_COPY,2,20,1.594368,0.0061,0.0022,3.7367
131072,DEVICE_COPY,2,21,1.554432,0.0048,0.002,3.6803
131072,DEVICE_COPY,2,22,1.589248,0.005,0.0019,3.6835
131072,DEVICE_COPY,2,23,1.563648,0.0052,0.0023,3.6906
131072,DEVICE_COPY,2,24,1.58208,0.0049,0.0027,3.9844
131072,DEVICE_COPY,2,25,1.544192,0.0049,0.002,3.6814
131072,DEVICE_COPY,2,26,1.58208,0.0054,0.002,3.6876
131072,DEVICE_COPY,2,27,1.563648,0.005,0.0022,3.6795
131072,DEVICE_COPY,2,28,1.575936,0.005,0.0021,3.6809
131072,DEVICE_COPY,2,29,1.548288,0.0048,0.0023,3.7032
131072,DEVICE_COPY,2,30,1.579008,0.0052,0.0019,3.6876
131072,DEVICE_COPY,2,31,1.553408,0.0049,0.0021,3.7041
131072,DEVICE_COPY,2,32,1.588224,0.0051,0.0021,3.6965
131072,DEVICE_COPY,2,33,1.560576,0.0049,0.002,3.6789
131072,DEVICE_COPY,2,34,1.5872,0.0052,0.0019,3.6878
131072,DEVICE_COPY,2,35,1.554432,0.0049,0.002,3.6829
131072,DEVICE_COPY,2,36,1.591296,0.0048,0.002,3.6816
131072,DEVICE_COPY,2,37,1.554432,0.0048,0.0021,3.6858
131072,DEVICE_COPY,2,38,1.585152,0.0052,0.0022,3.6906
131072,DEVICE_COPY,2,39,1.545216,0.0047,0.0027,3.9982
131072,DEVICE_COPY,2,40,1.57184,0.0051,0.0019,3.6819
131072,DEVICE_COPY,2,41,1.547264,0.0053,0.002,4.0154
131072,DEVICE_COPY,2,42,1.5872,0.0049,0.002,3.6887
131072,DEVICE_COPY,2,43,1.545216,0.0053,0.0021,4.4795
131072,DEVICE_COPY,2,44,1.569792,0.0057,0.0034,4.0034
131072,DEVICE_COPY,2,45,1.565696,0.0072,0.0021,3.6832
131072,DEVICE_COPY,2,46,1.589248,0.0055,0.0019,4.0287
131072,DEVICE_COPY,2,47,1.567744,0.0051,0.0021,3.6909
131072,DEVICE_COPY,2,48,1.577984,0.005,0.0021,3.678
131072,DEVICE_COPY,2,49,1.552384,0.0049,0.0019,3.6924
131072,DEVICE_COPY,2,50,1.596416,0.0051,0.002,3.6943
131072,DEVICE_COPY,2,51,1.54624,0.005,0.0021,3.6985
131072,DEVICE_COPY,2,52,1.568768,0.005,0.0019,3.6907
131072,DEVICE_COPY,2,53,1.563648,0.0052,0.002,3.7
131072,DEVICE_COPY,2,54,1.5872,0.0049,0.0018,4.0093
131072,DEVICE_COPY,2,55,1.554432,0.0049,0.0021,3.6907
131072,DEVICE_COPY,2,56,1.586176,0.0048,0.0019,4.0178
131072,DEVICE_COPY,2,57,1.55648,0.0049,0.002,3.6914
131072,DEVICE_COPY,2,58,1.584128,0.005,0.0023,3.689
131072,DEVICE_COPY,2,59,1.56672,0.0052,0.0027,3.9733
131072,DEVICE_COPY,2,60,1.57696,0.0052,0.0022,3.6841
131072,DEVICE_COPY,2,61,1.55136,0.0047,0.0022,3.6859
131072,DEVICE_COPY,2,62,1.574912,0.0048,0.0019,3.6848
131072,DEVICE_COPY,2,63,1.542144,0.0047,0.0028,3.6851
131072,DEVICE_COPY,2,64,1.61792,0.0051,0.0064,3.6968
131072,DEVICE_COPY,2,65,1.568768,0.0058,0.0019,3.6993
131072,DEVICE_COPY,2,66,1.591296,0.0075,0.0016,3.701
131072,DEVICE_COPY,2,67,1.550336,0.0053,0.0021,4.1947
131072,DEVICE_COPY,2,68,1.591296,0.0056,0.0019,3.993
131072,DEVICE_COPY,2,69,1.558528,0.0052,0.0022,3.6758
131072,DEVICE_COPY,2,70,1.591296,0.0057,0.0019,3.6834
131072,DEVICE_COPY,2,71,1.560576,0.0048,0.0022,3.6976
131072,DEVICE_COPY,2,72,1.574912,0.0053,0.0019,3.6724
131072,DEVICE_COPY,2,73,1.55136,0.0052,0.0019,3.6842
131072,DEVICE_COPY,2,74,1.581056,0.0055,0.0019,4.0165
131072,DEVICE_COPY,2,75,1.552384,0.0052,0.002,3.691
131072,DEVICE_COPY,2,76,1.584128,0.0051,0.0021,3.6973
131072,DEVICE_COPY,2,77,1.552384,0.0043,0.0021,3.675
131072,DEVICE_COPY,2,78,1.581056,0.0051,0.0019,3.7076
131072,DEVICE_COPY,2,79,1.543168,0.0047,0.0023,3.6921
131072,DEVICE_COPY,2,80,1.574912,0.0048,0.0021,3.6823
131072,DEVICE_COPY,2,81,1.564672,0.0048,0.0021,3.7081
131072,DEVICE_COPY,2,82,1.608704,0.0058,0.002,4.0109
131072,DEVICE_COPY,2,83,1.586176,0.0048,0.0021,3.685
131072,DEVICE_COPY,2,84,1.603584,0.0051,0.0021,3.6892
131072,DEVICE_COPY,2,85,1.584128,0.0049,0.002,3.6784
131072,DEVICE_COPY,2,86,1.610752,0.0048,0.002,3.684
131072,DEVICE_COPY,2,87,1.56672,0.0047,0.0021,4.0161
131072,DEVICE_COPY,2,88,1.583104,0.0049,0.0019,3.7082
131072,DEVICE_COPY,2,89,1.577984,0.0045,0.0021,4.025
131072,DEVICE_COPY,2,90,1.60768,0.005,0.0022,3.692
131072,DEVICE_COPY,2,91,1.570816,0.0049,0.002,4.331
131072,DEVICE_COPY,2,92,1.622016,0.0057,0.0022,3.6946
131072,DEVICE_COPY,2,93,1.565696,0.0049,0.002,3.7085
131072,DEVICE_COPY,2,94,1.600512,0.0051,0.002,3.6811
131072,DEVICE_COPY,2,95,1.586176,0.0049,0.0023,3.6882
131072,DEVICE_COPY,2,96,1.605632,0.0051,0.0019,3.6832
131072,DEVICE_COPY,2,97,1.569792,0.0052,0.002,3.6996
131072,DEVICE_COPY,2,98,1.598464,0.0049,0.002,4.0083
131072,DEVICE_COPY,2,99,1.575936,0.0048,0.002,3.6896
131072,DEVICE_COPY,2,100,1.583104,0.0056,0.0022,3.7009
131072,DEVICE_COPY,2,101,1.579008,0.0049,0.0022,3.6912
131072,DEVICE_COPY,2,102,1.60256,0.0054,0.0019,3.6884
131072,DEVICE_COPY,2,103,1.57184,0.0052,0.0021,4.0048
131072,DEVICE_COPY,2,104,1.603584,0.0046,0.0019,3.7076
131072,DEVICE_COPY,2,105,1.580032,0.0049,0.002,4.029
131072,DEVICE_COPY,2,106,1.620992,0.0056,0.0021,3.6778
131072,DEVICE_COPY,2,107,1.57696,0.0047,0.0021,4.0135
131072,DEVICE_COPY,2,108,1.598464,0.0049,0.002,3.7075
131072,DEVICE_COPY,2,109,1.572864,0.0048,0.002,4.0162
131072,DEVICE_COPY,2,110,1.60256,0.0048,0.0019,3.6872
131072,DEVICE_COPY,2,111,1.572864,0.005,0.0023,3.6925
131072,DEVICE_COPY,2,112,1.608704,0.0058,0.0021,3.6916
131072,DEVICE_COPY,2,113,1.572864,0.0045,0.0021,3.6895
131072,DEVICE_COPY,2,114,1.636352,0.0049,0.0023,4.0102
131072,DEVICE_COPY,2,115,1.596416,0.0056,0.0022,4.4232
131072,DEVICE_COPY,2,116,1.63328,0.0062,0.002,3.698
131072,DEVICE_COPY,2,117,1.584128,0.005,0.002,3.6745
131072,DEVICE_COPY,2,118,1.61792,0.0052,0.0019,3.6898
131072,DEVICE_COPY,2,119,1.585152,0.005,0.002,3.6851
131072,DIRECT,0,0,2.76992,0.0042,0.0023,3.6851
131072,DIRECT,0,1,2.766848,0.0046,0.0023,3.646
131072,DIRECT,0,2,2.757632,0.005,0.0031,3.9225
131072,DIRECT,0,3,2.763776,0.0047,0.0031,3.978
131072,DIRECT,0,4,2.74944,0.0045,0.0035,3.7168
131072,DIRECT,0,5,2.758656,0.0044,0.0032,3.8977
131072,DIRECT,0,6,2.778112,0.005,0.0024,3.9572
131072,DIRECT,0,7,2.75456,0.0046,0.0033,4.0122
131072,DIRECT,0,8,2.794496,0.0047,0.0031,3.7731
131072,DIRECT,0,9,2.753536,0.005,0.0032,3.8944
131072,DIRECT,0,10,2.760704,0.0049,0.0031,3.9829
131072,DIRECT,0,11,2.752512,0.0047,0.0031,4.0319
131072,DIRECT,0,12,2.7648,0.0047,0.0032,3.7462
131072,DIRECT,0,13,2.770944,0.0046,0.0031,3.9069
131072,DIRECT,0,14,2.760704,0.0047,0.0053,3.9417
131072,DIRECT,0,15,2.771968,0.0044,0.0031,3.7327
131072,DIRECT,0,16,2.75456,0.0048,0.0032,3.8482
131072,DIRECT,0,17,2.763776,0.0046,0.0031,3.9728
131072,DIRECT,0,18,2.751488,0.0048,0.0031,3.998
131072,DIRECT,0,19,2.76992,0.0045,0.0031,4.6673
131072,DIRECT,0,20,2.760704,0.0051,0.0027,3.9087
131072,DIRECT,0,21,2.758656,0.0047,0.0025,3.9932
131072,DIRECT,0,22,2.80576,0.0046,0.0021,3.6326
131072,DIRECT,0,23,2.761728,0.005,0.0026,3.8867
131072,DIRECT,0,24,2.752512,0.0051,0.0026,4.0074
131072,DIRECT,0,25,2.765824,0.0048,0.0027,4.0202
131072,DIRECT,0,26,2.747392,0.0047,0.0026,3.7753
131072,DIRECT,0,27,2.765824,0.0044,0.0026,3.9082
131072,DIRECT,0,28,2.7648,0.0049,0.0025,3.9575
131072,DIRECT,0,29,2.766848,0.0054,0.0027,3.7072
131072,DIRECT,0,30,2.753536,0.005,0.0025,3.8331
131072,DIRECT,0,31,2.756608,0.0046,0.0026,3.9744
131072,DIRECT,0,32,2.752512,0.0049,0.0028,4.0118
131072,DIRECT,0,33,2.755584,0.0048,0.0026,3.7726
131072,DIRECT,0,34,2.75968,0.0058,0.0032,3.8113
131072,DIRECT,0,35,2.762752,0.0054,0.0031,3.908
131072,DIRECT,0,36,2.772992,0.0047,0.0031,3.7283
131072,DIRECT,0,37,2.751488,0.0045,0.0033,3.8384
131072,DIRECT,0,38,2.772992,0.0047,0.0039,3.9395
131072,DIRECT,0,39,2.760704,0.0047,0.0032,4.0069
131072,DIRECT,0,40,2.762752,0.0047,0.0036,3.7298
131072,DIRECT,0,41,2.7648,0.0046,0.0031,3.8761
131072,DIRECT,0,42,2.765824,0.0052,0.0055,3.9737
131072,DIRECT,0,43,2.781184,0.0049,0.0031,4.1345
131072,DIRECT,0,44,2.765824,0.0051,0.003,3.6832
131072,DIRECT,0,45,2.75968,0.0048,0.0026,3.9031
131072,DIRECT,0,46,2.75968,0.0046,0.0026,3.9561
131072,DIRECT,0,47,2.772992,0.0046,0.0024,3.6453
131072,DIRECT,0,48,2.753536,0.0048,0.0028,3.8696
131072,DIRECT,0,49,2.752512,0.0045,0.002,3.6466
131072,DIRECT,0,50,2.761728,0.0046,0.002,3.6851
131072,DIRECT,0,51,2.763776,0.0049,0.0019,3.961
131072,DIRECT,0,52,2.760704,0.0047,0.0027,4.0469
131072,DIRECT,0,53,2.750464,0.0049,0.0027,3.7677
131072,DIRECT,0,54,2.767872,0.0045,0.0027,3.9301
131072,DIRECT,0,55,2.75968,0.0045,0.0027,3.9615
131072,DIRECT,0,56,2.762752,0.0048,0.0028,3.7282
131072,DIRECT,0,57,2.755584,0.0047,0.0027,3.9053
131072,DIRECT,0,58,2.761728,0.0045,0.0021,3.6647
131072,DIRECT,0,59,2.763776,0.0045,0.0021,3.6626
131072,DIRECT,0,60,2.78016,0.0055,0.0027,3.9657
131072,DIRECT,0,61,2.756608,0.0044,0.0027,4.0301
131072,DIRECT,0,62,2.751488,0.0045,0.002,3.6706
131072,DIRECT,0,63,2.766848,0.0045,0.0026,3.9232
131072,DIRECT,0,64,2.75456,0.0047,0.0028,4.0385
131072,DIRECT,0,65,2.755584,0.0049,0.0028,3.7478
131072,DIRECT,0,66,2.758656,0.0046,0.0027,3.8779
131072,DIRECT,0,67,2.997248,0.0055,0.0024,4.2139
131072,DIRECT,0,68,2.758656,0.0056,0.0021,3.6528
131072,DIRECT,0,69,2.750464,0.0047,0.0022,3.9949
131072,DIRECT,0,70,2.771968,0.0047,0.0023,3.6952
131072,DIRECT,0,71,2.7648,0.0045,0.0021,3.6736
131072,DIRECT,0,72,2.75968,0.0049,0.0026,3.7948
131072,DIRECT,0,73,2.757632,0.0047,0.0027,3.899
131072,DIRECT,0,74,2.772992,0.0048,0.0021,3.6647
131072,DIRECT,0,75,2.792448,0.0043,0.0024,3.8576
131072,DIRECT,0,76,2.801664,0.0056,0.0023,3.6496
131072,DIRECT,0,77,2.760704,0.0045,0.0021,3.6794
131072,DIRECT,0,78,2.758656,0.005,0.0027,3.9243
131072,DIRECT,0,79,2.762752,0.0049,0.0027,3.9807
131072,DIRECT,0,80,2.760704,0.0048,0.0028,3.7234
131072,DIRECT,0,81,2.761728,0.0046,0.002,3.6577
131072,DIRECT,0,82,2.75456,0.0051,0.0026,4.0185
131072,DIRECT,0,83,2.861056,0.0047,0.0021,4.006
131072,DIRECT,0,84,2.763776,0.0051,0.0027,3.7792
131072,DIRECT,0,85,2.766848,0.0048,0.002,3.6501
131072,DIRECT,0,86,2.77504,0.005,0.0023,3.6717
131072,DIRECT,0,87,2.756608,0.0046,0.0027,3.9281
131072,DIRECT,0,88,2.758656,0.0048,0.0027,3.9946
131072,DIRECT,0,89,2.75968,0.0073,0.0021,3.9841
131072,DIRECT,0,90,2.75456,0.0045,0.0026,4.2562
131072,DIRECT,0,91,2.75968,0.0049,0.0032,3.7833
131072,DIRECT,0,92,2.768896,0.0047,0.0028,3.8761
131072,DIRECT,0,93,2.763776,0.0045,0.0023,3.6658
131072,DIRECT,0,94,2.755584,0.0046,0.0021,3.6655
131072,DIRECT,0,95,2.760704,0.0047,0.002,3.6736
131072,DIRECT,0,96,2.756608,0.0051,0.0028,3.8393
131072,DIRECT,0,97,2.750464,0.0046,0.0027,3.9591
131072,DIRECT,0,98,2.771968,0.0048,0.002,3.9916
131072,DIRECT,0,99,2.75456,0.0046,0.0027,3.7798
131072,DIRECT,0,100,2.760704,0.0045,0.0027,3.8874
131072,DIRECT,0,101,2.760704,0.0042,0.0027,3.9618
131072,DIRECT,0,102,2.761728,0.005,0.0027,3.7298
131072,DIRECT,0,103,2.758656,0.005,0.0021,3.6771
131072,DIRECT,0,104,2.762752,0.005,0.0022,4.0005
131072,DIRECT,0,105,2.758656,0.0047,0.0022,3.653
131072,DIRECT,0,106,2.75456,0.0047,0.0019,3.9441
131072,DIRECT,0,107,2.760704,0.0047,0.0021,3.9992
131072,DIRECT,0,108,2.753536,0.0049,0.0027,3.7866
131072,DIRECT,0,109,2.751488,0.0044,0.0027,3.8731
131072,DIRECT,0,110,2.756608,0.0047,0.0021,3.6945
131072,DIRECT,0,111,2.75968,0.0046,0.0027,3.8252
131072,DIRECT,0,112,2.776064,0.0049,0.002,3.6711
131072,DIRECT,0,113,2.75968,0.0046,0.0022,3.6631
131072,DIRECT,0,114,2.755584,0.0048,0.0028,4.5351
131072,DIRECT,0,115,2.755584,0.0066,0.003,3.8074
131072,DIRECT,0,116,2.753536,0.0044,0.0028,3.9416
131072,DIRECT,0,117,2.750464,0.0045,0.0027,4.0173
131072,DIRECT,0,118,2.753536,0.0046,0.0026,3.7414
131072,DIRECT,0,119,2.765824,0.0046,0.003,3.9019
131072,DIRECT,1,0,2.789376,0.0056,0.0027,3.7935
131072,DIRECT,1,1,2.781184,0.0057,0.0023,3.9231
131072,DIRECT,1,2,2.771968,0.0054,0.0025,3.7869
131072,DIRECT,1,3,2.758656,0.0044,0.0027,3.898
131072,DIRECT,1,4,2.774016,0.0048,0.003,3.9855
131072,DIRECT,1,5,2.74432,0.0064,0.0026,4.0505
131072,DIRECT,1,6,2.79552,0.0047,0.003,3.7821
131072,DIRECT,1,7,2.74944,0.0043,0.0021,3.6662
131072,DIRECT,1,8,2.757632,0.0042,0.0021,4.0658
131072,DIRECT,1,9,2.78016,0.0048,0.003,3.8663
131072,DIRECT,1,10,2.768896,0.0058,0.0028,3.8225
131072,DIRECT,1,11,2.7648,0.0042,0.0028,3.9566
131072,DIRECT,1,12,2.757632,0.0048,0.0027,4.009
131072,DIRECT,1,13,2.762752,0.0045,0.0028,3.7688
131072,DIRECT,1,14,2.760704,0.0057,0.0029,3.8731
131072,DIRECT,1,15,2.763776,0.0047,0.0021,3.6593
131072,DIRECT,1,16,2.758656,0.0052,0.0021,3.6755
131072,DIRECT,1,17,2.756608,0.0045,0.0021,3.9853
131072,DIRECT,1,18,2.777088,0.0045,0.0021,4.5828
131072,DIRECT,1,19,2.75968,0.0069,0.0028,3.9253
131072,DIRECT,1,20,2.753536,0.0048,0.0027,4.0099
131072,DIRECT,1,21,2.755584,0.0047,0.0027,4.0371
131072,DIRECT,1,22,2.75968,0.0046,0.0028,3.7761
131072,DIRECT,1,23,2.757632,0.0045,0.0022,3.6678
131072,DIRECT,1,24,2.760704,0.0046,0.0021,4.0016
131072,DIRECT,1,25,2.756608,0.0045,0.002,3.6865
131072,DIRECT,1,26,2.857984,0.0049,0.0036,3.7974
131072,DIRECT,1,27,2.765824,0.0054,0.0027,4.0483
131072,DIRECT,1,28,2.756608,0.0048,0.0028,3.7765
131072,DIRECT,1,29,2.753536,0.0046,0.0028,3.9243
131072,DIRECT,1,30,2.774016,0.0046,0.0024,3.9533
131072,DIRECT,1,31,2.763776,0.0041,0.0028,3.7212
131072,DIRECT,1,32,2.750464,0.0043,0.0019,3.6744
131072,DIRECT,1,33,2.755584,0.0044,0.0021,3.9985
131072,DIRECT,1,34,2.765824,0.0049,0.0028,3.7669
131072,DIRECT,1,35,2.753536,0.0044,0.0026,3.9109
131072,DIRECT,1,36,2.745344,0.0043,0.0027,3.9797
131072,DIRECT,1,37,2.774016,0.0047,0.0018,4.0074
131072,DIRECT,1,38,2.767872,0.0044,0.002,3.7113
131072,DIRECT,1,39,2.758656,0.0046,0.0027,3.9111
131072,DIRECT,1,40,2.755584,0.0053,0.0027,3.6981
131072,DIRECT,1,41,2.758656,0.0043,0.002,3.682
131072,DIRECT,1,42,2.756608,0.0046,0.002,4.6522
131072,DIRECT,1,43,2.756608,0.0069,0.003,3.8337
131072,DIRECT,1,44,2.761728,0.0045,0.0021,3.665
131072,DIRECT,1,45,2.748416,0.0047,0.0026,3.8173
131072,DIRECT,1,46,2.74944,0.0047,0.0028,3.9085
131072,DIRECT,1,47,2.763776,0.0044,0.0026,4.0152
131072,DIRECT,1,48,2.758656,0.0047,0.0027,3.7314
131072,DIRECT,1,49,2.803712,0.0044,0.002,3.8236
131072,DIRECT,1,50,2.760704,0.005,0.0027,3.966
131072,DIRECT,1,51,2.760704,0.0047,0.0027,4.0169
131072,DIRECT,1,52,2.751488,0.0044,0.0027,3.7529
131072,DIRECT,1,53,2.758656,0.0051,0.0026,3.8898
131072,DIRECT,1,54,2.748416,0.0052,0.0026,3.9888
131072,DIRECT,1,55,2.755584,0.0045,0.0027,3.752
131072,DIRECT,1,56,2.796544,0.0047,0.0023,3.6815
131072,DIRECT,1,57,2.753536,0.0046,0.0028,3.6848
131072,DIRECT,1,58,2.752512,0.0045,0.0021,3.6394
131072,DIRECT,1,59,2.760704,0.0046,0.002,3.9802
131072,DIRECT,1,60,2.760704,0.005,0.0028,3.7536
131072,DIRECT,1,61,2.766848,0.0044,0.0025,3.8727
131072,DIRECT,1,62,2.760704,0.0048,0.0027,3.9811
131072,DIRECT,1,63,2.75456,0.0042,0.0026,4.0315
131072,DIRECT,1,64,2.757632,0.0045,0.0027,3.7829
131072,DIRECT,1,65,2.752512,0.0045,0.0027,3.9222
131072,DIRECT,1,66,2.768896,0.0047,0.0021,4.1866
131072,DIRECT,1,67,2.75968,0.0056,0.0021,3.6411
131072,DIRECT,1,68,2.75968,0.005,0.002,3.6444
131072,DIRECT,1,69,2.75968,0.0043,0.0027,3.9891
131072,DIRECT,1,70,2.763776,0.0046,0.0027,3.7459
131072,DIRECT,1,71,2.762752,0.0044,0.0027,3.8642
131072,DIRECT,1,72,2.757632,0.005,0.002,3.6786
131072,DIRECT,1,73,2.782208,0.0046,0.003,3.8088
131072,DIRECT,1,74,2.751488,0.0045,0.0027,3.9314
131072,DIRECT,1,75,2.76992,0.0044,0.003,3.681
131072,DIRECT,1,76,2.7648,0.0045,0.0021,3.6497
131072,DIRECT,1,77,2.756608,0.0043,0.0019,3.9852
131072,DIRECT,1,78,2.760704,0.0046,0.0027,4.0577
131072,DIRECT,1,79,2.766848,0.0047,0.0027,3.7668
131072,DIRECT,1,80,2.776064,0.0045,0.0022,3.6532
131072,DIRECT,1,81,2.75968,0.0045,0.0027,4.0718
131072,DIRECT,1,82,2.758656,0.0045,0.0027,3.8096
131072,DIRECT,1,83,2.757632,0.0045,0.0028,3.8867
131072,DIRECT,1,84,5.390336,0.0046,0.0028,3.8019
131072,DIRECT,1,85,5.39136,0.0048,0.0029,3.7112
131072,DIRECT,1,86,5.390336,0.0046,0.0029,3.9371
131072,DIRECT,1,87,5.392384,0.0043,0.0021,3.6529
131072,DIRECT,1,88,5.39136,0.0049,0.0029,3.7935
131072,DIRECT,1,89,5.392384,0.0043,0.0022,3.9617
131072,DIRECT,1,90,5.390336,0.0046,0.0026,4.5302
131072,DIRECT,1,91,5.394432,0.007,0.0021,3.6886
131072,DIRECT,1,92,5.389312,0.0047,0.0021,3.6211
131072,DIRECT,1,93,5.404672,0.0043,0.0135,3.6831
131072,DIRECT,1,94,5.390336,0.0062,0.0031,3.7354
131072,DIRECT,1,95,5.392384,0.0047,0.0027,4.0129
131072,DIRECT,1,96,5.390336,0.0046,0.002,3.6291
131072,DIRECT,1,97,5.390336,0.0046,0.0027,3.8303
131072,DIRECT,1,98,5.390336,0.0047,0.002,3.6285
131072,DIRECT,1,99,5.390336,0.0044,0.0028,4.0429
131072,DIRECT,1,100,5.390336,0.0047,0.0029,3.874
131072,DIRECT,1,101,5.39136,0.0045,0.0027,3.7673
131072,DIRECT,1,102,5.39136,0.0049,0.0028,4.0061
131072,DIRECT,1,103,5.392384,0.0045,0.0027,3.8623
131072,DIRECT,1,104,5.390336,0.0047,0.0028,3.739
131072,DIRECT,1,105,5.39136,0.0044,0.0021,3.6378
131072,DIRECT,1,106,5.39136,0.0047,0.0029,3.641
131072,DIRECT,1,107,5.392384,0.0043,0.002,3.625
131072,DIRECT,1,108,5.390336,0.0048,0.0031,3.9186
131072,DIRECT,1,109,5.39136,0.005,0.0023,3.6274
131072,DIRECT,1,110,5.39136,0.0051,0.0024,3.6284
131072,DIRECT,1,111,5.392384,0.0042,0.0025,3.9716
131072,DIRECT,1,112,5.388288,0.0044,0.0032,3.8765
131072,DIRECT,1,113,5.390336,0.0044,0.003,3.7926
131072,DIRECT,1,114,5.389312,0.0049,0.0031,4.5405
131072,DIRECT,1,115,5.388288,0.0047,0.0027,3.6957
131072,DIRECT,1,116,5.390336,0.0044,0.0027,3.6446
131072,DIRECT,1,117,5.39136,0.0046,0.0021,3.6597
131072,DIRECT,1,118,5.392384,0.0045,0.002,3.656
131072,DIRECT,1,119,5.392384,0.0045,0.0029,3.8681
131072,DIRECT,2,0,5.389312,0.0049,0.0033,4.0168
131072,DIRECT,2,1,5.392384,0.0048,0.0021,3.6576
131072,DIRECT,2,2,5.389312,0.005,0.0019,3.8149
131072,DIRECT,2,3,5.39136,0.005,0.0027,3.7529
131072,DIRECT,2,4,5.39136,0.0044,0.0028,3.9853
131072,DIRECT,2,5,5.392384,0.0046,0.002,3.6471
131072,DIRECT,2,6,5.390336,0.0052,0.0029,3.8186
131072,DIRECT,2,7,5.39136,0.0044,0.0021,3.6691
131072,DIRECT,2,8,5.389312,0.0043,0.0027,3.9893
131072,DIRECT,2,9,5.393408,0.0042,0.0029,3.8848
131072,DIRECT,2,10,5.39136,0.0048,0.0028,4.0672
131072,DIRECT,2,11,5.390336,0.0051,0.003,3.8741
131072,DIRECT,2,12,5.392384,0.0045,0.0028,3.7908
131072,DIRECT,2,13,5.39136,0.0044,0.003,4.0262
131072,DIRECT,2,14,5.39136,0.0046,0.0022,3.6164
131072,DIRECT,2,15,5.390336,0.0044,0.002,3.6552
131072,DIRECT,2,16,5.392384,0.0047,0.0024,3.671
131072,DIRECT,2,17,5.39136,0.0044,0.0026,3.7619
131072,DIRECT,2,18,5.388288,0.0048,0.002,4.4893
131072,DIRECT,2,19,5.39136,0.0054,0.003,3.7206
131072,DIRECT,2,20,5.389312,0.0046,0.0028,3.9494
131072,DIRECT,2,21,5.39136,0.0043,0.0027,3.8443
131072,DIRECT,2,22,5.389312,0.0046,0.0028,3.7443
131072,DIRECT,2,23,5.39136,0.005,0.0027,3.694
131072,DIRECT,2,24,5.39136,0.0044,0.0028,3.963
131072,DIRECT,2,25,5.392384,0.0045,0.0021,3.6543
131072,DIRECT,2,26,5.390336,0.0046,0.0022,3.6389
131072,DIRECT,2,27,5.39136,0.0042,0.0021,3.6486
131072,DIRECT,2,28,3.040256,0.0045,0.0022,3.6808
131072,DIRECT,2,29,2.75968,0.0048,0.0028,3.9738
131072,DIRECT,2,30,2.74944,0.0045,0.0027,3.7661
131072,DIRECT,2,31,2.770944,0.005,0.0027,3.8703
131072,DIRECT,2,32,2.75456,0.0046,0.0028,3.9578
131072,DIRECT,2,33,2.753536,0.0046,0.0027,4.0116
131072,DIRECT,2,34,2.751488,0.0045,0.0028,3.7933
131072,DIRECT,2,35,2.755584,0.0047,0.0027,3.8838
131072,DIRECT,2,36,2.758656,0.0046,0.0026,3.9818
131072,DIRECT,2,37,2.7648,0.0046,0.0027,3.663
131072,DIRECT,2,38,2.75456,0.0045,0.0027,3.8747
131072,DIRECT,2,39,2.760704,0.0045,0.0027,3.9776
131072,DIRECT,2,40,2.755584,0.0046,0.0027,3.7411
131072,DIRECT,2,41,2.7648,0.0043,0.002,3.6617
131072,DIRECT,2,42,2.760704,0.0048,0.0021,4.524
131072,DIRECT,2,43,2.761728,0.0053,0.0029,3.9322
131072,DIRECT,2,44,2.781184,0.0046,0.0022,3.6593
131072,DIRECT,2,45,2.755584,0.0047,0.0026,3.8263
131072,DIRECT,2,46,2.760704,0.0051,0.0027,3.9548
131072,DIRECT,2,47,2.758656,0.0044,0.0029,4.0073
131072,DIRECT,2,48,2.757632,0.0047,0.0028,3.7492
131072,DIRECT,2,49,2.760704,0.0048,0.0021,3.6481
131072,DIRECT,2,50,2.761728,0.0047,0.002,3.9878
131072,DIRECT,2,51,2.763776,0.0044,0.0024,3.8023
131072,DIRECT,2,52,2.752512,0.0038,0.0028,3.9165
131072,DIRECT,2,53,2.747392,0.0047,0.0026,4.0186
131072,DIRECT,2,54,2.784256,0.005,0.002,3.8789
131072,DIRECT,2,55,2.75968,0.0053,0.0027,3.836
131072,DIRECT,2,56,2.7648,0.0044,0.0029,3.9145
131072,DIRECT,2,57,2.75456,0.0045,0.0028,3.7119
131072,DIRECT,2,58,2.756608,0.0049,0.0021,3.9939
131072,DIRECT,2,59,2.760704,0.0047,0.0027,3.8894
131072,DIRECT,2,60,2.74944,0.0045,0.0033,4.0007
131072,DIRECT,2,61,2.74944,0.0045,0.0027,3.7358
131072,DIRECT,2,62,2.748416,0.0049,0.0027,3.8774
131072,DIRECT,2,63,2.765824,0.0045,0.002,3.6717
131072,DIRECT,2,64,2.752512,0.0044,0.0027,3.8261
131072,DIRECT,2,65,2.755584,0.0044,0.0027,3.9318
131072,DIRECT,2,66,2.75968,0.0047,0.0028,4.2692
131072,DIRECT,2,67,2.765824,0.0052,0.002,3.6797
131072,DIRECT,2,68,2.760704,0.0045,0.0028,3.7954
131072,DIRECT,2,69,2.751488,0.0044,0.0026,3.9484
131072,DIRECT,2,70,2.75968,0.0045,0.0027,3.6946
131072,DIRECT,2,71,2.760704,0.0048,0.0027,3.8609
131072,DIRECT,2,72,2.752512,0.0048,0.0027,3.9616
131072,DIRECT,2,73,2.757632,0.0052,0.0026,3.6946
131072,DIRECT,2,74,2.75968,0.0046,0.0027,3.841
131072,DIRECT,2,75,2.772992,0.0043,0.0021,3.6645
131072,DIRECT,2,76,2.756608,0.0044,0.0021,3.6665
131072,DIRECT,2,77,2.751488,0.0043,0.0027,3.9861
131072,DIRECT,2,78,2.747392,0.0055,0.0028,4.0237
131072,DIRECT,2,79,2.746368,0.0043,0.0027,3.7737
131072,DIRECT,2,80,2.761728,0.0046,0.0028,3.8964
131072,DIRECT,2,81,2.761728,0.0047,0.0026,3.9891
131072,DIRECT,2,82,2.761728,0.0047,0.0028,3.7077
131072,DIRECT,2,83,2.766848,0.0046,0.002,3.6805
131072,DIRECT,2,84,2.755584,0.005,0.002,3.9914
131072,DIRECT,2,85,2.755584,0.0046,0.0028,3.7881
131072,DIRECT,2,86,2.765824,0.0046,0.0027,3.9094
131072,DIRECT,2,87,2.765824,0.0047,0.002,3.6715
131072,DIRECT,2,88,2.752512,0.0046,0.0027,3.831
131072,DIRECT,2,89,2.74944,0.0047,0.0028,3.9645
131072,DIRECT,2,90,2.757632,0.0047,0.0026,4.5418
131072,DIRECT,2,91,2.75456,0.0054,0.0029,3.9056
131072,DIRECT,2,92,2.768896,0.0045,0.0022,3.6692
131072,DIRECT,2,93,2.757632,0.0041,0.002,3.6737
131072,DIRECT,2,94,2.781184,0.0048,0.0021,3.6685
131072,DIRECT,2,95,2.768896,0.0043,0.0028,3.7982
131072,DIRECT,2,96,2.756608,0.0044,0.0027,3.9564
131072,DIRECT,2,97,2.757632,0.0048,0.0026,4.0159
131072,DIRECT,2,98,2.776064,0.004,0.0023,3.7091
131072,DIRECT,2,99,3.002368,0.0046,0.002,3.6722
131072,DIRECT,2,100,2.762752,0.0043,0.0028,3.9779
131072,DIRECT,2,101,2.806784,0.0044,0.003,3.7507
131072,DIRECT,2,102,2.74944,0.0046,0.0022,3.6867
131072,DIRECT,2,103,2.772992,0.0047,0.0028,3.9853
131072,DIRECT,2,104,2.761728,0.006,0.0029,3.7097
131072,DIRECT,2,105,2.756608,0.0043,0.0027,3.8786
131072,DIRECT,2,106,2.763776,0.0048,0.0027,3.9764
131072,DIRECT,2,107,2.75456,0.0044,0.0028,3.7125
131072,DIRECT,2,108,2.756608,0.0047,0.0026,3.8631
131072,DIRECT,2,109,2.75968,0.005,0.0028,3.966
131072,DIRECT,2,110,2.753536,0.0046,0.0027,3.7049
131072,DIRECT,2,111,2.75968,0.0045,0.002,3.672
131072,DIRECT,2,112,2.760704,0.0044,0.0021,3.9845
131072,DIRECT,2,113,2.757632,0.0057,0.0029,3.7495
131072,DIRECT,2,114,2.756608,0.0046,0.0028,4.6223
131072,DIRECT,2,115,2.752512,0.0047,0.0025,3.7557
131072,DIRECT,2,116,2.760704,0.005,0.0028,3.8802
131072,DIRECT,2,117,2.768896,0.0043,0.0021,3.6653
131072,DIRECT,2,118,2.76992,0.0046,0.0021,3.6849
131072,DIRECT,2,119,2.768896,0.0047,0.0021,3.6611
