count,transfer,run,sample,gpu_ms,cpu_submit_ms,cpu_poll_ms,cpu_emergency_decode_ms
10000,DEVICE_COPY,0,0,0.171008,0.0059,0.003,0.8546
10000,DEVICE_COPY,0,1,0.216064,0.0072,0.0043,0.6992
10000,DEVICE_COPY,0,2,0.192512,0.0067,0.0028,0.702
10000,DEVICE_COPY,0,3,0.192512,0.006,0.0031,0.7069
10000,DEVICE_COPY,0,4,0.195584,0.0065,0.0029,0.6961
10000,DEVICE_COPY,0,5,0.208896,0.0062,0.0026,0.7067
10000,DEVICE_COPY,0,6,0.187392,0.0058,0.0025,0.7053
10000,DEVICE_COPY,0,7,0.210944,0.0063,0.0026,0.7071
10000,DEVICE_COPY,0,8,0.19968,0.0063,0.0033,0.6998
10000,DEVICE_COPY,0,9,0.201728,0.0057,0.0025,0.7102
10000,DEVICE_COPY,0,10,0.1792,0.0063,0.0024,0.5512
10000,DEVICE_COPY,0,11,0.193536,0.0087,0.0091,0.2225
10000,DEVICE_COPY,0,12,0.185344,0.0088,0.0021,0.2294
10000,DEVICE_COPY,0,13,0.188416,0.0054,0.0022,0.2209
10000,DEVICE_COPY,0,14,0.176128,0.0057,0.002,0.2237
10000,DEVICE_COPY,0,15,0.187392,0.0052,0.0021,0.223
10000,DEVICE_COPY,0,16,0.178176,0.0054,0.002,0.2299
10000,DEVICE_COPY,0,17,0.185344,0.0052,0.002,0.2228
10000,DEVICE_COPY,0,18,0.175104,0.0056,0.0021,0.2232
10000,DEVICE_COPY,0,19,0.18432,0.0053,0.0021,0.2259
10000,DEVICE_COPY,0,20,0.177152,0.0052,0.0021,0.2271
10000,DEVICE_COPY,0,21,0.182272,0.0054,0.0024,0.2234
10000,DEVICE_COPY,0,22,0.177152,0.0052,0.0022,0.2268
10000,DEVICE_COPY,0,23,0.188416,0.0053,0.0022,0.2241
10000,DEVICE_COPY,0,24,0.185344,0.0052,0.0022,0.4449
10000,DEVICE_COPY,0,25,0.203776,0.0056,0.0028,3.1449
10000,DEVICE_COPY,0,26,0.202752,0.0104,0.0042,0.9657
10000,DEVICE_COPY,0,27,0.20992,0.0093,0.003,0.7804
10000,DEVICE_COPY,0,28,0.192512,0.0066,0.0028,0.7782
10000,DEVICE_COPY,0,29,0.195584,0.0062,0.0028,0.9854
10000,DEVICE_COPY,0,30,0.183296,0.0058,0.0032,0.7327
10000,DEVICE_COPY,0,31,0.18432,0.006,0.003,0.7426
10000,DEVICE_COPY,0,32,0.251904,0.0058,0.0033,0.7572
10000,DEVICE_COPY,0,33,0.309248,0.0059,0.0026,0.8068
10000,DEVICE_COPY,0,34,0.17408,0.0052,0.0025,0.7772
10000,DEVICE_COPY,0,35,0.202752,0.006,0.0026,0.7604
10000,DEVICE_COPY,0,36,0.17408,0.0061,0.0026,0.7941
10000,DEVICE_COPY,0,37,0.203776,0.0057,0.0026,0.8449
10000,DEVICE_COPY,0,38,0.175104,0.0061,0.0027,0.776
10000,DEVICE_COPY,0,39,0.211968,0.0056,0.0032,0.8168
10000,DEVICE_COPY,0,40,0.195584,0.0061,0.0026,0.8487
10000,DEVICE_COPY,0,41,0.198656,0.0068,0.0029,0.8098
10000,DEVICE_COPY,0,42,0.185344,0.0059,0.0025,0.7848
10000,DEVICE_COPY,0,43,0.203776,0.0068,0.0026,0.7485
10000,DEVICE_COPY,0,44,0.186368,0.0066,0.0026,0.7515
10000,DEVICE_COPY,0,45,0.203776,0.0058,0.0028,0.7659
10000,DEVICE_COPY,0,46,0.17408,0.0061,0.0027,0.7495
10000,DEVICE_COPY,0,47,0.18944,0.0068,0.0025,0.7375
10000,DEVICE_COPY,0,48,0.186368,0.0059,0.0026,0.744
10000,DEVICE_COPY,0,49,0.201728,0.0057,0.0026,0.7432
10000,DEVICE_COPY,0,50,0.185344,0.0061,0.0028,0.7438
10000,DEVICE_COPY,0,51,0.181248,0.0062,0.003,0.7395
10000,DEVICE_COPY,0,52,0.183296,0.0059,0.0027,0.7657
10000,DEVICE_COPY,0,53,0.191488,0.0058,0.0028,0.7848
10000,DEVICE_COPY,0,54,0.178176,0.0064,0.0028,0.7418
10000,DEVICE_COPY,0,55,0.198656,0.0057,0.0027,0.7339
10000,DEVICE_COPY,0,56,0.186368,0.0058,0.0028,0.7484
10000,DEVICE_COPY,0,57,0.192512,0.0059,0.0028,0.7483
10000,DEVICE_COPY,0,58,0.175104,0.0062,0.0027,0.7389
10000,DEVICE_COPY,0,59,0.186368,0.0058,0.0031,0.7371
10000,DEVICE_COPY,0,60,0.1792,0.006,0.0027,0.734
10000,DEVICE_COPY,0,61,0.187392,0.0057,0.0027,0.7515
10000,DEVICE_COPY,0,62,0.173056,0.0058,0.0026,0.7654
10000,DEVICE_COPY,0,63,0.205824,0.006,0.0036,0.7374
10000,DEVICE_COPY,0,64,0.582656,0.0057,0.0033,0.7403
10000,DEVICE_COPY,0,65,0.183296,0.006,0.0029,0.7345
10000,DEVICE_COPY,0,66,0.178176,0.0061,0.0027,0.7486
10000,DEVICE_COPY,0,67,0.196608,0.0068,0.0026,0.7379
10000,DEVICE_COPY,0,68,0.181248,0.0067,0.0026,0.7432
10000,DEVICE_COPY,0,69,0.1792,0.0057,0.0027,0.7436
10000,DEVICE_COPY,0,70,0.187392,0.0057,0.0026,0.7385
10000,DEVICE_COPY,0,71,0.21504,0.0053,0.0031,0.7293
10000,DEVICE_COPY,0,72,0.185344,0.006,0.0026,0.9609
10000,DEVICE_COPY,0,73,0.1792,0.0064,0.0026,0.9979
10000,DEVICE_COPY,0,74,0.171008,0.0059,0.0027,1.0697
10000,DEVICE_COPY,0,75,0.205824,0.0068,0.0024,0.8065
10000,DEVICE_COPY,0,76,0.186368,0.0058,0.0025,0.8491
10000,DEVICE_COPY,0,77,0.193536,0.0056,0.0025,1.0314
10000,DEVICE_COPY,0,78,0.178176,0.0058,0.0026,0.7324
10000,DEVICE_COPY,0,79,0.191488,0.0056,0.0025,0.7387
10000,DEVICE_COPY,0,80,0.187392,0.0058,0.0025,0.7524
10000,DEVICE_COPY,0,81,0.187392,0.006,0.003,0.8858
10000,DEVICE_COPY,0,82,0.2048,0.0076,0.0034,0.7522
10000,DEVICE_COPY,0,83,0.18432,0.0087,0.0027,0.7447
10000,DEVICE_COPY,0,84,0.186368,0.007,0.0025,0.7332
10000,DEVICE_COPY,0,85,0.187392,0.0059,0.0029,0.7428
10000,DEVICE_COPY,0,86,0.173056,0.0061,0.0024,0.7426
10000,DEVICE_COPY,0,87,0.195584,0.006,0.0029,0.7424
10000,DEVICE_COPY,0,88,0.17408,0.0061,0.0024,0.7411
10000,DEVICE_COPY,0,89,0.188416,0.0058,0.0026,0.7759
10000,DEVICE_COPY,0,90,0.18432,0.0067,0.0027,0.8664
10000,DEVICE_COPY,0,91,0.19968,0.0066,0.0026,0.7405
10000,DEVICE_COPY,0,92,0.19968,0.0058,0.0026,0.7391
10000,DEVICE_COPY,0,93,0.192512,0.0062,0.0028,0.7353
10000,DEVICE_COPY,0,94,0.176128,0.0061,0.0026,0.7361
10000,DEVICE_COPY,0,95,0.202752,0.006,0.0029,0.7344
10000,DEVICE_COPY,0,96,0.219136,0.0056,0.0033,0.732
10000,DEVICE_COPY,0,97,0.201728,0.0059,0.0029,0.7321
10000,DEVICE_COPY,0,98,0.17408,0.0061,0.0026,0.7569
10000,DEVICE_COPY,0,99,0.197632,0.0069,0.0024,0.7464
10000,DEVICE_COPY,0,100,0.190464,0.0068,0.0028,0.7324
10000,DEVICE_COPY,0,101,0.191488,0.0061,0.0029,0.7426
10000,DEVICE_COPY,0,102,0.193536,0.0059,0.0027,0.7564
10000,DEVICE_COPY,0,103,0.20992,0.0078,0.0033,0.7374
10000,DEVICE_COPY,0,104,0.188416,0.0064,0.0028,0.7486
10000,DEVICE_COPY,0,105,0.178176,0.0068,0.0027,0.7407
10000,DEVICE_COPY,0,106,0.181248,0.0061,0.0027,0.7455
10000,DEVICE_COPY,0,107,0.19968,0.007,0.0027,0.7323
10000,DEVICE_COPY,0,108,0.185344,0.0062,0.0026,0.7491
10000,DEVICE_COPY,0,109,0.195584,0.0056,0.0027,0.7659
10000,DEVICE_COPY,0,110,0.175104,0.0058,0.0024,0.7365
10000,DEVICE_COPY,0,111,0.18944,0.006,0.0025,0.7347
10000,DEVICE_COPY,0,112,0.187392,0.0058,0.0026,0.7385
10000,DEVICE_COPY,0,113,0.192512,0.0061,0.003,0.7576
10000,DEVICE_COPY,0,114,0.1792,0.0062,0.0027,0.7382
10000,DEVICE_COPY,0,115,0.190464,0.0058,0.0027,0.7381
10000,DEVICE_COPY,0,116,0.18944,0.0058,0.0029,0.7364
10000,DEVICE_COPY,0,117,0.181248,0.0057,0.0025,0.7402
10000,DEVICE_COPY,0,118,0.177152,0.0059,0.0025,0.7409
10000,DEVICE_COPY,0,119,0.187392,0.006,0.0028,0.7384
10000,DEVICE_COPY,1,0,0.218112,0.0089,0.0045,0.7595
10000,DEVICE_COPY,1,1,0.323584,0.0076,0.0031,0.7554
10000,DEVICE_COPY,1,2,0.181248,0.0069,0.0027,0.7512
10000,DEVICE_COPY,1,3,0.203776,0.0065,0.0051,0.7791
10000,DEVICE_COPY,1,4,0.188416,0.0083,0.0027,0.7725
10000,DEVICE_COPY,1,5,0.211968,0.0073,0.0028,0.7603
10000,DEVICE_COPY,1,6,0.175104,0.0066,0.0025,0.7566
10000,DEVICE_COPY,1,7,0.19456,0.0059,0.0053,0.7778
10000,DEVICE_COPY,1,8,0.185344,0.0071,0.0028,0.7663
10000,DEVICE_COPY,1,9,0.195584,0.0076,0.0027,0.7667
10000,DEVICE_COPY,1,10,0.195584,0.0062,0.0032,0.773
10000,DEVICE_COPY,1,11,0.223232,0.0064,0.0043,0.783
10000,DEVICE_COPY,1,12,0.202752,0.0071,0.0031,0.7589
10000,DEVICE_COPY,1,13,0.2048,0.006,0.0029,0.7617
10000,DEVICE_COPY,1,14,0.191488,0.0063,0.003,0.7643
10000,DEVICE_COPY,1,15,0.196608,0.0063,0.0041,1.0325
10000,DEVICE_COPY,1,16,0.177152,0.0072,0.0026,0.7613
10000,DEVICE_COPY,1,17,0.20992,0.0061,0.0028,0.2474
10000,DEVICE_COPY,1,18,0.188416,0.0123,0.0127,0.2269
10000,DEVICE_COPY,1,19,0.19968,0.0057,0.0024,0.2292
10000,DEVICE_COPY,1,20,0.17408,0.0058,0.0022,0.2244
10000,DEVICE_COPY,1,21,0.19968,0.0058,0.0025,0.2322
10000,DEVICE_COPY,1,22,0.175104,0.0058,0.0019,0.2323
10000,DEVICE_COPY,1,23,0.19968,0.0066,0.0024,0.2266
10000,DEVICE_COPY,1,24,0.188416,0.0059,0.0024,0.2327
10000,DEVICE_COPY,1,25,0.19456,0.0058,0.0022,0.2266
10000,DEVICE_COPY,1,26,0.181248,0.0061,0.0021,0.2252
10000,DEVICE_COPY,1,27,0.193536,0.006,0.0021,0.2264
10000,DEVICE_COPY,1,28,0.195584,0.0063,0.0023,0.2314
10000,DEVICE_COPY,1,29,0.193536,0.0059,0.0022,0.4699
10000,DEVICE_COPY,1,30,0.177152,0.0068,0.0021,0.2336
10000,DEVICE_COPY,1,31,0.196608,0.006,0.0024,0.227
10000,DEVICE_COPY,1,32,0.186368,0.0059,0.0034,0.3586
10000,DEVICE_COPY,1,33,0.193536,0.0077,0.002,0.5421
10000,DEVICE_COPY,1,34,0.178176,0.006,0.0021,0.5424
10000,DEVICE_COPY,1,35,0.192512,0.0057,0.0022,0.536
10000,DEVICE_COPY,1,36,0.18944,0.0084,0.0028,0.578
10000,DEVICE_COPY,1,37,0.226304,0.0068,0.0033,0.5395
10000,DEVICE_COPY,1,38,0.177152,0.0059,0.0024,0.5522
10000,DEVICE_COPY,1,39,0.19456,0.0063,0.0025,0.6331
10000,DEVICE_COPY,1,40,0.176128,0.0062,0.0024,0.6664
10000,DEVICE_COPY,1,41,0.211968,0.0065,0.0025,0.7384
10000,DEVICE_COPY,1,42,0.239616,0.0068,0.0024,0.6105
10000,DEVICE_COPY,1,43,0.217088,0.0067,0.0025,0.5289
10000,DEVICE_COPY,1,44,0.171008,0.0062,0.0023,0.5533
10000,DEVICE_COPY,1,45,0.191488,0.0058,0.0023,0.5731
10000,DEVICE_COPY,1,46,0.176128,0.0056,0.002,0.5407
10000,DEVICE_COPY,1,47,0.19456,0.0065,0.0024,0.5286
10000,DEVICE_COPY,1,48,0.183296,0.0059,0.0023,0.5296
10000,DEVICE_COPY,1,49,0.180224,0.0057,0.002,0.524
10000,DEVICE_COPY,1,50,0.18432,0.0069,0.0023,0.547
10000,DEVICE_COPY,1,51,0.19968,0.0068,0.003,0.6964
10000,DEVICE_COPY,1,52,0.172032,0.006,0.0024,0.6779
10000,DEVICE_COPY,1,53,0.190464,0.0059,0.0021,0.6905
10000,DEVICE_COPY,1,54,0.185344,0.0056,0.0021,0.5732
10000,DEVICE_COPY,1,55,0.187392,0.0059,0.0025,0.56
10000,DEVICE_COPY,1,56,0.185344,0.0066,0.0022,0.5182
10000,DEVICE_COPY,1,57,0.188416,0.006,0.0021,0.5112
10000,DEVICE_COPY,1,58,0.178176,0.0058,0.0021,0.5142
10000,DEVICE_COPY,1,59,0.187392,0.0057,0.0023,0.5434
10000,DEVICE_COPY,1,60,0.172032,0.0059,0.002,0.5386
10000,DEVICE_COPY,1,61,0.201728,0.006,0.0028,0.5281
10000,DEVICE_COPY,1,62,0.181248,0.0058,0.0023,0.6022
10000,DEVICE_COPY,1,63,0.193536,0.0062,0.0025,0.5355
10000,DEVICE_COPY,1,64,0.175104,0.0056,0.0023,0.6039
10000,DEVICE_COPY,1,65,0.180224,0.006,0.0023,0.6445
10000,DEVICE_COPY,1,66,0.1792,0.0059,0.0026,0.6569
10000,DEVICE_COPY,1,67,0.203776,0.0059,0.0025,0.5544
10000,DEVICE_COPY,1,68,0.188416,0.0061,0.0022,0.5116
10000,DEVICE_COPY,1,69,0.19456,0.0061,0.0021,0.5194
10000,DEVICE_COPY,1,70,0.173056,0.0058,0.0024,0.5226
10000,DEVICE_COPY,1,71,0.190464,0.0059,0.0027,0.5277
10000,DEVICE_COPY,1,72,0.177152,0.0061,0.002,0.5245
10000,DEVICE_COPY,1,73,0.18944,0.0056,0.0023,0.5153
10000,DEVICE_COPY,1,74,0.17408,0.0059,0.002,0.5228
10000,DEVICE_COPY,1,75,0.187392,0.0058,0.002,0.5257
10000,DEVICE_COPY,1,76,0.24064,0.0058,0.0021,0.6032
10000,DEVICE_COPY,1,77,0.188416,0.0055,0.002,0.6442
10000,DEVICE_COPY,1,78,0.178176,0.0058,0.0021,0.6891
10000,DEVICE_COPY,1,79,0.192512,0.0055,0.002,0.5595
10000,DEVICE_COPY,1,80,0.185344,0.006,0.0024,0.5245
10000,DEVICE_COPY,1,81,0.180224,0.0057,0.0022,0.5274
10000,DEVICE_COPY,1,82,0.176128,0.0059,0.0027,0.5536
10000,DEVICE_COPY,1,83,0.309248,0.0057,0.0025,0.5507
10000,DEVICE_COPY,1,84,0.25088,0.0057,0.0024,0.517
10000,DEVICE_COPY,1,85,0.190464,0.0057,0.0023,0.5408
10000,DEVICE_COPY,1,86,0.18944,0.0058,0.0024,0.5937
10000,DEVICE_COPY,1,87,0.201728,0.0062,0.002,0.5326
10000,DEVICE_COPY,1,88,0.182272,0.0062,0.0022,0.5495
10000,DEVICE_COPY,1,89,0.190464,0.0059,0.0022,0.6222
10000,DEVICE_COPY,1,90,0.185344,0.0056,0.002,0.6854
10000,DEVICE_COPY,1,91,0.186368,0.0075,0.0024,0.6779
10000,DEVICE_COPY,1,92,0.198656,0.0068,0.0039,0.5514
10000,DEVICE_COPY,1,93,0.198656,0.0058,0.0022,0.5196
10000,DEVICE_COPY,1,94,0.172032,0.0061,0.0022,0.5227
10000,DEVICE_COPY,1,95,0.198656,0.0054,0.0019,0.5154
10000,DEVICE_COPY,1,96,0.172032,0.0056,0.002,0.531
10000,DEVICE_COPY,1,97,0.191488,0.0065,0.0025,0.5222
10000,DEVICE_COPY,1,98,0.173056,0.0057,0.0022,0.5271
10000,DEVICE_COPY,1,99,0.180224,0.0057,0.0022,0.5281
10000,DEVICE_COPY,1,100,0.173056,0.0054,0.002,0.5511
10000,DEVICE_COPY,1,101,0.180224,0.0056,0.0021,0.6009
10000,DEVICE_COPY,1,102,0.177152,0.0055,0.0033,0.8635
10000,DEVICE_COPY,1,103,0.187392,0.0073,0.0023,0.6024
10000,DEVICE_COPY,1,104,0.173056,0.006,0.0021,0.503
10000,DEVICE_COPY,1,105,0.1792,0.0058,0.0021,0.4854
10000,DEVICE_COPY,1,106,0.172032,0.0054,0.002,0.478
10000,DEVICE_COPY,1,107,0.1792,0.0055,0.0021,0.4935
10000,DEVICE_COPY,1,108,0.1792,0.0061,0.0021,0.4775
10000,DEVICE_COPY,1,109,0.180224,0.0052,0.0021,0.4821
10000,DEVICE_COPY,1,110,0.173056,0.0055,0.002,0.48
10000,DEVICE_COPY,1,111,0.1792,0.0054,0.0022,0.4808
10000,DEVICE_COPY,1,112,0.172032,0.0052,0.002,0.4865
10000,DEVICE_COPY,1,113,0.178176,0.0057,0.0023,0.5386
10000,DEVICE_COPY,1,114,0.178176,0.0054,0.0023,0.6203
10000,DEVICE_COPY,1,115,0.180224,0.0054,0.0021,0.6857
10000,DEVICE_COPY,1,116,0.173056,0.0058,0.002,0.5337
10000,DEVICE_COPY,1,117,0.202752,0.0053,0.0021,0.5277
10000,DEVICE_COPY,1,118,0.175104,0.0063,0.0021,0.5363
10000,DEVICE_COPY,1,119,0.192512,0.0061,0.0022,0.5282
10000,DEVICE_COPY,2,0,0.320512,0.0076,0.0033,1.0767
10000,DEVICE_COPY,2,1,0.221184,0.0065,0.003,1.0542
10000,DEVICE_COPY,2,2,0.27648,0.0065,0.0027,1.0495
10000,DEVICE_COPY,2,3,0.18432,0.006,0.0026,1.158
10000,DEVICE_COPY,2,4,0.188416,0.0077,0.0032,1.0294
10000,DEVICE_COPY,2,5,0.2048,0.0058,0.0025,1.0654
10000,DEVICE_COPY,2,6,0.183296,0.0057,0.0026,1.0423
10000,DEVICE_COPY,2,7,0.18944,0.0108,0.0091,0.8487
10000,DEVICE_COPY,2,8,0.185344,0.0056,0.0021,0.5997
10000,DEVICE_COPY,2,9,0.202752,0.0058,0.0021,0.542
10000,DEVICE_COPY,2,10,0.173056,0.0057,0.0022,0.5371
10000,DEVICE_COPY,2,11,0.1792,0.0062,0.0021,0.5515
10000,DEVICE_COPY,2,12,0.17408,0.0054,0.002,0.5498
10000,DEVICE_COPY,2,13,0.197632,0.0066,0.0024,0.5447
10000,DEVICE_COPY,2,14,0.1792,0.0057,0.0023,0.534
10000,DEVICE_COPY,2,15,0.187392,0.0055,0.0023,0.5546
10000,DEVICE_COPY,2,16,0.172032,0.0061,0.002,0.5524
10000,DEVICE_COPY,2,17,0.188416,0.0055,0.002,0.5896
10000,DEVICE_COPY,2,18,0.1792,0.0069,0.0022,0.6418
10000,DEVICE_COPY,2,19,0.19456,0.0056,0.0025,0.7089
10000,DEVICE_COPY,2,20,0.175104,0.0056,0.0023,0.674
10000,DEVICE_COPY,2,21,0.221184,0.0061,0.0024,0.5765
10000,DEVICE_COPY,2,22,0.187392,0.0055,0.0023,0.5454
10000,DEVICE_COPY,2,23,0.180224,0.0059,0.0021,0.5563
10000,DEVICE_COPY,2,24,0.185344,0.0058,0.0021,0.5469
10000,DEVICE_COPY,2,25,0.18944,0.007,0.0022,0.5511
10000,DEVICE_COPY,2,26,0.1792,0.0059,0.0022,0.5429
10000,DEVICE_COPY,2,27,0.187392,0.0059,0.0022,0.5342
10000,DEVICE_COPY,2,28,0.186368,0.0054,0.0022,0.5416
10000,DEVICE_COPY,2,29,0.192512,0.0055,0.002,0.5571
10000,DEVICE_COPY,2,30,0.176128,0.0063,0.0023,0.6274
10000,DEVICE_COPY,2,31,0.1792,0.0059,0.0023,0.6826
10000,DEVICE_COPY,2,32,0.176128,0.0061,0.0022,0.6978
10000,DEVICE_COPY,2,33,0.190464,0.0054,0.0023,0.5547
10000,DEVICE_COPY,2,34,0.186368,0.0058,0.0022,0.5248
10000,DEVICE_COPY,2,35,0.197632,0.0054,0.0022,0.5532
10000,DEVICE_COPY,2,36,0.173056,0.0054,0.0019,0.5584
10000,DEVICE_COPY,2,37,0.214016,0.007,0.0033,0.756
10000,DEVICE_COPY,2,38,0.529408,0.0117,0.0023,0.5941
10000,DEVICE_COPY,2,39,0.205824,0.0058,0.002,0.555
10000,DEVICE_COPY,2,40,0.183296,0.0054,0.0023,3.382
10000,DEVICE_COPY,2,41,0.2048,0.0077,0.0024,0.2635
10000,DEVICE_COPY,2,42,0.193536,0.0065,0.0024,0.2351
10000,DEVICE_COPY,2,43,0.196608,0.0059,0.0025,0.2691
10000,DEVICE_COPY,2,44,0.183296,0.0069,0.0026,0.2261
10000,DEVICE_COPY,2,45,0.192512,0.0059,0.0023,0.2289
10000,DEVICE_COPY,2,46,0.18432,0.0063,0.0022,0.3239
10000,DEVICE_COPY,2,47,0.193536,0.0061,0.0022,0.2367
10000,DEVICE_COPY,2,48,0.177152,0.0069,0.003,0.2283
10000,DEVICE_COPY,2,49,0.200704,0.006,0.0024,0.2326
10000,DEVICE_COPY,2,50,0.175104,0.0056,0.0023,0.2279
10000,DEVICE_COPY,2,51,0.187392,0.0059,0.0023,0.2262
10000,DEVICE_COPY,2,52,0.177152,0.0058,0.0025,0.2308
10000,DEVICE_COPY,2,53,0.197632,0.0058,0.0023,0.2327
10000,DEVICE_COPY,2,54,0.17408,0.0062,0.0023,0.2283
10000,DEVICE_COPY,2,55,0.186368,0.0057,0.0024,0.2364
10000,DEVICE_COPY,2,56,0.172032,0.0055,0.0022,0.2288
10000,DEVICE_COPY,2,57,0.18944,0.0058,0.0024,0.2269
10000,DEVICE_COPY,2,58,0.1792,0.0061,0.0023,0.229
10000,DEVICE_COPY,2,59,0.187392,0.0057,0.0024,0.2285
10000,DEVICE_COPY,2,60,0.172032,0.0058,0.0023,0.2261
10000,DEVICE_COPY,2,61,0.190464,0.0057,0.0027,0.23
10000,DEVICE_COPY,2,62,0.1792,0.006,0.0023,0.2279
10000,DEVICE_COPY,2,63,0.192512,0.0059,0.0024,0.2259
10000,DEVICE_COPY,2,64,0.17408,0.0057,0.0023,0.231
10000,DEVICE_COPY,2,65,0.1792,0.0057,0.0024,0.2285
10000,DEVICE_COPY,2,66,0.178176,0.0058,0.0025,0.2262
10000,DEVICE_COPY,2,67,0.193536,0.006,0.0024,0.2302
10000,DEVICE_COPY,2,68,0.176128,0.006,0.0023,0.2288
10000,DEVICE_COPY,2,69,0.1792,0.0058,0.0023,0.2299
10000,DEVICE_COPY,2,70,0.1792,0.0057,0.0025,0.2263
10000,DEVICE_COPY,2,71,0.198656,0.0058,0.0023,0.2277
10000,DEVICE_COPY,2,72,0.180224,0.0059,0.0023,0.2289
10000,DEVICE_COPY,2,73,0.187392,0.0057,0.0024,0.2265
10000,DEVICE_COPY,2,74,0.172032,0.0058,0.0022,0.2283
10000,DEVICE_COPY,2,75,0.180224,0.0056,0.0023,0.2292
10000,DEVICE_COPY,2,76,0.178176,0.0061,0.0023,0.2259
10000,DEVICE_COPY,2,77,0.192512,0.0055,0.0023,0.2278
10000,DEVICE_COPY,2,78,0.185344,0.0059,0.0023,0.23
10000,DEVICE_COPY,2,79,0.191488,0.0056,0.0026,0.2292
10000,DEVICE_COPY,2,80,0.183296,0.0061,0.0023,0.2279
10000,DEVICE_COPY,2,81,0.18944,0.0056,0.0023,0.2299
10000,DEVICE_COPY,2,82,0.178176,0.0063,0.0023,0.2269
10000,DEVICE_COPY,2,83,0.187392,0.0057,0.0024,0.2279
10000,DEVICE_COPY,2,84,0.172032,0.0058,0.0023,0.2305
10000,DEVICE_COPY,2,85,0.190464,0.0056,0.0025,0.2625
10000,DEVICE_COPY,2,86,0.188416,0.0062,0.0024,0.227
10000,DEVICE_COPY,2,87,0.201728,0.0058,0.0022,0.2295
10000,DEVICE_COPY,2,88,0.176128,0.0056,0.0024,0.2297
10000,DEVICE_COPY,2,89,0.191488,0.0055,0.0023,0.2294
10000,DEVICE_COPY,2,90,0.1792,0.0059,0.0023,0.2283
10000,DEVICE_COPY,2,91,0.187392,0.0058,0.0023,0.2295
10000,DEVICE_COPY,2,92,0.173056,0.0058,0.0022,0.2254
10000,DEVICE_COPY,2,93,0.190464,0.0056,0.0024,0.2286
10000,DEVICE_COPY,2,94,0.177152,0.0057,0.0022,0.2269
10000,DEVICE_COPY,2,95,0.187392,0.006,0.0023,0.2244
10000,DEVICE_COPY,2,96,0.173056,0.0056,0.0022,0.2286
10000,DEVICE_COPY,2,97,0.193536,0.0056,0.0024,0.2285
10000,DEVICE_COPY,2,98,0.193536,0.0058,0.0026,0.2292
10000,DEVICE_COPY,2,99,0.372736,0.0068,0.004,0.2338
10000,DEVICE_COPY,2,100,0.564224,0.0063,0.0023,0.2289
10000,DEVICE_COPY,2,101,0.175104,0.0059,0.0023,0.23
10000,DEVICE_COPY,2,102,0.182272,0.0057,0.0022,0.225
10000,DEVICE_COPY,2,103,0.197632,0.0059,0.0023,0.2339
10000,DEVICE_COPY,2,104,0.236544,0.0095,0.0025,0.2639
10000,DEVICE_COPY,2,105,0.202752,0.0056,0.002,0.2263
10000,DEVICE_COPY,2,106,0.18432,0.0056,0.0023,0.2298
10000,DEVICE_COPY,2,107,0.191488,0.0054,0.0021,0.2299
10000,DEVICE_COPY,2,108,0.183296,0.0056,0.0023,0.2298
10000,DEVICE_COPY,2,109,0.180224,0.0056,0.002,0.2278
10000,DEVICE_COPY,2,110,0.176128,0.0056,0.0022,0.2308
10000,DEVICE_COPY,2,111,0.190464,0.0055,0.0021,0.2263
10000,DEVICE_COPY,2,112,0.183296,0.0059,0.0025,0.244
10000,DEVICE_COPY,2,113,0.200704,0.0059,0.0036,0.2544
10000,DEVICE_COPY,2,114,0.18432,0.0066,0.0024,0.2339
10000,DEVICE_COPY,2,115,0.195584,0.0074,0.0022,0.2324
10000,DEVICE_COPY,2,116,0.180224,0.0061,0.0021,0.2329
10000,DEVICE_COPY,2,117,0.196608,0.0056,0.0023,0.233
10000,DEVICE_COPY,2,118,0.1792,0.006,0.0021,0.2303
10000,DEVICE_COPY,2,119,0.195584,0.0058,0.0022,0.2336
10000,DIRECT,0,0,0.22528,0.0316,0.0021,0.4117
10000,DIRECT,0,1,0.217088,0.0148,0.0118,0.214
10000,DIRECT,0,2,0.219136,0.004,0.002,0.2164
10000,DIRECT,0,3,0.241664,0.004,0.0028,0.2155
10000,DIRECT,0,4,0.237568,0.0041,0.0025,0.2186
10000,DIRECT,0,5,0.490496,0.004,0.0025,0.2096
10000,DIRECT,0,6,0.498688,0.004,0.002,0.216
10000,DIRECT,0,7,0.217088,0.0045,0.0023,0.2119
10000,DIRECT,0,8,0.218112,0.0043,0.0021,0.209
10000,DIRECT,0,9,0.283648,0.0045,0.002,0.2119
10000,DIRECT,0,10,0.292864,0.004,0.0022,0.2274
10000,DIRECT,0,11,0.231424,0.0083,0.0024,0.2211
10000,DIRECT,0,12,0.229376,0.0041,0.002,0.2104
10000,DIRECT,0,13,0.226304,0.0039,0.002,0.2125
10000,DIRECT,0,14,0.22016,0.0042,0.002,0.2092
10000,DIRECT,0,15,0.218112,0.0043,0.0021,0.2162
10000,DIRECT,0,16,0.217088,0.0041,0.0019,0.2128
10000,DIRECT,0,17,0.22016,0.0039,0.002,0.2079
10000,DIRECT,0,18,0.217088,0.0042,0.0021,0.2174
10000,DIRECT,0,19,0.24576,0.004,0.0019,0.2136
10000,DIRECT,0,20,0.238592,0.0046,0.002,0.2112
10000,DIRECT,0,21,0.221184,0.004,0.002,0.2102
10000,DIRECT,0,22,0.22016,0.004,0.002,0.2142
10000,DIRECT,0,23,0.216064,0.0038,0.002,0.2123
10000,DIRECT,0,24,0.219136,0.0041,0.002,0.2085
10000,DIRECT,0,25,0.226304,0.0041,0.002,0.2127
10000,DIRECT,0,26,0.218112,0.004,0.002,0.2115
10000,DIRECT,0,27,0.24576,0.0039,0.0022,0.213
10000,DIRECT,0,28,0.229376,0.0044,0.0026,0.2512
10000,DIRECT,0,29,0.256,0.0042,0.0022,0.2667
10000,DIRECT,0,30,0.490496,0.0043,0.0023,0.2863
10000,DIRECT,0,31,0.49152,0.0041,0.0021,0.2797
10000,DIRECT,0,32,0.22528,0.004,0.0021,0.2459
10000,DIRECT,0,33,0.23552,0.0039,0.002,0.2688
10000,DIRECT,0,34,0.316416,0.0047,0.002,0.2773
10000,DIRECT,0,35,0.318464,0.004,0.0022,0.2154
10000,DIRECT,0,36,0.221184,0.0041,0.002,0.2102
10000,DIRECT,0,37,0.222208,0.0041,0.002,0.2139
10000,DIRECT,0,38,0.218112,0.0041,0.002,0.2114
10000,DIRECT,0,39,0.217088,0.0041,0.0019,0.2135
10000,DIRECT,0,40,0.22528,0.004,0.002,0.213
10000,DIRECT,0,41,0.218112,0.0043,0.002,0.2139
10000,DIRECT,0,42,0.279552,0.0051,0.0046,0.2143
10000,DIRECT,0,43,0.248832,0.0041,0.0024,0.2106
10000,DIRECT,0,44,0.498688,0.0042,0.0021,0.2125
10000,DIRECT,0,45,0.495616,0.0041,0.002,0.213
10000,DIRECT,0,46,0.347136,0.0045,0.0024,0.2158
10000,DIRECT,0,47,0.301056,0.0047,0.0023,0.2102
10000,DIRECT,0,48,0.233472,0.0041,0.0032,0.3024
10000,DIRECT,0,49,0.223232,0.0046,0.0021,0.2088
10000,DIRECT,0,50,0.223232,0.0041,0.0021,0.2109
10000,DIRECT,0,51,0.221184,0.004,0.0021,0.2121
10000,DIRECT,0,52,0.219136,0.004,0.0021,0.2217
10000,DIRECT,0,53,0.22016,0.0041,0.0019,0.211
10000,DIRECT,0,54,0.218112,0.0041,0.002,0.2162
10000,DIRECT,0,55,0.226304,0.004,0.002,0.212
10000,DIRECT,0,56,0.224256,0.0041,0.0021,0.2123
10000,DIRECT,0,57,0.24064,0.0041,0.0021,0.2116
10000,DIRECT,0,58,0.22016,0.0042,0.0019,0.213
10000,DIRECT,0,59,0.22016,0.0038,0.002,0.2095
10000,DIRECT,0,60,0.219136,0.0041,0.0021,0.2124
10000,DIRECT,0,61,0.227328,0.004,0.002,0.2103
10000,DIRECT,0,62,0.223232,0.0041,0.0019,0.2076
10000,DIRECT,0,63,0.216064,0.0042,0.0021,0.211
10000,DIRECT,0,64,0.219136,0.0041,0.002,0.2116
10000,DIRECT,0,65,0.218112,0.0043,0.0021,0.2077
10000,DIRECT,0,66,0.23552,0.0041,0.0019,0.2119
10000,DIRECT,0,67,0.222208,0.0039,0.002,0.2098
10000,DIRECT,0,68,0.219136,0.0041,0.002,0.2074
10000,DIRECT,0,69,0.226304,0.0044,0.0021,0.2107
10000,DIRECT,0,70,0.219136,0.004,0.002,0.21
10000,DIRECT,0,71,0.219136,0.004,0.002,0.2119
10000,DIRECT,0,72,0.217088,0.004,0.002,0.2077
10000,DIRECT,0,73,0.218112,0.0043,0.002,0.2099
10000,DIRECT,0,74,0.232448,0.0043,0.0023,0.2125
10000,DIRECT,0,75,0.218112,0.004,0.002,0.2075
10000,DIRECT,0,76,0.2304,0.0043,0.002,0.2102
10000,DIRECT,0,77,0.218112,0.0039,0.002,0.2114
10000,DIRECT,0,78,0.221184,0.0039,0.002,0.2089
10000,DIRECT,0,79,0.22016,0.0041,0.002,0.2115
10000,DIRECT,0,80,0.218112,0.0043,0.002,0.2118
10000,DIRECT,0,81,0.222208,0.004,0.0019,0.2092
10000,DIRECT,0,82,0.219136,0.004,0.002,0.2099
10000,DIRECT,0,83,0.26112,0.0038,0.0023,0.2192
10000,DIRECT,0,84,0.232448,0.0042,0.0025,0.213
10000,DIRECT,0,85,0.25088,0.0045,0.0039,0.2482
10000,DIRECT,0,86,0.500736,0.0049,0.0023,0.2126
10000,DIRECT,0,87,0.489472,0.004,0.0021,0.2092
10000,DIRECT,0,88,0.219136,0.0045,0.0022,0.2079
10000,DIRECT,0,89,0.221184,0.0042,0.002,0.2302
10000,DIRECT,0,90,0.344064,0.0054,0.0024,0.2182
10000,DIRECT,0,91,0.366592,0.0044,0.0023,0.2959
10000,DIRECT,0,92,0.500736,0.0041,0.0021,0.2129
10000,DIRECT,0,93,0.499712,0.0041,0.0023,0.2118
10000,DIRECT,0,94,0.346112,0.0045,0.002,0.216
10000,DIRECT,0,95,0.294912,0.0053,0.0021,0.2187
10000,DIRECT,0,96,0.249856,0.005,0.0026,0.213
10000,DIRECT,0,97,0.232448,0.0042,0.0024,0.2094
10000,DIRECT,0,98,0.221184,0.0041,0.002,0.2133
10000,DIRECT,0,99,0.218112,0.004,0.0021,0.2142
10000,DIRECT,0,100,0.218112,0.0042,0.002,0.209
10000,DIRECT,0,101,0.218112,0.0041,0.002,0.2122
10000,DIRECT,0,102,0.227328,0.0041,0.002,0.2117
10000,DIRECT,0,103,0.217088,0.004,0.002,0.2135
10000,DIRECT,0,104,0.237568,0.004,0.0025,0.214
10000,DIRECT,0,105,0.216064,0.0041,0.0021,0.2107
10000,DIRECT,0,106,0.223232,0.0041,0.002,0.2161
10000,DIRECT,0,107,0.22016,0.0039,0.002,0.2085
10000,DIRECT,0,108,0.224256,0.0041,0.0021,0.2252
10000,DIRECT,0,109,0.22528,0.004,0.0015,0.2124
10000,DIRECT,0,110,0.217088,0.0044,0.002,0.2142
10000,DIRECT,0,111,0.22528,0.004,0.002,0.2106
10000,DIRECT,0,112,0.217088,0.004,0.002,0.2164
10000,DIRECT,0,113,0.249856,0.0046,0.0032,0.208
10000,DIRECT,0,114,0.228352,0.0047,0.002,0.2128
10000,DIRECT,0,115,0.218112,0.0039,0.002,0.2126
10000,DIRECT,0,116,0.217088,0.004,0.0019,0.2139
10000,DIRECT,0,117,0.218112,0.004,0.0019,0.2099
10000,DIRECT,0,118,0.223232,0.0043,0.0019,0.2127
10000,DIRECT,0,119,0.217088,0.0039,0.002,0.2096
10000,DIRECT,1,0,0.643072,0.0048,0.0024,0.2109
10000,DIRECT,1,1,0.487424,0.004,0.002,0.2132
10000,DIRECT,1,2,0.217088,0.0048,0.0022,0.2118
10000,DIRECT,1,3,0.228352,0.0041,0.0021,0.2079
10000,DIRECT,1,4,0.28672,0.0044,0.002,0.2174
10000,DIRECT,1,5,0.31744,0.0043,0.0023,0.3194
10000,DIRECT,1,6,0.226304,0.0046,0.0021,0.2097
10000,DIRECT,1,7,0.22016,0.0042,0.0021,0.2118
10000,DIRECT,1,8,0.221184,0.0043,0.002,0.214
10000,DIRECT,1,9,0.221184,0.004,0.002,0.2087
10000,DIRECT,1,10,0.218112,0.0043,0.002,0.2142
10000,DIRECT,1,11,0.218112,0.0039,0.0021,0.2146
10000,DIRECT,1,12,0.2304,0.0042,0.0021,0.2191
10000,DIRECT,1,13,0.265216,0.0053,0.0024,0.2187
10000,DIRECT,1,14,0.233472,0.0042,0.0024,0.2116
10000,DIRECT,1,15,0.229376,0.0041,0.002,0.2127
10000,DIRECT,1,16,0.221184,0.0041,0.002,0.2088
10000,DIRECT,1,17,0.217088,0.0043,0.002,0.211
10000,DIRECT,1,18,0.219136,0.0042,0.002,0.2132
10000,DIRECT,1,19,0.224256,0.0039,0.002,0.2082
10000,DIRECT,1,20,0.217088,0.0041,0.002,0.2118
10000,DIRECT,1,21,0.222208,0.004,0.0025,0.2142
10000,DIRECT,1,22,0.229376,0.0041,0.002,0.208
10000,DIRECT,1,23,0.226304,0.0039,0.0021,0.2101
10000,DIRECT,1,24,0.22016,0.004,0.0021,0.212
10000,DIRECT,1,25,0.219136,0.0039,0.0021,0.2109
10000,DIRECT,1,26,0.218112,0.004,0.0021,0.2109
10000,DIRECT,1,27,0.218112,0.0039,0.002,0.2126
10000,DIRECT,1,28,0.217088,0.004,0.002,0.2093
10000,DIRECT,1,29,0.218112,0.004,0.0021,0.2094
10000,DIRECT,1,30,0.229376,0.0041,0.0031,0.3177
10000,DIRECT,1,31,0.229376,0.0054,0.0028,0.3439
10000,DIRECT,1,32,0.498688,0.0041,0.0027,0.209
10000,DIRECT,1,33,0.489472,0.0041,0.0022,0.2137
10000,DIRECT,1,34,0.231424,0.004,0.0024,0.2114
10000,DIRECT,1,35,0.22528,0.0041,0.002,0.2084
10000,DIRECT,1,36,0.23552,0.0043,0.002,0.2118
10000,DIRECT,1,37,0.355328,0.0046,0.0023,0.2157
10000,DIRECT,1,38,0.292864,0.004,0.0023,0.3803
10000,DIRECT,1,39,0.499712,0.0043,0.0024,0.2134
10000,DIRECT,1,40,0.248832,0.0047,0.003,0.3097
10000,DIRECT,1,41,0.219136,0.0053,0.0023,0.208
10000,DIRECT,1,42,0.219136,0.0042,0.0021,0.2112
10000,DIRECT,1,43,0.218112,0.0039,0.0021,0.2093
10000,DIRECT,1,44,0.218112,0.004,0.002,0.208
10000,DIRECT,1,45,0.217088,0.0042,0.002,0.2109
10000,DIRECT,1,46,0.221184,0.0042,0.0019,0.2109
10000,DIRECT,1,47,0.232448,0.0039,0.002,0.2111
10000,DIRECT,1,48,0.22528,0.0039,0.0058,0.3177
10000,DIRECT,1,49,0.224256,0.0072,0.0024,0.2127
10000,DIRECT,1,50,0.249856,0.0042,0.0023,0.2119
10000,DIRECT,1,51,0.218112,0.004,0.002,0.2108
10000,DIRECT,1,52,0.22016,0.0041,0.002,0.2128
10000,DIRECT,1,53,0.218112,0.0042,0.002,0.215
10000,DIRECT,1,54,0.22528,0.0039,0.002,0.2087
10000,DIRECT,1,55,0.219136,0.0039,0.002,0.2089
10000,DIRECT,1,56,0.217088,0.004,0.002,1.9844
10000,DIRECT,1,57,0.22528,0.0052,0.0026,0.2215
10000,DIRECT,1,58,0.22016,0.0044,0.002,0.2156
10000,DIRECT,1,59,0.218112,0.0048,0.002,0.2176
10000,DIRECT,1,60,0.218112,0.004,0.0022,0.2118
10000,DIRECT,1,61,0.228352,0.0042,0.002,0.2151
10000,DIRECT,1,62,0.237568,0.0041,0.002,0.2138
10000,DIRECT,1,63,0.22528,0.0039,0.002,0.2143
10000,DIRECT,1,64,0.22016,0.0041,0.002,0.2118
10000,DIRECT,1,65,0.219136,0.0041,0.002,0.2143
10000,DIRECT,1,66,0.22016,0.0041,0.0021,0.2126
10000,DIRECT,1,67,0.217088,0.0039,0.002,0.2107
10000,DIRECT,1,68,0.226304,0.0043,0.0021,0.214
10000,DIRECT,1,69,0.218112,0.0038,0.002,0.2136
10000,DIRECT,1,70,0.22528,0.0042,0.0032,0.2222
10000,DIRECT,1,71,0.232448,0.0044,0.0023,0.246
10000,DIRECT,1,72,0.25088,0.0044,0.0025,0.2366
10000,DIRECT,1,73,0.493568,0.004,0.0023,0.2122
10000,DIRECT,1,74,0.49664,0.0046,0.002,0.215
10000,DIRECT,1,75,0.224256,0.0045,0.0023,0.2119
10000,DIRECT,1,76,0.219136,0.0041,0.0022,0.211
10000,DIRECT,1,77,0.285696,0.004,0.0046,0.2337
10000,DIRECT,1,78,0.284672,0.0051,0.002,0.2131
10000,DIRECT,1,79,0.308224,0.0043,0.0022,0.2165
10000,DIRECT,1,80,0.217088,0.0041,0.002,0.2102
10000,DIRECT,1,81,0.219136,0.004,0.002,0.2116
10000,DIRECT,1,82,0.228352,0.0041,0.0021,0.216
10000,DIRECT,1,83,0.218112,0.0039,0.002,0.2105
10000,DIRECT,1,84,0.217088,0.0041,0.002,0.2123
10000,DIRECT,1,85,0.219136,0.0039,0.0078,0.2185
10000,DIRECT,1,86,0.251904,0.0043,0.0037,0.2868
10000,DIRECT,1,87,0.499712,0.0054,0.0024,0.2129
10000,DIRECT,1,88,0.49664,0.004,0.0022,0.2151
10000,DIRECT,1,89,0.24576,0.0041,0.0023,0.2175
10000,DIRECT,1,90,0.342016,0.0055,0.002,0.2172
10000,DIRECT,1,91,0.22016,0.0041,0.0021,0.214
10000,DIRECT,1,92,0.239616,0.004,0.0025,0.2122
10000,DIRECT,1,93,0.222208,0.0041,0.002,0.213
10000,DIRECT,1,94,0.228352,0.0041,0.0024,0.2149
10000,DIRECT,1,95,0.217088,0.004,0.0024,0.2133
10000,DIRECT,1,96,0.226304,0.0041,0.002,0.211
10000,DIRECT,1,97,0.217088,0.004,0.0021,0.2153
10000,DIRECT,1,98,0.219136,0.004,0.002,0.2129
10000,DIRECT,1,99,0.22528,0.004,0.002,0.211
10000,DIRECT,1,100,0.218112,0.0041,0.002,0.2305
10000,DIRECT,1,101,0.22528,0.005,0.0018,0.2128
10000,DIRECT,1,102,0.223232,0.0041,0.002,0.2125
10000,DIRECT,1,103,0.226304,0.0041,0.0021,0.2157
10000,DIRECT,1,104,0.22016,0.0041,0.002,0.216
10000,DIRECT,1,105,0.221184,0.0039,0.002,0.211
10000,DIRECT,1,106,0.22016,0.0042,0.002,0.2164
10000,DIRECT,1,107,0.224256,0.004,0.002,0.2144
10000,DIRECT,1,108,0.218112,0.0041,0.002,0.2112
10000,DIRECT,1,109,0.237568,0.004,0.0023,0.2189
10000,DIRECT,1,110,0.238592,0.0041,0.0024,0.2179
10000,DIRECT,1,111,0.50176,0.004,0.0023,0.2164
10000,DIRECT,1,112,0.490496,0.0041,0.0021,0.2107
10000,DIRECT,1,113,0.218112,0.0045,0.0023,0.2118
10000,DIRECT,1,114,0.219136,0.0042,0.002,0.2156
10000,DIRECT,1,115,0.277504,0.004,0.002,0.2106
10000,DIRECT,1,116,0.290816,0.0043,0.0024,0.2192
10000,DIRECT,1,117,0.254976,0.0041,0.0023,0.3665
10000,DIRECT,1,118,0.229376,0.0048,0.0018,0.2108
10000,DIRECT,1,119,0.218112,0.0041,0.0021,0.2152
10000,DIRECT,2,0,0.219136,0.0048,0.0027,0.2186
10000,DIRECT,2,1,0.227328,0.0041,0.0022,0.2122
10000,DIRECT,2,2,0.232448,0.0048,0.0021,0.215
10000,DIRECT,2,3,0.22016,0.004,0.0019,0.216
10000,DIRECT,2,4,0.222208,0.004,0.0019,0.2126
10000,DIRECT,2,5,0.221184,0.004,0.0022,0.2146
10000,DIRECT,2,6,0.218112,0.0041,0.0021,0.2156
10000,DIRECT,2,7,0.217088,0.004,0.002,0.2154
10000,DIRECT,2,8,0.218112,0.004,0.0019,0.2106
10000,DIRECT,2,9,0.22016,0.0042,0.0021,0.2164
10000,DIRECT,2,10,0.218112,0.0041,0.0021,0.2243
10000,DIRECT,2,11,0.249856,0.005,0.0023,0.2095
10000,DIRECT,2,12,0.226304,0.0041,0.0021,0.2137
10000,DIRECT,2,13,0.222208,0.0039,0.002,0.2123
10000,DIRECT,2,14,0.219136,0.0042,0.0021,0.21
10000,DIRECT,2,15,0.216064,0.0041,0.002,0.2146
10000,DIRECT,2,16,0.218112,0.0041,0.0024,0.2134
10000,DIRECT,2,17,0.217088,0.0041,0.0022,0.2102
10000,DIRECT,2,18,0.227328,0.0041,0.002,0.2142
10000,DIRECT,2,19,0.23552,0.0039,0.0022,0.2164
10000,DIRECT,2,20,0.219136,0.004,0.0022,0.2105
10000,DIRECT,2,21,0.219136,0.004,0.002,0.2136
10000,DIRECT,2,22,0.221184,0.004,0.0021,0.2164
10000,DIRECT,2,23,0.221184,0.004,0.002,0.2132
10000,DIRECT,2,24,0.22016,0.0039,0.002,0.2082
10000,DIRECT,2,25,0.223232,0.004,0.0021,0.2107
10000,DIRECT,2,26,0.219136,0.0041,0.0019,0.2128
10000,DIRECT,2,27,0.219136,0.0039,0.002,0.2096
10000,DIRECT,2,28,0.248832,0.0047,0.0023,0.2122
10000,DIRECT,2,29,0.232448,0.0044,0.0026,0.2134
10000,DIRECT,2,30,0.493568,0.004,0.0021,0.2106
10000,DIRECT,2,31,0.495616,0.004,0.0022,0.2122
10000,DIRECT,2,32,0.229376,0.0041,0.0022,0.213
10000,DIRECT,2,33,0.221184,0.0038,0.002,0.2083
10000,DIRECT,2,34,0.285696,0.0041,0.0021,0.2152
10000,DIRECT,2,35,0.34816,0.004,0.0024,0.2941
10000,DIRECT,2,36,0.246784,0.0044,0.0021,0.297
10000,DIRECT,2,37,0.223232,0.005,0.002,0.218
10000,DIRECT,2,38,0.222208,0.0042,0.0021,0.2196
10000,DIRECT,2,39,0.2304,0.0041,0.0022,0.2178
10000,DIRECT,2,40,0.22016,0.0041,0.0021,0.2144
10000,DIRECT,2,41,0.224256,0.0041,0.0022,0.2202
10000,DIRECT,2,42,0.251904,0.0041,0.0024,0.2174
10000,DIRECT,2,43,0.257024,0.0053,0.0024,0.2131
10000,DIRECT,2,44,0.229376,0.0054,0.0021,0.2181
10000,DIRECT,2,45,0.311296,0.0042,0.0018,0.2146
10000,DIRECT,2,46,0.238592,0.0043,0.0026,0.2112
10000,DIRECT,2,47,0.218112,0.0043,0.0021,0.2158
10000,DIRECT,2,48,0.218112,0.0041,0.0021,0.2127
10000,DIRECT,2,49,0.217088,0.004,0.0019,0.2104
10000,DIRECT,2,50,0.219136,0.0041,0.002,0.22
10000,DIRECT,2,51,0.249856,0.0049,0.0021,0.2132
10000,DIRECT,2,52,0.227328,0.0045,0.0021,0.2106
10000,DIRECT,2,53,0.227328,0.0041,0.002,0.214
10000,DIRECT,2,54,0.219136,0.0041,0.002,0.2124
10000,DIRECT,2,55,0.217088,0.004,0.002,0.2129
10000,DIRECT,2,56,0.218112,0.004,0.0021,0.2149
10000,DIRECT,2,57,0.217088,0.004,0.0019,0.2107
10000,DIRECT,2,58,0.218112,0.0041,0.0019,0.2126
10000,DIRECT,2,59,0.22016,0.004,0.0037,0.3112
10000,DIRECT,2,60,0.236544,0.0057,0.0021,0.2114
10000,DIRECT,2,61,0.219136,0.0041,0.002,0.2132
10000,DIRECT,2,62,0.22016,0.0041,0.0021,0.2092
10000,DIRECT,2,63,0.218112,0.004,0.002,0.2114
10000,DIRECT,2,64,0.22016,0.0041,0.0021,0.2122
10000,DIRECT,2,65,0.217088,0.0039,0.0021,0.2094
10000,DIRECT,2,66,0.217088,0.0041,0.0021,0.2123
10000,DIRECT,2,67,0.22528,0.0039,0.002,0.2121
10000,DIRECT,2,68,0.248832,0.0046,0.0024,0.209
10000,DIRECT,2,69,0.222208,0.004,0.0021,0.2099
10000,DIRECT,2,70,0.222208,0.0041,0.002,0.2128
10000,DIRECT,2,71,0.22016,0.0039,0.0021,0.2119
10000,DIRECT,2,72,0.219136,0.004,0.0021,0.2104
10000,DIRECT,2,73,0.218112,0.004,0.002,0.2117
10000,DIRECT,2,74,0.227328,0.004,0.002,0.2104
10000,DIRECT,2,75,0.216064,0.0039,0.002,0.2083
10000,DIRECT,2,76,0.217088,0.0041,0.002,0.2124
10000,DIRECT,2,77,0.236544,0.0039,0.0021,0.2109
10000,DIRECT,2,78,0.217088,0.004,0.002,0.2077
10000,DIRECT,2,79,0.218112,0.0039,0.002,0.2115
10000,DIRECT,2,80,0.219136,0.004,0.002,0.2102
10000,DIRECT,2,81,0.22528,0.0038,0.002,0.2072
10000,DIRECT,2,82,0.218112,0.0041,0.002,0.2116
10000,DIRECT,2,83,0.232448,0.0039,0.002,0.2123
10000,DIRECT,2,84,0.219136,0.004,0.002,0.2475
10000,DIRECT,2,85,0.226304,0.004,0.0023,0.2154
10000,DIRECT,2,86,0.22016,0.004,0.0019,0.2105
10000,DIRECT,2,87,0.222208,0.0039,0.0021,0.212
10000,DIRECT,2,88,0.226304,0.004,0.0021,0.2081
10000,DIRECT,2,89,0.218112,0.004,0.002,0.2106
10000,DIRECT,2,90,0.218112,0.004,0.002,0.2122
10000,DIRECT,2,91,0.217088,0.0039,0.002,0.2085
10000,DIRECT,2,92,0.217088,0.004,0.0021,0.2106
10000,DIRECT,2,93,0.217088,0.0039,0.0021,0.2111
10000,DIRECT,2,94,0.247808,0.0044,0.0023,0.2079
10000,DIRECT,2,95,0.246784,0.004,0.0025,0.2164
10000,DIRECT,2,96,0.495616,0.0041,0.0023,0.2151
10000,DIRECT,2,97,0.489472,0.0039,0.002,0.2079
10000,DIRECT,2,98,0.217088,0.0047,0.0022,0.2095
10000,DIRECT,2,99,0.218112,0.004,0.0019,0.2126
10000,DIRECT,2,100,0.2816,0.004,0.002,0.2093
10000,DIRECT,2,101,0.344064,0.004,0.0023,0.2156
10000,DIRECT,2,102,0.234496,0.0041,0.002,0.2114
10000,DIRECT,2,103,0.221184,0.0039,0.0019,0.2099
10000,DIRECT,2,104,0.219136,0.004,0.002,0.2082
10000,DIRECT,2,105,0.217088,0.004,0.002,0.2116
10000,DIRECT,2,106,0.218112,0.004,0.0021,0.2102
10000,DIRECT,2,107,0.217088,0.0039,0.002,0.2076
10000,DIRECT,2,108,0.224256,0.004,0.002,0.2117
10000,DIRECT,2,109,0.229376,0.004,0.0026,0.2186
10000,DIRECT,2,110,0.219136,0.0048,0.0025,0.2067
10000,DIRECT,2,111,0.22016,0.004,0.002,0.2175
10000,DIRECT,2,112,0.236544,0.004,0.002,0.2113
10000,DIRECT,2,113,0.219136,0.004,0.002,0.2075
10000,DIRECT,2,114,0.226304,0.0041,0.0019,0.2123
10000,DIRECT,2,115,0.217088,0.0039,0.002,0.2109
10000,DIRECT,2,116,0.226304,0.0041,0.002,0.2078
10000,DIRECT,2,117,0.217088,0.004,0.0021,0.2118
10000,DIRECT,2,118,0.23552,0.004,0.002,0.214
10000,DIRECT,2,119,0.248832,0.0042,0.0023,0.2126
65536,DEVICE_COPY,0,0,0.756736,0.0035,0.0022,1.3508
65536,DEVICE_COPY,0,1,0.774144,0.0046,0.002,1.3682
65536,DEVICE_COPY,0,2,0.763904,0.0044,0.0023,1.3417
65536,DEVICE_COPY,0,3,0.78336,0.0042,0.002,1.3413
65536,DEVICE_COPY,0,4,0.923648,0.0049,0.0025,1.3578
65536,DEVICE_COPY,0,5,0.760832,0.0045,0.0022,1.3688
65536,DEVICE_COPY,0,6,0.768,0.0045,0.0021,1.3548
65536,DEVICE_COPY,0,7,0.786432,0.0048,0.0018,1.3601
65536,DEVICE_COPY,0,8,0.761856,0.0043,0.002,1.3645
65536,DEVICE_COPY,0,9,0.765952,0.0043,0.0021,1.398
65536,DEVICE_COPY,0,10,0.774144,0.0046,0.0023,1.3808
65536,DEVICE_COPY,0,11,0.782336,0.0046,0.0021,3.3516
65536,DEVICE_COPY,0,12,0.774144,0.0062,0.0022,1.4685
65536,DEVICE_COPY,0,13,0.796672,0.0048,0.0022,1.3909
65536,DEVICE_COPY,0,14,0.760832,0.0047,0.0031,1.6379
65536,DEVICE_COPY,0,15,0.780288,0.0046,0.0031,1.4909
65536,DEVICE_COPY,0,16,0.77312,0.0047,0.0022,1.3925
65536,DEVICE_COPY,0,17,0.797696,0.0045,0.0022,1.3874
65536,DEVICE_COPY,0,18,0.848896,0.005,0.0025,1.3869
65536,DEVICE_COPY,0,19,0.772096,0.0046,0.0022,1.4182
65536,DEVICE_COPY,0,20,0.769024,0.0047,0.0021,1.3889
65536,DEVICE_COPY,0,21,0.780288,0.0046,0.0021,1.3998
65536,DEVICE_COPY,0,22,0.772096,0.0047,0.0021,1.3945
65536,DEVICE_COPY,0,23,0.782336,0.0048,0.0021,1.3993
65536,DEVICE_COPY,0,24,0.774144,0.0048,0.0021,1.3831
65536,DEVICE_COPY,0,25,0.779264,0.0047,0.0019,1.3823
65536,DEVICE_COPY,0,26,0.75776,0.0048,0.0021,1.3797
65536,DEVICE_COPY,0,27,0.777216,0.0046,0.0026,1.3845
65536,DEVICE_COPY,0,28,0.760832,0.0044,0.0027,1.6932
65536,DEVICE_COPY,0,29,0.774144,0.0045,0.0021,1.3769
65536,DEVICE_COPY,0,30,0.769024,0.0048,0.0022,1.4203
65536,DEVICE_COPY,0,31,0.894976,0.0048,0.0022,1.3901
65536,DEVICE_COPY,0,32,0.774144,0.0047,0.0024,1.3762
65536,DEVICE_COPY,0,33,0.790528,0.0045,0.002,1.3768
65536,DEVICE_COPY,0,34,0.789504,0.0049,0.0026,1.3801
65536,DEVICE_COPY,0,35,0.777216,0.0047,0.0019,1.4069
65536,DEVICE_COPY,0,36,0.768,0.006,0.002,1.3658
65536,DEVICE_COPY,0,37,0.77824,0.0045,0.0019,1.3643
65536,DEVICE_COPY,0,38,0.756736,0.0046,0.0022,1.365
65536,DEVICE_COPY,0,39,0.771072,0.0045,0.0021,1.3787
65536,DEVICE_COPY,0,40,0.75776,0.0046,0.0021,1.3674
65536,DEVICE_COPY,0,41,0.764928,0.0046,0.0022,1.3645
65536,DEVICE_COPY,0,42,0.75776,0.0045,0.0021,1.3623
65536,DEVICE_COPY,0,43,0.789504,0.0045,0.0022,1.3743
65536,DEVICE_COPY,0,44,0.786432,0.0045,0.0026,1.3764
65536,DEVICE_COPY,0,45,0.83456,0.0048,0.0051,1.4961
65536,DEVICE_COPY,0,46,1.452032,0.0062,0.0032,1.6968
65536,DEVICE_COPY,0,47,0.785408,0.0049,0.0022,1.3867
65536,DEVICE_COPY,0,48,0.766976,0.0046,0.0022,1.3889
65536,DEVICE_COPY,0,49,0.789504,0.0045,0.0019,1.3831
65536,DEVICE_COPY,0,50,0.761856,0.0048,0.0022,3.4312
65536,DEVICE_COPY,0,51,0.789504,0.0063,0.0022,1.3991
65536,DEVICE_COPY,0,52,0.781312,0.0049,0.0021,1.3956
65536,DEVICE_COPY,0,53,0.794624,0.0048,0.0023,1.4032
65536,DEVICE_COPY,0,54,0.776192,0.0053,0.0021,1.4068
65536,DEVICE_COPY,0,55,0.787456,0.0044,0.0023,1.3883
65536,DEVICE_COPY,0,56,0.774144,0.005,0.0019,1.3965
65536,DEVICE_COPY,0,57,0.816128,0.0047,0.0021,1.3872
65536,DEVICE_COPY,0,58,0.781312,0.0046,0.0022,1.4005
65536,DEVICE_COPY,0,59,1.102848,0.0044,0.0023,1.3918
65536,DEVICE_COPY,0,60,0.760832,0.0048,0.0021,1.4111
65536,DEVICE_COPY,0,61,0.77824,0.0046,0.0022,1.3969
65536,DEVICE_COPY,0,62,0.761856,0.0048,0.0022,1.3874
65536,DEVICE_COPY,0,63,0.781312,0.0048,0.002,1.3779
65536,DEVICE_COPY,0,64,0.775168,0.0047,0.0021,1.384
65536,DEVICE_COPY,0,65,0.791552,0.0047,0.002,1.3815
65536,DEVICE_COPY,0,66,0.758784,0.0052,0.0023,1.3774
65536,DEVICE_COPY,0,67,0.78336,0.0045,0.0019,1.3789
65536,DEVICE_COPY,0,68,0.771072,0.0048,0.0025,1.379
65536,DEVICE_COPY,0,69,0.78336,0.0046,0.0021,1.3746
65536,DEVICE_COPY,0,70,0.768,0.0048,0.0023,1.3834
65536,DEVICE_COPY,0,71,0.779264,0.0048,0.002,1.3864
65536,DEVICE_COPY,0,72,0.769024,0.0049,0.0021,1.3701
65536,DEVICE_COPY,0,73,0.776192,0.0055,0.0018,1.3725
65536,DEVICE_COPY,0,74,1.26976,0.0046,0.0023,1.3903
65536,DEVICE_COPY,0,75,0.777216,0.0046,0.0023,1.3992
65536,DEVICE_COPY,0,76,0.766976,0.0047,0.0021,1.3733
65536,DEVICE_COPY,0,77,0.775168,0.0045,0.0022,1.3818
65536,DEVICE_COPY,0,78,0.771072,0.0045,0.0021,1.374
65536,DEVICE_COPY,0,79,0.785408,0.0046,0.0024,1.3733
65536,DEVICE_COPY,0,80,0.775168,0.0053,0.0024,1.3686
65536,DEVICE_COPY,0,81,0.789504,0.0049,0.0024,1.367
65536,DEVICE_COPY,0,82,0.759808,0.0047,0.002,1.3803
65536,DEVICE_COPY,0,83,0.777216,0.0043,0.0023,1.3738
65536,DEVICE_COPY,0,84,0.771072,0.0044,0.002,1.375
65536,DEVICE_COPY,0,85,0.772096,0.0048,0.002,1.3638
65536,DEVICE_COPY,0,86,0.761856,0.0044,0.002,1.3669
65536,DEVICE_COPY,0,87,0.779264,0.0057,0.0019,1.3751
65536,DEVICE_COPY,0,88,0.764928,0.0045,0.0021,1.3765
65536,DEVICE_COPY,0,89,1.400832,0.0045,0.0021,3.8965
65536,DEVICE_COPY,0,90,0.7936,0.0068,0.0023,1.4323
65536,DEVICE_COPY,0,91,0.790528,0.0048,0.0024,1.3998
65536,DEVICE_COPY,0,92,0.766976,0.0047,0.0021,1.3889
65536,DEVICE_COPY,0,93,0.77824,0.0048,0.0021,1.3873
65536,DEVICE_COPY,0,94,0.76288,0.0045,0.0019,1.391
65536,DEVICE_COPY,0,95,0.780288,0.0051,0.002,1.3869
65536,DEVICE_COPY,0,96,0.761856,0.005,0.0021,1.3946
65536,DEVICE_COPY,0,97,0.780288,0.0048,0.002,1.3919
65536,DEVICE_COPY,0,98,0.780288,0.0047,0.0021,1.3908
65536,DEVICE_COPY,0,99,0.781312,0.0048,0.002,1.3908
65536,DEVICE_COPY,0,100,0.774144,0.0045,0.0026,1.3902
65536,DEVICE_COPY,0,101,0.780288,0.0047,0.002,1.3729
65536,DEVICE_COPY,0,102,0.761856,0.0047,0.0023,1.4187
65536,DEVICE_COPY,0,103,1.056768,0.0049,0.0023,1.3933
65536,DEVICE_COPY,0,104,0.761856,0.0049,0.0023,1.3852
65536,DEVICE_COPY,0,105,0.789504,0.0045,0.0019,1.389
65536,DEVICE_COPY,0,106,0.774144,0.0058,0.0024,1.3895
65536,DEVICE_COPY,0,107,0.785408,0.0046,0.0021,1.3819
65536,DEVICE_COPY,0,108,0.780288,0.0048,0.0021,1.3718
65536,DEVICE_COPY,0,109,0.777216,0.0047,0.002,1.3781
65536,DEVICE_COPY,0,110,0.756736,0.0047,0.002,1.3706
65536,DEVICE_COPY,0,111,0.770048,0.0047,0.0021,1.371
65536,DEVICE_COPY,0,112,0.75776,0.0046,0.002,1.3732
65536,DEVICE_COPY,0,113,0.764928,0.0046,0.0021,1.3644
65536,DEVICE_COPY,0,114,0.75776,0.0047,0.0019,1.3844
65536,DEVICE_COPY,0,115,0.78336,0.0052,0.002,1.3721
65536,DEVICE_COPY,0,116,0.771072,0.0048,0.0021,1.3674
65536,DEVICE_COPY,0,117,0.779264,0.0046,0.003,1.4836
65536,DEVICE_COPY,0,118,0.818176,0.0052,0.0024,1.3874
65536,DEVICE_COPY,0,119,0.781312,0.0045,0.0022,1.3661
65536,DEVICE_COPY,1,0,0.787456,0.0045,0.0043,1.3921
65536,DEVICE_COPY,1,1,0.80896,0.0056,0.0022,1.3773
65536,DEVICE_COPY,1,2,0.787456,0.005,0.0023,1.3898
65536,DEVICE_COPY,1,3,0.792576,0.0048,0.0022,1.3956
65536,DEVICE_COPY,1,4,0.777216,0.0048,0.0024,1.398
65536,DEVICE_COPY,1,5,0.77312,0.0047,0.0022,1.3885
65536,DEVICE_COPY,1,6,0.759808,0.0052,0.0021,1.374
65536,DEVICE_COPY,1,7,0.77824,0.0051,0.002,1.3865
65536,DEVICE_COPY,1,8,0.75776,0.0046,0.0021,3.5574
65536,DEVICE_COPY,1,9,0.787456,0.0063,0.0024,1.4049
65536,DEVICE_COPY,1,10,0.769024,0.0052,0.0022,1.4102
65536,DEVICE_COPY,1,11,1.333248,0.0053,0.0024,1.3953
65536,DEVICE_COPY,1,12,0.78336,0.0048,0.0023,1.4087
65536,DEVICE_COPY,1,13,0.78336,0.0044,0.002,1.3965
65536,DEVICE_COPY,1,14,0.765952,0.0053,0.0023,1.4058
65536,DEVICE_COPY,1,15,0.776192,0.0044,0.0041,1.4444
65536,DEVICE_COPY,1,16,0.772096,0.007,0.0025,1.4039
65536,DEVICE_COPY,1,17,0.794624,0.0048,0.0022,1.4152
65536,DEVICE_COPY,1,18,0.772096,0.0055,0.0022,1.4007
65536,DEVICE_COPY,1,19,0.774144,0.0047,0.002,1.4031
65536,DEVICE_COPY,1,20,0.758784,0.005,0.0021,1.3985
65536,DEVICE_COPY,1,21,0.771072,0.005,0.0022,1.4037
65536,DEVICE_COPY,1,22,0.76288,0.0053,0.0021,1.4033
65536,DEVICE_COPY,1,23,0.797696,0.0053,0.0021,1.3967
65536,DEVICE_COPY,1,24,0.770048,0.0047,0.0021,1.3872
65536,DEVICE_COPY,1,25,0.780288,0.0047,0.0023,1.4333
65536,DEVICE_COPY,1,26,1.07008,0.0047,0.0024,1.3955
65536,DEVICE_COPY,1,27,0.792576,0.0048,0.0023,1.3898
65536,DEVICE_COPY,1,28,0.77312,0.0052,0.0023,1.4
65536,DEVICE_COPY,1,29,0.792576,0.0054,0.0025,1.3908
65536,DEVICE_COPY,1,30,0.774144,0.0048,0.0022,1.3904
65536,DEVICE_COPY,1,31,0.782336,0.0047,0.0019,1.3894
65536,DEVICE_COPY,1,32,0.769024,0.0048,0.0021,1.3885
65536,DEVICE_COPY,1,33,0.781312,0.0045,0.0019,1.3872
65536,DEVICE_COPY,1,34,0.77312,0.0047,0.0023,1.4205
65536,DEVICE_COPY,1,35,0.791552,0.005,0.0019,1.3904
65536,DEVICE_COPY,1,36,0.759808,0.005,0.0021,1.3893
65536,DEVICE_COPY,1,37,0.784384,0.0046,0.0022,1.3979
65536,DEVICE_COPY,1,38,0.756736,0.0047,0.0024,1.3981
65536,DEVICE_COPY,1,39,0.79872,0.0048,0.0021,1.389
65536,DEVICE_COPY,1,40,0.779264,0.0047,0.0023,1.4014
65536,DEVICE_COPY,1,41,0.811008,0.0049,0.0023,1.4339
65536,DEVICE_COPY,1,42,0.779264,0.0053,0.0027,1.4596
65536,DEVICE_COPY,1,43,0.7936,0.0045,0.0019,1.4029
65536,DEVICE_COPY,1,44,0.772096,0.0051,0.0021,1.3923
65536,DEVICE_COPY,1,45,0.770048,0.0045,0.0021,1.4056
65536,DEVICE_COPY,1,46,0.771072,0.0049,0.002,1.3877
65536,DEVICE_COPY,1,47,0.781312,0.0044,0.0019,4.6265
65536,DEVICE_COPY,1,48,0.769024,0.0063,0.0025,3.6201
65536,DEVICE_COPY,1,49,0.772096,0.005,0.0021,3.4183
65536,DEVICE_COPY,1,50,0.859136,0.0047,0.0021,3.6177
65536,DEVICE_COPY,1,51,1.504256,0.0056,0.0022,3.4821
65536,DEVICE_COPY,1,52,0.768,0.0044,0.002,3.684
65536,DEVICE_COPY,1,53,0.790528,0.0046,0.0019,3.3166
65536,DEVICE_COPY,1,54,0.77312,0.0046,0.002,3.6426
65536,DEVICE_COPY,1,55,0.789504,0.0046,0.0019,3.3
65536,DEVICE_COPY,1,56,0.771072,0.0048,0.0018,3.7401
65536,DEVICE_COPY,1,57,0.784384,0.0047,0.0022,3.3174
65536,DEVICE_COPY,1,58,0.779264,0.0046,0.0019,4.3399
65536,DEVICE_COPY,1,59,0.786432,0.0049,0.0023,4.137
65536,DEVICE_COPY,1,60,0.771072,0.0054,0.0025,4.6648
65536,DEVICE_COPY,1,61,0.790528,0.0048,0.0019,2.0695
65536,DEVICE_COPY,1,62,0.774144,0.0049,0.002,1.3826
65536,DEVICE_COPY,1,63,0.772096,0.0047,0.0021,1.3873
65536,DEVICE_COPY,1,64,0.76288,0.0048,0.0021,1.4698
65536,DEVICE_COPY,1,65,0.781312,0.0046,0.0021,1.3863
65536,DEVICE_COPY,1,66,0.769024,0.0049,0.002,1.3836
65536,DEVICE_COPY,1,67,0.78336,0.0045,0.0022,1.3888
65536,DEVICE_COPY,1,68,0.780288,0.0045,0.0022,1.3961
65536,DEVICE_COPY,1,69,0.779264,0.0045,0.0024,1.3911
65536,DEVICE_COPY,1,70,0.804864,0.0047,0.0023,1.3906
65536,DEVICE_COPY,1,71,0.78848,0.0046,0.0024,1.3801
65536,DEVICE_COPY,1,72,0.781312,0.0048,0.0022,1.4536
65536,DEVICE_COPY,1,73,0.784384,0.0073,0.0022,1.3886
65536,DEVICE_COPY,1,74,0.765952,0.0046,0.002,1.4202
65536,DEVICE_COPY,1,75,0.782336,0.0052,0.0019,1.3761
65536,DEVICE_COPY,1,76,0.760832,0.0047,0.0021,1.3761
65536,DEVICE_COPY,1,77,0.77312,0.0046,0.0021,1.3718
65536,DEVICE_COPY,1,78,0.761856,0.0046,0.0019,1.3688
65536,DEVICE_COPY,1,79,0.770048,0.0044,0.0021,1.3679
65536,DEVICE_COPY,1,80,0.758784,0.0048,0.002,1.3666
65536,DEVICE_COPY,1,81,0.774144,0.0044,0.0021,1.3787
65536,DEVICE_COPY,1,82,0.786432,0.0049,0.0027,1.43
65536,DEVICE_COPY,1,83,0.790528,0.0051,0.0022,1.3691
65536,DEVICE_COPY,1,84,0.758784,0.005,0.003,1.6276
65536,DEVICE_COPY,1,85,0.774144,0.0047,0.0033,1.4689
65536,DEVICE_COPY,1,86,0.772096,0.0053,0.002,1.365
65536,DEVICE_COPY,1,87,0.777216,0.0045,0.0019,1.3763
65536,DEVICE_COPY,1,88,0.776192,0.0046,0.0021,1.3668
65536,DEVICE_COPY,1,89,0.771072,0.0044,0.0022,1.3766
65536,DEVICE_COPY,1,90,0.772096,0.0046,0.002,1.3662
65536,DEVICE_COPY,1,91,0.77824,0.0046,0.0019,1.3708
65536,DEVICE_COPY,1,92,0.75776,0.0046,0.0021,1.3649
65536,DEVICE_COPY,1,93,0.770048,0.0046,0.0023,1.3652
65536,DEVICE_COPY,1,94,0.756736,0.0047,0.002,3.4335
65536,DEVICE_COPY,1,95,0.780288,0.0061,0.0025,1.4152
65536,DEVICE_COPY,1,96,0.770048,0.0046,0.0021,1.3834
65536,DEVICE_COPY,1,97,0.785408,0.0047,0.0019,1.3787
65536,DEVICE_COPY,1,98,0.772096,0.0047,0.0031,1.5728
65536,DEVICE_COPY,1,99,0.78336,0.0048,0.0024,1.4008
65536,DEVICE_COPY,1,100,0.776192,0.0045,0.0024,1.3922
65536,DEVICE_COPY,1,101,0.781312,0.0046,0.0019,1.382
65536,DEVICE_COPY,1,102,0.781312,0.0045,0.0022,1.3805
65536,DEVICE_COPY,1,103,0.775168,0.0054,0.0022,1.3843
65536,DEVICE_COPY,1,104,0.771072,0.0046,0.0021,1.382
65536,DEVICE_COPY,1,105,0.77824,0.0045,0.002,1.396
65536,DEVICE_COPY,1,106,0.75776,0.0046,0.002,1.3747
65536,DEVICE_COPY,1,107,0.80896,0.0048,0.0023,1.3727
65536,DEVICE_COPY,1,108,0.769024,0.0046,0.0021,1.3752
65536,DEVICE_COPY,1,109,0.77824,0.0044,0.0021,1.3738
65536,DEVICE_COPY,1,110,0.763904,0.0049,0.002,1.3746
65536,DEVICE_COPY,1,111,0.77824,0.0043,0.0032,1.3818
65536,DEVICE_COPY,1,112,0.786432,0.0054,0.0021,1.3683
65536,DEVICE_COPY,1,113,0.80384,0.0043,0.0023,1.3719
65536,DEVICE_COPY,1,114,0.771072,0.0048,0.0021,1.3812
65536,DEVICE_COPY,1,115,0.792576,0.0044,0.0023,1.3722
65536,DEVICE_COPY,1,116,0.774144,0.0046,0.0022,1.408
65536,DEVICE_COPY,1,117,0.799744,0.0069,0.0024,1.3687
65536,DEVICE_COPY,1,118,0.768,0.0047,0.002,1.3837
65536,DEVICE_COPY,1,119,0.782336,0.0045,0.0019,1.3621
65536,DEVICE_COPY,2,0,0.786432,0.0047,0.0022,1.3764
65536,DEVICE_COPY,2,1,0.77824,0.0049,0.0021,1.3781
65536,DEVICE_COPY,2,2,0.761856,0.0046,0.0024,1.3757
65536,DEVICE_COPY,2,3,0.77824,0.0045,0.002,1.371
65536,DEVICE_COPY,2,4,0.756736,0.0049,0.0021,1.38
65536,DEVICE_COPY,2,5,0.772096,0.0043,0.0021,1.4559
65536,DEVICE_COPY,2,6,0.768,0.0051,0.0023,1.3642
65536,DEVICE_COPY,2,7,0.77824,0.0045,0.0019,1.3719
65536,DEVICE_COPY,2,8,1.26976,0.0051,0.0024,1.3712
65536,DEVICE_COPY,2,9,0.777216,0.0043,0.0022,1.3889
65536,DEVICE_COPY,2,10,0.769024,0.0047,0.002,1.3662
65536,DEVICE_COPY,2,11,0.796672,0.0046,0.0023,1.3838
65536,DEVICE_COPY,2,12,0.774144,0.0056,0.0021,1.3662
65536,DEVICE_COPY,2,13,0.784384,0.0046,0.003,1.4396
65536,DEVICE_COPY,2,14,0.78336,0.0046,0.002,1.3662
65536,DEVICE_COPY,2,15,0.77824,0.0049,0.0023,1.3713
65536,DEVICE_COPY,2,16,0.771072,0.0046,0.002,1.361
65536,DEVICE_COPY,2,17,0.77824,0.0043,0.0024,1.373
65536,DEVICE_COPY,2,18,0.760832,0.0047,0.002,1.3774
65536,DEVICE_COPY,2,19,0.771072,0.0043,0.0022,1.3699
65536,DEVICE_COPY,2,20,0.758784,0.0044,0.002,1.3721
65536,DEVICE_COPY,2,21,0.780288,0.0044,0.002,3.1898
65536,DEVICE_COPY,2,22,1.278976,0.0071,0.0028,1.3886
65536,DEVICE_COPY,2,23,0.774144,0.0145,0.002,1.3947
65536,DEVICE_COPY,2,24,0.771072,0.0049,0.0021,1.3925
65536,DEVICE_COPY,2,25,0.795648,0.0046,0.002,1.3861
65536,DEVICE_COPY,2,26,0.794624,0.0047,0.0022,1.383
65536,DEVICE_COPY,2,27,0.777216,0.0046,0.0023,1.38
65536,DEVICE_COPY,2,28,0.775168,0.0045,0.0021,1.3705
65536,DEVICE_COPY,2,29,0.779264,0.0044,0.0023,1.3732
65536,DEVICE_COPY,2,30,0.771072,0.0048,0.0021,1.3782
65536,DEVICE_COPY,2,31,0.790528,0.0045,0.0024,1.384
65536,DEVICE_COPY,2,32,0.774144,0.0045,0.0021,1.3758
65536,DEVICE_COPY,2,33,0.782336,0.005,0.0021,1.3812
65536,DEVICE_COPY,2,34,0.761856,0.0054,0.0022,1.3768
65536,DEVICE_COPY,2,35,0.779264,0.0053,0.002,1.3731
65536,DEVICE_COPY,2,36,0.760832,0.0045,0.002,1.3731
65536,DEVICE_COPY,2,37,1.506304,0.0049,0.0022,1.7183
65536,DEVICE_COPY,2,38,0.77312,0.0046,0.0021,1.3652
65536,DEVICE_COPY,2,39,0.786432,0.0045,0.002,1.3645
65536,DEVICE_COPY,2,40,0.774144,0.0047,0.0023,1.385
65536,DEVICE_COPY,2,41,0.782336,0.005,0.0019,1.3943
65536,DEVICE_COPY,2,42,0.785408,0.0057,0.0024,1.3645
65536,DEVICE_COPY,2,43,0.78336,0.0046,0.0019,1.3751
65536,DEVICE_COPY,2,44,0.761856,0.0047,0.002,1.3702
65536,DEVICE_COPY,2,45,0.772096,0.0046,0.0021,1.3885
65536,DEVICE_COPY,2,46,0.75776,0.0046,0.0019,1.3633
65536,DEVICE_COPY,2,47,0.769024,0.0043,0.0021,1.3716
65536,DEVICE_COPY,2,48,0.75776,0.0044,0.0021,1.3663
65536,DEVICE_COPY,2,49,0.78848,0.0045,0.0023,1.3798
65536,DEVICE_COPY,2,50,0.78336,0.0054,0.002,1.4006
65536,DEVICE_COPY,2,51,1.13152,0.0059,0.0022,1.3822
65536,DEVICE_COPY,2,52,1.179648,0.0051,0.0023,1.4199
65536,DEVICE_COPY,2,53,0.791552,0.005,0.0023,1.3905
65536,DEVICE_COPY,2,54,0.77824,0.0049,0.0021,1.3886
65536,DEVICE_COPY,2,55,0.779264,0.0045,0.002,1.3893
65536,DEVICE_COPY,2,56,0.76288,0.0046,0.0018,1.3948
65536,DEVICE_COPY,2,57,0.780288,0.0046,0.0019,1.3843
65536,DEVICE_COPY,2,58,0.761856,0.0047,0.002,1.3796
65536,DEVICE_COPY,2,59,0.780288,0.0046,0.0019,1.377
65536,DEVICE_COPY,2,60,0.77312,0.0046,0.0029,1.4339
65536,DEVICE_COPY,2,61,0.779264,0.0047,0.0023,1.3837
65536,DEVICE_COPY,2,62,0.78336,0.005,0.0024,1.3721
65536,DEVICE_COPY,2,63,0.77824,0.0048,0.002,1.3742
65536,DEVICE_COPY,2,64,0.776192,0.0046,0.0023,1.3746
65536,DEVICE_COPY,2,65,0.782336,0.0046,0.0019,1.3647
65536,DEVICE_COPY,2,66,0.759808,0.0045,0.0022,1.4212
65536,DEVICE_COPY,2,67,0.81408,0.0049,0.0026,1.4096
65536,DEVICE_COPY,2,68,0.77824,0.0056,0.0021,3.3408
65536,DEVICE_COPY,2,69,0.79872,0.0071,0.0025,1.4083
65536,DEVICE_COPY,2,70,0.776192,0.0049,0.0021,1.6603
65536,DEVICE_COPY,2,71,0.7936,0.0074,0.0023,1.3926
65536,DEVICE_COPY,2,72,0.765952,0.0051,0.0021,1.3926
65536,DEVICE_COPY,2,73,0.779264,0.0046,0.002,1.3913
65536,DEVICE_COPY,2,74,0.769024,0.0047,0.0024,1.3921
65536,DEVICE_COPY,2,75,0.77824,0.0045,0.0021,1.3853
65536,DEVICE_COPY,2,76,0.768,0.0047,0.0023,1.3828
65536,DEVICE_COPY,2,77,0.782336,0.0046,0.0022,1.4121
65536,DEVICE_COPY,2,78,0.766976,0.0055,0.0021,1.374
65536,DEVICE_COPY,2,79,0.781312,0.0046,0.0019,1.369
65536,DEVICE_COPY,2,80,0.832512,0.005,0.0024,1.3818
65536,DEVICE_COPY,2,81,0.776192,0.0045,0.0022,1.41
65536,DEVICE_COPY,2,82,0.779264,0.0048,0.002,1.3834
65536,DEVICE_COPY,2,83,0.781312,0.0046,0.002,1.3742
65536,DEVICE_COPY,2,84,0.760832,0.0047,0.0021,1.3904
65536,DEVICE_COPY,2,85,0.77824,0.0046,0.0021,1.3746
65536,DEVICE_COPY,2,86,0.76288,0.0049,0.002,1.3746
65536,DEVICE_COPY,2,87,0.77824,0.0046,0.002,1.3759
65536,DEVICE_COPY,2,88,0.766976,0.0046,0.0023,1.3715
65536,DEVICE_COPY,2,89,0.77312,0.0046,0.0022,1.3683
65536,DEVICE_COPY,2,90,0.760832,0.005,0.002,1.3636
65536,DEVICE_COPY,2,91,0.790528,0.0047,0.0025,1.3793
65536,DEVICE_COPY,2,92,0.77312,0.0049,0.002,1.3656
65536,DEVICE_COPY,2,93,0.771072,0.0045,0.0023,1.3651
65536,DEVICE_COPY,2,94,0.758784,0.0047,0.002,1.3669
65536,DEVICE_COPY,2,95,0.791552,0.0046,0.0076,1.5079
65536,DEVICE_COPY,2,96,0.763904,0.0145,0.0025,1.3885
65536,DEVICE_COPY,2,97,0.787456,0.0089,0.0021,1.3684
65536,DEVICE_COPY,2,98,0.776192,0.0057,0.002,1.3858
65536,DEVICE_COPY,2,99,0.785408,0.0052,0.0018,1.4073
65536,DEVICE_COPY,2,100,0.763904,0.0054,0.0021,1.4159
65536,DEVICE_COPY,2,101,0.785408,0.0054,0.002,1.4051
65536,DEVICE_COPY,2,102,0.761856,0.005,0.0021,1.4103
65536,DEVICE_COPY,2,103,0.776192,0.0046,0.002,1.4073
65536,DEVICE_COPY,2,104,0.764928,0.0049,0.0019,1.399
65536,DEVICE_COPY,2,105,0.771072,0.0048,0.0021,1.3974
65536,DEVICE_COPY,2,106,0.75776,0.0047,0.0023,1.3991
65536,DEVICE_COPY,2,107,0.774144,0.0047,0.0021,1.4025
65536,DEVICE_COPY,2,108,0.768,0.005,0.0023,1.3989
65536,DEVICE_COPY,2,109,0.794624,0.0045,0.0021,1.4001
65536,DEVICE_COPY,2,110,0.842752,0.0051,0.0023,1.4087
65536,DEVICE_COPY,2,111,0.764928,0.0047,0.0022,1.4178
65536,DEVICE_COPY,2,112,0.769024,0.0051,0.0021,1.4019
65536,DEVICE_COPY,2,113,0.782336,0.0047,0.0021,1.4089
65536,DEVICE_COPY,2,114,0.770048,0.0048,0.0021,1.3971
65536,DEVICE_COPY,2,115,0.77312,0.0045,0.0022,3.173
65536,DEVICE_COPY,2,116,0.779264,0.0064,0.0026,1.4408
65536,DEVICE_COPY,2,117,0.782336,0.0047,0.0019,1.4277
65536,DEVICE_COPY,2,118,0.76288,0.005,0.0021,1.4225
65536,DEVICE_COPY,2,119,0.771072,0.0047,0.002,1.4131
65536,DIRECT,0,0,2.449408,0.0044,0.003,1.4647
65536,DIRECT,0,1,1.467392,0.0052,0.002,1.3513
65536,DIRECT,0,2,1.48992,0.0044,0.0024,1.4402
65536,DIRECT,0,3,1.437696,0.0048,0.0022,1.378
65536,DIRECT,0,4,1.41824,0.0044,0.002,1.3485
65536,DIRECT,0,5,1.404928,0.0046,0.0026,1.6404
65536,DIRECT,0,6,1.427456,0.0044,0.0023,1.3442
65536,DIRECT,0,7,1.395712,0.0042,0.002,1.6992
65536,DIRECT,0,8,1.41312,0.0045,0.0026,1.5798
65536,DIRECT,0,9,1.430528,0.0049,0.0017,1.3407
65536,DIRECT,0,10,1.396736,0.0051,0.0029,1.6832
65536,DIRECT,0,11,1.916928,0.0055,0.0028,1.4882
65536,DIRECT,0,12,1.410048,0.0049,0.0019,1.3514
65536,DIRECT,0,13,1.54112,0.0047,0.0024,1.3765
65536,DIRECT,0,14,1.422336,0.0054,0.0023,1.3663
65536,DIRECT,0,15,1.42336,0.0042,0.002,1.3807
65536,DIRECT,0,16,1.43872,0.0053,0.002,1.3591
65536,DIRECT,0,17,1.409024,0.0044,0.0031,1.6675
65536,DIRECT,0,18,1.395712,0.0043,0.0026,1.6397
65536,DIRECT,0,19,1.416192,0.0045,0.002,1.4029
65536,DIRECT,0,20,1.436672,0.0045,0.0023,1.3535
65536,DIRECT,0,21,1.401856,0.0044,0.002,1.6939
65536,DIRECT,0,22,2.179072,0.0041,0.0028,1.4857
65536,DIRECT,0,23,1.414144,0.0058,0.002,1.7388
65536,DIRECT,0,24,1.470464,0.0062,0.0023,1.4386
65536,DIRECT,0,25,1.44384,0.0043,0.003,1.6341
65536,DIRECT,0,26,1.393664,0.0044,0.0022,1.3573
65536,DIRECT,0,27,1.409024,0.0043,0.0026,1.6882
65536,DIRECT,0,28,1.436672,0.0045,0.0023,1.3536
65536,DIRECT,0,29,1.396736,0.0043,0.0021,1.6758
65536,DIRECT,0,30,1.401856,0.0043,0.0026,1.6641
65536,DIRECT,0,31,1.422336,0.0049,0.002,1.3704
65536,DIRECT,0,32,1.44384,0.0044,0.0025,1.3839
65536,DIRECT,0,33,1.793024,0.0047,0.0024,1.5006
65536,DIRECT,0,34,1.403904,0.0055,0.002,1.3571
65536,DIRECT,0,35,1.486848,0.0046,0.0025,1.4585
65536,DIRECT,0,36,1.410048,0.004,0.0021,1.3622
65536,DIRECT,0,37,1.412096,0.0043,0.0021,1.3477
65536,DIRECT,0,38,1.431552,0.0046,0.002,1.6979
65536,DIRECT,0,39,1.427456,0.0043,0.0023,1.374
65536,DIRECT,0,40,1.405952,0.0046,0.002,1.6818
65536,DIRECT,0,41,1.412096,0.0041,0.0026,1.6905
65536,DIRECT,0,42,1.4336,0.0043,0.0023,3.763
65536,DIRECT,0,43,2.127872,0.0088,0.0025,4.4697
65536,DIRECT,0,44,1.4592,0.0054,0.0023,4.6431
65536,DIRECT,0,45,1.41824,0.005,0.0019,5.0874
65536,DIRECT,0,46,1.44384,0.0047,0.0022,4.6909
65536,DIRECT,0,47,1.403904,0.0047,0.0028,5.8824
65536,DIRECT,0,48,2.42176,0.0054,0.0026,4.992
65536,DIRECT,0,49,1.453056,0.0047,0.0024,5.4789
65536,DIRECT,0,50,1.39264,0.0054,0.0024,5.3158
65536,DIRECT,0,51,1.401856,0.0045,0.0024,4.8301
65536,DIRECT,0,52,1.424384,0.0048,0.0024,5.2258
65536,DIRECT,0,53,1.611776,0.0047,0.0023,5.2784
65536,DIRECT,0,54,1.417216,0.0056,0.0021,4.5126
65536,DIRECT,0,55,1.388544,0.0048,0.0021,4.848
65536,DIRECT,0,56,2.512896,0.0049,0.0031,4.8372
65536,DIRECT,0,57,1.444864,0.0051,0.0025,4.6505
65536,DIRECT,0,58,1.852416,0.0051,0.0025,4.716
65536,DIRECT,0,59,1.482752,0.0057,0.0024,2.6421
65536,DIRECT,0,60,1.46944,0.0048,0.0023,1.4303
65536,DIRECT,0,61,1.404928,0.0048,0.0021,1.4323
65536,DIRECT,0,62,1.40288,0.0049,0.0021,1.425
65536,DIRECT,0,63,1.436672,0.0043,0.0023,1.4271
65536,DIRECT,0,64,1.405952,0.0045,0.0031,1.5383
65536,DIRECT,0,65,1.405952,0.0053,0.0027,1.682
65536,DIRECT,0,66,1.409024,0.0047,0.0021,1.4133
65536,DIRECT,0,67,1.456128,0.0044,0.0024,1.4594
65536,DIRECT,0,68,1.693696,0.0054,0.0033,1.5595
65536,DIRECT,0,69,1.400832,0.0042,0.0021,1.397
65536,DIRECT,0,70,1.45408,0.0045,0.002,1.4101
65536,DIRECT,0,71,1.429504,0.005,0.0023,1.4049
65536,DIRECT,0,72,1.411072,0.0045,0.0021,1.3877
65536,DIRECT,0,73,1.412096,0.0042,0.0028,1.6888
65536,DIRECT,0,74,1.42848,0.0043,0.0023,1.384
65536,DIRECT,0,75,1.393664,0.0042,0.0028,1.6717
65536,DIRECT,0,76,1.406976,0.0045,0.0021,1.3817
65536,DIRECT,0,77,1.435648,0.0044,0.0028,1.6756
65536,DIRECT,0,78,1.441792,0.0045,0.0024,1.4083
65536,DIRECT,0,79,1.598464,0.0054,0.0022,1.3867
65536,DIRECT,0,80,1.410048,0.0045,0.0021,1.3743
65536,DIRECT,0,81,1.456128,0.004,0.0024,1.3791
65536,DIRECT,0,82,1.396736,0.0042,0.0021,1.7604
65536,DIRECT,0,83,1.404928,0.0048,0.0029,1.6448
65536,DIRECT,0,84,1.409024,0.0044,0.0019,1.3644
65536,DIRECT,0,85,1.42848,0.0044,0.0023,1.3629
65536,DIRECT,0,86,1.394688,0.0042,0.0021,1.6954
65536,DIRECT,0,87,1.411072,0.0042,0.0026,1.6847
65536,DIRECT,0,88,1.4336,0.0048,0.0024,1.3582
65536,DIRECT,0,89,1.403904,0.0045,0.0031,1.7116
65536,DIRECT,0,90,1.498112,0.0055,0.0026,1.389
65536,DIRECT,0,91,1.414144,0.0053,0.0019,1.3697
65536,DIRECT,0,92,1.430528,0.0042,0.0023,1.3653
65536,DIRECT,0,93,1.405952,0.0041,0.002,1.5171
65536,DIRECT,0,94,1.412096,0.0053,0.0019,1.6897
65536,DIRECT,0,95,1.42848,0.0045,0.0027,1.6441
65536,DIRECT,0,96,1.42848,0.0041,0.0023,1.3523
65536,DIRECT,0,97,1.400832,0.0047,0.0026,1.6757
65536,DIRECT,0,98,1.401856,0.004,0.0027,1.636
65536,DIRECT,0,99,1.426432,0.0042,0.0023,1.3407
65536,DIRECT,0,100,1.398784,0.0042,0.0026,3.7801
65536,DIRECT,0,101,1.593344,0.0064,0.0022,1.3826
65536,DIRECT,0,102,1.431552,0.0043,0.002,1.6758
65536,DIRECT,0,103,1.406976,0.0051,0.0019,1.3932
65536,DIRECT,0,104,1.440768,0.0049,0.002,1.3843
65536,DIRECT,0,105,1.430528,0.0043,0.0023,1.3683
65536,DIRECT,0,106,1.399808,0.0043,0.0026,1.6503
65536,DIRECT,0,107,1.408,0.0047,0.002,1.3738
65536,DIRECT,0,108,1.430528,0.0042,0.0024,1.3626
65536,DIRECT,0,109,1.430528,0.0043,0.0023,1.3691
65536,DIRECT,0,110,1.408,0.0043,0.0019,1.6901
65536,DIRECT,0,111,1.665024,0.0044,0.0024,1.4242
65536,DIRECT,0,112,1.713152,0.0045,0.002,1.377
65536,DIRECT,0,113,1.405952,0.0044,0.0027,1.6396
65536,DIRECT,0,114,1.42336,0.0056,0.0019,1.3605
65536,DIRECT,0,115,1.462272,0.0042,0.0022,1.3678
65536,DIRECT,0,116,1.400832,0.0043,0.002,1.6999
65536,DIRECT,0,117,1.403904,0.0043,0.0026,1.6543
65536,DIRECT,0,118,1.410048,0.0043,0.0019,1.355
65536,DIRECT,0,119,1.420288,0.0041,0.0024,1.3625
65536,DIRECT,1,0,1.45408,0.0044,0.0023,1.457
65536,DIRECT,1,1,1.553408,0.0045,0.0025,1.4237
65536,DIRECT,1,2,1.405952,0.0055,0.002,1.3636
65536,DIRECT,1,3,1.436672,0.004,0.0023,1.3757
65536,DIRECT,1,4,1.401856,0.0044,0.002,1.6717
65536,DIRECT,1,5,1.519616,0.0067,0.003,1.5656
65536,DIRECT,1,6,1.426432,0.0049,0.0022,1.6969
65536,DIRECT,1,7,1.41824,0.005,0.0025,1.379
65536,DIRECT,1,8,1.405952,0.0048,0.0034,1.9086
65536,DIRECT,1,9,1.412096,0.0044,0.0028,1.6208
65536,DIRECT,1,10,1.42848,0.0053,0.0023,1.3811
65536,DIRECT,1,11,1.403904,0.0042,0.0031,1.6449
65536,DIRECT,1,12,1.504256,0.0045,0.0025,1.6897
65536,DIRECT,1,13,1.524736,0.0054,0.0024,1.7574
65536,DIRECT,1,14,1.472512,0.0057,0.0024,1.4685
65536,DIRECT,1,15,1.50016,0.0053,0.0025,1.4909
65536,DIRECT,1,16,1.405952,0.0049,0.0024,1.4029
65536,DIRECT,1,17,1.42336,0.0043,0.0021,1.7271
65536,DIRECT,1,18,1.426432,0.0044,0.0023,1.3834
65536,DIRECT,1,19,1.395712,0.0042,0.002,1.7234
65536,DIRECT,1,20,1.404928,0.0047,0.0027,1.7027
65536,DIRECT,1,21,1.410048,0.0044,0.0022,1.378
65536,DIRECT,1,22,1.458176,0.0044,0.0024,1.3838
65536,DIRECT,1,23,1.60768,0.0048,0.0022,1.4391
65536,DIRECT,1,24,1.404928,0.0053,0.002,1.3819
65536,DIRECT,1,25,1.476608,0.0043,0.0023,1.4153
65536,DIRECT,1,26,1.40288,0.0044,0.0021,1.7008
65536,DIRECT,1,27,1.420288,0.0057,0.0049,1.6671
65536,DIRECT,1,28,1.451008,0.0049,0.0022,1.384
65536,DIRECT,1,29,1.473536,0.0047,0.0034,1.5194
65536,DIRECT,1,30,1.403904,0.0049,0.0021,1.386
65536,DIRECT,1,31,1.404928,0.0044,0.0026,1.698
65536,DIRECT,1,32,1.425408,0.0044,0.002,1.3873
65536,DIRECT,1,33,1.435648,0.0042,0.0035,1.6896
65536,DIRECT,1,34,1.533952,0.0044,0.0025,1.4623
65536,DIRECT,1,35,1.408,0.0053,0.0019,1.3891
65536,DIRECT,1,36,1.487872,0.0044,0.0024,1.5527
65536,DIRECT,1,37,1.463296,0.0055,0.0024,3.9059
65536,DIRECT,1,38,1.543168,0.0068,0.0026,1.4524
65536,DIRECT,1,39,2.028544,0.0048,0.0022,1.6668
65536,DIRECT,1,40,1.859584,0.0057,0.0023,1.4281
65536,DIRECT,1,41,1.406976,0.0046,0.002,1.7378
65536,DIRECT,1,42,1.646592,0.0048,0.0027,1.6169
65536,DIRECT,1,43,1.485824,0.0046,0.0024,1.4752
65536,DIRECT,1,44,1.564672,0.0062,0.0026,1.4399
65536,DIRECT,1,45,1.401856,0.0046,0.0021,1.4251
65536,DIRECT,1,46,1.601536,0.005,0.0025,1.5819
65536,DIRECT,1,47,1.494016,0.0057,0.0024,1.4263
65536,DIRECT,1,48,1.389568,0.0049,0.0021,1.7376
65536,DIRECT,1,49,1.415168,0.0045,0.002,1.792
65536,DIRECT,1,50,2.700288,0.0057,0.0037,1.4549
65536,DIRECT,1,51,1.455104,0.0066,0.0019,1.802
65536,DIRECT,1,52,1.54624,0.0058,0.0022,1.4347
65536,DIRECT,1,53,1.470464,0.0046,0.0026,1.4344
65536,DIRECT,1,54,1.63328,0.0047,0.0023,1.447
65536,DIRECT,1,55,1.408,0.0044,0.002,1.4199
65536,DIRECT,1,56,1.543168,0.0049,0.0023,1.5421
65536,DIRECT,1,57,1.659904,0.0056,0.003,1.6334
65536,DIRECT,1,58,1.395712,0.0053,0.002,1.4366
65536,DIRECT,1,59,1.410048,0.0044,0.0021,1.4198
65536,DIRECT,1,60,1.44384,0.0049,0.0022,1.4131
65536,DIRECT,1,61,1.39776,0.0046,0.002,1.4032
65536,DIRECT,1,62,1.406976,0.0046,0.002,1.3975
65536,DIRECT,1,63,1.668096,0.005,0.0023,1.4358
65536,DIRECT,1,64,1.80736,0.0045,0.0032,1.5174
65536,DIRECT,1,65,1.649664,0.0059,0.0025,1.4502
65536,DIRECT,1,66,1.445888,0.005,0.0024,1.4091
65536,DIRECT,1,67,1.431552,0.0062,0.0023,1.4025
65536,DIRECT,1,68,1.42336,0.0046,0.0022,1.3968
65536,DIRECT,1,69,1.405952,0.0046,0.002,1.3884
65536,DIRECT,1,70,1.949696,0.005,0.0024,1.383
65536,DIRECT,1,71,1.864704,0.0043,0.0028,1.6333
65536,DIRECT,1,72,1.47456,0.0041,0.0023,1.3813
65536,DIRECT,1,73,1.398784,0.0042,0.002,1.5917
65536,DIRECT,1,74,1.876992,0.0081,0.0023,1.8338
65536,DIRECT,1,75,2.666496,0.0053,0.0026,1.5878
65536,DIRECT,1,76,2.542592,0.0055,0.0029,1.492
65536,DIRECT,1,77,1.410048,0.0044,0.0022,1.7383
65536,DIRECT,1,78,1.452032,0.0044,0.0023,1.7232
65536,DIRECT,1,79,1.42336,0.0046,0.0031,1.6635
65536,DIRECT,1,80,1.40288,0.0045,0.002,1.3871
65536,DIRECT,1,81,1.417216,0.0044,0.0026,1.6701
65536,DIRECT,1,82,1.651712,0.0044,0.0024,1.3802
65536,DIRECT,1,83,1.75104,0.0041,0.0023,1.384
65536,DIRECT,1,84,1.403904,0.0048,0.002,1.6359
65536,DIRECT,1,85,2.691072,0.0066,0.0042,1.4091
65536,DIRECT,1,86,1.405952,0.005,0.0021,1.3895
65536,DIRECT,1,87,1.473536,0.0043,0.0024,1.4188
65536,DIRECT,1,88,1.404928,0.004,0.002,1.3916
65536,DIRECT,1,89,2.134016,0.0052,0.0022,1.4055
65536,DIRECT,1,90,1.41312,0.0044,0.002,1.3699
65536,DIRECT,1,91,1.466368,0.0042,0.0023,1.4077
65536,DIRECT,1,92,1.393664,0.004,0.0019,1.382
65536,DIRECT,1,93,1.419264,0.0051,0.0019,1.3787
65536,DIRECT,1,94,1.425408,0.0045,0.0024,1.602
65536,DIRECT,1,95,1.408,0.0045,0.0021,3.2743
65536,DIRECT,1,96,1.824768,0.0063,0.0028,1.4421
65536,DIRECT,1,97,1.429504,0.0061,0.0021,1.418
65536,DIRECT,1,98,1.4848,0.005,0.0021,1.3891
65536,DIRECT,1,99,1.475584,0.0045,0.0023,1.3865
65536,DIRECT,1,100,1.425408,0.0043,0.0029,1.5195
65536,DIRECT,1,101,1.403904,0.0045,0.0028,1.5312
65536,DIRECT,1,102,1.943552,0.0054,0.0023,1.3758
65536,DIRECT,1,103,1.752064,0.0041,0.0022,1.3811
65536,DIRECT,1,104,1.417216,0.0047,0.0025,1.3805
65536,DIRECT,1,105,1.403904,0.0041,0.0019,1.7116
65536,DIRECT,1,106,2.51392,0.0047,0.0023,1.4055
65536,DIRECT,1,107,1.421312,0.0041,0.0019,1.3722
65536,DIRECT,1,108,1.494016,0.0043,0.0024,1.5566
65536,DIRECT,1,109,1.804288,0.0056,0.0033,1.5065
65536,DIRECT,1,110,1.411072,0.0052,0.002,1.3866
65536,DIRECT,1,111,1.412096,0.0041,0.0021,1.3752
65536,DIRECT,1,112,1.425408,0.0042,0.0023,1.3685
65536,DIRECT,1,113,1.399808,0.004,0.0027,1.669
65536,DIRECT,1,114,1.440768,0.0043,0.0022,1.3678
65536,DIRECT,1,115,1.457152,0.0041,0.0024,1.4689
65536,DIRECT,1,116,1.662976,0.0049,0.0027,1.5683
65536,DIRECT,1,117,1.987584,0.0043,0.0021,1.3815
65536,DIRECT,1,118,1.409024,0.0044,0.002,1.6988
65536,DIRECT,1,119,1.466368,0.0041,0.0019,1.3778
65536,DIRECT,2,0,1.458176,0.0047,0.0021,1.3703
65536,DIRECT,2,1,1.396736,0.0044,0.0021,1.7195
65536,DIRECT,2,2,1.601536,0.0042,0.0021,1.6157
65536,DIRECT,2,3,1.412096,0.005,0.0019,1.3695
65536,DIRECT,2,4,1.488896,0.0043,0.0023,1.5095
65536,DIRECT,2,5,1.396736,0.0048,0.0019,1.3843
65536,DIRECT,2,6,1.440768,0.0051,0.0027,1.4649
65536,DIRECT,2,7,1.503232,0.0053,0.0025,1.3816
65536,DIRECT,2,8,1.588224,0.0052,0.0023,1.4277
65536,DIRECT,2,9,2.289664,0.0055,0.0037,1.5847
65536,DIRECT,2,10,1.408,0.0055,0.0019,1.3873
65536,DIRECT,2,11,1.439744,0.0043,0.0027,1.6131
65536,DIRECT,2,12,1.462272,0.0046,0.0024,1.3703
65536,DIRECT,2,13,1.400832,0.0045,0.002,1.3773
65536,DIRECT,2,14,1.406976,0.0053,0.0026,1.6746
65536,DIRECT,2,15,1.50528,0.0043,0.0024,1.374
65536,DIRECT,2,16,1.62304,0.0047,0.0023,1.6439
65536,DIRECT,2,17,1.404928,0.0046,0.0022,1.7726
65536,DIRECT,2,18,2.61632,0.0053,0.0022,1.4667
65536,DIRECT,2,19,1.403904,0.0054,0.0022,1.7081
65536,DIRECT,2,20,1.410048,0.0048,0.002,1.3866
65536,DIRECT,2,21,1.434624,0.0042,0.0023,1.4336
65536,DIRECT,2,22,1.503232,0.0048,0.0022,1.438
65536,DIRECT,2,23,1.404928,0.0054,0.0049,1.7418
65536,DIRECT,2,24,1.453056,0.0045,0.0024,1.3845
65536,DIRECT,2,25,1.394688,0.0043,0.0027,1.6909
65536,DIRECT,2,26,1.403904,0.0044,0.0021,1.3816
65536,DIRECT,2,27,1.417216,0.004,0.0022,1.3788
65536,DIRECT,2,28,1.430528,0.0044,0.0045,1.3837
65536,DIRECT,2,29,1.54624,0.0044,0.0025,1.7391
65536,DIRECT,2,30,1.414144,0.0049,0.003,1.6512
65536,DIRECT,2,31,1.519616,0.005,0.0027,1.3824
65536,DIRECT,2,32,1.458176,0.0059,0.0035,1.6632
65536,DIRECT,2,33,1.400832,0.005,0.0031,2.2717
65536,DIRECT,2,34,1.396736,0.0054,0.0032,1.6415
65536,DIRECT,2,35,1.958912,0.0048,0.0023,1.3784
65536,DIRECT,2,36,1.88416,0.0044,0.0027,1.5079
65536,DIRECT,2,37,1.455104,0.0051,0.0025,1.3843
65536,DIRECT,2,38,1.41312,0.0045,0.0026,1.6908
65536,DIRECT,2,39,2.231296,0.0045,0.0022,1.407
65536,DIRECT,2,40,1.41824,0.0045,0.0019,1.7306
65536,DIRECT,2,41,1.692672,0.0048,0.0023,1.3842
65536,DIRECT,2,42,1.711104,0.0052,0.0024,1.3781
65536,DIRECT,2,43,1.400832,0.0044,0.0019,1.3951
65536,DIRECT,2,44,1.415168,0.0051,0.0019,1.3692
65536,DIRECT,2,45,1.427456,0.0041,0.0026,1.3838
65536,DIRECT,2,46,1.406976,0.0043,0.0023,1.3748
65536,DIRECT,2,47,1.410048,0.0046,0.002,1.7044
65536,DIRECT,2,48,1.64352,0.0042,0.0024,1.3659
65536,DIRECT,2,49,1.641472,0.0043,0.0025,1.6401
65536,DIRECT,2,50,1.82784,0.0052,0.0023,1.7222
65536,DIRECT,2,51,1.441792,0.0053,0.0021,1.5142
65536,DIRECT,2,52,1.457152,0.0052,0.0022,1.389
65536,DIRECT,2,53,1.437696,0.0051,0.0023,1.3819
65536,DIRECT,2,54,1.39776,0.0046,0.0022,1.7055
65536,DIRECT,2,55,2.371584,0.005,0.0028,1.4888
65536,DIRECT,2,56,1.415168,0.0052,0.0019,1.7211
65536,DIRECT,2,57,1.4592,0.0044,0.0023,1.38
65536,DIRECT,2,58,1.391616,0.0046,0.002,1.4339
65536,DIRECT,2,59,1.399808,0.0049,0.0019,1.3654
65536,DIRECT,2,60,1.637376,0.0044,0.0024,1.3697
65536,DIRECT,2,61,1.662976,0.0043,0.0023,1.5554
65536,DIRECT,2,62,1.72544,0.0055,0.0027,1.5468
65536,DIRECT,2,63,1.408,0.005,0.002,1.4025
65536,DIRECT,2,64,1.453056,0.0043,0.0022,1.3768
65536,DIRECT,2,65,1.419264,0.0041,0.0023,1.3741
65536,DIRECT,2,66,1.399808,0.0044,0.0027,1.679
65536,DIRECT,2,67,1.409024,0.0041,0.0026,1.6407
65536,DIRECT,2,68,1.63328,0.0042,0.0023,1.3606
65536,DIRECT,2,69,1.670144,0.0042,0.0027,1.4161
65536,DIRECT,2,70,1.401856,0.0051,0.0019,1.3809
65536,DIRECT,2,71,1.702912,0.0051,0.0025,1.5098
65536,DIRECT,2,72,1.651712,0.0043,0.0022,1.3757
65536,DIRECT,2,73,1.426432,0.0041,0.0015,1.3808
65536,DIRECT,2,74,1.452032,0.0051,0.0024,1.5083
65536,DIRECT,2,75,1.703936,0.0053,0.0026,1.4847
65536,DIRECT,2,76,1.681408,0.0047,0.0022,1.3885
65536,DIRECT,2,77,1.40288,0.0043,0.002,1.5651
65536,DIRECT,2,78,1.414144,0.0052,0.002,1.7071
65536,DIRECT,2,79,1.467392,0.0047,0.0023,1.3903
65536,DIRECT,2,80,1.40288,0.0043,0.0031,1.7212
65536,DIRECT,2,81,1.403904,0.0044,0.0031,1.6732
65536,DIRECT,2,82,1.939456,0.0042,0.0024,1.3772
65536,DIRECT,2,83,1.871872,0.0042,0.0038,1.6971
65536,DIRECT,2,84,1.549312,0.0049,0.0022,1.3809
65536,DIRECT,2,85,1.39776,0.0043,0.0019,1.3821
65536,DIRECT,2,86,1.412096,0.0062,0.0027,1.6768
65536,DIRECT,2,87,1.426432,0.0047,0.0021,1.3706
65536,DIRECT,2,88,1.410048,0.0045,0.0028,1.6715
65536,DIRECT,2,89,1.403904,0.0042,0.0031,1.6367
65536,DIRECT,2,90,1.417216,0.0042,0.002,1.3601
65536,DIRECT,2,91,1.437696,0.0041,0.0022,2.3107
65536,DIRECT,2,92,1.449984,0.0051,0.0024,1.3773
65536,DIRECT,2,93,1.51552,0.0044,0.0022,1.6215
65536,DIRECT,2,94,1.398784,0.0052,0.002,1.6919
65536,DIRECT,2,95,1.4848,0.0044,0.0024,1.3806
65536,DIRECT,2,96,1.405952,0.0043,0.0031,1.684
65536,DIRECT,2,97,1.399808,0.0041,0.0019,1.3672
65536,DIRECT,2,98,1.414144,0.0041,0.0027,1.6701
65536,DIRECT,2,99,1.435648,0.004,0.0025,1.3646
65536,DIRECT,2,100,1.393664,0.0041,0.0029,1.6847
65536,DIRECT,2,101,1.410048,0.0045,0.0026,1.6361
65536,DIRECT,2,102,1.421312,0.0041,0.002,1.3577
65536,DIRECT,2,103,1.427456,0.004,0.0023,1.3902
65536,DIRECT,2,104,1.62304,0.0044,0.0024,1.4421
65536,DIRECT,2,105,1.416192,0.0051,0.0027,1.6559
65536,DIRECT,2,106,1.463296,0.0043,0.0024,1.3774
65536,DIRECT,2,107,1.390592,0.004,0.0026,1.4113
65536,DIRECT,2,108,1.410048,0.0051,0.0019,1.6857
65536,DIRECT,2,109,1.406976,0.0042,0.0026,1.6453
65536,DIRECT,2,110,1.426432,0.0041,0.0023,1.3563
65536,DIRECT,2,111,1.410048,0.004,0.0021,1.3632
65536,DIRECT,2,112,1.41312,0.0042,0.002,1.6794
65536,DIRECT,2,113,1.427456,0.004,0.0023,1.3493
65536,DIRECT,2,114,1.393664,0.0043,0.002,1.6873
65536,DIRECT,2,115,1.696768,0.0043,0.0021,1.3698
65536,DIRECT,2,116,1.414144,0.0042,0.0027,1.6532
65536,DIRECT,2,117,1.461248,0.004,0.0023,1.3609
65536,DIRECT,2,118,1.39776,0.0042,0.002,1.3678
65536,DIRECT,2,119,1.405952,0.0048,0.0019,1.6863
131072,DEVICE_COPY,0,0,1.558528,0.0042,0.0016,2.8221
131072,DEVICE_COPY,0,1,1.544192,0.0056,0.0024,3.0901
131072,DEVICE_COPY,0,2,1.5616,0.0053,0.0023,3.0315
131072,DEVICE_COPY,0,3,1.54624,0.0058,0.0023,2.7146
131072,DEVICE_COPY,0,4,2.087936,0.006,0.0024,2.7503
131072,DEVICE_COPY,0,5,1.564672,0.0059,0.0023,2.7507
131072,DEVICE_COPY,0,6,1.560576,0.0056,0.0023,2.7513
131072,DEVICE_COPY,0,7,1.514496,0.0049,0.0024,2.7732
131072,DEVICE_COPY,0,8,1.568768,0.0051,0.003,2.7534
131072,DEVICE_COPY,0,9,1.575936,0.0047,0.0024,2.7534
131072,DEVICE_COPY,0,10,1.579008,0.0049,0.0022,2.7514
131072,DEVICE_COPY,0,11,1.548288,0.0051,0.003,3.0457
131072,DEVICE_COPY,0,12,1.549312,0.0051,0.0021,2.7475
131072,DEVICE_COPY,0,13,1.543168,0.0048,0.002,2.7367
131072,DEVICE_COPY,0,14,2.545664,0.0056,0.0028,3.6569
131072,DEVICE_COPY,0,15,1.538048,0.0081,0.0026,2.7558
131072,DEVICE_COPY,0,16,1.575936,0.0055,0.0023,2.7421
131072,DEVICE_COPY,0,17,1.564672,0.0048,0.0024,2.7497
131072,DEVICE_COPY,0,18,1.568768,0.0049,0.0024,2.9579
131072,DEVICE_COPY,0,19,1.54624,0.0077,0.0024,2.7377
131072,DEVICE_COPY,0,20,1.577984,0.0054,0.0023,3.0977
131072,DEVICE_COPY,0,21,2.541568,0.0048,0.0031,2.85
131072,DEVICE_COPY,0,22,1.553408,0.0051,0.0023,2.744
131072,DEVICE_COPY,0,23,1.563648,0.0048,0.0021,2.7518
131072,DEVICE_COPY,0,24,1.583104,0.0052,0.0027,3.0564
131072,DEVICE_COPY,0,25,1.558528,0.0047,0.0024,2.7378
131072,DEVICE_COPY,0,26,1.580032,0.0045,0.0023,2.7317
131072,DEVICE_COPY,0,27,1.557504,0.0046,0.0023,2.7242
131072,DEVICE_COPY,0,28,1.931264,0.0047,0.0023,2.7312
131072,DEVICE_COPY,0,29,1.534976,0.0049,0.0022,2.7884
131072,DEVICE_COPY,0,30,1.577984,0.0072,0.0022,3.0533
131072,DEVICE_COPY,0,31,1.545216,0.0045,0.002,2.7097
131072,DEVICE_COPY,0,32,1.55648,0.0049,0.002,3.0331
131072,DEVICE_COPY,0,33,1.548288,0.0048,0.0019,2.7131
131072,DEVICE_COPY,0,34,1.560576,0.0051,0.0019,3.0516
131072,DEVICE_COPY,0,35,1.548288,0.0046,0.002,2.7206
131072,DEVICE_COPY,0,36,1.54624,0.0049,0.0019,3.053
131072,DEVICE_COPY,0,37,1.55648,0.0046,0.0054,2.7691
131072,DEVICE_COPY,0,38,1.562624,0.0055,0.0024,2.787
131072,DEVICE_COPY,0,39,1.560576,0.0048,0.0023,2.7804
131072,DEVICE_COPY,0,40,1.568768,0.005,0.0023,2.78
131072,DEVICE_COPY,0,41,1.549312,0.0048,0.0023,2.7909
131072,DEVICE_COPY,0,42,1.572864,0.0054,0.0023,2.7805
131072,DEVICE_COPY,0,43,2.480128,0.0052,0.0024,3.1566
131072,DEVICE_COPY,0,44,1.542144,0.0047,0.002,3.2622
131072,DEVICE_COPY,0,45,1.569792,0.0056,0.0021,2.8043
131072,DEVICE_COPY,0,46,1.565696,0.0051,0.002,3.1283
131072,DEVICE_COPY,0,47,1.548288,0.0049,0.0023,2.7828
131072,DEVICE_COPY,0,48,1.560576,0.0052,0.0023,2.7842
131072,DEVICE_COPY,0,49,1.549312,0.0049,0.0024,2.7797
131072,DEVICE_COPY,0,50,2.151424,0.005,0.0024,2.8178
131072,DEVICE_COPY,0,51,1.52064,0.0048,0.002,3.1413
131072,DEVICE_COPY,0,52,1.560576,0.0047,0.002,2.7947
131072,DEVICE_COPY,0,53,1.552384,0.0046,0.0028,3.0809
131072,DEVICE_COPY,0,54,1.563648,0.0048,0.0022,2.7672
131072,DEVICE_COPY,0,55,1.54624,0.005,0.0027,3.0424
131072,DEVICE_COPY,0,56,1.564672,0.0048,0.0021,2.771
131072,DEVICE_COPY,0,57,1.553408,0.0049,0.0023,2.8032
131072,DEVICE_COPY,0,58,1.53088,0.0053,0.0022,2.8154
131072,DEVICE_COPY,0,59,1.588224,0.0056,0.0025,2.7812
131072,DEVICE_COPY,0,60,1.568768,0.0048,0.0024,2.8027
131072,DEVICE_COPY,0,61,1.572864,0.0049,0.0024,2.7875
131072,DEVICE_COPY,0,62,1.559552,0.0048,0.0024,2.7747
131072,DEVICE_COPY,0,63,1.5616,0.0047,0.0021,2.7866
131072,DEVICE_COPY,0,64,1.559552,0.0054,0.0019,2.7778
131072,DEVICE_COPY,0,65,2.852864,0.0052,0.0033,3.1713
131072,DEVICE_COPY,0,66,1.548288,0.0049,0.002,2.8015
131072,DEVICE_COPY,0,67,1.581056,0.0047,0.0032,3.1027
131072,DEVICE_COPY,0,68,1.569792,0.0055,0.0023,2.7791
131072,DEVICE_COPY,0,69,1.548288,0.0048,0.0023,2.7724
131072,DEVICE_COPY,0,70,1.569792,0.005,0.0023,2.7838
131072,DEVICE_COPY,0,71,1.545216,0.0048,0.0024,3.0992
131072,DEVICE_COPY,0,72,2.854912,0.0048,0.003,3.0968
131072,DEVICE_COPY,0,73,1.518592,0.0053,0.002,3.2472
131072,DEVICE_COPY,0,74,1.588224,0.0056,0.0025,2.7722
131072,DEVICE_COPY,0,75,1.569792,0.005,0.0023,2.7765
131072,DEVICE_COPY,0,76,1.558528,0.0052,0.0023,2.7615
131072,DEVICE_COPY,0,77,1.549312,0.0054,0.0024,2.7857
131072,DEVICE_COPY,0,78,1.573888,0.0052,0.0022,2.7662
131072,DEVICE_COPY,0,79,2.05312,0.0053,0.0026,2.8095
131072,DEVICE_COPY,0,80,1.540096,0.0053,0.0021,2.7837
131072,DEVICE_COPY,0,81,1.55136,0.005,0.0021,3.0787
131072,DEVICE_COPY,0,82,1.558528,0.0052,0.002,2.7762
131072,DEVICE_COPY,0,83,1.544192,0.0051,0.0021,3.1017
131072,DEVICE_COPY,0,84,1.554432,0.0057,0.0021,2.7667
131072,DEVICE_COPY,0,85,1.557504,0.0053,0.0021,2.7566
131072,DEVICE_COPY,0,86,2.349056,0.0054,0.0022,2.8075
131072,DEVICE_COPY,0,87,1.529856,0.0053,0.0023,2.758
131072,DEVICE_COPY,0,88,1.590272,0.005,0.0024,2.7597
131072,DEVICE_COPY,0,89,1.562624,0.0049,0.0024,2.7974
131072,DEVICE_COPY,0,90,1.567744,0.005,0.0022,2.75
131072,DEVICE_COPY,0,91,1.54624,0.0049,0.0021,2.7475
131072,DEVICE_COPY,0,92,1.55648,0.0055,0.002,2.7568
131072,DEVICE_COPY,0,93,2.834432,0.0054,0.0031,3.0409
131072,DEVICE_COPY,0,94,1.528832,0.0055,0.0028,3.0881
131072,DEVICE_COPY,0,95,1.573888,0.0059,0.0026,2.7594
131072,DEVICE_COPY,0,96,1.574912,0.005,0.0023,2.749
131072,DEVICE_COPY,0,97,1.554432,0.005,0.0023,2.7561
131072,DEVICE_COPY,0,98,1.558528,0.0055,0.0022,2.7734
131072,DEVICE_COPY,0,99,1.553408,0.0055,0.0023,2.75
131072,DEVICE_COPY,0,100,2.394112,0.0049,0.0031,3.2017
131072,DEVICE_COPY,0,101,1.513472,0.0048,0.0021,3.1026
131072,DEVICE_COPY,0,102,1.572864,0.0054,0.0023,3.499
131072,DEVICE_COPY,0,103,1.554432,0.0058,0.0024,2.7955
131072,DEVICE_COPY,0,104,1.562624,0.0048,0.0023,2.7766
131072,DEVICE_COPY,0,105,1.560576,0.0051,0.0025,2.8109
131072,DEVICE_COPY,0,106,1.57184,0.005,0.0024,2.7681
131072,DEVICE_COPY,0,107,2.059264,0.0048,0.0024,2.8426
131072,DEVICE_COPY,0,108,1.537024,0.0058,0.002,2.7889
131072,DEVICE_COPY,0,109,1.55648,0.0048,0.0021,3.106
131072,DEVICE_COPY,0,110,1.557504,0.005,0.0021,2.7829
131072,DEVICE_COPY,0,111,1.558528,0.0049,0.0028,3.0996
131072,DEVICE_COPY,0,112,1.564672,0.0054,0.002,2.7935
131072,DEVICE_COPY,0,113,1.554432,0.0049,0.0021,2.7891
131072,DEVICE_COPY,0,114,1.595392,0.0053,0.0023,2.8421
131072,DEVICE_COPY,0,115,1.53088,0.0055,0.0024,2.785
131072,DEVICE_COPY,0,116,1.57184,0.0049,0.0024,2.7804
131072,DEVICE_COPY,0,117,1.563648,0.005,0.0023,2.7747
131072,DEVICE_COPY,0,118,1.572864,0.0047,0.0023,2.7701
131072,DEVICE_COPY,0,119,1.548288,0.0049,0.0023,2.7679
131072,DEVICE_COPY,1,0,1.573888,0.005,0.0022,2.8093
131072,DEVICE_COPY,1,1,1.560576,0.0074,0.0027,2.8438
131072,DEVICE_COPY,1,2,1.808384,0.0075,0.0029,2.8744
131072,DEVICE_COPY,1,3,1.55648,0.0055,0.0022,2.8585
131072,DEVICE_COPY,1,4,1.57184,0.0059,0.0031,3.0465
131072,DEVICE_COPY,1,5,1.577984,0.0064,0.0026,2.8195
131072,DEVICE_COPY,1,6,1.586176,0.0055,0.0025,2.8161
131072,DEVICE_COPY,1,7,1.573888,0.0052,0.0025,2.8037
131072,DEVICE_COPY,1,8,1.56672,0.0055,0.0024,2.7995
131072,DEVICE_COPY,1,9,2.46784,0.0057,0.0023,3.1501
131072,DEVICE_COPY,1,10,1.543168,0.0057,0.0021,2.8071
131072,DEVICE_COPY,1,11,1.564672,0.005,0.0028,3.6876
131072,DEVICE_COPY,1,12,1.569792,0.0063,0.0024,2.8154
131072,DEVICE_COPY,1,13,1.563648,0.0051,0.0024,2.8001
131072,DEVICE_COPY,1,14,1.583104,0.0052,0.0023,2.8266
131072,DEVICE_COPY,1,15,1.5616,0.0063,0.0023,2.8589
131072,DEVICE_COPY,1,16,2.932736,0.0067,0.0025,2.9147
131072,DEVICE_COPY,1,17,1.528832,0.006,0.0021,2.8775
131072,DEVICE_COPY,1,18,1.583104,0.006,0.002,2.8453
131072,DEVICE_COPY,1,19,1.554432,0.0052,0.0021,2.8284
131072,DEVICE_COPY,1,20,1.58208,0.0054,0.0024,2.81
131072,DEVICE_COPY,1,21,1.714176,0.005,0.0024,2.8053
131072,DEVICE_COPY,1,22,1.595392,0.0055,0.0024,2.809
131072,DEVICE_COPY,1,23,1.590272,0.0053,0.0023,2.8575
131072,DEVICE_COPY,1,24,1.568768,0.0054,0.0024,2.8419
131072,DEVICE_COPY,1,25,1.596416,0.0054,0.0026,2.8231
131072,DEVICE_COPY,1,26,1.586176,0.0059,0.0021,2.7955
131072,DEVICE_COPY,1,27,1.569792,0.0051,0.002,2.7902
131072,DEVICE_COPY,1,28,1.573888,0.0051,0.0021,2.782
131072,DEVICE_COPY,1,29,1.558528,0.0051,0.002,3.1214
131072,DEVICE_COPY,1,30,1.588224,0.0057,0.002,2.7775
131072,DEVICE_COPY,1,31,1.529856,0.0051,0.0031,3.0786
131072,DEVICE_COPY,1,32,1.605632,0.0053,0.0023,2.7793
131072,DEVICE_COPY,1,33,1.58208,0.0059,0.0025,2.7691
131072,DEVICE_COPY,1,34,1.601536,0.0054,0.0023,2.7598
131072,DEVICE_COPY,1,35,1.57184,0.0049,0.0023,2.7558
131072,DEVICE_COPY,1,36,1.585152,0.0049,0.0023,2.7608
131072,DEVICE_COPY,1,37,1.572864,0.0049,0.0022,3.089
131072,DEVICE_COPY,1,38,2.578432,0.0056,0.0024,2.7927
131072,DEVICE_COPY,1,39,1.534976,0.005,0.0051,3.1005
131072,DEVICE_COPY,1,40,1.611776,0.0049,0.002,3.6328
131072,DEVICE_COPY,1,41,1.588224,0.0057,0.0024,2.7654
131072,DEVICE_COPY,1,42,1.589248,0.0051,0.0024,2.7501
131072,DEVICE_COPY,1,43,1.562624,0.005,0.0023,3.079
131072,DEVICE_COPY,1,44,1.584128,0.0055,0.0019,2.7828
131072,DEVICE_COPY,1,45,2.865152,0.0053,0.0033,3.0355
131072,DEVICE_COPY,1,46,1.553408,0.0053,0.002,3.2208
131072,DEVICE_COPY,1,47,1.590272,0.0053,0.0025,2.7533
131072,DEVICE_COPY,1,48,1.59744,0.005,0.0022,2.7523
131072,DEVICE_COPY,1,49,1.575936,0.0053,0.0024,2.7513
131072,DEVICE_COPY,1,50,1.599488,0.0055,0.0023,2.753
131072,DEVICE_COPY,1,51,1.570816,0.0051,0.0023,2.7475
131072,DEVICE_COPY,1,52,2.057216,0.0053,0.0023,2.7728
131072,DEVICE_COPY,1,53,1.531904,0.0048,0.0021,2.7615
131072,DEVICE_COPY,1,54,1.59232,0.005,0.002,3.0619
131072,DEVICE_COPY,1,55,1.569792,0.0048,0.0021,2.7471
131072,DEVICE_COPY,1,56,1.581056,0.005,0.0019,2.7449
131072,DEVICE_COPY,1,57,1.568768,0.0048,0.0019,2.7554
131072,DEVICE_COPY,1,58,1.590272,0.0052,0.0022,2.7455
131072,DEVICE_COPY,1,59,1.57696,0.0048,0.0021,2.7545
131072,DEVICE_COPY,1,60,1.540096,0.005,0.0039,2.7811
131072,DEVICE_COPY,1,61,1.583104,0.0054,0.0025,2.7349
131072,DEVICE_COPY,1,62,1.59744,0.0046,0.0023,2.751
131072,DEVICE_COPY,1,63,1.596416,0.0052,0.0023,2.747
131072,DEVICE_COPY,1,64,1.583104,0.0049,0.0022,2.7568
131072,DEVICE_COPY,1,65,1.581056,0.0046,0.0023,2.7472
131072,DEVICE_COPY,1,66,1.591296,0.0046,0.0023,2.7355
131072,DEVICE_COPY,1,67,2.489344,0.0052,0.0031,3.1279
131072,DEVICE_COPY,1,68,1.555456,0.0048,0.0014,2.7582
131072,DEVICE_COPY,1,69,1.57696,0.0049,0.002,3.4564
131072,DEVICE_COPY,1,70,1.596416,0.0058,0.0024,2.7579
131072,DEVICE_COPY,1,71,1.577984,0.0045,0.0024,2.7451
131072,DEVICE_COPY,1,72,1.596416,0.0048,0.0023,2.7691
131072,DEVICE_COPY,1,73,1.57696,0.005,0.0024,2.7476
131072,DEVICE_COPY,1,74,2.029568,0.0049,0.0024,2.847
131072,DEVICE_COPY,1,75,1.542144,0.0126,0.0022,2.8141
131072,DEVICE_COPY,1,76,1.585152,0.0058,0.002,2.8833
131072,DEVICE_COPY,1,77,1.570816,0.0051,0.0023,2.747
131072,DEVICE_COPY,1,78,1.58208,0.0047,0.002,2.7451
131072,DEVICE_COPY,1,79,1.560576,0.005,0.002,3.0592
131072,DEVICE_COPY,1,80,1.585152,0.0049,0.0021,2.7373
131072,DEVICE_COPY,1,81,1.577984,0.005,0.0021,3.064
131072,DEVICE_COPY,1,82,1.538048,0.0048,0.0021,2.7531
131072,DEVICE_COPY,1,83,1.59232,0.0053,0.003,3.0388
131072,DEVICE_COPY,1,84,1.614848,0.0045,0.0023,2.7355
131072,DEVICE_COPY,1,85,1.585152,0.0046,0.0024,2.741
131072,DEVICE_COPY,1,86,1.588224,0.0047,0.0023,2.7341
131072,DEVICE_COPY,1,87,1.58208,0.0045,0.0024,3.0611
131072,DEVICE_COPY,1,88,1.57696,0.0049,0.0021,2.7435
131072,DEVICE_COPY,1,89,2.536448,0.0053,0.0024,3.0756
131072,DEVICE_COPY,1,90,1.549312,0.0053,0.002,2.7376
131072,DEVICE_COPY,1,91,1.585152,0.0048,0.0022,2.7304
131072,DEVICE_COPY,1,92,1.590272,0.005,0.0022,2.7377
131072,DEVICE_COPY,1,93,1.572864,0.0048,0.0024,2.7385
131072,DEVICE_COPY,1,94,1.595392,0.0048,0.0023,2.7167
131072,DEVICE_COPY,1,95,1.574912,0.0047,0.0023,2.7261
131072,DEVICE_COPY,1,96,1.902592,0.0048,0.0023,2.7363
131072,DEVICE_COPY,1,97,1.545216,0.0049,0.0022,2.7367
131072,DEVICE_COPY,1,98,1.60768,0.0046,0.0031,3.3814
131072,DEVICE_COPY,1,99,1.569792,0.0056,0.0021,2.7416
131072,DEVICE_COPY,1,100,1.58208,0.0048,0.0019,2.7404
131072,DEVICE_COPY,1,101,1.558528,0.0048,0.002,3.0661
131072,DEVICE_COPY,1,102,1.590272,0.005,0.0022,2.7467
131072,DEVICE_COPY,1,103,1.575936,0.0051,0.0024,2.7447
131072,DEVICE_COPY,1,104,2.112512,0.0058,0.0023,2.7504
131072,DEVICE_COPY,1,105,1.573888,0.0048,0.0025,2.7665
131072,DEVICE_COPY,1,106,1.600512,0.0051,0.0023,2.74
131072,DEVICE_COPY,1,107,1.58208,0.0052,0.0023,2.7191
131072,DEVICE_COPY,1,108,1.593344,0.0052,0.0026,2.7336
131072,DEVICE_COPY,1,109,1.57184,0.0048,0.0023,2.7788
131072,DEVICE_COPY,1,110,1.560576,0.006,0.0022,2.7271
131072,DEVICE_COPY,1,111,2.476032,0.0051,0.0023,2.7528
131072,DEVICE_COPY,1,112,1.531904,0.0049,0.0021,2.7477
131072,DEVICE_COPY,1,113,1.553408,0.0052,0.0023,2.7508
131072,DEVICE_COPY,1,114,1.569792,0.0057,0.002,2.7348
131072,DEVICE_COPY,1,115,1.54624,0.005,0.002,3.0487
131072,DEVICE_COPY,1,116,1.563648,0.0052,0.002,2.732
131072,DEVICE_COPY,1,117,1.567744,0.0051,0.0022,2.7315
131072,DEVICE_COPY,1,118,1.573888,0.0049,0.0022,2.7814
131072,DEVICE_COPY,1,119,1.516544,0.005,0.0022,2.7238
131072,DEVICE_COPY,2,0,1.579008,0.005,0.0025,2.7539
131072,DEVICE_COPY,2,1,1.5616,0.0088,0.0024,2.7465
131072,DEVICE_COPY,2,2,1.56672,0.0053,0.0021,3.0739
131072,DEVICE_COPY,2,3,1.536,0.0053,0.002,2.7413
131072,DEVICE_COPY,2,4,1.547264,0.0051,0.0021,3.0656
131072,DEVICE_COPY,2,5,1.55136,0.0051,0.002,2.7533
131072,DEVICE_COPY,2,6,1.540096,0.0049,0.0022,2.7505
131072,DEVICE_COPY,2,7,1.559552,0.0047,0.0022,3.2665
131072,DEVICE_COPY,2,8,1.57696,0.0056,0.0024,2.7589
131072,DEVICE_COPY,2,9,1.57184,0.0049,0.0024,2.7617
131072,DEVICE_COPY,2,10,1.56672,0.0051,0.0023,2.7332
131072,DEVICE_COPY,2,11,1.548288,0.0049,0.0023,2.7491
131072,DEVICE_COPY,2,12,1.563648,0.0053,0.0023,3.0646
131072,DEVICE_COPY,2,13,2.469888,0.0054,0.0024,2.7701
131072,DEVICE_COPY,2,14,1.54112,0.006,0.002,2.7742
131072,DEVICE_COPY,2,15,1.548288,0.006,0.002,2.7706
131072,DEVICE_COPY,2,16,1.565696,0.0056,0.002,2.7631
131072,DEVICE_COPY,2,17,1.55136,0.0049,0.002,3.0722
131072,DEVICE_COPY,2,18,1.554432,0.005,0.0021,2.7499
131072,DEVICE_COPY,2,19,1.565696,0.0048,0.0021,2.7383
131072,DEVICE_COPY,2,20,1.569792,0.0053,0.0022,2.7487
131072,DEVICE_COPY,2,21,1.51552,0.0047,0.0022,2.7384
131072,DEVICE_COPY,2,22,1.601536,0.0047,0.0024,2.7617
131072,DEVICE_COPY,2,23,1.557504,0.0045,0.0026,2.7344
131072,DEVICE_COPY,2,24,1.568768,0.005,0.0023,2.7276
131072,DEVICE_COPY,2,25,1.548288,0.005,0.0023,2.7302
131072,DEVICE_COPY,2,26,1.554432,0.0049,0.0024,2.7256
131072,DEVICE_COPY,2,27,1.545216,0.0048,0.0021,3.0513
131072,DEVICE_COPY,2,28,2.860032,0.0048,0.0028,2.9457
131072,DEVICE_COPY,2,29,1.517568,0.0046,0.002,2.7452
131072,DEVICE_COPY,2,30,1.586176,0.0048,0.002,3.0584
131072,DEVICE_COPY,2,31,1.557504,0.005,0.0023,2.6994
131072,DEVICE_COPY,2,32,1.567744,0.0047,0.0023,2.7173
131072,DEVICE_COPY,2,33,1.544192,0.0048,0.0024,2.7164
131072,DEVICE_COPY,2,34,1.562624,0.0047,0.0023,2.7114
131072,DEVICE_COPY,2,35,2.05824,0.0047,0.0024,2.714
131072,DEVICE_COPY,2,36,1.538048,0.0049,0.0021,3.6408
131072,DEVICE_COPY,2,37,1.543168,0.006,0.0024,2.766
131072,DEVICE_COPY,2,38,1.562624,0.0053,0.0021,2.7453
131072,DEVICE_COPY,2,39,1.552384,0.0052,0.002,2.7586
131072,DEVICE_COPY,2,40,1.555456,0.0053,0.0022,3.0703
131072,DEVICE_COPY,2,41,1.570816,0.0047,0.0022,2.7694
131072,DEVICE_COPY,2,42,1.568768,0.005,0.002,3.0778
131072,DEVICE_COPY,2,43,1.527808,0.0048,0.0023,2.7395
131072,DEVICE_COPY,2,44,1.591296,0.0049,0.0024,2.7532
131072,DEVICE_COPY,2,45,1.558528,0.0046,0.0024,2.7536
131072,DEVICE_COPY,2,46,1.5616,0.0049,0.0023,2.7365
131072,DEVICE_COPY,2,47,1.55136,0.005,0.0023,2.7335
131072,DEVICE_COPY,2,48,1.552384,0.005,0.0022,2.7416
131072,DEVICE_COPY,2,49,1.548288,0.0048,0.0024,3.0483
131072,DEVICE_COPY,2,50,2.857984,0.0049,0.0023,2.7621
131072,DEVICE_COPY,2,51,1.517568,0.005,0.0021,2.7432
131072,DEVICE_COPY,2,52,1.584128,0.0047,0.002,2.7343
131072,DEVICE_COPY,2,53,1.555456,0.0053,0.0021,3.0496
131072,DEVICE_COPY,2,54,1.560576,0.0051,0.0023,2.7118
131072,DEVICE_COPY,2,55,1.557504,0.0049,0.0022,2.7236
131072,DEVICE_COPY,2,56,1.574912,0.0052,0.0023,2.72
131072,DEVICE_COPY,2,57,1.71008,0.0046,0.0023,2.7344
131072,DEVICE_COPY,2,58,1.532928,0.0056,0.0024,2.7222
131072,DEVICE_COPY,2,59,1.565696,0.0046,0.0023,2.7294
131072,DEVICE_COPY,2,60,1.581056,0.0051,0.0023,2.7267
131072,DEVICE_COPY,2,61,1.557504,0.0046,0.0032,3.0098
131072,DEVICE_COPY,2,62,1.555456,0.005,0.002,3.9151
131072,DEVICE_COPY,2,63,1.54624,0.0049,0.0022,2.729
131072,DEVICE_COPY,2,64,1.572864,0.0047,0.002,2.7808
131072,DEVICE_COPY,2,65,1.507328,0.0066,0.002,3.3589
131072,DEVICE_COPY,2,66,1.568768,0.0056,0.0025,2.7693
131072,DEVICE_COPY,2,67,1.558528,0.0048,0.0023,2.7799
131072,DEVICE_COPY,2,68,1.572864,0.0049,0.0024,2.7698
131072,DEVICE_COPY,2,69,1.547264,0.0048,0.0025,2.7641
131072,DEVICE_COPY,2,70,1.562624,0.0047,0.0023,2.7739
131072,DEVICE_COPY,2,71,1.549312,0.0052,0.0023,3.076
131072,DEVICE_COPY,2,72,2.854912,0.0085,0.0029,3.1553
131072,DEVICE_COPY,2,73,1.516544,0.005,0.0024,2.7883
131072,DEVICE_COPY,2,74,1.594368,0.0053,0.0033,3.062
131072,DEVICE_COPY,2,75,1.550336,0.0054,0.0023,2.7219
131072,DEVICE_COPY,2,76,1.565696,0.0046,0.0023,2.7158
131072,DEVICE_COPY,2,77,1.533952,0.0049,0.0023,2.7551
131072,DEVICE_COPY,2,78,1.562624,0.0047,0.0023,3.0329
131072,DEVICE_COPY,2,79,2.8416,0.0047,0.0031,3.2924
131072,DEVICE_COPY,2,80,1.533952,0.0054,0.002,2.7238
131072,DEVICE_COPY,2,81,1.564672,0.0048,0.0021,3.0337
131072,DEVICE_COPY,2,82,1.569792,0.0049,0.0024,2.727
131072,DEVICE_COPY,2,83,1.564672,0.0048,0.0024,2.7207
131072,DEVICE_COPY,2,84,1.56672,0.0047,0.0022,2.7151
131072,DEVICE_COPY,2,85,1.55648,0.0058,0.0023,2.7163
131072,DEVICE_COPY,2,86,1.796096,0.0047,0.0023,2.7362
131072,DEVICE_COPY,2,87,1.527808,0.0046,0.0023,2.738
131072,DEVICE_COPY,2,88,1.589248,0.0047,0.0024,2.7313
131072,DEVICE_COPY,2,89,1.554432,0.0047,0.0023,2.7204
131072,DEVICE_COPY,2,90,1.55648,0.0047,0.0021,2.7213
131072,DEVICE_COPY,2,91,1.544192,0.0047,0.002,3.0359
131072,DEVICE_COPY,2,92,1.55648,0.005,0.0018,2.7711
131072,DEVICE_COPY,2,93,1.54624,0.0047,0.002,3.0507
131072,DEVICE_COPY,2,94,1.549312,0.005,0.0022,2.7597
131072,DEVICE_COPY,2,95,1.559552,0.0046,0.0026,3.3916
131072,DEVICE_COPY,2,96,1.585152,0.0055,0.003,3.0367
131072,DEVICE_COPY,2,97,1.554432,0.0049,0.0024,2.7187
131072,DEVICE_COPY,2,98,1.560576,0.0049,0.0024,2.7042
131072,DEVICE_COPY,2,99,1.547264,0.005,0.0023,2.7538
131072,DEVICE_COPY,2,100,1.568768,0.005,0.0022,3.0653
131072,DEVICE_COPY,2,101,2.054144,0.0056,0.0025,2.7612
131072,DEVICE_COPY,2,102,1.54624,0.0051,0.0021,2.7352
131072,DEVICE_COPY,2,103,1.555456,0.0047,0.0021,2.7483
131072,DEVICE_COPY,2,104,1.56672,0.0054,0.0028,3.0549
131072,DEVICE_COPY,2,105,1.549312,0.0052,0.0021,2.738
131072,DEVICE_COPY,2,106,1.586176,0.0048,0.002,2.739
131072,DEVICE_COPY,2,107,1.565696,0.0048,0.0021,2.7286
131072,DEVICE_COPY,2,108,1.5616,0.0048,0.0021,3.055
131072,DEVICE_COPY,2,109,1.524736,0.0048,0.0028,2.9021
131072,DEVICE_COPY,2,110,1.590272,0.0059,0.0027,2.7325
131072,DEVICE_COPY,2,111,1.558528,0.006,0.0023,2.723
131072,DEVICE_COPY,2,112,1.585152,0.005,0.0023,2.7188
131072,DEVICE_COPY,2,113,1.5616,0.0046,0.0024,2.7145
131072,DEVICE_COPY,2,114,1.585152,0.0049,0.0023,2.7397
131072,DEVICE_COPY,2,115,1.926144,0.0062,0.0023,2.742
131072,DEVICE_COPY,2,116,2.863104,0.0053,0.0024,2.7584
131072,DEVICE_COPY,2,117,1.52064,0.0056,0.0023,2.7435
131072,DEVICE_COPY,2,118,1.584128,0.0049,0.0024,2.7331
131072,DEVICE_COPY,2,119,1.554432,0.0048,0.0022,2.7205
131072,DIRECT,0,0,5.015552,0.0044,0.0022,3.2546
131072,DIRECT,0,1,3.023872,0.0108,0.0026,3.0924
131072,DIRECT,0,2,4.532224,0.0086,0.0034,2.8581
131072,DIRECT,0,3,4.299776,0.0087,0.0035,3.0601
131072,DIRECT,0,4,2.8672,0.0066,0.0024,3.9316
131072,DIRECT,0,5,2.801664,0.0063,0.0025,2.7971
131072,DIRECT,0,6,2.814976,0.005,0.0024,3.1482
131072,DIRECT,0,7,2.865152,0.0044,0.0024,2.9313
131072,DIRECT,0,8,2.845696,0.0055,0.0026,3.1458
131072,DIRECT,0,9,4.21888,0.0076,0.0032,2.9253
131072,DIRECT,0,10,3.167232,0.0099,0.003,3.3907
131072,DIRECT,0,11,4.666368,0.0088,0.0024,2.9529
131072,DIRECT,0,12,3.479552,0.0078,0.0024,2.9143
131072,DIRECT,0,13,4.10624,0.0059,0.0023,2.9728
131072,DIRECT,0,14,3.063808,0.0071,0.0026,2.9821
131072,DIRECT,0,15,4.49536,0.0064,0.0024,2.8827
131072,DIRECT,0,16,4.195328,0.0057,0.0033,3.2075
131072,DIRECT,0,17,3.47136,0.0066,0.0024,2.9044
131072,DIRECT,0,18,4.06016,0.0066,0.0023,2.8718
131072,DIRECT,0,19,4.207616,0.0056,0.0031,3.1069
131072,DIRECT,0,20,3.152896,0.0077,0.0027,2.9305
131072,DIRECT,0,21,4.385792,0.0076,0.0026,3.0298
131072,DIRECT,0,22,4.195328,0.0076,0.006,3.1132
131072,DIRECT,0,23,4.067328,0.0108,0.004,3.2056
131072,DIRECT,0,24,3.191808,0.0082,0.0025,3.016
131072,DIRECT,0,25,4.337664,0.0073,0.0026,2.944
131072,DIRECT,0,26,4.240384,0.0061,0.0026,3.0624
131072,DIRECT,0,27,3.06688,0.0067,0.0029,2.9308
131072,DIRECT,0,28,4.33152,0.0061,0.0038,2.8568
131072,DIRECT,0,29,4.23424,0.0058,0.0026,2.984
131072,DIRECT,0,30,3.040256,0.0064,0.0024,2.9248
131072,DIRECT,0,31,4.040704,0.0058,0.0024,2.9538
131072,DIRECT,0,32,3.6352,0.0057,0.0024,3.0111
131072,DIRECT,0,33,2.865152,0.0051,0.0018,3.5957
131072,DIRECT,0,34,2.793472,0.0056,0.0028,2.9608
131072,DIRECT,0,35,2.806784,0.0048,0.0032,3.0107
131072,DIRECT,0,36,3.186688,0.006,0.0023,2.9138
131072,DIRECT,0,37,2.792448,0.0059,0.0028,2.9523
131072,DIRECT,0,38,3.122176,0.0076,0.0024,2.9883
131072,DIRECT,0,39,3.843072,0.0062,0.0026,2.8804
131072,DIRECT,0,40,3.182592,0.0077,0.0025,2.8558
131072,DIRECT,0,41,3.971072,0.0059,0.0024,2.9537
131072,DIRECT,0,42,4.043776,0.0064,0.0055,3.2273
131072,DIRECT,0,43,4.123648,0.0083,0.0034,3.0909
131072,DIRECT,0,44,3.151872,0.0081,0.0024,2.9809
131072,DIRECT,0,45,4.151296,0.0053,0.0033,2.8585
131072,DIRECT,0,46,4.077568,0.0054,0.0033,3.1644
131072,DIRECT,0,47,3.144704,0.0062,0.0025,2.978
131072,DIRECT,0,48,4.17792,0.005,0.0031,3.0549
131072,DIRECT,0,49,4.063232,0.0057,0.0024,2.8585
131072,DIRECT,0,50,3.173376,0.0074,0.0027,2.918
131072,DIRECT,0,51,4.612096,0.0062,0.0039,3.1129
131072,DIRECT,0,52,4.330496,0.0073,0.0024,3.1104
131072,DIRECT,0,53,3.59424,0.007,0.0024,2.8896
131072,DIRECT,0,54,3.680256,0.0051,0.0031,2.8253
131072,DIRECT,0,55,4.180992,0.0054,0.0025,2.8253
131072,DIRECT,0,56,3.853312,0.0054,0.0023,2.9414
131072,DIRECT,0,57,4.414464,0.0057,0.0023,2.9284
131072,DIRECT,0,58,4.246528,0.0071,0.0034,3.0748
131072,DIRECT,0,59,3.51744,0.005,0.0025,2.8557
131072,DIRECT,0,60,3.51744,0.0068,0.0024,2.917
131072,DIRECT,0,61,2.804736,0.0055,0.003,2.928
131072,DIRECT,0,62,3.465216,0.0049,0.0024,3.3486
131072,DIRECT,0,63,4.158464,0.0056,0.0032,2.8845
131072,DIRECT,0,64,2.844672,0.0048,0.0024,2.7835
131072,DIRECT,0,65,2.825216,0.005,0.0022,2.7845
131072,DIRECT,0,66,2.871296,0.0058,0.0047,2.8839
131072,DIRECT,0,67,3.262464,0.0055,0.0026,2.9445
131072,DIRECT,0,68,3.375104,0.0076,0.0025,2.8529
131072,DIRECT,0,69,4.6592,0.0053,0.0031,2.9734
131072,DIRECT,0,70,3.198976,0.0067,0.0024,3.069
131072,DIRECT,0,71,4.555776,0.0079,0.003,3.032
131072,DIRECT,0,72,4.125696,0.0077,0.0033,3.0172
131072,DIRECT,0,73,4.306944,0.0067,0.0033,3.2697
131072,DIRECT,0,74,4.13696,0.0064,0.0023,2.9247
131072,DIRECT,0,75,3.026944,0.0068,0.0024,2.999
131072,DIRECT,0,76,4.196352,0.0074,0.0038,3.0646
131072,DIRECT,0,77,3.5584,0.0052,0.0024,3.1185
131072,DIRECT,0,78,3.557376,0.0069,0.0024,2.9806
131072,DIRECT,0,79,4.171776,0.0052,0.0033,3.046
131072,DIRECT,0,80,3.749888,0.0068,0.0024,3.2288
131072,DIRECT,0,81,3.129344,0.0057,0.0025,3.0076
131072,DIRECT,0,82,4.237312,0.0052,0.0032,3.1333
131072,DIRECT,0,83,4.08576,0.0061,0.0025,3.1719
131072,DIRECT,0,84,3.024896,0.0058,0.0025,2.8156
131072,DIRECT,0,85,4.206592,0.005,0.0032,3.0791
131072,DIRECT,0,86,3.525632,0.0053,0.0026,2.8714
131072,DIRECT,0,87,3.764224,0.0053,0.0024,2.8824
131072,DIRECT,0,88,4.498432,0.0057,0.0028,2.9764
131072,DIRECT,0,89,3.511296,0.0065,0.0025,2.8659
131072,DIRECT,0,90,3.428352,0.0054,0.0024,2.9898
131072,DIRECT,0,91,4.226048,0.0049,0.0025,3.8694
131072,DIRECT,0,92,4.166656,0.0062,0.0026,3.3927
131072,DIRECT,0,93,3.490816,0.0061,0.0024,2.9545
131072,DIRECT,0,94,3.656704,0.0057,0.0024,2.9216
131072,DIRECT,0,95,2.893824,0.0047,0.0031,2.963
131072,DIRECT,0,96,3.945472,0.0048,0.0025,3.009
131072,DIRECT,0,97,2.95424,0.0058,0.0022,3.0454
131072,DIRECT,0,98,2.910208,0.0087,0.003,2.9738
131072,DIRECT,0,99,2.953216,0.0056,0.0026,3.1709
131072,DIRECT,0,100,3.750912,0.0085,0.0027,2.9503
131072,DIRECT,0,101,4.265984,0.0063,0.0035,3.2935
131072,DIRECT,0,102,3.779584,0.0068,0.0025,2.9093
131072,DIRECT,0,103,3.16416,0.0063,0.0025,2.8665
131072,DIRECT,0,104,4.445184,0.0063,0.0033,2.9574
131072,DIRECT,0,105,4.05504,0.0052,0.0032,3.2763
131072,DIRECT,0,106,3.037184,0.0062,0.0026,2.8862
131072,DIRECT,0,107,4.271104,0.0068,0.0035,3.0334
131072,DIRECT,0,108,4.0704,0.0054,0.0025,3.2607
131072,DIRECT,0,109,3.034112,0.006,0.0024,2.8742
131072,DIRECT,0,110,4.716544,0.0063,0.0024,2.817
131072,DIRECT,0,111,4.205568,0.0048,0.0032,3.1139
131072,DIRECT,0,112,3.53792,0.006,0.0024,2.8279
131072,DIRECT,0,113,3.643392,0.0049,0.0023,2.8048
131072,DIRECT,0,114,4.089856,0.0048,0.0025,2.9416
131072,DIRECT,0,115,3.243008,0.0063,0.0024,2.826
131072,DIRECT,0,116,4.206592,0.0068,0.0037,3.1916
131072,DIRECT,0,117,4.156416,0.0053,0.0024,2.9889
131072,DIRECT,0,118,3.0464,0.0062,0.0026,2.8182
131072,DIRECT,0,119,4.214784,0.0057,0.0032,2.9566
131072,DIRECT,1,0,4.243456,0.005,0.0024,3.8391
131072,DIRECT,1,1,4.28544,0.0058,0.004,3.0605
131072,DIRECT,1,2,4.21376,0.0061,0.0032,3.1637
131072,DIRECT,1,3,3.06688,0.0054,0.0024,2.8873
131072,DIRECT,1,4,2.807808,0.006,0.0028,3.0879
131072,DIRECT,1,5,3.738624,0.0085,0.0028,3.0722
131072,DIRECT,1,6,2.844672,0.0071,0.0024,2.8812
131072,DIRECT,1,7,4.32128,0.0061,0.003,3.0211
131072,DIRECT,1,8,2.849792,0.0082,0.0033,3.2255
131072,DIRECT,1,9,3.767296,0.0069,0.0027,3.0043
131072,DIRECT,1,10,3.504128,0.0093,0.0027,3.216
131072,DIRECT,1,11,4.232192,0.0067,0.0033,3.0698
131072,DIRECT,1,12,4.350976,0.0059,0.0042,3.1142
131072,DIRECT,1,13,3.57888,0.0054,0.0024,2.8947
131072,DIRECT,1,14,3.473408,0.0057,0.0026,2.8593
131072,DIRECT,1,15,4.146176,0.005,0.0025,3.2784
131072,DIRECT,1,16,3.623936,0.0052,0.0024,2.8876
131072,DIRECT,1,17,3.771392,0.006,0.0024,2.8339
131072,DIRECT,1,18,4.185088,0.0057,0.0032,3.1829
131072,DIRECT,1,19,3.023872,0.0052,0.0025,2.8483
131072,DIRECT,1,20,4.5312,0.0057,0.0025,2.8545
131072,DIRECT,1,21,4.354048,0.005,0.0031,2.9657
131072,DIRECT,1,22,3.52768,0.0049,0.0024,2.8526
131072,DIRECT,1,23,3.883008,0.0048,0.0024,2.8593
131072,DIRECT,1,24,4.22912,0.005,0.0029,3.2435
131072,DIRECT,1,25,3.689472,0.005,0.0025,2.9512
131072,DIRECT,1,26,3.586048,0.0057,0.0024,2.8527
131072,DIRECT,1,27,4.201472,0.0049,0.0032,3.2928
131072,DIRECT,1,28,3.500032,0.0056,0.0025,2.9637
131072,DIRECT,1,29,3.843072,0.0059,0.0025,3.6282
131072,DIRECT,1,30,4.061184,0.0063,0.0026,3.0629
131072,DIRECT,1,31,4.127744,0.0057,0.0032,3.2286
131072,DIRECT,1,32,2.91328,0.0056,0.0024,2.8227
131072,DIRECT,1,33,2.802688,0.0057,0.0027,3.0529
131072,DIRECT,1,34,3.252224,0.005,0.0023,2.7932
131072,DIRECT,1,35,2.850816,0.0047,0.0021,2.8085
131072,DIRECT,1,36,2.782208,0.0053,0.0031,3.0921
131072,DIRECT,1,37,2.806784,0.0047,0.0023,3.0827
131072,DIRECT,1,38,2.787328,0.0047,0.0033,3.1133
131072,DIRECT,1,39,3.007488,0.0048,0.0023,2.8225
131072,DIRECT,1,40,3.016704,0.0067,0.0023,2.8895
131072,DIRECT,1,41,2.843648,0.0065,0.0026,2.9494
131072,DIRECT,1,42,2.875392,0.0062,0.004,3.0635
131072,DIRECT,1,43,4.820992,0.0083,0.003,3.0894
131072,DIRECT,1,44,4.702208,0.01,0.0025,2.9798
131072,DIRECT,1,45,4.225024,0.0081,0.0037,3.1698
131072,DIRECT,1,46,2.899968,0.0056,0.0025,2.897
131072,DIRECT,1,47,4.887552,0.0077,0.0037,3.2247
131072,DIRECT,1,48,3.694592,0.0064,0.0027,2.9684
131072,DIRECT,1,49,4.267008,0.0051,0.0031,3.2212
131072,DIRECT,1,50,4.201472,0.0055,0.0032,3.3728
131072,DIRECT,1,51,3.13344,0.0065,0.0022,2.9842
131072,DIRECT,1,52,4.369408,0.0064,0.0025,2.847
131072,DIRECT,1,53,4.064256,0.0052,0.0035,3.2002
131072,DIRECT,1,54,3.131392,0.0062,0.0025,2.85
131072,DIRECT,1,55,4.463616,0.0047,0.0024,2.825
131072,DIRECT,1,56,4.104192,0.0051,0.0032,3.2823
131072,DIRECT,1,57,3.473408,0.0055,0.0025,2.8837
131072,DIRECT,1,58,3.761152,0.0053,0.0034,3.6864
131072,DIRECT,1,59,3.0464,0.0054,0.0025,2.9491
131072,DIRECT,1,60,3.477504,0.0057,0.0024,2.8389
131072,DIRECT,1,61,4.150272,0.0058,0.0029,2.9176
131072,DIRECT,1,62,3.039232,0.0064,0.0026,2.8385
131072,DIRECT,1,63,4.238336,0.006,0.0024,2.8677
131072,DIRECT,1,64,3.078144,0.005,0.0025,2.8646
131072,DIRECT,1,65,3.574784,0.009,0.0118,2.8492
131072,DIRECT,1,66,2.870272,0.0061,0.0025,2.9622
131072,DIRECT,1,67,2.83648,0.0064,0.0025,2.8125
131072,DIRECT,1,68,2.854912,0.0072,0.0022,2.9185
131072,DIRECT,1,69,4.34176,0.0061,0.0023,2.8396
131072,DIRECT,1,70,4.333568,0.0084,0.0032,3.0319
131072,DIRECT,1,71,4.12672,0.0084,0.0025,2.8679
131072,DIRECT,1,72,3.173376,0.0072,0.0025,2.8057
131072,DIRECT,1,73,4.164608,0.005,0.0037,3.1865
131072,DIRECT,1,74,3.586048,0.0065,0.0025,2.8601
131072,DIRECT,1,75,3.575808,0.0066,0.0024,2.8319
131072,DIRECT,1,76,2.895872,0.0054,0.0031,3.7648
131072,DIRECT,1,77,5.184512,0.0072,0.0024,2.9517
131072,DIRECT,1,78,3.24608,0.0086,0.0024,2.834
131072,DIRECT,1,79,4.20352,0.0067,0.0033,3.0272
131072,DIRECT,1,80,3.49696,0.006,0.0027,2.8337
131072,DIRECT,1,81,3.643392,0.0055,0.0025,2.8069
131072,DIRECT,1,82,4.110336,0.0052,0.0032,3.2021
131072,DIRECT,1,83,3.027968,0.006,0.0024,3.0736
131072,DIRECT,1,84,4.324352,0.0077,0.0024,2.8128
131072,DIRECT,1,85,4.180992,0.0048,0.0024,2.8106
131072,DIRECT,1,86,3.996672,0.0057,0.0022,2.8419
131072,DIRECT,1,87,3.955712,0.0061,0.0031,3.5532
131072,DIRECT,1,88,4.1728,0.0055,0.0032,3.0721
131072,DIRECT,1,89,3.57888,0.0054,0.0024,2.9608
131072,DIRECT,1,90,3.258368,0.0054,0.0024,2.8998
131072,DIRECT,1,91,2.891776,0.0072,0.0023,2.8877
131072,DIRECT,1,92,2.818048,0.0056,0.003,2.9567
131072,DIRECT,1,93,3.449856,0.0047,0.0025,2.8566
131072,DIRECT,1,94,2.803712,0.0052,0.0024,2.8136
131072,DIRECT,1,95,2.83136,0.0045,0.0023,2.7943
131072,DIRECT,1,96,2.777088,0.0048,0.0028,3.1302
131072,DIRECT,1,97,2.823168,0.0058,0.0027,2.8014
131072,DIRECT,1,98,2.857984,0.0061,0.0024,2.9966
131072,DIRECT,1,99,4.246528,0.0066,0.0026,2.8538
131072,DIRECT,1,100,3.245056,0.0079,0.0026,2.8835
131072,DIRECT,1,101,3.344384,0.0081,0.0025,2.9307
131072,DIRECT,1,102,4.588544,0.0086,0.0035,3.0479
131072,DIRECT,1,103,4.446208,0.0106,0.003,3.0161
131072,DIRECT,1,104,3.699712,0.0082,0.0027,2.8837
131072,DIRECT,1,105,3.341312,0.0081,0.0027,2.9901
131072,DIRECT,1,106,4.36224,0.0066,0.0033,3.3157
131072,DIRECT,1,107,4.120576,0.0056,0.0033,3.1765
131072,DIRECT,1,108,3.039232,0.0059,0.0025,2.9224
131072,DIRECT,1,109,4.533248,0.0059,0.0024,2.8615
131072,DIRECT,1,110,4.297728,0.0052,0.0035,2.9847
131072,DIRECT,1,111,3.452928,0.0054,0.0024,2.8188
131072,DIRECT,1,112,4.063232,0.0051,0.0024,2.8202
131072,DIRECT,1,113,4.045824,0.0051,0.0031,3.2254
131072,DIRECT,1,114,3.091456,0.0069,0.0026,2.8589
131072,DIRECT,1,115,4.955136,0.0047,0.0028,2.9012
131072,DIRECT,1,116,4.197376,0.0081,0.0037,3.7154
131072,DIRECT,1,117,4.28544,0.0079,0.0033,2.9499
131072,DIRECT,1,118,3.054592,0.0051,0.0025,2.8603
131072,DIRECT,1,119,4.195328,0.0054,0.0025,2.8831
131072,DIRECT,2,0,3.848192,0.006,0.0031,2.8505
131072,DIRECT,2,1,4.247552,0.0053,0.0033,3.1354
131072,DIRECT,2,2,3.437568,0.0061,0.0029,3.0293
131072,DIRECT,2,3,3.9936,0.0058,0.0025,2.935
131072,DIRECT,2,4,4.2496,0.0056,0.0032,3.1981
131072,DIRECT,2,5,4.017152,0.0059,0.0025,2.8454
131072,DIRECT,2,6,3.149824,0.0106,0.0025,2.9925
131072,DIRECT,2,7,2.935808,0.0077,0.0028,2.9707
131072,DIRECT,2,8,3.145728,0.0081,0.0024,2.8606
131072,DIRECT,2,9,2.880512,0.0066,0.0025,2.9563
131072,DIRECT,2,10,2.804736,0.0063,0.003,3.1587
131072,DIRECT,2,11,3.480576,0.0067,0.0024,2.8592
131072,DIRECT,2,12,4.432896,0.0069,0.0025,2.8503
131072,DIRECT,2,13,4.241408,0.008,0.0025,3.142
131072,DIRECT,2,14,4.113408,0.0063,0.0023,3.2007
131072,DIRECT,2,15,3.137536,0.005,0.0024,3.1135
131072,DIRECT,2,16,4.421632,0.0074,0.0026,2.8281
131072,DIRECT,2,17,4.05504,0.0051,0.0033,3.2882
131072,DIRECT,2,18,3.561472,0.0062,0.0025,2.8662
131072,DIRECT,2,19,3.59936,0.0054,0.0024,2.946
131072,DIRECT,2,20,4.195328,0.0054,0.003,2.9443
131072,DIRECT,2,21,2.998272,0.0063,0.0024,2.9337
131072,DIRECT,2,22,4.663296,0.0062,0.003,2.8175
131072,DIRECT,2,23,4.299776,0.0051,0.0024,3.2739
131072,DIRECT,2,24,3.088384,0.0086,0.0024,2.827
131072,DIRECT,2,25,4.294656,0.0056,0.0024,2.9185
131072,DIRECT,2,26,4.178944,0.0056,0.0034,3.6766
131072,DIRECT,2,27,2.937856,0.012,0.003,2.926
131072,DIRECT,2,28,3.878912,0.0088,0.0026,2.883
131072,DIRECT,2,29,3.451904,0.0073,0.0026,3.013
131072,DIRECT,2,30,3.508224,0.0076,0.0025,3.0499
131072,DIRECT,2,31,4.334592,0.0068,0.0027,2.9186
131072,DIRECT,2,32,3.121152,0.0056,0.0025,2.8978
131072,DIRECT,2,33,2.900992,0.0068,0.0025,2.8105
131072,DIRECT,2,34,2.863104,0.0054,0.0029,3.0899
131072,DIRECT,2,35,2.835456,0.0051,0.0024,2.7926
131072,DIRECT,2,36,2.834432,0.006,0.0038,2.833
131072,DIRECT,2,37,2.822144,0.006,0.0032,2.8909
131072,DIRECT,2,38,3.6608,0.0068,0.0021,2.9768
131072,DIRECT,2,39,4.422656,0.0096,0.0026,2.9818
131072,DIRECT,2,40,3.083264,0.0063,0.0031,2.8756
131072,DIRECT,2,41,3.881984,0.0057,0.0024,2.7898
131072,DIRECT,2,42,3.588096,0.0053,0.0024,2.8292
131072,DIRECT,2,43,3.487744,0.0055,0.0024,2.7892
131072,DIRECT,2,44,4.20352,0.0058,0.0032,3.012
131072,DIRECT,2,45,3.018752,0.0046,0.0024,2.8667
131072,DIRECT,2,46,3.977216,0.0061,0.0032,2.8654
131072,DIRECT,2,47,3.2512,0.0065,0.0028,2.8234
131072,DIRECT,2,48,3.96288,0.0066,0.0025,2.8011
131072,DIRECT,2,49,4.163584,0.005,0.0032,3.2114
131072,DIRECT,2,50,3.550208,0.0058,0.0024,2.8452
131072,DIRECT,2,51,3.550208,0.0071,0.0023,2.821
131072,DIRECT,2,52,3.12832,0.0051,0.0024,2.9429
131072,DIRECT,2,53,3.535872,0.0059,0.0025,2.8025
131072,DIRECT,2,54,4.180992,0.0053,0.0031,3.1615
131072,DIRECT,2,55,3.526656,0.0053,0.0025,3.614
131072,DIRECT,2,56,3.48672,0.0063,0.0028,2.843
131072,DIRECT,2,57,4.094976,0.006,0.0032,3.0239
131072,DIRECT,2,58,3.094528,0.007,0.0024,2.8612
131072,DIRECT,2,59,4.360192,0.0065,0.0026,2.8289
131072,DIRECT,2,60,4.146176,0.0058,0.0025,3.2029
131072,DIRECT,2,61,2.907136,0.0065,0.0032,3.0623
131072,DIRECT,2,62,3.934208,0.0059,0.0025,2.7754
131072,DIRECT,2,63,2.88768,0.0047,0.0032,3.0716
131072,DIRECT,2,64,2.789376,0.0049,0.0031,3.0716
131072,DIRECT,2,65,2.806784,0.0047,0.0023,3.0814
131072,DIRECT,2,66,2.787328,0.005,0.003,3.1158
131072,DIRECT,2,67,2.842624,0.0061,0.0024,2.8579
131072,DIRECT,2,68,3.211264,0.0053,0.0026,3.0064
131072,DIRECT,2,69,2.829312,0.0056,0.0024,2.74
131072,DIRECT,2,70,2.87232,0.0059,0.0029,2.962
131072,DIRECT,2,71,4.486144,0.0054,0.0029,3.0177
131072,DIRECT,2,72,2.997248,0.0076,0.0031,3.5067
131072,DIRECT,2,73,2.948096,0.0087,0.0024,3.0968
131072,DIRECT,2,74,3.864576,0.0086,0.003,4.2329
131072,DIRECT,2,75,4.011008,0.0136,0.0031,2.9027
131072,DIRECT,2,76,4.20864,0.0097,0.0026,3.3659
131072,DIRECT,2,77,3.684352,0.0075,0.0025,2.9043
131072,DIRECT,2,78,4.52096,0.0071,0.0026,2.854
131072,DIRECT,2,79,4.16256,0.0055,0.0025,2.8393
131072,DIRECT,2,80,4.235264,0.0055,0.0032,2.8986
131072,DIRECT,2,81,3.039232,0.0057,0.0024,2.828
131072,DIRECT,2,82,4.184064,0.0056,0.0032,2.9236
131072,DIRECT,2,83,4.10112,0.0053,0.0032,3.2044
131072,DIRECT,2,84,3.017728,0.0061,0.0027,3.5131
131072,DIRECT,2,85,3.900416,0.0062,0.0025,3.0086
131072,DIRECT,2,86,4.175872,0.0051,0.0033,3.2747
131072,DIRECT,2,87,3.641344,0.0057,0.0026,2.9574
131072,DIRECT,2,88,3.692544,0.0059,0.0025,2.856
131072,DIRECT,2,89,4.18304,0.0049,0.0032,3.3304
131072,DIRECT,2,90,3.460096,0.005,0.0025,3.4926
131072,DIRECT,2,91,3.38432,0.0055,0.0021,2.9091
131072,DIRECT,2,92,4.281344,0.0051,0.0032,3.195
131072,DIRECT,2,93,4.141056,0.0046,0.0031,3.2285
131072,DIRECT,2,94,3.045376,0.0059,0.0026,2.8893
131072,DIRECT,2,95,4.187136,0.0055,0.0024,2.9538
131072,DIRECT,2,96,3.47136,0.0052,0.0024,2.8842
131072,DIRECT,2,97,2.934784,0.0055,0.0028,3.1353
131072,DIRECT,2,98,2.844672,0.0047,0.0031,3.1299
131072,DIRECT,2,99,2.784256,0.0047,0.0028,3.1229
131072,DIRECT,2,100,2.80576,0.0053,0.0031,3.1351
131072,DIRECT,2,101,4.232192,0.0046,0.0031,2.9074
131072,DIRECT,2,102,2.857984,0.0046,0.0031,2.9927
131072,DIRECT,2,103,2.768896,0.0055,0.0023,2.7569
131072,DIRECT,2,104,2.794496,0.0049,0.0024,3.1146
131072,DIRECT,2,105,2.8672,0.0046,0.0023,2.7887
131072,DIRECT,2,106,2.890752,0.006,0.0025,2.7756
131072,DIRECT,2,107,3.344384,0.0097,0.0033,2.9569
131072,DIRECT,2,108,2.83648,0.0068,0.0022,3.0069
131072,DIRECT,2,109,5.349376,0.0073,0.0027,2.95
131072,DIRECT,2,110,3.303424,0.0082,0.0025,2.9437
131072,DIRECT,2,111,3.582976,0.0072,0.0031,3.2138
131072,DIRECT,2,112,4.134912,0.0077,0.0022,3.1162
131072,DIRECT,2,113,4.36736,0.0058,0.0033,3.7151
131072,DIRECT,2,114,3.442688,0.0063,0.0026,3.0789
131072,DIRECT,2,115,3.559424,0.0083,0.0026,2.9195
131072,DIRECT,2,116,4.109312,0.0054,0.0025,2.9644
131072,DIRECT,2,117,3.09248,0.007,0.0026,2.9612
131072,DIRECT,2,118,4.443136,0.0121,0.0024,2.8117
131072,DIRECT,2,119,4.191232,0.0047,0.0032,3.1616
