count,mode,run,sample,gpu_ms,cpu_submit_ms,cpu_decode_ms
10000,pick_hit,1,0,0.069632,0.0012,0.2659
10000,pick_hit,1,1,0.02048,0.005,0.0399
10000,pick_hit,1,2,0.02048,0.0044,0.0329
10000,pick_hit,1,3,0.023552,0.0041,0.0402
10000,pick_hit,1,4,0.03072,0.0059,0.0378
10000,pick_hit,1,5,0.017408,0.0048,0.0227
10000,pick_hit,1,6,0.017408,0.0047,0.0128
10000,pick_hit,1,7,0.016384,0.0046,0.0128
10000,pick_hit,1,8,0.016384,0.0046,0.0129
10000,pick_hit,1,9,0.016384,0.0048,0.0126
10000,pick_hit,1,10,0.016384,0.0042,0.0118
10000,pick_hit,1,11,0.017408,0.0041,0.0155
10000,pick_hit,1,12,0.022528,0.0048,0.0124
10000,pick_hit,1,13,0.021504,0.0046,0.0174
10000,pick_hit,1,14,0.016384,0.0051,0.012
10000,pick_hit,1,15,0.016384,0.0043,0.0146
10000,pick_hit,1,16,0.017408,0.0045,0.013
10000,pick_hit,1,17,0.016384,0.0047,0.012
10000,pick_hit,1,18,0.017408,0.0044,0.0117
10000,pick_hit,1,19,0.017408,0.0041,0.0081
10000,pick_hit,1,20,0.016384,0.0038,0.0121
10000,pick_hit,1,21,0.016384,0.0041,0.012
10000,pick_hit,1,22,0.02048,0.0041,0.0128
10000,pick_hit,1,23,0.017408,0.0044,0.0128
10000,pick_hit,1,24,0.017408,0.0052,0.0125
10000,pick_hit,1,25,0.017408,0.0042,0.0133
10000,pick_hit,1,26,0.017408,0.0044,0.0129
10000,pick_hit,1,27,0.021504,0.0045,0.0123
10000,pick_hit,1,28,0.02048,0.0044,0.0125
10000,pick_hit,1,29,0.02048,0.0043,0.0134
10000,pick_hit,1,30,0.019456,0.0049,0.0138
10000,pick_hit,1,31,0.021504,0.0042,0.0122
10000,pick_hit,1,32,0.019456,0.0042,0.0121
10000,pick_hit,1,33,0.017408,0.0041,0.0122
10000,pick_hit,1,34,0.017408,0.0062,0.0082
10000,pick_hit,1,35,0.016384,0.0037,0.0124
10000,pick_hit,1,36,0.017408,0.0044,0.0126
10000,pick_hit,1,37,0.017408,0.0074,0.0162
10000,pick_hit,1,38,0.017408,0.0055,0.0164
10000,pick_hit,1,39,0.016384,0.0064,0.0151
10000,pick_hit,1,40,0.02048,0.0062,0.0151
10000,pick_hit,1,41,0.017408,0.0056,0.0142
10000,pick_hit,1,42,0.017408,0.0062,0.0094
10000,pick_hit,1,43,0.016384,0.0052,0.036
10000,pick_hit,1,44,0.016384,0.0066,0.013
10000,pick_hit,1,45,0.016384,0.0046,0.0153
10000,pick_hit,1,46,0.017408,0.0045,0.0082
10000,pick_hit,1,47,0.017408,0.0035,0.0128
10000,pick_hit,1,48,0.016384,0.0047,0.0117
10000,pick_hit,1,49,0.021504,0.0061,0.0126
10000,pick_hit,1,50,0.016384,0.0043,0.008
10000,pick_hit,1,51,0.017408,0.0035,0.0079
10000,pick_hit,1,52,0.017408,0.0035,0.0118
10000,pick_hit,1,53,0.016384,0.0044,0.0087
10000,pick_hit,1,54,0.016384,0.004,0.0123
10000,pick_hit,1,55,0.016384,0.0044,0.0079
10000,pick_hit,1,56,0.017408,0.0037,0.0119
10000,pick_hit,1,57,0.016384,0.0044,0.0081
10000,pick_hit,1,58,0.021504,0.004,0.0118
10000,pick_hit,1,59,0.018432,0.0044,0.0119
10000,pick_hit,1,60,0.016384,0.0043,0.0135
10000,pick_hit,1,61,0.017408,0.0044,0.0085
10000,pick_hit,1,62,0.017408,0.0039,0.0081
10000,pick_hit,1,63,0.017408,0.0036,0.0131
10000,pick_hit,1,64,0.017408,0.0042,0.0135
10000,pick_hit,1,65,0.016384,0.0044,0.0124
10000,pick_hit,1,66,0.017408,0.0042,0.008
10000,pick_hit,1,67,0.021504,0.0035,0.0124
10000,pick_hit,1,68,0.016384,0.0045,0.0115
10000,pick_hit,1,69,0.016384,0.0044,0.0086
10000,pick_hit,1,70,0.017408,0.004,0.0081
10000,pick_hit,1,71,0.017408,0.0035,0.0078
10000,pick_hit,1,72,0.016384,0.0036,0.0118
10000,pick_hit,1,73,0.016384,0.0044,0.0132
10000,pick_hit,1,74,0.017408,0.0049,0.0122
10000,pick_hit,1,75,0.017408,0.0042,0.0124
10000,pick_hit,1,76,0.021504,0.0042,0.0121
10000,pick_hit,1,77,0.017408,0.004,0.0129
10000,pick_hit,1,78,0.017408,0.0046,0.0137
10000,pick_hit,1,79,0.017408,0.0048,0.0122
10000,pick_hit,1,80,0.016384,0.0042,0.0084
10000,pick_hit,1,81,0.016384,0.0036,0.0128
10000,pick_hit,1,82,0.017408,0.0044,0.0141
10000,pick_hit,1,83,0.016384,0.0044,0.0131
10000,pick_hit,1,84,0.016384,0.0045,0.0121
10000,pick_hit,1,85,0.021504,0.0041,0.0119
10000,pick_hit,1,86,0.017408,0.004,0.0139
10000,pick_hit,1,87,0.016384,0.0044,0.0088
10000,pick_hit,1,88,0.017408,0.0041,0.012
10000,pick_hit,1,89,0.017408,0.0042,0.014
10000,pick_hit,1,90,0.016384,0.0073,0.0122
10000,pick_hit,1,91,0.016384,0.0041,0.009
10000,pick_hit,1,92,0.017408,0.0038,0.012
10000,pick_hit,1,93,0.016384,0.0041,0.0121
10000,pick_hit,1,94,0.02048,0.0044,0.0122
10000,pick_hit,1,95,0.017408,0.0041,0.0121
10000,pick_hit,1,96,0.017408,0.0041,0.0143
10000,pick_hit,1,97,0.016384,0.0046,0.0127
10000,pick_hit,1,98,0.017408,0.0046,0.0119
10000,pick_hit,1,99,0.016384,0.0043,0.0126
10000,pick_hit,1,100,0.017408,0.0041,0.0082
10000,pick_hit,1,101,0.016384,0.0035,0.0097
10000,pick_hit,1,102,0.017408,0.0036,0.0118
10000,pick_hit,1,103,0.021504,0.0043,0.0124
10000,pick_hit,1,104,0.017408,0.0041,0.008
10000,pick_hit,1,105,0.018432,0.0034,0.0143
10000,pick_hit,1,106,0.017408,0.004,0.0119
10000,pick_hit,1,107,0.016384,0.0042,0.0085
10000,pick_hit,1,108,0.017408,0.0039,0.0124
10000,pick_hit,1,109,0.016384,0.0044,0.0078
10000,pick_hit,1,110,0.017408,0.0039,0.0128
10000,pick_hit,1,111,0.017408,0.0045,0.0125
10000,pick_hit,1,112,0.021504,0.0042,0.0137
10000,pick_hit,1,113,0.017408,0.004,0.0127
10000,pick_hit,1,114,0.016384,0.0039,0.012
10000,pick_hit,1,115,0.017408,0.0044,0.0126
10000,pick_hit,1,116,0.017408,0.0042,0.0099
10000,pick_hit,1,117,0.016384,0.0035,0.0127
10000,pick_hit,1,118,0.017408,0.0045,0.012
10000,pick_hit,1,119,0.016384,0.004,0.0134
10000,pick_hit,2,0,0.019456,0.0014,0.0083
10000,pick_hit,2,1,0.016384,0.0036,0.0103
10000,pick_hit,2,2,0.017408,0.0041,0.0066
10000,pick_hit,2,3,0.017408,0.0035,0.0066
10000,pick_hit,2,4,0.016384,0.0035,0.0066
10000,pick_hit,2,5,0.017408,0.0035,0.0066
10000,pick_hit,2,6,0.016384,0.0035,0.0151
10000,pick_hit,2,7,0.017408,0.0065,0.011
10000,pick_hit,2,8,0.02048,0.006,0.0118
10000,pick_hit,2,9,0.023552,0.0046,0.0107
10000,pick_hit,2,10,0.02048,0.004,0.0108
10000,pick_hit,2,11,0.016384,0.0047,0.0069
10000,pick_hit,2,12,0.016384,0.0039,0.0115
10000,pick_hit,2,13,0.017408,0.0039,0.0067
10000,pick_hit,2,14,0.017408,0.0037,0.0065
10000,pick_hit,2,15,0.016384,0.0035,0.0103
10000,pick_hit,2,16,0.017408,0.0038,0.0117
10000,pick_hit,2,17,0.016384,0.0048,0.0065
10000,pick_hit,2,18,0.016384,0.0039,0.01
10000,pick_hit,2,19,0.021504,0.0039,0.0117
10000,pick_hit,2,20,0.017408,0.0045,0.0066
10000,pick_hit,2,21,0.016384,0.0052,0.0071
10000,pick_hit,2,22,0.017408,0.0034,0.011
10000,pick_hit,2,23,0.017408,0.0045,0.0066
10000,pick_hit,2,24,0.017408,0.0035,0.0103
10000,pick_hit,2,25,0.017408,0.0039,0.0082
10000,pick_hit,2,26,0.016384,0.0035,0.0066
10000,pick_hit,2,27,0.016384,0.0034,0.0067
10000,pick_hit,2,28,0.021504,0.0034,0.0101
10000,pick_hit,2,29,0.016384,0.0041,0.0067
10000,pick_hit,2,30,0.016384,0.0035,0.0067
10000,pick_hit,2,31,0.017408,0.0034,0.0069
10000,pick_hit,2,32,0.016384,0.0034,0.0065
10000,pick_hit,2,33,0.017408,0.0036,0.0103
10000,pick_hit,2,34,0.016384,0.0041,0.0067
10000,pick_hit,2,35,0.016384,0.0035,0.0066
10000,pick_hit,2,36,0.017408,0.0035,0.0067
10000,pick_hit,2,37,0.016384,0.0035,0.0116
10000,pick_hit,2,38,0.016384,0.0046,0.0099
10000,pick_hit,2,39,0.017408,0.0036,0.0067
10000,pick_hit,2,40,0.016384,0.0034,0.0067
10000,pick_hit,2,41,0.016384,0.0034,0.0066
10000,pick_hit,2,42,0.016384,0.0034,0.0112
10000,pick_hit,2,43,0.017408,0.0043,0.0066
10000,pick_hit,2,44,0.017408,0.0035,0.0066
10000,pick_hit,2,45,0.017408,0.0035,0.014
10000,pick_hit,2,46,0.021504,0.0044,0.0108
10000,pick_hit,2,47,0.016384,0.0047,0.0067
10000,pick_hit,2,48,0.016384,0.004,0.0097
10000,pick_hit,2,49,0.017408,0.0039,0.0082
10000,pick_hit,2,50,0.017408,0.0035,0.0066
10000,pick_hit,2,51,0.016384,0.0034,0.0104
10000,pick_hit,2,52,0.016384,0.0039,0.0066
10000,pick_hit,2,53,0.016384,0.0034,0.0104
10000,pick_hit,2,54,0.016384,0.0038,0.0067
10000,pick_hit,2,55,0.021504,0.0035,0.0114
10000,pick_hit,2,56,0.017408,0.0046,0.0066
10000,pick_hit,2,57,0.016384,0.0035,0.0065
10000,pick_hit,2,58,0.016384,0.0048,0.0066
10000,pick_hit,2,59,0.017408,0.0035,0.007
10000,pick_hit,2,60,0.016384,0.0035,0.0111
10000,pick_hit,2,61,0.016384,0.0044,0.0065
10000,pick_hit,2,62,0.016384,0.0039,0.0111
10000,pick_hit,2,63,0.017408,0.0039,0.0067
10000,pick_hit,2,64,0.02048,0.0035,0.0112
10000,pick_hit,2,65,0.016384,0.0046,0.0066
10000,pick_hit,2,66,0.016384,0.0037,0.0097
10000,pick_hit,2,67,0.017408,0.0039,0.0065
10000,pick_hit,2,68,0.018432,0.0034,0.0113
10000,pick_hit,2,69,0.017408,0.0046,0.0106
10000,pick_hit,2,70,0.016384,0.0039,0.0066
10000,pick_hit,2,71,0.016384,0.0035,0.0067
10000,pick_hit,2,72,0.017408,0.0034,0.0111
10000,pick_hit,2,73,0.021504,0.0044,0.0102
10000,pick_hit,2,74,0.017408,0.0038,0.0066
10000,pick_hit,2,75,0.016384,0.0035,0.0086
10000,pick_hit,2,76,0.017408,0.0035,0.0066
10000,pick_hit,2,77,0.017408,0.0035,0.0112
10000,pick_hit,2,78,0.016384,0.0043,0.0102
10000,pick_hit,2,79,0.016384,0.0039,0.0066
10000,pick_hit,2,80,0.016384,0.0034,0.007
10000,pick_hit,2,81,0.016384,0.0034,0.0067
10000,pick_hit,2,82,0.021504,0.0035,0.011
10000,pick_hit,2,83,0.017408,0.0044,0.0066
10000,pick_hit,2,84,0.017408,0.0037,0.0108
10000,pick_hit,2,85,0.016384,0.004,0.0065
10000,pick_hit,2,86,0.016384,0.004,0.0097
10000,pick_hit,2,87,0.016384,0.0039,0.0119
10000,pick_hit,2,88,0.017408,0.0046,0.0081
10000,pick_hit,2,89,0.017408,0.0036,0.0067
10000,pick_hit,2,90,0.017408,0.0038,0.0098
10000,pick_hit,2,91,0.021504,0.004,0.012
10000,pick_hit,2,92,0.017408,0.0046,0.0084
10000,pick_hit,2,93,0.017408,0.0036,0.0067
10000,pick_hit,2,94,0.017408,0.0038,0.0098
10000,pick_hit,2,95,0.017408,0.0039,0.0102
10000,pick_hit,2,96,0.017408,0.0038,0.0114
10000,pick_hit,2,97,0.017408,0.0047,0.0066
10000,pick_hit,2,98,0.017408,0.0038,0.0096
10000,pick_hit,2,99,0.021504,0.0039,0.0121
10000,pick_hit,2,100,0.021504,0.0046,0.0112
10000,pick_hit,2,101,0.016384,0.0039,0.0065
10000,pick_hit,2,102,0.017408,0.0037,0.0096
10000,pick_hit,2,103,0.017408,0.0038,0.0066
10000,pick_hit,2,104,0.017408,0.0034,0.0065
10000,pick_hit,2,105,0.016384,0.0034,0.0119
10000,pick_hit,2,106,0.016384,0.0039,0.0066
10000,pick_hit,2,107,0.016384,0.0034,0.0066
10000,pick_hit,2,108,0.017408,0.0034,0.0066
10000,pick_hit,2,109,0.021504,0.0035,0.0103
10000,pick_hit,2,110,0.016384,0.0039,0.0066
10000,pick_hit,2,111,0.016384,0.0036,0.0187
10000,pick_hit,2,112,0.016384,0.0047,0.0128
10000,pick_hit,2,113,0.018432,0.0048,0.0128
10000,pick_hit,2,114,0.017408,0.0067,0.0106
10000,pick_hit,2,115,0.021504,0.0039,0.0135
10000,pick_hit,2,116,0.02048,0.0048,0.0109
10000,pick_hit,2,117,0.019456,0.004,0.0105
10000,pick_hit,2,118,0.021504,0.0041,0.0133
10000,pick_hit,2,119,0.017408,0.0052,0.0102
10000,pick_hit,3,0,0.019456,0.0132,0.0161
10000,pick_hit,3,1,0.019456,0.0032,0.0112
10000,pick_hit,3,2,0.02048,0.0046,0.0096
10000,pick_hit,3,3,0.016384,0.0037,0.006
10000,pick_hit,3,4,0.016384,0.0032,0.0059
10000,pick_hit,3,5,0.016384,0.0033,0.0097
10000,pick_hit,3,6,0.017408,0.0036,0.0102
10000,pick_hit,3,7,0.016384,0.0041,0.0103
10000,pick_hit,3,8,0.016384,0.0037,0.0062
10000,pick_hit,3,9,0.016384,0.0047,0.0059
10000,pick_hit,3,10,0.016384,0.0032,0.0058
10000,pick_hit,3,11,0.022528,0.0033,0.0103
10000,pick_hit,3,12,0.017408,0.0039,0.0064
10000,pick_hit,3,13,0.017408,0.0033,0.0075
10000,pick_hit,3,14,0.017408,0.0037,0.0092
10000,pick_hit,3,15,0.017408,0.0038,0.0094
10000,pick_hit,3,16,0.022528,0.0036,0.0105
10000,pick_hit,3,17,0.02048,0.0045,0.0096
10000,pick_hit,3,18,0.02048,0.0037,0.0096
10000,pick_hit,3,19,0.02048,0.0036,0.0104
10000,pick_hit,3,20,0.021504,0.004,0.0106
10000,pick_hit,3,21,0.017408,0.0038,0.0063
10000,pick_hit,3,22,0.016384,0.0034,0.0092
10000,pick_hit,3,23,0.016384,0.004,0.0103
10000,pick_hit,3,24,0.017408,0.0044,0.0063
10000,pick_hit,3,25,0.022528,0.0032,0.0096
10000,pick_hit,3,26,0.021504,0.0037,0.0107
10000,pick_hit,3,27,0.02048,0.0036,0.0111
10000,pick_hit,3,28,0.019456,0.0043,0.0103
10000,pick_hit,3,29,0.021504,0.0036,0.0097
10000,pick_hit,3,30,0.016384,0.0038,0.0091
10000,pick_hit,3,31,0.017408,0.0039,0.0105
10000,pick_hit,3,32,0.016384,0.0044,0.0064
10000,pick_hit,3,33,0.017408,0.0033,0.0095
10000,pick_hit,3,34,0.017408,0.0038,0.0092
10000,pick_hit,3,35,0.017408,0.0038,0.0103
10000,pick_hit,3,36,0.017408,0.0044,0.0063
10000,pick_hit,3,37,0.017408,0.0033,0.0095
10000,pick_hit,3,38,0.02048,0.0038,0.0091
10000,pick_hit,3,39,0.016384,0.0038,0.008
10000,pick_hit,3,40,0.017408,0.0036,0.0092
10000,pick_hit,3,41,0.018432,0.0036,0.0096
10000,pick_hit,3,42,0.018432,0.0037,0.0091
10000,pick_hit,3,43,0.022528,0.0037,0.0107
10000,pick_hit,3,44,0.02048,0.0036,0.0102
10000,pick_hit,3,45,0.019456,0.0046,0.0098
10000,pick_hit,3,46,0.016384,0.0038,0.0092
10000,pick_hit,3,47,0.02048,0.0037,0.0104
10000,pick_hit,3,48,0.016384,0.0044,0.0104
10000,pick_hit,3,49,0.016384,0.0038,0.0063
10000,pick_hit,3,50,0.017408,0.0033,0.0063
10000,pick_hit,3,51,0.017408,0.0033,0.0063
10000,pick_hit,3,52,0.016384,0.0047,0.0102
10000,pick_hit,3,53,0.017408,0.004,0.0063
10000,pick_hit,3,54,0.017408,0.0034,0.0095
10000,pick_hit,3,55,0.017408,0.0037,0.0059
10000,pick_hit,3,56,0.021504,0.0032,0.0118
10000,pick_hit,3,57,0.021504,0.0041,0.0097
10000,pick_hit,3,58,0.017408,0.0039,0.0093
10000,pick_hit,3,59,0.016384,0.0038,0.0094
10000,pick_hit,3,60,0.017408,0.0036,0.0104
10000,pick_hit,3,61,0.016384,0.0045,0.0097
10000,pick_hit,3,62,0.016384,0.0037,0.0093
10000,pick_hit,3,63,0.017408,0.0036,0.006
10000,pick_hit,3,64,0.016384,0.0032,0.0103
10000,pick_hit,3,65,0.021504,0.0044,0.0096
10000,pick_hit,3,66,0.017408,0.0037,0.0094
10000,pick_hit,3,67,0.016384,0.0039,0.0103
10000,pick_hit,3,68,0.016384,0.0044,0.0144
10000,pick_hit,3,69,0.017408,0.0044,0.0162
10000,pick_hit,3,70,0.017408,0.0061,0.0125
10000,pick_hit,3,71,0.017408,0.0045,0.013
10000,pick_hit,3,72,0.018432,0.0051,0.0156
10000,pick_hit,3,73,0.02048,0.0049,0.0107
10000,pick_hit,3,74,0.019456,0.0047,0.0106
10000,pick_hit,3,75,0.017408,0.0045,0.0104
10000,pick_hit,3,76,0.017408,0.0044,0.0102
10000,pick_hit,3,77,0.016384,0.0038,0.0104
10000,pick_hit,3,78,0.017408,0.0045,0.0066
10000,pick_hit,3,79,0.017408,0.0035,0.0096
10000,pick_hit,3,80,0.017408,0.0039,0.0093
10000,pick_hit,3,81,0.017408,0.0039,0.0092
10000,pick_hit,3,82,0.017408,0.0036,0.0115
10000,pick_hit,3,83,0.021504,0.0036,0.0098
10000,pick_hit,3,84,0.017408,0.0039,0.0093
10000,pick_hit,3,85,0.016384,0.0036,0.0094
10000,pick_hit,3,86,0.016384,0.0038,0.0108
10000,pick_hit,3,87,0.017408,0.0039,0.0093
10000,pick_hit,3,88,0.022528,0.0035,0.0103
10000,pick_hit,3,89,0.019456,0.0045,0.0097
10000,pick_hit,3,90,0.02048,0.0038,0.0092
10000,pick_hit,3,91,0.019456,0.0039,0.0104
10000,pick_hit,3,92,0.02048,0.0044,0.0104
10000,pick_hit,3,93,0.017408,0.0037,0.0096
10000,pick_hit,3,94,0.017408,0.004,0.0092
10000,pick_hit,3,95,0.017408,0.0053,0.0106
10000,pick_hit,3,96,0.016384,0.0044,0.006
10000,pick_hit,3,97,0.016384,0.0034,0.0097
10000,pick_hit,3,98,0.017408,0.0035,0.0063
10000,pick_hit,3,99,0.016384,0.0032,0.0119
10000,pick_hit,3,100,0.016384,0.004,0.0103
10000,pick_hit,3,101,0.021504,0.0037,0.0097
10000,pick_hit,3,102,0.017408,0.0039,0.0093
10000,pick_hit,3,103,0.017408,0.0039,0.008
10000,pick_hit,3,104,0.018432,0.0037,0.0109
10000,pick_hit,3,105,0.016384,0.0046,0.006
10000,pick_hit,3,106,0.021504,0.0032,0.0096
10000,pick_hit,3,107,0.02048,0.0036,0.0102
10000,pick_hit,3,108,0.016384,0.0058,0.006
10000,pick_hit,3,109,0.017408,0.0032,0.0094
10000,pick_hit,3,110,0.021504,0.0038,0.0093
10000,pick_hit,3,111,0.016384,0.0038,0.0104
10000,pick_hit,3,112,0.017408,0.0045,0.0076
10000,pick_hit,3,113,0.017408,0.0033,0.0098
10000,pick_hit,3,114,0.017408,0.0039,0.0093
10000,pick_hit,3,115,0.017408,0.0038,0.01
10000,pick_hit,3,116,0.017408,0.0036,0.011
10000,pick_hit,3,117,0.017408,0.0045,0.0063
10000,pick_hit,3,118,0.016384,0.0032,0.0063
10000,pick_hit,3,119,0.021504,0.0033,0.0105
10000,pick_miss,1,0,0.02048,0.0013,0.0069
10000,pick_miss,1,1,0.02048,0.0034,0.0111
10000,pick_miss,1,2,0.021504,0.0046,0.0106
10000,pick_miss,1,3,0.016384,0.0038,0.0063
10000,pick_miss,1,4,0.016384,0.0034,0.012
10000,pick_miss,1,5,0.018432,0.004,0.0104
10000,pick_miss,1,6,0.017408,0.0036,0.0063
10000,pick_miss,1,7,0.022528,0.0033,0.0071
10000,pick_miss,1,8,0.02048,0.0043,0.0137
10000,pick_miss,1,9,0.016384,0.0065,0.0133
10000,pick_miss,1,10,0.016384,0.0053,0.0107
10000,pick_miss,1,11,0.021504,0.0043,0.0096
10000,pick_miss,1,12,0.017408,0.0044,0.0113
10000,pick_miss,1,13,0.016384,0.0047,0.0064
10000,pick_miss,1,14,0.016384,0.0032,0.0076
10000,pick_miss,1,15,0.016384,0.0034,0.0099
10000,pick_miss,1,16,0.022528,0.0038,0.0094
10000,pick_miss,1,17,0.019456,0.0037,0.0097
10000,pick_miss,1,18,0.023552,0.0035,0.0107
10000,pick_miss,1,19,0.017408,0.0046,0.0098
10000,pick_miss,1,20,0.021504,0.0047,0.0105
10000,pick_miss,1,21,0.016384,0.004,0.0109
10000,pick_miss,1,22,0.016384,0.0037,0.0107
10000,pick_miss,1,23,0.016384,0.0037,0.0101
10000,pick_miss,1,24,0.016384,0.0039,0.0093
10000,pick_miss,1,25,0.022528,0.0037,0.0092
10000,pick_miss,1,26,0.019456,0.0036,0.0099
10000,pick_miss,1,27,0.02048,0.0036,0.0099
10000,pick_miss,1,28,0.016384,0.0037,0.0093
10000,pick_miss,1,29,0.021504,0.0037,0.0094
10000,pick_miss,1,30,0.016384,0.0036,0.0111
10000,pick_miss,1,31,0.017408,0.0045,0.0066
10000,pick_miss,1,32,0.016384,0.0032,0.0105
10000,pick_miss,1,33,0.016384,0.0036,0.0101
10000,pick_miss,1,34,0.016384,0.0044,0.011
10000,pick_miss,1,35,0.016384,0.0044,0.0323
10000,pick_miss,1,36,0.022528,0.0049,0.0111
10000,pick_miss,1,37,0.02048,0.0051,0.0241
10000,pick_miss,1,38,0.02048,0.0042,0.0105
10000,pick_miss,1,39,0.017408,0.0041,0.0232
10000,pick_miss,1,40,0.016384,0.0038,0.011
10000,pick_miss,1,41,0.016384,0.0045,0.012
10000,pick_miss,1,42,0.017408,0.0062,0.0106
10000,pick_miss,1,43,0.016384,0.0036,0.0105
10000,pick_miss,1,44,0.016384,0.0036,0.0177
10000,pick_miss,1,45,0.016384,0.0045,0.01
10000,pick_miss,1,46,0.016384,0.0038,0.0108
10000,pick_miss,1,47,0.021504,0.0036,0.0104
10000,pick_miss,1,48,0.016384,0.0041,0.0059
10000,pick_miss,1,49,0.016384,0.0032,0.0107
10000,pick_miss,1,50,0.016384,0.0039,0.0067
10000,pick_miss,1,51,0.021504,0.0033,0.0102
10000,pick_miss,1,52,0.022528,0.0039,0.011
10000,pick_miss,1,53,0.02048,0.0037,0.0111
10000,pick_miss,1,54,0.02048,0.0043,0.011
10000,pick_miss,1,55,0.016384,0.0037,0.01
10000,pick_miss,1,56,0.021504,0.0039,0.0093
10000,pick_miss,1,57,0.017408,0.0034,0.0133
10000,pick_miss,1,58,0.016384,0.0043,0.0107
10000,pick_miss,1,59,0.016384,0.0036,0.0067
10000,pick_miss,1,60,0.016384,0.0032,0.0066
10000,pick_miss,1,61,0.016384,0.0032,0.0106
10000,pick_miss,1,62,0.016384,0.004,0.0127
10000,pick_miss,1,63,0.016384,0.0037,0.0102
10000,pick_miss,1,64,0.016384,0.0036,0.0095
10000,pick_miss,1,65,0.021504,0.0036,0.011
10000,pick_miss,1,66,0.016384,0.0039,0.0107
10000,pick_miss,1,67,0.017408,0.0036,0.0117
10000,pick_miss,1,68,0.016384,0.0037,0.0063
10000,pick_miss,1,69,0.018432,0.0032,0.0107
10000,pick_miss,1,70,0.022528,0.0039,0.0107
10000,pick_miss,1,71,0.016384,0.0037,0.01
10000,pick_miss,1,72,0.016384,0.0039,0.0092
10000,pick_miss,1,73,0.016384,0.0038,0.0093
10000,pick_miss,1,74,0.021504,0.0036,0.0107
10000,pick_miss,1,75,0.016384,0.0046,0.0101
10000,pick_miss,1,76,0.016384,0.0039,0.0091
10000,pick_miss,1,77,0.016384,0.0038,0.0103
10000,pick_miss,1,78,0.017408,0.0045,0.0067
10000,pick_miss,1,79,0.022528,0.0033,0.0099
10000,pick_miss,1,80,0.02048,0.0038,0.0091
10000,pick_miss,1,81,0.019456,0.0038,0.0091
10000,pick_miss,1,82,0.021504,0.0035,0.0107
10000,pick_miss,1,83,0.021504,0.0045,0.01
10000,pick_miss,1,84,0.019456,0.0038,0.0092
10000,pick_miss,1,85,0.016384,0.0037,0.0118
10000,pick_miss,1,86,0.017408,0.0046,0.0106
10000,pick_miss,1,87,0.016384,0.0037,0.0067
10000,pick_miss,1,88,0.016384,0.0035,0.0107
10000,pick_miss,1,89,0.017408,0.004,0.0108
10000,pick_miss,1,90,0.016384,0.0037,0.011
10000,pick_miss,1,91,0.016384,0.0037,0.0099
10000,pick_miss,1,92,0.021504,0.004,0.0092
10000,pick_miss,1,93,0.016384,0.0037,0.0062
10000,pick_miss,1,94,0.016384,0.0031,0.0108
10000,pick_miss,1,95,0.017408,0.0044,0.01
10000,pick_miss,1,96,0.016384,0.0038,0.0092
10000,pick_miss,1,97,0.016384,0.0038,0.0155
10000,pick_miss,1,98,0.023552,0.0037,0.0112
10000,pick_miss,1,99,0.02048,0.0046,0.01
10000,pick_miss,1,100,0.02048,0.0039,0.0092
10000,pick_miss,1,101,0.021504,0.0037,0.0105
10000,pick_miss,1,102,0.016384,0.0044,0.0067
10000,pick_miss,1,103,0.016384,0.0033,0.0063
10000,pick_miss,1,104,0.017408,0.0031,0.0097
10000,pick_miss,1,105,0.016384,0.0036,0.0063
10000,pick_miss,1,106,0.016384,0.0032,0.0103
10000,pick_miss,1,107,0.017408,0.0041,0.01
10000,pick_miss,1,108,0.016384,0.0037,0.0103
10000,pick_miss,1,109,0.016384,0.004,0.0109
10000,pick_miss,1,110,0.021504,0.0036,0.0114
10000,pick_miss,1,111,0.016384,0.0037,0.0063
10000,pick_miss,1,112,0.016384,0.0031,0.0108
10000,pick_miss,1,113,0.022528,0.0058,0.0097
10000,pick_miss,1,114,0.016384,0.0036,0.0063
10000,pick_miss,1,115,0.022528,0.0032,0.0101
10000,pick_miss,1,116,0.019456,0.0038,0.0092
10000,pick_miss,1,117,0.016384,0.0038,0.0092
10000,pick_miss,1,118,0.016384,0.0051,0.0105
10000,pick_miss,1,119,0.02048,0.0045,0.0098
10000,pick_miss,2,0,0.017408,0.0013,0.0108
10000,pick_miss,2,1,0.016384,0.0045,0.0068
10000,pick_miss,2,2,0.022528,0.0034,0.0106
10000,pick_miss,2,3,0.02048,0.0038,0.0105
10000,pick_miss,2,4,0.01536,0.0037,0.0099
10000,pick_miss,2,5,0.016384,0.0039,0.0097
10000,pick_miss,2,6,0.02048,0.0037,0.0096
10000,pick_miss,2,7,0.016384,0.0035,0.0108
10000,pick_miss,2,8,0.016384,0.0043,0.0099
10000,pick_miss,2,9,0.017408,0.0038,0.0091
10000,pick_miss,2,10,0.016384,0.0039,0.0092
10000,pick_miss,2,11,0.016384,0.0036,0.0106
10000,pick_miss,2,12,0.016384,0.0046,0.0098
10000,pick_miss,2,13,0.016384,0.0037,0.0091
10000,pick_miss,2,14,0.016384,0.0037,0.0093
10000,pick_miss,2,15,0.021504,0.0035,0.0106
10000,pick_miss,2,16,0.016384,0.0045,0.0066
10000,pick_miss,2,17,0.016384,0.0073,0.0093
10000,pick_miss,2,18,0.0768,0.0038,0.0098
10000,pick_miss,2,19,0.016384,0.0038,0.0095
10000,pick_miss,2,20,0.016384,0.0036,0.0308
10000,pick_miss,2,21,0.017408,0.0068,0.0147
10000,pick_miss,2,22,0.022528,0.0088,0.01
10000,pick_miss,2,23,0.019456,0.0039,0.0172
10000,pick_miss,2,24,0.021504,0.0038,0.0101
10000,pick_miss,2,25,0.016384,0.0037,0.0102
10000,pick_miss,2,26,0.016384,0.0037,0.0108
10000,pick_miss,2,27,0.016384,0.0046,0.0123
10000,pick_miss,2,28,0.016384,0.0046,0.0105
10000,pick_miss,2,29,0.017408,0.0044,0.0103
10000,pick_miss,2,30,0.017408,0.0037,0.0104
10000,pick_miss,2,31,0.016384,0.0039,0.0104
10000,pick_miss,2,32,0.02048,0.0045,0.0124
10000,pick_miss,2,33,0.021504,0.0038,0.011
10000,pick_miss,2,34,0.02048,0.0037,0.0099
10000,pick_miss,2,35,0.02048,0.0046,0.0092
10000,pick_miss,2,36,0.017408,0.0039,0.0092
10000,pick_miss,2,37,0.021504,0.0036,0.0124
10000,pick_miss,2,38,0.021504,0.0046,0.01
10000,pick_miss,2,39,0.02048,0.004,0.0092
10000,pick_miss,2,40,0.02048,0.0038,0.0104
10000,pick_miss,2,41,0.017408,0.0044,0.0104
10000,pick_miss,2,42,0.021504,0.0036,0.0119
10000,pick_miss,2,43,0.016384,0.0038,0.0092
10000,pick_miss,2,44,0.017408,0.0037,0.0092
10000,pick_miss,2,45,0.016384,0.0035,0.0105
10000,pick_miss,2,46,0.016384,0.0045,0.0065
10000,pick_miss,2,47,0.01536,0.0032,0.0116
10000,pick_miss,2,48,0.016384,0.0036,0.0106
10000,pick_miss,2,49,0.016384,0.0041,0.0106
10000,pick_miss,2,50,0.016384,0.0037,0.01
10000,pick_miss,2,51,0.021504,0.0038,0.0091
10000,pick_miss,2,52,0.016384,0.0038,0.0103
10000,pick_miss,2,53,0.017408,0.0044,0.0108
10000,pick_miss,2,54,0.017408,0.0037,0.0099
10000,pick_miss,2,55,0.018432,0.0039,0.0092
10000,pick_miss,2,56,0.022528,0.0036,0.0115
10000,pick_miss,2,57,0.016384,0.0043,0.0105
10000,pick_miss,2,58,0.016384,0.0037,0.01
10000,pick_miss,2,59,0.016384,0.0038,0.0092
10000,pick_miss,2,60,0.021504,0.0037,0.0092
10000,pick_miss,2,61,0.016384,0.0035,0.0062
10000,pick_miss,2,62,0.017408,0.0032,0.0062
10000,pick_miss,2,63,0.016384,0.0033,0.0091
10000,pick_miss,2,64,0.016384,0.0038,0.0096
10000,pick_miss,2,65,0.016384,0.0036,0.011
10000,pick_miss,2,66,0.016384,0.0044,0.0098
10000,pick_miss,2,67,0.016384,0.0038,0.0092
10000,pick_miss,2,68,0.021504,0.0038,0.0094
10000,pick_miss,2,69,0.02048,0.0035,0.0109
10000,pick_miss,2,70,0.016384,0.0046,0.0098
10000,pick_miss,2,71,0.016384,0.0038,0.0091
10000,pick_miss,2,72,0.016384,0.0037,0.0105
10000,pick_miss,2,73,0.016384,0.0044,0.0062
10000,pick_miss,2,74,0.016384,0.0033,0.0099
10000,pick_miss,2,75,0.016384,0.0038,0.0092
10000,pick_miss,2,76,0.016384,0.0038,0.0093
10000,pick_miss,2,77,0.016384,0.0036,0.0109
10000,pick_miss,2,78,0.021504,0.0044,0.0098
10000,pick_miss,2,79,0.016384,0.0037,0.0092
10000,pick_miss,2,80,0.016384,0.0038,0.0103
10000,pick_miss,2,81,0.016384,0.0044,0.0104
10000,pick_miss,2,82,0.016384,0.004,0.0098
10000,pick_miss,2,83,0.016384,0.0039,0.0092
10000,pick_miss,2,84,0.021504,0.0036,0.0108
10000,pick_miss,2,85,0.019456,0.0043,0.0104
10000,pick_miss,2,86,0.02048,0.0036,0.0098
10000,pick_miss,2,87,0.021504,0.0039,0.0091
10000,pick_miss,2,88,0.016384,0.0034,0.0109
10000,pick_miss,2,89,0.017408,0.0043,0.0105
10000,pick_miss,2,90,0.016384,0.0037,0.0098
10000,pick_miss,2,91,0.016384,0.0037,0.0092
10000,pick_miss,2,92,0.016384,0.0036,0.0107
10000,pick_miss,2,93,0.016384,0.0042,0.0063
10000,pick_miss,2,94,0.016384,0.0047,0.0098
10000,pick_miss,2,95,0.016384,0.0037,0.0104
10000,pick_miss,2,96,0.021504,0.0044,0.0113
10000,pick_miss,2,97,0.016384,0.0042,0.0109
10000,pick_miss,2,98,0.017408,0.0036,0.0099
10000,pick_miss,2,99,0.021504,0.0057,0.01
10000,pick_miss,2,100,0.016384,0.0037,0.0063
10000,pick_miss,2,101,0.021504,0.0032,0.0104
10000,pick_miss,2,102,0.019456,0.004,0.0099
10000,pick_miss,2,103,0.016384,0.0038,0.0092
10000,pick_miss,2,104,0.016384,0.0038,0.0057
10000,pick_miss,2,105,0.021504,0.0032,0.0098
10000,pick_miss,2,106,0.016384,0.0036,0.0062
10000,pick_miss,2,107,0.016384,0.0031,0.0103
10000,pick_miss,2,108,0.017408,0.0036,0.0106
10000,pick_miss,2,109,0.017408,0.0043,0.0103
10000,pick_miss,2,110,0.017408,0.0034,0.0215
10000,pick_miss,2,111,0.016384,0.0037,0.0118
10000,pick_miss,2,112,0.016384,0.0037,0.0097
10000,pick_miss,2,113,0.016384,0.0037,0.0102
10000,pick_miss,2,114,0.021504,0.0037,0.0115
10000,pick_miss,2,115,0.018432,0.0035,0.01
10000,pick_miss,2,116,0.016384,0.0036,0.0096
10000,pick_miss,2,117,0.017408,0.0035,0.0105
10000,pick_miss,2,118,0.016384,0.0043,0.0062
10000,pick_miss,2,119,0.016384,0.0032,0.0124
10000,pick_miss,3,0,0.016384,0.0123,0.0322
10000,pick_miss,3,1,0.016384,0.0066,0.0123
10000,pick_miss,3,2,0.016384,0.0043,0.011
10000,pick_miss,3,3,0.017408,0.0045,0.0107
10000,pick_miss,3,4,0.017408,0.0045,0.0109
10000,pick_miss,3,5,0.016384,0.0036,0.0098
10000,pick_miss,3,6,0.021504,0.0036,0.0113
10000,pick_miss,3,7,0.017408,0.0038,0.0103
10000,pick_miss,3,8,0.021504,0.0037,0.0242
10000,pick_miss,3,9,0.016384,0.0038,0.011
10000,pick_miss,3,10,0.016384,0.0037,0.0093
10000,pick_miss,3,11,0.021504,0.0036,0.0098
10000,pick_miss,3,12,0.02048,0.0036,0.0097
10000,pick_miss,3,13,0.02048,0.0035,0.0095
10000,pick_miss,3,14,0.023552,0.0035,0.0098
10000,pick_miss,3,15,0.021504,0.0035,0.0109
10000,pick_miss,3,16,0.016384,0.0042,0.0098
10000,pick_miss,3,17,0.016384,0.0038,0.0093
10000,pick_miss,3,18,0.016384,0.0035,0.0096
10000,pick_miss,3,19,0.016384,0.0035,0.0062
10000,pick_miss,3,20,0.016384,0.0031,0.0097
10000,pick_miss,3,21,0.016384,0.005,0.0062
10000,pick_miss,3,22,0.016384,0.0031,0.0108
10000,pick_miss,3,23,0.016384,0.0042,0.0108
10000,pick_miss,3,24,0.022528,0.0035,0.0102
10000,pick_miss,3,25,0.016384,0.004,0.0093
10000,pick_miss,3,26,0.016384,0.0036,0.0096
10000,pick_miss,3,27,0.017408,0.0035,0.011
10000,pick_miss,3,28,0.016384,0.0042,0.0066
10000,pick_miss,3,29,0.016384,0.0031,0.01
10000,pick_miss,3,30,0.016384,0.0035,0.0104
10000,pick_miss,3,31,0.016384,0.0039,0.0105
10000,pick_miss,3,32,0.016384,0.0035,0.0114
10000,pick_miss,3,33,0.02048,0.0038,0.0092
10000,pick_miss,3,34,0.016384,0.0034,0.0105
10000,pick_miss,3,35,0.016384,0.0043,0.0065
10000,pick_miss,3,36,0.017408,0.0032,0.0097
10000,pick_miss,3,37,0.016384,0.0037,0.0091
10000,pick_miss,3,38,0.016384,0.0036,0.0092
10000,pick_miss,3,39,0.021504,0.0035,0.0099
10000,pick_miss,3,40,0.019456,0.0035,0.0098
10000,pick_miss,3,41,0.022528,0.0035,0.0097
10000,pick_miss,3,42,0.021504,0.0035,0.0099
10000,pick_miss,3,43,0.017408,0.0036,0.0125
10000,pick_miss,3,44,0.016384,0.0042,0.0098
10000,pick_miss,3,45,0.016384,0.0038,0.0092
10000,pick_miss,3,46,0.016384,0.0036,0.0092
10000,pick_miss,3,47,0.016384,0.0035,0.0106
10000,pick_miss,3,48,0.016384,0.0043,0.0098
10000,pick_miss,3,49,0.016384,0.0038,0.0104
10000,pick_miss,3,50,0.016384,0.0044,0.0098
10000,pick_miss,3,51,0.02048,0.0039,0.0093
10000,pick_miss,3,52,0.016384,0.0035,0.0097
10000,pick_miss,3,53,0.016384,0.0035,0.0097
10000,pick_miss,3,54,0.016384,0.0034,0.012
10000,pick_miss,3,55,0.018432,0.0035,0.0103
10000,pick_miss,3,56,0.022528,0.0035,0.0096
10000,pick_miss,3,57,0.019456,0.0035,0.0107
10000,pick_miss,3,58,0.019456,0.0042,0.0105
10000,pick_miss,3,59,0.016384,0.0036,0.0103
10000,pick_miss,3,60,0.021504,0.0053,0.01
10000,pick_miss,3,61,0.016384,0.0039,0.0093
10000,pick_miss,3,62,0.017408,0.0037,0.0105
10000,pick_miss,3,63,0.016384,0.0043,0.01
10000,pick_miss,3,64,0.016384,0.0035,0.0063
10000,pick_miss,3,65,0.016384,0.0036,0.0092
10000,pick_miss,3,66,0.016384,0.0035,0.0105
10000,pick_miss,3,67,0.016384,0.0043,0.0097
10000,pick_miss,3,68,0.016384,0.0035,0.0098
10000,pick_miss,3,69,0.021504,0.0035,0.0105
10000,pick_miss,3,70,0.021504,0.0039,0.0107
10000,pick_miss,3,71,0.016384,0.0036,0.0062
10000,pick_miss,3,72,0.016384,0.0031,0.0106
10000,pick_miss,3,73,0.016384,0.0037,0.0063
10000,pick_miss,3,74,0.017408,0.0032,0.0104
10000,pick_miss,3,75,0.02048,0.0037,0.0098
10000,pick_miss,3,76,0.02048,0.0038,0.0092
10000,pick_miss,3,77,0.02048,0.0037,0.0109
10000,pick_miss,3,78,0.021504,0.0041,0.0108
10000,pick_miss,3,79,0.016384,0.0036,0.0097
10000,pick_miss,3,80,0.017408,0.0035,0.0098
10000,pick_miss,3,81,0.016384,0.0035,0.0104
10000,pick_miss,3,82,0.016384,0.0037,0.0079
10000,pick_miss,3,83,0.016384,0.0032,0.01
10000,pick_miss,3,84,0.016384,0.0037,0.0092
10000,pick_miss,3,85,0.016384,0.0035,0.0111
10000,pick_miss,3,86,0.021504,0.0041,0.0105
10000,pick_miss,3,87,0.02048,0.0036,0.0099
10000,pick_miss,3,88,0.016384,0.0038,0.0092
10000,pick_miss,3,89,0.017408,0.0037,0.0105
10000,pick_miss,3,90,0.016384,0.0043,0.0111
10000,pick_miss,3,91,0.016384,0.0036,0.0062
10000,pick_miss,3,92,0.016384,0.0031,0.01
10000,pick_miss,3,93,0.016384,0.0036,0.0121
10000,pick_miss,3,94,0.016384,0.0037,0.0106
10000,pick_miss,3,95,0.016384,0.0036,0.0097
10000,pick_miss,3,96,0.02048,0.0035,0.0097
10000,pick_miss,3,97,0.016384,0.0036,0.0107
10000,pick_miss,3,98,0.016384,0.0062,0.0062
10000,pick_miss,3,99,0.016384,0.0046,0.01
10000,pick_miss,3,100,0.016384,0.0037,0.0091
10000,pick_miss,3,101,0.022528,0.0036,0.0103
10000,pick_miss,3,102,0.019456,0.0042,0.0104
10000,pick_miss,3,103,0.02048,0.0036,0.0097
10000,pick_miss,3,104,0.019456,0.0034,0.0095
10000,pick_miss,3,105,0.02048,0.0035,0.0096
10000,pick_miss,3,106,0.016384,0.0035,0.0104
10000,pick_miss,3,107,0.017408,0.0039,0.0097
10000,pick_miss,3,108,0.017408,0.0038,0.0091
10000,pick_miss,3,109,0.017408,0.0035,0.0108
10000,pick_miss,3,110,0.016384,0.0042,0.0104
10000,pick_miss,3,111,0.016384,0.0036,0.0098
10000,pick_miss,3,112,0.016384,0.0036,0.0095
10000,pick_miss,3,113,0.016384,0.0035,0.0097
10000,pick_miss,3,114,0.021504,0.0034,0.0104
10000,pick_miss,3,115,0.017408,0.0041,0.023
10000,pick_miss,3,116,0.016384,0.0041,0.011
10000,pick_miss,3,117,0.019456,0.0036,0.0102
10000,pick_miss,3,118,0.016384,0.0034,0.0099
10000,pick_miss,3,119,0.022528,0.0044,0.0101
10000,gather_256,1,0,0.021504,0.0242,0.0254
10000,gather_256,1,1,0.017408,0.0045,0.0193
10000,gather_256,1,2,0.017408,0.0048,0.0208
10000,gather_256,1,3,0.021504,0.0049,0.0212
10000,gather_256,1,4,0.021504,0.0055,0.0208
10000,gather_256,1,5,0.022528,0.005,0.02
10000,gather_256,1,6,0.016384,0.005,0.0204
10000,gather_256,1,7,0.023552,0.0053,0.0208
10000,gather_256,1,8,0.017408,0.0049,0.0207
10000,gather_256,1,9,0.022528,0.0049,0.0199
10000,gather_256,1,10,0.02048,0.0049,0.0206
10000,gather_256,1,11,0.02048,0.0051,0.0239
10000,gather_256,1,12,0.021504,0.005,0.0208
10000,gather_256,1,13,0.02048,0.0049,0.0199
10000,gather_256,1,14,0.023552,0.005,0.0205
10000,gather_256,1,15,0.02048,0.0054,0.0209
10000,gather_256,1,16,0.021504,0.0049,0.0209
10000,gather_256,1,17,0.02048,0.0049,0.0199
10000,gather_256,1,18,0.017408,0.0051,0.021
10000,gather_256,1,19,0.022528,0.0052,0.0207
10000,gather_256,1,20,0.02048,0.0048,0.0208
10000,gather_256,1,21,0.016384,0.0049,0.0172
10000,gather_256,1,22,0.016384,0.0048,0.0212
10000,gather_256,1,23,0.016384,0.0058,0.0202
10000,gather_256,1,24,0.02048,0.0056,0.0261
10000,gather_256,1,25,0.021504,0.0052,0.0227
10000,gather_256,1,26,0.022528,0.0057,0.0209
10000,gather_256,1,27,0.021504,0.0059,0.0198
10000,gather_256,1,28,0.023552,0.005,0.0195
10000,gather_256,1,29,0.021504,0.0049,0.0209
10000,gather_256,1,30,0.023552,0.0055,0.0197
10000,gather_256,1,31,0.02048,0.005,0.0205
10000,gather_256,1,32,0.017408,0.0086,0.0212
10000,gather_256,1,33,0.021504,0.005,0.0206
10000,gather_256,1,34,0.021504,0.0048,0.0197
10000,gather_256,1,35,0.023552,0.0051,0.0203
10000,gather_256,1,36,0.017408,0.0053,0.0205
10000,gather_256,1,37,0.016384,0.0049,0.0205
10000,gather_256,1,38,0.02048,0.0047,0.0205
10000,gather_256,1,39,0.016384,0.0053,0.0196
10000,gather_256,1,40,0.021504,0.0049,0.0206
10000,gather_256,1,41,0.017408,0.0055,0.0206
10000,gather_256,1,42,0.023552,0.005,0.0196
10000,gather_256,1,43,0.016384,0.0051,0.0207
10000,gather_256,1,44,0.017408,0.0052,0.0208
10000,gather_256,1,45,0.017408,0.0049,0.0205
10000,gather_256,1,46,0.016384,0.0049,0.02
10000,gather_256,1,47,0.022528,0.0051,0.0205
10000,gather_256,1,48,0.016384,0.005,0.0205
10000,gather_256,1,49,0.023552,0.0051,0.0205
10000,gather_256,1,50,0.02048,0.0049,0.0202
10000,gather_256,1,51,0.016384,0.005,0.0205
10000,gather_256,1,52,0.016384,0.0052,0.0204
10000,gather_256,1,53,0.017408,0.0049,0.0204
10000,gather_256,1,54,0.022528,0.0049,0.02
10000,gather_256,1,55,0.016384,0.0051,0.0204
10000,gather_256,1,56,0.021504,0.0051,0.0204
10000,gather_256,1,57,0.017408,0.0049,0.0206
10000,gather_256,1,58,0.016384,0.0048,0.0197
10000,gather_256,1,59,0.017408,0.0051,0.0195
10000,gather_256,1,60,0.017408,0.0049,0.022
10000,gather_256,1,61,0.021504,0.0051,0.0201
10000,gather_256,1,62,0.017408,0.0049,0.0195
10000,gather_256,1,63,0.023552,0.0051,0.0206
10000,gather_256,1,64,0.02048,0.0051,0.0202
10000,gather_256,1,65,0.016384,0.005,0.0207
10000,gather_256,1,66,0.021504,0.0048,0.0198
10000,gather_256,1,67,0.017408,0.0053,0.0192
10000,gather_256,1,68,0.022528,0.005,0.0201
10000,gather_256,1,69,0.017408,0.0053,0.0204
10000,gather_256,1,70,0.023552,0.0049,0.0198
10000,gather_256,1,71,0.016384,0.0054,0.0206
10000,gather_256,1,72,0.02048,0.005,0.0205
10000,gather_256,1,73,0.016384,0.005,0.0214
10000,gather_256,1,74,0.02048,0.005,0.02
10000,gather_256,1,75,0.022528,0.0051,0.0205
10000,gather_256,1,76,0.017408,0.0048,0.0203
10000,gather_256,1,77,0.023552,0.0052,0.0204
10000,gather_256,1,78,0.017408,0.005,0.0194
10000,gather_256,1,79,0.021504,0.0052,0.0225
10000,gather_256,1,80,0.021504,0.0051,0.0205
10000,gather_256,1,81,0.02048,0.005,0.0217
10000,gather_256,1,82,0.023552,0.0055,0.0206
10000,gather_256,1,83,0.017408,0.0057,0.0237
10000,gather_256,1,84,0.050176,0.005,0.0323
10000,gather_256,1,85,0.022528,0.008,0.0235
10000,gather_256,1,86,0.021504,0.0065,0.0224
10000,gather_256,1,87,0.02048,0.0058,0.0223
10000,gather_256,1,88,0.021504,0.005,0.0206
10000,gather_256,1,89,0.017408,0.0052,0.0234
10000,gather_256,1,90,0.02048,0.0057,0.022
10000,gather_256,1,91,0.021504,0.0053,0.0213
10000,gather_256,1,92,0.02048,0.0056,0.0197
10000,gather_256,1,93,0.021504,0.0052,0.0259
10000,gather_256,1,94,0.022528,0.0057,0.0205
10000,gather_256,1,95,0.02048,0.005,0.021
10000,gather_256,1,96,0.022528,0.0058,0.0197
10000,gather_256,1,97,0.016384,0.0056,0.0207
10000,gather_256,1,98,0.023552,0.0057,0.0191
10000,gather_256,1,99,0.02048,0.005,0.0213
10000,gather_256,1,100,0.017408,0.0051,0.0193
10000,gather_256,1,101,0.017408,0.005,0.0204
10000,gather_256,1,102,0.02048,0.0053,0.021
10000,gather_256,1,103,0.022528,0.0054,0.0213
10000,gather_256,1,104,0.02048,0.0051,0.0319
10000,gather_256,1,105,0.023552,0.0054,0.0196
10000,gather_256,1,106,0.017408,0.0049,0.021
10000,gather_256,1,107,0.016384,0.0055,0.0194
10000,gather_256,1,108,0.016384,0.005,0.0207
10000,gather_256,1,109,0.02048,0.0085,0.0207
10000,gather_256,1,110,0.022528,0.005,0.0208
10000,gather_256,1,111,0.016384,0.0049,0.0196
10000,gather_256,1,112,0.023552,0.0053,0.0206
10000,gather_256,1,113,0.021504,0.0052,0.0203
10000,gather_256,1,114,0.021504,0.0049,0.0209
10000,gather_256,1,115,0.016384,0.0048,0.0195
10000,gather_256,1,116,0.016384,0.005,0.0194
10000,gather_256,1,117,0.023552,0.0049,0.0207
10000,gather_256,1,118,0.021504,0.0052,0.0205
10000,gather_256,1,119,0.02048,0.0049,0.0199
10000,gather_256,2,0,0.02048,0.0048,0.0209
10000,gather_256,2,1,0.016384,0.0051,0.0207
10000,gather_256,2,2,0.022528,0.0048,0.0216
10000,gather_256,2,3,0.017408,0.0056,0.021
10000,gather_256,2,4,0.017408,0.005,0.0215
10000,gather_256,2,5,0.017408,0.0049,0.0204
10000,gather_256,2,6,0.022528,0.005,0.0215
10000,gather_256,2,7,0.021504,0.0053,0.0207
10000,gather_256,2,8,0.02048,0.005,0.0207
10000,gather_256,2,9,0.023552,0.005,0.0206
10000,gather_256,2,10,0.017408,0.005,0.0211
10000,gather_256,2,11,0.017408,0.0052,0.0207
10000,gather_256,2,12,0.017408,0.005,0.0211
10000,gather_256,2,13,0.017408,0.005,0.0201
10000,gather_256,2,14,0.021504,0.0051,0.0208
10000,gather_256,2,15,0.037888,0.0054,0.021
10000,gather_256,2,16,0.017408,0.0049,0.0311
10000,gather_256,2,17,0.021504,0.0053,0.0209
10000,gather_256,2,18,0.02048,0.0049,0.0257
10000,gather_256,2,19,0.02048,0.0054,0.0199
10000,gather_256,2,20,0.022528,0.0049,0.0205
10000,gather_256,2,21,0.022528,0.0053,0.0208
10000,gather_256,2,22,0.021504,0.005,0.0213
10000,gather_256,2,23,0.023552,0.0049,0.0202
10000,gather_256,2,24,0.021504,0.0052,0.0209
10000,gather_256,2,25,0.017408,0.0053,0.0213
10000,gather_256,2,26,0.017408,0.0052,0.0209
10000,gather_256,2,27,0.021504,0.0052,0.0201
10000,gather_256,2,28,0.022528,0.005,0.0208
10000,gather_256,2,29,0.02048,0.0052,0.0294
10000,gather_256,2,30,0.024576,0.0057,0.0204
10000,gather_256,2,31,0.02048,0.0051,0.0199
10000,gather_256,2,32,0.017408,0.0049,0.0211
10000,gather_256,2,33,0.017408,0.0056,0.0201
10000,gather_256,2,34,0.024576,0.005,0.0205
10000,gather_256,2,35,0.022528,0.005,0.0206
10000,gather_256,2,36,0.02048,0.0051,0.0208
10000,gather_256,2,37,0.024576,0.0053,0.021
10000,gather_256,2,38,0.02048,0.0049,0.0209
10000,gather_256,2,39,0.021504,0.0049,0.0203
10000,gather_256,2,40,0.02048,0.0051,0.0206
10000,gather_256,2,41,0.017408,0.0099,0.021
10000,gather_256,2,42,0.022528,0.0051,0.0212
10000,gather_256,2,43,0.017408,0.0049,0.0206
10000,gather_256,2,44,0.021504,0.0051,0.0209
10000,gather_256,2,45,0.021504,0.0055,0.0209
10000,gather_256,2,46,0.02048,0.005,0.0211
10000,gather_256,2,47,0.021504,0.0049,0.0205
10000,gather_256,2,48,0.017408,0.0051,0.021
10000,gather_256,2,49,0.023552,0.0053,0.0213
10000,gather_256,2,50,0.02048,0.0049,0.0218
10000,gather_256,2,51,0.024576,0.005,0.0204
10000,gather_256,2,52,0.021504,0.0052,0.0212
10000,gather_256,2,53,0.021504,0.0054,0.0211
10000,gather_256,2,54,0.02048,0.0049,0.0207
10000,gather_256,2,55,0.02048,0.005,0.0202
10000,gather_256,2,56,0.023552,0.0052,0.0222
10000,gather_256,2,57,0.017408,0.0053,0.0212
10000,gather_256,2,58,0.023552,0.0052,0.0209
10000,gather_256,2,59,0.018432,0.005,0.0205
10000,gather_256,2,60,0.017408,0.0053,0.0209
10000,gather_256,2,61,0.017408,0.0052,0.0211
10000,gather_256,2,62,0.02048,0.005,0.0209
10000,gather_256,2,63,0.022528,0.005,0.02
10000,gather_256,2,64,0.02048,0.0051,0.0211
10000,gather_256,2,65,0.023552,0.0052,0.0211
10000,gather_256,2,66,0.02048,0.0049,0.0213
10000,gather_256,2,67,0.021504,0.0049,0.0205
10000,gather_256,2,68,0.02048,0.0051,0.0205
10000,gather_256,2,69,0.017408,0.0053,0.0213
10000,gather_256,2,70,0.022528,0.0049,0.021
10000,gather_256,2,71,0.021504,0.0049,0.0201
10000,gather_256,2,72,0.024576,0.0051,0.0208
10000,gather_256,2,73,0.02048,0.0052,0.0211
10000,gather_256,2,74,0.02048,0.0049,0.0214
10000,gather_256,2,75,0.017408,0.0053,0.0203
10000,gather_256,2,76,0.021504,0.005,0.0207
10000,gather_256,2,77,0.022528,0.0053,0.021
10000,gather_256,2,78,0.02048,0.0049,0.0218
10000,gather_256,2,79,0.024576,0.0052,0.02
10000,gather_256,2,80,0.017408,0.0049,0.0199
10000,gather_256,2,81,0.017408,0.0051,0.0214
10000,gather_256,2,82,0.02048,0.0051,0.0278
10000,gather_256,2,83,0.02048,0.0053,0.0208
10000,gather_256,2,84,0.022528,0.005,0.0212
10000,gather_256,2,85,0.021504,0.0055,0.0219
10000,gather_256,2,86,0.024576,0.005,0.0209
10000,gather_256,2,87,0.02048,0.0049,0.0205
10000,gather_256,2,88,0.021504,0.0051,0.0214
10000,gather_256,2,89,0.02048,0.0052,0.0212
10000,gather_256,2,90,0.02048,0.0049,0.0212
10000,gather_256,2,91,0.022528,0.0049,0.0207
10000,gather_256,2,92,0.021504,0.0051,0.0212
10000,gather_256,2,93,0.023552,0.0051,0.0212
10000,gather_256,2,94,0.02048,0.0051,0.0245
10000,gather_256,2,95,0.021504,0.0053,0.0198
10000,gather_256,2,96,0.017408,0.0052,0.0208
10000,gather_256,2,97,0.02048,0.005,0.0206
10000,gather_256,2,98,0.022528,0.0049,0.0213
10000,gather_256,2,99,0.02048,0.0057,0.02
10000,gather_256,2,100,0.023552,0.0051,0.0209
10000,gather_256,2,101,0.022528,0.0059,0.031
10000,gather_256,2,102,0.017408,0.0054,0.0237
10000,gather_256,2,103,0.02048,0.0052,0.0204
10000,gather_256,2,104,0.017408,0.0053,0.0235
10000,gather_256,2,105,0.023552,0.0051,0.02
10000,gather_256,2,106,0.021504,0.0051,0.0208
10000,gather_256,2,107,0.021504,0.0155,0.0201
10000,gather_256,2,108,0.02048,0.0054,0.0235
10000,gather_256,2,109,0.017408,0.0051,0.0211
10000,gather_256,2,110,0.017408,0.0054,0.0212
10000,gather_256,2,111,0.018432,0.0047,0.0198
10000,gather_256,2,112,0.022528,0.0049,0.0208
10000,gather_256,2,113,0.017408,0.0056,0.0208
10000,gather_256,2,114,0.023552,0.005,0.0208
10000,gather_256,2,115,0.02048,0.0054,0.0344
10000,gather_256,2,116,0.021504,0.0059,0.0246
10000,gather_256,2,117,0.021504,0.0055,0.0209
10000,gather_256,2,118,0.017408,0.005,0.0202
10000,gather_256,2,119,0.022528,0.005,0.0205
10000,gather_256,3,0,0.021504,0.0049,0.022
10000,gather_256,3,1,0.021504,0.0057,0.0221
10000,gather_256,3,2,0.023552,0.0049,0.0206
10000,gather_256,3,3,0.024576,0.0055,0.02
10000,gather_256,3,4,0.024576,0.0051,0.0218
10000,gather_256,3,5,0.023552,0.0052,0.02
10000,gather_256,3,6,2.056192,0.005,0.0253
10000,gather_256,3,7,0.021504,0.0075,0.0257
10000,gather_256,3,8,0.023552,0.0071,0.0255
10000,gather_256,3,9,0.023552,0.007,0.0253
10000,gather_256,3,10,0.024576,0.0069,0.0258
10000,gather_256,3,11,0.022528,0.0069,0.0223
10000,gather_256,3,12,0.02048,0.0057,0.021
10000,gather_256,3,13,0.02048,0.0056,0.0209
10000,gather_256,3,14,0.023552,0.0049,0.0206
10000,gather_256,3,15,0.023552,0.0056,0.0198
10000,gather_256,3,16,0.023552,0.005,0.0209
10000,gather_256,3,17,0.024576,0.0051,0.0205
10000,gather_256,3,18,0.021504,0.0051,0.02
10000,gather_256,3,19,0.024576,0.0049,0.0195
10000,gather_256,3,20,0.021504,0.0048,0.0206
10000,gather_256,3,21,0.023552,0.0052,0.0209
10000,gather_256,3,22,0.02048,0.0052,0.0202
10000,gather_256,3,23,0.024576,0.0051,0.0203
10000,gather_256,3,24,0.024576,0.005,0.0211
10000,gather_256,3,25,0.021504,0.0052,0.0207
10000,gather_256,3,26,0.024576,0.0049,0.0202
10000,gather_256,3,27,0.02048,0.0052,0.02
10000,gather_256,3,28,0.024576,0.0051,0.0201
10000,gather_256,3,29,0.024576,0.0049,0.0197
10000,gather_256,3,30,0.024576,0.0051,0.0196
10000,gather_256,3,31,0.023552,0.0049,0.0196
10000,gather_256,3,32,0.021504,0.0049,0.0197
10000,gather_256,3,33,0.02048,0.0052,0.02
10000,gather_256,3,34,0.02048,0.0053,0.02
10000,gather_256,3,35,0.024576,0.0048,0.0194
10000,gather_256,3,36,0.024576,0.0049,0.0198
10000,gather_256,3,37,0.024576,0.005,0.0213
10000,gather_256,3,38,0.024576,0.0054,0.0202
10000,gather_256,3,39,0.021504,0.0054,0.0213
10000,gather_256,3,40,0.023552,0.0049,0.0195
10000,gather_256,3,41,0.022528,0.0051,0.0209
10000,gather_256,3,42,0.024576,0.0051,0.0201
10000,gather_256,3,43,0.04096,0.0052,0.0259
10000,gather_256,3,44,0.023552,0.0057,0.0198
10000,gather_256,3,45,0.023552,0.0049,0.0201
10000,gather_256,3,46,0.023552,0.0052,0.0213
10000,gather_256,3,47,0.023552,0.0054,0.0212
10000,gather_256,3,48,0.02048,0.0048,0.0207
10000,gather_256,3,49,0.022528,0.0048,0.0205
10000,gather_256,3,50,0.023552,0.0055,0.0194
10000,gather_256,3,51,0.023552,0.005,0.0198
10000,gather_256,3,52,0.023552,0.005,0.0209
10000,gather_256,3,53,0.021504,0.0054,0.0206
10000,gather_256,3,54,0.02048,0.0049,0.0198
10000,gather_256,3,55,0.02048,0.0048,0.0212
10000,gather_256,3,56,0.022528,0.0051,0.0207
10000,gather_256,3,57,0.023552,0.0051,0.0201
10000,gather_256,3,58,0.023552,0.0049,0.0198
10000,gather_256,3,59,0.023552,0.005,0.021
10000,gather_256,3,60,0.021504,0.0053,0.0212
10000,gather_256,3,61,0.023552,0.0049,0.0204
10000,gather_256,3,62,0.026624,0.005,0.02
10000,gather_256,3,63,0.023552,0.005,0.0209
10000,gather_256,3,64,0.023552,0.0052,0.0211
10000,gather_256,3,65,0.021504,0.0049,0.0224
10000,gather_256,3,66,0.023552,0.0073,0.0322
10000,gather_256,3,67,0.021504,0.0053,0.0227
10000,gather_256,3,68,0.024576,0.0059,0.0232
10000,gather_256,3,69,0.021504,0.0058,0.021
10000,gather_256,3,70,0.02048,0.005,0.0199
10000,gather_256,3,71,0.023552,0.005,0.0198
10000,gather_256,3,72,0.023552,0.0049,0.0194
10000,gather_256,3,73,0.02048,0.0062,0.0203
10000,gather_256,3,74,0.022528,0.0053,0.0213
10000,gather_256,3,75,0.023552,0.006,0.0201
10000,gather_256,3,76,0.02048,0.0051,0.0245
10000,gather_256,3,77,0.023552,0.0057,0.021
10000,gather_256,3,78,0.022528,0.0049,0.0198
10000,gather_256,3,79,0.023552,0.0052,0.0199
10000,gather_256,3,80,0.022528,0.0054,0.0205
10000,gather_256,3,81,0.021504,0.0057,0.0205
10000,gather_256,3,82,0.023552,0.0049,0.021
10000,gather_256,3,83,0.02048,0.0054,0.0206
10000,gather_256,3,84,0.023552,0.005,0.0229
10000,gather_256,3,85,0.023552,0.0049,0.0207
10000,gather_256,3,86,0.023552,0.0051,0.0207
10000,gather_256,3,87,0.024576,0.0049,0.0207
10000,gather_256,3,88,0.021504,0.0051,0.023
10000,gather_256,3,89,0.023552,0.005,0.021
10000,gather_256,3,90,0.02048,0.0053,0.0212
10000,gather_256,3,91,0.023552,0.0051,0.0204
10000,gather_256,3,92,0.023552,0.0052,0.02
10000,gather_256,3,93,0.023552,0.0049,0.0206
10000,gather_256,3,94,0.023552,0.0051,0.0213
10000,gather_256,3,95,0.021504,0.005,0.0205
10000,gather_256,3,96,0.023552,0.0052,0.0212
10000,gather_256,3,97,0.021504,0.0054,0.021
10000,gather_256,3,98,0.024576,0.0049,0.021
10000,gather_256,3,99,0.024576,0.0049,0.0204
10000,gather_256,3,100,0.023552,0.0049,0.0212
10000,gather_256,3,101,0.023552,0.0051,0.021
10000,gather_256,3,102,0.021504,0.0049,0.0208
10000,gather_256,3,103,0.023552,0.0051,0.0204
10000,gather_256,3,104,0.02048,0.005,0.0203
10000,gather_256,3,105,0.023552,0.005,0.0205
10000,gather_256,3,106,0.02048,0.0108,0.0202
10000,gather_256,3,107,0.023552,0.0051,0.02
10000,gather_256,3,108,0.023552,0.0048,0.0208
10000,gather_256,3,109,0.021504,0.0055,0.0214
10000,gather_256,3,110,0.023552,0.005,0.0208
10000,gather_256,3,111,0.02048,0.0049,0.0208
10000,gather_256,3,112,0.023552,0.0056,0.0215
10000,gather_256,3,113,0.023552,0.0053,0.0203
10000,gather_256,3,114,0.023552,0.0051,0.0212
10000,gather_256,3,115,0.024576,0.0051,0.0211
10000,gather_256,3,116,0.021504,0.005,0.0231
10000,gather_256,3,117,0.023552,0.0051,0.023
10000,gather_256,3,118,0.027648,0.0057,0.0208
10000,gather_256,3,119,0.023552,0.0049,0.0207
65536,pick_hit,1,0,0.029696,0.011,0.0193
65536,pick_hit,1,1,0.028672,0.004,0.0099
65536,pick_hit,1,2,0.031744,0.0035,0.0099
65536,pick_hit,1,3,0.032768,0.0035,0.0103
65536,pick_hit,1,4,0.029696,0.0036,0.0093
65536,pick_hit,1,5,0.028672,0.0035,0.0103
65536,pick_hit,1,6,0.029696,0.0035,0.0101
65536,pick_hit,1,7,0.029696,0.0035,0.01
65536,pick_hit,1,8,0.029696,0.0037,0.0094
65536,pick_hit,1,9,0.029696,0.0034,0.01
65536,pick_hit,1,10,0.029696,0.0035,0.01
65536,pick_hit,1,11,0.032768,0.0034,0.0099
65536,pick_hit,1,12,0.032768,0.0036,0.0094
65536,pick_hit,1,13,0.032768,0.0034,0.0101
65536,pick_hit,1,14,0.032768,0.0034,0.01
65536,pick_hit,1,15,0.028672,0.0035,0.01
65536,pick_hit,1,16,0.029696,0.0037,0.0093
65536,pick_hit,1,17,0.029696,0.0034,0.0108
65536,pick_hit,1,18,0.029696,0.0035,0.01
65536,pick_hit,1,19,0.029696,0.0034,0.01
65536,pick_hit,1,20,0.029696,0.0038,0.0093
65536,pick_hit,1,21,0.028672,0.0035,0.0102
65536,pick_hit,1,22,0.028672,0.0036,0.0099
65536,pick_hit,1,23,0.029696,0.0035,0.01
65536,pick_hit,1,24,0.028672,0.0037,0.0093
65536,pick_hit,1,25,0.029696,0.0034,0.0099
65536,pick_hit,1,26,0.029696,0.0034,0.0099
65536,pick_hit,1,27,0.029696,0.0035,0.0099
65536,pick_hit,1,28,0.03072,0.0037,0.0093
65536,pick_hit,1,29,0.032768,0.0034,0.0099
65536,pick_hit,1,30,0.029696,0.0035,0.01
65536,pick_hit,1,31,0.029696,0.0035,0.01
65536,pick_hit,1,32,0.028672,0.0037,0.0093
65536,pick_hit,1,33,0.029696,0.0034,0.0101
65536,pick_hit,1,34,0.029696,0.0035,0.01
65536,pick_hit,1,35,0.029696,0.0034,0.0099
65536,pick_hit,1,36,0.029696,0.0036,0.0093
65536,pick_hit,1,37,0.028672,0.0035,0.0101
65536,pick_hit,1,38,0.032768,0.0034,0.0097
65536,pick_hit,1,39,0.032768,0.0034,0.01
65536,pick_hit,1,40,0.029696,0.0035,0.0098
65536,pick_hit,1,41,0.029696,0.0034,0.0118
65536,pick_hit,1,42,0.032768,0.0043,0.0103
65536,pick_hit,1,43,0.029696,0.0039,0.0105
65536,pick_hit,1,44,0.029696,0.004,0.01
65536,pick_hit,1,45,0.029696,0.0034,0.01
65536,pick_hit,1,46,0.029696,0.0036,0.0102
65536,pick_hit,1,47,0.029696,0.0035,0.0099
65536,pick_hit,1,48,0.029696,0.0035,0.0097
65536,pick_hit,1,49,0.029696,0.0034,0.0099
65536,pick_hit,1,50,0.029696,0.0036,0.0099
65536,pick_hit,1,51,0.028672,0.0035,0.0098
65536,pick_hit,1,52,0.029696,0.0035,0.01
65536,pick_hit,1,53,0.028672,0.0035,0.0118
65536,pick_hit,1,54,0.029696,0.0057,0.01
65536,pick_hit,1,55,0.028672,0.0035,0.01
65536,pick_hit,1,56,0.028672,0.0035,0.0098
65536,pick_hit,1,57,0.032768,0.0035,0.0101
65536,pick_hit,1,58,0.032768,0.0035,0.0099
65536,pick_hit,1,59,0.032768,0.0035,0.01
65536,pick_hit,1,60,0.032768,0.0035,0.01
65536,pick_hit,1,61,0.028672,0.0035,0.0099
65536,pick_hit,1,62,0.029696,0.0035,0.01
65536,pick_hit,1,63,0.029696,0.0035,0.0099
65536,pick_hit,1,64,0.029696,0.0036,0.0099
65536,pick_hit,1,65,0.028672,0.0034,0.01
65536,pick_hit,1,66,0.029696,0.0035,0.0099
65536,pick_hit,1,67,0.029696,0.0034,0.0099
65536,pick_hit,1,68,0.029696,0.0035,0.01
65536,pick_hit,1,69,0.028672,0.0035,0.0103
65536,pick_hit,1,70,0.029696,0.0035,0.0099
65536,pick_hit,1,71,0.029696,0.0035,0.0099
65536,pick_hit,1,72,0.029696,0.0035,0.0099
65536,pick_hit,1,73,0.029696,0.0035,0.0099
65536,pick_hit,1,74,0.031744,0.0035,0.01
65536,pick_hit,1,75,0.031744,0.0034,0.0098
65536,pick_hit,1,76,0.032768,0.0036,0.0098
65536,pick_hit,1,77,0.028672,0.0036,0.0099
65536,pick_hit,1,78,0.029696,0.0034,0.0101
65536,pick_hit,1,79,0.028672,0.0034,0.0098
65536,pick_hit,1,80,0.029696,0.0034,0.01
65536,pick_hit,1,81,0.029696,0.0034,0.0098
65536,pick_hit,1,82,0.029696,0.0035,0.0098
65536,pick_hit,1,83,0.029696,0.0034,0.0098
65536,pick_hit,1,84,0.028672,0.0036,0.0099
65536,pick_hit,1,85,0.028672,0.0034,0.01
65536,pick_hit,1,86,0.029696,0.0034,0.0098
65536,pick_hit,1,87,0.029696,0.0034,0.0101
65536,pick_hit,1,88,0.028672,0.0035,0.0098
65536,pick_hit,1,89,0.029696,0.0035,0.0096
65536,pick_hit,1,90,0.032768,0.0035,0.0099
65536,pick_hit,1,91,0.029696,0.0034,0.0097
65536,pick_hit,1,92,0.032768,0.0035,0.0099
65536,pick_hit,1,93,0.029696,0.0035,0.0098
65536,pick_hit,1,94,0.028672,0.0035,0.0101
65536,pick_hit,1,95,0.029696,0.0035,0.0097
65536,pick_hit,1,96,0.029696,0.0034,0.0098
65536,pick_hit,1,97,0.029696,0.0035,0.0097
65536,pick_hit,1,98,0.028672,0.0035,0.0099
65536,pick_hit,1,99,0.029696,0.0034,0.0099
65536,pick_hit,1,100,0.029696,0.0035,0.0098
65536,pick_hit,1,101,0.031744,0.0034,0.0102
65536,pick_hit,1,102,0.032768,0.0035,0.0097
65536,pick_hit,1,103,0.032768,0.0035,0.01
65536,pick_hit,1,104,0.032768,0.0034,0.0099
65536,pick_hit,1,105,0.032768,0.0034,0.01
65536,pick_hit,1,106,0.029696,0.0035,0.0099
65536,pick_hit,1,107,0.029696,0.0034,0.0103
65536,pick_hit,1,108,0.029696,0.0035,0.0098
65536,pick_hit,1,109,0.029696,0.0034,0.0099
65536,pick_hit,1,110,0.029696,0.0035,0.0099
65536,pick_hit,1,111,0.029696,0.0034,0.0099
65536,pick_hit,1,112,0.029696,0.0035,0.0098
65536,pick_hit,1,113,0.029696,0.0036,0.0098
65536,pick_hit,1,114,0.029696,0.0034,0.0099
65536,pick_hit,1,115,0.029696,0.0034,0.0098
65536,pick_hit,1,116,0.029696,0.0038,0.0093
65536,pick_hit,1,117,0.029696,0.0034,0.0103
65536,pick_hit,1,118,0.029696,0.0034,0.0099
65536,pick_hit,1,119,0.032768,0.0034,0.0102
65536,pick_hit,2,0,0.031744,0.0036,0.0107
65536,pick_hit,2,1,0.033792,0.0037,0.0099
65536,pick_hit,2,2,0.03584,0.0036,0.0118
65536,pick_hit,2,3,0.03584,0.0037,0.0121
65536,pick_hit,2,4,0.028672,0.0042,0.0103
65536,pick_hit,2,5,0.028672,0.004,0.0113
65536,pick_hit,2,6,0.028672,0.0043,0.0113
65536,pick_hit,2,7,0.028672,0.0044,0.0111
65536,pick_hit,2,8,0.028672,0.0038,0.0115
65536,pick_hit,2,9,0.031744,0.0037,0.0104
65536,pick_hit,2,10,0.031744,0.0037,0.0104
65536,pick_hit,2,11,0.031744,0.0039,0.0114
65536,pick_hit,2,12,0.028672,0.0037,0.0114
65536,pick_hit,2,13,0.028672,0.0038,0.013
65536,pick_hit,2,14,0.028672,0.0043,0.0113
65536,pick_hit,2,15,0.028672,0.0042,0.0103
65536,pick_hit,2,16,0.031744,0.0039,0.0112
65536,pick_hit,2,17,0.028672,0.0044,0.0111
65536,pick_hit,2,18,0.028672,0.0043,0.0104
65536,pick_hit,2,19,0.028672,0.0038,0.0231
65536,pick_hit,2,20,0.027648,0.0037,0.0116
65536,pick_hit,2,21,0.028672,0.0038,0.0103
65536,pick_hit,2,22,0.028672,0.0037,0.0105
65536,pick_hit,2,23,0.028672,0.0038,0.0112
65536,pick_hit,2,24,0.028672,0.0037,0.012
65536,pick_hit,2,25,0.031744,0.0037,0.0105
65536,pick_hit,2,26,0.031744,0.0037,0.0105
65536,pick_hit,2,27,0.031744,0.0037,0.011
65536,pick_hit,2,28,0.031744,0.0037,0.0117
65536,pick_hit,2,29,0.028672,0.0037,0.0104
65536,pick_hit,2,30,0.028672,0.0036,0.0097
65536,pick_hit,2,31,0.029696,0.0037,0.0244
65536,pick_hit,2,32,0.028672,0.0036,0.0116
65536,pick_hit,2,33,0.028672,0.0037,0.0107
65536,pick_hit,2,34,0.028672,0.0035,0.0098
65536,pick_hit,2,35,0.028672,0.0038,0.0105
65536,pick_hit,2,36,0.028672,0.0044,0.0111
65536,pick_hit,2,37,0.028672,0.0042,0.0111
65536,pick_hit,2,38,0.028672,0.0037,0.0113
65536,pick_hit,2,39,0.028672,0.0044,0.0102
65536,pick_hit,2,40,0.028672,0.0039,0.0107
65536,pick_hit,2,41,0.028672,0.0047,0.0112
65536,pick_hit,2,42,0.028672,0.0043,0.0104
65536,pick_hit,2,43,0.031744,0.0038,0.0237
65536,pick_hit,2,44,0.027648,0.0037,0.0114
65536,pick_hit,2,45,0.028672,0.0038,0.0105
65536,pick_hit,2,46,0.028672,0.0037,0.0114
65536,pick_hit,2,47,0.028672,0.0044,0.0105
65536,pick_hit,2,48,0.028672,0.0044,0.011
65536,pick_hit,2,49,0.028672,0.0044,0.0108
65536,pick_hit,2,50,0.028672,0.0039,0.0111
65536,pick_hit,2,51,0.028672,0.0043,0.0226
65536,pick_hit,2,52,0.028672,0.0037,0.0115
65536,pick_hit,2,53,0.029696,0.0037,0.0105
65536,pick_hit,2,54,0.029696,0.0038,0.0105
65536,pick_hit,2,55,0.028672,0.0037,0.0113
65536,pick_hit,2,56,0.031744,0.0037,0.0117
65536,pick_hit,2,57,0.028672,0.0037,0.0112
65536,pick_hit,2,58,0.028672,0.0045,0.0114
65536,pick_hit,2,59,0.028672,0.0043,0.0101
65536,pick_hit,2,60,0.028672,0.0039,0.011
65536,pick_hit,2,61,0.029696,0.0044,0.0106
65536,pick_hit,2,62,0.028672,0.0037,0.0107
65536,pick_hit,2,63,0.028672,0.0039,0.0103
65536,pick_hit,2,64,0.028672,0.0039,0.0107
65536,pick_hit,2,65,0.028672,0.0046,0.0112
65536,pick_hit,2,66,0.027648,0.0043,0.0105
65536,pick_hit,2,67,0.028672,0.0038,0.0258
65536,pick_hit,2,68,0.029696,0.0037,0.0116
65536,pick_hit,2,69,0.028672,0.0038,0.0108
65536,pick_hit,2,70,0.028672,0.0039,0.0111
65536,pick_hit,2,71,0.031744,0.0037,0.0116
65536,pick_hit,2,72,0.031744,0.0037,0.0105
65536,pick_hit,2,73,0.031744,0.0037,0.0115
65536,pick_hit,2,74,0.032768,0.0043,0.0108
65536,pick_hit,2,75,0.028672,0.0044,0.0109
65536,pick_hit,2,76,0.028672,0.0042,0.011
65536,pick_hit,2,77,0.028672,0.0039,0.0111
65536,pick_hit,2,78,0.028672,0.0042,0.0152
65536,pick_hit,2,79,0.032768,0.0043,0.0111
65536,pick_hit,2,80,0.031744,0.0036,0.0114
65536,pick_hit,2,81,0.031744,0.0045,0.0104
65536,pick_hit,2,82,0.032768,0.0038,0.0111
65536,pick_hit,2,83,0.032768,0.0043,0.0107
65536,pick_hit,2,84,0.028672,0.004,0.0112
65536,pick_hit,2,85,0.028672,0.0044,0.0229
65536,pick_hit,2,86,0.028672,0.0037,0.0113
65536,pick_hit,2,87,0.028672,0.0037,0.0105
65536,pick_hit,2,88,0.031744,0.0037,0.0104
65536,pick_hit,2,89,0.031744,0.0037,0.0105
65536,pick_hit,2,90,0.032768,0.0045,0.0108
65536,pick_hit,2,91,0.028672,0.0043,0.0108
65536,pick_hit,2,92,0.028672,0.0036,0.0112
65536,pick_hit,2,93,0.028672,0.0045,0.0103
65536,pick_hit,2,94,0.028672,0.004,0.0111
65536,pick_hit,2,95,0.029696,0.0043,0.0104
65536,pick_hit,2,96,0.029696,0.004,0.0114
65536,pick_hit,2,97,0.028672,0.0044,0.0112
65536,pick_hit,2,98,0.028672,0.0037,0.0115
65536,pick_hit,2,99,0.028672,0.0038,0.0105
65536,pick_hit,2,100,0.028672,0.0037,0.0112
65536,pick_hit,2,101,0.028672,0.0044,0.0104
65536,pick_hit,2,102,0.028672,0.0044,0.011
65536,pick_hit,2,103,0.029696,0.0044,0.0107
65536,pick_hit,2,104,0.028672,0.0039,0.0112
65536,pick_hit,2,105,0.028672,0.0043,0.0223
65536,pick_hit,2,106,0.029696,0.0037,0.0123
65536,pick_hit,2,107,0.028672,0.0038,0.0105
65536,pick_hit,2,108,0.028672,0.0039,0.0099
65536,pick_hit,2,109,0.029696,0.0038,0.0113
65536,pick_hit,2,110,0.028672,0.0037,0.0119
65536,pick_hit,2,111,0.029696,0.0037,0.0111
65536,pick_hit,2,112,0.028672,0.0041,0.0114
65536,pick_hit,2,113,0.027648,0.0044,0.0104
65536,pick_hit,2,114,0.028672,0.004,0.011
65536,pick_hit,2,115,0.029696,0.0043,0.0107
65536,pick_hit,2,116,0.029696,0.0039,0.0113
65536,pick_hit,2,117,0.028672,0.0044,0.0219
65536,pick_hit,2,118,0.031744,0.0038,0.0115
65536,pick_hit,2,119,0.032768,0.0038,0.0105
65536,pick_hit,3,0,0.028672,0.0015,0.0118
65536,pick_hit,3,1,0.032768,0.0043,0.0117
65536,pick_hit,3,2,0.031744,0.0036,0.0112
65536,pick_hit,3,3,0.032768,0.0036,0.0105
65536,pick_hit,3,4,0.028672,0.0039,0.0113
65536,pick_hit,3,5,0.029696,0.0045,0.011
65536,pick_hit,3,6,0.028672,0.0041,0.0107
65536,pick_hit,3,7,0.028672,0.0036,0.0104
65536,pick_hit,3,8,0.028672,0.0036,0.0103
65536,pick_hit,3,9,0.028672,0.0035,0.0108
65536,pick_hit,3,10,0.028672,0.0035,0.0115
65536,pick_hit,3,11,0.028672,0.004,0.0106
65536,pick_hit,3,12,0.027648,0.0037,0.0109
65536,pick_hit,3,13,0.029696,0.0046,0.0107
65536,pick_hit,3,14,0.028672,0.0043,0.0109
65536,pick_hit,3,15,0.028672,0.0035,0.0108
65536,pick_hit,3,16,0.028672,0.0035,0.0105
65536,pick_hit,3,17,0.031744,0.0035,0.0111
65536,pick_hit,3,18,0.028672,0.0037,0.0112
65536,pick_hit,3,19,0.031744,0.0037,0.0107
65536,pick_hit,3,20,0.036864,0.0038,0.0099
65536,pick_hit,3,21,0.028672,0.0037,0.0118
65536,pick_hit,3,22,0.028672,0.0043,0.0108
65536,pick_hit,3,23,0.029696,0.0036,0.0105
65536,pick_hit,3,24,0.029696,0.0036,0.0103
65536,pick_hit,3,25,0.028672,0.0035,0.011
65536,pick_hit,3,26,0.028672,0.0037,0.0111
65536,pick_hit,3,27,0.028672,0.0036,0.0106
65536,pick_hit,3,28,0.028672,0.0037,0.0106
65536,pick_hit,3,29,0.028672,0.0046,0.0097
65536,pick_hit,3,30,0.028672,0.0035,0.0112
65536,pick_hit,3,31,0.031744,0.0043,0.0106
65536,pick_hit,3,32,0.032768,0.0039,0.0104
65536,pick_hit,3,33,0.028672,0.0043,0.0107
65536,pick_hit,3,34,0.029696,0.0042,0.0108
65536,pick_hit,3,35,0.028672,0.0035,0.0105
65536,pick_hit,3,36,0.027648,0.0036,0.0104
65536,pick_hit,3,37,0.028672,0.0036,0.0111
65536,pick_hit,3,38,0.028672,0.0037,0.0115
65536,pick_hit,3,39,0.028672,0.0036,0.0105
65536,pick_hit,3,40,0.028672,0.004,0.0106
65536,pick_hit,3,41,0.028672,0.0044,0.0108
65536,pick_hit,3,42,0.028672,0.0042,0.0107
65536,pick_hit,3,43,0.028672,0.0036,0.0106
65536,pick_hit,3,44,0.028672,0.0037,0.0105
65536,pick_hit,3,45,0.027648,0.0044,0.0098
65536,pick_hit,3,46,0.032768,0.0036,0.0111
65536,pick_hit,3,47,0.032768,0.0043,0.0107
65536,pick_hit,3,48,0.031744,0.0039,0.0102
65536,pick_hit,3,49,0.032768,0.0036,0.0104
65536,pick_hit,3,50,0.028672,0.0035,0.011
65536,pick_hit,3,51,0.028672,0.0038,0.0104
65536,pick_hit,3,52,0.028672,0.0039,0.0107
65536,pick_hit,3,53,0.028672,0.0045,0.0096
65536,pick_hit,3,54,0.028672,0.0036,0.0113
65536,pick_hit,3,55,0.028672,0.0043,0.0104
65536,pick_hit,3,56,0.028672,0.004,0.0113
65536,pick_hit,3,57,0.027648,0.0041,0.0111
65536,pick_hit,3,58,0.028672,0.0036,0.0113
65536,pick_hit,3,59,0.028672,0.0035,0.0105
65536,pick_hit,3,60,0.028672,0.0035,0.0109
65536,pick_hit,3,61,0.028672,0.0038,0.0112
65536,pick_hit,3,62,0.028672,0.0035,0.0111
65536,pick_hit,3,63,0.028672,0.0035,0.0109
65536,pick_hit,3,64,0.032768,0.0038,0.0107
65536,pick_hit,3,65,0.032768,0.0045,0.0108
65536,pick_hit,3,66,0.028672,0.0042,0.0108
65536,pick_hit,3,67,0.028672,0.0036,0.0105
65536,pick_hit,3,68,0.028672,0.0035,0.0104
65536,pick_hit,3,69,0.028672,0.0043,0.0107
65536,pick_hit,3,70,0.029696,0.0042,0.0108
65536,pick_hit,3,71,0.028672,0.0037,0.0107
65536,pick_hit,3,72,0.028672,0.0037,0.0103
65536,pick_hit,3,73,0.031744,0.0035,0.011
65536,pick_hit,3,74,0.029696,0.0037,0.0114
65536,pick_hit,3,75,0.028672,0.0036,0.0104
65536,pick_hit,3,76,0.028672,0.0035,0.0097
65536,pick_hit,3,77,0.031744,0.0035,0.0107
65536,pick_hit,3,78,0.028672,0.0036,0.0109
65536,pick_hit,3,79,0.029696,0.0035,0.0101
65536,pick_hit,3,80,0.027648,0.0039,0.0106
65536,pick_hit,3,81,0.028672,0.0044,0.0109
65536,pick_hit,3,82,0.032768,0.0043,0.0107
65536,pick_hit,3,83,0.031744,0.0035,0.01
65536,pick_hit,3,84,0.032768,0.0037,0.01
65536,pick_hit,3,85,0.028672,0.0037,0.0109
65536,pick_hit,3,86,0.027648,0.0037,0.0109
65536,pick_hit,3,87,0.028672,0.0035,0.0101
65536,pick_hit,3,88,0.028672,0.0036,0.0104
65536,pick_hit,3,89,0.028672,0.0037,0.0102
65536,pick_hit,3,90,0.028672,0.0035,0.0104
65536,pick_hit,3,91,0.031744,0.0035,0.0099
65536,pick_hit,3,92,0.028672,0.0035,0.0099
65536,pick_hit,3,93,0.03072,0.0035,0.0105
65536,pick_hit,3,94,0.031744,0.0035,0.0107
65536,pick_hit,3,95,0.031744,0.0037,0.0104
65536,pick_hit,3,96,0.029696,0.0038,0.0104
65536,pick_hit,3,97,0.028672,0.0041,0.0118
65536,pick_hit,3,98,0.027648,0.0041,0.0109
65536,pick_hit,3,99,0.029696,0.0036,0.0103
65536,pick_hit,3,100,0.028672,0.0042,0.0105
65536,pick_hit,3,101,0.029696,0.0041,0.0116
65536,pick_hit,3,102,0.029696,0.0042,0.011
65536,pick_hit,3,103,0.028672,0.0036,0.0101
65536,pick_hit,3,104,0.028672,0.0039,0.0099
65536,pick_hit,3,105,0.028672,0.0035,0.0098
65536,pick_hit,3,106,0.029696,0.0035,0.0099
65536,pick_hit,3,107,0.028672,0.0035,0.0098
65536,pick_hit,3,108,0.027648,0.0035,0.0107
65536,pick_hit,3,109,0.031744,0.0038,0.0101
65536,pick_hit,3,110,0.031744,0.0035,0.0099
65536,pick_hit,3,111,0.032768,0.0035,0.01
65536,pick_hit,3,112,0.027648,0.0036,0.0099
65536,pick_hit,3,113,0.028672,0.0035,0.0109
65536,pick_hit,3,114,0.028672,0.0036,0.0165
65536,pick_hit,3,115,0.028672,0.0044,0.011
65536,pick_hit,3,116,0.028672,0.0037,0.0292
65536,pick_hit,3,117,0.028672,0.0052,0.0111
65536,pick_hit,3,118,0.028672,0.0036,0.0126
65536,pick_hit,3,119,0.028672,0.0044,0.0115
65536,pick_miss,1,0,0.028672,0.0014,0.0112
65536,pick_miss,1,1,0.028672,0.0039,0.0111
65536,pick_miss,1,2,0.027648,0.0036,0.0102
65536,pick_miss,1,3,0.028672,0.0035,0.01
65536,pick_miss,1,4,0.027648,0.0039,0.0094
65536,pick_miss,1,5,0.028672,0.0038,0.0108
65536,pick_miss,1,6,0.027648,0.0044,0.0111
65536,pick_miss,1,7,0.031744,0.0036,0.0101
65536,pick_miss,1,8,0.031744,0.0038,0.01
65536,pick_miss,1,9,0.029696,0.0035,0.0103
65536,pick_miss,1,10,0.027648,0.0038,0.0098
65536,pick_miss,1,11,0.028672,0.0037,0.0092
65536,pick_miss,1,12,0.028672,0.0035,0.01
65536,pick_miss,1,13,0.028672,0.0037,0.0094
65536,pick_miss,1,14,0.028672,0.0035,0.0113
65536,pick_miss,1,15,0.027648,0.0042,0.0102
65536,pick_miss,1,16,0.028672,0.0036,0.01
65536,pick_miss,1,17,0.027648,0.0034,0.011
65536,pick_miss,1,18,0.028672,0.0039,0.0109
65536,pick_miss,1,19,0.027648,0.0036,0.01
65536,pick_miss,1,20,0.028672,0.0035,0.0106
65536,pick_miss,1,21,0.028672,0.0037,0.0108
65536,pick_miss,1,22,0.027648,0.0037,0.0111
65536,pick_miss,1,23,0.03072,0.0036,0.0102
65536,pick_miss,1,24,0.03072,0.0038,0.0092
65536,pick_miss,1,25,0.031744,0.0036,0.0106
65536,pick_miss,1,26,0.028672,0.0042,0.011
65536,pick_miss,1,27,0.027648,0.0036,0.0102
65536,pick_miss,1,28,0.028672,0.0035,0.01
65536,pick_miss,1,29,0.027648,0.0035,0.0108
65536,pick_miss,1,30,0.027648,0.0039,0.0101
65536,pick_miss,1,31,0.028672,0.0035,0.01
65536,pick_miss,1,32,0.028672,0.0037,0.0098
65536,pick_miss,1,33,0.028672,0.0035,0.0103
65536,pick_miss,1,34,0.028672,0.0035,0.0103
65536,pick_miss,1,35,0.028672,0.0035,0.0111
65536,pick_miss,1,36,0.028672,0.0039,0.0109
65536,pick_miss,1,37,0.028672,0.0035,0.0112
65536,pick_miss,1,38,0.031744,0.0036,0.01
65536,pick_miss,1,39,0.027648,0.0038,0.0092
65536,pick_miss,1,40,0.03072,0.0036,0.0095
65536,pick_miss,1,41,0.031744,0.0036,0.0112
65536,pick_miss,1,42,0.027648,0.0044,0.0101
65536,pick_miss,1,43,0.027648,0.0035,0.01
65536,pick_miss,1,44,0.028672,0.0035,0.011
65536,pick_miss,1,45,0.028672,0.0039,0.0112
65536,pick_miss,1,46,0.028672,0.0036,0.0101
65536,pick_miss,1,47,0.029696,0.0038,0.0092
65536,pick_miss,1,48,0.028672,0.0036,0.0102
65536,pick_miss,1,49,0.028672,0.0036,0.0111
65536,pick_miss,1,50,0.028672,0.0044,0.0101
65536,pick_miss,1,51,0.027648,0.0037,0.0093
65536,pick_miss,1,52,0.028672,0.0035,0.011
65536,pick_miss,1,53,0.028672,0.0042,0.0112
65536,pick_miss,1,54,0.027648,0.0036,0.0101
65536,pick_miss,1,55,0.028672,0.0035,0.0108
65536,pick_miss,1,56,0.027648,0.0039,0.011
65536,pick_miss,1,57,0.027648,0.0036,0.0114
65536,pick_miss,1,58,0.027648,0.0036,0.0102
65536,pick_miss,1,59,0.028672,0.0038,0.0094
65536,pick_miss,1,60,0.028672,0.0036,0.0093
65536,pick_miss,1,61,0.028672,0.0035,0.0111
65536,pick_miss,1,62,0.028672,0.0045,0.0101
65536,pick_miss,1,63,0.027648,0.0035,0.0099
65536,pick_miss,1,64,0.028672,0.0035,0.0109
65536,pick_miss,1,65,0.027648,0.0038,0.0109
65536,pick_miss,1,66,0.028672,0.0036,0.01
65536,pick_miss,1,67,0.028672,0.0037,0.0092
65536,pick_miss,1,68,0.028672,0.0035,0.0103
65536,pick_miss,1,69,0.031744,0.0041,0.0109
65536,pick_miss,1,70,0.031744,0.0038,0.0101
65536,pick_miss,1,71,0.031744,0.0034,0.0303
65536,pick_miss,1,72,0.028672,0.0048,0.0103
65536,pick_miss,1,73,0.029696,0.0046,0.0137
65536,pick_miss,1,74,0.029696,0.0062,0.0104
65536,pick_miss,1,75,0.027648,0.0043,0.0103
65536,pick_miss,1,76,0.027648,0.0042,0.0106
65536,pick_miss,1,77,0.027648,0.0045,0.012
65536,pick_miss,1,78,0.027648,0.0041,0.0111
65536,pick_miss,1,79,0.027648,0.0043,0.0095
65536,pick_miss,1,80,0.028672,0.0035,0.0102
65536,pick_miss,1,81,0.028672,0.0034,0.0101
65536,pick_miss,1,82,0.028672,0.0035,0.01
65536,pick_miss,1,83,0.027648,0.0035,0.0117
65536,pick_miss,1,84,0.029696,0.0044,0.01
65536,pick_miss,1,85,0.031744,0.0038,0.0105
65536,pick_miss,1,86,0.032768,0.0037,0.0103
65536,pick_miss,1,87,0.031744,0.0038,0.0094
65536,pick_miss,1,88,0.031744,0.0037,0.0105
65536,pick_miss,1,89,0.027648,0.0043,0.0102
65536,pick_miss,1,90,0.028672,0.0036,0.0102
65536,pick_miss,1,91,0.027648,0.0036,0.0093
65536,pick_miss,1,92,0.028672,0.0035,0.0112
65536,pick_miss,1,93,0.027648,0.0043,0.0103
65536,pick_miss,1,94,0.028672,0.0037,0.0101
65536,pick_miss,1,95,0.028672,0.0035,0.0093
65536,pick_miss,1,96,0.031744,0.0037,0.0092
65536,pick_miss,1,97,0.032768,0.0035,0.0108
65536,pick_miss,1,98,0.031744,0.0043,0.01
65536,pick_miss,1,99,0.028672,0.0035,0.0099
65536,pick_miss,1,100,0.028672,0.0035,0.0108
65536,pick_miss,1,101,0.028672,0.0043,0.0109
65536,pick_miss,1,102,0.028672,0.0037,0.01
65536,pick_miss,1,103,0.031744,0.0038,0.0093
65536,pick_miss,1,104,0.031744,0.0035,0.0101
65536,pick_miss,1,105,0.031744,0.0035,0.011
65536,pick_miss,1,106,0.028672,0.0042,0.0102
65536,pick_miss,1,107,0.027648,0.0035,0.0101
65536,pick_miss,1,108,0.028672,0.0035,0.0108
65536,pick_miss,1,109,0.027648,0.0038,0.0108
65536,pick_miss,1,110,0.028672,0.0036,0.0101
65536,pick_miss,1,111,0.028672,0.0037,0.0092
65536,pick_miss,1,112,0.027648,0.0037,0.0093
65536,pick_miss,1,113,0.028672,0.0036,0.0109
65536,pick_miss,1,114,0.027648,0.0043,0.0101
65536,pick_miss,1,115,0.027648,0.0035,0.0099
65536,pick_miss,1,116,0.031744,0.0035,0.0101
65536,pick_miss,1,117,0.028672,0.0035,0.0108
65536,pick_miss,1,118,0.028672,0.004,0.01
65536,pick_miss,1,119,0.028672,0.0037,0.0093
65536,pick_miss,2,0,0.028672,0.0013,0.011
65536,pick_miss,2,1,0.028672,0.0043,0.0111
65536,pick_miss,2,2,0.031744,0.0036,0.0108
65536,pick_miss,2,3,0.031744,0.0036,0.01
65536,pick_miss,2,4,0.028672,0.0039,0.0092
65536,pick_miss,2,5,0.028672,0.0035,0.0111
65536,pick_miss,2,6,0.028672,0.0042,0.0102
65536,pick_miss,2,7,0.027648,0.0036,0.0106
65536,pick_miss,2,8,0.028672,0.0035,0.0092
65536,pick_miss,2,9,0.028672,0.0035,0.0109
65536,pick_miss,2,10,0.028672,0.0043,0.0102
65536,pick_miss,2,11,0.031744,0.0036,0.0101
65536,pick_miss,2,12,0.028672,0.0037,0.0092
65536,pick_miss,2,13,0.028672,0.0036,0.0093
65536,pick_miss,2,14,0.028672,0.0035,0.0108
65536,pick_miss,2,15,0.028672,0.0043,0.0101
65536,pick_miss,2,16,0.027648,0.0035,0.0099
65536,pick_miss,2,17,0.028672,0.0036,0.0106
65536,pick_miss,2,18,0.028672,0.0039,0.0107
65536,pick_miss,2,19,0.027648,0.0036,0.011
65536,pick_miss,2,20,0.029696,0.0034,0.0099
65536,pick_miss,2,21,0.028672,0.0035,0.0099
65536,pick_miss,2,22,0.028672,0.0035,0.0109
65536,pick_miss,2,23,0.028672,0.0038,0.01
65536,pick_miss,2,24,0.031744,0.0038,0.0093
65536,pick_miss,2,25,0.028672,0.0035,0.0109
65536,pick_miss,2,26,0.027648,0.0042,0.011
65536,pick_miss,2,27,0.027648,0.0035,0.01
65536,pick_miss,2,28,0.028672,0.0036,0.0091
65536,pick_miss,2,29,0.027648,0.0035,0.0112
65536,pick_miss,2,30,0.027648,0.0041,0.011
65536,pick_miss,2,31,0.028672,0.0036,0.0109
65536,pick_miss,2,32,0.027648,0.0035,0.0111
65536,pick_miss,2,33,0.027648,0.0049,0.0111
65536,pick_miss,2,34,0.028672,0.0039,0.0189
65536,pick_miss,2,35,0.028672,0.0071,0.011
65536,pick_miss,2,36,0.028672,0.0045,0.0112
65536,pick_miss,2,37,0.028672,0.0038,0.0102
65536,pick_miss,2,38,0.028672,0.0039,0.0124
65536,pick_miss,2,39,0.028672,0.0044,0.01
65536,pick_miss,2,40,0.031744,0.0043,0.0101
65536,pick_miss,2,41,0.03072,0.0036,0.01
65536,pick_miss,2,42,0.031744,0.0039,0.0098
65536,pick_miss,2,43,0.028672,0.0035,0.0099
65536,pick_miss,2,44,0.028672,0.0035,0.0111
65536,pick_miss,2,45,0.028672,0.0042,0.01
65536,pick_miss,2,46,0.027648,0.0036,0.0104
65536,pick_miss,2,47,0.028672,0.0037,0.0101
65536,pick_miss,2,48,0.028672,0.0036,0.0093
65536,pick_miss,2,49,0.027648,0.0037,0.0105
65536,pick_miss,2,50,0.028672,0.0043,0.0101
65536,pick_miss,2,51,0.028672,0.0036,0.0098
65536,pick_miss,2,52,0.027648,0.0035,0.01
65536,pick_miss,2,53,0.028672,0.0036,0.0107
65536,pick_miss,2,54,0.028672,0.0038,0.0105
65536,pick_miss,2,55,0.027648,0.0038,0.01
65536,pick_miss,2,56,0.031744,0.0038,0.0092
65536,pick_miss,2,57,0.031744,0.0035,0.0108
65536,pick_miss,2,58,0.031744,0.0042,0.011
65536,pick_miss,2,59,0.027648,0.0036,0.01
65536,pick_miss,2,60,0.028672,0.0037,0.0092
65536,pick_miss,2,61,0.028672,0.0039,0.0107
65536,pick_miss,2,62,0.028672,0.0043,0.0109
65536,pick_miss,2,63,0.028672,0.0035,0.0101
65536,pick_miss,2,64,0.027648,0.0035,0.0099
65536,pick_miss,2,65,0.027648,0.0035,0.0116
65536,pick_miss,2,66,0.027648,0.0037,0.0111
65536,pick_miss,2,67,0.028672,0.0036,0.0101
65536,pick_miss,2,68,0.027648,0.0039,0.0092
65536,pick_miss,2,69,0.028672,0.0036,0.0109
65536,pick_miss,2,70,0.027648,0.0042,0.0108
65536,pick_miss,2,71,0.028672,0.0035,0.0101
65536,pick_miss,2,72,0.027648,0.0035,0.0105
65536,pick_miss,2,73,0.028672,0.0038,0.0108
65536,pick_miss,2,74,0.027648,0.0036,0.011
65536,pick_miss,2,75,0.027648,0.0036,0.0099
65536,pick_miss,2,76,0.028672,0.0039,0.0093
65536,pick_miss,2,77,0.028672,0.0037,0.0092
65536,pick_miss,2,78,0.027648,0.0035,0.0101
65536,pick_miss,2,79,0.028672,0.0035,0.01
65536,pick_miss,2,80,0.028672,0.0036,0.0092
65536,pick_miss,2,81,0.028672,0.0035,0.0108
65536,pick_miss,2,82,0.028672,0.0043,0.01
65536,pick_miss,2,83,0.027648,0.0036,0.0098
65536,pick_miss,2,84,0.027648,0.0037,0.0092
65536,pick_miss,2,85,0.028672,0.0037,0.0092
65536,pick_miss,2,86,0.027648,0.0035,0.011
65536,pick_miss,2,87,0.028672,0.0044,0.0101
65536,pick_miss,2,88,0.028672,0.0035,0.0098
65536,pick_miss,2,89,0.028672,0.0035,0.0106
65536,pick_miss,2,90,0.028672,0.0039,0.0111
65536,pick_miss,2,91,0.028672,0.0036,0.0102
65536,pick_miss,2,92,0.028672,0.0037,0.0093
65536,pick_miss,2,93,0.028672,0.0036,0.0092
65536,pick_miss,2,94,0.027648,0.0035,0.0108
65536,pick_miss,2,95,0.028672,0.0043,0.0102
65536,pick_miss,2,96,0.028672,0.0035,0.0099
65536,pick_miss,2,97,0.027648,0.0035,0.0107
65536,pick_miss,2,98,0.027648,0.0038,0.011
65536,pick_miss,2,99,0.028672,0.0036,0.0103
65536,pick_miss,2,100,0.028672,0.0037,0.0093
65536,pick_miss,2,101,0.028672,0.0035,0.0099
65536,pick_miss,2,102,0.027648,0.0037,0.0099
65536,pick_miss,2,103,0.027648,0.0038,0.0092
65536,pick_miss,2,104,0.032768,0.0035,0.0099
65536,pick_miss,2,105,0.03072,0.0037,0.0092
65536,pick_miss,2,106,0.027648,0.0035,0.01
65536,pick_miss,2,107,0.028672,0.0035,0.01
65536,pick_miss,2,108,0.027648,0.0036,0.0093
65536,pick_miss,2,109,0.028672,0.0037,0.0091
65536,pick_miss,2,110,0.027648,0.0034,0.011
65536,pick_miss,2,111,0.028672,0.0043,0.0101
65536,pick_miss,2,112,0.028672,0.0034,0.0098
65536,pick_miss,2,113,0.028672,0.0035,0.0107
65536,pick_miss,2,114,0.027648,0.0038,0.0102
65536,pick_miss,2,115,0.028672,0.0035,0.0098
65536,pick_miss,2,116,0.027648,0.0036,0.0092
65536,pick_miss,2,117,0.028672,0.0035,0.011
65536,pick_miss,2,118,0.028672,0.0042,0.0101
65536,pick_miss,2,119,0.031744,0.0035,0.01
65536,pick_miss,3,0,0.031744,0.0014,0.0112
65536,pick_miss,3,1,0.031744,0.0043,0.0099
65536,pick_miss,3,2,0.03072,0.0039,0.0093
65536,pick_miss,3,3,0.031744,0.0036,0.0104
65536,pick_miss,3,4,0.028672,0.0043,0.0109
65536,pick_miss,3,5,0.027648,0.0035,0.0102
65536,pick_miss,3,6,0.028672,0.0036,0.0099
65536,pick_miss,3,7,0.028672,0.0035,0.0099
65536,pick_miss,3,8,0.028672,0.0035,0.0099
65536,pick_miss,3,9,0.027648,0.0035,0.0105
65536,pick_miss,3,10,0.028672,0.0035,0.0104
65536,pick_miss,3,11,0.027648,0.0037,0.0106
65536,pick_miss,3,12,0.028672,0.0036,0.0107
65536,pick_miss,3,13,0.028672,0.0037,0.0097
65536,pick_miss,3,14,0.028672,0.0039,0.0091
65536,pick_miss,3,15,0.028672,0.0035,0.0108
65536,pick_miss,3,16,0.028672,0.0043,0.0099
65536,pick_miss,3,17,0.028672,0.0035,0.0098
65536,pick_miss,3,18,0.028672,0.0037,0.0094
65536,pick_miss,3,19,0.028672,0.0036,0.0092
65536,pick_miss,3,20,0.027648,0.0035,0.0108
65536,pick_miss,3,21,0.028672,0.0043,0.0101
65536,pick_miss,3,22,0.028672,0.0036,0.0099
65536,pick_miss,3,23,0.028672,0.0034,0.0106
65536,pick_miss,3,24,0.031744,0.0039,0.0107
65536,pick_miss,3,25,0.028672,0.0035,0.0098
65536,pick_miss,3,26,0.027648,0.0036,0.0104
65536,pick_miss,3,27,0.028672,0.0035,0.0103
65536,pick_miss,3,28,0.028672,0.0035,0.011
65536,pick_miss,3,29,0.028672,0.0037,0.0098
65536,pick_miss,3,30,0.028672,0.0036,0.0095
65536,pick_miss,3,31,0.028672,0.0035,0.0104
65536,pick_miss,3,32,0.027648,0.0043,0.0098
65536,pick_miss,3,33,0.027648,0.0035,0.0098
65536,pick_miss,3,34,0.028672,0.0035,0.0106
65536,pick_miss,3,35,0.028672,0.0038,0.0097
65536,pick_miss,3,36,0.029696,0.0035,0.0103
65536,pick_miss,3,37,0.028672,0.0035,0.0098
65536,pick_miss,3,38,0.028672,0.0038,0.0094
65536,pick_miss,3,39,0.028672,0.0034,0.0099
65536,pick_miss,3,40,0.028672,0.0034,0.0109
65536,pick_miss,3,41,0.028672,0.0042,0.0098
65536,pick_miss,3,42,0.028672,0.0035,0.0092
65536,pick_miss,3,43,0.028672,0.0035,0.0111
65536,pick_miss,3,44,0.028672,0.0042,0.0102
65536,pick_miss,3,45,0.028672,0.0035,0.0099
65536,pick_miss,3,46,0.027648,0.0035,0.0092
65536,pick_miss,3,47,0.027648,0.0034,0.0108
65536,pick_miss,3,48,0.028672,0.0043,0.0104
65536,pick_miss,3,49,0.027648,0.0035,0.0099
65536,pick_miss,3,50,0.027648,0.0037,0.0092
65536,pick_miss,3,51,0.028672,0.0034,0.011
65536,pick_miss,3,52,0.027648,0.0042,0.0105
65536,pick_miss,3,53,0.028672,0.0035,0.0097
65536,pick_miss,3,54,0.027648,0.0038,0.0092
65536,pick_miss,3,55,0.028672,0.0034,0.0109
65536,pick_miss,3,56,0.028672,0.0043,0.0107
65536,pick_miss,3,57,0.027648,0.0034,0.0098
65536,pick_miss,3,58,0.028672,0.0037,0.0092
65536,pick_miss,3,59,0.028672,0.0034,0.0108
65536,pick_miss,3,60,0.027648,0.0043,0.0104
65536,pick_miss,3,61,0.027648,0.0036,0.01
65536,pick_miss,3,62,0.031744,0.0035,0.0104
65536,pick_miss,3,63,0.031744,0.0035,0.0106
65536,pick_miss,3,64,0.031744,0.0038,0.0107
65536,pick_miss,3,65,0.031744,0.0036,0.0096
65536,pick_miss,3,66,0.027648,0.0038,0.0091
65536,pick_miss,3,67,0.028672,0.0036,0.0106
65536,pick_miss,3,68,0.027648,0.0043,0.0105
65536,pick_miss,3,69,0.028672,0.0036,0.0097
65536,pick_miss,3,70,0.027648,0.0036,0.0101
65536,pick_miss,3,71,0.028672,0.0035,0.0107
65536,pick_miss,3,72,0.028672,0.0038,0.0107
65536,pick_miss,3,73,0.028672,0.0036,0.01
65536,pick_miss,3,74,0.028672,0.0037,0.0092
65536,pick_miss,3,75,0.027648,0.0034,0.0104
65536,pick_miss,3,76,0.028672,0.0035,0.0108
65536,pick_miss,3,77,0.027648,0.0042,0.0099
65536,pick_miss,3,78,0.028672,0.0038,0.0092
65536,pick_miss,3,79,0.028672,0.0037,0.0094
65536,pick_miss,3,80,0.028672,0.0034,0.0106
65536,pick_miss,3,81,0.028672,0.0042,0.0098
65536,pick_miss,3,82,0.028672,0.0035,0.0099
65536,pick_miss,3,83,0.028672,0.0034,0.0106
65536,pick_miss,3,84,0.028672,0.0039,0.0108
65536,pick_miss,3,85,0.028672,0.0038,0.0098
65536,pick_miss,3,86,0.028672,0.0039,0.0091
65536,pick_miss,3,87,0.028672,0.0038,0.0108
65536,pick_miss,3,88,0.027648,0.0038,0.0101
65536,pick_miss,3,89,0.027648,0.0036,0.0237
65536,pick_miss,3,90,0.028672,0.0037,0.0111
65536,pick_miss,3,91,0.028672,0.0036,0.0106
65536,pick_miss,3,92,0.028672,0.0036,0.0096
65536,pick_miss,3,93,0.03072,0.0035,0.023
65536,pick_miss,3,94,0.054272,0.0036,0.0123
65536,pick_miss,3,95,0.028672,0.0064,0.012
65536,pick_miss,3,96,0.029696,0.0042,0.0226
65536,pick_miss,3,97,0.028672,0.0048,0.0108
65536,pick_miss,3,98,0.028672,0.0035,0.0125
65536,pick_miss,3,99,0.028672,0.0048,0.0105
65536,pick_miss,3,100,0.027648,0.0036,0.0101
65536,pick_miss,3,101,0.028672,0.0035,0.0099
65536,pick_miss,3,102,0.028672,0.0038,0.0115
65536,pick_miss,3,103,0.028672,0.0042,0.01
65536,pick_miss,3,104,0.028672,0.0037,0.0097
65536,pick_miss,3,105,0.027648,0.0041,0.0106
65536,pick_miss,3,106,0.028672,0.0042,0.0099
65536,pick_miss,3,107,0.028672,0.0035,0.0105
65536,pick_miss,3,108,0.028672,0.0037,0.0099
65536,pick_miss,3,109,0.031744,0.0039,0.0092
65536,pick_miss,3,110,0.031744,0.0035,0.0099
65536,pick_miss,3,111,0.031744,0.0034,0.0101
65536,pick_miss,3,112,0.031744,0.0035,0.0099
65536,pick_miss,3,113,0.028672,0.0035,0.0106
65536,pick_miss,3,114,0.027648,0.0043,0.0108
65536,pick_miss,3,115,0.028672,0.0036,0.0108
65536,pick_miss,3,116,0.028672,0.0035,0.0102
65536,pick_miss,3,117,0.027648,0.0039,0.0093
65536,pick_miss,3,118,0.028672,0.0035,0.0108
65536,pick_miss,3,119,0.028672,0.0042,0.0105
65536,gather_256,1,0,0.021504,0.0341,0.0203
65536,gather_256,1,1,0.016384,0.0049,0.0215
65536,gather_256,1,2,0.021504,0.0055,0.0232
65536,gather_256,1,3,0.021504,0.0049,0.0207
65536,gather_256,1,4,0.021504,0.0049,0.0205
65536,gather_256,1,5,0.021504,0.005,0.0218
65536,gather_256,1,6,0.021504,0.0078,0.0207
65536,gather_256,1,7,0.021504,0.005,0.0253
65536,gather_256,1,8,0.024576,0.0051,0.0206
65536,gather_256,1,9,0.022528,0.005,0.0236
65536,gather_256,1,10,0.016384,0.0058,0.0502
65536,gather_256,1,11,0.022528,0.013,0.0322
65536,gather_256,1,12,0.023552,0.0099,0.0214
65536,gather_256,1,13,0.021504,0.0057,0.0192
65536,gather_256,1,14,0.017408,0.0054,0.0243
65536,gather_256,1,15,0.016384,0.0051,0.0202
65536,gather_256,1,16,0.021504,0.0051,0.0244
65536,gather_256,1,17,0.016384,0.0059,0.0206
65536,gather_256,1,18,0.021504,0.0059,0.0215
65536,gather_256,1,19,0.021504,0.0051,0.0205
65536,gather_256,1,20,0.02048,0.005,0.0227
65536,gather_256,1,21,0.021504,0.005,0.0208
65536,gather_256,1,22,0.021504,0.006,0.022
65536,gather_256,1,23,0.021504,0.0056,0.0208
65536,gather_256,1,24,0.022528,0.0059,0.0238
65536,gather_256,1,25,0.016384,0.0052,0.0211
65536,gather_256,1,26,0.021504,0.0049,0.0214
65536,gather_256,1,27,0.021504,0.0051,0.0214
65536,gather_256,1,28,0.02048,0.0058,0.0227
65536,gather_256,1,29,2.113536,0.0051,0.0206
65536,gather_256,1,30,0.02048,0.0058,0.0207
65536,gather_256,1,31,0.022528,0.0051,0.0224
65536,gather_256,1,32,0.021504,0.0057,0.0216
65536,gather_256,1,33,0.02048,0.0055,0.0217
65536,gather_256,1,34,0.02048,0.005,0.0196
65536,gather_256,1,35,0.021504,0.005,0.021
65536,gather_256,1,36,0.02048,0.0051,0.0208
65536,gather_256,1,37,0.016384,0.005,0.021
65536,gather_256,1,38,0.022528,0.0049,0.0201
65536,gather_256,1,39,0.02048,0.0049,0.0207
65536,gather_256,1,40,0.02048,0.0052,0.0208
65536,gather_256,1,41,0.021504,0.0053,0.0206
65536,gather_256,1,42,0.021504,0.0053,0.0204
65536,gather_256,1,43,0.016384,0.005,0.0208
65536,gather_256,1,44,0.021504,0.0051,0.0207
65536,gather_256,1,45,0.021504,0.0049,0.0211
65536,gather_256,1,46,0.021504,0.0049,0.02
65536,gather_256,1,47,0.02048,0.0051,0.0206
65536,gather_256,1,48,0.02048,0.0049,0.0272
65536,gather_256,1,49,0.02048,0.0057,0.0212
65536,gather_256,1,50,0.02048,0.0055,0.0201
65536,gather_256,1,51,0.021504,0.0056,0.024
65536,gather_256,1,52,0.022528,0.0053,0.0212
65536,gather_256,1,53,0.021504,0.0049,0.021
65536,gather_256,1,54,0.02048,0.0049,0.0205
65536,gather_256,1,55,0.02048,0.0051,0.0198
65536,gather_256,1,56,0.021504,0.0049,0.0211
65536,gather_256,1,57,0.02048,0.0052,0.0207
65536,gather_256,1,58,0.02048,0.0051,0.0201
65536,gather_256,1,59,0.022528,0.0051,0.0203
65536,gather_256,1,60,0.02048,0.0051,0.0205
65536,gather_256,1,61,0.021504,0.005,0.02
65536,gather_256,1,62,0.02048,0.0052,0.0203
65536,gather_256,1,63,0.021504,0.005,0.0209
65536,gather_256,1,64,0.021504,0.0049,0.0212
65536,gather_256,1,65,0.023552,0.0049,0.0214
65536,gather_256,1,66,0.022528,0.0049,0.0199
65536,gather_256,1,67,0.02048,0.005,0.0202
65536,gather_256,1,68,0.021504,0.0051,0.0212
65536,gather_256,1,69,0.016384,0.005,0.0212
65536,gather_256,1,70,0.016384,0.0049,0.0204
65536,gather_256,1,71,0.021504,0.005,0.0214
65536,gather_256,1,72,0.02048,0.005,0.0207
65536,gather_256,1,73,0.016384,0.0048,0.0208
65536,gather_256,1,74,0.021504,0.0049,0.0203
65536,gather_256,1,75,0.023552,0.005,0.0203
65536,gather_256,1,76,0.021504,0.0051,0.0206
65536,gather_256,1,77,0.02048,0.0049,0.0214
65536,gather_256,1,78,0.02048,0.0048,0.0205
65536,gather_256,1,79,0.023552,0.005,0.0208
65536,gather_256,1,80,0.022528,0.0053,0.0212
65536,gather_256,1,81,0.021504,0.0051,0.0211
65536,gather_256,1,82,0.02048,0.0049,0.02
65536,gather_256,1,83,0.02048,0.005,0.0197
65536,gather_256,1,84,0.02048,0.005,0.0213
65536,gather_256,1,85,0.02048,0.0053,0.0209
65536,gather_256,1,86,0.021504,0.0048,0.0201
65536,gather_256,1,87,0.022528,0.0049,0.021
65536,gather_256,1,88,0.016384,0.0051,0.0166
65536,gather_256,1,89,0.023552,0.0045,0.0204
65536,gather_256,1,90,0.021504,0.0051,0.0202
65536,gather_256,1,91,0.017408,0.0049,0.0213
65536,gather_256,1,92,0.016384,0.005,0.0206
65536,gather_256,1,93,0.016384,0.0049,0.0208
65536,gather_256,1,94,0.022528,0.0049,0.02
65536,gather_256,1,95,0.021504,0.0049,0.021
65536,gather_256,1,96,0.023552,0.0052,0.022
65536,gather_256,1,97,0.02048,0.0048,0.0212
65536,gather_256,1,98,0.016384,0.005,0.0205
65536,gather_256,1,99,0.017408,0.0052,0.0205
65536,gather_256,1,100,0.017408,0.0051,0.0225
65536,gather_256,1,101,0.022528,0.0049,0.0209
65536,gather_256,1,102,0.02048,0.0049,0.0201
65536,gather_256,1,103,0.023552,0.005,0.0204
65536,gather_256,1,104,0.016384,0.0055,0.0213
65536,gather_256,1,105,0.02048,0.0048,0.0214
65536,gather_256,1,106,0.02048,0.005,0.0212
65536,gather_256,1,107,0.017408,0.005,0.0202
65536,gather_256,1,108,0.022528,0.005,0.0206
65536,gather_256,1,109,0.02048,0.0049,0.0209
65536,gather_256,1,110,0.021504,0.0049,0.0202
65536,gather_256,1,111,0.016384,0.005,0.0204
65536,gather_256,1,112,0.016384,0.005,0.0207
65536,gather_256,1,113,0.02048,0.0049,0.0214
65536,gather_256,1,114,0.021504,0.0048,0.0202
65536,gather_256,1,115,0.022528,0.005,0.0203
65536,gather_256,1,116,0.021504,0.0053,0.0206
65536,gather_256,1,117,0.02048,0.0049,0.0208
65536,gather_256,1,118,0.016384,0.005,0.0203
65536,gather_256,1,119,0.016384,0.0049,0.0212
65536,gather_256,2,0,0.017408,0.0025,0.022
65536,gather_256,2,1,0.017408,0.0057,0.0204
65536,gather_256,2,2,0.021504,0.005,0.0209
65536,gather_256,2,3,0.016384,0.0051,0.0211
65536,gather_256,2,4,0.017408,0.0048,0.0204
65536,gather_256,2,5,0.021504,0.005,0.0215
65536,gather_256,2,6,0.016384,0.0052,0.0214
65536,gather_256,2,7,0.023552,0.0048,0.0213
65536,gather_256,2,8,0.017408,0.0048,0.0203
65536,gather_256,2,9,0.016384,0.0049,0.0242
65536,gather_256,2,10,0.016384,0.0052,0.0214
65536,gather_256,2,11,0.017408,0.0049,0.021
65536,gather_256,2,12,0.022528,0.0048,0.0206
65536,gather_256,2,13,0.016384,0.005,0.0208
65536,gather_256,2,14,0.023552,0.005,0.0214
65536,gather_256,2,15,0.016384,0.0049,0.0209
65536,gather_256,2,16,0.017408,0.0049,0.0202
65536,gather_256,2,17,0.016384,0.005,0.021
65536,gather_256,2,18,0.017408,0.0053,0.0213
65536,gather_256,2,19,0.022528,0.0051,0.0208
65536,gather_256,2,20,0.017408,0.0049,0.0206
65536,gather_256,2,21,0.023552,0.005,0.0211
65536,gather_256,2,22,0.016384,0.005,0.0213
65536,gather_256,2,23,0.016384,0.0049,0.0209
65536,gather_256,2,24,0.016384,0.0049,0.0202
65536,gather_256,2,25,0.016384,0.005,0.0211
65536,gather_256,2,26,0.021504,0.005,0.021
65536,gather_256,2,27,0.016384,0.0049,0.0208
65536,gather_256,2,28,0.02048,0.0047,0.0209
65536,gather_256,2,29,0.016384,0.0049,0.0206
65536,gather_256,2,30,0.016384,0.005,0.0209
65536,gather_256,2,31,0.016384,0.0048,0.0209
65536,gather_256,2,32,0.016384,0.0047,0.0204
65536,gather_256,2,33,0.022528,0.005,0.0206
65536,gather_256,2,34,0.017408,0.0049,0.0209
65536,gather_256,2,35,0.023552,0.0048,0.0207
65536,gather_256,2,36,0.016384,0.0049,0.02
65536,gather_256,2,37,0.016384,0.0049,0.021
65536,gather_256,2,38,0.016384,0.005,0.021
65536,gather_256,2,39,0.017408,0.0048,0.0207
65536,gather_256,2,40,0.022528,0.0049,0.0203
65536,gather_256,2,41,0.016384,0.0051,0.021
65536,gather_256,2,42,0.023552,0.0053,0.0208
65536,gather_256,2,43,0.016384,0.0049,0.021
65536,gather_256,2,44,0.016384,0.0048,0.0201
65536,gather_256,2,45,0.022528,0.005,0.021
65536,gather_256,2,46,0.017408,0.0049,0.021
65536,gather_256,2,47,0.021504,0.0049,0.0208
65536,gather_256,2,48,0.017408,0.0048,0.0201
65536,gather_256,2,49,0.022528,0.0049,0.0209
65536,gather_256,2,50,0.016384,0.005,0.0212
65536,gather_256,2,51,0.016384,0.0048,0.021
65536,gather_256,2,52,0.016384,0.0048,0.0213
65536,gather_256,2,53,0.016384,0.0052,0.021
65536,gather_256,2,54,0.022528,0.005,0.0212
65536,gather_256,2,55,0.016384,0.0049,0.0208
65536,gather_256,2,56,0.023552,0.0047,0.0205
65536,gather_256,2,57,0.016384,0.0051,0.0209
65536,gather_256,2,58,0.016384,0.0049,0.0235
65536,gather_256,2,59,0.021504,0.0049,0.0212
65536,gather_256,2,60,0.016384,0.0049,0.0199
65536,gather_256,2,61,0.022528,0.005,0.0204
65536,gather_256,2,62,0.016384,0.005,0.0212
65536,gather_256,2,63,0.023552,0.0049,0.021
65536,gather_256,2,64,0.016384,0.0047,0.0267
65536,gather_256,2,65,0.016384,0.0054,0.0202
65536,gather_256,2,66,0.017408,0.0049,0.0213
65536,gather_256,2,67,0.017408,0.0055,0.0203
65536,gather_256,2,68,0.021504,0.0048,0.0207
65536,gather_256,2,69,0.016384,0.0052,0.0207
65536,gather_256,2,70,0.023552,0.0049,0.021
65536,gather_256,2,71,0.017408,0.0048,0.0202
65536,gather_256,2,72,0.016384,0.0049,0.0207
65536,gather_256,2,73,0.022528,0.0051,0.0208
65536,gather_256,2,74,0.02048,0.0048,0.0211
65536,gather_256,2,75,0.021504,0.0048,0.0202
65536,gather_256,2,76,0.016384,0.0048,0.0205
65536,gather_256,2,77,0.023552,0.0051,0.0212
65536,gather_256,2,78,0.016384,0.0049,0.021
65536,gather_256,2,79,0.016384,0.0048,0.0205
65536,gather_256,2,80,0.016384,0.0051,0.0207
65536,gather_256,2,81,0.016384,0.0051,0.0207
65536,gather_256,2,82,0.021504,0.0048,0.0208
65536,gather_256,2,83,0.017408,0.0049,0.0203
65536,gather_256,2,84,0.023552,0.0049,0.0206
65536,gather_256,2,85,0.016384,0.0052,0.021
65536,gather_256,2,86,0.016384,0.0048,0.0208
65536,gather_256,2,87,0.017408,0.0048,0.0201
65536,gather_256,2,88,0.02048,0.005,0.0212
65536,gather_256,2,89,0.021504,0.0052,0.0212
65536,gather_256,2,90,0.017408,0.0048,0.021
65536,gather_256,2,91,0.02048,0.0051,0.0198
65536,gather_256,2,92,0.017408,0.0049,0.0207
65536,gather_256,2,93,0.017408,0.005,0.0213
65536,gather_256,2,94,0.016384,0.0047,0.0204
65536,gather_256,2,95,0.017408,0.0048,0.0204
65536,gather_256,2,96,0.021504,0.0051,0.0213
65536,gather_256,2,97,0.017408,0.0051,0.0209
65536,gather_256,2,98,0.023552,0.0049,0.0212
65536,gather_256,2,99,0.017408,0.0048,0.0198
65536,gather_256,2,100,0.02048,0.005,0.0207
65536,gather_256,2,101,0.016384,0.0052,0.0208
65536,gather_256,2,102,0.021504,0.0049,0.021
65536,gather_256,2,103,0.021504,0.0048,0.0201
65536,gather_256,2,104,0.016384,0.0049,0.0204
65536,gather_256,2,105,0.023552,0.005,0.0211
65536,gather_256,2,106,0.016384,0.0048,0.0242
65536,gather_256,2,107,0.017408,0.0049,0.0199
65536,gather_256,2,108,0.016384,0.0049,0.0211
65536,gather_256,2,109,0.016384,0.0051,0.021
65536,gather_256,2,110,0.021504,0.0048,0.0209
65536,gather_256,2,111,0.016384,0.0049,0.022
65536,gather_256,2,112,0.023552,0.0049,0.0206
65536,gather_256,2,113,0.017408,0.0051,0.0209
65536,gather_256,2,114,0.016384,0.0049,0.0209
65536,gather_256,2,115,0.016384,0.0049,0.0199
65536,gather_256,2,116,0.021504,0.005,0.0206
65536,gather_256,2,117,0.021504,0.0049,0.0208
65536,gather_256,2,118,0.016384,0.0049,0.0207
65536,gather_256,2,119,0.023552,0.005,0.02
65536,gather_256,3,0,0.021504,0.0028,0.0227
65536,gather_256,3,1,0.017408,0.0055,0.0201
65536,gather_256,3,2,0.017408,0.005,0.0207
65536,gather_256,3,3,0.036864,0.0053,0.0211
65536,gather_256,3,4,0.017408,0.0051,0.0203
65536,gather_256,3,5,0.017408,0.005,0.0211
65536,gather_256,3,6,0.02048,0.0052,0.0212
65536,gather_256,3,7,0.021504,0.005,0.021
65536,gather_256,3,8,0.022528,0.0048,0.0203
65536,gather_256,3,9,0.021504,0.0049,0.0212
65536,gather_256,3,10,0.02048,0.0052,0.021
65536,gather_256,3,11,0.021504,0.0048,0.0197
65536,gather_256,3,12,0.022528,0.005,0.0201
65536,gather_256,3,13,0.021504,0.0047,0.0228
65536,gather_256,3,14,0.024576,0.005,0.0209
65536,gather_256,3,15,0.017408,0.0049,0.0207
65536,gather_256,3,16,0.021504,0.0048,0.0204
65536,gather_256,3,17,0.021504,0.0049,0.0208
65536,gather_256,3,18,0.016384,0.0051,0.0204
65536,gather_256,3,19,0.022528,0.0049,0.02
65536,gather_256,3,20,0.023552,0.005,0.0201
65536,gather_256,3,21,0.024576,0.0051,0.0208
65536,gather_256,3,22,0.022528,0.0051,0.0206
65536,gather_256,3,23,0.017408,0.0049,0.0206
65536,gather_256,3,24,0.021504,0.0048,0.0203
65536,gather_256,3,25,0.02048,0.0049,0.0212
65536,gather_256,3,26,0.022528,0.0051,0.021
65536,gather_256,3,27,0.018432,0.0047,0.0209
65536,gather_256,3,28,0.023552,0.0049,0.0204
65536,gather_256,3,29,0.017408,0.0049,0.0207
65536,gather_256,3,30,0.021504,0.0052,0.0199
65536,gather_256,3,31,0.017408,0.005,0.0208
65536,gather_256,3,32,0.017408,0.005,0.0204
65536,gather_256,3,33,0.022528,0.0047,0.0208
65536,gather_256,3,34,0.017408,0.0051,0.0205
65536,gather_256,3,35,0.023552,0.0049,0.021
65536,gather_256,3,36,0.024576,0.0051,0.0202
65536,gather_256,3,37,0.017408,0.005,0.0212
65536,gather_256,3,38,0.021504,0.0051,0.0213
65536,gather_256,3,39,0.016384,0.0049,0.0206
65536,gather_256,3,40,0.022528,0.005,0.0201
65536,gather_256,3,41,0.017408,0.0048,0.0207
65536,gather_256,3,42,0.024576,0.0051,0.0206
65536,gather_256,3,43,0.021504,0.0048,0.0205
65536,gather_256,3,44,0.017408,0.0052,0.0202
65536,gather_256,3,45,0.017408,0.005,0.0206
65536,gather_256,3,46,0.02048,0.0051,0.0207
65536,gather_256,3,47,0.022528,0.0048,0.0207
65536,gather_256,3,48,0.017408,0.0048,0.0197
65536,gather_256,3,49,0.024576,0.0052,0.021
65536,gather_256,3,50,0.017408,0.0052,0.0206
65536,gather_256,3,51,0.017408,0.0049,0.0196
65536,gather_256,3,52,0.017408,0.0049,0.02
65536,gather_256,3,53,0.017408,0.0048,0.021
65536,gather_256,3,54,0.022528,0.0049,0.0208
65536,gather_256,3,55,0.021504,0.0048,0.0205
65536,gather_256,3,56,0.023552,0.0048,0.0204
65536,gather_256,3,57,0.017408,0.005,0.0243
65536,gather_256,3,58,0.017408,0.0051,0.0208
65536,gather_256,3,59,0.017408,0.0049,0.02
65536,gather_256,3,60,0.016384,0.005,0.0199
65536,gather_256,3,61,0.022528,0.0047,0.0209
65536,gather_256,3,62,0.02048,0.0057,0.0238
65536,gather_256,3,63,0.024576,0.0051,0.0204
65536,gather_256,3,64,0.02048,0.0051,0.0213
65536,gather_256,3,65,0.022528,0.0051,0.6138
65536,gather_256,3,66,0.021504,0.0062,0.0434
65536,gather_256,3,67,0.021504,0.0213,0.0331
65536,gather_256,3,68,0.018432,0.0088,0.03
65536,gather_256,3,69,0.017408,0.0084,0.0318
65536,gather_256,3,70,0.021504,0.0071,0.024
65536,gather_256,3,71,0.016384,0.0057,0.0277
65536,gather_256,3,72,0.017408,0.0061,0.0212
65536,gather_256,3,73,0.017408,0.0051,0.0215
65536,gather_256,3,74,0.021504,0.0059,0.0219
65536,gather_256,3,75,0.023552,0.0058,0.0247
65536,gather_256,3,76,0.021504,0.0052,0.0242
65536,gather_256,3,77,0.023552,0.0057,0.0219
65536,gather_256,3,78,0.022528,0.0055,0.0283
65536,gather_256,3,79,0.018432,0.006,0.0335
65536,gather_256,3,80,0.023552,0.0136,0.0621
65536,gather_256,3,81,0.017408,0.0097,0.0476
65536,gather_256,3,82,0.017408,0.007,0.0221
65536,gather_256,3,83,0.018432,0.0062,0.0207
65536,gather_256,3,84,0.021504,0.0065,0.0215
65536,gather_256,3,85,0.021504,0.005,0.0214
65536,gather_256,3,86,0.021504,0.005,0.0219
65536,gather_256,3,87,0.021504,0.0051,0.0241
65536,gather_256,3,88,0.02048,0.005,0.0208
65536,gather_256,3,89,0.022528,0.0054,0.0218
65536,gather_256,3,90,0.02048,0.0056,0.0208
65536,gather_256,3,91,0.023552,0.0056,0.0241
65536,gather_256,3,92,0.017408,0.0053,0.0203
65536,gather_256,3,93,0.017408,0.005,0.0207
65536,gather_256,3,94,0.021504,0.0052,0.0196
65536,gather_256,3,95,0.018432,0.0054,0.0232
65536,gather_256,3,96,0.023552,0.005,0.0208
65536,gather_256,3,97,0.017408,0.0048,0.021
65536,gather_256,3,98,0.023552,0.0056,0.021
65536,gather_256,3,99,0.02048,0.005,0.024
65536,gather_256,3,100,0.017408,0.0055,0.0208
65536,gather_256,3,101,0.02048,0.0049,0.0215
65536,gather_256,3,102,0.02048,0.0052,0.019
65536,gather_256,3,103,0.022528,0.0052,0.0236
65536,gather_256,3,104,0.017408,0.0051,0.0208
65536,gather_256,3,105,0.023552,0.0049,0.021
65536,gather_256,3,106,0.017408,0.0053,0.0194
65536,gather_256,3,107,0.017408,0.0052,0.0234
65536,gather_256,3,108,0.021504,0.0052,0.0205
65536,gather_256,3,109,0.017408,0.005,0.0209
65536,gather_256,3,110,0.022528,0.0054,0.0194
65536,gather_256,3,111,0.017408,0.0056,0.0255
65536,gather_256,3,112,0.024576,0.0053,0.0204
65536,gather_256,3,113,0.017408,0.005,0.0211
65536,gather_256,3,114,0.017408,0.0053,0.0197
65536,gather_256,3,115,0.018432,0.0054,0.0233
65536,gather_256,3,116,0.017408,0.005,0.0207
65536,gather_256,3,117,0.023552,0.0049,0.0212
65536,gather_256,3,118,0.017408,0.0052,0.0194
65536,gather_256,3,119,0.024576,0.0053,0.0228
131072,pick_hit,1,0,0.045056,0.0026,0.0099
131072,pick_hit,1,1,0.04608,0.0037,0.0099
131072,pick_hit,1,2,0.04608,0.0035,0.0099
131072,pick_hit,1,3,0.045056,0.0034,0.0098
131072,pick_hit,1,4,0.043008,0.0035,0.0099
131072,pick_hit,1,5,0.041984,0.0034,0.0099
131072,pick_hit,1,6,0.041984,0.0035,0.0098
131072,pick_hit,1,7,0.041984,0.0034,0.0097
131072,pick_hit,1,8,0.043008,0.0035,0.0097
131072,pick_hit,1,9,0.043008,0.0035,0.0098
131072,pick_hit,1,10,0.043008,0.0035,0.0108
131072,pick_hit,1,11,0.041984,0.0034,0.01
131072,pick_hit,1,12,0.041984,0.0035,0.0098
131072,pick_hit,1,13,0.041984,0.0035,0.0098
131072,pick_hit,1,14,0.043008,0.0035,0.0099
131072,pick_hit,1,15,0.043008,0.0034,0.01
131072,pick_hit,1,16,0.043008,0.0034,0.0097
131072,pick_hit,1,17,0.04608,0.0035,0.0101
131072,pick_hit,1,18,0.04608,0.0035,0.0098
131072,pick_hit,1,19,0.04608,0.0034,0.0098
131072,pick_hit,1,20,0.047104,0.0035,0.0097
131072,pick_hit,1,21,0.047104,0.0034,0.01
131072,pick_hit,1,22,0.043008,0.0036,0.0099
131072,pick_hit,1,23,0.043008,0.0034,0.01
131072,pick_hit,1,24,0.043008,0.0034,0.0099
131072,pick_hit,1,25,0.043008,0.0034,0.0099
131072,pick_hit,1,26,0.043008,0.0034,0.01
131072,pick_hit,1,27,0.044032,0.0034,0.0098
131072,pick_hit,1,28,0.043008,0.0035,0.0098
131072,pick_hit,1,29,0.043008,0.0034,0.01
131072,pick_hit,1,30,0.043008,0.0035,0.01
131072,pick_hit,1,31,0.041984,0.0034,0.0102
131072,pick_hit,1,32,0.043008,0.0036,0.0104
131072,pick_hit,1,33,0.043008,0.0034,0.01
131072,pick_hit,1,34,0.041984,0.0035,0.0099
131072,pick_hit,1,35,0.04608,0.0034,0.0098
131072,pick_hit,1,36,0.043008,0.0035,0.0099
131072,pick_hit,1,37,0.043008,0.0035,0.0098
131072,pick_hit,1,38,0.043008,0.0034,0.0099
131072,pick_hit,1,39,0.043008,0.0035,0.0099
131072,pick_hit,1,40,0.041984,0.0035,0.0098
131072,pick_hit,1,41,0.043008,0.0034,0.0184
131072,pick_hit,1,42,0.043008,0.0055,0.0108
131072,pick_hit,1,43,0.043008,0.0041,0.0102
131072,pick_hit,1,44,0.041984,0.0034,0.0102
131072,pick_hit,1,45,0.043008,0.0035,0.0106
131072,pick_hit,1,46,0.043008,0.0035,0.0098
131072,pick_hit,1,47,0.043008,0.0034,0.0101
131072,pick_hit,1,48,0.047104,0.0035,0.01
131072,pick_hit,1,49,0.04608,0.0035,0.0104
131072,pick_hit,1,50,1.953792,0.0035,0.0103
131072,pick_hit,1,51,0.04608,0.0038,0.0101
131072,pick_hit,1,52,0.043008,0.0039,0.0094
131072,pick_hit,1,53,0.041984,0.0036,0.0094
131072,pick_hit,1,54,0.043008,0.0036,0.0094
131072,pick_hit,1,55,0.043008,0.0034,0.0098
131072,pick_hit,1,56,0.043008,0.0034,0.0097
131072,pick_hit,1,57,0.043008,0.0036,0.0093
131072,pick_hit,1,58,0.041984,0.0035,0.0093
131072,pick_hit,1,59,0.041984,0.0035,0.0097
131072,pick_hit,1,60,0.043008,0.0035,0.0098
131072,pick_hit,1,61,0.041984,0.0035,0.0098
131072,pick_hit,1,62,0.043008,0.0035,0.0098
131072,pick_hit,1,63,0.04608,0.0035,0.0102
131072,pick_hit,1,64,0.04608,0.0035,0.0099
131072,pick_hit,1,65,0.04608,0.0035,0.0098
131072,pick_hit,1,66,0.04608,0.0035,0.0099
131072,pick_hit,1,67,0.043008,0.0034,0.0099
131072,pick_hit,1,68,0.043008,0.0035,0.0097
131072,pick_hit,1,69,0.041984,0.0035,0.0098
131072,pick_hit,1,70,0.041984,0.0035,0.0097
131072,pick_hit,1,71,0.041984,0.0034,0.01
131072,pick_hit,1,72,0.043008,0.0035,0.0097
131072,pick_hit,1,73,0.043008,0.0034,0.01
131072,pick_hit,1,74,0.043008,0.0035,0.0099
131072,pick_hit,1,75,0.041984,0.0035,0.0098
131072,pick_hit,1,76,0.043008,0.0035,0.01
131072,pick_hit,1,77,0.044032,0.0034,0.0099
131072,pick_hit,1,78,0.041984,0.0035,0.0103
131072,pick_hit,1,79,0.043008,0.0035,0.0097
131072,pick_hit,1,80,0.04608,0.0034,0.0098
131072,pick_hit,1,81,0.047104,0.0034,0.0112
131072,pick_hit,1,82,0.04608,0.0043,0.0099
131072,pick_hit,1,83,0.041984,0.0035,0.01
131072,pick_hit,1,84,0.043008,0.0035,0.01
131072,pick_hit,1,85,0.043008,0.0034,0.0098
131072,pick_hit,1,86,0.043008,0.0035,0.0098
131072,pick_hit,1,87,0.043008,0.0034,0.0098
131072,pick_hit,1,88,0.043008,0.0034,0.0099
131072,pick_hit,1,89,0.043008,0.0034,0.0097
131072,pick_hit,1,90,0.041984,0.0034,0.0098
131072,pick_hit,1,91,0.043008,0.0034,0.0098
131072,pick_hit,1,92,0.043008,0.0035,0.01
131072,pick_hit,1,93,0.043008,0.0034,0.0097
131072,pick_hit,1,94,0.041984,0.0035,0.0098
131072,pick_hit,1,95,0.043008,0.0034,0.0099
131072,pick_hit,1,96,0.043008,0.0035,0.01
131072,pick_hit,1,97,0.043008,0.0035,0.0099
131072,pick_hit,1,98,0.043008,0.0035,0.0099
131072,pick_hit,1,99,0.043008,0.0034,0.0101
131072,pick_hit,1,100,0.041984,0.0035,0.0099
131072,pick_hit,1,101,0.043008,0.0034,0.0099
131072,pick_hit,1,102,0.041984,0.0035,0.0099
131072,pick_hit,1,103,0.043008,0.0034,0.0106
131072,pick_hit,1,104,0.043008,0.0035,0.0099
131072,pick_hit,1,105,0.041984,0.0034,0.0099
131072,pick_hit,1,106,0.041984,0.0035,0.01
131072,pick_hit,1,107,0.043008,0.0034,0.0098
131072,pick_hit,1,108,0.043008,0.0035,0.0099
131072,pick_hit,1,109,0.041984,0.0035,0.0098
131072,pick_hit,1,110,0.04608,0.0034,0.0098
131072,pick_hit,1,111,0.04608,0.0035,0.0099
131072,pick_hit,1,112,0.04608,0.0035,0.0098
131072,pick_hit,1,113,0.04608,0.0035,0.0098
131072,pick_hit,1,114,0.041984,0.0034,0.0097
131072,pick_hit,1,115,0.041984,0.0034,0.0099
131072,pick_hit,1,116,0.041984,0.0034,0.0096
131072,pick_hit,1,117,0.043008,0.0034,0.01
131072,pick_hit,1,118,0.043008,0.0035,0.01
131072,pick_hit,1,119,0.043008,0.0035,0.0098
131072,pick_hit,2,0,0.047104,0.0013,0.0096
131072,pick_hit,2,1,0.04608,0.0034,0.0098
131072,pick_hit,2,2,0.043008,0.0035,0.0099
131072,pick_hit,2,3,0.041984,0.0034,0.0098
131072,pick_hit,2,4,0.043008,0.0035,0.0097
131072,pick_hit,2,5,0.043008,0.0035,0.0098
131072,pick_hit,2,6,0.04608,0.0035,0.0105
131072,pick_hit,2,7,0.045056,0.0034,0.0099
131072,pick_hit,2,8,0.045056,0.0035,0.01
131072,pick_hit,2,9,0.043008,0.0034,0.0099
131072,pick_hit,2,10,0.041984,0.0035,0.0102
131072,pick_hit,2,11,0.043008,0.0034,0.0124
131072,pick_hit,2,12,0.043008,0.0044,0.0099
131072,pick_hit,2,13,0.041984,0.0034,0.0097
131072,pick_hit,2,14,0.04608,0.0035,0.0099
131072,pick_hit,2,15,0.04608,0.0034,0.0105
131072,pick_hit,2,16,0.04608,0.0038,0.0095
131072,pick_hit,2,17,0.04608,0.0035,0.0098
131072,pick_hit,2,18,0.044032,0.0035,0.0098
131072,pick_hit,2,19,0.041984,0.0034,0.0103
131072,pick_hit,2,20,0.041984,0.0035,0.0099
131072,pick_hit,2,21,0.043008,0.0035,0.01
131072,pick_hit,2,22,0.043008,0.0035,0.0098
131072,pick_hit,2,23,0.044032,0.0035,0.0098
131072,pick_hit,2,24,0.047104,0.0035,0.0096
131072,pick_hit,2,25,0.04608,0.0034,0.01
131072,pick_hit,2,26,0.04608,0.0034,0.0098
131072,pick_hit,2,27,0.043008,0.0035,0.0098
131072,pick_hit,2,28,0.043008,0.0035,0.0098
131072,pick_hit,2,29,0.043008,0.0034,0.0099
131072,pick_hit,2,30,0.043008,0.0035,0.0099
131072,pick_hit,2,31,0.04608,0.0034,0.0097
131072,pick_hit,2,32,0.04608,0.0035,0.0098
131072,pick_hit,2,33,0.043008,0.0035,0.01
131072,pick_hit,2,34,0.043008,0.0035,0.0099
131072,pick_hit,2,35,0.043008,0.0034,0.0098
131072,pick_hit,2,36,0.043008,0.0035,0.01
131072,pick_hit,2,37,0.044032,0.0034,0.0097
131072,pick_hit,2,38,0.043008,0.0035,0.0098
131072,pick_hit,2,39,0.043008,0.0035,0.0098
131072,pick_hit,2,40,0.043008,0.0035,0.0099
131072,pick_hit,2,41,0.041984,0.0034,0.0098
131072,pick_hit,2,42,0.043008,0.0035,0.0099
131072,pick_hit,2,43,0.04608,0.0034,0.0098
131072,pick_hit,2,44,0.043008,0.0035,0.0099
131072,pick_hit,2,45,0.043008,0.0034,0.01
131072,pick_hit,2,46,0.043008,0.0035,0.0106
131072,pick_hit,2,47,0.043008,0.0034,0.0099
131072,pick_hit,2,48,0.043008,0.0035,0.0098
131072,pick_hit,2,49,0.041984,0.0034,0.0099
131072,pick_hit,2,50,0.043008,0.0035,0.0099
131072,pick_hit,2,51,0.043008,0.0034,0.0099
131072,pick_hit,2,52,0.043008,0.0035,0.0099
131072,pick_hit,2,53,0.041984,0.0034,0.0098
131072,pick_hit,2,54,0.043008,0.0035,0.0098
131072,pick_hit,2,55,0.043008,0.0035,0.01
131072,pick_hit,2,56,0.041984,0.0035,0.0099
131072,pick_hit,2,57,0.041984,0.0034,0.0099
131072,pick_hit,2,58,0.041984,0.0036,0.0097
131072,pick_hit,2,59,0.041984,0.0034,0.01
131072,pick_hit,2,60,0.047104,0.0035,0.0099
131072,pick_hit,2,61,0.04608,0.0034,0.0099
131072,pick_hit,2,62,0.045056,0.0035,0.0099
131072,pick_hit,2,63,0.043008,0.0034,0.0097
131072,pick_hit,2,64,0.043008,0.0035,0.0099
131072,pick_hit,2,65,0.043008,0.0035,0.0097
131072,pick_hit,2,66,0.041984,0.0035,0.0099
131072,pick_hit,2,67,0.041984,0.0035,0.0098
131072,pick_hit,2,68,0.043008,0.0034,0.0098
131072,pick_hit,2,69,0.041984,0.0034,0.0098
131072,pick_hit,2,70,0.04608,0.0034,0.0099
131072,pick_hit,2,71,0.04608,0.0035,0.0099
131072,pick_hit,2,72,0.043008,0.0034,0.0098
131072,pick_hit,2,73,0.043008,0.0034,0.0098
131072,pick_hit,2,74,0.041984,0.0034,0.0101
131072,pick_hit,2,75,0.043008,0.0034,0.0097
131072,pick_hit,2,76,0.04608,0.0035,0.0097
131072,pick_hit,2,77,0.04608,0.0035,0.0099
131072,pick_hit,2,78,0.045056,0.0035,0.0098
131072,pick_hit,2,79,0.04608,0.0034,0.01
131072,pick_hit,2,80,0.043008,0.0035,0.0099
131072,pick_hit,2,81,0.043008,0.0035,0.0098
131072,pick_hit,2,82,0.044032,0.0035,0.0098
131072,pick_hit,2,83,0.043008,0.0034,0.0099
131072,pick_hit,2,84,0.043008,0.0035,0.01
131072,pick_hit,2,85,0.043008,0.0037,0.0101
131072,pick_hit,2,86,0.044032,0.0035,0.0098
131072,pick_hit,2,87,0.043008,0.0035,0.0098
131072,pick_hit,2,88,0.043008,0.0034,0.0096
131072,pick_hit,2,89,0.044032,0.0034,0.0099
131072,pick_hit,2,90,0.043008,0.0035,0.0096
131072,pick_hit,2,91,0.043008,0.0035,0.0097
131072,pick_hit,2,92,0.043008,0.0035,0.01
131072,pick_hit,2,93,0.044032,0.0034,0.0099
131072,pick_hit,2,94,0.04608,0.0035,0.0099
131072,pick_hit,2,95,0.043008,0.0035,0.0098
131072,pick_hit,2,96,0.043008,0.0035,0.0098
131072,pick_hit,2,97,0.044032,0.0034,0.0099
131072,pick_hit,2,98,0.043008,0.0035,0.0135
131072,pick_hit,2,99,0.043008,0.0044,0.0107
131072,pick_hit,2,100,0.043008,0.0043,0.0101
131072,pick_hit,2,101,0.043008,0.0035,0.0102
131072,pick_hit,2,102,0.043008,0.0042,0.0105
131072,pick_hit,2,103,0.044032,0.0042,0.0105
131072,pick_hit,2,104,0.043008,0.0044,0.0103
131072,pick_hit,2,105,0.043008,0.0036,0.0099
131072,pick_hit,2,106,0.041984,0.0036,0.0108
131072,pick_hit,2,107,0.04608,0.0037,0.0102
131072,pick_hit,2,108,0.043008,0.0036,0.0109
131072,pick_hit,2,109,0.043008,0.0043,0.0102
131072,pick_hit,2,110,0.043008,0.0042,0.0102
131072,pick_hit,2,111,0.043008,0.0035,0.0098
131072,pick_hit,2,112,0.043008,0.0035,0.0099
131072,pick_hit,2,113,0.044032,0.0034,0.0099
131072,pick_hit,2,114,0.043008,0.0035,0.0097
131072,pick_hit,2,115,0.043008,0.0035,0.0099
131072,pick_hit,2,116,0.043008,0.0035,0.01
131072,pick_hit,2,117,0.043008,0.0035,0.0097
131072,pick_hit,2,118,0.043008,0.0035,0.01
131072,pick_hit,2,119,0.044032,0.0049,0.01
131072,pick_hit,3,0,0.04608,0.0015,0.0104
131072,pick_hit,3,1,0.04608,0.0035,0.0103
131072,pick_hit,3,2,0.04608,0.0035,0.0101
131072,pick_hit,3,3,0.04608,0.0036,0.0107
131072,pick_hit,3,4,0.04608,0.0045,0.0097
131072,pick_hit,3,5,0.041984,0.0035,0.0101
131072,pick_hit,3,6,0.043008,0.0035,0.0102
131072,pick_hit,3,7,0.041984,0.0035,0.0104
131072,pick_hit,3,8,0.041984,0.0035,0.0099
131072,pick_hit,3,9,0.041984,0.0035,0.0101
131072,pick_hit,3,10,0.043008,0.0035,0.0099
131072,pick_hit,3,11,0.043008,0.0034,0.0098
131072,pick_hit,3,12,0.043008,0.0035,0.0099
131072,pick_hit,3,13,0.04608,0.0034,0.0099
131072,pick_hit,3,14,0.043008,0.0035,0.0097
131072,pick_hit,3,15,0.041984,0.0035,0.0098
131072,pick_hit,3,16,0.043008,0.0035,0.0099
131072,pick_hit,3,17,0.043008,0.004,0.0101
131072,pick_hit,3,18,0.043008,0.0035,0.01
131072,pick_hit,3,19,0.043008,0.0034,0.01
131072,pick_hit,3,20,0.043008,0.0035,0.01
131072,pick_hit,3,21,0.043008,0.0034,0.0099
131072,pick_hit,3,22,0.043008,0.0035,0.01
131072,pick_hit,3,23,0.041984,0.0035,0.0099
131072,pick_hit,3,24,0.041984,0.0034,0.0104
131072,pick_hit,3,25,0.043008,0.0035,0.01
131072,pick_hit,3,26,0.041984,0.0035,0.0098
131072,pick_hit,3,27,0.041984,0.0035,0.01
131072,pick_hit,3,28,0.043008,0.0035,0.0101
131072,pick_hit,3,29,0.04608,0.0035,0.0102
131072,pick_hit,3,30,0.04608,0.0035,0.0098
131072,pick_hit,3,31,0.045056,0.0035,0.0101
131072,pick_hit,3,32,0.04608,0.0035,0.0103
131072,pick_hit,3,33,0.043008,0.0035,0.0099
131072,pick_hit,3,34,0.043008,0.0035,0.0099
131072,pick_hit,3,35,0.043008,0.0035,0.0099
131072,pick_hit,3,36,0.043008,0.0035,0.01
131072,pick_hit,3,37,0.041984,0.0035,0.0099
131072,pick_hit,3,38,0.043008,0.0034,0.0096
131072,pick_hit,3,39,0.043008,0.0035,0.0097
131072,pick_hit,3,40,0.041984,0.0034,0.01
131072,pick_hit,3,41,0.043008,0.0035,0.0098
131072,pick_hit,3,42,0.043008,0.0035,0.01
131072,pick_hit,3,43,0.043008,0.0034,0.0098
131072,pick_hit,3,44,0.041984,0.0035,0.0102
131072,pick_hit,3,45,0.04608,0.0034,0.01
131072,pick_hit,3,46,0.04608,0.0035,0.0099
131072,pick_hit,3,47,0.04608,0.0034,0.0101
131072,pick_hit,3,48,0.043008,0.0035,0.0099
131072,pick_hit,3,49,0.043008,0.0034,0.01
131072,pick_hit,3,50,0.043008,0.0035,0.0097
131072,pick_hit,3,51,0.043008,0.0034,0.0096
131072,pick_hit,3,52,0.041984,0.0035,0.0097
131072,pick_hit,3,53,0.043008,0.0034,0.0098
131072,pick_hit,3,54,0.041984,0.0035,0.0098
131072,pick_hit,3,55,0.041984,0.0034,0.0099
131072,pick_hit,3,56,0.043008,0.0035,0.0099
131072,pick_hit,3,57,0.041984,0.0034,0.0099
131072,pick_hit,3,58,0.043008,0.0035,0.01
131072,pick_hit,3,59,0.041984,0.0034,0.0103
131072,pick_hit,3,60,0.043008,0.0034,0.0099
131072,pick_hit,3,61,0.041984,0.0035,0.0096
131072,pick_hit,3,62,0.043008,0.0035,0.0098
131072,pick_hit,3,63,0.04608,0.0034,0.01
131072,pick_hit,3,64,0.043008,0.0035,0.0099
131072,pick_hit,3,65,0.043008,0.0034,0.0097
131072,pick_hit,3,66,0.04608,0.0034,0.0098
131072,pick_hit,3,67,0.047104,0.0034,0.01
131072,pick_hit,3,68,0.043008,0.0035,0.0099
131072,pick_hit,3,69,0.043008,0.0035,0.0096
131072,pick_hit,3,70,0.044032,0.0035,0.0102
131072,pick_hit,3,71,0.043008,0.0034,0.0098
131072,pick_hit,3,72,0.043008,0.0035,0.0099
131072,pick_hit,3,73,0.043008,0.0035,0.01
131072,pick_hit,3,74,0.043008,0.0035,0.0098
131072,pick_hit,3,75,0.041984,0.0034,0.0096
131072,pick_hit,3,76,0.04608,0.0035,0.0099
131072,pick_hit,3,77,0.041984,0.0035,0.0099
131072,pick_hit,3,78,0.041984,0.0035,0.0107
131072,pick_hit,3,79,0.043008,0.0035,0.0153
131072,pick_hit,3,80,0.043008,0.0045,0.0109
131072,pick_hit,3,81,0.041984,0.0036,0.0123
131072,pick_hit,3,82,0.041984,0.0041,0.0117
131072,pick_hit,3,83,0.041984,0.0044,0.0121
131072,pick_hit,3,84,0.043008,0.0047,0.0108
131072,pick_hit,3,85,0.043008,0.0039,0.0108
131072,pick_hit,3,86,0.043008,0.0042,0.0105
131072,pick_hit,3,87,0.043008,0.0043,0.0104
131072,pick_hit,3,88,0.043008,0.0036,0.0102
131072,pick_hit,3,89,0.041984,0.0034,0.0101
131072,pick_hit,3,90,0.043008,0.0035,0.0111
131072,pick_hit,3,91,0.045056,0.0036,0.0101
131072,pick_hit,3,92,0.04608,0.0035,0.0104
131072,pick_hit,3,93,0.04608,0.0035,0.0109
131072,pick_hit,3,94,0.04608,0.0034,0.0106
131072,pick_hit,3,95,0.041984,0.0034,0.0102
131072,pick_hit,3,96,0.043008,0.0034,0.0101
131072,pick_hit,3,97,0.043008,0.0035,0.01
131072,pick_hit,3,98,0.043008,0.0035,0.0103
131072,pick_hit,3,99,0.041984,0.0034,0.0103
131072,pick_hit,3,100,0.043008,0.0034,0.0102
131072,pick_hit,3,101,0.047104,0.0035,0.0103
131072,pick_hit,3,102,0.04608,0.0035,0.0101
131072,pick_hit,3,103,0.043008,0.0035,0.0103
131072,pick_hit,3,104,0.043008,0.0034,0.0103
131072,pick_hit,3,105,0.043008,0.0035,0.0102
131072,pick_hit,3,106,0.043008,0.0035,0.0103
131072,pick_hit,3,107,0.043008,0.0034,0.0104
131072,pick_hit,3,108,0.043008,0.0035,0.0102
131072,pick_hit,3,109,0.043008,0.0034,0.0103
131072,pick_hit,3,110,0.043008,0.0035,0.0104
131072,pick_hit,3,111,0.043008,0.0034,0.0102
131072,pick_hit,3,112,0.043008,0.0034,0.0101
131072,pick_hit,3,113,0.043008,0.0034,0.0105
131072,pick_hit,3,114,0.043008,0.0034,0.0102
131072,pick_hit,3,115,0.043008,0.0034,0.0103
131072,pick_hit,3,116,0.043008,0.0035,0.0101
131072,pick_hit,3,117,0.043008,0.0034,0.0119
131072,pick_hit,3,118,0.043008,0.0044,0.0103
131072,pick_hit,3,119,0.043008,0.0035,0.0102
131072,pick_miss,1,0,0.04608,0.0034,0.0115
131072,pick_miss,1,1,0.043008,0.0042,0.0104
131072,pick_miss,1,2,0.043008,0.0043,0.0103
131072,pick_miss,1,3,0.041984,0.004,0.0163
131072,pick_miss,1,4,0.043008,0.0045,0.011
131072,pick_miss,1,5,0.04608,0.0042,0.0105
131072,pick_miss,1,6,0.045056,0.0046,0.0113
131072,pick_miss,1,7,0.045056,0.0049,0.0114
131072,pick_miss,1,8,0.04608,0.0045,0.0104
131072,pick_miss,1,9,0.043008,0.0035,0.0227
131072,pick_miss,1,10,0.041984,0.0048,0.0114
131072,pick_miss,1,11,0.043008,0.0037,0.0103
131072,pick_miss,1,12,0.041984,0.0035,0.0105
131072,pick_miss,1,13,0.043008,0.0037,0.0101
131072,pick_miss,1,14,0.043008,0.0037,0.0095
131072,pick_miss,1,15,0.041984,0.0037,0.0097
131072,pick_miss,1,16,0.041984,0.0035,0.0104
131072,pick_miss,1,17,0.041984,0.0034,0.0103
131072,pick_miss,1,18,0.041984,0.0034,0.0107
131072,pick_miss,1,19,0.043008,0.0036,0.0102
131072,pick_miss,1,20,0.043008,0.0035,0.0103
131072,pick_miss,1,21,0.041984,0.0036,0.0097
131072,pick_miss,1,22,0.043008,0.0037,0.0104
131072,pick_miss,1,23,0.045056,0.0044,0.0108
131072,pick_miss,1,24,0.04608,0.0043,0.0104
131072,pick_miss,1,25,0.04608,0.0035,0.0104
131072,pick_miss,1,26,0.041984,0.0035,0.0106
131072,pick_miss,1,27,0.043008,0.0034,0.0105
131072,pick_miss,1,28,0.041984,0.0035,0.0105
131072,pick_miss,1,29,0.043008,0.0035,0.0103
131072,pick_miss,1,30,0.041984,0.0035,0.0103
131072,pick_miss,1,31,0.043008,0.0035,0.01
131072,pick_miss,1,32,0.041984,0.0035,0.0112
131072,pick_miss,1,33,0.041984,0.0034,0.0102
131072,pick_miss,1,34,0.041984,0.0035,0.014
131072,pick_miss,1,35,0.041984,0.0034,0.0103
131072,pick_miss,1,36,0.041984,0.0034,0.0104
131072,pick_miss,1,37,0.041984,0.0034,0.0104
131072,pick_miss,1,38,0.041984,0.0035,0.0105
131072,pick_miss,1,39,0.043008,0.0034,0.0103
131072,pick_miss,1,40,0.041984,0.0035,0.0103
131072,pick_miss,1,41,0.041984,0.0034,0.0104
131072,pick_miss,1,42,0.043008,0.0035,0.0102
131072,pick_miss,1,43,0.041984,0.0034,0.0104
131072,pick_miss,1,44,0.041984,0.0034,0.0104
131072,pick_miss,1,45,0.041984,0.0034,0.0107
131072,pick_miss,1,46,0.043008,0.0035,0.0103
131072,pick_miss,1,47,0.041984,0.0034,0.0102
131072,pick_miss,1,48,0.041984,0.0035,0.0105
131072,pick_miss,1,49,0.043008,0.0034,0.0103
131072,pick_miss,1,50,0.041984,0.0035,0.0103
131072,pick_miss,1,51,0.041984,0.0035,0.0103
131072,pick_miss,1,52,0.04608,0.0035,0.0102
131072,pick_miss,1,53,0.045056,0.0035,0.0104
131072,pick_miss,1,54,1.94048,0.0034,0.0101
131072,pick_miss,1,55,0.041984,0.0038,0.0104
131072,pick_miss,1,56,0.041984,0.0035,0.012
131072,pick_miss,1,57,0.041984,0.005,0.0119
131072,pick_miss,1,58,0.043008,0.005,0.012
131072,pick_miss,1,59,0.041984,0.0049,0.0119
131072,pick_miss,1,60,0.041984,0.005,0.012
131072,pick_miss,1,61,0.043008,0.0049,0.0119
131072,pick_miss,1,62,0.043008,0.005,0.012
131072,pick_miss,1,63,0.041984,0.005,0.012
131072,pick_miss,1,64,0.041984,0.005,0.0125
131072,pick_miss,1,65,0.041984,0.0049,0.0121
131072,pick_miss,1,66,0.043008,0.005,0.01
131072,pick_miss,1,67,0.041984,0.0035,0.0101
131072,pick_miss,1,68,0.041984,0.0035,0.0103
131072,pick_miss,1,69,0.041984,0.0034,0.0102
131072,pick_miss,1,70,0.043008,0.0036,0.0102
131072,pick_miss,1,71,0.041984,0.0034,0.0102
131072,pick_miss,1,72,0.043008,0.0034,0.0103
131072,pick_miss,1,73,0.041984,0.0034,0.0101
131072,pick_miss,1,74,0.041984,0.0035,0.0102
131072,pick_miss,1,75,0.041984,0.0036,0.0104
131072,pick_miss,1,76,0.041984,0.0035,0.0102
131072,pick_miss,1,77,0.041984,0.0035,0.0102
131072,pick_miss,1,78,0.041984,0.0035,0.0106
131072,pick_miss,1,79,0.043008,0.0034,0.0104
131072,pick_miss,1,80,0.043008,0.0034,0.0101
131072,pick_miss,1,81,0.041984,0.0034,0.0101
131072,pick_miss,1,82,0.041984,0.0034,0.0101
131072,pick_miss,1,83,0.043008,0.0035,0.0101
131072,pick_miss,1,84,0.043008,0.0035,0.0103
131072,pick_miss,1,85,0.041984,0.0034,0.0102
131072,pick_miss,1,86,0.041984,0.0035,0.0103
131072,pick_miss,1,87,0.043008,0.0034,0.0102
131072,pick_miss,1,88,0.041984,0.0034,0.0102
131072,pick_miss,1,89,0.043008,0.0034,0.0102
131072,pick_miss,1,90,0.043008,0.0035,0.0103
131072,pick_miss,1,91,0.041984,0.0034,0.0101
131072,pick_miss,1,92,0.041984,0.0034,0.0104
131072,pick_miss,1,93,0.041984,0.0034,0.0101
131072,pick_miss,1,94,0.041984,0.0035,0.0099
131072,pick_miss,1,95,0.043008,0.0035,0.0101
131072,pick_miss,1,96,0.041984,0.0035,0.0103
131072,pick_miss,1,97,0.043008,0.0034,0.0105
131072,pick_miss,1,98,0.041984,0.0035,0.0102
131072,pick_miss,1,99,0.041984,0.0034,0.0101
131072,pick_miss,1,100,0.043008,0.0035,0.0103
131072,pick_miss,1,101,0.043008,0.0034,0.0101
131072,pick_miss,1,102,0.041984,0.0035,0.0102
131072,pick_miss,1,103,0.041984,0.0035,0.0103
131072,pick_miss,1,104,0.043008,0.0034,0.0105
131072,pick_miss,1,105,0.041984,0.0034,0.0103
131072,pick_miss,1,106,0.041984,0.0034,0.0101
131072,pick_miss,1,107,0.041984,0.0034,0.0102
131072,pick_miss,1,108,0.041984,0.0034,0.0104
131072,pick_miss,1,109,0.043008,0.0034,0.0102
131072,pick_miss,1,110,0.041984,0.0035,0.0101
131072,pick_miss,1,111,0.043008,0.0034,0.01
131072,pick_miss,1,112,0.041984,0.0035,0.01
131072,pick_miss,1,113,0.041984,0.0034,0.0102
131072,pick_miss,1,114,0.041984,0.0035,0.0103
131072,pick_miss,1,115,0.041984,0.0034,0.0101
131072,pick_miss,1,116,0.04608,0.0034,0.0102
131072,pick_miss,1,117,0.045056,0.0035,0.0105
131072,pick_miss,1,118,0.041984,0.0035,0.0102
131072,pick_miss,1,119,0.041984,0.0034,0.0104
131072,pick_miss,2,0,0.043008,0.0035,0.0104
131072,pick_miss,2,1,0.041984,0.0036,0.0103
131072,pick_miss,2,2,0.045056,0.0035,0.0107
131072,pick_miss,2,3,0.04608,0.0035,0.0105
131072,pick_miss,2,4,0.045056,0.0035,0.0102
131072,pick_miss,2,5,0.043008,0.0035,0.0104
131072,pick_miss,2,6,0.043008,0.0035,0.0104
131072,pick_miss,2,7,0.043008,0.0034,0.0106
131072,pick_miss,2,8,0.041984,0.0034,0.0119
131072,pick_miss,2,9,0.043008,0.0042,0.0104
131072,pick_miss,2,10,0.041984,0.004,0.0105
131072,pick_miss,2,11,0.04608,0.0036,0.0101
131072,pick_miss,2,12,0.04608,0.0034,0.0105
131072,pick_miss,2,13,0.045056,0.0036,0.0102
131072,pick_miss,2,14,0.041984,0.0035,0.0102
131072,pick_miss,2,15,0.041984,0.0035,0.0102
131072,pick_miss,2,16,0.043008,0.0034,0.0101
131072,pick_miss,2,17,0.041984,0.0035,0.0102
131072,pick_miss,2,18,0.043008,0.0035,0.0102
131072,pick_miss,2,19,0.041984,0.0034,0.0102
131072,pick_miss,2,20,0.043008,0.0034,0.0102
131072,pick_miss,2,21,0.041984,0.0035,0.0101
131072,pick_miss,2,22,0.041984,0.0034,0.0102
131072,pick_miss,2,23,0.041984,0.0036,0.0101
131072,pick_miss,2,24,0.041984,0.0035,0.0102
131072,pick_miss,2,25,0.043008,0.0035,0.0102
131072,pick_miss,2,26,0.043008,0.0034,0.0126
131072,pick_miss,2,27,0.041984,0.0044,0.0103
131072,pick_miss,2,28,0.043008,0.0034,0.0102
131072,pick_miss,2,29,0.047104,0.0035,0.0107
131072,pick_miss,2,30,0.041984,0.0035,0.0103
131072,pick_miss,2,31,0.041984,0.0035,0.0102
131072,pick_miss,2,32,0.043008,0.0035,0.0103
131072,pick_miss,2,33,0.043008,0.0036,0.0104
131072,pick_miss,2,34,0.041984,0.0034,0.0103
131072,pick_miss,2,35,0.041984,0.0036,0.0103
131072,pick_miss,2,36,0.041984,0.0034,0.0103
131072,pick_miss,2,37,0.043008,0.0035,0.0102
131072,pick_miss,2,38,0.045056,0.0035,0.0105
131072,pick_miss,2,39,0.041984,0.0036,0.0104
131072,pick_miss,2,40,0.041984,0.0034,0.0103
131072,pick_miss,2,41,0.041984,0.0035,0.0104
131072,pick_miss,2,42,0.045056,0.0034,0.0104
131072,pick_miss,2,43,0.043008,0.0035,0.0102
131072,pick_miss,2,44,0.041984,0.0034,0.0102
131072,pick_miss,2,45,0.041984,0.0034,0.0103
131072,pick_miss,2,46,0.041984,0.0034,0.0101
131072,pick_miss,2,47,0.043008,0.0035,0.0103
131072,pick_miss,2,48,0.045056,0.0034,0.0113
131072,pick_miss,2,49,0.045056,0.0039,0.0103
131072,pick_miss,2,50,0.04608,0.0039,0.0102
131072,pick_miss,2,51,0.04608,0.0036,0.0103
131072,pick_miss,2,52,0.041984,0.0035,0.0103
131072,pick_miss,2,53,0.043008,0.0034,0.0099
131072,pick_miss,2,54,0.043008,0.0035,0.0103
131072,pick_miss,2,55,0.041984,0.0035,0.0105
131072,pick_miss,2,56,0.041984,0.0034,0.0102
131072,pick_miss,2,57,0.041984,0.0035,0.0102
131072,pick_miss,2,58,0.041984,0.0035,0.0102
131072,pick_miss,2,59,0.041984,0.0035,0.0103
131072,pick_miss,2,60,0.043008,0.0035,0.0102
131072,pick_miss,2,61,0.041984,0.0035,0.0102
131072,pick_miss,2,62,0.041984,0.0035,0.0103
131072,pick_miss,2,63,0.043008,0.0035,0.0101
131072,pick_miss,2,64,0.041984,0.0034,0.01
131072,pick_miss,2,65,0.041984,0.0034,0.0105
131072,pick_miss,2,66,0.041984,0.0034,0.0103
131072,pick_miss,2,67,0.041984,0.0034,0.0102
131072,pick_miss,2,68,0.041984,0.0034,0.0102
131072,pick_miss,2,69,0.041984,0.0035,0.0102
131072,pick_miss,2,70,0.041984,0.0034,0.0101
131072,pick_miss,2,71,0.043008,0.0034,0.0102
131072,pick_miss,2,72,0.04096,0.0034,0.0106
131072,pick_miss,2,73,0.043008,0.0036,0.0102
131072,pick_miss,2,74,0.041984,0.0034,0.0103
131072,pick_miss,2,75,0.041984,0.0034,0.0104
131072,pick_miss,2,76,0.041984,0.0035,0.0102
131072,pick_miss,2,77,0.041984,0.0035,0.0101
131072,pick_miss,2,78,0.043008,0.0035,0.0106
131072,pick_miss,2,79,0.041984,0.004,0.0118
131072,pick_miss,2,80,0.041984,0.0036,0.0143
131072,pick_miss,2,81,0.041984,0.0061,0.0125
131072,pick_miss,2,82,0.041984,0.0045,0.0143
131072,pick_miss,2,83,0.041984,0.004,0.0143
131072,pick_miss,2,84,0.041984,0.0044,0.0119
131072,pick_miss,2,85,0.041984,0.0036,0.0092
131072,pick_miss,2,86,0.041984,0.0038,0.0159
131072,pick_miss,2,87,0.041984,0.0044,0.0105
131072,pick_miss,2,88,0.043008,0.0042,0.0111
131072,pick_miss,2,89,0.041984,0.0042,0.0105
131072,pick_miss,2,90,0.041984,0.0043,0.0112
131072,pick_miss,2,91,0.043008,0.0041,0.0108
131072,pick_miss,2,92,0.041984,0.0036,0.0106
131072,pick_miss,2,93,0.043008,0.0109,0.0106
131072,pick_miss,2,94,0.041984,0.0036,0.0105
131072,pick_miss,2,95,0.041984,0.0036,0.0104
131072,pick_miss,2,96,0.041984,0.0036,0.0105
131072,pick_miss,2,97,0.041984,0.0035,0.0104
131072,pick_miss,2,98,0.043008,0.0035,0.01
131072,pick_miss,2,99,0.041984,0.0035,0.0103
131072,pick_miss,2,100,0.041984,0.0035,0.0103
131072,pick_miss,2,101,0.041984,0.0035,0.0103
131072,pick_miss,2,102,0.043008,0.0035,0.0102
131072,pick_miss,2,103,0.043008,0.0034,0.0103
131072,pick_miss,2,104,0.041984,0.0034,0.0104
131072,pick_miss,2,105,0.043008,0.0035,0.0101
131072,pick_miss,2,106,0.041984,0.0035,0.0103
131072,pick_miss,2,107,0.043008,0.0034,0.0105
131072,pick_miss,2,108,0.041984,0.0035,0.0102
131072,pick_miss,2,109,0.041984,0.0035,0.01
131072,pick_miss,2,110,0.043008,0.0034,0.0102
131072,pick_miss,2,111,0.043008,0.0035,0.0101
131072,pick_miss,2,112,0.043008,0.0034,0.0102
131072,pick_miss,2,113,0.043008,0.0035,0.0105
131072,pick_miss,2,114,0.041984,0.0035,0.0102
131072,pick_miss,2,115,0.043008,0.0035,0.0104
131072,pick_miss,2,116,0.043008,0.0034,0.0102
131072,pick_miss,2,117,0.041984,0.0035,0.0101
131072,pick_miss,2,118,0.043008,0.0035,0.0107
131072,pick_miss,2,119,0.043008,0.0035,0.0102
131072,pick_miss,3,0,0.04608,0.0014,0.0104
131072,pick_miss,3,1,0.045056,0.0035,0.0102
131072,pick_miss,3,2,0.04608,0.0034,0.0102
131072,pick_miss,3,3,0.04608,0.0034,0.0104
131072,pick_miss,3,4,0.041984,0.0035,0.0103
131072,pick_miss,3,5,0.043008,0.0034,0.0103
131072,pick_miss,3,6,0.041984,0.0035,0.0105
131072,pick_miss,3,7,0.043008,0.0034,0.0101
131072,pick_miss,3,8,0.043008,0.0035,0.0104
131072,pick_miss,3,9,0.041984,0.0035,0.0102
131072,pick_miss,3,10,0.041984,0.0035,0.0103
131072,pick_miss,3,11,0.043008,0.0035,0.0101
131072,pick_miss,3,12,0.043008,0.0035,0.0103
131072,pick_miss,3,13,0.043008,0.0035,0.0102
131072,pick_miss,3,14,0.041984,0.0035,0.0103
131072,pick_miss,3,15,0.043008,0.0034,0.0102
131072,pick_miss,3,16,0.043008,0.0035,0.0101
131072,pick_miss,3,17,0.04608,0.0035,0.0104
131072,pick_miss,3,18,0.04608,0.0035,0.0103
131072,pick_miss,3,19,0.045056,0.0035,0.0161
131072,pick_miss,3,20,0.041984,0.0046,0.011
131072,pick_miss,3,21,0.043008,0.0042,0.0163
131072,pick_miss,3,22,0.043008,0.0047,0.0238
131072,pick_miss,3,23,0.043008,0.0045,0.0124
131072,pick_miss,3,24,0.043008,0.0044,0.0106
131072,pick_miss,3,25,0.041984,0.0034,0.0107
131072,pick_miss,3,26,0.043008,0.0044,0.0103
131072,pick_miss,3,27,0.043008,0.0036,0.0105
131072,pick_miss,3,28,0.043008,0.0036,0.0117
131072,pick_miss,3,29,0.041984,0.0043,0.0104
131072,pick_miss,3,30,0.041984,0.004,0.0104
131072,pick_miss,3,31,0.043008,0.0035,0.0101
131072,pick_miss,3,32,0.043008,0.0035,0.0102
131072,pick_miss,3,33,0.043008,0.0035,0.0103
131072,pick_miss,3,34,0.041984,0.0035,0.0103
131072,pick_miss,3,35,0.043008,0.0034,0.0105
131072,pick_miss,3,36,0.041984,0.0035,0.0104
131072,pick_miss,3,37,0.041984,0.0034,0.0103
131072,pick_miss,3,38,0.043008,0.0036,0.0102
131072,pick_miss,3,39,0.041984,0.0035,0.0106
131072,pick_miss,3,40,0.041984,0.0036,0.0103
131072,pick_miss,3,41,0.043008,0.0034,0.0102
131072,pick_miss,3,42,0.043008,0.0035,0.0102
131072,pick_miss,3,43,0.041984,0.0035,0.0103
131072,pick_miss,3,44,0.043008,0.0035,0.0103
131072,pick_miss,3,45,0.043008,0.0034,0.0103
131072,pick_miss,3,46,0.041984,0.0034,0.0103
131072,pick_miss,3,47,0.045056,0.0035,0.0104
131072,pick_miss,3,48,0.045056,0.0035,0.0101
131072,pick_miss,3,49,0.047104,0.0034,0.0101
131072,pick_miss,3,50,0.04608,0.0034,0.0102
131072,pick_miss,3,51,0.043008,0.0034,0.0103
131072,pick_miss,3,52,0.043008,0.0035,0.0103
131072,pick_miss,3,53,0.041984,0.0035,0.0102
131072,pick_miss,3,54,0.043008,0.0035,0.01
131072,pick_miss,3,55,0.041984,0.0034,0.0102
131072,pick_miss,3,56,0.04608,0.0035,0.0103
131072,pick_miss,3,57,0.04608,0.0034,0.0102
131072,pick_miss,3,58,0.041984,0.0034,0.0102
131072,pick_miss,3,59,0.043008,0.0034,0.0109
131072,pick_miss,3,60,0.043008,0.0034,0.01
131072,pick_miss,3,61,0.043008,0.0035,0.0105
131072,pick_miss,3,62,0.04608,0.0036,0.0104
131072,pick_miss,3,63,0.04608,0.0035,0.0102
131072,pick_miss,3,64,0.045056,0.0035,0.0103
131072,pick_miss,3,65,0.04608,0.0035,0.0105
131072,pick_miss,3,66,0.043008,0.0034,0.0102
131072,pick_miss,3,67,0.043008,0.0035,0.0103
131072,pick_miss,3,68,0.041984,0.0035,0.0103
131072,pick_miss,3,69,0.043008,0.0034,0.0102
131072,pick_miss,3,70,0.043008,0.0036,0.0102
131072,pick_miss,3,71,0.041984,0.0034,0.0106
131072,pick_miss,3,72,0.044032,0.0034,0.0104
131072,pick_miss,3,73,0.041984,0.0035,0.0103
131072,pick_miss,3,74,0.041984,0.0035,0.0101
131072,pick_miss,3,75,0.041984,0.0035,0.0102
131072,pick_miss,3,76,0.041984,0.0035,0.0103
131072,pick_miss,3,77,0.041984,0.0034,0.0102
131072,pick_miss,3,78,0.043008,0.0035,0.0104
131072,pick_miss,3,79,0.043008,0.0035,0.0103
131072,pick_miss,3,80,1.999872,0.0035,0.0119
131072,pick_miss,3,81,0.04608,0.0054,0.0121
131072,pick_miss,3,82,0.041984,0.0051,0.0122
131072,pick_miss,3,83,0.043008,0.0049,0.0121
131072,pick_miss,3,84,0.041984,0.005,0.0122
131072,pick_miss,3,85,0.043008,0.0049,0.0101
131072,pick_miss,3,86,0.041984,0.0035,0.01
131072,pick_miss,3,87,0.041984,0.0035,0.0102
131072,pick_miss,3,88,0.041984,0.0035,0.0102
131072,pick_miss,3,89,0.041984,0.0035,0.0101
131072,pick_miss,3,90,0.043008,0.0035,0.0102
131072,pick_miss,3,91,0.041984,0.0035,0.01
131072,pick_miss,3,92,0.041984,0.0035,0.0101
131072,pick_miss,3,93,0.041984,0.0035,0.0103
131072,pick_miss,3,94,0.041984,0.0035,0.0102
131072,pick_miss,3,95,0.041984,0.0035,0.0099
131072,pick_miss,3,96,0.041984,0.0034,0.0101
131072,pick_miss,3,97,0.041984,0.0035,0.0102
131072,pick_miss,3,98,0.043008,0.0035,0.0104
131072,pick_miss,3,99,0.041984,0.0034,0.0101
131072,pick_miss,3,100,0.041984,0.0035,0.0102
131072,pick_miss,3,101,0.043008,0.0035,0.0102
131072,pick_miss,3,102,0.041984,0.0034,0.0101
131072,pick_miss,3,103,0.041984,0.0035,0.0103
131072,pick_miss,3,104,0.041984,0.0035,0.0102
131072,pick_miss,3,105,0.041984,0.0034,0.0103
131072,pick_miss,3,106,0.041984,0.0035,0.0103
131072,pick_miss,3,107,0.041984,0.0035,0.0102
131072,pick_miss,3,108,0.043008,0.0035,0.0102
131072,pick_miss,3,109,0.041984,0.0034,0.0101
131072,pick_miss,3,110,0.041984,0.0035,0.0102
131072,pick_miss,3,111,0.041984,0.0035,0.0102
131072,pick_miss,3,112,0.043008,0.0034,0.0102
131072,pick_miss,3,113,0.043008,0.0035,0.01
131072,pick_miss,3,114,0.043008,0.0035,0.0102
131072,pick_miss,3,115,0.041984,0.0034,0.0101
131072,pick_miss,3,116,0.041984,0.0034,0.0103
131072,pick_miss,3,117,0.041984,0.0034,0.0102
131072,pick_miss,3,118,0.041984,0.0034,0.01
131072,pick_miss,3,119,0.041984,0.0034,0.0102
131072,gather_256,1,0,0.02048,0.0028,0.0198
131072,gather_256,1,1,0.021504,0.005,0.0211
131072,gather_256,1,2,0.02048,0.0057,0.0204
131072,gather_256,1,3,0.017408,0.0049,0.0199
131072,gather_256,1,4,0.02048,0.005,0.0203
131072,gather_256,1,5,0.022528,0.0051,0.0208
131072,gather_256,1,6,0.017408,0.0049,0.0208
131072,gather_256,1,7,0.023552,0.0049,0.0199
131072,gather_256,1,8,0.017408,0.0049,0.0207
131072,gather_256,1,9,0.016384,0.0093,0.0209
131072,gather_256,1,10,0.022528,0.0053,0.021
131072,gather_256,1,11,0.02048,0.0048,0.0204
131072,gather_256,1,12,0.022528,0.0049,0.0195
131072,gather_256,1,13,0.016384,0.0049,0.0205
131072,gather_256,1,14,0.023552,0.0052,0.0206
131072,gather_256,1,15,0.033792,0.005,0.0208
131072,gather_256,1,16,0.017408,0.005,0.0209
131072,gather_256,1,17,0.016384,0.0049,0.0211
131072,gather_256,1,18,0.016384,0.0049,0.0208
131072,gather_256,1,19,0.016384,0.0051,0.0166
131072,gather_256,1,20,0.016384,0.0045,0.0244
131072,gather_256,1,21,0.023552,0.0049,0.0208
131072,gather_256,1,22,0.016384,0.0054,0.0198
131072,gather_256,1,23,0.016384,0.0049,0.0206
131072,gather_256,1,24,0.021504,0.0051,0.0203
131072,gather_256,1,25,0.019456,0.0048,0.0206
131072,gather_256,1,26,0.021504,0.0049,0.0197
131072,gather_256,1,27,0.016384,0.005,0.0207
131072,gather_256,1,28,0.023552,0.0051,0.0208
131072,gather_256,1,29,0.016384,0.005,0.0205
131072,gather_256,1,30,0.016384,0.0049,0.0203
131072,gather_256,1,31,0.02048,0.005,0.0201
131072,gather_256,1,32,0.02048,0.005,0.0204
131072,gather_256,1,33,0.021504,0.0052,0.0206
131072,gather_256,1,34,0.017408,0.0049,0.0199
131072,gather_256,1,35,0.023552,0.005,0.0222
131072,gather_256,1,36,0.017408,0.0053,0.0208
131072,gather_256,1,37,0.016384,0.0048,0.0205
131072,gather_256,1,38,0.021504,0.0048,0.0202
131072,gather_256,1,39,0.016384,0.0051,0.0197
131072,gather_256,1,40,0.022528,0.0049,0.0201
131072,gather_256,1,41,0.016384,0.005,0.021
131072,gather_256,1,42,0.023552,0.0051,0.0202
131072,gather_256,1,43,0.016384,0.005,0.0203
131072,gather_256,1,44,0.021504,0.005,0.0208
131072,gather_256,1,45,0.017408,0.0051,0.0204
131072,gather_256,1,46,0.016384,0.0047,0.0202
131072,gather_256,1,47,0.021504,0.0051,0.0201
131072,gather_256,1,48,0.019456,0.0051,0.0205
131072,gather_256,1,49,0.023552,0.0049,0.0207
131072,gather_256,1,50,0.016384,0.0049,0.0196
131072,gather_256,1,51,0.017408,0.0049,0.0211
131072,gather_256,1,52,0.016384,0.0051,0.0209
131072,gather_256,1,53,0.02048,0.0048,0.0208
131072,gather_256,1,54,0.021504,0.0049,0.0201
131072,gather_256,1,55,0.016384,0.0049,0.0198
131072,gather_256,1,56,0.02048,0.0049,0.0212
131072,gather_256,1,57,0.022528,0.0052,0.0205
131072,gather_256,1,58,0.016384,0.0051,0.0204
131072,gather_256,1,59,0.017408,0.0047,0.0203
131072,gather_256,1,60,0.016384,0.0053,0.0191
131072,gather_256,1,61,0.022528,0.0051,0.0201
131072,gather_256,1,62,0.017408,0.0051,0.0206
131072,gather_256,1,63,0.02048,0.0049,0.0196
131072,gather_256,1,64,0.016384,0.0051,0.0203
131072,gather_256,1,65,0.016384,0.0049,0.0205
131072,gather_256,1,66,0.023552,0.0049,0.0208
131072,gather_256,1,67,0.02048,0.0049,0.0201
131072,gather_256,1,68,0.016384,0.005,0.0208
131072,gather_256,1,69,0.016384,0.005,0.0205
131072,gather_256,1,70,0.023552,0.0049,0.0203
131072,gather_256,1,71,0.019456,0.0048,0.0197
131072,gather_256,1,72,0.017408,0.0054,0.0202
131072,gather_256,1,73,0.016384,0.005,0.0207
131072,gather_256,1,74,0.016384,0.0052,0.0165
131072,gather_256,1,75,0.016384,0.0047,0.0199
131072,gather_256,1,76,0.016384,0.005,0.0198
131072,gather_256,1,77,0.023552,0.0051,0.0202
131072,gather_256,1,78,0.017408,0.0049,0.0205
131072,gather_256,1,79,0.016384,0.0055,0.0205
131072,gather_256,1,80,0.016384,0.0051,0.0206
131072,gather_256,1,81,0.02048,0.005,0.0199
131072,gather_256,1,82,0.021504,0.0052,0.0204
131072,gather_256,1,83,0.016384,0.005,0.0207
131072,gather_256,1,84,0.023552,0.0052,0.0239
131072,gather_256,1,85,0.016384,0.0049,0.0199
131072,gather_256,1,86,0.016384,0.0053,0.019
131072,gather_256,1,87,0.016384,0.0046,0.0216
131072,gather_256,1,88,0.02048,0.0056,0.02
131072,gather_256,1,89,0.022528,0.0048,0.0206
131072,gather_256,1,90,0.017408,0.0055,0.0205
131072,gather_256,1,91,0.022528,0.0049,0.0208
131072,gather_256,1,92,0.016384,0.0049,0.0199
131072,gather_256,1,93,0.016384,0.0052,0.0207
131072,gather_256,1,94,0.019456,0.0052,0.0204
131072,gather_256,1,95,0.021504,0.005,0.0207
131072,gather_256,1,96,0.021504,0.0048,0.0198
131072,gather_256,1,97,0.016384,0.0052,0.0203
131072,gather_256,1,98,0.023552,0.0051,0.0207
131072,gather_256,1,99,0.017408,0.0048,0.0208
131072,gather_256,1,100,0.016384,0.005,0.0199
131072,gather_256,1,101,0.016384,0.0049,0.0203
131072,gather_256,1,102,0.02048,0.0051,0.0203
131072,gather_256,1,103,0.022528,0.0055,0.0254
131072,gather_256,1,104,0.017408,0.0056,0.0192
131072,gather_256,1,105,0.022528,0.0053,0.0217
131072,gather_256,1,106,0.02048,0.0053,0.021
131072,gather_256,1,107,0.02048,0.005,0.022
131072,gather_256,1,108,0.016384,0.0059,0.0185
131072,gather_256,1,109,0.016384,0.0053,0.0199
131072,gather_256,1,110,0.021504,0.0048,0.0201
131072,gather_256,1,111,0.016384,0.0057,0.0196
131072,gather_256,1,112,0.023552,0.0053,0.0205
131072,gather_256,1,113,0.017408,0.0052,0.0199
131072,gather_256,1,114,0.016384,0.005,0.0202
131072,gather_256,1,115,0.016384,0.005,0.0323
131072,gather_256,1,116,0.019456,0.0056,0.0228
131072,gather_256,1,117,0.021504,0.0062,0.0219
131072,gather_256,1,118,0.02048,0.0059,0.0227
131072,gather_256,1,119,0.02048,0.0058,0.0216
131072,gather_256,2,0,0.02048,0.0047,0.0193
131072,gather_256,2,1,0.017408,0.0049,0.0213
131072,gather_256,2,2,0.017408,0.0057,0.0207
131072,gather_256,2,3,0.017408,0.0048,0.021
131072,gather_256,2,4,0.017408,0.0051,0.0206
131072,gather_256,2,5,0.017408,0.0049,0.0199
131072,gather_256,2,6,0.023552,0.005,0.0192
131072,gather_256,2,7,0.017408,0.0049,0.0346
131072,gather_256,2,8,0.017408,0.0081,0.0204
131072,gather_256,2,9,0.017408,0.0051,0.0194
131072,gather_256,2,10,0.017408,0.0051,0.0212
131072,gather_256,2,11,0.022528,0.0055,0.0196
131072,gather_256,2,12,0.017408,0.0049,0.0203
131072,gather_256,2,13,0.02048,0.0052,0.0201
131072,gather_256,2,14,0.017408,0.0051,0.0206
131072,gather_256,2,15,0.017408,0.0052,0.021
131072,gather_256,2,16,0.017408,0.0049,0.0207
131072,gather_256,2,17,0.017408,0.0049,0.0202
131072,gather_256,2,18,0.021504,0.0048,0.0204
131072,gather_256,2,19,0.02048,0.0051,0.0204
131072,gather_256,2,20,0.023552,0.005,0.0208
131072,gather_256,2,21,0.017408,0.0049,0.0197
131072,gather_256,2,22,0.017408,0.005,0.0206
131072,gather_256,2,23,0.017408,0.0052,0.0207
131072,gather_256,2,24,0.017408,0.0048,0.021
131072,gather_256,2,25,0.021504,0.0048,0.0224
131072,gather_256,2,26,0.016384,0.0049,0.0159
131072,gather_256,2,27,0.023552,0.0046,0.0205
131072,gather_256,2,28,0.017408,0.005,0.0205
131072,gather_256,2,29,0.017408,0.0049,0.02
131072,gather_256,2,30,0.017408,0.0051,0.0209
131072,gather_256,2,31,0.017408,0.0052,0.0204
131072,gather_256,2,32,0.021504,0.005,0.0207
131072,gather_256,2,33,0.017408,0.0048,0.0205
131072,gather_256,2,34,0.023552,0.0048,0.0207
131072,gather_256,2,35,0.017408,0.0051,0.0204
131072,gather_256,2,36,0.021504,0.0049,0.0211
131072,gather_256,2,37,0.016384,0.0048,0.0201
131072,gather_256,2,38,0.017408,0.0049,0.0209
131072,gather_256,2,39,0.021504,0.0051,0.0211
131072,gather_256,2,40,0.017408,0.0049,0.0208
131072,gather_256,2,41,0.023552,0.0049,0.0198
131072,gather_256,2,42,0.016384,0.0049,0.0303
131072,gather_256,2,43,0.017408,0.0056,0.0211
131072,gather_256,2,44,0.017408,0.0056,0.0198
131072,gather_256,2,45,0.017408,0.0051,0.0212
131072,gather_256,2,46,0.021504,0.0061,0.0254
131072,gather_256,2,47,0.02048,0.0058,0.0216
131072,gather_256,2,48,0.023552,0.0059,0.0358
131072,gather_256,2,49,0.017408,0.0084,0.0197
131072,gather_256,2,50,0.021504,0.0056,0.0236
131072,gather_256,2,51,0.016384,0.0052,0.0208
131072,gather_256,2,52,0.017408,0.0057,0.0196
131072,gather_256,2,53,0.022528,0.0053,0.02
131072,gather_256,2,54,0.017408,0.0056,0.0233
131072,gather_256,2,55,0.023552,0.0052,0.0208
131072,gather_256,2,56,0.016384,0.0058,0.0203
131072,gather_256,2,57,0.017408,0.0051,0.0198
131072,gather_256,2,58,0.04096,0.0051,0.021
131072,gather_256,2,59,0.022528,0.0052,0.0211
131072,gather_256,2,60,0.018432,0.0049,0.0201
131072,gather_256,2,61,0.021504,0.0049,0.0208
131072,gather_256,2,62,0.024576,0.0052,0.0208
131072,gather_256,2,63,0.02048,0.0049,0.0206
131072,gather_256,2,64,0.022528,0.0049,0.0205
131072,gather_256,2,65,0.017408,0.005,0.0196
131072,gather_256,2,66,0.018432,0.0049,0.0205
131072,gather_256,2,67,0.022528,0.0053,0.0211
131072,gather_256,2,68,0.017408,0.0049,0.0207
131072,gather_256,2,69,0.024576,0.005,0.0207
131072,gather_256,2,70,0.016384,0.0051,0.0203
131072,gather_256,2,71,0.021504,0.0054,0.0196
131072,gather_256,2,72,0.018432,0.0048,0.0202
131072,gather_256,2,73,0.018432,0.0051,0.0203
131072,gather_256,2,74,0.022528,0.005,0.0239
131072,gather_256,2,75,0.017408,0.005,0.0215
131072,gather_256,2,76,0.021504,0.0053,0.0199
131072,gather_256,2,77,0.021504,0.0048,0.0195
131072,gather_256,2,78,0.022528,0.0048,0.0231
131072,gather_256,2,79,0.017408,0.007,0.0202
131072,gather_256,2,80,0.017408,0.0049,0.021
131072,gather_256,2,81,0.022528,0.0051,0.0212
131072,gather_256,2,82,0.017408,0.005,0.0207
131072,gather_256,2,83,0.023552,0.0051,0.0201
131072,gather_256,2,84,0.018432,0.0049,0.0203
131072,gather_256,2,85,0.017408,0.0052,0.0206
131072,gather_256,2,86,0.017408,0.0048,0.0211
131072,gather_256,2,87,0.017408,0.005,0.0208
131072,gather_256,2,88,0.021504,0.0049,0.0205
131072,gather_256,2,89,0.017408,0.0052,0.0206
131072,gather_256,2,90,0.023552,0.005,0.0212
131072,gather_256,2,91,0.017408,0.0049,0.0198
131072,gather_256,2,92,0.022528,0.005,0.0209
131072,gather_256,2,93,0.017408,0.0052,0.0205
131072,gather_256,2,94,0.017408,0.0049,0.0203
131072,gather_256,2,95,0.022528,0.0048,0.02
131072,gather_256,2,96,0.017408,0.0049,0.0204
131072,gather_256,2,97,0.023552,0.005,0.0205
131072,gather_256,2,98,0.017408,0.0047,0.0205
131072,gather_256,2,99,0.02048,0.0048,0.02
131072,gather_256,2,100,0.017408,0.0049,0.0205
131072,gather_256,2,101,0.017408,0.0052,0.0211
131072,gather_256,2,102,0.022528,0.0051,0.0205
131072,gather_256,2,103,0.017408,0.0049,0.0199
131072,gather_256,2,104,0.023552,0.005,0.0205
131072,gather_256,2,105,0.017408,0.0052,0.0206
131072,gather_256,2,106,0.023552,0.0049,0.0205
131072,gather_256,2,107,0.017408,0.0049,0.0198
131072,gather_256,2,108,0.017408,0.0049,0.0202
131072,gather_256,2,109,0.022528,0.0052,0.021
131072,gather_256,2,110,0.018432,0.0049,0.0207
131072,gather_256,2,111,0.024576,0.0049,0.02
131072,gather_256,2,112,0.017408,0.005,0.0204
131072,gather_256,2,113,0.017408,0.005,0.0206
131072,gather_256,2,114,0.021504,0.0049,0.0209
131072,gather_256,2,115,0.018432,0.005,0.02
131072,gather_256,2,116,0.021504,0.0049,0.0209
131072,gather_256,2,117,0.017408,0.0051,0.0205
131072,gather_256,2,118,0.023552,0.0048,0.0208
131072,gather_256,2,119,0.017408,0.0049,0.0199
131072,gather_256,3,0,0.022528,0.0052,0.0205
131072,gather_256,3,1,0.021504,0.0059,0.0223
131072,gather_256,3,2,0.024576,0.0061,0.0196
131072,gather_256,3,3,0.024576,0.0051,0.0196
131072,gather_256,3,4,0.0256,0.0053,0.0206
131072,gather_256,3,5,0.026624,0.0058,0.0204
131072,gather_256,3,6,0.024576,0.0051,0.0219
131072,gather_256,3,7,0.022528,0.0059,0.0219
131072,gather_256,3,8,0.02048,0.0058,0.0205
131072,gather_256,3,9,0.021504,0.0052,0.0215
131072,gather_256,3,10,0.022528,0.005,0.0215
131072,gather_256,3,11,0.024576,0.0052,0.0209
131072,gather_256,3,12,0.027648,0.0066,0.0202
131072,gather_256,3,13,0.022528,0.0049,0.0215
131072,gather_256,3,14,0.023552,0.0048,0.0219
131072,gather_256,3,15,0.023552,0.005,0.0199
131072,gather_256,3,16,0.024576,0.0049,0.0196
131072,gather_256,3,17,0.021504,0.0049,0.0195
131072,gather_256,3,18,0.024576,0.0049,0.0198
131072,gather_256,3,19,0.021504,0.0051,0.021
131072,gather_256,3,20,0.024576,0.0057,0.0207
131072,gather_256,3,21,0.024576,0.0049,0.0242
131072,gather_256,3,22,0.023552,0.0051,0.0208
131072,gather_256,3,23,0.024576,0.0049,0.0212
131072,gather_256,3,24,0.021504,0.0051,0.0195
131072,gather_256,3,25,0.023552,0.005,0.0196
131072,gather_256,3,26,0.02048,0.0048,0.0214
131072,gather_256,3,27,0.0256,0.0054,0.0209
131072,gather_256,3,28,0.024576,0.0049,0.0199
131072,gather_256,3,29,0.024576,0.0049,0.0195
131072,gather_256,3,30,0.023552,0.0051,0.0195
131072,gather_256,3,31,0.021504,0.0049,0.0198
131072,gather_256,3,32,0.024576,0.0049,0.0204
131072,gather_256,3,33,0.021504,0.0048,0.0209
131072,gather_256,3,34,0.024576,0.0052,0.0208
131072,gather_256,3,35,0.024576,0.005,0.0205
131072,gather_256,3,36,0.024576,0.0051,0.0197
131072,gather_256,3,37,0.02048,0.0048,0.0197
131072,gather_256,3,38,0.021504,0.0049,0.0209
131072,gather_256,3,39,0.023552,0.0049,0.0207
131072,gather_256,3,40,0.021504,0.0049,0.0197
131072,gather_256,3,41,0.024576,0.0051,0.0206
131072,gather_256,3,42,0.024576,0.0051,0.0213
131072,gather_256,3,43,0.024576,0.0052,0.0204
131072,gather_256,3,44,0.024576,0.0051,0.0196
131072,gather_256,3,45,0.022528,0.0049,0.02
131072,gather_256,3,46,0.022528,0.0058,0.0311
131072,gather_256,3,47,0.022528,0.0123,0.031
131072,gather_256,3,48,0.021504,0.009,0.0317
131072,gather_256,3,49,0.021504,0.0092,0.0318
131072,gather_256,3,50,0.021504,0.0091,0.0317
131072,gather_256,3,51,0.021504,0.008,0.0357
131072,gather_256,3,52,0.022528,0.0063,0.0326
131072,gather_256,3,53,0.024576,0.0111,0.0253
131072,gather_256,3,54,0.026624,0.0103,0.0303
131072,gather_256,3,55,0.021504,0.0065,0.0315
131072,gather_256,3,56,0.023552,0.0104,0.0252
131072,gather_256,3,57,0.021504,0.0101,0.0284
131072,gather_256,3,58,0.021504,0.0063,0.0306
131072,gather_256,3,59,0.022528,0.0092,0.0251
131072,gather_256,3,60,0.021504,0.0089,0.0286
131072,gather_256,3,61,0.027648,0.0072,0.0302
131072,gather_256,3,62,0.021504,0.0111,0.0253
131072,gather_256,3,63,0.022528,0.0077,0.0329
131072,gather_256,3,64,0.022528,0.008,0.0301
131072,gather_256,3,65,0.021504,0.0078,0.0278
131072,gather_256,3,66,0.023552,0.0105,0.0278
131072,gather_256,3,67,0.021504,0.0075,0.0307
131072,gather_256,3,68,0.027648,0.0091,0.0251
131072,gather_256,3,69,0.021504,0.0095,0.0227
131072,gather_256,3,70,0.021504,0.0084,0.02
131072,gather_256,3,71,0.023552,0.0058,0.0201
131072,gather_256,3,72,0.02048,0.0051,0.0199
131072,gather_256,3,73,0.022528,0.0062,0.0195
131072,gather_256,3,74,0.024576,0.0049,0.0198
131072,gather_256,3,75,0.027648,0.0049,0.0213
131072,gather_256,3,76,0.024576,0.0058,0.0202
131072,gather_256,3,77,0.024576,0.005,0.0195
131072,gather_256,3,78,0.024576,0.0052,0.0214
131072,gather_256,3,79,0.024576,0.0048,0.0208
131072,gather_256,3,80,0.022528,0.0062,0.02
131072,gather_256,3,81,0.024576,0.0053,0.0198
131072,gather_256,3,82,0.021504,0.0049,0.0206
131072,gather_256,3,83,0.021504,0.0051,0.0201
131072,gather_256,3,84,0.021504,0.0051,0.0196
131072,gather_256,3,85,0.024576,0.0051,0.0211
131072,gather_256,3,86,0.024576,0.0048,0.0207
131072,gather_256,3,87,0.021504,0.0049,0.0206
131072,gather_256,3,88,0.02048,0.0054,0.0203
131072,gather_256,3,89,0.02048,0.005,0.0199
131072,gather_256,3,90,0.024576,0.0051,0.02
131072,gather_256,3,91,0.024576,0.0049,0.0208
131072,gather_256,3,92,0.024576,0.0054,0.0197
131072,gather_256,3,93,0.021504,0.005,0.0209
131072,gather_256,3,94,0.022528,0.0054,0.0208
131072,gather_256,3,95,0.024576,0.005,0.0204
131072,gather_256,3,96,0.02048,0.0049,0.0198
131072,gather_256,3,97,0.023552,0.005,0.02
131072,gather_256,3,98,0.024576,0.005,0.0198
131072,gather_256,3,99,0.024576,0.0049,0.0209
131072,gather_256,3,100,0.024576,0.0053,0.0197
131072,gather_256,3,101,0.022528,0.005,0.021
131072,gather_256,3,102,0.023552,0.0049,0.0209
131072,gather_256,3,103,0.021504,0.0049,0.0214
131072,gather_256,3,104,0.02048,0.0052,0.0259
131072,gather_256,3,105,0.023552,0.0054,0.0197
131072,gather_256,3,106,0.023552,0.0048,0.0201
131072,gather_256,3,107,0.023552,0.005,0.02
131072,gather_256,3,108,0.022528,0.0049,0.0196
131072,gather_256,3,109,0.024576,0.0048,0.0201
131072,gather_256,3,110,0.02048,0.0051,0.0199
131072,gather_256,3,111,0.023552,0.0048,0.0201
131072,gather_256,3,112,0.024576,0.0049,0.0237
131072,gather_256,3,113,0.024576,0.0054,0.0212
131072,gather_256,3,114,0.024576,0.005,0.0215
131072,gather_256,3,115,0.021504,0.005,0.0209
131072,gather_256,3,116,0.023552,0.0049,0.0198
131072,gather_256,3,117,0.026624,0.0049,0.0198
131072,gather_256,3,118,0.024576,0.0048,0.0211
131072,gather_256,3,119,0.043008,0.0053,0.0201
