count,scenario,repeat,sample,prepare_ms,submit_ms,gpu_ms
10000,sample_publish_motion,1,0,0.014401,0.0109,0.099328
10000,sample_publish_motion,1,1,0.014801,0.003699,0.115712
10000,sample_publish_motion,1,2,0.0144,0.0036,0.116736
10000,sample_publish_motion,1,3,0.0144,0.0037,0.108544
10000,sample_publish_motion,1,4,0.0144,0.003599,0.101376
10000,sample_publish_motion,1,5,0.0145,0.003601,0.105472
10000,sample_publish_motion,1,6,0.014399,0.0036,0.10752
10000,sample_publish_motion,1,7,0.0144,0.0036,0.101376
10000,sample_publish_motion,1,8,0.0145,0.0037,0.111616
10000,sample_publish_motion,1,9,0.0145,0.0036,0.101376
10000,sample_publish_motion,1,10,0.0145,0.0037,0.105472
10000,sample_publish_motion,1,11,0.014301,0.0037,0.1024
10000,sample_publish_motion,1,12,0.0144,0.0037,0.115712
10000,sample_publish_motion,1,13,0.0208,0.0039,0.103424
10000,sample_publish_motion,1,14,0.014399,0.0035,0.1024
10000,sample_publish_motion,1,15,0.025701,0.0036,0.10752
10000,sample_publish_motion,1,16,0.014401,0.0037,0.106496
10000,sample_publish_motion,1,17,0.0143,0.0037,0.10752
10000,sample_publish_motion,1,18,0.0144,0.0036,0.105472
10000,sample_publish_motion,1,19,0.0143,0.0039,0.113664
10000,sample_publish_motion,1,20,0.0144,0.0036,0.100352
10000,sample_publish_motion,1,21,0.0143,0.0037,0.113664
10000,sample_publish_motion,1,22,0.014399,0.0036,0.106496
10000,sample_publish_motion,1,23,0.014499,0.0036,0.100352
10000,sample_publish_motion,1,24,0.0145,0.0036,0.10752
10000,sample_publish_motion,1,25,0.0144,0.003601,0.100352
10000,sample_publish_motion,1,26,0.014299,0.0036,0.10752
10000,sample_publish_motion,1,27,0.014299,0.0036,0.105472
10000,sample_publish_motion,1,28,0.0143,0.0036,0.103424
10000,sample_publish_motion,1,29,0.0145,0.0036,0.157696
10000,sample_publish_motion,1,30,0.0185,0.0036,0.10752
10000,sample_publish_motion,1,31,0.0211,0.0042,0.119808
10000,sample_publish_motion,1,32,0.018301,0.0036,0.109568
10000,sample_publish_motion,1,33,0.014501,0.003599,0.109568
10000,sample_publish_motion,1,34,0.014399,0.0038,0.105472
10000,sample_publish_motion,1,35,0.0145,0.0037,0.100352
10000,sample_publish_motion,1,36,0.014301,0.003701,0.10752
10000,sample_publish_motion,1,37,0.0142,0.0039,0.11776
10000,sample_publish_motion,1,38,0.0142,0.0036,0.113664
10000,sample_publish_motion,1,39,0.014201,0.003499,0.106496
10000,sample_publish_motion,1,40,0.014301,0.0041,0.105472
10000,sample_publish_motion,1,41,0.0145,0.0038,0.100352
10000,sample_publish_motion,1,42,0.015999,0.0036,0.113664
10000,sample_publish_motion,1,43,0.0144,0.0037,0.100352
10000,sample_publish_motion,1,44,0.0144,0.0036,0.099328
10000,sample_publish_motion,1,45,0.014401,0.0036,0.105472
10000,sample_publish_motion,1,46,0.0256,0.0036,0.119808
10000,sample_publish_motion,1,47,0.014401,0.003501,0.105472
10000,sample_publish_motion,1,48,0.014101,0.0036,0.108544
10000,sample_publish_motion,1,49,0.0143,0.003601,0.099328
10000,sample_publish_motion,1,50,0.0143,0.0035,0.098304
10000,sample_publish_motion,1,51,0.0143,0.0035,0.104448
10000,sample_publish_motion,1,52,0.014299,0.0036,0.103424
10000,sample_publish_motion,1,53,0.0143,0.0036,0.105472
10000,sample_publish_motion,1,54,0.014299,0.0036,0.100352
10000,sample_publish_motion,1,55,0.0143,0.0035,0.103424
10000,sample_publish_motion,1,56,0.0143,0.0037,0.104448
10000,sample_publish_motion,1,57,0.014299,0.0036,0.104448
10000,sample_publish_motion,1,58,0.014299,0.005101,0.105472
10000,sample_publish_motion,1,59,0.019999,0.0036,0.104448
10000,sample_publish_motion,1,60,0.014301,0.0036,0.106496
10000,sample_publish_motion,1,61,0.021599,0.0037,0.10752
10000,sample_publish_motion,1,62,0.0143,0.0039,0.110592
10000,sample_publish_motion,1,63,0.0143,0.0037,0.106496
10000,sample_publish_motion,1,64,0.0143,0.0036,0.103424
10000,sample_publish_motion,1,65,0.0144,0.0037,0.108544
10000,sample_publish_motion,1,66,0.014301,0.0037,0.106496
10000,sample_publish_motion,1,67,0.014201,0.0036,0.105472
10000,sample_publish_motion,1,68,0.0143,0.0035,0.103424
10000,sample_publish_motion,1,69,0.0143,0.003799,0.104448
10000,sample_publish_motion,1,70,0.014201,0.0035,0.111616
10000,sample_publish_motion,1,71,0.020799,0.0036,0.103424
10000,sample_publish_motion,1,72,0.0143,0.0036,0.108544
10000,sample_publish_motion,1,73,0.014201,0.0037,0.103424
10000,sample_publish_motion,1,74,0.014299,0.0036,0.106496
10000,sample_publish_motion,1,75,0.014301,0.0042,0.110592
10000,sample_publish_motion,1,76,0.014299,0.0036,0.101376
10000,sample_publish_motion,1,77,0.0143,0.0036,0.101376
10000,sample_publish_motion,1,78,0.014399,0.0036,0.113664
10000,sample_publish_motion,1,79,0.0142,0.0035,0.109568
10000,sample_publish_motion,1,80,0.014301,0.0035,0.116736
10000,sample_publish_motion,1,81,0.014399,0.0036,0.101376
10000,sample_publish_motion,1,82,0.014299,0.0038,0.1024
10000,sample_publish_motion,1,83,0.0142,0.0036,0.103424
10000,sample_publish_motion,1,84,0.014301,0.0037,0.109568
10000,sample_publish_motion,1,85,0.014299,0.0036,0.105472
10000,sample_publish_motion,1,86,0.0208,0.0041,0.11776
10000,sample_publish_motion,1,87,0.014399,0.003499,0.10752
10000,sample_publish_motion,1,88,0.014501,0.0036,0.099328
10000,sample_publish_motion,1,89,0.023899,0.0036,0.1024
10000,sample_publish_motion,1,90,0.0143,0.0036,0.113664
10000,sample_publish_motion,1,91,0.021,0.004,0.104448
10000,sample_publish_motion,1,92,0.0151,0.0038,0.139264
10000,sample_publish_motion,1,93,0.014401,0.0037,0.114688
10000,sample_publish_motion,1,94,0.0144,0.0038,0.104448
10000,sample_publish_motion,1,95,0.0143,0.0036,0.106496
10000,sample_publish_motion,1,96,0.014201,0.0037,0.109568
10000,sample_publish_motion,1,97,0.0143,0.0037,0.1024
10000,sample_publish_motion,1,98,0.0152,0.0037,0.103424
10000,sample_publish_motion,1,99,0.0144,0.0036,0.1024
10000,sample_publish_motion,1,100,0.0144,0.0036,0.105472
10000,sample_publish_motion,1,101,0.0144,0.0037,0.099328
10000,sample_publish_motion,1,102,0.0144,0.003501,0.113664
10000,sample_publish_motion,1,103,0.014301,0.0035,0.1024
10000,sample_publish_motion,1,104,0.014301,0.0036,0.105472
10000,sample_publish_motion,1,105,0.0143,0.0035,0.1024
10000,sample_publish_motion,1,106,0.0144,0.0037,0.111616
10000,sample_publish_motion,1,107,0.0143,0.0036,0.1024
10000,sample_publish_motion,1,108,0.014201,0.0036,0.114688
10000,sample_publish_motion,1,109,0.020899,0.0036,0.104448
10000,sample_publish_motion,1,110,0.0144,0.0037,0.103424
10000,sample_publish_motion,1,111,0.0256,0.0037,0.119808
10000,sample_publish_motion,1,112,0.014299,0.0036,0.109568
10000,sample_publish_motion,1,113,0.0143,0.0036,0.099328
10000,sample_publish_motion,1,114,0.0143,0.006101,0.104448
10000,sample_publish_motion,1,115,0.0143,0.003599,0.100352
10000,sample_publish_motion,1,116,0.014301,0.0036,0.108544
10000,sample_publish_motion,1,117,0.0143,0.0037,0.109568
10000,sample_publish_motion,1,118,0.014201,0.0035,0.100352
10000,sample_publish_motion,1,119,0.014401,0.0036,0.105472
10000,sample_publish_motion,2,0,0.014201,0.0036,0.103424
10000,sample_publish_motion,2,1,0.0141,0.0037,0.11264
10000,sample_publish_motion,2,2,0.014,0.0034,0.10752
10000,sample_publish_motion,2,3,0.013999,0.0033,0.103424
10000,sample_publish_motion,2,4,0.0141,0.0034,0.104448
10000,sample_publish_motion,2,5,0.0143,0.0035,0.100352
10000,sample_publish_motion,2,6,0.014201,0.003299,0.11264
10000,sample_publish_motion,2,7,0.0141,0.0034,0.10752
10000,sample_publish_motion,2,8,0.013999,0.003299,0.103424
10000,sample_publish_motion,2,9,0.0141,0.0032,0.10752
10000,sample_publish_motion,2,10,0.014201,0.003301,0.110592
10000,sample_publish_motion,2,11,0.014099,0.0033,0.103424
10000,sample_publish_motion,2,12,0.0141,0.0033,0.103424
10000,sample_publish_motion,2,13,0.0141,0.0034,0.104448
10000,sample_publish_motion,2,14,0.014201,0.003299,0.103424
10000,sample_publish_motion,2,15,0.0142,0.0034,0.109568
10000,sample_publish_motion,2,16,0.0142,0.0033,0.100352
10000,sample_publish_motion,2,17,0.014199,0.0034,0.099328
10000,sample_publish_motion,2,18,0.014299,0.0033,0.105472
10000,sample_publish_motion,2,19,0.014101,0.0033,0.1024
10000,sample_publish_motion,2,20,0.014101,0.0034,0.10752
10000,sample_publish_motion,2,21,0.0141,0.0034,0.098304
10000,sample_publish_motion,2,22,0.0152,0.0033,0.1024
10000,sample_publish_motion,2,23,0.014401,0.0034,0.109568
10000,sample_publish_motion,2,24,0.014099,0.0034,0.101376
10000,sample_publish_motion,2,25,0.014199,0.003299,0.105472
10000,sample_publish_motion,2,26,0.021,0.0034,0.11264
10000,sample_publish_motion,2,27,0.123799,0.0043,0.109568
10000,sample_publish_motion,2,28,0.119201,0.0033,0.101376
10000,sample_publish_motion,2,29,0.016001,0.0034,0.1024
10000,sample_publish_motion,2,30,0.0158,0.0033,0.10752
10000,sample_publish_motion,2,31,0.0152,0.0033,0.103424
10000,sample_publish_motion,2,32,0.015,0.0033,0.106496
10000,sample_publish_motion,2,33,0.0143,0.003301,0.101376
10000,sample_publish_motion,2,34,0.014301,0.003299,0.110592
10000,sample_publish_motion,2,35,0.0142,0.0033,0.10752
10000,sample_publish_motion,2,36,0.014099,0.0034,0.099328
10000,sample_publish_motion,2,37,0.0142,0.0033,0.108544
10000,sample_publish_motion,2,38,0.014201,0.003299,0.103424
10000,sample_publish_motion,2,39,0.014099,0.0033,0.1024
10000,sample_publish_motion,2,40,0.0142,0.0034,0.1024
10000,sample_publish_motion,2,41,0.014099,0.003401,0.1024
10000,sample_publish_motion,2,42,0.014101,0.0034,0.105472
10000,sample_publish_motion,2,43,0.0141,0.0033,0.101376
10000,sample_publish_motion,2,44,0.014001,0.0034,0.1024
10000,sample_publish_motion,2,45,0.014,0.0032,0.103424
10000,sample_publish_motion,2,46,0.014,0.0033,0.1024
10000,sample_publish_motion,2,47,0.013999,0.003299,0.099328
10000,sample_publish_motion,2,48,0.0141,0.003301,0.099328
10000,sample_publish_motion,2,49,0.014,0.003299,0.111616
10000,sample_publish_motion,2,50,0.014001,0.0033,0.106496
10000,sample_publish_motion,2,51,0.0141,0.0033,0.101376
10000,sample_publish_motion,2,52,0.014101,0.0033,0.108544
10000,sample_publish_motion,2,53,0.014001,0.003299,0.099328
10000,sample_publish_motion,2,54,0.0141,0.003201,0.104448
10000,sample_publish_motion,2,55,0.014,0.003401,0.1024
10000,sample_publish_motion,2,56,0.014,0.0033,0.108544
10000,sample_publish_motion,2,57,0.0141,0.0033,0.10752
10000,sample_publish_motion,2,58,0.0139,0.0043,0.113664
10000,sample_publish_motion,2,59,0.0142,0.0033,0.114688
10000,sample_publish_motion,2,60,0.020799,0.0035,0.1024
10000,sample_publish_motion,2,61,0.014101,0.0035,0.106496
10000,sample_publish_motion,2,62,0.0214,0.0033,0.101376
10000,sample_publish_motion,2,63,0.014099,0.004699,0.119808
10000,sample_publish_motion,2,64,0.021,0.004701,0.130048
10000,sample_publish_motion,2,65,0.0209,0.0034,0.1024
10000,sample_publish_motion,2,66,0.014099,0.0034,0.101376
10000,sample_publish_motion,2,67,0.0141,0.0036,0.103424
10000,sample_publish_motion,2,68,0.014001,0.0037,0.108544
10000,sample_publish_motion,2,69,0.0141,0.003299,0.10752
10000,sample_publish_motion,2,70,0.0139,0.003301,0.109568
10000,sample_publish_motion,2,71,0.014101,0.0033,0.106496
10000,sample_publish_motion,2,72,0.0141,0.003401,0.1024
10000,sample_publish_motion,2,73,0.014,0.0035,0.103424
10000,sample_publish_motion,2,74,0.014,0.0033,0.1024
10000,sample_publish_motion,2,75,0.0141,0.0032,0.106496
10000,sample_publish_motion,2,76,0.014099,0.0033,0.1024
10000,sample_publish_motion,2,77,0.014101,0.0033,0.110592
10000,sample_publish_motion,2,78,0.0211,0.003301,0.108544
10000,sample_publish_motion,2,79,0.0141,0.0033,0.104448
10000,sample_publish_motion,2,80,0.021199,0.0033,0.111616
10000,sample_publish_motion,2,81,0.013999,0.0033,0.108544
10000,sample_publish_motion,2,82,0.013999,0.0033,0.103424
10000,sample_publish_motion,2,83,0.0141,0.003399,0.099328
10000,sample_publish_motion,2,84,0.014,0.0033,0.1024
10000,sample_publish_motion,2,85,0.0141,0.0033,0.103424
10000,sample_publish_motion,2,86,0.0141,0.0032,0.103424
10000,sample_publish_motion,2,87,0.013999,0.0036,0.110592
10000,sample_publish_motion,2,88,0.014199,0.0033,0.104448
10000,sample_publish_motion,2,89,0.0141,0.0033,0.10752
10000,sample_publish_motion,2,90,0.014,0.0033,0.106496
10000,sample_publish_motion,2,91,0.0139,0.003299,0.111616
10000,sample_publish_motion,2,92,0.0141,0.0035,0.099328
10000,sample_publish_motion,2,93,0.014001,0.0033,0.099328
10000,sample_publish_motion,2,94,0.014001,0.0033,0.106496
10000,sample_publish_motion,2,95,0.021199,0.003301,0.106496
10000,sample_publish_motion,2,96,0.0141,0.003301,0.098304
10000,sample_publish_motion,2,97,0.013999,0.0033,0.110592
10000,sample_publish_motion,2,98,0.014101,0.0033,0.111616
10000,sample_publish_motion,2,99,0.027101,0.0033,0.104448
10000,sample_publish_motion,2,100,0.014,0.003299,0.108544
10000,sample_publish_motion,2,101,0.014301,0.0037,0.100352
10000,sample_publish_motion,2,102,0.014,0.0033,0.106496
10000,sample_publish_motion,2,103,0.0141,0.0034,0.109568
10000,sample_publish_motion,2,104,0.0142,0.0033,0.098304
10000,sample_publish_motion,2,105,0.0142,0.0033,0.109568
10000,sample_publish_motion,2,106,0.014101,0.003301,0.1024
10000,sample_publish_motion,2,107,0.013999,0.0033,0.10752
10000,sample_publish_motion,2,108,0.021199,0.0033,0.110592
10000,sample_publish_motion,2,109,0.0141,0.0033,0.100352
10000,sample_publish_motion,2,110,0.014,0.003301,0.099328
10000,sample_publish_motion,2,111,0.014099,0.0033,0.098304
10000,sample_publish_motion,2,112,0.0142,0.0037,0.110592
10000,sample_publish_motion,2,113,0.0258,0.0033,0.103424
10000,sample_publish_motion,2,114,0.014,0.003301,0.103424
10000,sample_publish_motion,2,115,0.014099,0.003301,0.118784
10000,sample_publish_motion,2,116,0.014,0.0034,0.099328
10000,sample_publish_motion,2,117,0.014101,0.0033,0.1024
10000,sample_publish_motion,2,118,0.0141,0.0033,0.104448
10000,sample_publish_motion,2,119,0.014199,0.0034,0.10752
10000,sample_publish_motion,3,0,0.1256,0.004301,0.11776
10000,sample_publish_motion,3,1,0.0155,0.003101,0.126976
10000,sample_publish_motion,3,2,0.0157,0.0032,0.128
10000,sample_publish_motion,3,3,0.0156,0.0048,0.131072
10000,sample_publish_motion,3,4,0.123001,0.0033,0.131072
10000,sample_publish_motion,3,5,0.0158,0.0032,0.13824
10000,sample_publish_motion,3,6,0.016,0.0032,0.129024
10000,sample_publish_motion,3,7,0.0158,0.0032,0.121856
10000,sample_publish_motion,3,8,0.015801,0.004,0.132096
10000,sample_publish_motion,3,9,0.1108,0.003299,0.125952
10000,sample_publish_motion,3,10,0.015799,0.0031,0.129024
10000,sample_publish_motion,3,11,0.0156,0.004599,0.124928
10000,sample_publish_motion,3,12,0.0202,0.0038,0.126976
10000,sample_publish_motion,3,13,0.127901,0.0034,0.125952
10000,sample_publish_motion,3,14,0.016101,0.003201,0.118784
10000,sample_publish_motion,3,15,0.016099,0.0033,0.131072
10000,sample_publish_motion,3,16,0.016,0.0032,0.13312
10000,sample_publish_motion,3,17,0.171301,0.0041,0.131072
10000,sample_publish_motion,3,18,0.016401,0.0031,0.128
10000,sample_publish_motion,3,19,0.0159,0.0032,0.128
10000,sample_publish_motion,3,20,0.015999,0.0033,0.12288
10000,sample_publish_motion,3,21,0.016,0.004499,0.132096
10000,sample_publish_motion,3,22,0.1146,0.0033,0.129024
10000,sample_publish_motion,3,23,0.0164,0.0033,0.121856
10000,sample_publish_motion,3,24,0.0162,0.0032,0.11776
10000,sample_publish_motion,3,25,0.0163,0.003499,0.120832
10000,sample_publish_motion,3,26,0.016201,0.003999,0.128
10000,sample_publish_motion,3,27,0.1222,0.0032,0.128
10000,sample_publish_motion,3,28,0.015901,0.004399,0.121856
10000,sample_publish_motion,3,29,0.1147,0.0032,0.132096
10000,sample_publish_motion,3,30,0.0164,0.0033,0.11776
10000,sample_publish_motion,3,31,0.016299,0.0033,0.12288
10000,sample_publish_motion,3,32,0.0165,0.0034,0.11776
10000,sample_publish_motion,3,33,0.059401,0.0041,0.129024
10000,sample_publish_motion,3,34,0.081999,0.0032,0.12288
10000,sample_publish_motion,3,35,0.0162,0.0039,0.118784
10000,sample_publish_motion,3,36,0.0191,0.0037,0.126976
10000,sample_publish_motion,3,37,0.126,0.0043,0.114688
10000,sample_publish_motion,3,38,0.0164,0.0033,0.118784
10000,sample_publish_motion,3,39,0.0165,0.0041,0.119808
10000,sample_publish_motion,3,40,0.1184,0.003499,0.126976
10000,sample_publish_motion,3,41,0.1185,0.0043,0.12288
10000,sample_publish_motion,3,42,0.0167,0.012399,0.13312
10000,sample_publish_motion,3,43,0.016501,0.0204,0.119808
10000,sample_publish_motion,3,44,0.0188,0.0157,0.120832
10000,sample_publish_motion,3,45,0.0167,0.0033,0.11776
10000,sample_publish_motion,3,46,0.016599,0.004,0.118784
10000,sample_publish_motion,3,47,0.117,0.003101,0.125952
10000,sample_publish_motion,3,48,0.016301,0.0048,0.114688
10000,sample_publish_motion,3,49,0.016,0.0039,0.128
10000,sample_publish_motion,3,50,0.1124,0.0032,0.120832
10000,sample_publish_motion,3,51,0.0167,0.0034,0.116736
10000,sample_publish_motion,3,52,0.0165,0.0032,0.12288
10000,sample_publish_motion,3,53,0.0165,0.003201,0.131072
10000,sample_publish_motion,3,54,0.0167,0.004299,0.125952
10000,sample_publish_motion,3,55,0.123701,0.004699,0.120832
10000,sample_publish_motion,3,56,0.1141,0.0032,0.124928
10000,sample_publish_motion,3,57,0.016399,0.0032,0.12288
10000,sample_publish_motion,3,58,0.1758,0.0033,0.131072
10000,sample_publish_motion,3,59,0.086501,0.0042,0.113664
10000,sample_publish_motion,3,60,0.056001,0.0032,0.124928
10000,sample_publish_motion,3,61,0.0164,0.0051,0.123904
10000,sample_publish_motion,3,62,0.016499,0.004101,0.120832
10000,sample_publish_motion,3,63,0.132899,0.0043,0.119808
10000,sample_publish_motion,3,64,0.1285,0.004201,0.123904
10000,sample_publish_motion,3,65,0.0165,0.003201,0.119808
10000,sample_publish_motion,3,66,0.016601,0.0045,0.126976
10000,sample_publish_motion,3,67,0.1125,0.0033,0.134144
10000,sample_publish_motion,3,68,0.0166,0.0032,0.124928
10000,sample_publish_motion,3,69,0.0165,0.0039,0.123904
10000,sample_publish_motion,3,70,0.1079,0.003199,0.123904
10000,sample_publish_motion,3,71,0.018101,0.0046,0.118784
10000,sample_publish_motion,3,72,0.1162,0.0033,0.120832
10000,sample_publish_motion,3,73,0.1242,0.0041,0.123904
10000,sample_publish_motion,3,74,0.0162,0.0032,0.114688
10000,sample_publish_motion,3,75,0.016399,0.0031,0.128
10000,sample_publish_motion,3,76,0.016399,0.0048,0.128
10000,sample_publish_motion,3,77,0.1183,0.003201,0.130048
10000,sample_publish_motion,3,78,0.0168,0.0033,0.123904
10000,sample_publish_motion,3,79,0.0167,0.0039,0.115712
10000,sample_publish_motion,3,80,0.120699,0.0031,0.12288
10000,sample_publish_motion,3,81,0.016401,0.0047,0.120832
10000,sample_publish_motion,3,82,0.016501,0.0039,0.123904
10000,sample_publish_motion,3,83,0.0164,0.0031,0.11776
10000,sample_publish_motion,3,84,0.0165,0.004899,0.121856
10000,sample_publish_motion,3,85,0.016201,0.0037,0.125952
10000,sample_publish_motion,3,86,0.112701,0.0032,0.126976
10000,sample_publish_motion,3,87,0.016601,0.003201,0.116736
10000,sample_publish_motion,3,88,0.0166,0.004,0.126976
10000,sample_publish_motion,3,89,0.1198,0.0032,0.120832
10000,sample_publish_motion,3,90,0.0164,0.0046,0.130048
10000,sample_publish_motion,3,91,0.114999,0.003301,0.126976
10000,sample_publish_motion,3,92,0.0168,0.003301,0.125952
10000,sample_publish_motion,3,93,0.0168,0.0043,0.121856
10000,sample_publish_motion,3,94,0.1301,0.003299,0.12288
10000,sample_publish_motion,3,95,0.0164,0.004601,0.118784
10000,sample_publish_motion,3,96,0.016601,0.004,0.111616
10000,sample_publish_motion,3,97,0.119299,0.004199,0.123904
10000,sample_publish_motion,3,98,0.016901,0.003301,0.136192
10000,sample_publish_motion,3,99,0.016701,0.003199,0.126976
10000,sample_publish_motion,3,100,0.016499,0.0033,0.128
10000,sample_publish_motion,3,101,0.0168,0.0033,0.124928
10000,sample_publish_motion,3,102,0.016701,0.004,0.12288
10000,sample_publish_motion,3,103,0.119799,0.004701,0.115712
10000,sample_publish_motion,3,104,0.0162,0.0039,0.129024
10000,sample_publish_motion,3,105,0.1124,0.0033,0.12288
10000,sample_publish_motion,3,106,0.0167,0.0033,0.128
10000,sample_publish_motion,3,107,0.016699,0.004,0.115712
10000,sample_publish_motion,3,108,0.123899,0.004599,0.12288
10000,sample_publish_motion,3,109,0.016199,0.003599,0.126976
10000,sample_publish_motion,3,110,0.115,0.0034,0.123904
10000,sample_publish_motion,3,111,0.016601,0.0032,0.114688
10000,sample_publish_motion,3,112,0.0167,0.004099,0.123904
10000,sample_publish_motion,3,113,0.116,0.0034,0.132096
10000,sample_publish_motion,3,114,0.016399,0.0033,0.126976
10000,sample_publish_motion,3,115,0.1158,0.0041,0.131072
10000,sample_publish_motion,3,116,0.0167,0.003399,0.128
10000,sample_publish_motion,3,117,0.016801,0.0033,0.126976
10000,sample_publish_motion,3,118,0.016601,0.003301,0.135168
10000,sample_publish_motion,3,119,0.016701,0.0032,0.116736
10000,delta_sample_publish_motion,1,0,0.014501,0.162701,0.20992
10000,delta_sample_publish_motion,1,1,0.014501,0.1643,0.203776
10000,delta_sample_publish_motion,1,2,0.014399,0.1764,0.201728
10000,delta_sample_publish_motion,1,3,0.014401,0.1681,0.222208
10000,delta_sample_publish_motion,1,4,0.0145,0.1969,0.203776
10000,delta_sample_publish_motion,1,5,0.0143,0.1658,0.210944
10000,delta_sample_publish_motion,1,6,0.014301,0.18,0.2048
10000,delta_sample_publish_motion,1,7,0.014501,0.1642,0.201728
10000,delta_sample_publish_motion,1,8,0.014399,0.1772,0.211968
10000,delta_sample_publish_motion,1,9,0.014399,0.1765,0.2048
10000,delta_sample_publish_motion,1,10,0.014499,0.1643,0.208896
10000,delta_sample_publish_motion,1,11,0.0145,0.1647,0.208896
10000,delta_sample_publish_motion,1,12,0.0144,0.1641,0.210944
10000,delta_sample_publish_motion,1,13,0.0144,0.172399,0.20992
10000,delta_sample_publish_motion,1,14,0.014301,0.164001,0.210944
10000,delta_sample_publish_motion,1,15,0.0144,0.1647,0.210944
10000,delta_sample_publish_motion,1,16,0.014399,0.162999,0.208896
10000,delta_sample_publish_motion,1,17,0.014399,0.1645,0.208896
10000,delta_sample_publish_motion,1,18,0.0143,0.1629,0.214016
10000,delta_sample_publish_motion,1,19,0.014399,0.2075,0.214016
10000,delta_sample_publish_motion,1,20,0.014301,0.268101,0.200704
10000,delta_sample_publish_motion,1,21,0.0144,0.1754,0.203776
10000,delta_sample_publish_motion,1,22,0.0144,0.1643,0.206848
10000,delta_sample_publish_motion,1,23,0.014399,0.1628,0.210944
10000,delta_sample_publish_motion,1,24,0.0144,0.1644,0.208896
10000,delta_sample_publish_motion,1,25,0.014401,0.1763,0.207872
10000,delta_sample_publish_motion,1,26,0.0144,0.175,0.207872
10000,delta_sample_publish_motion,1,27,0.0143,0.1735,0.208896
10000,delta_sample_publish_motion,1,28,0.014399,0.1728,0.207872
10000,delta_sample_publish_motion,1,29,0.014399,0.1777,0.207872
10000,delta_sample_publish_motion,1,30,0.014399,0.1759,0.210944
10000,delta_sample_publish_motion,1,31,0.014301,0.171201,0.212992
10000,delta_sample_publish_motion,1,32,0.014401,0.1642,0.203776
10000,delta_sample_publish_motion,1,33,0.014501,0.162801,0.211968
10000,delta_sample_publish_motion,1,34,0.014301,0.162101,0.208896
10000,delta_sample_publish_motion,1,35,0.0144,0.176999,0.20992
10000,delta_sample_publish_motion,1,36,0.0143,0.1644,0.210944
10000,delta_sample_publish_motion,1,37,0.014299,0.1735,0.208896
10000,delta_sample_publish_motion,1,38,0.0143,0.1764,0.20992
10000,delta_sample_publish_motion,1,39,0.0143,0.1761,0.21504
10000,delta_sample_publish_motion,1,40,0.0144,0.176499,0.210944
10000,delta_sample_publish_motion,1,41,0.0143,0.165199,0.20992
10000,delta_sample_publish_motion,1,42,0.014301,0.174001,0.20992
10000,delta_sample_publish_motion,1,43,0.014401,0.175201,0.208896
10000,delta_sample_publish_motion,1,44,0.014301,0.163401,0.208896
10000,delta_sample_publish_motion,1,45,0.0143,0.176399,0.20992
10000,delta_sample_publish_motion,1,46,0.014301,0.166201,0.202752
10000,delta_sample_publish_motion,1,47,0.0143,0.165001,0.207872
10000,delta_sample_publish_motion,1,48,0.014399,0.163199,0.208896
10000,delta_sample_publish_motion,1,49,0.0143,0.1631,0.208896
10000,delta_sample_publish_motion,1,50,0.014399,0.1607,0.206848
10000,delta_sample_publish_motion,1,51,0.0142,0.1769,0.20992
10000,delta_sample_publish_motion,1,52,0.014399,0.1645,0.208896
10000,delta_sample_publish_motion,1,53,0.014199,0.1626,0.202752
10000,delta_sample_publish_motion,1,54,0.0155,0.1637,0.208896
10000,delta_sample_publish_motion,1,55,0.0143,0.1779,0.208896
10000,delta_sample_publish_motion,1,56,0.0144,0.1644,0.208896
10000,delta_sample_publish_motion,1,57,0.0144,0.164899,0.20992
10000,delta_sample_publish_motion,1,58,0.0143,0.1657,0.208896
10000,delta_sample_publish_motion,1,59,0.0143,0.1629,0.22016
10000,delta_sample_publish_motion,1,60,0.0145,0.1647,0.20992
10000,delta_sample_publish_motion,1,61,0.0144,0.165899,0.216064
10000,delta_sample_publish_motion,1,62,0.014301,0.164701,0.200704
10000,delta_sample_publish_motion,1,63,0.014501,0.1757,0.210944
10000,delta_sample_publish_motion,1,64,0.0144,0.1671,0.208896
10000,delta_sample_publish_motion,1,65,0.0144,0.165599,0.208896
10000,delta_sample_publish_motion,1,66,0.0143,0.165399,0.20992
10000,delta_sample_publish_motion,1,67,0.014401,0.1645,0.20992
10000,delta_sample_publish_motion,1,68,0.0144,0.1638,0.251904
10000,delta_sample_publish_motion,1,69,0.0143,0.176499,0.210944
10000,delta_sample_publish_motion,1,70,0.014199,0.1647,0.207872
10000,delta_sample_publish_motion,1,71,0.0144,0.1757,0.214016
10000,delta_sample_publish_motion,1,72,0.014301,0.1642,0.20992
10000,delta_sample_publish_motion,1,73,0.0143,0.1645,0.20992
10000,delta_sample_publish_motion,1,74,0.0144,0.165499,0.208896
10000,delta_sample_publish_motion,1,75,0.0144,0.166499,0.208896
10000,delta_sample_publish_motion,1,76,0.0143,0.1764,0.202752
10000,delta_sample_publish_motion,1,77,0.0143,0.1627,0.20992
10000,delta_sample_publish_motion,1,78,0.014299,0.164,0.202752
10000,delta_sample_publish_motion,1,79,0.014301,0.163801,0.208896
10000,delta_sample_publish_motion,1,80,0.014399,0.1662,0.207872
10000,delta_sample_publish_motion,1,81,0.0144,0.161399,0.20992
10000,delta_sample_publish_motion,1,82,0.0143,0.1791,0.21504
10000,delta_sample_publish_motion,1,83,0.014401,0.163001,0.201728
10000,delta_sample_publish_motion,1,84,0.0145,0.1751,0.21504
10000,delta_sample_publish_motion,1,85,0.0143,0.1637,0.208896
10000,delta_sample_publish_motion,1,86,0.014299,0.1639,0.20992
10000,delta_sample_publish_motion,1,87,0.014401,0.177101,0.205824
10000,delta_sample_publish_motion,1,88,0.0144,0.162699,0.20992
10000,delta_sample_publish_motion,1,89,0.014199,0.1629,0.208896
10000,delta_sample_publish_motion,1,90,0.014299,0.174199,0.208896
10000,delta_sample_publish_motion,1,91,0.0144,0.1747,0.202752
10000,delta_sample_publish_motion,1,92,0.0145,0.1638,0.207872
10000,delta_sample_publish_motion,1,93,0.014299,0.1638,0.210944
10000,delta_sample_publish_motion,1,94,0.0144,0.1748,0.201728
10000,delta_sample_publish_motion,1,95,0.0143,0.165399,0.20992
10000,delta_sample_publish_motion,1,96,0.0145,0.1746,0.20992
10000,delta_sample_publish_motion,1,97,0.0143,0.174999,0.208896
10000,delta_sample_publish_motion,1,98,0.014401,0.1757,0.200704
10000,delta_sample_publish_motion,1,99,0.0145,0.1756,0.20992
10000,delta_sample_publish_motion,1,100,0.014401,0.171201,0.207872
10000,delta_sample_publish_motion,1,101,0.0145,0.1613,0.208896
10000,delta_sample_publish_motion,1,102,0.014299,0.177,0.20992
10000,delta_sample_publish_motion,1,103,0.014299,0.1759,0.207872
10000,delta_sample_publish_motion,1,104,0.0143,0.162599,0.20992
10000,delta_sample_publish_motion,1,105,0.0143,0.166,0.20992
10000,delta_sample_publish_motion,1,106,0.014301,0.1758,0.208896
10000,delta_sample_publish_motion,1,107,0.0143,0.1638,0.208896
10000,delta_sample_publish_motion,1,108,0.0144,0.174,0.210944
10000,delta_sample_publish_motion,1,109,0.014299,0.1621,0.201728
10000,delta_sample_publish_motion,1,110,0.0144,0.1638,0.208896
10000,delta_sample_publish_motion,1,111,0.0144,0.1631,0.20992
10000,delta_sample_publish_motion,1,112,0.0144,0.177399,0.208896
10000,delta_sample_publish_motion,1,113,0.0143,0.1634,0.208896
10000,delta_sample_publish_motion,1,114,0.0142,0.179,0.206848
10000,delta_sample_publish_motion,1,115,0.014399,0.1641,0.20992
10000,delta_sample_publish_motion,1,116,0.016799,0.1841,0.211968
10000,delta_sample_publish_motion,1,117,0.014399,0.174299,0.207872
10000,delta_sample_publish_motion,1,118,0.0144,0.173799,0.208896
10000,delta_sample_publish_motion,1,119,0.0144,0.162599,0.211968
10000,delta_sample_publish_motion,2,0,0.0144,0.1653,0.26112
10000,delta_sample_publish_motion,2,1,0.0143,0.1586,0.256
10000,delta_sample_publish_motion,2,2,0.0142,0.1604,0.26112
10000,delta_sample_publish_motion,2,3,0.0141,0.1695,0.260096
10000,delta_sample_publish_motion,2,4,0.0141,0.1555,0.275456
10000,delta_sample_publish_motion,2,5,0.0141,0.157299,0.258048
10000,delta_sample_publish_motion,2,6,0.0141,0.163201,0.260096
10000,delta_sample_publish_motion,2,7,0.0142,0.1662,0.26112
10000,delta_sample_publish_motion,2,8,0.0143,0.158699,0.26112
10000,delta_sample_publish_motion,2,9,0.014201,0.160001,0.260096
10000,delta_sample_publish_motion,2,10,0.014101,0.167,0.26112
10000,delta_sample_publish_motion,2,11,0.014101,0.161,0.260096
10000,delta_sample_publish_motion,2,12,0.014101,0.1571,0.26112
10000,delta_sample_publish_motion,2,13,0.0142,0.157699,0.268288
10000,delta_sample_publish_motion,2,14,0.014301,0.163901,0.257024
10000,delta_sample_publish_motion,2,15,0.0142,0.1636,0.257024
10000,delta_sample_publish_motion,2,16,0.014199,0.1587,0.26624
10000,delta_sample_publish_motion,2,17,0.014299,0.155999,0.26112
10000,delta_sample_publish_motion,2,18,0.0143,0.1602,0.26112
10000,delta_sample_publish_motion,2,19,0.014201,0.1604,0.26112
10000,delta_sample_publish_motion,2,20,0.0144,0.1589,0.26112
10000,delta_sample_publish_motion,2,21,0.014101,0.157801,0.254976
10000,delta_sample_publish_motion,2,22,0.0143,0.1677,0.26112
10000,delta_sample_publish_motion,2,23,0.014699,0.1684,0.26112
10000,delta_sample_publish_motion,2,24,0.014299,0.1646,0.26112
10000,delta_sample_publish_motion,2,25,0.0142,0.158299,0.26112
10000,delta_sample_publish_motion,2,26,0.0143,0.173399,0.270336
10000,delta_sample_publish_motion,2,27,0.014099,0.1583,0.254976
10000,delta_sample_publish_motion,2,28,0.014101,0.1648,0.26112
10000,delta_sample_publish_motion,2,29,0.014301,0.165301,0.279552
10000,delta_sample_publish_motion,2,30,0.0141,0.158001,0.263168
10000,delta_sample_publish_motion,2,31,0.014,0.158399,0.258048
10000,delta_sample_publish_motion,2,32,0.014201,0.165199,0.265216
10000,delta_sample_publish_motion,2,33,0.013999,0.1653,0.258048
10000,delta_sample_publish_motion,2,34,0.0142,0.1651,0.26112
10000,delta_sample_publish_motion,2,35,0.0142,0.1631,0.260096
10000,delta_sample_publish_motion,2,36,0.014099,0.1673,0.26112
10000,delta_sample_publish_motion,2,37,0.0143,0.1708,0.256
10000,delta_sample_publish_motion,2,38,0.0144,0.1685,0.26112
10000,delta_sample_publish_motion,2,39,0.014199,0.1619,0.26112
10000,delta_sample_publish_motion,2,40,0.014299,0.1585,0.26112
10000,delta_sample_publish_motion,2,41,0.0142,0.162599,0.26112
10000,delta_sample_publish_motion,2,42,0.014201,0.168801,0.260096
10000,delta_sample_publish_motion,2,43,0.0145,0.163499,0.26112
10000,delta_sample_publish_motion,2,44,0.014201,0.166201,0.260096
10000,delta_sample_publish_motion,2,45,0.014299,0.158999,0.262144
10000,delta_sample_publish_motion,2,46,0.0143,0.1677,0.26112
10000,delta_sample_publish_motion,2,47,0.0141,0.1723,0.256
10000,delta_sample_publish_motion,2,48,0.0141,0.1567,0.26112
10000,delta_sample_publish_motion,2,49,0.014299,0.1699,0.260096
10000,delta_sample_publish_motion,2,50,0.0142,0.180599,0.26624
10000,delta_sample_publish_motion,2,51,0.0143,0.162,0.260096
10000,delta_sample_publish_motion,2,52,0.0143,0.168,0.262144
10000,delta_sample_publish_motion,2,53,0.014201,0.163901,0.26112
10000,delta_sample_publish_motion,2,54,0.014101,0.161701,0.260096
10000,delta_sample_publish_motion,2,55,0.014099,0.161,0.262144
10000,delta_sample_publish_motion,2,56,0.0142,0.1614,0.26112
10000,delta_sample_publish_motion,2,57,0.0142,0.158599,0.260096
10000,delta_sample_publish_motion,2,58,0.014201,0.175101,0.260096
10000,delta_sample_publish_motion,2,59,0.0142,0.1723,0.26624
10000,delta_sample_publish_motion,2,60,0.0142,0.1639,0.26112
10000,delta_sample_publish_motion,2,61,0.0142,0.161901,0.256
10000,delta_sample_publish_motion,2,62,0.014201,0.1685,0.262144
10000,delta_sample_publish_motion,2,63,0.014299,0.1654,0.256
10000,delta_sample_publish_motion,2,64,0.0143,0.162,0.262144
10000,delta_sample_publish_motion,2,65,0.0142,0.1602,0.258048
10000,delta_sample_publish_motion,2,66,0.014201,0.166701,0.247808
10000,delta_sample_publish_motion,2,67,0.0144,0.1637,0.265216
10000,delta_sample_publish_motion,2,68,0.0143,0.1675,0.264192
10000,delta_sample_publish_motion,2,69,0.0143,0.1681,0.258048
10000,delta_sample_publish_motion,2,70,0.014101,0.161801,0.262144
10000,delta_sample_publish_motion,2,71,0.014201,0.172399,0.256
10000,delta_sample_publish_motion,2,72,0.0141,0.160801,0.260096
10000,delta_sample_publish_motion,2,73,0.0142,0.169499,0.26112
10000,delta_sample_publish_motion,2,74,0.014101,0.1594,0.26112
10000,delta_sample_publish_motion,2,75,0.0141,0.162099,0.269312
10000,delta_sample_publish_motion,2,76,0.014201,0.158801,0.262144
10000,delta_sample_publish_motion,2,77,0.0141,0.1628,0.256
10000,delta_sample_publish_motion,2,78,0.0142,0.1858,0.272384
10000,delta_sample_publish_motion,2,79,0.014201,0.161401,0.259072
10000,delta_sample_publish_motion,2,80,0.0143,0.1628,0.257024
10000,delta_sample_publish_motion,2,81,0.0141,0.1587,0.260096
10000,delta_sample_publish_motion,2,82,0.0141,0.1664,0.257024
10000,delta_sample_publish_motion,2,83,0.0141,0.1674,0.256
10000,delta_sample_publish_motion,2,84,0.0143,0.161799,0.260096
10000,delta_sample_publish_motion,2,85,0.0143,0.156,0.264192
10000,delta_sample_publish_motion,2,86,0.014201,0.162401,0.265216
10000,delta_sample_publish_motion,2,87,0.014201,0.160201,0.257024
10000,delta_sample_publish_motion,2,88,0.014199,0.1616,0.270336
10000,delta_sample_publish_motion,2,89,0.0142,0.1672,0.254976
10000,delta_sample_publish_motion,2,90,0.0141,0.169999,0.26112
10000,delta_sample_publish_motion,2,91,0.014201,0.166501,0.257024
10000,delta_sample_publish_motion,2,92,0.0142,0.165299,0.260096
10000,delta_sample_publish_motion,2,93,0.014301,0.1573,0.256
10000,delta_sample_publish_motion,2,94,0.0142,0.1588,0.26112
10000,delta_sample_publish_motion,2,95,0.0142,0.173999,0.265216
10000,delta_sample_publish_motion,2,96,0.014201,0.165201,0.260096
10000,delta_sample_publish_motion,2,97,0.0143,0.1643,0.310272
10000,delta_sample_publish_motion,2,98,0.014001,0.1694,0.257024
10000,delta_sample_publish_motion,2,99,0.0141,0.166299,0.256
10000,delta_sample_publish_motion,2,100,0.014199,0.156199,0.262144
10000,delta_sample_publish_motion,2,101,0.014199,0.176,0.268288
10000,delta_sample_publish_motion,2,102,0.014201,0.159501,0.256
10000,delta_sample_publish_motion,2,103,0.0142,0.162099,0.264192
10000,delta_sample_publish_motion,2,104,0.0142,0.162099,0.26624
10000,delta_sample_publish_motion,2,105,0.0141,0.1646,0.256
10000,delta_sample_publish_motion,2,106,0.014101,0.1606,0.263168
10000,delta_sample_publish_motion,2,107,0.0141,0.158099,0.256
10000,delta_sample_publish_motion,2,108,0.014199,0.155499,0.26112
10000,delta_sample_publish_motion,2,109,0.0142,0.165,0.258048
10000,delta_sample_publish_motion,2,110,0.014299,0.1706,0.270336
10000,delta_sample_publish_motion,2,111,0.0141,0.1605,0.259072
10000,delta_sample_publish_motion,2,112,0.014099,0.1583,0.254976
10000,delta_sample_publish_motion,2,113,0.0143,0.1666,0.258048
10000,delta_sample_publish_motion,2,114,0.014101,0.1692,0.253952
10000,delta_sample_publish_motion,2,115,0.014199,0.1571,0.259072
10000,delta_sample_publish_motion,2,116,0.014101,0.1684,0.252928
10000,delta_sample_publish_motion,2,117,0.014099,0.1647,0.253952
10000,delta_sample_publish_motion,2,118,0.0142,0.1589,0.254976
10000,delta_sample_publish_motion,2,119,0.0141,0.158,0.252928
10000,delta_sample_publish_motion,3,0,0.0158,0.2119,0.264192
10000,delta_sample_publish_motion,3,1,0.0161,0.188601,0.275456
10000,delta_sample_publish_motion,3,2,0.0158,0.178901,0.260096
10000,delta_sample_publish_motion,3,3,0.0158,0.2078,0.249856
10000,delta_sample_publish_motion,3,4,0.016099,0.1625,0.264192
10000,delta_sample_publish_motion,3,5,0.0276,0.283301,0.263168
10000,delta_sample_publish_motion,3,6,0.015799,0.1859,0.259072
10000,delta_sample_publish_motion,3,7,0.0158,0.1988,0.267264
10000,delta_sample_publish_motion,3,8,0.016,0.175001,0.260096
10000,delta_sample_publish_motion,3,9,0.0269,0.176601,0.257024
10000,delta_sample_publish_motion,3,10,0.015801,0.1861,0.259072
10000,delta_sample_publish_motion,3,11,0.0159,0.173101,0.264192
10000,delta_sample_publish_motion,3,12,0.0159,0.1956,0.263168
10000,delta_sample_publish_motion,3,13,0.0159,0.2141,0.26112
10000,delta_sample_publish_motion,3,14,0.0159,0.2289,0.26624
10000,delta_sample_publish_motion,3,15,0.0159,0.211299,0.26112
10000,delta_sample_publish_motion,3,16,0.016099,0.2044,0.263168
10000,delta_sample_publish_motion,3,17,0.015999,0.1927,0.260096
10000,delta_sample_publish_motion,3,18,0.0191,0.2195,0.251904
10000,delta_sample_publish_motion,3,19,0.019801,0.1759,0.260096
10000,delta_sample_publish_motion,3,20,0.0194,0.196601,0.262144
10000,delta_sample_publish_motion,3,21,0.019,0.181001,0.275456
10000,delta_sample_publish_motion,3,22,0.015899,0.197299,0.263168
10000,delta_sample_publish_motion,3,23,0.015899,0.1728,0.262144
10000,delta_sample_publish_motion,3,24,0.024501,0.1841,0.263168
10000,delta_sample_publish_motion,3,25,0.015799,0.1985,0.262144
10000,delta_sample_publish_motion,3,26,0.016001,0.1986,0.262144
10000,delta_sample_publish_motion,3,27,0.0158,0.2225,0.264192
10000,delta_sample_publish_motion,3,28,0.0159,0.182201,0.262144
10000,delta_sample_publish_motion,3,29,0.016,0.2003,0.251904
10000,delta_sample_publish_motion,3,30,0.0161,0.201401,0.262144
10000,delta_sample_publish_motion,3,31,0.017899,0.1968,0.264192
10000,delta_sample_publish_motion,3,32,0.016,0.1984,0.274432
10000,delta_sample_publish_motion,3,33,0.016,0.210899,0.260096
10000,delta_sample_publish_motion,3,34,0.0162,0.175,0.273408
10000,delta_sample_publish_motion,3,35,0.0208,0.226701,0.262144
10000,delta_sample_publish_motion,3,36,0.015899,0.1731,0.205824
10000,delta_sample_publish_motion,3,37,0.015899,0.1876,0.203776
10000,delta_sample_publish_motion,3,38,0.0163,0.180401,0.202752
10000,delta_sample_publish_motion,3,39,0.015999,0.167399,0.198656
10000,delta_sample_publish_motion,3,40,0.016,0.1841,0.201728
10000,delta_sample_publish_motion,3,41,0.0159,0.201201,0.201728
10000,delta_sample_publish_motion,3,42,0.016001,0.2056,0.210944
10000,delta_sample_publish_motion,3,43,0.016201,0.196899,0.201728
10000,delta_sample_publish_motion,3,44,0.0274,0.195301,0.203776
10000,delta_sample_publish_motion,3,45,0.016,0.2208,0.205824
10000,delta_sample_publish_motion,3,46,0.0161,0.1813,0.201728
10000,delta_sample_publish_motion,3,47,0.0301,0.2056,0.232448
10000,delta_sample_publish_motion,3,48,0.0189,0.192801,0.196608
10000,delta_sample_publish_motion,3,49,0.0162,0.161901,0.2048
10000,delta_sample_publish_motion,3,50,0.025199,0.1654,0.19968
10000,delta_sample_publish_motion,3,51,0.016,0.176,0.19968
10000,delta_sample_publish_motion,3,52,0.0161,0.173801,0.200704
10000,delta_sample_publish_motion,3,53,0.0184,0.1811,0.210944
10000,delta_sample_publish_motion,3,54,0.0162,0.196801,0.2048
10000,delta_sample_publish_motion,3,55,0.0266,0.1896,0.200704
10000,delta_sample_publish_motion,3,56,0.0161,0.199799,0.200704
10000,delta_sample_publish_motion,3,57,0.016101,0.200799,0.201728
10000,delta_sample_publish_motion,3,58,0.0161,0.1909,0.202752
10000,delta_sample_publish_motion,3,59,0.016,0.2047,0.201728
10000,delta_sample_publish_motion,3,60,0.0161,0.207799,0.205824
10000,delta_sample_publish_motion,3,61,0.0177,0.200399,0.196608
10000,delta_sample_publish_motion,3,62,0.0215,0.1818,0.208896
10000,delta_sample_publish_motion,3,63,0.0161,0.189701,0.202752
10000,delta_sample_publish_motion,3,64,0.028,0.184801,0.205824
10000,delta_sample_publish_motion,3,65,0.0161,0.1832,0.202752
10000,delta_sample_publish_motion,3,66,0.022299,0.1698,0.208896
10000,delta_sample_publish_motion,3,67,0.018399,0.1983,0.203776
10000,delta_sample_publish_motion,3,68,0.016299,0.1818,0.21504
10000,delta_sample_publish_motion,3,69,0.031001,0.193599,0.214016
10000,delta_sample_publish_motion,3,70,0.0162,0.1855,0.202752
10000,delta_sample_publish_motion,3,71,0.0159,0.1919,0.202752
10000,delta_sample_publish_motion,3,72,0.017799,0.197299,0.196608
10000,delta_sample_publish_motion,3,73,0.018699,0.197699,0.2304
10000,delta_sample_publish_motion,3,74,0.0184,0.1876,0.20992
10000,delta_sample_publish_motion,3,75,0.0231,0.1962,0.212992
10000,delta_sample_publish_motion,3,76,0.0164,0.1821,0.208896
10000,delta_sample_publish_motion,3,77,0.0231,0.1801,0.200704
10000,delta_sample_publish_motion,3,78,0.0186,0.186701,0.210944
10000,delta_sample_publish_motion,3,79,0.0187,0.1884,0.211968
10000,delta_sample_publish_motion,3,80,0.0179,0.1743,0.19968
10000,delta_sample_publish_motion,3,81,0.019,0.1958,0.20992
10000,delta_sample_publish_motion,3,82,0.0163,0.1819,0.2048
10000,delta_sample_publish_motion,3,83,0.024399,0.1879,0.202752
10000,delta_sample_publish_motion,3,84,0.016201,0.1715,0.19968
10000,delta_sample_publish_motion,3,85,0.018299,0.1804,0.208896
10000,delta_sample_publish_motion,3,86,0.018201,0.201201,0.211968
10000,delta_sample_publish_motion,3,87,0.0164,0.1947,0.211968
10000,delta_sample_publish_motion,3,88,0.020701,0.1906,0.203776
10000,delta_sample_publish_motion,3,89,0.0178,0.221801,0.201728
10000,delta_sample_publish_motion,3,90,0.016401,0.186,0.202752
10000,delta_sample_publish_motion,3,91,0.0262,0.187999,0.202752
10000,delta_sample_publish_motion,3,92,0.0181,0.192099,0.207872
10000,delta_sample_publish_motion,3,93,0.016499,0.1904,0.214016
10000,delta_sample_publish_motion,3,94,0.0163,0.1563,0.201728
10000,delta_sample_publish_motion,3,95,0.016201,0.1799,0.203776
10000,delta_sample_publish_motion,3,96,0.017301,0.1808,0.20992
10000,delta_sample_publish_motion,3,97,0.0192,0.185501,0.198656
10000,delta_sample_publish_motion,3,98,0.016299,0.189899,0.202752
10000,delta_sample_publish_motion,3,99,0.0271,0.1889,0.207872
10000,delta_sample_publish_motion,3,100,0.017599,0.196,0.197632
10000,delta_sample_publish_motion,3,101,0.016501,0.1921,0.214016
10000,delta_sample_publish_motion,3,102,0.028799,0.1777,0.205824
10000,delta_sample_publish_motion,3,103,0.018401,0.182201,0.20992
10000,delta_sample_publish_motion,3,104,0.0188,0.173299,0.211968
10000,delta_sample_publish_motion,3,105,0.0184,0.171601,0.212992
10000,delta_sample_publish_motion,3,106,0.0162,0.184301,0.214016
10000,delta_sample_publish_motion,3,107,0.0184,0.1631,0.221184
10000,delta_sample_publish_motion,3,108,0.0184,0.1725,0.211968
10000,delta_sample_publish_motion,3,109,0.0164,0.164899,0.212992
10000,delta_sample_publish_motion,3,110,0.028401,0.1704,0.201728
10000,delta_sample_publish_motion,3,111,0.0179,0.1764,0.2048
10000,delta_sample_publish_motion,3,112,0.0189,0.202101,0.212992
10000,delta_sample_publish_motion,3,113,0.0189,0.18,0.201728
10000,delta_sample_publish_motion,3,114,0.0188,0.187,0.20992
10000,delta_sample_publish_motion,3,115,0.0164,0.194,0.203776
10000,delta_sample_publish_motion,3,116,0.021099,0.1967,0.2048
10000,delta_sample_publish_motion,3,117,0.016101,0.2095,0.202752
10000,delta_sample_publish_motion,3,118,0.0181,0.1691,0.200704
10000,delta_sample_publish_motion,3,119,0.0185,0.2,0.19968
10000,compact_delta_sample_publish_motion,1,0,0.0146,0.031101,0.356352
10000,compact_delta_sample_publish_motion,1,1,0.014199,0.033199,0.151552
10000,compact_delta_sample_publish_motion,1,2,0.0146,0.031701,0.19968
10000,compact_delta_sample_publish_motion,1,3,0.0143,0.0311,0.125952
10000,compact_delta_sample_publish_motion,1,4,0.014199,0.0311,0.196608
10000,compact_delta_sample_publish_motion,1,5,0.0145,0.031,0.130048
10000,compact_delta_sample_publish_motion,1,6,0.0142,0.0309,0.203776
10000,compact_delta_sample_publish_motion,1,7,0.0143,0.031,0.130048
10000,compact_delta_sample_publish_motion,1,8,0.014299,0.0319,0.202752
10000,compact_delta_sample_publish_motion,1,9,0.014199,0.0312,0.124928
10000,compact_delta_sample_publish_motion,1,10,0.0142,0.030801,0.188416
10000,compact_delta_sample_publish_motion,1,11,0.014199,0.0311,0.130048
10000,compact_delta_sample_publish_motion,1,12,0.014101,0.031,0.196608
10000,compact_delta_sample_publish_motion,1,13,0.0143,0.0311,0.129024
10000,compact_delta_sample_publish_motion,1,14,0.014199,0.0311,0.187392
10000,compact_delta_sample_publish_motion,1,15,0.0143,0.0307,0.137216
10000,compact_delta_sample_publish_motion,1,16,0.0145,0.0308,0.202752
10000,compact_delta_sample_publish_motion,1,17,0.014199,0.0309,0.125952
10000,compact_delta_sample_publish_motion,1,18,0.0141,0.0312,0.18944
10000,compact_delta_sample_publish_motion,1,19,0.014499,0.0315,0.152576
10000,compact_delta_sample_publish_motion,1,20,0.014,0.0309,0.212992
10000,compact_delta_sample_publish_motion,1,21,0.0141,0.0307,0.129024
10000,compact_delta_sample_publish_motion,1,22,0.0143,0.0336,0.192512
10000,compact_delta_sample_publish_motion,1,23,0.014,0.0311,0.131072
10000,compact_delta_sample_publish_motion,1,24,0.0143,0.0311,0.196608
10000,compact_delta_sample_publish_motion,1,25,0.0143,0.030999,0.13312
10000,compact_delta_sample_publish_motion,1,26,0.014101,0.030799,0.190464
10000,compact_delta_sample_publish_motion,1,27,0.014501,0.031101,0.144384
10000,compact_delta_sample_publish_motion,1,28,0.014599,0.0312,0.193536
10000,compact_delta_sample_publish_motion,1,29,0.0175,0.031201,0.124928
10000,compact_delta_sample_publish_motion,1,30,0.0145,0.031799,0.192512
10000,compact_delta_sample_publish_motion,1,31,0.014201,0.0308,0.131072
10000,compact_delta_sample_publish_motion,1,32,0.014501,0.031,0.201728
10000,compact_delta_sample_publish_motion,1,33,0.014099,0.031,0.129024
10000,compact_delta_sample_publish_motion,1,34,0.0141,0.031,0.193536
10000,compact_delta_sample_publish_motion,1,35,0.0144,0.0308,0.137216
10000,compact_delta_sample_publish_motion,1,36,0.0141,0.0309,0.195584
10000,compact_delta_sample_publish_motion,1,37,0.014199,0.031,0.134144
10000,compact_delta_sample_publish_motion,1,38,0.014299,0.0311,0.193536
10000,compact_delta_sample_publish_motion,1,39,0.014099,0.0311,0.13824
10000,compact_delta_sample_publish_motion,1,40,0.0146,0.0307,0.202752
10000,compact_delta_sample_publish_motion,1,41,0.015799,0.0309,0.137216
10000,compact_delta_sample_publish_motion,1,42,0.014501,0.031201,0.197632
10000,compact_delta_sample_publish_motion,1,43,0.0144,0.0311,0.130048
10000,compact_delta_sample_publish_motion,1,44,0.014399,0.0312,0.19968
10000,compact_delta_sample_publish_motion,1,45,0.0143,0.0307,0.137216
10000,compact_delta_sample_publish_motion,1,46,0.014301,0.0308,0.195584
10000,compact_delta_sample_publish_motion,1,47,0.014501,0.031301,0.130048
10000,compact_delta_sample_publish_motion,1,48,0.0145,0.030999,0.193536
10000,compact_delta_sample_publish_motion,1,49,0.0142,0.0312,0.129024
10000,compact_delta_sample_publish_motion,1,50,0.0145,0.0308,0.195584
10000,compact_delta_sample_publish_motion,1,51,0.014401,0.0307,0.129024
10000,compact_delta_sample_publish_motion,1,52,0.014499,0.0311,0.196608
10000,compact_delta_sample_publish_motion,1,53,0.0145,0.0311,0.129024
10000,compact_delta_sample_publish_motion,1,54,0.014401,0.031001,0.195584
10000,compact_delta_sample_publish_motion,1,55,0.014401,0.0309,0.129024
10000,compact_delta_sample_publish_motion,1,56,0.0144,0.030899,0.202752
10000,compact_delta_sample_publish_motion,1,57,0.0142,0.031201,0.130048
10000,compact_delta_sample_publish_motion,1,58,0.0141,0.0309,0.198656
10000,compact_delta_sample_publish_motion,1,59,0.014201,0.0312,0.129024
10000,compact_delta_sample_publish_motion,1,60,0.014399,0.0307,0.203776
10000,compact_delta_sample_publish_motion,1,61,0.014499,0.0308,0.129024
10000,compact_delta_sample_publish_motion,1,62,0.0146,0.031,0.197632
10000,compact_delta_sample_publish_motion,1,63,0.0141,0.0309,0.137216
10000,compact_delta_sample_publish_motion,1,64,0.0141,0.031699,0.195584
10000,compact_delta_sample_publish_motion,1,65,0.0144,0.0309,0.137216
10000,compact_delta_sample_publish_motion,1,66,0.014501,0.0307,0.195584
10000,compact_delta_sample_publish_motion,1,67,0.0144,0.0309,0.134144
10000,compact_delta_sample_publish_motion,1,68,0.0141,0.031101,0.192512
10000,compact_delta_sample_publish_motion,1,69,0.014201,0.030899,0.129024
10000,compact_delta_sample_publish_motion,1,70,0.014299,0.030801,0.195584
10000,compact_delta_sample_publish_motion,1,71,0.0141,0.0308,0.129024
10000,compact_delta_sample_publish_motion,1,72,0.014099,0.030901,0.2048
10000,compact_delta_sample_publish_motion,1,73,0.0145,0.031,0.130048
10000,compact_delta_sample_publish_motion,1,74,0.014499,0.0312,0.19968
10000,compact_delta_sample_publish_motion,1,75,0.014099,0.0308,0.130048
10000,compact_delta_sample_publish_motion,1,76,0.0146,0.0308,0.195584
10000,compact_delta_sample_publish_motion,1,77,0.0143,0.0309,0.130048
10000,compact_delta_sample_publish_motion,1,78,0.014401,0.031,0.201728
10000,compact_delta_sample_publish_motion,1,79,0.014201,0.031,0.137216
10000,compact_delta_sample_publish_motion,1,80,0.0142,0.030701,0.192512
10000,compact_delta_sample_publish_motion,1,81,0.014299,0.0308,0.137216
10000,compact_delta_sample_publish_motion,1,82,0.0145,0.0309,0.196608
10000,compact_delta_sample_publish_motion,1,83,0.0141,0.031,0.129024
10000,compact_delta_sample_publish_motion,1,84,0.014401,0.0311,0.203776
10000,compact_delta_sample_publish_motion,1,85,0.014501,0.0308,0.129024
10000,compact_delta_sample_publish_motion,1,86,0.014001,0.0308,0.195584
10000,compact_delta_sample_publish_motion,1,87,0.014301,0.030999,0.129024
10000,compact_delta_sample_publish_motion,1,88,0.014101,0.031401,0.251904
10000,compact_delta_sample_publish_motion,1,89,0.014501,0.031101,0.129024
10000,compact_delta_sample_publish_motion,1,90,0.0142,0.0308,0.195584
10000,compact_delta_sample_publish_motion,1,91,0.0142,0.0308,0.129024
10000,compact_delta_sample_publish_motion,1,92,0.0144,0.031,0.192512
10000,compact_delta_sample_publish_motion,1,93,0.0142,0.031101,0.137216
10000,compact_delta_sample_publish_motion,1,94,0.0153,0.0359,0.196608
10000,compact_delta_sample_publish_motion,1,95,0.0142,0.0308,0.137216
10000,compact_delta_sample_publish_motion,1,96,0.0143,0.031,0.195584
10000,compact_delta_sample_publish_motion,1,97,0.0143,0.031,0.130048
10000,compact_delta_sample_publish_motion,1,98,0.0145,0.0314,0.197632
10000,compact_delta_sample_publish_motion,1,99,0.014301,0.0311,0.130048
10000,compact_delta_sample_publish_motion,1,100,0.0145,0.031,0.195584
10000,compact_delta_sample_publish_motion,1,101,0.0141,0.0309,0.129024
10000,compact_delta_sample_publish_motion,1,102,0.0142,0.031,0.196608
10000,compact_delta_sample_publish_motion,1,103,0.0144,0.0312,0.129024
10000,compact_delta_sample_publish_motion,1,104,0.014299,0.0311,0.18944
10000,compact_delta_sample_publish_motion,1,105,0.0141,0.0308,0.137216
10000,compact_delta_sample_publish_motion,1,106,0.014201,0.0308,0.202752
10000,compact_delta_sample_publish_motion,1,107,0.0142,0.031,0.129024
10000,compact_delta_sample_publish_motion,1,108,0.0144,0.0312,0.202752
10000,compact_delta_sample_publish_motion,1,109,0.0144,0.0312,0.129024
10000,compact_delta_sample_publish_motion,1,110,0.014001,0.030799,0.19456
10000,compact_delta_sample_publish_motion,1,111,0.014101,0.0308,0.136192
10000,compact_delta_sample_publish_motion,1,112,0.0141,0.031,0.195584
10000,compact_delta_sample_publish_motion,1,113,0.0145,0.0311,0.136192
10000,compact_delta_sample_publish_motion,1,114,0.014101,0.031099,0.195584
10000,compact_delta_sample_publish_motion,1,115,0.0141,0.0307,0.129024
10000,compact_delta_sample_publish_motion,1,116,0.0141,0.0306,0.192512
10000,compact_delta_sample_publish_motion,1,117,0.014499,0.0311,0.129024
10000,compact_delta_sample_publish_motion,1,118,0.014099,0.031,0.196608
10000,compact_delta_sample_publish_motion,1,119,0.0144,0.0312,0.129024
10000,compact_delta_sample_publish_motion,2,0,0.014101,0.031,0.251904
10000,compact_delta_sample_publish_motion,2,1,0.0143,0.030901,0.132096
10000,compact_delta_sample_publish_motion,2,2,0.014399,0.0309,0.24576
10000,compact_delta_sample_publish_motion,2,3,0.014099,0.031001,0.131072
10000,compact_delta_sample_publish_motion,2,4,0.014199,0.0313,0.25088
10000,compact_delta_sample_publish_motion,2,5,0.0143,0.0306,0.134144
10000,compact_delta_sample_publish_motion,2,6,0.0143,0.030699,0.244736
10000,compact_delta_sample_publish_motion,2,7,0.014201,0.0313,0.135168
10000,compact_delta_sample_publish_motion,2,8,0.014,0.031101,0.260096
10000,compact_delta_sample_publish_motion,2,9,0.014299,0.0309,0.141312
10000,compact_delta_sample_publish_motion,2,10,0.014201,0.0308,0.247808
10000,compact_delta_sample_publish_motion,2,11,0.0144,0.0308,0.136192
10000,compact_delta_sample_publish_motion,2,12,0.014299,0.0311,0.249856
10000,compact_delta_sample_publish_motion,2,13,0.0142,0.031,0.130048
10000,compact_delta_sample_publish_motion,2,14,0.0143,0.030999,0.248832
10000,compact_delta_sample_publish_motion,2,15,0.014301,0.0308,0.136192
10000,compact_delta_sample_publish_motion,2,16,0.014299,0.0309,0.25088
10000,compact_delta_sample_publish_motion,2,17,0.014301,0.031,0.13824
10000,compact_delta_sample_publish_motion,2,18,0.0141,0.032699,0.265216
10000,compact_delta_sample_publish_motion,2,19,0.0142,0.031,0.136192
10000,compact_delta_sample_publish_motion,2,20,0.014299,0.0306,0.251904
10000,compact_delta_sample_publish_motion,2,21,0.014099,0.0308,0.140288
10000,compact_delta_sample_publish_motion,2,22,0.014,0.031,0.246784
10000,compact_delta_sample_publish_motion,2,23,0.0143,0.030899,0.136192
10000,compact_delta_sample_publish_motion,2,24,0.0143,0.031,0.24576
10000,compact_delta_sample_publish_motion,2,25,0.014,0.0307,0.144384
10000,compact_delta_sample_publish_motion,2,26,0.0142,0.0307,0.246784
10000,compact_delta_sample_publish_motion,2,27,0.013999,0.0308,0.144384
10000,compact_delta_sample_publish_motion,2,28,0.0142,0.031,0.249856
10000,compact_delta_sample_publish_motion,2,29,0.0141,0.0309,0.131072
10000,compact_delta_sample_publish_motion,2,30,0.014201,0.030699,0.246784
10000,compact_delta_sample_publish_motion,2,31,0.014299,0.030701,0.136192
10000,compact_delta_sample_publish_motion,2,32,0.014399,0.031,0.253952
10000,compact_delta_sample_publish_motion,2,33,0.014,0.0308,0.131072
10000,compact_delta_sample_publish_motion,2,34,0.0143,0.0313,0.248832
10000,compact_delta_sample_publish_motion,2,35,0.014201,0.0306,0.135168
10000,compact_delta_sample_publish_motion,2,36,0.0143,0.0309,0.251904
10000,compact_delta_sample_publish_motion,2,37,0.014299,0.0309,0.132096
10000,compact_delta_sample_publish_motion,2,38,0.013999,0.0311,0.246784
10000,compact_delta_sample_publish_motion,2,39,0.0152,0.0309,0.145408
10000,compact_delta_sample_publish_motion,2,40,0.014299,0.0307,0.25088
10000,compact_delta_sample_publish_motion,2,41,0.0144,0.0306,0.131072
10000,compact_delta_sample_publish_motion,2,42,0.0142,0.032,0.25088
10000,compact_delta_sample_publish_motion,2,43,0.0143,0.0309,0.135168
10000,compact_delta_sample_publish_motion,2,44,0.0141,0.031001,0.251904
10000,compact_delta_sample_publish_motion,2,45,0.014201,0.031601,0.134144
10000,compact_delta_sample_publish_motion,2,46,0.0142,0.030901,0.249856
10000,compact_delta_sample_publish_motion,2,47,0.014199,0.0309,0.136192
10000,compact_delta_sample_publish_motion,2,48,0.0143,0.0312,0.25088
10000,compact_delta_sample_publish_motion,2,49,0.0142,0.031,0.135168
10000,compact_delta_sample_publish_motion,2,50,0.014299,0.0307,0.253952
10000,compact_delta_sample_publish_motion,2,51,0.0143,0.0309,0.131072
10000,compact_delta_sample_publish_motion,2,52,0.014001,0.031199,0.251904
10000,compact_delta_sample_publish_motion,2,53,0.0143,0.0309,0.131072
10000,compact_delta_sample_publish_motion,2,54,0.0143,0.0312,0.26112
10000,compact_delta_sample_publish_motion,2,55,0.014301,0.0309,0.135168
10000,compact_delta_sample_publish_motion,2,56,0.014299,0.0309,0.25088
10000,compact_delta_sample_publish_motion,2,57,0.014301,0.0308,0.137216
10000,compact_delta_sample_publish_motion,2,58,0.014301,0.031199,0.24576
10000,compact_delta_sample_publish_motion,2,59,0.0142,0.0309,0.144384
10000,compact_delta_sample_publish_motion,2,60,0.014201,0.0307,0.25088
10000,compact_delta_sample_publish_motion,2,61,0.0141,0.030701,0.131072
10000,compact_delta_sample_publish_motion,2,62,0.014299,0.0311,0.246784
10000,compact_delta_sample_publish_motion,2,63,0.014099,0.0311,0.136192
10000,compact_delta_sample_publish_motion,2,64,0.014199,0.031,0.25088
10000,compact_delta_sample_publish_motion,2,65,0.014099,0.0307,0.136192
10000,compact_delta_sample_publish_motion,2,66,0.014299,0.0306,0.254976
10000,compact_delta_sample_publish_motion,2,67,0.0144,0.031399,0.157696
10000,compact_delta_sample_publish_motion,2,68,0.0144,0.031099,0.262144
10000,compact_delta_sample_publish_motion,2,69,0.014101,0.0311,0.136192
10000,compact_delta_sample_publish_motion,2,70,0.0144,0.0309,0.25088
10000,compact_delta_sample_publish_motion,2,71,0.014299,0.0309,0.136192
10000,compact_delta_sample_publish_motion,2,72,0.0143,0.033,0.252928
10000,compact_delta_sample_publish_motion,2,73,0.0141,0.031201,0.145408
10000,compact_delta_sample_publish_motion,2,74,0.0142,0.031,0.246784
10000,compact_delta_sample_publish_motion,2,75,0.014399,0.0306,0.135168
10000,compact_delta_sample_publish_motion,2,76,0.014099,0.0311,0.248832
10000,compact_delta_sample_publish_motion,2,77,0.014301,0.030899,0.131072
10000,compact_delta_sample_publish_motion,2,78,0.014399,0.031,0.260096
10000,compact_delta_sample_publish_motion,2,79,0.0143,0.031,0.136192
10000,compact_delta_sample_publish_motion,2,80,0.0142,0.0309,0.259072
10000,compact_delta_sample_publish_motion,2,81,0.0141,0.0307,0.130048
10000,compact_delta_sample_publish_motion,2,82,0.0142,0.0309,0.246784
10000,compact_delta_sample_publish_motion,2,83,0.0142,0.0309,0.135168
10000,compact_delta_sample_publish_motion,2,84,0.0139,0.0309,0.249856
10000,compact_delta_sample_publish_motion,2,85,0.0142,0.0307,0.13824
10000,compact_delta_sample_publish_motion,2,86,0.014101,0.0308,0.247808
10000,compact_delta_sample_publish_motion,2,87,0.014199,0.031,0.136192
10000,compact_delta_sample_publish_motion,2,88,0.0144,0.031,0.25088
10000,compact_delta_sample_publish_motion,2,89,0.0143,0.0311,0.131072
10000,compact_delta_sample_publish_motion,2,90,0.014399,0.0306,0.239616
10000,compact_delta_sample_publish_motion,2,91,0.014501,0.0308,0.13312
10000,compact_delta_sample_publish_motion,2,92,0.0143,0.031401,0.256
10000,compact_delta_sample_publish_motion,2,93,0.0149,0.0314,0.150528
10000,compact_delta_sample_publish_motion,2,94,0.0144,0.0309,0.249856
10000,compact_delta_sample_publish_motion,2,95,0.014299,0.0308,0.137216
10000,compact_delta_sample_publish_motion,2,96,0.0144,0.030799,0.24576
10000,compact_delta_sample_publish_motion,2,97,0.014201,0.031,0.145408
10000,compact_delta_sample_publish_motion,2,98,0.014,0.031,0.247808
10000,compact_delta_sample_publish_motion,2,99,0.0142,0.0308,0.135168
10000,compact_delta_sample_publish_motion,2,100,0.0144,0.0307,0.252928
10000,compact_delta_sample_publish_motion,2,101,0.014001,0.0313,0.141312
10000,compact_delta_sample_publish_motion,2,102,0.014699,0.0313,0.249856
10000,compact_delta_sample_publish_motion,2,103,0.0143,0.031,0.136192
10000,compact_delta_sample_publish_motion,2,104,0.014299,0.031,0.249856
10000,compact_delta_sample_publish_motion,2,105,0.0142,0.0309,0.144384
10000,compact_delta_sample_publish_motion,2,106,0.015,0.031,0.252928
10000,compact_delta_sample_publish_motion,2,107,0.013899,0.031,0.132096
10000,compact_delta_sample_publish_motion,2,108,0.014101,0.0308,0.254976
10000,compact_delta_sample_publish_motion,2,109,0.016999,0.0314,0.1536
10000,compact_delta_sample_publish_motion,2,110,0.0146,0.031099,0.246784
10000,compact_delta_sample_publish_motion,2,111,0.014,0.031,0.137216
10000,compact_delta_sample_publish_motion,2,112,0.014101,0.031101,0.253952
10000,compact_delta_sample_publish_motion,2,113,0.014099,0.0311,0.140288
10000,compact_delta_sample_publish_motion,2,114,0.013999,0.0309,0.249856
10000,compact_delta_sample_publish_motion,2,115,0.0143,0.0323,0.146432
10000,compact_delta_sample_publish_motion,2,116,0.013999,0.0325,0.249856
10000,compact_delta_sample_publish_motion,2,117,0.0143,0.0332,0.135168
10000,compact_delta_sample_publish_motion,2,118,0.0145,0.0315,0.244736
10000,compact_delta_sample_publish_motion,2,119,0.014701,0.031401,0.121856
10000,compact_delta_sample_publish_motion,3,0,0.014599,0.0313,0.119808
10000,compact_delta_sample_publish_motion,3,1,0.014299,0.0311,0.4096
10000,compact_delta_sample_publish_motion,3,2,0.0145,0.0312,0.128
10000,compact_delta_sample_publish_motion,3,3,0.0145,0.0307,0.241664
10000,compact_delta_sample_publish_motion,3,4,0.0145,0.0307,0.128
10000,compact_delta_sample_publish_motion,3,5,0.0146,0.0308,0.244736
10000,compact_delta_sample_publish_motion,3,6,0.0146,0.0324,0.130048
10000,compact_delta_sample_publish_motion,3,7,0.0145,0.031099,0.242688
10000,compact_delta_sample_publish_motion,3,8,0.014499,0.0306,0.126976
10000,compact_delta_sample_publish_motion,3,9,0.0146,0.0307,0.236544
10000,compact_delta_sample_publish_motion,3,10,0.0153,0.031101,0.126976
10000,compact_delta_sample_publish_motion,3,11,0.014499,0.0312,0.244736
10000,compact_delta_sample_publish_motion,3,12,0.014299,0.031,0.114688
10000,compact_delta_sample_publish_motion,3,13,0.0144,0.0308,0.229376
10000,compact_delta_sample_publish_motion,3,14,0.014399,0.0311,0.128
10000,compact_delta_sample_publish_motion,3,15,0.0154,0.031001,0.239616
10000,compact_delta_sample_publish_motion,3,16,0.014599,0.0312,0.128
10000,compact_delta_sample_publish_motion,3,17,0.014299,0.031,0.242688
10000,compact_delta_sample_publish_motion,3,18,0.0145,0.0315,0.126976
10000,compact_delta_sample_publish_motion,3,19,0.014501,0.0308,0.24064
10000,compact_delta_sample_publish_motion,3,20,0.014301,0.0309,0.115712
10000,compact_delta_sample_publish_motion,3,21,0.0143,0.0318,0.239616
10000,compact_delta_sample_publish_motion,3,22,0.0145,0.031,0.135168
10000,compact_delta_sample_publish_motion,3,23,0.0145,0.030799,0.242688
10000,compact_delta_sample_publish_motion,3,24,0.014401,0.031,0.126976
10000,compact_delta_sample_publish_motion,3,25,0.0144,0.031,0.241664
10000,compact_delta_sample_publish_motion,3,26,0.0146,0.031,0.126976
10000,compact_delta_sample_publish_motion,3,27,0.014401,0.031001,0.249856
10000,compact_delta_sample_publish_motion,3,28,0.0144,0.031,2.106368
10000,compact_delta_sample_publish_motion,3,29,0.0145,0.0309,0.239616
10000,compact_delta_sample_publish_motion,3,30,0.0145,0.030999,0.128
10000,compact_delta_sample_publish_motion,3,31,0.0143,0.0311,0.242688
10000,compact_delta_sample_publish_motion,3,32,0.0145,0.030999,0.129024
10000,compact_delta_sample_publish_motion,3,33,0.0144,0.0308,0.229376
10000,compact_delta_sample_publish_motion,3,34,0.0145,0.0308,0.126976
10000,compact_delta_sample_publish_motion,3,35,0.0143,0.031,0.253952
10000,compact_delta_sample_publish_motion,3,36,0.0143,0.031,0.115712
10000,compact_delta_sample_publish_motion,3,37,0.014299,0.032,0.229376
10000,compact_delta_sample_publish_motion,3,38,0.014501,0.030901,0.128
10000,compact_delta_sample_publish_motion,3,39,0.0145,0.030799,0.242688
10000,compact_delta_sample_publish_motion,3,40,0.0144,0.031,0.126976
10000,compact_delta_sample_publish_motion,3,41,0.014399,0.0309,0.241664
10000,compact_delta_sample_publish_motion,3,42,0.0142,0.031901,0.128
10000,compact_delta_sample_publish_motion,3,43,0.0146,0.030799,0.249856
10000,compact_delta_sample_publish_motion,3,44,0.014401,0.030801,0.126976
10000,compact_delta_sample_publish_motion,3,45,0.0145,0.0312,0.231424
10000,compact_delta_sample_publish_motion,3,46,0.0145,0.0311,0.129024
10000,compact_delta_sample_publish_motion,3,47,0.0143,0.0311,0.242688
10000,compact_delta_sample_publish_motion,3,48,0.0145,0.0307,0.113664
10000,compact_delta_sample_publish_motion,3,49,0.0142,0.030701,0.25088
10000,compact_delta_sample_publish_motion,3,50,0.0145,0.0311,0.113664
10000,compact_delta_sample_publish_motion,3,51,0.0143,0.0312,0.238592
10000,compact_delta_sample_publish_motion,3,52,0.014299,0.0316,0.128
10000,compact_delta_sample_publish_motion,3,53,0.017099,0.0306,0.22528
10000,compact_delta_sample_publish_motion,3,54,0.014601,0.0306,0.130048
10000,compact_delta_sample_publish_motion,3,55,0.014399,0.0311,0.242688
10000,compact_delta_sample_publish_motion,3,56,0.0145,0.031199,0.113664
10000,compact_delta_sample_publish_motion,3,57,0.014401,0.031,0.2304
10000,compact_delta_sample_publish_motion,3,58,0.0143,0.0307,0.126976
10000,compact_delta_sample_publish_motion,3,59,0.014301,0.030901,0.244736
10000,compact_delta_sample_publish_motion,3,60,0.014199,0.031,0.125952
10000,compact_delta_sample_publish_motion,3,61,0.0144,0.031,0.229376
10000,compact_delta_sample_publish_motion,3,62,0.014501,0.0309,0.124928
10000,compact_delta_sample_publish_motion,3,63,0.0145,0.0308,0.24576
10000,compact_delta_sample_publish_motion,3,64,0.014401,0.0308,0.114688
10000,compact_delta_sample_publish_motion,3,65,0.014201,0.031,0.228352
10000,compact_delta_sample_publish_motion,3,66,0.014501,0.031001,0.125952
10000,compact_delta_sample_publish_motion,3,67,0.014501,0.031001,0.244736
10000,compact_delta_sample_publish_motion,3,68,0.0146,0.0306,0.125952
10000,compact_delta_sample_publish_motion,3,69,0.0142,0.0307,0.229376
10000,compact_delta_sample_publish_motion,3,70,0.0145,0.0309,0.128
10000,compact_delta_sample_publish_motion,3,71,0.0142,0.031,0.242688
10000,compact_delta_sample_publish_motion,3,72,0.0146,0.031099,0.113664
10000,compact_delta_sample_publish_motion,3,73,0.0143,0.0307,0.242688
10000,compact_delta_sample_publish_motion,3,74,0.0143,0.0306,0.128
10000,compact_delta_sample_publish_motion,3,75,0.0217,0.030901,0.241664
10000,compact_delta_sample_publish_motion,3,76,0.014499,0.031,0.128
10000,compact_delta_sample_publish_motion,3,77,0.014499,0.0312,0.228352
10000,compact_delta_sample_publish_motion,3,78,0.0146,0.031699,0.129024
10000,compact_delta_sample_publish_motion,3,79,0.0145,0.030799,0.243712
10000,compact_delta_sample_publish_motion,3,80,0.0146,0.031,0.113664
10000,compact_delta_sample_publish_motion,3,81,0.014399,0.0311,0.247808
10000,compact_delta_sample_publish_motion,3,82,0.014599,0.0311,0.126976
10000,compact_delta_sample_publish_motion,3,83,0.0145,0.0307,0.241664
10000,compact_delta_sample_publish_motion,3,84,0.0144,0.0308,0.126976
10000,compact_delta_sample_publish_motion,3,85,0.014601,0.031,0.2304
10000,compact_delta_sample_publish_motion,3,86,0.0143,0.031,0.137216
10000,compact_delta_sample_publish_motion,3,87,0.0145,0.0311,0.241664
10000,compact_delta_sample_publish_motion,3,88,0.014401,0.0307,0.126976
10000,compact_delta_sample_publish_motion,3,89,0.0143,0.0307,0.2304
10000,compact_delta_sample_publish_motion,3,90,0.0145,0.0309,0.126976
10000,compact_delta_sample_publish_motion,3,91,0.014399,0.0308,0.242688
10000,compact_delta_sample_publish_motion,3,92,0.014499,0.0311,0.129024
10000,compact_delta_sample_publish_motion,3,93,0.0141,0.0307,0.228352
10000,compact_delta_sample_publish_motion,3,94,0.0144,0.0306,0.128
10000,compact_delta_sample_publish_motion,3,95,0.0144,0.0308,0.242688
10000,compact_delta_sample_publish_motion,3,96,0.0143,0.0309,0.11264
10000,compact_delta_sample_publish_motion,3,97,0.014099,0.032,0.247808
10000,compact_delta_sample_publish_motion,3,98,0.014199,0.031,0.128
10000,compact_delta_sample_publish_motion,3,99,0.014299,0.031,0.243712
10000,compact_delta_sample_publish_motion,3,100,0.014201,0.031,0.123904
10000,compact_delta_sample_publish_motion,3,101,0.0145,0.0311,0.237568
10000,compact_delta_sample_publish_motion,3,102,0.014299,0.0311,0.132096
10000,compact_delta_sample_publish_motion,3,103,0.0142,0.031,0.233472
10000,compact_delta_sample_publish_motion,3,104,0.014199,0.0309,0.128
10000,compact_delta_sample_publish_motion,3,105,0.014401,0.0311,0.241664
10000,compact_delta_sample_publish_motion,3,106,0.0144,0.0312,0.126976
10000,compact_delta_sample_publish_motion,3,107,0.014499,0.0314,0.234496
10000,compact_delta_sample_publish_motion,3,108,0.014199,0.0313,0.123904
10000,compact_delta_sample_publish_motion,3,109,0.0143,0.031299,0.2304
10000,compact_delta_sample_publish_motion,3,110,0.0146,0.031,0.126976
10000,compact_delta_sample_publish_motion,3,111,0.0143,0.0312,0.241664
10000,compact_delta_sample_publish_motion,3,112,0.0144,0.0313,0.128
10000,compact_delta_sample_publish_motion,3,113,0.0148,0.031199,0.2304
10000,compact_delta_sample_publish_motion,3,114,0.0145,0.0312,0.141312
10000,compact_delta_sample_publish_motion,3,115,0.0143,0.031,0.241664
10000,compact_delta_sample_publish_motion,3,116,0.0142,0.031,0.121856
10000,compact_delta_sample_publish_motion,3,117,0.014201,0.031501,0.229376
10000,compact_delta_sample_publish_motion,3,118,0.0154,0.0311,0.118784
10000,compact_delta_sample_publish_motion,3,119,0.0149,0.0311,0.244736
65536,sample_publish_motion,1,0,0.0947,0.0031,0.212992
65536,sample_publish_motion,1,1,0.0915,0.002801,0.217088
65536,sample_publish_motion,1,2,0.0956,0.0024,0.218112
65536,sample_publish_motion,1,3,0.0921,0.0025,0.203776
65536,sample_publish_motion,1,4,0.1032,0.005401,0.218112
65536,sample_publish_motion,1,5,0.0926,0.002201,0.201728
65536,sample_publish_motion,1,6,0.0921,0.002499,0.216064
65536,sample_publish_motion,1,7,0.0933,0.002099,0.205824
65536,sample_publish_motion,1,8,0.0933,0.002299,0.206848
65536,sample_publish_motion,1,9,0.0917,0.002199,0.22528
65536,sample_publish_motion,1,10,0.0922,0.002301,0.2048
65536,sample_publish_motion,1,11,0.0927,0.002301,0.20992
65536,sample_publish_motion,1,12,0.096499,0.0022,0.212992
65536,sample_publish_motion,1,13,0.092301,0.002499,0.207872
65536,sample_publish_motion,1,14,0.0941,0.0022,0.210944
65536,sample_publish_motion,1,15,0.0915,0.0022,0.216064
65536,sample_publish_motion,1,16,0.0915,0.002401,0.217088
65536,sample_publish_motion,1,17,0.0929,0.0023,0.212992
65536,sample_publish_motion,1,18,0.0919,0.0022,0.219136
65536,sample_publish_motion,1,19,0.0959,0.0023,0.217088
65536,sample_publish_motion,1,20,0.0918,0.0025,0.201728
65536,sample_publish_motion,1,21,0.0916,0.0026,0.214016
65536,sample_publish_motion,1,22,0.0924,0.0022,0.216064
65536,sample_publish_motion,1,23,0.0913,0.0023,0.218112
65536,sample_publish_motion,1,24,0.0921,0.0024,0.219136
65536,sample_publish_motion,1,25,0.0912,0.0022,0.21504
65536,sample_publish_motion,1,26,0.090699,0.002399,0.217088
65536,sample_publish_motion,1,27,0.092601,0.002299,0.205824
65536,sample_publish_motion,1,28,0.091299,0.0023,0.2048
65536,sample_publish_motion,1,29,0.0917,0.0025,0.206848
65536,sample_publish_motion,1,30,0.0969,0.0023,0.211968
65536,sample_publish_motion,1,31,0.0918,0.002499,0.207872
65536,sample_publish_motion,1,32,0.092501,0.0023,0.206848
65536,sample_publish_motion,1,33,0.0917,0.002301,0.221184
65536,sample_publish_motion,1,34,0.0915,0.002499,0.202752
65536,sample_publish_motion,1,35,0.0916,0.002199,0.207872
65536,sample_publish_motion,1,36,0.091199,0.0023,0.214016
65536,sample_publish_motion,1,37,0.092599,0.002301,0.2048
65536,sample_publish_motion,1,38,0.0907,0.0025,0.212992
65536,sample_publish_motion,1,39,0.092,0.002201,0.207872
65536,sample_publish_motion,1,40,0.0909,0.0023,0.20992
65536,sample_publish_motion,1,41,0.0915,0.0026,0.206848
65536,sample_publish_motion,1,42,0.092099,0.002301,0.232448
65536,sample_publish_motion,1,43,0.0926,0.002201,0.20992
65536,sample_publish_motion,1,44,0.0913,0.0023,0.223232
65536,sample_publish_motion,1,45,0.0908,0.0024,0.205824
65536,sample_publish_motion,1,46,0.094101,0.002199,0.221184
65536,sample_publish_motion,1,47,0.098699,0.0023,0.219136
65536,sample_publish_motion,1,48,0.093499,0.0027,0.207872
65536,sample_publish_motion,1,49,0.0923,0.0023,0.20992
65536,sample_publish_motion,1,50,0.0913,0.0023,0.212992
65536,sample_publish_motion,1,51,0.0919,0.002301,0.208896
65536,sample_publish_motion,1,52,0.0913,0.002501,0.2048
65536,sample_publish_motion,1,53,0.0918,0.002299,0.207872
65536,sample_publish_motion,1,54,0.090701,0.002401,0.223232
65536,sample_publish_motion,1,55,0.0923,0.0024,0.210944
65536,sample_publish_motion,1,56,0.0925,0.0025,0.218112
65536,sample_publish_motion,1,57,0.092899,0.0023,0.218112
65536,sample_publish_motion,1,58,0.092,0.002299,0.212992
65536,sample_publish_motion,1,59,0.0911,0.0023,0.212992
65536,sample_publish_motion,1,60,0.096201,0.0024,0.203776
65536,sample_publish_motion,1,61,0.0916,0.0023,0.20992
65536,sample_publish_motion,1,62,0.090999,0.0024,0.205824
65536,sample_publish_motion,1,63,0.092101,0.002199,0.203776
65536,sample_publish_motion,1,64,0.091501,0.002501,0.202752
65536,sample_publish_motion,1,65,0.0912,0.002401,0.232448
65536,sample_publish_motion,1,66,0.0904,0.0024,0.205824
65536,sample_publish_motion,1,67,0.0919,0.002199,0.207872
65536,sample_publish_motion,1,68,0.090799,0.0023,0.208896
65536,sample_publish_motion,1,69,0.0923,0.0024,0.205824
65536,sample_publish_motion,1,70,0.095101,0.0021,0.2048
65536,sample_publish_motion,1,71,0.0896,0.0022,0.20992
65536,sample_publish_motion,1,72,0.0969,0.002199,0.22016
65536,sample_publish_motion,1,73,0.096299,0.0024,0.206848
65536,sample_publish_motion,1,74,0.091999,0.0023,0.203776
65536,sample_publish_motion,1,75,0.0917,0.0022,0.2048
65536,sample_publish_motion,1,76,0.090901,0.0025,0.206848
65536,sample_publish_motion,1,77,0.091099,0.002201,0.208896
65536,sample_publish_motion,1,78,0.091001,0.002199,0.212992
65536,sample_publish_motion,1,79,0.0952,0.0022,0.205824
65536,sample_publish_motion,1,80,0.091,0.002499,0.202752
65536,sample_publish_motion,1,81,0.0911,0.002699,0.221184
65536,sample_publish_motion,1,82,0.093199,0.0022,0.206848
65536,sample_publish_motion,1,83,0.090801,0.002501,0.206848
65536,sample_publish_motion,1,84,0.092,0.0022,0.206848
65536,sample_publish_motion,1,85,0.1339,0.0023,0.2048
65536,sample_publish_motion,1,86,0.0908,0.002201,0.20992
65536,sample_publish_motion,1,87,0.0909,0.002601,0.206848
65536,sample_publish_motion,1,88,0.0921,0.0022,0.205824
65536,sample_publish_motion,1,89,0.092,0.002301,0.216064
65536,sample_publish_motion,1,90,0.0906,0.002499,0.202752
65536,sample_publish_motion,1,91,0.0916,0.002101,0.206848
65536,sample_publish_motion,1,92,0.137401,0.0022,0.206848
65536,sample_publish_motion,1,93,0.0904,0.0022,0.210944
65536,sample_publish_motion,1,94,0.090699,0.0024,0.202752
65536,sample_publish_motion,1,95,0.090999,0.002399,0.217088
65536,sample_publish_motion,1,96,0.0912,0.002199,0.207872
65536,sample_publish_motion,1,97,0.090999,0.0021,0.208896
65536,sample_publish_motion,1,98,0.0904,0.0023,0.2048
65536,sample_publish_motion,1,99,0.136899,0.002299,0.2048
65536,sample_publish_motion,1,100,0.0904,0.002199,0.206848
65536,sample_publish_motion,1,101,0.090699,0.002501,0.214016
65536,sample_publish_motion,1,102,0.091699,0.002099,0.20992
65536,sample_publish_motion,1,103,0.0951,0.002199,0.205824
65536,sample_publish_motion,1,104,0.0915,0.0024,0.2048
65536,sample_publish_motion,1,105,0.0916,0.002199,0.205824
65536,sample_publish_motion,1,106,0.0902,0.0023,0.210944
65536,sample_publish_motion,1,107,0.0905,0.0022,0.206848
65536,sample_publish_motion,1,108,0.090701,0.002499,0.207872
65536,sample_publish_motion,1,109,0.0914,0.0021,0.206848
65536,sample_publish_motion,1,110,0.090801,0.0022,0.206848
65536,sample_publish_motion,1,111,0.090399,0.002499,0.214016
65536,sample_publish_motion,1,112,0.0913,0.0022,0.206848
65536,sample_publish_motion,1,113,0.090899,0.0021,0.207872
65536,sample_publish_motion,1,114,0.0952,0.0023,0.208896
65536,sample_publish_motion,1,115,0.091099,0.002501,0.2048
65536,sample_publish_motion,1,116,0.0917,0.0022,0.20992
65536,sample_publish_motion,1,117,0.090699,0.0023,0.20992
65536,sample_publish_motion,1,118,0.091199,0.0024,0.208896
65536,sample_publish_motion,1,119,0.0919,0.002199,0.2048
65536,sample_publish_motion,2,0,0.0961,0.0034,0.224256
65536,sample_publish_motion,2,1,0.0961,0.0029,0.21504
65536,sample_publish_motion,2,2,0.0958,0.0028,0.21504
65536,sample_publish_motion,2,3,0.1015,0.002501,0.222208
65536,sample_publish_motion,2,4,0.0944,0.0026,0.2304
65536,sample_publish_motion,2,5,0.0942,0.002499,0.221184
65536,sample_publish_motion,2,6,0.094701,0.0026,0.223232
65536,sample_publish_motion,2,7,0.094899,0.003299,0.234496
65536,sample_publish_motion,2,8,0.140401,0.0033,0.228352
65536,sample_publish_motion,2,9,0.141,0.0028,0.212992
65536,sample_publish_motion,2,10,0.0936,0.002301,0.24064
65536,sample_publish_motion,2,11,0.096899,0.002299,0.219136
65536,sample_publish_motion,2,12,0.0934,0.0032,0.24064
65536,sample_publish_motion,2,13,0.1406,0.0025,0.211968
65536,sample_publish_motion,2,14,0.0923,0.002399,0.22016
65536,sample_publish_motion,2,15,0.0926,0.0022,0.224256
65536,sample_publish_motion,2,16,0.095,0.0024,0.218112
65536,sample_publish_motion,2,17,0.092199,0.0022,0.22016
65536,sample_publish_motion,2,18,0.095901,0.002199,0.21504
65536,sample_publish_motion,2,19,0.0919,0.0022,0.224256
65536,sample_publish_motion,2,20,0.0908,0.0022,0.222208
65536,sample_publish_motion,2,21,0.0912,0.002201,0.219136
65536,sample_publish_motion,2,22,0.0911,0.0022,0.227328
65536,sample_publish_motion,2,23,0.091101,0.0034,0.228352
65536,sample_publish_motion,2,24,0.135501,0.0024,0.214016
65536,sample_publish_motion,2,25,0.0914,0.003101,0.224256
65536,sample_publish_motion,2,26,0.1372,0.002201,0.224256
65536,sample_publish_motion,2,27,0.0913,0.0025,0.214016
65536,sample_publish_motion,2,28,0.0909,0.0024,0.216064
65536,sample_publish_motion,2,29,0.0911,0.002099,0.232448
65536,sample_publish_motion,2,30,0.136299,0.0026,0.20992
65536,sample_publish_motion,2,31,0.0907,0.0022,0.218112
65536,sample_publish_motion,2,32,0.0908,0.003001,0.222208
65536,sample_publish_motion,2,33,0.137801,0.0031,0.224256
65536,sample_publish_motion,2,34,0.1365,0.002499,0.211968
65536,sample_publish_motion,2,35,0.091199,0.003099,0.221184
65536,sample_publish_motion,2,36,0.135099,0.002399,0.222208
65536,sample_publish_motion,2,37,0.0913,0.002301,0.218112
65536,sample_publish_motion,2,38,0.095099,0.002099,0.231424
65536,sample_publish_motion,2,39,0.090199,0.0022,0.229376
65536,sample_publish_motion,2,40,0.0902,0.0031,0.227328
65536,sample_publish_motion,2,41,0.1374,0.002399,0.223232
65536,sample_publish_motion,2,42,0.0909,0.0022,0.231424
65536,sample_publish_motion,2,43,0.0896,0.002199,0.223232
65536,sample_publish_motion,2,44,0.090499,0.0024,0.210944
65536,sample_publish_motion,2,45,0.0903,0.0022,0.216064
65536,sample_publish_motion,2,46,0.09,0.002201,0.227328
65536,sample_publish_motion,2,47,0.089901,0.003199,0.3072
65536,sample_publish_motion,2,48,0.136,0.002601,0.20992
65536,sample_publish_motion,2,49,0.0905,0.0022,0.229376
65536,sample_publish_motion,2,50,0.136301,0.0022,0.227328
65536,sample_publish_motion,2,51,0.0943,0.0024,0.221184
65536,sample_publish_motion,2,52,0.0901,0.002299,0.238592
65536,sample_publish_motion,2,53,0.1357,0.0022,0.239616
65536,sample_publish_motion,2,54,0.1356,0.002301,0.224256
65536,sample_publish_motion,2,55,0.090301,0.0033,0.218112
65536,sample_publish_motion,2,56,0.136,0.003201,0.223232
65536,sample_publish_motion,2,57,0.136599,0.0024,0.226304
65536,sample_publish_motion,2,58,0.089999,0.0024,0.212992
65536,sample_publish_motion,2,59,0.0907,0.0024,0.223232
65536,sample_publish_motion,2,60,0.0905,0.003101,0.2304
65536,sample_publish_motion,2,61,0.136499,0.002401,0.221184
65536,sample_publish_motion,2,62,0.090799,0.002499,0.212992
65536,sample_publish_motion,2,63,0.0912,0.002201,0.228352
65536,sample_publish_motion,2,64,0.090401,0.003099,0.231424
65536,sample_publish_motion,2,65,0.1378,0.0024,0.223232
65536,sample_publish_motion,2,66,0.0945,0.0022,0.219136
65536,sample_publish_motion,2,67,0.0901,0.002299,0.236544
65536,sample_publish_motion,2,68,0.090701,0.0032,0.22528
65536,sample_publish_motion,2,69,0.1358,0.002501,0.212992
65536,sample_publish_motion,2,70,0.090301,0.002099,0.216064
65536,sample_publish_motion,2,71,0.0893,0.002201,0.22528
65536,sample_publish_motion,2,72,0.092,0.002401,0.227328
65536,sample_publish_motion,2,73,0.0909,0.002099,0.226304
65536,sample_publish_motion,2,74,0.094601,0.002201,0.22528
65536,sample_publish_motion,2,75,0.095,0.0022,0.22528
65536,sample_publish_motion,2,76,0.0907,0.0024,0.217088
65536,sample_publish_motion,2,77,0.1353,0.0024,0.2304
65536,sample_publish_motion,2,78,0.136799,0.002199,0.226304
65536,sample_publish_motion,2,79,0.091,0.0024,0.210944
65536,sample_publish_motion,2,80,0.090599,0.0026,0.236544
65536,sample_publish_motion,2,81,0.090801,0.0025,0.233472
65536,sample_publish_motion,2,82,0.096401,0.0032,0.244736
65536,sample_publish_motion,2,83,0.1379,0.0024,0.219136
65536,sample_publish_motion,2,84,0.0944,0.002201,0.22528
65536,sample_publish_motion,2,85,0.0925,0.0022,0.227328
65536,sample_publish_motion,2,86,0.0946,0.002499,0.222208
65536,sample_publish_motion,2,87,0.0912,0.003099,0.218112
65536,sample_publish_motion,2,88,0.136299,0.0032,0.232448
65536,sample_publish_motion,2,89,0.135901,0.003099,0.228352
65536,sample_publish_motion,2,90,0.1359,0.002399,0.207872
65536,sample_publish_motion,2,91,0.090399,0.002299,0.2304
65536,sample_publish_motion,2,92,0.090199,0.002401,0.23552
65536,sample_publish_motion,2,93,0.094601,0.0033,0.227328
65536,sample_publish_motion,2,94,0.1361,0.003101,0.223232
65536,sample_publish_motion,2,95,0.135401,0.002199,0.22528
65536,sample_publish_motion,2,96,0.090401,0.003201,0.22528
65536,sample_publish_motion,2,97,0.1361,0.002499,0.211968
65536,sample_publish_motion,2,98,0.090601,0.0023,0.226304
65536,sample_publish_motion,2,99,0.0906,0.002701,0.22016
65536,sample_publish_motion,2,100,0.090901,0.0026,0.208896
65536,sample_publish_motion,2,101,0.0912,0.0031,0.22528
65536,sample_publish_motion,2,102,0.135801,0.0031,0.2304
65536,sample_publish_motion,2,103,0.135501,0.0021,0.228352
65536,sample_publish_motion,2,104,0.0907,0.002401,0.219136
65536,sample_publish_motion,2,105,0.138801,0.0031,0.223232
65536,sample_publish_motion,2,106,0.1381,0.003101,0.227328
65536,sample_publish_motion,2,107,0.136001,0.002401,2.120704
65536,sample_publish_motion,2,108,0.0947,0.002201,0.2304
65536,sample_publish_motion,2,109,0.0901,0.0022,0.228352
65536,sample_publish_motion,2,110,0.0896,0.0025,0.222208
65536,sample_publish_motion,2,111,0.0902,0.002399,0.214016
65536,sample_publish_motion,2,112,0.090199,0.0024,0.229376
65536,sample_publish_motion,2,113,0.0906,0.0023,0.22016
65536,sample_publish_motion,2,114,0.090401,0.003299,0.22016
65536,sample_publish_motion,2,115,0.1349,0.003101,0.229376
65536,sample_publish_motion,2,116,0.1344,0.003101,0.231424
65536,sample_publish_motion,2,117,0.135701,0.0077,0.234496
65536,sample_publish_motion,2,118,0.135601,0.002499,0.20992
65536,sample_publish_motion,2,119,0.0913,0.002199,0.218112
65536,sample_publish_motion,3,0,0.1035,0.012501,0.226304
65536,sample_publish_motion,3,1,0.106399,0.002801,0.229376
65536,sample_publish_motion,3,2,0.115499,0.0025,0.229376
65536,sample_publish_motion,3,3,0.102599,0.0029,0.217088
65536,sample_publish_motion,3,4,0.101799,0.0025,0.217088
65536,sample_publish_motion,3,5,0.1028,0.002701,0.226304
65536,sample_publish_motion,3,6,0.102001,0.0031,0.20992
65536,sample_publish_motion,3,7,0.1051,0.002499,0.226304
65536,sample_publish_motion,3,8,0.099,0.0034,0.237568
65536,sample_publish_motion,3,9,0.146201,0.0024,0.223232
65536,sample_publish_motion,3,10,0.098101,0.0026,0.212992
65536,sample_publish_motion,3,11,0.1041,0.002501,0.221184
65536,sample_publish_motion,3,12,0.105,0.0034,0.239616
65536,sample_publish_motion,3,13,0.146,0.0026,0.212992
65536,sample_publish_motion,3,14,0.096699,0.0024,0.214016
65536,sample_publish_motion,3,15,0.096999,0.0024,0.228352
65536,sample_publish_motion,3,16,0.097401,0.002499,0.221184
65536,sample_publish_motion,3,17,0.0969,0.002599,0.214016
65536,sample_publish_motion,3,18,0.097801,0.0033,0.22528
65536,sample_publish_motion,3,19,0.143201,0.0034,0.2304
65536,sample_publish_motion,3,20,0.143399,0.0033,0.223232
65536,sample_publish_motion,3,21,0.150101,0.002501,0.231424
65536,sample_publish_motion,3,22,0.0995,0.003301,0.232448
65536,sample_publish_motion,3,23,0.1415,0.002301,0.223232
65536,sample_publish_motion,3,24,0.095001,0.002699,0.212992
65536,sample_publish_motion,3,25,0.0947,0.0025,0.223232
65536,sample_publish_motion,3,26,0.0946,0.0032,0.228352
65536,sample_publish_motion,3,27,0.858799,0.0025,0.217088
65536,sample_publish_motion,3,28,0.76,0.0023,0.219136
65536,sample_publish_motion,3,29,0.1689,0.0022,0.2304
65536,sample_publish_motion,3,30,0.1646,0.0021,0.223232
65536,sample_publish_motion,3,31,0.115399,0.002499,0.20992
65536,sample_publish_motion,3,32,0.0933,0.003201,0.222208
65536,sample_publish_motion,3,33,0.1402,0.0025,0.218112
65536,sample_publish_motion,3,34,0.139101,0.0024,0.22016
65536,sample_publish_motion,3,35,0.0926,0.0032,0.221184
65536,sample_publish_motion,3,36,0.1366,0.0025,0.226304
65536,sample_publish_motion,3,37,0.092799,0.0032,0.222208
65536,sample_publish_motion,3,38,0.1382,0.002501,0.217088
65536,sample_publish_motion,3,39,0.0918,0.002301,0.217088
65536,sample_publish_motion,3,40,0.0912,0.0023,0.21504
65536,sample_publish_motion,3,41,0.092701,0.0025,0.210944
65536,sample_publish_motion,3,42,0.0923,0.002201,0.219136
65536,sample_publish_motion,3,43,0.092099,0.0033,0.233472
65536,sample_publish_motion,3,44,0.135899,0.0024,0.208896
65536,sample_publish_motion,3,45,0.092999,0.0032,0.216064
65536,sample_publish_motion,3,46,0.1369,0.0035,0.237568
65536,sample_publish_motion,3,47,0.1376,0.002299,0.22528
65536,sample_publish_motion,3,48,0.0916,0.0025,0.210944
65536,sample_publish_motion,3,49,0.0923,0.0031,0.223232
65536,sample_publish_motion,3,50,0.1372,0.0031,0.228352
65536,sample_publish_motion,3,51,0.1392,0.002401,0.226304
65536,sample_publish_motion,3,52,0.0925,0.002501,0.212992
65536,sample_publish_motion,3,53,0.0915,0.002301,0.221184
65536,sample_publish_motion,3,54,0.092301,0.003,0.228352
65536,sample_publish_motion,3,55,0.138501,0.002499,0.20992
65536,sample_publish_motion,3,56,0.0917,0.0022,0.216064
65536,sample_publish_motion,3,57,0.090299,0.0022,0.219136
65536,sample_publish_motion,3,58,0.1021,0.0032,0.229376
65536,sample_publish_motion,3,59,0.138301,0.006801,0.219136
65536,sample_publish_motion,3,60,0.092399,0.0022,0.221184
65536,sample_publish_motion,3,61,0.090701,0.003101,0.219136
65536,sample_publish_motion,3,62,0.140001,0.002499,0.21504
65536,sample_publish_motion,3,63,0.093301,0.0022,0.226304
65536,sample_publish_motion,3,64,0.092199,0.0025,0.226304
65536,sample_publish_motion,3,65,0.0903,0.0031,0.224256
65536,sample_publish_motion,3,66,0.137,0.002501,0.208896
65536,sample_publish_motion,3,67,0.0919,0.0023,0.222208
65536,sample_publish_motion,3,68,0.0914,0.0022,0.22528
65536,sample_publish_motion,3,69,0.0919,0.002399,0.20992
65536,sample_publish_motion,3,70,0.096599,0.0027,0.211968
65536,sample_publish_motion,3,71,0.1381,0.0024,0.237568
65536,sample_publish_motion,3,72,0.0987,0.002399,0.244736
65536,sample_publish_motion,3,73,0.091799,0.002499,0.21504
65536,sample_publish_motion,3,74,0.092599,0.0023,0.227328
65536,sample_publish_motion,3,75,0.092,0.0022,0.217088
65536,sample_publish_motion,3,76,0.092,0.002499,0.214016
65536,sample_publish_motion,3,77,0.092399,0.0022,0.246784
65536,sample_publish_motion,3,78,0.1377,0.0022,0.227328
65536,sample_publish_motion,3,79,0.137901,0.002201,0.226304
65536,sample_publish_motion,3,80,0.0918,0.0027,0.219136
65536,sample_publish_motion,3,81,0.0918,0.002199,0.221184
65536,sample_publish_motion,3,82,0.1377,0.0022,0.241664
65536,sample_publish_motion,3,83,0.0938,0.002499,0.211968
65536,sample_publish_motion,3,84,0.0916,0.002399,0.226304
65536,sample_publish_motion,3,85,0.0919,0.0031,0.228352
65536,sample_publish_motion,3,86,0.138099,0.0022,0.221184
65536,sample_publish_motion,3,87,0.092099,0.002399,0.212992
65536,sample_publish_motion,3,88,0.091399,0.0026,0.222208
65536,sample_publish_motion,3,89,0.092,0.0034,0.234496
65536,sample_publish_motion,3,90,0.136801,0.0024,0.219136
65536,sample_publish_motion,3,91,0.0914,0.002201,0.217088
65536,sample_publish_motion,3,92,0.0904,0.0022,0.224256
65536,sample_publish_motion,3,93,0.091101,0.0024,0.229376
65536,sample_publish_motion,3,94,0.0912,0.002601,0.21504
65536,sample_publish_motion,3,95,0.0999,0.0036,0.224256
65536,sample_publish_motion,3,96,0.144001,0.002199,0.22528
65536,sample_publish_motion,3,97,0.0955,0.0026,0.22016
65536,sample_publish_motion,3,98,0.0942,0.003101,0.224256
65536,sample_publish_motion,3,99,0.1368,0.0032,0.238592
65536,sample_publish_motion,3,100,0.1379,0.0031,0.22528
65536,sample_publish_motion,3,101,0.137801,0.002501,0.208896
65536,sample_publish_motion,3,102,0.092301,0.003199,0.217088
65536,sample_publish_motion,3,103,0.137,0.002301,0.236544
65536,sample_publish_motion,3,104,0.136401,0.0026,0.211968
65536,sample_publish_motion,3,105,0.0935,0.002201,0.233472
65536,sample_publish_motion,3,106,0.092,0.002201,0.227328
65536,sample_publish_motion,3,107,0.091699,0.0022,0.224256
65536,sample_publish_motion,3,108,0.091999,0.0035,0.22016
65536,sample_publish_motion,3,109,0.1375,0.0031,0.217088
65536,sample_publish_motion,3,110,0.1369,0.002199,0.221184
65536,sample_publish_motion,3,111,0.0912,0.0024,0.207872
65536,sample_publish_motion,3,112,0.0921,0.0022,0.22016
65536,sample_publish_motion,3,113,0.0913,0.0022,0.22528
65536,sample_publish_motion,3,114,0.092099,0.0022,0.22528
65536,sample_publish_motion,3,115,0.0917,0.002699,0.216064
65536,sample_publish_motion,3,116,0.1365,0.0031,0.214016
65536,sample_publish_motion,3,117,0.136301,0.0033,0.229376
65536,sample_publish_motion,3,118,0.136699,0.0024,0.210944
65536,sample_publish_motion,3,119,0.0916,0.0022,0.218112
65536,delta_sample_publish_motion,1,0,0.104,0.9533,1.497088
65536,delta_sample_publish_motion,1,1,0.1152,0.9427,1.50016
65536,delta_sample_publish_motion,1,2,0.1035,0.955801,1.678336
65536,delta_sample_publish_motion,1,3,0.103,0.959999,1.50528
65536,delta_sample_publish_motion,1,4,0.1039,0.9563,1.503232
65536,delta_sample_publish_motion,1,5,0.1035,0.967,1.626112
65536,delta_sample_publish_motion,1,6,0.1034,0.9487,1.783808
65536,delta_sample_publish_motion,1,7,0.1044,0.9587,1.506304
65536,delta_sample_publish_motion,1,8,0.103999,0.962299,1.504256
65536,delta_sample_publish_motion,1,9,0.1118,0.951101,1.70496
65536,delta_sample_publish_motion,1,10,0.1045,0.948299,1.504256
65536,delta_sample_publish_motion,1,11,0.105999,0.9974,1.5104
65536,delta_sample_publish_motion,1,12,0.104101,0.9562,1.665024
65536,delta_sample_publish_motion,1,13,0.103699,0.950999,1.795072
65536,delta_sample_publish_motion,1,14,0.106199,0.946,1.509376
65536,delta_sample_publish_motion,1,15,0.1111,0.953899,1.50528
65536,delta_sample_publish_motion,1,16,0.1054,0.942199,1.644544
65536,delta_sample_publish_motion,1,17,0.104999,0.954499,1.50528
65536,delta_sample_publish_motion,1,18,0.1035,0.953,1.5104
65536,delta_sample_publish_motion,1,19,0.1034,0.973299,1.59232
65536,delta_sample_publish_motion,1,20,0.106101,0.931801,1.78176
65536,delta_sample_publish_motion,1,21,0.107,0.9567,1.50016
65536,delta_sample_publish_motion,1,22,0.104401,0.9362,1.507328
65536,delta_sample_publish_motion,1,23,0.109899,0.946,1.682432
65536,delta_sample_publish_motion,1,24,0.118,0.9502,1.502208
65536,delta_sample_publish_motion,1,25,0.1035,0.9399,1.503232
65536,delta_sample_publish_motion,1,26,0.103699,0.9553,1.599488
65536,delta_sample_publish_motion,1,27,0.1072,0.9477,1.780736
65536,delta_sample_publish_motion,1,28,0.125499,0.969499,1.5104
65536,delta_sample_publish_motion,1,29,0.1035,0.895301,1.50528
65536,delta_sample_publish_motion,1,30,0.1041,0.9478,1.660928
65536,delta_sample_publish_motion,1,31,0.1049,0.9348,1.503232
65536,delta_sample_publish_motion,1,32,0.1041,0.939801,1.503232
65536,delta_sample_publish_motion,1,33,0.1047,0.9162,1.655808
65536,delta_sample_publish_motion,1,34,0.105299,0.9108,1.794048
65536,delta_sample_publish_motion,1,35,0.107199,0.9342,1.504256
65536,delta_sample_publish_motion,1,36,0.104201,0.9292,1.527808
65536,delta_sample_publish_motion,1,37,0.104399,0.896499,1.642496
65536,delta_sample_publish_motion,1,38,0.104299,0.8959,1.512448
65536,delta_sample_publish_motion,1,39,0.105401,0.9086,1.522688
65536,delta_sample_publish_motion,1,40,0.105601,0.8946,1.555456
65536,delta_sample_publish_motion,1,41,0.110401,0.8643,1.790976
65536,delta_sample_publish_motion,1,42,0.1039,0.849,1.509376
65536,delta_sample_publish_motion,1,43,0.1033,0.7864,1.502208
65536,delta_sample_publish_motion,1,44,0.1018,0.7868,1.631232
65536,delta_sample_publish_motion,1,45,0.101001,0.7698,1.490944
65536,delta_sample_publish_motion,1,46,0.1009,1.012401,1.497088
65536,delta_sample_publish_motion,1,47,0.099901,0.7652,1.538048
65536,delta_sample_publish_motion,1,48,0.0996,0.7184,1.757184
65536,delta_sample_publish_motion,1,49,0.099101,0.744,1.504256
65536,delta_sample_publish_motion,1,50,0.0992,0.992899,1.498112
65536,delta_sample_publish_motion,1,51,0.099,0.746701,1.60768
65536,delta_sample_publish_motion,1,52,0.098201,0.714001,1.498112
65536,delta_sample_publish_motion,1,53,0.097499,0.8024,1.488896
65536,delta_sample_publish_motion,1,54,0.0977,0.910801,1.53088
65536,delta_sample_publish_motion,1,55,0.097201,0.7353,1.764352
65536,delta_sample_publish_motion,1,56,0.0969,0.7113,1.499136
65536,delta_sample_publish_motion,1,57,0.097199,0.8351,1.504256
65536,delta_sample_publish_motion,1,58,0.0958,0.918601,1.603584
65536,delta_sample_publish_motion,1,59,0.096199,0.7129,1.503232
65536,delta_sample_publish_motion,1,60,0.0996,0.7299,1.50528
65536,delta_sample_publish_motion,1,61,0.0956,0.872899,1.534976
65536,delta_sample_publish_motion,1,62,0.095401,0.8723,1.764352
65536,delta_sample_publish_motion,1,63,0.0998,0.746499,1.49504
65536,delta_sample_publish_motion,1,64,0.095,0.8063,1.499136
65536,delta_sample_publish_motion,1,65,0.0958,0.8738,1.60768
65536,delta_sample_publish_motion,1,66,0.095099,0.8669,1.498112
65536,delta_sample_publish_motion,1,67,0.093901,0.753901,1.496064
65536,delta_sample_publish_motion,1,68,0.104901,0.826599,1.55136
65536,delta_sample_publish_motion,1,69,0.0941,0.906899,1.765376
65536,delta_sample_publish_motion,1,70,0.093899,0.8197,1.498112
65536,delta_sample_publish_motion,1,71,0.093401,0.7715,1.486848
65536,delta_sample_publish_motion,1,72,0.0932,0.8598,1.611776
65536,delta_sample_publish_motion,1,73,0.0923,0.849599,1.50016
65536,delta_sample_publish_motion,1,74,0.0927,0.832401,1.509376
65536,delta_sample_publish_motion,1,75,0.094799,0.8115,1.545216
65536,delta_sample_publish_motion,1,76,0.095101,0.983901,1.760256
65536,delta_sample_publish_motion,1,77,0.0934,0.881299,1.501184
65536,delta_sample_publish_motion,1,78,0.0927,0.812,1.499136
65536,delta_sample_publish_motion,1,79,0.0926,0.7929,1.606656
65536,delta_sample_publish_motion,1,80,0.0927,0.8863,1.504256
65536,delta_sample_publish_motion,1,81,0.0942,0.8957,1.498112
65536,delta_sample_publish_motion,1,82,0.0917,0.7912,1.537024
65536,delta_sample_publish_motion,1,83,0.0917,0.82,1.77664
65536,delta_sample_publish_motion,1,84,0.0918,0.8987,1.498112
65536,delta_sample_publish_motion,1,85,0.0916,0.868299,1.497088
65536,delta_sample_publish_motion,1,86,0.0917,0.8056,1.6128
65536,delta_sample_publish_motion,1,87,0.0916,0.8169,1.501184
65536,delta_sample_publish_motion,1,88,0.0915,0.9005,1.496064
65536,delta_sample_publish_motion,1,89,0.0915,0.8775,1.548288
65536,delta_sample_publish_motion,1,90,0.091301,0.7792,1.765376
65536,delta_sample_publish_motion,1,91,0.0915,0.8253,1.48992
65536,delta_sample_publish_motion,1,92,0.0913,0.9785,1.504256
65536,delta_sample_publish_motion,1,93,0.0914,0.835299,1.60768
65536,delta_sample_publish_motion,1,94,0.0926,0.7837,1.506304
65536,delta_sample_publish_motion,1,95,0.0915,0.888,1.49504
65536,delta_sample_publish_motion,1,96,0.090999,0.8868,1.540096
65536,delta_sample_publish_motion,1,97,0.0916,0.862901,1.76128
65536,delta_sample_publish_motion,1,98,0.091299,0.8298,1.498112
65536,delta_sample_publish_motion,1,99,0.091,0.889601,1.498112
65536,delta_sample_publish_motion,1,100,0.0911,0.8915,1.598464
65536,delta_sample_publish_motion,1,101,0.090801,0.856901,1.501184
65536,delta_sample_publish_motion,1,102,0.0952,0.8353,1.494016
65536,delta_sample_publish_motion,1,103,0.090901,0.881601,1.528832
65536,delta_sample_publish_motion,1,104,0.0918,0.8993,1.759232
65536,delta_sample_publish_motion,1,105,0.0913,0.8507,1.499136
65536,delta_sample_publish_motion,1,106,0.0911,0.8434,1.499136
65536,delta_sample_publish_motion,1,107,0.091,0.8781,1.608704
65536,delta_sample_publish_motion,1,108,0.091001,0.9009,1.492992
65536,delta_sample_publish_motion,1,109,0.091001,0.814601,1.497088
65536,delta_sample_publish_motion,1,110,0.090999,0.8542,1.542144
65536,delta_sample_publish_motion,1,111,0.0918,0.8532,1.747968
65536,delta_sample_publish_motion,1,112,0.0913,0.880499,1.499136
65536,delta_sample_publish_motion,1,113,0.090801,0.851101,1.49504
65536,delta_sample_publish_motion,1,114,0.091199,0.8619,1.609728
65536,delta_sample_publish_motion,1,115,0.090999,0.828699,1.516544
65536,delta_sample_publish_motion,1,116,0.090699,0.8853,1.50016
65536,delta_sample_publish_motion,1,117,0.0909,0.8778,1.529856
65536,delta_sample_publish_motion,1,118,0.0913,0.8646,1.974272
65536,delta_sample_publish_motion,1,119,0.0957,0.849699,1.501184
65536,delta_sample_publish_motion,2,0,0.626301,1.1618,1.53088
65536,delta_sample_publish_motion,2,1,0.4781,1.112,1.513472
65536,delta_sample_publish_motion,2,2,0.5034,1.2207,2.014208
65536,delta_sample_publish_motion,2,3,0.1049,1.168599,1.854464
65536,delta_sample_publish_motion,2,4,0.105,1.146,1.524736
65536,delta_sample_publish_motion,2,5,0.105901,1.0985,1.750016
65536,delta_sample_publish_motion,2,6,0.1097,1.1352,1.662976
65536,delta_sample_publish_motion,2,7,0.170299,1.0846,1.524736
65536,delta_sample_publish_motion,2,8,0.2052,1.065399,1.598464
65536,delta_sample_publish_motion,2,9,0.106199,1.1709,1.779712
65536,delta_sample_publish_motion,2,10,0.3286,1.1553,1.811456
65536,delta_sample_publish_motion,2,11,0.6238,1.158699,1.527808
65536,delta_sample_publish_motion,2,12,0.571799,0.9852,1.801216
65536,delta_sample_publish_motion,2,13,0.6267,1.1315,1.665024
65536,delta_sample_publish_motion,2,14,0.461101,1.138499,1.524736
65536,delta_sample_publish_motion,2,15,0.7734,1.057701,1.514496
65536,delta_sample_publish_motion,2,16,0.4279,0.965701,1.840128
65536,delta_sample_publish_motion,2,17,0.7069,1.0961,1.835008
65536,delta_sample_publish_motion,2,18,0.5632,0.953199,1.526784
65536,delta_sample_publish_motion,2,19,0.700501,1.0542,1.55136
65536,delta_sample_publish_motion,2,20,0.609699,0.9274,1.682432
65536,delta_sample_publish_motion,2,21,0.679599,1.110199,1.533952
65536,delta_sample_publish_motion,2,22,0.5542,0.964,1.596416
65536,delta_sample_publish_motion,2,23,0.725,1.0751,1.698816
65536,delta_sample_publish_motion,2,24,0.626599,0.980799,1.828864
65536,delta_sample_publish_motion,2,25,0.7749,1.009899,1.600512
65536,delta_sample_publish_motion,2,26,0.6584,1.038101,1.650688
65536,delta_sample_publish_motion,2,27,0.5739,0.989101,1.692672
65536,delta_sample_publish_motion,2,28,0.4874,0.995399,1.52576
65536,delta_sample_publish_motion,2,29,0.7649,1.0051,1.656832
65536,delta_sample_publish_motion,2,30,0.568601,1.1259,1.768448
65536,delta_sample_publish_motion,2,31,0.878101,1.1415,1.824768
65536,delta_sample_publish_motion,2,32,0.5272,0.999101,1.554432
65536,delta_sample_publish_motion,2,33,0.6202,1.0197,1.808384
65536,delta_sample_publish_motion,2,34,0.1716,0.9879,1.678336
65536,delta_sample_publish_motion,2,35,0.378301,0.9802,1.521664
65536,delta_sample_publish_motion,2,36,0.3322,0.9587,1.644544
65536,delta_sample_publish_motion,2,37,0.8193,1.1637,1.87904
65536,delta_sample_publish_motion,2,38,0.271101,1.0715,1.816576
65536,delta_sample_publish_motion,2,39,0.413801,0.9785,1.532928
65536,delta_sample_publish_motion,2,40,0.104901,1.0478,1.67936
65536,delta_sample_publish_motion,2,41,0.6587,1.075901,1.66912
65536,delta_sample_publish_motion,2,42,0.6213,0.990599,1.526784
65536,delta_sample_publish_motion,2,43,0.680801,0.9858,1.543168
65536,delta_sample_publish_motion,2,44,0.7496,1.095299,1.892352
65536,delta_sample_publish_motion,2,45,0.2369,1.026901,1.840128
65536,delta_sample_publish_motion,2,46,0.473699,1.0292,1.516544
65536,delta_sample_publish_motion,2,47,0.6567,0.9521,1.743872
65536,delta_sample_publish_motion,2,48,0.701401,0.954301,1.678336
65536,delta_sample_publish_motion,2,49,0.7583,0.9532,1.53088
65536,delta_sample_publish_motion,2,50,0.674599,0.9417,1.521664
65536,delta_sample_publish_motion,2,51,0.6228,0.9515,1.882112
65536,delta_sample_publish_motion,2,52,0.643099,0.931199,1.828864
65536,delta_sample_publish_motion,2,53,0.5905,0.9515,1.52064
65536,delta_sample_publish_motion,2,54,0.828501,1.1102,1.770496
65536,delta_sample_publish_motion,2,55,0.2838,1.0732,1.659904
65536,delta_sample_publish_motion,2,56,0.4507,0.9873,1.529856
65536,delta_sample_publish_motion,2,57,0.5329,1.021899,1.641472
65536,delta_sample_publish_motion,2,58,0.2061,0.951,1.787904
65536,delta_sample_publish_motion,2,59,0.229,0.9879,1.803264
65536,delta_sample_publish_motion,2,60,0.3173,0.934001,1.523712
65536,delta_sample_publish_motion,2,61,0.1053,0.964101,1.693696
65536,delta_sample_publish_motion,2,62,0.3059,0.9899,1.667072
65536,delta_sample_publish_motion,2,63,0.4073,1.0063,1.521664
65536,delta_sample_publish_motion,2,64,0.5998,0.9333,1.59232
65536,delta_sample_publish_motion,2,65,0.674099,0.9437,1.708032
65536,delta_sample_publish_motion,2,66,0.5164,0.8919,1.825792
65536,delta_sample_publish_motion,2,67,0.6563,0.8771,1.532928
65536,delta_sample_publish_motion,2,68,0.771,0.9209,1.696768
65536,delta_sample_publish_motion,2,69,0.1059,0.8668,1.646592
65536,delta_sample_publish_motion,2,70,0.1062,0.9679,1.52064
65536,delta_sample_publish_motion,2,71,0.441001,0.902299,1.524736
65536,delta_sample_publish_motion,2,72,0.681299,0.8001,1.734656
65536,delta_sample_publish_motion,2,73,0.4675,0.8238,1.775616
65536,delta_sample_publish_motion,2,74,0.1306,0.9587,1.509376
65536,delta_sample_publish_motion,2,75,0.1099,0.701999,1.502208
65536,delta_sample_publish_motion,2,76,0.1056,0.9061,1.610752
65536,delta_sample_publish_motion,2,77,0.1047,0.7267,1.507328
65536,delta_sample_publish_motion,2,78,0.1067,0.906501,1.502208
65536,delta_sample_publish_motion,2,79,0.101599,0.7776,1.528832
65536,delta_sample_publish_motion,2,80,0.1005,0.8587,1.779712
65536,delta_sample_publish_motion,2,81,0.0992,0.8292,1.499136
65536,delta_sample_publish_motion,2,82,0.098301,0.820701,1.55136
65536,delta_sample_publish_motion,2,83,0.097999,0.843699,1.610752
65536,delta_sample_publish_motion,2,84,0.097601,0.8137,1.5104
65536,delta_sample_publish_motion,2,85,0.097499,0.8728,1.501184
65536,delta_sample_publish_motion,2,86,0.096899,0.8089,1.533952
65536,delta_sample_publish_motion,2,87,0.0967,0.8488,1.763328
65536,delta_sample_publish_motion,2,88,0.0963,0.8145,1.50016
65536,delta_sample_publish_motion,2,89,0.0962,0.8621,1.508352
65536,delta_sample_publish_motion,2,90,0.0963,0.8369,1.650688
65536,delta_sample_publish_motion,2,91,0.0954,0.839,1.503232
65536,delta_sample_publish_motion,2,92,0.095,0.859401,1.49504
65536,delta_sample_publish_motion,2,93,0.094901,0.8322,1.56672
65536,delta_sample_publish_motion,2,94,0.094801,0.8584,1.7664
65536,delta_sample_publish_motion,2,95,0.0948,0.8368,1.498112
65536,delta_sample_publish_motion,2,96,0.0956,0.8374,1.491968
65536,delta_sample_publish_motion,2,97,0.0988,0.838699,1.61792
65536,delta_sample_publish_motion,2,98,0.0938,0.8637,1.50016
65536,delta_sample_publish_motion,2,99,0.0932,0.8315,1.50528
65536,delta_sample_publish_motion,2,100,0.0934,0.851699,1.559552
65536,delta_sample_publish_motion,2,101,0.092801,0.850399,1.76128
65536,delta_sample_publish_motion,2,102,0.093001,0.830699,1.498112
65536,delta_sample_publish_motion,2,103,0.092899,0.8615,1.502208
65536,delta_sample_publish_motion,2,104,0.0923,0.8053,1.605632
65536,delta_sample_publish_motion,2,105,0.0923,0.8922,1.488896
65536,delta_sample_publish_motion,2,106,0.092101,0.8113,1.330176
65536,delta_sample_publish_motion,2,107,0.095899,0.852099,1.37728
65536,delta_sample_publish_motion,2,108,0.0917,0.8672,3.231744
65536,delta_sample_publish_motion,2,109,0.1492,0.849,1.200128
65536,delta_sample_publish_motion,2,110,0.0911,0.8639,1.28
65536,delta_sample_publish_motion,2,111,0.0916,0.8298,1.134592
65536,delta_sample_publish_motion,2,112,0.0924,0.845999,1.135616
65536,delta_sample_publish_motion,2,113,0.0917,0.8472,1.235968
65536,delta_sample_publish_motion,2,114,0.0914,0.8443,1.350656
65536,delta_sample_publish_motion,2,115,0.091101,0.8762,1.226752
65536,delta_sample_publish_motion,2,116,0.0912,0.8162,1.142784
65536,delta_sample_publish_motion,2,117,0.0914,0.8684,1.286144
65536,delta_sample_publish_motion,2,118,0.093499,0.828699,1.183744
65536,delta_sample_publish_motion,2,119,0.0915,0.872,1.118208
65536,delta_sample_publish_motion,3,0,0.105401,0.986601,1.084416
65536,delta_sample_publish_motion,3,1,0.1035,0.9951,1.221632
65536,delta_sample_publish_motion,3,2,0.1046,0.998001,1.306624
65536,delta_sample_publish_motion,3,3,0.108301,1.0123,1.250304
65536,delta_sample_publish_motion,3,4,0.107401,0.9924,1.128448
65536,delta_sample_publish_motion,3,5,0.1067,1.0029,1.037312
65536,delta_sample_publish_motion,3,6,0.1059,0.9833,1.166336
65536,delta_sample_publish_motion,3,7,0.113701,0.9899,1.32096
65536,delta_sample_publish_motion,3,8,0.105,0.986801,1.304576
65536,delta_sample_publish_motion,3,9,0.108601,0.9774,1.171456
65536,delta_sample_publish_motion,3,10,0.1074,0.9845,1.23904
65536,delta_sample_publish_motion,3,11,0.116199,0.9874,1.207296
65536,delta_sample_publish_motion,3,12,0.112599,0.9738,1.046528
65536,delta_sample_publish_motion,3,13,0.107901,0.9937,1.184768
65536,delta_sample_publish_motion,3,14,0.1049,0.9772,1.400832
65536,delta_sample_publish_motion,3,15,0.104901,0.9939,1.234944
65536,delta_sample_publish_motion,3,16,0.104701,0.9965,3.2768
65536,delta_sample_publish_motion,3,17,0.105299,0.981499,1.360896
65536,delta_sample_publish_motion,3,18,0.1048,0.981301,1.15712
65536,delta_sample_publish_motion,3,19,0.1091,0.975499,1.137664
65536,delta_sample_publish_motion,3,20,0.105501,0.9652,1.211392
65536,delta_sample_publish_motion,3,21,0.1047,1.0638,1.442816
65536,delta_sample_publish_motion,3,22,0.107201,1.1098,1.364992
65536,delta_sample_publish_motion,3,23,0.1063,0.9774,1.207296
65536,delta_sample_publish_motion,3,24,0.1054,0.9922,1.340416
65536,delta_sample_publish_motion,3,25,0.1043,0.9541,1.236992
65536,delta_sample_publish_motion,3,26,0.1048,0.988401,1.122304
65536,delta_sample_publish_motion,3,27,0.1067,0.975801,1.374208
65536,delta_sample_publish_motion,3,28,0.1055,0.9662,1.419264
65536,delta_sample_publish_motion,3,29,0.1042,0.9855,1.294336
65536,delta_sample_publish_motion,3,30,0.106001,0.9795,1.201152
65536,delta_sample_publish_motion,3,31,0.1065,0.973999,1.340416
65536,delta_sample_publish_motion,3,32,0.1073,0.9635,1.183744
65536,delta_sample_publish_motion,3,33,0.1054,0.978801,1.152
65536,delta_sample_publish_motion,3,34,0.107,0.956901,1.288192
65536,delta_sample_publish_motion,3,35,0.105901,0.987601,1.437696
65536,delta_sample_publish_motion,3,36,0.1055,0.9438,1.334272
65536,delta_sample_publish_motion,3,37,0.1065,1.0027,1.31584
65536,delta_sample_publish_motion,3,38,0.1047,0.934899,1.391616
65536,delta_sample_publish_motion,3,39,0.1057,0.9658,1.202176
65536,delta_sample_publish_motion,3,40,0.1113,0.9399,1.145856
65536,delta_sample_publish_motion,3,41,0.105199,0.9742,1.30048
65536,delta_sample_publish_motion,3,42,0.1117,0.9551,1.445888
65536,delta_sample_publish_motion,3,43,0.1086,0.9491,1.354752
65536,delta_sample_publish_motion,3,44,0.1071,0.968201,1.277952
65536,delta_sample_publish_motion,3,45,0.1055,0.9593,1.37216
65536,delta_sample_publish_motion,3,46,0.1067,0.977801,1.245184
65536,delta_sample_publish_motion,3,47,0.1066,0.939201,1.159168
65536,delta_sample_publish_motion,3,48,0.104999,0.9711,1.313792
65536,delta_sample_publish_motion,3,49,0.106,0.9346,1.455104
65536,delta_sample_publish_motion,3,50,0.1056,0.952499,1.385472
65536,delta_sample_publish_motion,3,51,0.1094,0.9384,1.232896
65536,delta_sample_publish_motion,3,52,0.1053,0.9555,1.434624
65536,delta_sample_publish_motion,3,53,0.105199,0.946599,1.277952
65536,delta_sample_publish_motion,3,54,0.107801,0.9617,1.201152
65536,delta_sample_publish_motion,3,55,0.104399,0.9405,1.292288
65536,delta_sample_publish_motion,3,56,0.1049,0.9353,1.47456
65536,delta_sample_publish_motion,3,57,0.118199,0.9338,1.3824
65536,delta_sample_publish_motion,3,58,0.1111,0.950399,1.287168
65536,delta_sample_publish_motion,3,59,0.111899,0.927499,1.503232
65536,delta_sample_publish_motion,3,60,0.1059,0.9221,1.284096
65536,delta_sample_publish_motion,3,61,0.1072,0.885701,1.273856
65536,delta_sample_publish_motion,3,62,0.1062,0.9583,1.378304
65536,delta_sample_publish_motion,3,63,0.1099,0.888201,1.52576
65536,delta_sample_publish_motion,3,64,0.105401,0.970001,1.424384
65536,delta_sample_publish_motion,3,65,0.105299,0.9126,1.333248
65536,delta_sample_publish_motion,3,66,0.105799,0.9406,1.434624
65536,delta_sample_publish_motion,3,67,0.1068,0.941801,1.323008
65536,delta_sample_publish_motion,3,68,0.1071,0.9366,1.246208
65536,delta_sample_publish_motion,3,69,0.105,0.953001,1.437696
65536,delta_sample_publish_motion,3,70,0.1058,1.0183,2.041856
65536,delta_sample_publish_motion,3,71,0.105399,0.962099,1.897472
65536,delta_sample_publish_motion,3,72,0.104699,0.923499,1.502208
65536,delta_sample_publish_motion,3,73,0.1065,0.968999,1.734656
65536,delta_sample_publish_motion,3,74,0.104401,0.9009,1.66912
65536,delta_sample_publish_motion,3,75,0.1041,0.967799,1.517568
65536,delta_sample_publish_motion,3,76,0.1045,0.9013,1.670144
65536,delta_sample_publish_motion,3,77,0.112199,0.9212,1.806336
65536,delta_sample_publish_motion,3,78,0.108599,0.9225,1.82272
65536,delta_sample_publish_motion,3,79,0.1078,0.897201,1.524736
65536,delta_sample_publish_motion,3,80,0.1083,0.946701,1.662976
65536,delta_sample_publish_motion,3,81,0.1042,0.9161,1.732608
65536,delta_sample_publish_motion,3,82,0.1048,0.9279,1.516544
65536,delta_sample_publish_motion,3,83,0.104501,0.9131,1.567744
65536,delta_sample_publish_motion,3,84,0.104501,0.9211,1.779712
65536,delta_sample_publish_motion,3,85,0.1046,0.942399,1.82272
65536,delta_sample_publish_motion,3,86,0.7872,0.934199,1.511424
65536,delta_sample_publish_motion,3,87,0.729,0.9936,1.763328
65536,delta_sample_publish_motion,3,88,0.1663,0.934801,1.67424
65536,delta_sample_publish_motion,3,89,0.146301,0.930499,1.512448
65536,delta_sample_publish_motion,3,90,0.1369,0.9324,1.511424
65536,delta_sample_publish_motion,3,91,0.1248,0.8883,1.800192
65536,delta_sample_publish_motion,3,92,0.119299,0.9183,1.826816
65536,delta_sample_publish_motion,3,93,0.119399,0.900899,1.506304
65536,delta_sample_publish_motion,3,94,0.125299,0.89,1.65888
65536,delta_sample_publish_motion,3,95,0.1149,0.9044,1.71008
65536,delta_sample_publish_motion,3,96,0.1071,0.9211,1.503232
65536,delta_sample_publish_motion,3,97,0.1071,0.8998,1.529856
65536,delta_sample_publish_motion,3,98,0.107699,0.8909,1.820672
65536,delta_sample_publish_motion,3,99,0.106199,0.9307,1.8176
65536,delta_sample_publish_motion,3,100,0.1077,0.8578,1.513472
65536,delta_sample_publish_motion,3,101,0.1121,0.907701,1.68448
65536,delta_sample_publish_motion,3,102,0.1036,0.880599,1.685504
65536,delta_sample_publish_motion,3,103,0.1148,0.9408,1.516544
65536,delta_sample_publish_motion,3,104,0.1045,0.885201,1.555456
65536,delta_sample_publish_motion,3,105,0.103901,0.9144,1.809408
65536,delta_sample_publish_motion,3,106,0.104301,0.8732,1.789952
65536,delta_sample_publish_motion,3,107,0.1039,0.9126,1.508352
65536,delta_sample_publish_motion,3,108,0.111,0.880201,1.606656
65536,delta_sample_publish_motion,3,109,0.104,0.8905,1.78176
65536,delta_sample_publish_motion,3,110,0.1065,0.8792,1.5104
65536,delta_sample_publish_motion,3,111,0.1042,0.8936,1.555456
65536,delta_sample_publish_motion,3,112,0.114501,0.8761,1.7408
65536,delta_sample_publish_motion,3,113,0.1077,0.8984,1.792
65536,delta_sample_publish_motion,3,114,0.7967,0.942901,1.509376
65536,delta_sample_publish_motion,3,115,0.8296,0.9333,1.642496
65536,delta_sample_publish_motion,3,116,0.149901,0.8856,1.640448
65536,delta_sample_publish_motion,3,117,0.138801,0.8457,1.536
65536,delta_sample_publish_motion,3,118,0.1049,0.8098,1.504256
65536,delta_sample_publish_motion,3,119,0.1072,0.8269,1.652736
65536,compact_delta_sample_publish_motion,1,0,0.0917,0.4423,0.576512
65536,compact_delta_sample_publish_motion,1,1,0.0919,0.460401,0.57344
65536,compact_delta_sample_publish_motion,1,2,0.0913,0.4531,0.64
65536,compact_delta_sample_publish_motion,1,3,0.0912,0.446999,0.728064
65536,compact_delta_sample_publish_motion,1,4,0.0921,0.456099,0.766976
65536,compact_delta_sample_publish_motion,1,5,0.0918,0.4482,0.831488
65536,compact_delta_sample_publish_motion,1,6,0.0917,0.456801,0.78848
65536,compact_delta_sample_publish_motion,1,7,0.0917,0.4643,0.587776
65536,compact_delta_sample_publish_motion,1,8,0.0916,0.4586,0.642048
65536,compact_delta_sample_publish_motion,1,9,0.0928,0.475401,0.709632
65536,compact_delta_sample_publish_motion,1,10,0.095899,0.495799,0.78848
65536,compact_delta_sample_publish_motion,1,11,0.096099,0.4777,0.971776
65536,compact_delta_sample_publish_motion,1,12,0.1029,0.490799,0.908288
65536,compact_delta_sample_publish_motion,1,13,0.0963,0.4927,0.822272
65536,compact_delta_sample_publish_motion,1,14,0.0963,0.4767,0.579584
65536,compact_delta_sample_publish_motion,1,15,0.096199,0.499,0.643072
65536,compact_delta_sample_publish_motion,1,16,0.0963,0.494,0.687104
65536,compact_delta_sample_publish_motion,1,17,0.0963,0.4822,0.770048
65536,compact_delta_sample_publish_motion,1,18,0.0956,0.518399,0.83456
65536,compact_delta_sample_publish_motion,1,19,0.0962,0.502501,0.905216
65536,compact_delta_sample_publish_motion,1,20,0.096099,0.5092,0.81408
65536,compact_delta_sample_publish_motion,1,21,0.097001,0.486799,0.58368
65536,compact_delta_sample_publish_motion,1,22,0.0982,0.4955,0.643072
65536,compact_delta_sample_publish_motion,1,23,0.1226,0.542799,0.731136
65536,compact_delta_sample_publish_motion,1,24,0.097999,0.4891,0.771072
65536,compact_delta_sample_publish_motion,1,25,0.0967,0.505901,0.833536
65536,compact_delta_sample_publish_motion,1,26,0.0974,0.503401,0.886784
65536,compact_delta_sample_publish_motion,1,27,0.098001,0.509501,0.817152
65536,compact_delta_sample_publish_motion,1,28,0.098099,0.4987,0.576512
65536,compact_delta_sample_publish_motion,1,29,0.0976,0.494501,0.616448
65536,compact_delta_sample_publish_motion,1,30,0.098299,0.4833,0.6912
65536,compact_delta_sample_publish_motion,1,31,0.0981,0.516,0.86528
65536,compact_delta_sample_publish_motion,1,32,0.098801,0.498101,0.854016
65536,compact_delta_sample_publish_motion,1,33,0.098199,0.5079,0.88576
65536,compact_delta_sample_publish_motion,1,34,0.0992,0.5129,0.820224
65536,compact_delta_sample_publish_motion,1,35,0.101999,0.491899,0.585728
65536,compact_delta_sample_publish_motion,1,36,0.0999,0.502899,0.610304
65536,compact_delta_sample_publish_motion,1,37,0.0996,0.5065,0.690176
65536,compact_delta_sample_publish_motion,1,38,0.1,0.5113,0.806912
65536,compact_delta_sample_publish_motion,1,39,0.102199,0.514899,0.832512
65536,compact_delta_sample_publish_motion,1,40,0.1008,0.5161,0.883712
65536,compact_delta_sample_publish_motion,1,41,0.099801,0.498799,0.827392
65536,compact_delta_sample_publish_motion,1,42,0.100601,0.5103,0.585728
65536,compact_delta_sample_publish_motion,1,43,0.100399,0.4969,0.60416
65536,compact_delta_sample_publish_motion,1,44,0.100301,0.517599,0.67072
65536,compact_delta_sample_publish_motion,1,45,0.1006,0.534599,0.789504
65536,compact_delta_sample_publish_motion,1,46,0.1004,0.5068,0.826368
65536,compact_delta_sample_publish_motion,1,47,0.101101,0.5037,0.8704
65536,compact_delta_sample_publish_motion,1,48,0.101099,0.5086,0.812032
65536,compact_delta_sample_publish_motion,1,49,0.1007,0.499401,0.577536
65536,compact_delta_sample_publish_motion,1,50,0.101,0.5106,0.602112
65536,compact_delta_sample_publish_motion,1,51,0.100899,0.5248,0.68096
65536,compact_delta_sample_publish_motion,1,52,0.101,0.501901,0.749568
65536,compact_delta_sample_publish_motion,1,53,0.1011,0.490999,0.840704
65536,compact_delta_sample_publish_motion,1,54,0.103,0.510399,0.917504
65536,compact_delta_sample_publish_motion,1,55,0.1017,0.503601,0.825344
65536,compact_delta_sample_publish_motion,1,56,0.1017,0.5004,0.580608
65536,compact_delta_sample_publish_motion,1,57,0.1019,0.503701,0.596992
65536,compact_delta_sample_publish_motion,1,58,0.105101,0.4858,0.662528
65536,compact_delta_sample_publish_motion,1,59,0.102501,0.499701,0.753664
65536,compact_delta_sample_publish_motion,1,60,0.101701,0.4969,0.883712
65536,compact_delta_sample_publish_motion,1,61,0.1026,0.5011,0.892928
65536,compact_delta_sample_publish_motion,1,62,0.101701,0.5198,0.820224
65536,compact_delta_sample_publish_motion,1,63,0.101799,0.5014,0.59904
65536,compact_delta_sample_publish_motion,1,64,0.1016,0.486499,0.590848
65536,compact_delta_sample_publish_motion,1,65,0.1022,0.494599,0.67072
65536,compact_delta_sample_publish_motion,1,66,0.102,0.5084,0.74752
65536,compact_delta_sample_publish_motion,1,67,0.1025,0.4977,0.818176
65536,compact_delta_sample_publish_motion,1,68,0.102601,0.5175,0.871424
65536,compact_delta_sample_publish_motion,1,69,0.1035,0.502801,0.831488
65536,compact_delta_sample_publish_motion,1,70,0.1027,0.4989,0.592896
65536,compact_delta_sample_publish_motion,1,71,0.1031,0.483799,0.601088
65536,compact_delta_sample_publish_motion,1,72,0.102801,0.478901,0.669696
65536,compact_delta_sample_publish_motion,1,73,0.102499,0.4945,0.753664
65536,compact_delta_sample_publish_motion,1,74,0.1028,0.504,0.82432
65536,compact_delta_sample_publish_motion,1,75,0.1033,0.5114,0.8704
65536,compact_delta_sample_publish_motion,1,76,0.101799,0.510999,0.82432
65536,compact_delta_sample_publish_motion,1,77,0.103001,0.4781,0.581632
65536,compact_delta_sample_publish_motion,1,78,0.1044,0.491001,0.618496
65536,compact_delta_sample_publish_motion,1,79,0.1035,0.4959,0.674816
65536,compact_delta_sample_publish_motion,1,80,0.1042,0.507501,0.761856
65536,compact_delta_sample_publish_motion,1,81,0.103701,0.5086,0.817152
65536,compact_delta_sample_publish_motion,1,82,0.1021,0.5028,0.888832
65536,compact_delta_sample_publish_motion,1,83,0.102601,0.494701,0.818176
65536,compact_delta_sample_publish_motion,1,84,0.1024,0.468399,0.577536
65536,compact_delta_sample_publish_motion,1,85,0.138401,0.5622,0.594944
65536,compact_delta_sample_publish_motion,1,86,0.116,0.5128,0.68608
65536,compact_delta_sample_publish_motion,1,87,0.1026,0.501699,0.768
65536,compact_delta_sample_publish_motion,1,88,0.103299,0.4949,0.856064
65536,compact_delta_sample_publish_motion,1,89,0.102501,0.496201,0.946176
65536,compact_delta_sample_publish_motion,1,90,0.1066,0.483901,0.825344
65536,compact_delta_sample_publish_motion,1,91,0.1029,0.483901,0.586752
65536,compact_delta_sample_publish_motion,1,92,0.103701,0.5158,0.6144
65536,compact_delta_sample_publish_motion,1,93,0.1036,0.4961,0.68608
65536,compact_delta_sample_publish_motion,1,94,0.103,0.506001,0.76288
65536,compact_delta_sample_publish_motion,1,95,0.1039,0.493801,0.842752
65536,compact_delta_sample_publish_motion,1,96,0.1041,0.4963,1.077248
65536,compact_delta_sample_publish_motion,1,97,0.2366,0.5231,0.854016
65536,compact_delta_sample_publish_motion,1,98,0.2159,0.4887,0.5888
65536,compact_delta_sample_publish_motion,1,99,0.1053,0.5012,0.621568
65536,compact_delta_sample_publish_motion,1,100,0.104001,0.510299,0.702464
65536,compact_delta_sample_publish_motion,1,101,0.1044,0.495101,0.775168
65536,compact_delta_sample_publish_motion,1,102,0.1044,0.499199,0.828416
65536,compact_delta_sample_publish_motion,1,103,0.1037,0.501299,0.882688
65536,compact_delta_sample_publish_motion,1,104,0.1042,0.505401,0.817152
65536,compact_delta_sample_publish_motion,1,105,0.1041,0.4869,0.58368
65536,compact_delta_sample_publish_motion,1,106,0.1032,0.4865,0.615424
65536,compact_delta_sample_publish_motion,1,107,0.104,0.485,0.687104
65536,compact_delta_sample_publish_motion,1,108,0.1042,0.491601,0.758784
65536,compact_delta_sample_publish_motion,1,109,0.1047,0.488701,0.83968
65536,compact_delta_sample_publish_motion,1,110,0.1037,0.4989,0.888832
65536,compact_delta_sample_publish_motion,1,111,0.103799,0.476599,0.820224
65536,compact_delta_sample_publish_motion,1,112,0.1028,0.506901,0.57856
65536,compact_delta_sample_publish_motion,1,113,0.103599,0.4854,0.646144
65536,compact_delta_sample_publish_motion,1,114,0.1031,0.4833,0.694272
65536,compact_delta_sample_publish_motion,1,115,0.104099,0.4944,0.765952
65536,compact_delta_sample_publish_motion,1,116,0.1036,0.518801,0.845824
65536,compact_delta_sample_publish_motion,1,117,0.1037,0.4908,0.91648
65536,compact_delta_sample_publish_motion,1,118,0.1026,0.4913,0.8192
65536,compact_delta_sample_publish_motion,1,119,0.1035,0.483,0.57856
65536,compact_delta_sample_publish_motion,2,0,0.1094,0.5162,0.837632
65536,compact_delta_sample_publish_motion,2,1,0.0915,0.5003,0.859136
65536,compact_delta_sample_publish_motion,2,2,0.0909,0.487399,0.854016
65536,compact_delta_sample_publish_motion,2,3,0.090501,0.4961,0.85504
65536,compact_delta_sample_publish_motion,2,4,0.0908,0.5024,0.840704
65536,compact_delta_sample_publish_motion,2,5,0.0916,0.501899,0.941056
65536,compact_delta_sample_publish_motion,2,6,0.090801,0.4907,1.047552
65536,compact_delta_sample_publish_motion,2,7,0.0932,0.4939,1.104896
65536,compact_delta_sample_publish_motion,2,8,0.090699,0.4951,2.504704
65536,compact_delta_sample_publish_motion,2,9,0.089701,0.4882,0.84992
65536,compact_delta_sample_publish_motion,2,10,0.0905,0.4823,0.837632
65536,compact_delta_sample_publish_motion,2,11,0.0914,0.6522,0.867328
65536,compact_delta_sample_publish_motion,2,12,0.0905,0.4981,0.933888
65536,compact_delta_sample_publish_motion,2,13,0.093601,0.4937,1.038336
65536,compact_delta_sample_publish_motion,2,14,0.090601,0.4986,1.103872
65536,compact_delta_sample_publish_motion,2,15,0.0908,0.4956,0.84992
65536,compact_delta_sample_publish_motion,2,16,0.0907,0.4807,0.842752
65536,compact_delta_sample_publish_motion,2,17,0.090999,0.4953,0.838656
65536,compact_delta_sample_publish_motion,2,18,0.0913,0.4976,0.83968
65536,compact_delta_sample_publish_motion,2,19,0.090901,0.4931,0.93696
65536,compact_delta_sample_publish_motion,2,20,0.090301,0.495,1.030144
65536,compact_delta_sample_publish_motion,2,21,0.090699,14.5121,1.143808
65536,compact_delta_sample_publish_motion,2,22,0.0905,0.4861,0.859136
65536,compact_delta_sample_publish_motion,2,23,0.090599,0.4868,0.8448
65536,compact_delta_sample_publish_motion,2,24,0.090299,0.507699,0.841728
65536,compact_delta_sample_publish_motion,2,25,0.096699,0.4824,0.845824
65536,compact_delta_sample_publish_motion,2,26,0.090101,0.492,0.941056
65536,compact_delta_sample_publish_motion,2,27,0.091301,0.4929,1.032192
65536,compact_delta_sample_publish_motion,2,28,0.0909,0.4899,1.110016
65536,compact_delta_sample_publish_motion,2,29,0.0905,0.4921,0.850944
65536,compact_delta_sample_publish_motion,2,30,0.0914,0.4891,0.842752
65536,compact_delta_sample_publish_motion,2,31,0.0909,0.4978,0.840704
65536,compact_delta_sample_publish_motion,2,32,0.0913,0.4831,0.848896
65536,compact_delta_sample_publish_motion,2,33,0.0916,0.491501,0.94208
65536,compact_delta_sample_publish_motion,2,34,0.0911,0.4898,1.03936
65536,compact_delta_sample_publish_motion,2,35,0.0909,0.4895,1.112064
65536,compact_delta_sample_publish_motion,2,36,0.0914,0.4887,0.848896
65536,compact_delta_sample_publish_motion,2,37,0.0912,0.490901,0.841728
65536,compact_delta_sample_publish_motion,2,38,0.0913,0.4919,0.843776
65536,compact_delta_sample_publish_motion,2,39,0.0905,0.659001,0.847872
65536,compact_delta_sample_publish_motion,2,40,0.090699,0.4902,0.940032
65536,compact_delta_sample_publish_motion,2,41,0.091201,0.482701,1.0752
65536,compact_delta_sample_publish_motion,2,42,0.090901,0.488701,1.115136
65536,compact_delta_sample_publish_motion,2,43,0.091099,0.4907,0.854016
65536,compact_delta_sample_publish_motion,2,44,0.0924,0.487399,0.841728
65536,compact_delta_sample_publish_motion,2,45,0.090699,0.48,0.848896
65536,compact_delta_sample_publish_motion,2,46,0.0903,0.487501,0.845824
65536,compact_delta_sample_publish_motion,2,47,0.0914,0.4933,0.935936
65536,compact_delta_sample_publish_motion,2,48,0.0914,0.4929,1.048576
65536,compact_delta_sample_publish_motion,2,49,0.0904,0.4908,1.132544
65536,compact_delta_sample_publish_motion,2,50,0.0906,0.4895,0.8448
65536,compact_delta_sample_publish_motion,2,51,0.091199,0.495401,0.840704
65536,compact_delta_sample_publish_motion,2,52,0.0913,0.494701,0.842752
65536,compact_delta_sample_publish_motion,2,53,0.0911,0.4809,0.846848
65536,compact_delta_sample_publish_motion,2,54,0.0917,0.4823,0.93696
65536,compact_delta_sample_publish_motion,2,55,0.0908,0.4947,1.040384
65536,compact_delta_sample_publish_motion,2,56,0.0913,0.490699,1.143808
65536,compact_delta_sample_publish_motion,2,57,0.0912,0.4908,0.842752
65536,compact_delta_sample_publish_motion,2,58,0.091099,0.4928,0.847872
65536,compact_delta_sample_publish_motion,2,59,0.0907,0.4927,0.920576
65536,compact_delta_sample_publish_motion,2,60,0.0907,0.607201,0.867328
65536,compact_delta_sample_publish_motion,2,61,0.093101,0.5014,0.93696
65536,compact_delta_sample_publish_motion,2,62,0.0912,0.493,1.041408
65536,compact_delta_sample_publish_motion,2,63,0.091,0.4952,1.106944
65536,compact_delta_sample_publish_motion,2,64,0.0913,0.4941,0.842752
65536,compact_delta_sample_publish_motion,2,65,0.0914,0.4961,0.83968
65536,compact_delta_sample_publish_motion,2,66,0.0916,0.486599,0.843776
65536,compact_delta_sample_publish_motion,2,67,0.0904,0.4872,0.846848
65536,compact_delta_sample_publish_motion,2,68,0.0912,0.493401,0.946176
65536,compact_delta_sample_publish_motion,2,69,0.0914,0.486201,1.076224
65536,compact_delta_sample_publish_motion,2,70,0.0912,0.484501,1.110016
65536,compact_delta_sample_publish_motion,2,71,0.0914,0.4852,0.846848
65536,compact_delta_sample_publish_motion,2,72,0.0918,0.4861,0.840704
65536,compact_delta_sample_publish_motion,2,73,0.0905,0.4858,0.83968
65536,compact_delta_sample_publish_motion,2,74,0.0916,0.4866,0.838656
65536,compact_delta_sample_publish_motion,2,75,0.091401,0.4897,0.930816
65536,compact_delta_sample_publish_motion,2,76,0.0909,0.4913,1.045504
65536,compact_delta_sample_publish_motion,2,77,0.091,0.4866,1.1008
65536,compact_delta_sample_publish_motion,2,78,0.0915,0.4963,0.84992
65536,compact_delta_sample_publish_motion,2,79,0.091301,0.491501,0.859136
65536,compact_delta_sample_publish_motion,2,80,0.0911,0.487699,0.83968
65536,compact_delta_sample_publish_motion,2,81,0.091,0.4777,0.845824
65536,compact_delta_sample_publish_motion,2,82,0.091101,0.498201,0.951296
65536,compact_delta_sample_publish_motion,2,83,0.0913,0.4891,1.03936
65536,compact_delta_sample_publish_motion,2,84,0.092499,0.472201,1.101824
65536,compact_delta_sample_publish_motion,2,85,0.0913,0.490201,0.850944
65536,compact_delta_sample_publish_motion,2,86,0.0912,0.4917,0.854016
65536,compact_delta_sample_publish_motion,2,87,0.0912,0.4898,0.841728
65536,compact_delta_sample_publish_motion,2,88,0.092,0.497901,0.841728
65536,compact_delta_sample_publish_motion,2,89,0.091099,0.4891,0.949248
65536,compact_delta_sample_publish_motion,2,90,0.0915,0.484,1.041408
65536,compact_delta_sample_publish_motion,2,91,0.0914,0.4975,1.094656
65536,compact_delta_sample_publish_motion,2,92,0.0909,0.4907,0.854016
65536,compact_delta_sample_publish_motion,2,93,0.0913,0.4938,0.847872
65536,compact_delta_sample_publish_motion,2,94,0.090899,0.4895,0.845824
65536,compact_delta_sample_publish_motion,2,95,0.0916,0.4929,0.840704
65536,compact_delta_sample_publish_motion,2,96,0.0912,0.4904,0.969728
65536,compact_delta_sample_publish_motion,2,97,0.0917,0.4857,1.037312
65536,compact_delta_sample_publish_motion,2,98,0.0911,0.491201,1.098752
65536,compact_delta_sample_publish_motion,2,99,0.0911,0.4939,0.866304
65536,compact_delta_sample_publish_motion,2,100,0.090499,0.4886,0.846848
65536,compact_delta_sample_publish_motion,2,101,0.0921,0.4919,0.840704
65536,compact_delta_sample_publish_motion,2,102,0.0912,0.4934,0.84992
65536,compact_delta_sample_publish_motion,2,103,0.091099,0.492699,0.943104
65536,compact_delta_sample_publish_motion,2,104,0.092201,0.4933,1.083392
65536,compact_delta_sample_publish_motion,2,105,0.091101,0.491201,1.114112
65536,compact_delta_sample_publish_motion,2,106,0.0907,0.491101,0.866304
65536,compact_delta_sample_publish_motion,2,107,0.0911,0.491299,0.85504
65536,compact_delta_sample_publish_motion,2,108,0.0924,0.490099,0.83968
65536,compact_delta_sample_publish_motion,2,109,0.0916,0.4914,0.848896
65536,compact_delta_sample_publish_motion,2,110,0.091599,0.4907,0.945152
65536,compact_delta_sample_publish_motion,2,111,0.0914,0.480101,1.027072
65536,compact_delta_sample_publish_motion,2,112,0.0912,0.490499,1.103872
65536,compact_delta_sample_publish_motion,2,113,0.0922,0.4952,0.857088
65536,compact_delta_sample_publish_motion,2,114,0.0912,0.491299,0.838656
65536,compact_delta_sample_publish_motion,2,115,0.0914,0.5007,0.8448
65536,compact_delta_sample_publish_motion,2,116,0.0917,0.491801,0.852992
65536,compact_delta_sample_publish_motion,2,117,0.0914,0.4888,0.941056
65536,compact_delta_sample_publish_motion,2,118,0.091201,0.492601,1.036288
65536,compact_delta_sample_publish_motion,2,119,0.0917,0.4935,1.092608
65536,compact_delta_sample_publish_motion,3,0,0.097099,0.472599,0.867328
65536,compact_delta_sample_publish_motion,3,1,0.1,0.4772,1.217536
65536,compact_delta_sample_publish_motion,3,2,0.0937,0.504799,1.16736
65536,compact_delta_sample_publish_motion,3,3,0.0997,0.506101,0.859136
65536,compact_delta_sample_publish_motion,3,4,0.0959,0.4455,0.854016
65536,compact_delta_sample_publish_motion,3,5,0.0939,0.4784,0.912384
65536,compact_delta_sample_publish_motion,3,6,0.0981,0.4713,0.997376
65536,compact_delta_sample_publish_motion,3,7,0.0994,0.457901,1.113088
65536,compact_delta_sample_publish_motion,3,8,0.093399,0.4438,1.181696
65536,compact_delta_sample_publish_motion,3,9,0.0938,0.448301,1.12128
65536,compact_delta_sample_publish_motion,3,10,0.093501,0.457,0.851968
65536,compact_delta_sample_publish_motion,3,11,0.096699,0.4626,0.86016
65536,compact_delta_sample_publish_motion,3,12,0.097001,0.4476,0.868352
65536,compact_delta_sample_publish_motion,3,13,0.093,0.4296,0.992256
65536,compact_delta_sample_publish_motion,3,14,0.0991,0.484099,1.113088
65536,compact_delta_sample_publish_motion,3,15,0.0986,0.4654,1.210368
65536,compact_delta_sample_publish_motion,3,16,0.0931,0.4475,1.127424
65536,compact_delta_sample_publish_motion,3,17,0.096899,0.441201,0.850944
65536,compact_delta_sample_publish_motion,3,18,0.092799,0.488299,0.851968
65536,compact_delta_sample_publish_motion,3,19,0.102,0.4626,0.87552
65536,compact_delta_sample_publish_motion,3,20,0.093299,0.4315,0.968704
65536,compact_delta_sample_publish_motion,3,21,0.0965,0.452199,1.093632
65536,compact_delta_sample_publish_motion,3,22,0.094,0.47,1.22368
65536,compact_delta_sample_publish_motion,3,23,0.0996,0.4823,0.830464
65536,compact_delta_sample_publish_motion,3,24,0.142699,0.484499,0.572416
65536,compact_delta_sample_publish_motion,3,25,0.0938,0.457699,0.699392
65536,compact_delta_sample_publish_motion,3,26,0.0952,0.4665,0.753664
65536,compact_delta_sample_publish_motion,3,27,0.093901,0.4573,0.837632
65536,compact_delta_sample_publish_motion,3,28,0.0936,0.468299,0.877568
65536,compact_delta_sample_publish_motion,3,29,0.096699,0.423199,0.98304
65536,compact_delta_sample_publish_motion,3,30,0.093801,0.455899,0.816128
65536,compact_delta_sample_publish_motion,3,31,0.1007,0.463299,0.62464
65536,compact_delta_sample_publish_motion,3,32,0.093999,0.4777,0.68608
65536,compact_delta_sample_publish_motion,3,33,0.0973,0.420699,0.745472
65536,compact_delta_sample_publish_motion,3,34,0.0946,0.4582,0.826368
65536,compact_delta_sample_publish_motion,3,35,0.093401,0.4652,0.91136
65536,compact_delta_sample_publish_motion,3,36,0.096101,0.4964,1.011712
65536,compact_delta_sample_publish_motion,3,37,0.0988,0.5288,0.887808
65536,compact_delta_sample_publish_motion,3,38,0.093999,0.4636,0.616448
65536,compact_delta_sample_publish_motion,3,39,0.0939,0.480801,0.677888
65536,compact_delta_sample_publish_motion,3,40,0.097601,0.4835,0.779264
65536,compact_delta_sample_publish_motion,3,41,0.093499,0.468101,0.84992
65536,compact_delta_sample_publish_motion,3,42,0.0934,0.4567,0.948224
65536,compact_delta_sample_publish_motion,3,43,0.093399,0.4784,0.945152
65536,compact_delta_sample_publish_motion,3,44,0.098899,0.4279,0.825344
65536,compact_delta_sample_publish_motion,3,45,0.096299,0.462299,0.613376
65536,compact_delta_sample_publish_motion,3,46,0.096501,0.4591,0.672768
65536,compact_delta_sample_publish_motion,3,47,0.096401,0.4745,0.75776
65536,compact_delta_sample_publish_motion,3,48,0.0959,0.442801,0.826368
65536,compact_delta_sample_publish_motion,3,49,0.0967,0.455501,0.871424
65536,compact_delta_sample_publish_motion,3,50,0.0996,0.451999,0.933888
65536,compact_delta_sample_publish_motion,3,51,0.096,0.4752,0.80896
65536,compact_delta_sample_publish_motion,3,52,0.0993,0.4343,0.611328
65536,compact_delta_sample_publish_motion,3,53,0.0938,0.486801,0.679936
65536,compact_delta_sample_publish_motion,3,54,0.101399,0.4548,0.765952
65536,compact_delta_sample_publish_motion,3,55,0.0937,0.4505,0.896
65536,compact_delta_sample_publish_motion,3,56,0.100699,0.4602,0.889856
65536,compact_delta_sample_publish_motion,3,57,0.093801,0.4678,0.96256
65536,compact_delta_sample_publish_motion,3,58,0.1016,0.4627,0.805888
65536,compact_delta_sample_publish_motion,3,59,0.0945,0.4446,0.602112
65536,compact_delta_sample_publish_motion,3,60,0.094101,0.4741,0.68608
65536,compact_delta_sample_publish_motion,3,61,0.096501,0.456,0.753664
65536,compact_delta_sample_publish_motion,3,62,0.093799,0.469301,0.813056
65536,compact_delta_sample_publish_motion,3,63,0.0938,0.4528,0.867328
65536,compact_delta_sample_publish_motion,3,64,0.093401,0.4528,0.937984
65536,compact_delta_sample_publish_motion,3,65,0.1,0.4514,0.821248
65536,compact_delta_sample_publish_motion,3,66,0.0971,0.486199,0.606208
65536,compact_delta_sample_publish_motion,3,67,0.097599,0.4451,0.6656
65536,compact_delta_sample_publish_motion,3,68,0.0967,0.459899,0.755712
65536,compact_delta_sample_publish_motion,3,69,0.093799,0.4396,0.87552
65536,compact_delta_sample_publish_motion,3,70,0.0939,0.486901,0.869376
65536,compact_delta_sample_publish_motion,3,71,0.0996,0.450601,0.929792
65536,compact_delta_sample_publish_motion,3,72,0.094499,0.478601,0.79872
65536,compact_delta_sample_publish_motion,3,73,0.0993,0.455101,0.611328
65536,compact_delta_sample_publish_motion,3,74,0.112399,0.501301,0.694272
65536,compact_delta_sample_publish_motion,3,75,0.0998,0.4707,0.75264
65536,compact_delta_sample_publish_motion,3,76,0.0962,0.4974,0.81408
65536,compact_delta_sample_publish_motion,3,77,0.094101,0.4959,0.882688
65536,compact_delta_sample_publish_motion,3,78,0.096301,0.4854,0.94208
65536,compact_delta_sample_publish_motion,3,79,0.0989,0.487499,0.841728
65536,compact_delta_sample_publish_motion,3,80,0.1454,0.525,0.572416
65536,compact_delta_sample_publish_motion,3,81,0.0947,0.4698,0.663552
65536,compact_delta_sample_publish_motion,3,82,0.0946,0.4763,0.731136
65536,compact_delta_sample_publish_motion,3,83,0.0944,0.4938,0.825344
65536,compact_delta_sample_publish_motion,3,84,0.096201,0.4787,1.002496
65536,compact_delta_sample_publish_motion,3,85,0.0941,0.4941,0.963584
65536,compact_delta_sample_publish_motion,3,86,0.0997,0.4945,0.815104
65536,compact_delta_sample_publish_motion,3,87,0.093,0.5027,0.586752
65536,compact_delta_sample_publish_motion,3,88,0.0935,0.491601,0.6656
65536,compact_delta_sample_publish_motion,3,89,0.0937,0.470799,0.735232
65536,compact_delta_sample_publish_motion,3,90,0.100001,0.4909,0.799744
65536,compact_delta_sample_publish_motion,3,91,0.100999,0.4949,0.904192
65536,compact_delta_sample_publish_motion,3,92,0.0942,0.540101,0.994304
65536,compact_delta_sample_publish_motion,3,93,0.0963,0.496001,0.864256
65536,compact_delta_sample_publish_motion,3,94,0.094401,0.491101,0.57856
65536,compact_delta_sample_publish_motion,3,95,0.0982,0.524901,0.626688
65536,compact_delta_sample_publish_motion,3,96,0.0976,0.5342,0.703488
65536,compact_delta_sample_publish_motion,3,97,0.1004,0.4899,0.768
65536,compact_delta_sample_publish_motion,3,98,0.0998,0.4813,0.817152
65536,compact_delta_sample_publish_motion,3,99,0.0944,0.5124,0.889856
65536,compact_delta_sample_publish_motion,3,100,0.0948,0.5029,0.825344
65536,compact_delta_sample_publish_motion,3,101,0.0941,0.4969,0.571392
65536,compact_delta_sample_publish_motion,3,102,0.094901,0.486401,0.602112
65536,compact_delta_sample_publish_motion,3,103,0.0943,0.5016,0.679936
65536,compact_delta_sample_publish_motion,3,104,0.0938,0.5087,0.735232
65536,compact_delta_sample_publish_motion,3,105,0.0941,0.4977,0.787456
65536,compact_delta_sample_publish_motion,3,106,0.0938,0.512699,0.856064
65536,compact_delta_sample_publish_motion,3,107,0.0993,0.5016,0.837632
65536,compact_delta_sample_publish_motion,3,108,0.095099,0.5069,0.57344
65536,compact_delta_sample_publish_motion,3,109,0.094,0.5137,0.591872
65536,compact_delta_sample_publish_motion,3,110,0.0938,0.5066,0.656384
65536,compact_delta_sample_publish_motion,3,111,0.0934,0.494201,0.729088
65536,compact_delta_sample_publish_motion,3,112,0.0934,0.4996,0.765952
65536,compact_delta_sample_publish_motion,3,113,0.0937,0.5121,0.831488
65536,compact_delta_sample_publish_motion,3,114,0.0933,0.4975,0.801792
65536,compact_delta_sample_publish_motion,3,115,0.0928,0.4925,0.581632
65536,compact_delta_sample_publish_motion,3,116,0.092701,0.494599,0.581632
65536,compact_delta_sample_publish_motion,3,117,0.1482,0.585399,0.635904
65536,compact_delta_sample_publish_motion,3,118,0.0932,0.495,0.743424
65536,compact_delta_sample_publish_motion,3,119,0.0923,0.495601,0.795648
131072,sample_publish_motion,1,0,0.247601,0.0198,0.366592
131072,sample_publish_motion,1,1,0.221,0.001801,0.362496
131072,sample_publish_motion,1,2,0.2199,0.0021,0.372736
131072,sample_publish_motion,1,3,0.228099,0.0021,0.354304
131072,sample_publish_motion,1,4,0.2447,0.0021,0.34304
131072,sample_publish_motion,1,5,0.230801,0.001801,0.34816
131072,sample_publish_motion,1,6,0.2215,0.0024,0.34304
131072,sample_publish_motion,1,7,0.2268,0.001799,0.356352
131072,sample_publish_motion,1,8,0.2192,0.0025,0.357376
131072,sample_publish_motion,1,9,0.214601,0.002001,0.355328
131072,sample_publish_motion,1,10,0.216601,0.0019,0.351232
131072,sample_publish_motion,1,11,0.2152,0.0021,0.354304
131072,sample_publish_motion,1,12,0.2108,0.001899,0.361472
131072,sample_publish_motion,1,13,0.2197,0.001999,0.36864
131072,sample_publish_motion,1,14,0.214101,0.0018,0.371712
131072,sample_publish_motion,1,15,0.2085,0.001901,0.376832
131072,sample_publish_motion,1,16,0.2082,0.0016,0.377856
131072,sample_publish_motion,1,17,0.2067,0.001599,0.366592
131072,sample_publish_motion,1,18,0.208,0.0017,0.372736
131072,sample_publish_motion,1,19,0.2034,0.0016,0.367616
131072,sample_publish_motion,1,20,0.200501,0.0017,0.370688
131072,sample_publish_motion,1,21,0.2029,0.0018,0.375808
131072,sample_publish_motion,1,22,0.1991,0.001601,0.375808
131072,sample_publish_motion,1,23,0.1998,0.001801,0.371712
131072,sample_publish_motion,1,24,0.197699,0.0018,0.377856
131072,sample_publish_motion,1,25,0.1973,0.0025,0.372736
131072,sample_publish_motion,1,26,0.1966,0.0026,0.402432
131072,sample_publish_motion,1,27,0.233,0.001899,0.375808
131072,sample_publish_motion,1,28,0.221199,0.0017,0.386048
131072,sample_publish_motion,1,29,0.2115,0.002501,0.364544
131072,sample_publish_motion,1,30,0.209299,0.0016,0.369664
131072,sample_publish_motion,1,31,0.2101,0.001599,0.367616
131072,sample_publish_motion,1,32,0.199899,0.0016,0.369664
131072,sample_publish_motion,1,33,0.2019,0.0017,0.372736
131072,sample_publish_motion,1,34,0.201601,0.0018,0.376832
131072,sample_publish_motion,1,35,0.283699,0.0017,0.365568
131072,sample_publish_motion,1,36,0.2098,0.001901,0.35328
131072,sample_publish_motion,1,37,0.2023,0.0017,0.367616
131072,sample_publish_motion,1,38,0.197599,0.002001,0.382976
131072,sample_publish_motion,1,39,0.2017,0.002,0.369664
131072,sample_publish_motion,1,40,0.2039,0.001699,0.370688
131072,sample_publish_motion,1,41,0.1996,0.0019,0.371712
131072,sample_publish_motion,1,42,0.200499,0.0016,0.370688
131072,sample_publish_motion,1,43,0.198201,0.002,0.366592
131072,sample_publish_motion,1,44,0.207301,0.001599,0.362496
131072,sample_publish_motion,1,45,0.2025,0.001501,0.374784
131072,sample_publish_motion,1,46,0.1987,0.001599,0.370688
131072,sample_publish_motion,1,47,0.1983,0.001899,0.35328
131072,sample_publish_motion,1,48,0.1983,0.001501,0.359424
131072,sample_publish_motion,1,49,0.2849,0.0026,0.384
131072,sample_publish_motion,1,50,0.2039,0.0018,0.344064
131072,sample_publish_motion,1,51,0.2051,0.002399,0.367616
131072,sample_publish_motion,1,52,0.2858,0.0019,0.377856
131072,sample_publish_motion,1,53,0.2839,0.0024,0.371712
131072,sample_publish_motion,1,54,0.2444,0.0015,0.37376
131072,sample_publish_motion,1,55,0.2818,0.001899,0.371712
131072,sample_publish_motion,1,56,0.2035,0.001601,0.371712
131072,sample_publish_motion,1,57,0.196001,0.0023,0.386048
131072,sample_publish_motion,1,58,0.2012,0.0019,0.37376
131072,sample_publish_motion,1,59,0.199799,0.0016,0.37376
131072,sample_publish_motion,1,60,0.280601,0.001501,0.361472
131072,sample_publish_motion,1,61,0.1965,0.0017,0.37376
131072,sample_publish_motion,1,62,0.1983,0.001699,0.371712
131072,sample_publish_motion,1,63,0.197399,0.001599,0.377856
131072,sample_publish_motion,1,64,0.1958,0.002,0.36864
131072,sample_publish_motion,1,65,0.1968,0.0018,0.367616
131072,sample_publish_motion,1,66,0.1951,0.0022,0.376832
131072,sample_publish_motion,1,67,0.2078,0.001699,0.375808
131072,sample_publish_motion,1,68,0.1997,0.0017,0.371712
131072,sample_publish_motion,1,69,0.2844,0.0031,0.395264
131072,sample_publish_motion,1,70,0.2676,0.001799,0.375808
131072,sample_publish_motion,1,71,0.234399,0.0019,0.360448
131072,sample_publish_motion,1,72,0.2223,0.002301,0.366592
131072,sample_publish_motion,1,73,0.2972,0.0018,0.37376
131072,sample_publish_motion,1,74,0.2062,0.001901,0.36864
131072,sample_publish_motion,1,75,0.2033,0.0024,0.371712
131072,sample_publish_motion,1,76,0.201,0.002201,0.382976
131072,sample_publish_motion,1,77,0.211301,0.0016,0.369664
131072,sample_publish_motion,1,78,0.2159,0.0021,0.346112
131072,sample_publish_motion,1,79,0.201,0.0023,0.372736
131072,sample_publish_motion,1,80,0.2862,0.001799,0.359424
131072,sample_publish_motion,1,81,0.1992,0.002,0.36864
131072,sample_publish_motion,1,82,0.1975,0.0024,0.369664
131072,sample_publish_motion,1,83,0.199401,0.001699,0.376832
131072,sample_publish_motion,1,84,0.197601,0.0016,0.36864
131072,sample_publish_motion,1,85,0.1981,0.0021,0.356352
131072,sample_publish_motion,1,86,0.202099,0.0019,0.371712
131072,sample_publish_motion,1,87,0.216901,0.0017,0.3584
131072,sample_publish_motion,1,88,0.200001,0.0021,0.374784
131072,sample_publish_motion,1,89,0.200301,0.0018,0.374784
131072,sample_publish_motion,1,90,0.197899,0.002501,0.37888
131072,sample_publish_motion,1,91,0.2365,0.001901,0.376832
131072,sample_publish_motion,1,92,0.1986,0.002,0.346112
131072,sample_publish_motion,1,93,0.2011,0.0017,0.367616
131072,sample_publish_motion,1,94,0.202299,0.001699,0.362496
131072,sample_publish_motion,1,95,0.1998,0.0016,0.41472
131072,sample_publish_motion,1,96,0.2067,0.001799,0.382976
131072,sample_publish_motion,1,97,0.200101,0.001801,0.370688
131072,sample_publish_motion,1,98,0.1971,0.0018,0.444416
131072,sample_publish_motion,1,99,0.196099,0.002099,0.364544
131072,sample_publish_motion,1,100,0.2023,0.0018,0.370688
131072,sample_publish_motion,1,101,0.201601,0.0022,0.361472
131072,sample_publish_motion,1,102,0.196801,0.0018,0.37888
131072,sample_publish_motion,1,103,0.2135,0.0017,0.37888
131072,sample_publish_motion,1,104,0.2211,0.0019,0.360448
131072,sample_publish_motion,1,105,0.2137,0.002201,0.377856
131072,sample_publish_motion,1,106,0.2168,0.0024,0.37376
131072,sample_publish_motion,1,107,0.2198,0.0018,0.380928
131072,sample_publish_motion,1,108,0.219399,0.001899,0.375808
131072,sample_publish_motion,1,109,0.2186,0.002301,0.375808
131072,sample_publish_motion,1,110,0.2205,0.001899,0.390144
131072,sample_publish_motion,1,111,0.2214,0.0017,0.377856
131072,sample_publish_motion,1,112,0.2252,0.0017,0.374784
131072,sample_publish_motion,1,113,0.222501,0.0018,0.392192
131072,sample_publish_motion,1,114,0.2226,0.001701,0.380928
131072,sample_publish_motion,1,115,0.2222,0.0019,0.382976
131072,sample_publish_motion,1,116,0.3158,0.001901,0.390144
131072,sample_publish_motion,1,117,0.2218,0.002001,0.381952
131072,sample_publish_motion,1,118,0.223001,0.002,0.37888
131072,sample_publish_motion,1,119,0.2253,0.001901,0.379904
131072,sample_publish_motion,2,0,0.2043,0.0026,0.345088
131072,sample_publish_motion,2,1,0.2014,0.0026,0.36864
131072,sample_publish_motion,2,2,0.2856,0.0021,0.357376
131072,sample_publish_motion,2,3,0.2078,0.002,0.37376
131072,sample_publish_motion,2,4,0.1993,0.002101,0.355328
131072,sample_publish_motion,2,5,0.201601,0.0022,0.365568
131072,sample_publish_motion,2,6,0.249301,0.002199,0.372736
131072,sample_publish_motion,2,7,0.2332,0.002201,0.354304
131072,sample_publish_motion,2,8,0.216901,0.0019,0.374784
131072,sample_publish_motion,2,9,0.209401,0.001901,0.367616
131072,sample_publish_motion,2,10,0.204399,0.002199,0.372736
131072,sample_publish_motion,2,11,0.201801,0.0022,0.406528
131072,sample_publish_motion,2,12,0.7094,0.001799,0.361472
131072,sample_publish_motion,2,13,0.671299,0.002,0.36864
131072,sample_publish_motion,2,14,0.230601,0.001901,0.352256
131072,sample_publish_motion,2,15,0.219499,0.0017,0.364544
131072,sample_publish_motion,2,16,0.2141,0.002001,0.350208
131072,sample_publish_motion,2,17,0.2162,0.002001,0.350208
131072,sample_publish_motion,2,18,0.209001,0.0018,0.347136
131072,sample_publish_motion,2,19,0.2176,0.0017,0.35328
131072,sample_publish_motion,2,20,0.201999,0.0021,0.360448
131072,sample_publish_motion,2,21,0.2046,0.002099,0.361472
131072,sample_publish_motion,2,22,0.2007,0.002201,0.339968
131072,sample_publish_motion,2,23,0.2026,0.0025,0.35328
131072,sample_publish_motion,2,24,0.2798,0.0022,0.351232
131072,sample_publish_motion,2,25,0.203801,0.002,0.350208
131072,sample_publish_motion,2,26,0.2026,0.001999,0.354304
131072,sample_publish_motion,2,27,0.200899,0.0021,0.357376
131072,sample_publish_motion,2,28,0.205701,0.0021,0.346112
131072,sample_publish_motion,2,29,0.205201,0.0021,0.339968
131072,sample_publish_motion,2,30,0.2003,0.0018,0.346112
131072,sample_publish_motion,2,31,0.1982,0.001899,0.355328
131072,sample_publish_motion,2,32,0.198601,0.001799,0.356352
131072,sample_publish_motion,2,33,0.197199,0.001799,0.35328
131072,sample_publish_motion,2,34,0.195999,0.002201,0.352256
131072,sample_publish_motion,2,35,0.196901,0.0022,0.34816
131072,sample_publish_motion,2,36,0.200501,0.001899,0.342016
131072,sample_publish_motion,2,37,0.199,0.002,0.34816
131072,sample_publish_motion,2,38,0.196999,0.0021,0.359424
131072,sample_publish_motion,2,39,0.2828,0.002,0.354304
131072,sample_publish_motion,2,40,0.196,0.002301,0.333824
131072,sample_publish_motion,2,41,0.2003,0.0019,0.34304
131072,sample_publish_motion,2,42,0.199401,0.002,0.342016
131072,sample_publish_motion,2,43,0.1982,0.0022,0.35328
131072,sample_publish_motion,2,44,0.206099,0.0022,0.349184
131072,sample_publish_motion,2,45,0.2014,0.002,0.344064
131072,sample_publish_motion,2,46,0.2016,0.0039,0.361472
131072,sample_publish_motion,2,47,0.695601,0.0023,0.362496
131072,sample_publish_motion,2,48,0.589001,0.0025,0.375808
131072,sample_publish_motion,2,49,1.0182,0.0024,0.374784
131072,sample_publish_motion,2,50,0.9005,0.0025,0.361472
131072,sample_publish_motion,2,51,0.7747,0.0024,0.37376
131072,sample_publish_motion,2,52,0.7753,0.0022,0.418816
131072,sample_publish_motion,2,53,0.6378,0.002199,0.359424
131072,sample_publish_motion,2,54,0.636301,0.002401,0.379904
131072,sample_publish_motion,2,55,0.9861,0.002499,0.379904
131072,sample_publish_motion,2,56,0.8258,0.0023,0.374784
131072,sample_publish_motion,2,57,0.690601,0.0026,0.379904
131072,sample_publish_motion,2,58,0.4806,0.0026,0.371712
131072,sample_publish_motion,2,59,0.4135,0.0023,0.36352
131072,sample_publish_motion,2,60,0.4439,0.0025,0.364544
131072,sample_publish_motion,2,61,1.1229,0.0024,0.382976
131072,sample_publish_motion,2,62,0.9134,0.002301,0.376832
131072,sample_publish_motion,2,63,0.7064,0.002299,0.385024
131072,sample_publish_motion,2,64,1.424501,0.0032,0.360448
131072,sample_publish_motion,2,65,1.6171,0.0026,0.365568
131072,sample_publish_motion,2,66,1.0433,0.002299,0.376832
131072,sample_publish_motion,2,67,1.0549,0.0025,0.37888
131072,sample_publish_motion,2,68,0.9176,0.0025,0.377856
131072,sample_publish_motion,2,69,0.895799,0.002399,0.375808
131072,sample_publish_motion,2,70,1.5045,0.0023,0.37376
131072,sample_publish_motion,2,71,1.171799,0.003,0.415744
131072,sample_publish_motion,2,72,0.998299,0.002399,0.375808
131072,sample_publish_motion,2,73,1.5097,0.0024,0.379904
131072,sample_publish_motion,2,74,1.2362,0.0025,0.374784
131072,sample_publish_motion,2,75,0.878001,0.002499,0.377856
131072,sample_publish_motion,2,76,0.563001,0.0026,0.384
131072,sample_publish_motion,2,77,0.895599,0.0023,0.379904
131072,sample_publish_motion,2,78,0.9617,0.0024,0.364544
131072,sample_publish_motion,2,79,0.995801,0.0025,0.375808
131072,sample_publish_motion,2,80,0.965101,0.0041,0.36352
131072,sample_publish_motion,2,81,0.9326,0.002401,0.365568
131072,sample_publish_motion,2,82,0.8551,0.0024,0.381952
131072,sample_publish_motion,2,83,0.9058,0.002499,0.37888
131072,sample_publish_motion,2,84,0.830399,0.002501,0.386048
131072,sample_publish_motion,2,85,0.4486,0.002499,0.36352
131072,sample_publish_motion,2,86,0.8398,0.0023,0.364544
131072,sample_publish_motion,2,87,0.7412,0.0025,0.375808
131072,sample_publish_motion,2,88,1.567,0.0023,0.36352
131072,sample_publish_motion,2,89,0.928699,0.0024,0.395264
131072,sample_publish_motion,2,90,0.770201,0.0024,0.382976
131072,sample_publish_motion,2,91,0.7842,0.002501,0.362496
131072,sample_publish_motion,2,92,0.5659,0.0024,0.369664
131072,sample_publish_motion,2,93,0.9726,0.0023,0.361472
131072,sample_publish_motion,2,94,0.9484,0.0024,0.364544
131072,sample_publish_motion,2,95,1.129601,0.002401,0.374784
131072,sample_publish_motion,2,96,1.005,0.0023,0.36864
131072,sample_publish_motion,2,97,0.8255,0.0025,0.374784
131072,sample_publish_motion,2,98,0.7076,0.002399,0.37888
131072,sample_publish_motion,2,99,0.6198,0.002199,0.371712
131072,sample_publish_motion,2,100,0.585899,0.0024,0.374784
131072,sample_publish_motion,2,101,0.548401,0.0037,0.365568
131072,sample_publish_motion,2,102,0.618401,0.002701,0.33792
131072,sample_publish_motion,2,103,0.2184,0.0023,0.346112
131072,sample_publish_motion,2,104,0.2139,0.002301,0.355328
131072,sample_publish_motion,2,105,0.2147,0.0022,0.354304
131072,sample_publish_motion,2,106,0.2176,0.0024,0.352256
131072,sample_publish_motion,2,107,0.2135,0.0024,0.34304
131072,sample_publish_motion,2,108,0.2098,0.002401,0.365568
131072,sample_publish_motion,2,109,0.209299,0.002299,0.359424
131072,sample_publish_motion,2,110,0.2082,0.002199,0.352256
131072,sample_publish_motion,2,111,0.2062,0.001899,0.3584
131072,sample_publish_motion,2,112,0.2064,0.0022,0.355328
131072,sample_publish_motion,2,113,0.216699,0.0024,0.342016
131072,sample_publish_motion,2,114,0.2106,0.0018,0.34816
131072,sample_publish_motion,2,115,0.2065,0.0018,0.3584
131072,sample_publish_motion,2,116,0.204,0.0019,0.352256
131072,sample_publish_motion,2,117,0.201999,0.001901,0.354304
131072,sample_publish_motion,2,118,0.201499,0.0022,0.36352
131072,sample_publish_motion,2,119,0.1988,0.002499,0.346112
131072,sample_publish_motion,3,0,0.200301,0.0028,0.386048
131072,sample_publish_motion,3,1,0.241401,0.0022,0.384
131072,sample_publish_motion,3,2,0.2432,0.0026,0.4096
131072,sample_publish_motion,3,3,0.2537,0.002301,0.388096
131072,sample_publish_motion,3,4,0.2316,0.0021,0.388096
131072,sample_publish_motion,3,5,0.2257,0.0022,0.387072
131072,sample_publish_motion,3,6,0.233,0.002401,0.386048
131072,sample_publish_motion,3,7,0.226599,0.002901,0.403456
131072,sample_publish_motion,3,8,0.260401,0.0022,0.391168
131072,sample_publish_motion,3,9,0.2242,0.002199,0.387072
131072,sample_publish_motion,3,10,0.226299,0.002201,0.397312
131072,sample_publish_motion,3,11,0.226901,0.002901,0.390144
131072,sample_publish_motion,3,12,0.227499,0.0025,0.382976
131072,sample_publish_motion,3,13,0.2312,0.0021,0.397312
131072,sample_publish_motion,3,14,0.2261,0.002001,0.398336
131072,sample_publish_motion,3,15,0.2294,0.002501,0.382976
131072,sample_publish_motion,3,16,0.2296,0.002099,0.387072
131072,sample_publish_motion,3,17,0.2371,0.002199,0.386048
131072,sample_publish_motion,3,18,0.228,0.0022,0.412672
131072,sample_publish_motion,3,19,0.230299,0.002099,0.386048
131072,sample_publish_motion,3,20,0.223,0.002099,0.395264
131072,sample_publish_motion,3,21,0.233,0.0022,0.374784
131072,sample_publish_motion,3,22,0.230901,0.0022,0.361472
131072,sample_publish_motion,3,23,0.2389,0.0026,0.372736
131072,sample_publish_motion,3,24,0.2301,0.002401,0.379904
131072,sample_publish_motion,3,25,0.2317,0.0025,0.379904
131072,sample_publish_motion,3,26,0.242,0.002301,0.377856
131072,sample_publish_motion,3,27,0.237599,0.0025,0.386048
131072,sample_publish_motion,3,28,0.2965,0.0024,0.379904
131072,sample_publish_motion,3,29,0.269701,0.002099,0.391168
131072,sample_publish_motion,3,30,0.257401,0.0021,0.379904
131072,sample_publish_motion,3,31,0.2545,0.002101,0.382976
131072,sample_publish_motion,3,32,0.246701,0.0023,0.415744
131072,sample_publish_motion,3,33,0.378901,0.0024,0.393216
131072,sample_publish_motion,3,34,0.301701,0.0026,0.371712
131072,sample_publish_motion,3,35,0.245899,0.0024,0.387072
131072,sample_publish_motion,3,36,0.239,0.0022,0.388096
131072,sample_publish_motion,3,37,0.2367,0.0022,0.390144
131072,sample_publish_motion,3,38,0.2366,0.002499,0.382976
131072,sample_publish_motion,3,39,0.236401,0.0022,0.388096
131072,sample_publish_motion,3,40,0.234099,0.0025,0.384
131072,sample_publish_motion,3,41,0.2314,0.0021,0.382976
131072,sample_publish_motion,3,42,0.2366,0.0025,0.375808
131072,sample_publish_motion,3,43,0.2294,0.0022,0.379904
131072,sample_publish_motion,3,44,0.228001,0.002301,0.380928
131072,sample_publish_motion,3,45,0.2332,0.001999,0.385024
131072,sample_publish_motion,3,46,0.230299,0.0022,0.379904
131072,sample_publish_motion,3,47,0.2339,0.002301,0.390144
131072,sample_publish_motion,3,48,0.2287,0.002201,0.38912
131072,sample_publish_motion,3,49,0.227001,0.0023,0.377856
131072,sample_publish_motion,3,50,0.226499,0.002201,0.384
131072,sample_publish_motion,3,51,0.2338,0.002099,0.374784
131072,sample_publish_motion,3,52,0.2375,0.0022,0.359424
131072,sample_publish_motion,3,53,0.2373,0.002201,0.382976
131072,sample_publish_motion,3,54,0.2388,0.002301,0.370688
131072,sample_publish_motion,3,55,0.235799,0.002501,0.374784
131072,sample_publish_motion,3,56,0.2332,0.002499,0.352256
131072,sample_publish_motion,3,57,0.223099,0.0022,0.377856
131072,sample_publish_motion,3,58,0.243,0.002001,0.366592
131072,sample_publish_motion,3,59,0.2295,0.003001,0.357376
131072,sample_publish_motion,3,60,0.311801,0.002,0.375808
131072,sample_publish_motion,3,61,0.2201,0.0022,0.3584
131072,sample_publish_motion,3,62,0.215999,0.002,0.362496
131072,sample_publish_motion,3,63,0.214399,0.002101,0.347136
131072,sample_publish_motion,3,64,0.214,0.0026,0.36864
131072,sample_publish_motion,3,65,0.2743,0.002099,0.369664
131072,sample_publish_motion,3,66,0.2145,0.002,0.360448
131072,sample_publish_motion,3,67,0.2119,0.0018,0.366592
131072,sample_publish_motion,3,68,0.2072,0.002101,0.357376
131072,sample_publish_motion,3,69,0.242799,0.002201,0.364544
131072,sample_publish_motion,3,70,0.217,0.0021,0.350208
131072,sample_publish_motion,3,71,0.213501,0.002,0.36352
131072,sample_publish_motion,3,72,0.2979,0.0019,0.36864
131072,sample_publish_motion,3,73,0.211801,0.0019,0.350208
131072,sample_publish_motion,3,74,0.2063,0.002001,0.36352
131072,sample_publish_motion,3,75,0.2031,0.002,0.346112
131072,sample_publish_motion,3,76,0.204701,0.002501,0.369664
131072,sample_publish_motion,3,77,0.2639,0.002,0.350208
131072,sample_publish_motion,3,78,0.205,0.002,0.36864
131072,sample_publish_motion,3,79,0.2045,0.0022,0.36352
131072,sample_publish_motion,3,80,0.2066,0.002,0.370688
131072,sample_publish_motion,3,81,0.2831,0.0018,0.370688
131072,sample_publish_motion,3,82,0.2055,0.002599,0.361472
131072,sample_publish_motion,3,83,0.285701,0.0019,0.36864
131072,sample_publish_motion,3,84,0.2453,0.001799,0.35328
131072,sample_publish_motion,3,85,0.2296,0.001901,0.366592
131072,sample_publish_motion,3,86,0.218,0.002099,0.374784
131072,sample_publish_motion,3,87,0.215101,0.0019,0.346112
131072,sample_publish_motion,3,88,0.2103,0.0018,0.370688
131072,sample_publish_motion,3,89,0.208499,0.001901,0.35328
131072,sample_publish_motion,3,90,0.220599,0.0018,0.362496
131072,sample_publish_motion,3,91,0.2111,0.0018,0.364544
131072,sample_publish_motion,3,92,0.2207,0.0017,0.382976
131072,sample_publish_motion,3,93,0.284999,0.001799,0.372736
131072,sample_publish_motion,3,94,0.205,0.001901,0.34304
131072,sample_publish_motion,3,95,0.2017,0.0018,0.359424
131072,sample_publish_motion,3,96,0.202499,0.0019,0.351232
131072,sample_publish_motion,3,97,0.2026,0.001699,0.365568
131072,sample_publish_motion,3,98,0.201701,0.0019,0.351232
131072,sample_publish_motion,3,99,0.2045,0.0017,0.367616
131072,sample_publish_motion,3,100,0.200901,0.002199,0.370688
131072,sample_publish_motion,3,101,0.203,0.0019,0.354304
131072,sample_publish_motion,3,102,0.2064,0.0024,0.371712
131072,sample_publish_motion,3,103,0.294,0.0021,0.349184
131072,sample_publish_motion,3,104,0.2026,0.0022,0.384
131072,sample_publish_motion,3,105,0.2072,0.002501,0.362496
131072,sample_publish_motion,3,106,0.2029,0.001799,0.370688
131072,sample_publish_motion,3,107,0.2002,0.001801,0.366592
131072,sample_publish_motion,3,108,0.200799,0.002,0.352256
131072,sample_publish_motion,3,109,0.2027,0.001801,0.360448
131072,sample_publish_motion,3,110,0.207001,0.002901,0.35328
131072,sample_publish_motion,3,111,0.2937,0.0024,0.36352
131072,sample_publish_motion,3,112,0.2057,0.0019,0.355328
131072,sample_publish_motion,3,113,0.2073,0.0017,0.360448
131072,sample_publish_motion,3,114,0.2029,0.001999,0.34816
131072,sample_publish_motion,3,115,0.2036,0.0019,0.364544
131072,sample_publish_motion,3,116,0.2019,0.001699,0.365568
131072,sample_publish_motion,3,117,0.2037,0.0019,0.350208
131072,sample_publish_motion,3,118,0.2026,0.0017,0.36352
131072,sample_publish_motion,3,119,0.1996,0.002,0.356352
131072,delta_sample_publish_motion,1,0,0.2266,1.7494,2.516992
131072,delta_sample_publish_motion,1,1,0.2257,1.7111,2.806784
131072,delta_sample_publish_motion,1,2,0.225,1.6964,2.781184
131072,delta_sample_publish_motion,1,3,0.2254,1.6891,2.84672
131072,delta_sample_publish_motion,1,4,0.2204,1.691101,2.857984
131072,delta_sample_publish_motion,1,5,0.2232,1.7002,2.847744
131072,delta_sample_publish_motion,1,6,0.2254,1.707001,2.947072
131072,delta_sample_publish_motion,1,7,0.2257,1.6902,2.64192
131072,delta_sample_publish_motion,1,8,0.223501,1.690499,2.741248
131072,delta_sample_publish_motion,1,9,0.224501,1.6553,2.74432
131072,delta_sample_publish_motion,1,10,0.225301,1.634701,2.814976
131072,delta_sample_publish_motion,1,11,0.228301,1.658501,2.945024
131072,delta_sample_publish_motion,1,12,0.2296,1.657,2.989056
131072,delta_sample_publish_motion,1,13,0.224801,1.664001,2.992128
131072,delta_sample_publish_motion,1,14,0.223099,1.6536,2.7136
131072,delta_sample_publish_motion,1,15,0.2273,1.6511,2.69312
131072,delta_sample_publish_motion,1,16,0.224001,1.682901,2.651136
131072,delta_sample_publish_motion,1,17,0.2244,1.6692,2.819072
131072,delta_sample_publish_motion,1,18,0.2253,1.614499,2.720768
131072,delta_sample_publish_motion,1,19,0.2289,1.6498,2.842624
131072,delta_sample_publish_motion,1,20,0.226199,1.5784,2.425856
131072,delta_sample_publish_motion,1,21,0.214901,1.577599,2.113536
131072,delta_sample_publish_motion,1,22,0.225199,1.5858,2.361344
131072,delta_sample_publish_motion,1,23,0.234299,1.653899,2.322432
131072,delta_sample_publish_motion,1,24,0.2299,1.634899,2.475008
131072,delta_sample_publish_motion,1,25,0.2235,1.649301,4.409344
131072,delta_sample_publish_motion,1,26,0.216801,1.667301,2.52928
131072,delta_sample_publish_motion,1,27,0.2138,1.6432,2.587648
131072,delta_sample_publish_motion,1,28,0.2218,1.689001,2.37568
131072,delta_sample_publish_motion,1,29,0.211401,1.6704,2.39104
131072,delta_sample_publish_motion,1,30,0.2066,1.6693,2.434048
131072,delta_sample_publish_motion,1,31,0.2067,2.6209,2.547712
131072,delta_sample_publish_motion,1,32,0.2102,1.6689,2.522112
131072,delta_sample_publish_motion,1,33,0.2101,1.6626,2.551808
131072,delta_sample_publish_motion,1,34,0.205401,1.667,2.67264
131072,delta_sample_publish_motion,1,35,0.2034,1.6337,2.306048
131072,delta_sample_publish_motion,1,36,0.204799,1.666299,2.4832
131072,delta_sample_publish_motion,1,37,0.200999,1.6647,2.518016
131072,delta_sample_publish_motion,1,38,0.202099,1.6759,2.538496
131072,delta_sample_publish_motion,1,39,0.2011,1.6937,2.610176
131072,delta_sample_publish_motion,1,40,0.2559,1.6864,2.654208
131072,delta_sample_publish_motion,1,41,0.2305,1.6654,2.711552
131072,delta_sample_publish_motion,1,42,0.2214,1.6711,2.378752
131072,delta_sample_publish_motion,1,43,0.2127,1.6429,2.418688
131072,delta_sample_publish_motion,1,44,0.2099,1.6526,2.436096
131072,delta_sample_publish_motion,1,45,0.208299,1.663201,2.514944
131072,delta_sample_publish_motion,1,46,0.2031,1.638401,2.486272
131072,delta_sample_publish_motion,1,47,0.2023,1.6399,2.545664
131072,delta_sample_publish_motion,1,48,0.2014,1.6545,2.695168
131072,delta_sample_publish_motion,1,49,0.199499,1.635499,2.308096
131072,delta_sample_publish_motion,1,50,0.197599,1.645901,2.465792
131072,delta_sample_publish_motion,1,51,0.1961,1.648299,2.835456
131072,delta_sample_publish_motion,1,52,0.196401,1.6188,2.597888
131072,delta_sample_publish_motion,1,53,0.1991,1.656,2.556928
131072,delta_sample_publish_motion,1,54,0.199301,1.657699,2.553856
131072,delta_sample_publish_motion,1,55,0.198001,1.652101,2.6624
131072,delta_sample_publish_motion,1,56,0.209699,1.6871,2.292736
131072,delta_sample_publish_motion,1,57,0.207899,1.653999,2.54464
131072,delta_sample_publish_motion,1,58,0.1979,1.6408,2.412544
131072,delta_sample_publish_motion,1,59,0.198901,1.661499,2.54976
131072,delta_sample_publish_motion,1,60,0.1986,1.6525,2.44224
131072,delta_sample_publish_motion,1,61,0.1981,1.6642,2.578432
131072,delta_sample_publish_motion,1,62,0.197001,1.675399,2.688
131072,delta_sample_publish_motion,1,63,0.2126,1.6548,3.166208
131072,delta_sample_publish_motion,1,64,0.2037,1.638,3.170304
131072,delta_sample_publish_motion,1,65,0.216499,1.6626,3.217408
131072,delta_sample_publish_motion,1,66,0.2026,1.645101,3.190784
131072,delta_sample_publish_motion,1,67,0.204801,1.6612,3.303424
131072,delta_sample_publish_motion,1,68,0.2084,1.6202,3.171328
131072,delta_sample_publish_motion,1,69,0.1999,1.6683,3.463168
131072,delta_sample_publish_motion,1,70,0.1982,1.6481,3.182592
131072,delta_sample_publish_motion,1,71,0.2063,1.6481,3.19488
131072,delta_sample_publish_motion,1,72,0.2017,1.6587,3.227648
131072,delta_sample_publish_motion,1,73,0.197499,1.6332,3.171328
131072,delta_sample_publish_motion,1,74,0.1994,1.652001,3.290112
131072,delta_sample_publish_motion,1,75,0.2004,1.656201,3.18976
131072,delta_sample_publish_motion,1,76,0.1992,1.658299,3.44576
131072,delta_sample_publish_motion,1,77,0.195699,1.700199,3.18464
131072,delta_sample_publish_motion,1,78,0.1987,1.7222,3.173376
131072,delta_sample_publish_motion,1,79,0.1969,1.782699,3.216384
131072,delta_sample_publish_motion,1,80,0.197199,1.8587,3.196928
131072,delta_sample_publish_motion,1,81,0.2808,1.9126,3.296256
131072,delta_sample_publish_motion,1,82,0.1995,1.971,3.192832
131072,delta_sample_publish_motion,1,83,0.196999,2.0637,3.462144
131072,delta_sample_publish_motion,1,84,0.201,2.1521,3.188736
131072,delta_sample_publish_motion,1,85,0.1981,2.2175,3.175424
131072,delta_sample_publish_motion,1,86,0.2107,2.386,3.218432
131072,delta_sample_publish_motion,1,87,0.220499,2.456501,3.173376
131072,delta_sample_publish_motion,1,88,0.290999,2.563499,3.283968
131072,delta_sample_publish_motion,1,89,0.2038,2.512299,3.171328
131072,delta_sample_publish_motion,1,90,0.200199,2.5491,3.453952
131072,delta_sample_publish_motion,1,91,0.1985,2.6139,3.171328
131072,delta_sample_publish_motion,1,92,0.1992,2.562,3.170304
131072,delta_sample_publish_motion,1,93,0.281401,2.665801,3.221504
131072,delta_sample_publish_motion,1,94,0.2621,2.8298,3.176448
131072,delta_sample_publish_motion,1,95,0.2211,2.672199,3.330048
131072,delta_sample_publish_motion,1,96,0.208299,2.593501,3.175424
131072,delta_sample_publish_motion,1,97,0.2063,2.6817,3.446784
131072,delta_sample_publish_motion,1,98,0.2032,2.6328,3.178496
131072,delta_sample_publish_motion,1,99,0.2007,2.6711,3.177472
131072,delta_sample_publish_motion,1,100,0.1972,2.6602,3.23072
131072,delta_sample_publish_motion,1,101,0.2004,2.693299,3.183616
131072,delta_sample_publish_motion,1,102,0.2829,2.651,3.29728
131072,delta_sample_publish_motion,1,103,0.195,2.6777,3.1744
131072,delta_sample_publish_motion,1,104,0.205,2.7586,3.43552
131072,delta_sample_publish_motion,1,105,0.1987,2.6775,3.171328
131072,delta_sample_publish_motion,1,106,0.1973,2.823401,3.181568
131072,delta_sample_publish_motion,1,107,0.2326,2.7823,3.263488
131072,delta_sample_publish_motion,1,108,0.2163,2.672901,3.187712
131072,delta_sample_publish_motion,1,109,0.212801,2.6567,3.301376
131072,delta_sample_publish_motion,1,110,0.205299,2.6585,3.202048
131072,delta_sample_publish_motion,1,111,0.2002,2.6733,3.453952
131072,delta_sample_publish_motion,1,112,0.200201,2.665299,3.181568
131072,delta_sample_publish_motion,1,113,0.1976,2.6412,3.178496
131072,delta_sample_publish_motion,1,114,0.193799,2.5969,3.227648
131072,delta_sample_publish_motion,1,115,0.1961,2.6656,3.182592
131072,delta_sample_publish_motion,1,116,0.197,2.1646,3.278848
131072,delta_sample_publish_motion,1,117,0.2023,2.5526,3.1744
131072,delta_sample_publish_motion,1,118,0.200999,2.59,3.44576
131072,delta_sample_publish_motion,1,119,0.1992,2.622799,3.1744
131072,delta_sample_publish_motion,2,0,0.193701,1.627499,2.236416
131072,delta_sample_publish_motion,2,1,0.1952,1.6223,2.327552
131072,delta_sample_publish_motion,2,2,0.197099,1.64,2.60096
131072,delta_sample_publish_motion,2,3,0.1951,1.649101,2.615296
131072,delta_sample_publish_motion,2,4,0.1973,1.641201,2.57024
131072,delta_sample_publish_motion,2,5,0.1933,1.616,2.576384
131072,delta_sample_publish_motion,2,6,0.1942,1.6471,2.340864
131072,delta_sample_publish_motion,2,7,0.1992,1.642401,2.399232
131072,delta_sample_publish_motion,2,8,0.192,1.638701,2.412544
131072,delta_sample_publish_motion,2,9,0.192201,1.6367,2.471936
131072,delta_sample_publish_motion,2,10,0.203,1.626601,2.57024
131072,delta_sample_publish_motion,2,11,0.195,1.626999,2.551808
131072,delta_sample_publish_motion,2,12,0.195699,1.6589,2.67776
131072,delta_sample_publish_motion,2,13,0.1926,1.619401,2.383872
131072,delta_sample_publish_motion,2,14,0.193,1.6331,2.522112
131072,delta_sample_publish_motion,2,15,0.199901,1.6472,2.510848
131072,delta_sample_publish_motion,2,16,0.257299,1.7292,2.603008
131072,delta_sample_publish_motion,2,17,0.2843,1.694,2.509824
131072,delta_sample_publish_motion,2,18,0.2739,1.715201,2.676736
131072,delta_sample_publish_motion,2,19,0.265501,1.7275,2.685952
131072,delta_sample_publish_motion,2,20,0.2448,1.7376,2.330624
131072,delta_sample_publish_motion,2,21,0.2322,1.7571,2.449408
131072,delta_sample_publish_motion,2,22,0.2217,1.8265,2.484224
131072,delta_sample_publish_motion,2,23,0.214601,1.8852,2.578432
131072,delta_sample_publish_motion,2,24,0.2084,1.964999,2.497536
131072,delta_sample_publish_motion,2,25,0.2092,2.066899,2.58048
131072,delta_sample_publish_motion,2,26,0.2026,2.1628,2.628608
131072,delta_sample_publish_motion,2,27,0.1994,2.241399,2.335744
131072,delta_sample_publish_motion,2,28,0.217501,2.518001,2.502656
131072,delta_sample_publish_motion,2,29,0.232,2.512399,2.432
131072,delta_sample_publish_motion,2,30,0.217101,2.580701,2.486272
131072,delta_sample_publish_motion,2,31,0.207501,2.581,2.561024
131072,delta_sample_publish_motion,2,32,0.2026,2.5428,2.484224
131072,delta_sample_publish_motion,2,33,0.203,2.6213,2.584576
131072,delta_sample_publish_motion,2,34,0.200199,2.6396,2.246656
131072,delta_sample_publish_motion,2,35,0.2035,2.6478,2.562048
131072,delta_sample_publish_motion,2,36,0.2896,2.6719,2.306048
131072,delta_sample_publish_motion,2,37,0.268401,2.673899,2.58048
131072,delta_sample_publish_motion,2,38,0.269999,2.6622,2.495488
131072,delta_sample_publish_motion,2,39,0.2557,2.6676,2.47808
131072,delta_sample_publish_motion,2,40,0.2399,2.6746,2.694144
131072,delta_sample_publish_motion,2,41,0.242999,2.681999,2.286592
131072,delta_sample_publish_motion,2,42,0.2545,2.6607,2.427904
131072,delta_sample_publish_motion,2,43,0.243701,2.652001,2.504704
131072,delta_sample_publish_motion,2,44,0.2557,2.6716,2.440192
131072,delta_sample_publish_motion,2,45,0.2431,2.650499,2.390016
131072,delta_sample_publish_motion,2,46,0.2456,2.688199,2.46272
131072,delta_sample_publish_motion,2,47,0.2442,2.6659,2.461696
131072,delta_sample_publish_motion,2,48,0.2373,2.647001,2.316288
131072,delta_sample_publish_motion,2,49,0.235901,2.645801,2.304
131072,delta_sample_publish_motion,2,50,0.241999,2.631999,2.379776
131072,delta_sample_publish_motion,2,51,0.236699,2.6614,2.515968
131072,delta_sample_publish_motion,2,52,0.2364,2.646799,2.436096
131072,delta_sample_publish_motion,2,53,0.2361,2.6982,2.413568
131072,delta_sample_publish_motion,2,54,0.2097,2.6778,2.528256
131072,delta_sample_publish_motion,2,55,0.248099,2.697199,2.282496
131072,delta_sample_publish_motion,2,56,0.2532,2.6754,2.42176
131072,delta_sample_publish_motion,2,57,0.2433,2.6372,3.42528
131072,delta_sample_publish_motion,2,58,0.241699,2.6918,2.458624
131072,delta_sample_publish_motion,2,59,0.254,2.6766,2.419712
131072,delta_sample_publish_motion,2,60,0.2436,2.673999,2.556928
131072,delta_sample_publish_motion,2,61,0.272501,2.487,2.383872
131072,delta_sample_publish_motion,2,62,0.261201,2.6748,2.35008
131072,delta_sample_publish_motion,2,63,0.250001,2.6301,2.308096
131072,delta_sample_publish_motion,2,64,0.2426,2.635301,2.306048
131072,delta_sample_publish_motion,2,65,0.243599,2.6515,2.466816
131072,delta_sample_publish_motion,2,66,0.2376,2.6681,2.532352
131072,delta_sample_publish_motion,2,67,0.2241,2.714201,2.42176
131072,delta_sample_publish_motion,2,68,0.19,2.221999,2.352128
131072,delta_sample_publish_motion,2,69,0.1907,2.541199,2.121728
131072,delta_sample_publish_motion,2,70,0.192699,2.585301,2.250752
131072,delta_sample_publish_motion,2,71,0.189801,2.696,2.381824
131072,delta_sample_publish_motion,2,72,0.1918,2.74,2.475008
131072,delta_sample_publish_motion,2,73,0.1954,2.7202,2.438144
131072,delta_sample_publish_motion,2,74,0.192399,2.6967,2.576384
131072,delta_sample_publish_motion,2,75,0.287499,2.6751,2.564096
131072,delta_sample_publish_motion,2,76,0.2641,2.6865,2.291712
131072,delta_sample_publish_motion,2,77,0.2451,2.670201,2.407424
131072,delta_sample_publish_motion,2,78,0.2503,2.6595,2.297856
131072,delta_sample_publish_motion,2,79,0.253799,2.669,2.463744
131072,delta_sample_publish_motion,2,80,0.247401,2.634901,2.465792
131072,delta_sample_publish_motion,2,81,0.227099,2.7172,2.481152
131072,delta_sample_publish_motion,2,82,0.1904,2.2392,2.417664
131072,delta_sample_publish_motion,2,83,0.1908,2.553699,2.378752
131072,delta_sample_publish_motion,2,84,0.195,2.598399,2.446336
131072,delta_sample_publish_motion,2,85,0.1916,2.6565,2.395136
131072,delta_sample_publish_motion,2,86,0.2007,2.6298,4.404224
131072,delta_sample_publish_motion,2,87,0.2006,2.6438,3.009536
131072,delta_sample_publish_motion,2,88,0.194,2.6232,3.175424
131072,delta_sample_publish_motion,2,89,0.2061,2.7585,3.46624
131072,delta_sample_publish_motion,2,90,0.209199,2.7304,3.21536
131072,delta_sample_publish_motion,2,91,0.211201,2.6677,3.178496
131072,delta_sample_publish_motion,2,92,0.2253,2.630699,3.233792
131072,delta_sample_publish_motion,2,93,0.3026,2.6301,3.177472
131072,delta_sample_publish_motion,2,94,0.2136,2.620499,3.308544
131072,delta_sample_publish_motion,2,95,0.2285,2.5605,3.167232
131072,delta_sample_publish_motion,2,96,0.31,2.561901,3.437568
131072,delta_sample_publish_motion,2,97,0.3028,2.517801,3.168256
131072,delta_sample_publish_motion,2,98,0.2904,2.5044,3.17952
131072,delta_sample_publish_motion,2,99,0.2869,2.493,3.254272
131072,delta_sample_publish_motion,2,100,0.3547,2.511699,3.16416
131072,delta_sample_publish_motion,2,101,0.283199,2.4056,3.334144
131072,delta_sample_publish_motion,2,102,0.2949,2.3926,3.181568
131072,delta_sample_publish_motion,2,103,0.280499,2.341699,3.4816
131072,delta_sample_publish_motion,2,104,0.283999,2.3599,3.182592
131072,delta_sample_publish_motion,2,105,0.283701,2.3091,3.183616
131072,delta_sample_publish_motion,2,106,0.254599,2.279,3.2768
131072,delta_sample_publish_motion,2,107,0.2427,2.1921,3.172352
131072,delta_sample_publish_motion,2,108,0.2364,2.203401,3.31264
131072,delta_sample_publish_motion,2,109,0.240199,2.2262,3.173376
131072,delta_sample_publish_motion,2,110,0.2322,2.1055,3.484672
131072,delta_sample_publish_motion,2,111,0.2345,2.1367,3.21536
131072,delta_sample_publish_motion,2,112,0.238401,2.0867,3.182592
131072,delta_sample_publish_motion,2,113,0.229801,2.0899,3.280896
131072,delta_sample_publish_motion,2,114,0.2521,2.141801,3.192832
131072,delta_sample_publish_motion,2,115,0.2406,2.0625,3.334144
131072,delta_sample_publish_motion,2,116,0.233,1.9873,3.191808
131072,delta_sample_publish_motion,2,117,0.520899,2.1519,3.501056
131072,delta_sample_publish_motion,2,118,0.5412,1.9555,3.19488
131072,delta_sample_publish_motion,2,119,0.2596,1.894301,3.182592
131072,delta_sample_publish_motion,3,0,0.2093,1.425899,3.16416
131072,delta_sample_publish_motion,3,1,0.2049,1.423401,3.191808
131072,delta_sample_publish_motion,3,2,0.2091,1.443,3.258368
131072,delta_sample_publish_motion,3,3,0.204499,1.429901,3.181568
131072,delta_sample_publish_motion,3,4,0.203299,1.4155,3.198976
131072,delta_sample_publish_motion,3,5,0.2022,1.4316,3.182592
131072,delta_sample_publish_motion,3,6,0.209,1.4261,3.173376
131072,delta_sample_publish_motion,3,7,0.199,1.430201,3.195904
131072,delta_sample_publish_motion,3,8,0.2018,1.443899,3.17952
131072,delta_sample_publish_motion,3,9,0.219001,1.4337,3.269632
131072,delta_sample_publish_motion,3,10,0.21,1.438601,3.18464
131072,delta_sample_publish_motion,3,11,0.2326,1.5405,3.178496
131072,delta_sample_publish_motion,3,12,0.2101,1.4325,3.190784
131072,delta_sample_publish_motion,3,13,0.2038,1.416701,3.207168
131072,delta_sample_publish_motion,3,14,0.203499,1.408901,3.19488
131072,delta_sample_publish_motion,3,15,0.209401,1.2445,3.171328
131072,delta_sample_publish_motion,3,16,0.208999,1.420699,3.945472
131072,delta_sample_publish_motion,3,17,0.2042,1.4216,3.18464
131072,delta_sample_publish_motion,3,18,0.2029,1.411,3.177472
131072,delta_sample_publish_motion,3,19,0.201701,1.428601,3.183616
131072,delta_sample_publish_motion,3,20,0.2017,1.414899,3.173376
131072,delta_sample_publish_motion,3,21,0.203201,1.361,3.19488
131072,delta_sample_publish_motion,3,22,0.2011,1.418901,3.181568
131072,delta_sample_publish_motion,3,23,0.201501,1.414799,3.263488
131072,delta_sample_publish_motion,3,24,0.2024,1.3921,3.182592
131072,delta_sample_publish_motion,3,25,0.199399,1.4077,3.171328
131072,delta_sample_publish_motion,3,26,0.2006,1.4223,3.187712
131072,delta_sample_publish_motion,3,27,0.2025,1.4085,3.183616
131072,delta_sample_publish_motion,3,28,0.1984,1.4197,3.233792
131072,delta_sample_publish_motion,3,29,0.202,1.4156,3.182592
131072,delta_sample_publish_motion,3,30,0.2034,1.4519,3.264512
131072,delta_sample_publish_motion,3,31,0.2027,1.408599,3.193856
131072,delta_sample_publish_motion,3,32,0.199799,1.417399,3.177472
131072,delta_sample_publish_motion,3,33,0.200299,1.4234,3.182592
131072,delta_sample_publish_motion,3,34,0.202799,1.403501,3.183616
131072,delta_sample_publish_motion,3,35,0.199299,1.4077,3.180544
131072,delta_sample_publish_motion,3,36,0.2014,1.4127,3.17952
131072,delta_sample_publish_motion,3,37,0.2011,1.4033,3.268608
131072,delta_sample_publish_motion,3,38,0.2044,1.4075,3.181568
131072,delta_sample_publish_motion,3,39,0.1996,1.4102,3.186688
131072,delta_sample_publish_motion,3,40,0.201301,1.4156,3.2
131072,delta_sample_publish_motion,3,41,0.2199,1.4001,3.180544
131072,delta_sample_publish_motion,3,42,0.2042,1.423301,3.180544
131072,delta_sample_publish_motion,3,43,0.2024,1.4103,3.202048
131072,delta_sample_publish_motion,3,44,0.2013,1.411,3.269632
131072,delta_sample_publish_motion,3,45,0.204701,1.4124,3.185664
131072,delta_sample_publish_motion,3,46,0.1993,1.408999,3.185664
131072,delta_sample_publish_motion,3,47,0.2024,1.426401,3.19488
131072,delta_sample_publish_motion,3,48,0.2019,1.404401,3.17952
131072,delta_sample_publish_motion,3,49,0.1995,1.4105,3.18464
131072,delta_sample_publish_motion,3,50,0.1985,1.415199,3.172352
131072,delta_sample_publish_motion,3,51,0.2025,1.4065,3.277824
131072,delta_sample_publish_motion,3,52,0.1996,1.4178,3.183616
131072,delta_sample_publish_motion,3,53,0.200101,1.4187,3.182592
131072,delta_sample_publish_motion,3,54,0.2008,1.4064,3.193856
131072,delta_sample_publish_motion,3,55,0.2025,1.4255,3.183616
131072,delta_sample_publish_motion,3,56,0.201399,1.4313,3.178496
131072,delta_sample_publish_motion,3,57,0.2031,1.3944,3.18464
131072,delta_sample_publish_motion,3,58,0.200499,1.414901,3.433472
131072,delta_sample_publish_motion,3,59,0.203799,1.4103,3.17952
131072,delta_sample_publish_motion,3,60,0.199601,1.4176,3.178496
131072,delta_sample_publish_motion,3,61,0.201599,1.415101,3.183616
131072,delta_sample_publish_motion,3,62,0.201901,1.411901,3.175424
131072,delta_sample_publish_motion,3,63,0.200801,1.4131,3.180544
131072,delta_sample_publish_motion,3,64,0.2028,1.416099,3.180544
131072,delta_sample_publish_motion,3,65,0.2032,1.4137,3.329024
131072,delta_sample_publish_motion,3,66,0.2016,1.420701,3.178496
131072,delta_sample_publish_motion,3,67,0.201001,1.418599,3.181568
131072,delta_sample_publish_motion,3,68,0.203,1.4212,3.178496
131072,delta_sample_publish_motion,3,69,0.2006,1.4143,3.177472
131072,delta_sample_publish_motion,3,70,0.200899,1.4093,3.2
131072,delta_sample_publish_motion,3,71,0.2327,1.458399,3.196928
131072,delta_sample_publish_motion,3,72,0.2247,1.430399,3.262464
131072,delta_sample_publish_motion,3,73,0.202801,1.4124,3.2
131072,delta_sample_publish_motion,3,74,0.204901,1.466,3.175424
131072,delta_sample_publish_motion,3,75,0.201101,1.4242,2.993152
131072,delta_sample_publish_motion,3,76,0.2011,1.4153,2.684928
131072,delta_sample_publish_motion,3,77,1.027,1.4486,2.405376
131072,delta_sample_publish_motion,3,78,1.001801,1.469,2.500608
131072,delta_sample_publish_motion,3,79,0.906699,1.466999,2.57536
131072,delta_sample_publish_motion,3,80,1.318099,1.526099,2.318336
131072,delta_sample_publish_motion,3,81,0.986901,1.515799,2.372608
131072,delta_sample_publish_motion,3,82,0.919801,1.4982,2.325504
131072,delta_sample_publish_motion,3,83,0.953701,1.5171,2.425856
131072,delta_sample_publish_motion,3,84,0.886599,1.5322,2.373632
131072,delta_sample_publish_motion,3,85,0.9052,1.511101,2.584576
131072,delta_sample_publish_motion,3,86,0.8897,1.5024,2.598912
131072,delta_sample_publish_motion,3,87,0.9713,1.5044,2.332672
131072,delta_sample_publish_motion,3,88,1.0405,1.492599,2.490368
131072,delta_sample_publish_motion,3,89,1.129001,1.465499,2.384896
131072,delta_sample_publish_motion,3,90,1.227,1.518801,2.439168
131072,delta_sample_publish_motion,3,91,1.5091,1.4149,2.521088
131072,delta_sample_publish_motion,3,92,0.933,1.442199,2.54464
131072,delta_sample_publish_motion,3,93,0.7997,1.449099,2.601984
131072,delta_sample_publish_motion,3,94,0.864901,1.472,2.410496
131072,delta_sample_publish_motion,3,95,1.3479,1.5232,2.479104
131072,delta_sample_publish_motion,3,96,0.920399,1.4947,2.47296
131072,delta_sample_publish_motion,3,97,1.0124,1.500301,2.509824
131072,delta_sample_publish_motion,3,98,1.1673,1.498901,2.4064
131072,delta_sample_publish_motion,3,99,1.2468,1.513999,2.306048
131072,delta_sample_publish_motion,3,100,0.8865,1.5034,2.5856
131072,delta_sample_publish_motion,3,101,0.980901,1.502699,2.444288
131072,delta_sample_publish_motion,3,102,1.0512,1.5016,2.43712
131072,delta_sample_publish_motion,3,103,1.2157,1.465901,2.497536
131072,delta_sample_publish_motion,3,104,1.2433,1.522199,2.511872
131072,delta_sample_publish_motion,3,105,1.018,1.504801,2.461696
131072,delta_sample_publish_motion,3,106,1.1933,1.4768,2.5088
131072,delta_sample_publish_motion,3,107,1.222101,1.516001,2.656256
131072,delta_sample_publish_motion,3,108,1.006801,1.503499,2.340864
131072,delta_sample_publish_motion,3,109,1.0805,1.5008,2.399232
131072,delta_sample_publish_motion,3,110,1.2008,1.482,2.397184
131072,delta_sample_publish_motion,3,111,1.256,1.5248,2.591744
131072,delta_sample_publish_motion,3,112,1.518001,1.412499,2.526208
131072,delta_sample_publish_motion,3,113,1.5946,1.443001,2.466816
131072,delta_sample_publish_motion,3,114,1.2002,1.463,2.558976
131072,delta_sample_publish_motion,3,115,1.2683,1.5148,2.318336
131072,delta_sample_publish_motion,3,116,0.9523,1.504,2.374656
131072,delta_sample_publish_motion,3,117,0.9708,1.508201,2.394112
131072,delta_sample_publish_motion,3,118,1.0017,1.5048,2.502656
131072,delta_sample_publish_motion,3,119,1.0341,1.5171,2.342912
131072,compact_delta_sample_publish_motion,1,0,0.1716,0.9894,1.692672
131072,compact_delta_sample_publish_motion,1,1,0.176301,0.9534,1.697792
131072,compact_delta_sample_publish_motion,1,2,0.1732,0.950701,1.806336
131072,compact_delta_sample_publish_motion,1,3,0.1718,0.9524,1.697792
131072,compact_delta_sample_publish_motion,1,4,0.1712,0.952501,1.688576
131072,compact_delta_sample_publish_motion,1,5,0.171099,0.950201,1.728512
131072,compact_delta_sample_publish_motion,1,6,0.170699,0.9451,1.949696
131072,compact_delta_sample_publish_motion,1,7,0.170101,1.0392,1.705984
131072,compact_delta_sample_publish_motion,1,8,0.1784,0.989,1.692672
131072,compact_delta_sample_publish_motion,1,9,0.1782,0.9908,1.88416
131072,compact_delta_sample_publish_motion,1,10,0.1788,0.9816,1.698816
131072,compact_delta_sample_publish_motion,1,11,0.177599,0.9835,1.698816
131072,compact_delta_sample_publish_motion,1,12,0.1777,0.983,1.75616
131072,compact_delta_sample_publish_motion,1,13,0.178201,0.9888,1.978368
131072,compact_delta_sample_publish_motion,1,14,0.1793,0.9754,1.695744
131072,compact_delta_sample_publish_motion,1,15,0.1804,1.1358,1.700864
131072,compact_delta_sample_publish_motion,1,16,0.1822,0.977601,1.828864
131072,compact_delta_sample_publish_motion,1,17,0.181599,0.9817,1.696768
131072,compact_delta_sample_publish_motion,1,18,0.183,0.9661,1.697792
131072,compact_delta_sample_publish_motion,1,19,0.1839,0.9787,1.77152
131072,compact_delta_sample_publish_motion,1,20,0.184601,0.9862,1.973248
131072,compact_delta_sample_publish_motion,1,21,0.184599,0.969501,1.697792
131072,compact_delta_sample_publish_motion,1,22,0.1861,0.971601,1.737728
131072,compact_delta_sample_publish_motion,1,23,0.1857,0.963,1.833984
131072,compact_delta_sample_publish_motion,1,24,0.1874,0.9835,1.708032
131072,compact_delta_sample_publish_motion,1,25,0.1866,0.9588,1.695744
131072,compact_delta_sample_publish_motion,1,26,0.186399,0.9787,1.760256
131072,compact_delta_sample_publish_motion,1,27,0.1874,0.955701,2.002944
131072,compact_delta_sample_publish_motion,1,28,0.1876,0.977,1.705984
131072,compact_delta_sample_publish_motion,1,29,0.1874,0.964799,1.70496
131072,compact_delta_sample_publish_motion,1,30,0.1891,0.9725,1.841152
131072,compact_delta_sample_publish_motion,1,31,0.1893,0.960399,1.705984
131072,compact_delta_sample_publish_motion,1,32,0.1911,0.9496,1.702912
131072,compact_delta_sample_publish_motion,1,33,0.1884,0.967899,1.75104
131072,compact_delta_sample_publish_motion,1,34,0.188999,0.9307,1.98656
131072,compact_delta_sample_publish_motion,1,35,0.189,0.9653,1.700864
131072,compact_delta_sample_publish_motion,1,36,0.1891,0.9407,1.695744
131072,compact_delta_sample_publish_motion,1,37,0.1895,0.950199,1.830912
131072,compact_delta_sample_publish_motion,1,38,0.190201,0.949501,1.695744
131072,compact_delta_sample_publish_motion,1,39,0.190101,0.948199,1.69472
131072,compact_delta_sample_publish_motion,1,40,0.190601,0.9557,1.77152
131072,compact_delta_sample_publish_motion,1,41,0.1912,0.922101,2.00192
131072,compact_delta_sample_publish_motion,1,42,0.1909,0.9386,1.69984
131072,compact_delta_sample_publish_motion,1,43,0.189601,0.9126,1.69472
131072,compact_delta_sample_publish_motion,1,44,0.1914,0.9089,1.839104
131072,compact_delta_sample_publish_motion,1,45,0.1911,0.9205,1.70496
131072,compact_delta_sample_publish_motion,1,46,0.1913,0.889399,1.695744
131072,compact_delta_sample_publish_motion,1,47,0.1914,0.8957,1.746944
131072,compact_delta_sample_publish_motion,1,48,0.190401,0.880501,1.970176
131072,compact_delta_sample_publish_motion,1,49,0.190801,0.908401,1.701888
131072,compact_delta_sample_publish_motion,1,50,0.191001,0.9211,1.723392
131072,compact_delta_sample_publish_motion,1,51,0.601401,0.926499,1.845248
131072,compact_delta_sample_publish_motion,1,52,0.5543,0.9241,1.69984
131072,compact_delta_sample_publish_motion,1,53,0.2024,0.938,1.702912
131072,compact_delta_sample_publish_motion,1,54,0.1985,0.9287,1.80736
131072,compact_delta_sample_publish_motion,1,55,0.1951,0.9361,1.983488
131072,compact_delta_sample_publish_motion,1,56,0.1962,0.9122,1.7152
131072,compact_delta_sample_publish_motion,1,57,0.195799,0.9576,1.712128
131072,compact_delta_sample_publish_motion,1,58,0.1935,0.907899,1.84832
131072,compact_delta_sample_publish_motion,1,59,0.192601,0.9512,1.727488
131072,compact_delta_sample_publish_motion,1,60,0.1915,0.912801,1.69984
131072,compact_delta_sample_publish_motion,1,61,0.1966,0.9292,1.852416
131072,compact_delta_sample_publish_motion,1,62,0.1925,0.9443,1.977344
131072,compact_delta_sample_publish_motion,1,63,0.1908,0.934599,1.703936
131072,compact_delta_sample_publish_motion,1,64,0.191999,0.931701,1.746944
131072,compact_delta_sample_publish_motion,1,65,0.1901,0.941001,1.845248
131072,compact_delta_sample_publish_motion,1,66,0.191,0.9359,1.705984
131072,compact_delta_sample_publish_motion,1,67,0.1925,0.941501,1.70496
131072,compact_delta_sample_publish_motion,1,68,0.191,0.933601,1.893376
131072,compact_delta_sample_publish_motion,1,69,0.1911,0.941901,1.997824
131072,compact_delta_sample_publish_motion,1,70,0.1916,0.9218,1.71008
131072,compact_delta_sample_publish_motion,1,71,0.1916,0.9389,1.78688
131072,compact_delta_sample_publish_motion,1,72,0.1919,0.910399,1.847296
131072,compact_delta_sample_publish_motion,1,73,0.1905,0.9245,1.701888
131072,compact_delta_sample_publish_motion,1,74,0.190701,0.914001,1.702912
131072,compact_delta_sample_publish_motion,1,75,0.1908,0.9263,1.893376
131072,compact_delta_sample_publish_motion,1,76,0.1906,0.9258,1.989632
131072,compact_delta_sample_publish_motion,1,77,0.190999,0.923699,1.708032
131072,compact_delta_sample_publish_motion,1,78,0.190399,0.931899,3.334144
131072,compact_delta_sample_publish_motion,1,79,0.1909,0.918099,1.7152
131072,compact_delta_sample_publish_motion,1,80,0.189701,0.9403,1.698816
131072,compact_delta_sample_publish_motion,1,81,0.1901,0.9264,1.741824
131072,compact_delta_sample_publish_motion,1,82,0.190701,0.893101,2.010112
131072,compact_delta_sample_publish_motion,1,83,0.191899,0.9388,1.994752
131072,compact_delta_sample_publish_motion,1,84,0.1923,0.886799,1.727488
131072,compact_delta_sample_publish_motion,1,85,0.190799,0.9636,1.846272
131072,compact_delta_sample_publish_motion,1,86,0.191,0.9004,1.852416
131072,compact_delta_sample_publish_motion,1,87,0.1897,0.942299,1.700864
131072,compact_delta_sample_publish_motion,1,88,0.189499,0.8886,1.69984
131072,compact_delta_sample_publish_motion,1,89,0.190699,0.915999,1.908736
131072,compact_delta_sample_publish_motion,1,90,0.1894,0.887401,1.98656
131072,compact_delta_sample_publish_motion,1,91,0.1906,0.919299,1.712128
131072,compact_delta_sample_publish_motion,1,92,0.1907,0.884999,1.796096
131072,compact_delta_sample_publish_motion,1,93,0.191599,0.883601,1.851392
131072,compact_delta_sample_publish_motion,1,94,0.191601,0.8962,1.69984
131072,compact_delta_sample_publish_motion,1,95,0.1905,0.872799,1.718272
131072,compact_delta_sample_publish_motion,1,96,0.1908,0.9056,1.992704
131072,compact_delta_sample_publish_motion,1,97,0.1906,0.8498,1.982464
131072,compact_delta_sample_publish_motion,1,98,0.1908,0.9135,1.69472
131072,compact_delta_sample_publish_motion,1,99,0.1896,0.831801,1.857536
131072,compact_delta_sample_publish_motion,1,100,0.1913,0.8935,1.831936
131072,compact_delta_sample_publish_motion,1,101,0.1899,0.835499,1.713152
131072,compact_delta_sample_publish_motion,1,102,0.1905,0.8939,1.705984
131072,compact_delta_sample_publish_motion,1,103,0.1909,0.832901,1.897472
131072,compact_delta_sample_publish_motion,1,104,0.191699,0.865901,1.973248
131072,compact_delta_sample_publish_motion,1,105,0.192499,0.8433,1.72544
131072,compact_delta_sample_publish_motion,1,106,0.2169,0.869399,1.742848
131072,compact_delta_sample_publish_motion,1,107,0.1942,0.8186,1.847296
131072,compact_delta_sample_publish_motion,1,108,0.1922,0.8555,1.722368
131072,compact_delta_sample_publish_motion,1,109,0.1905,0.822,1.69984
131072,compact_delta_sample_publish_motion,1,110,0.192601,0.838799,1.88928
131072,compact_delta_sample_publish_motion,1,111,0.192199,0.8409,1.982464
131072,compact_delta_sample_publish_motion,1,112,0.192001,0.820699,1.695744
131072,compact_delta_sample_publish_motion,1,113,0.190699,0.8194,1.830912
131072,compact_delta_sample_publish_motion,1,114,0.1908,0.811801,1.82784
131072,compact_delta_sample_publish_motion,1,115,0.1908,0.810101,1.70496
131072,compact_delta_sample_publish_motion,1,116,0.1908,0.8207,1.698816
131072,compact_delta_sample_publish_motion,1,117,0.192301,0.8039,1.804288
131072,compact_delta_sample_publish_motion,1,118,0.1908,0.8043,1.995776
131072,compact_delta_sample_publish_motion,1,119,0.192099,0.784,1.696768
131072,compact_delta_sample_publish_motion,2,0,0.1693,0.9454,1.129472
131072,compact_delta_sample_publish_motion,2,1,0.169201,0.939,1.36704
131072,compact_delta_sample_publish_motion,2,2,0.170501,0.9403,1.16224
131072,compact_delta_sample_publish_motion,2,3,0.1677,0.9433,1.217536
131072,compact_delta_sample_publish_motion,2,4,0.1695,0.950499,1.27488
131072,compact_delta_sample_publish_motion,2,5,0.169101,0.9362,1.110016
131072,compact_delta_sample_publish_motion,2,6,0.169901,0.964899,1.195008
131072,compact_delta_sample_publish_motion,2,7,0.1693,0.931699,1.296384
131072,compact_delta_sample_publish_motion,2,8,0.1698,0.952201,1.400832
131072,compact_delta_sample_publish_motion,2,9,0.169401,0.9559,1.140736
131072,compact_delta_sample_publish_motion,2,10,0.1679,0.952701,1.221632
131072,compact_delta_sample_publish_motion,2,11,0.1686,0.952999,1.27488
131072,compact_delta_sample_publish_motion,2,12,0.1696,0.962101,1.128448
131072,compact_delta_sample_publish_motion,2,13,0.1688,0.9653,1.18272
131072,compact_delta_sample_publish_motion,2,14,0.169599,0.9513,1.275904
131072,compact_delta_sample_publish_motion,2,15,0.1694,0.951101,1.349632
131072,compact_delta_sample_publish_motion,2,16,0.1732,0.952,1.134592
131072,compact_delta_sample_publish_motion,2,17,0.1696,0.9533,1.219584
131072,compact_delta_sample_publish_motion,2,18,0.1689,0.951,1.277952
131072,compact_delta_sample_publish_motion,2,19,0.1696,0.952799,1.164288
131072,compact_delta_sample_publish_motion,2,20,0.7005,1.013299,1.619968
131072,compact_delta_sample_publish_motion,2,21,0.6244,1.185,1.496064
131072,compact_delta_sample_publish_motion,2,22,0.6825,1.0238,1.567744
131072,compact_delta_sample_publish_motion,2,23,0.5848,1.2234,1.234944
131072,compact_delta_sample_publish_motion,2,24,0.804501,1.3068,1.4336
131072,compact_delta_sample_publish_motion,2,25,0.246399,1.289,1.33632
131072,compact_delta_sample_publish_motion,2,26,0.773299,1.0629,1.1776
131072,compact_delta_sample_publish_motion,2,27,0.8555,1.0956,1.53088
131072,compact_delta_sample_publish_motion,2,28,0.7845,1.151399,1.48992
131072,compact_delta_sample_publish_motion,2,29,0.6243,1.033701,1.639424
131072,compact_delta_sample_publish_motion,2,30,0.5601,1.216501,1.265664
131072,compact_delta_sample_publish_motion,2,31,0.838601,1.0807,1.364992
131072,compact_delta_sample_publish_motion,2,32,0.681601,1.0246,1.410048
131072,compact_delta_sample_publish_motion,2,33,0.655699,1.107899,1.220608
131072,compact_delta_sample_publish_motion,2,34,0.4395,1.0246,1.3312
131072,compact_delta_sample_publish_motion,2,35,0.2398,0.9777,1.693696
131072,compact_delta_sample_publish_motion,2,36,0.8927,1.147001,1.647616
131072,compact_delta_sample_publish_motion,2,37,0.7613,1.1539,1.324032
131072,compact_delta_sample_publish_motion,2,38,0.797099,1.026901,1.73056
131072,compact_delta_sample_publish_motion,2,39,0.788699,1.1474,1.35168
131072,compact_delta_sample_publish_motion,2,40,0.717199,1.0408,1.46432
131072,compact_delta_sample_publish_motion,2,41,0.686899,1.1209,1.48992
131072,compact_delta_sample_publish_motion,2,42,0.728501,1.024999,1.550336
131072,compact_delta_sample_publish_motion,2,43,0.7799,1.011899,1.427456
131072,compact_delta_sample_publish_motion,2,44,0.8039,1.062,1.334272
131072,compact_delta_sample_publish_motion,2,45,0.688,1.0009,1.630208
131072,compact_delta_sample_publish_motion,2,46,0.7029,1.101101,1.360896
131072,compact_delta_sample_publish_motion,2,47,0.3313,1.1216,1.263616
131072,compact_delta_sample_publish_motion,2,48,0.844999,1.163,1.506304
131072,compact_delta_sample_publish_motion,2,49,1.273501,1.2165,1.593344
131072,compact_delta_sample_publish_motion,2,50,0.8067,1.164,1.668096
131072,compact_delta_sample_publish_motion,2,51,0.773301,1.0428,1.389568
131072,compact_delta_sample_publish_motion,2,52,0.729599,1.008299,1.696768
131072,compact_delta_sample_publish_motion,2,53,0.727799,1.153699,1.411072
131072,compact_delta_sample_publish_motion,2,54,0.5803,1.0702,1.480704
131072,compact_delta_sample_publish_motion,2,55,0.8057,1.0799,1.656832
131072,compact_delta_sample_publish_motion,2,56,0.5244,1.1351,1.750016
131072,compact_delta_sample_publish_motion,2,57,0.7607,1.047,1.5104
131072,compact_delta_sample_publish_motion,2,58,0.696701,1.039,1.518592
131072,compact_delta_sample_publish_motion,2,59,0.7315,1.044901,1.558528
131072,compact_delta_sample_publish_motion,2,60,0.632601,1.0465,1.585152
131072,compact_delta_sample_publish_motion,2,61,0.976501,1.1692,1.429504
131072,compact_delta_sample_publish_motion,2,62,0.420899,1.0139,1.608704
131072,compact_delta_sample_publish_motion,2,63,0.4068,1.0118,1.688576
131072,compact_delta_sample_publish_motion,2,64,0.778,1.01,1.741824
131072,compact_delta_sample_publish_motion,2,65,0.6338,1.037499,1.441792
131072,compact_delta_sample_publish_motion,2,66,0.7871,1.0641,1.529856
131072,compact_delta_sample_publish_motion,2,67,0.6488,0.9801,1.59232
131072,compact_delta_sample_publish_motion,2,68,0.7636,1.1738,1.506304
131072,compact_delta_sample_publish_motion,2,69,0.6155,1.0378,1.49504
131072,compact_delta_sample_publish_motion,2,70,0.769899,1.0332,1.609728
131072,compact_delta_sample_publish_motion,2,71,0.6689,0.9842,1.59744
131072,compact_delta_sample_publish_motion,2,72,0.744301,1.0549,1.487872
131072,compact_delta_sample_publish_motion,2,73,0.620499,0.9801,1.70496
131072,compact_delta_sample_publish_motion,2,74,0.709601,1.1014,1.45408
131072,compact_delta_sample_publish_motion,2,75,0.6154,0.9881,1.553408
131072,compact_delta_sample_publish_motion,2,76,0.6425,1.0377,1.472512
131072,compact_delta_sample_publish_motion,2,77,0.5973,1.025601,1.830912
131072,compact_delta_sample_publish_motion,2,78,0.7311,1.108099,1.691648
131072,compact_delta_sample_publish_motion,2,79,0.6008,0.9862,1.589248
131072,compact_delta_sample_publish_motion,2,80,0.707501,1.095399,1.613824
131072,compact_delta_sample_publish_motion,2,81,0.574501,0.971899,1.590272
131072,compact_delta_sample_publish_motion,2,82,0.487599,1.0179,1.3824
131072,compact_delta_sample_publish_motion,2,83,0.756399,1.007299,1.544192
131072,compact_delta_sample_publish_motion,2,84,0.614499,0.985999,1.833984
131072,compact_delta_sample_publish_motion,2,85,0.720301,0.9432,1.596416
131072,compact_delta_sample_publish_motion,2,86,0.6495,0.990601,1.651712
131072,compact_delta_sample_publish_motion,2,87,0.7191,0.9982,1.780736
131072,compact_delta_sample_publish_motion,2,88,0.6055,0.9926,1.529856
131072,compact_delta_sample_publish_motion,2,89,0.7422,0.991199,1.45408
131072,compact_delta_sample_publish_motion,2,90,0.621299,0.9864,1.640448
131072,compact_delta_sample_publish_motion,2,91,0.717799,0.9713,1.770496
131072,compact_delta_sample_publish_motion,2,92,0.609299,0.985499,1.660928
131072,compact_delta_sample_publish_motion,2,93,0.7342,0.995999,1.508352
131072,compact_delta_sample_publish_motion,2,94,0.6095,0.965301,1.752064
131072,compact_delta_sample_publish_motion,2,95,0.700501,1.002,1.516544
131072,compact_delta_sample_publish_motion,2,96,0.6498,0.9665,1.557504
131072,compact_delta_sample_publish_motion,2,97,0.6374,0.950699,1.554432
131072,compact_delta_sample_publish_motion,2,98,0.7443,0.9356,1.691648
131072,compact_delta_sample_publish_motion,2,99,0.6397,0.9476,1.668096
131072,compact_delta_sample_publish_motion,2,100,0.750101,0.983,1.498112
131072,compact_delta_sample_publish_motion,2,101,0.6202,0.949,1.752064
131072,compact_delta_sample_publish_motion,2,102,0.710099,1.0197,1.49504
131072,compact_delta_sample_publish_motion,2,103,0.6124,0.938801,1.403904
131072,compact_delta_sample_publish_motion,2,104,0.6924,0.927801,1.62304
131072,compact_delta_sample_publish_motion,2,105,0.732701,0.985101,1.709056
131072,compact_delta_sample_publish_motion,2,106,0.647,0.923401,1.705984
131072,compact_delta_sample_publish_motion,2,107,0.7466,1.0017,1.536
131072,compact_delta_sample_publish_motion,2,108,0.6014,0.921701,1.7408
131072,compact_delta_sample_publish_motion,2,109,0.7034,0.989,1.542144
131072,compact_delta_sample_publish_motion,2,110,0.5804,0.958401,1.390592
131072,compact_delta_sample_publish_motion,2,111,0.754999,0.9037,1.59744
131072,compact_delta_sample_publish_motion,2,112,0.740301,0.936001,1.655808
131072,compact_delta_sample_publish_motion,2,113,0.656501,0.8984,1.662976
131072,compact_delta_sample_publish_motion,2,114,0.6627,0.8521,1.55136
131072,compact_delta_sample_publish_motion,2,115,0.3407,0.8333,1.606656
131072,compact_delta_sample_publish_motion,2,116,0.8577,0.909401,1.490944
131072,compact_delta_sample_publish_motion,2,117,0.695201,0.903801,1.371136
131072,compact_delta_sample_publish_motion,2,118,0.5463,0.8265,1.32096
131072,compact_delta_sample_publish_motion,2,119,0.830801,0.769699,1.693696
131072,compact_delta_sample_publish_motion,3,0,0.1683,0.948699,1.291264
131072,compact_delta_sample_publish_motion,3,1,0.1691,0.949799,1.329152
131072,compact_delta_sample_publish_motion,3,2,0.168,0.9516,1.362944
131072,compact_delta_sample_publish_motion,3,3,0.1689,0.9446,1.139712
131072,compact_delta_sample_publish_motion,3,4,0.1682,0.9496,1.219584
131072,compact_delta_sample_publish_motion,3,5,0.1682,0.933101,1.27488
131072,compact_delta_sample_publish_motion,3,6,0.169001,0.9552,1.137664
131072,compact_delta_sample_publish_motion,3,7,0.1691,0.988899,1.14688
131072,compact_delta_sample_publish_motion,3,8,0.168899,1.059801,1.283072
131072,compact_delta_sample_publish_motion,3,9,0.168901,0.9439,1.362944
131072,compact_delta_sample_publish_motion,3,10,0.1704,0.9323,1.108992
131072,compact_delta_sample_publish_motion,3,11,0.169101,0.9476,1.217536
131072,compact_delta_sample_publish_motion,3,12,0.169099,0.924399,1.263616
131072,compact_delta_sample_publish_motion,3,13,0.1706,0.9331,1.129472
131072,compact_delta_sample_publish_motion,3,14,0.170301,0.9501,1.176576
131072,compact_delta_sample_publish_motion,3,15,0.1709,0.961,1.281024
131072,compact_delta_sample_publish_motion,3,16,0.1775,0.950299,1.36704
131072,compact_delta_sample_publish_motion,3,17,0.1698,0.9473,1.133568
131072,compact_delta_sample_publish_motion,3,18,0.17,0.9494,1.235968
131072,compact_delta_sample_publish_motion,3,19,0.1696,0.9454,1.284096
131072,compact_delta_sample_publish_motion,3,20,0.1697,0.9511,1.130496
131072,compact_delta_sample_publish_motion,3,21,0.1682,0.9515,1.155072
131072,compact_delta_sample_publish_motion,3,22,0.169701,0.9516,1.287168
131072,compact_delta_sample_publish_motion,3,23,0.169799,0.949,1.37728
131072,compact_delta_sample_publish_motion,3,24,0.169899,0.954501,1.134592
131072,compact_delta_sample_publish_motion,3,25,0.168101,0.958101,1.20832
131072,compact_delta_sample_publish_motion,3,26,0.169699,0.9482,1.277952
131072,compact_delta_sample_publish_motion,3,27,0.1689,0.9504,1.145856
131072,compact_delta_sample_publish_motion,3,28,0.168999,0.9491,1.169408
131072,compact_delta_sample_publish_motion,3,29,0.169701,0.949799,1.277952
131072,compact_delta_sample_publish_motion,3,30,0.168901,0.9508,1.357824
131072,compact_delta_sample_publish_motion,3,31,0.1691,0.9519,1.210368
131072,compact_delta_sample_publish_motion,3,32,0.170201,0.9485,1.211392
131072,compact_delta_sample_publish_motion,3,33,0.1728,0.9517,1.258496
131072,compact_delta_sample_publish_motion,3,34,0.170401,0.948399,1.130496
131072,compact_delta_sample_publish_motion,3,35,0.1724,0.9744,1.234944
131072,compact_delta_sample_publish_motion,3,36,0.1699,0.9738,1.398784
131072,compact_delta_sample_publish_motion,3,37,0.1764,0.9864,1.439744
131072,compact_delta_sample_publish_motion,3,38,0.1776,0.9678,1.178624
131072,compact_delta_sample_publish_motion,3,39,0.178599,0.9689,1.323008
131072,compact_delta_sample_publish_motion,3,40,0.1786,0.9738,1.313792
131072,compact_delta_sample_publish_motion,3,41,0.1793,0.974,1.154048
131072,compact_delta_sample_publish_motion,3,42,0.244,0.971499,1.256448
131072,compact_delta_sample_publish_motion,3,43,0.1783,0.9798,1.400832
131072,compact_delta_sample_publish_motion,3,44,0.1793,0.955301,1.394688
131072,compact_delta_sample_publish_motion,3,45,0.18,0.9831,1.222656
131072,compact_delta_sample_publish_motion,3,46,0.180599,0.9754,1.33632
131072,compact_delta_sample_publish_motion,3,47,0.1815,1.003701,1.311744
131072,compact_delta_sample_publish_motion,3,48,0.182799,0.9725,1.148928
131072,compact_delta_sample_publish_motion,3,49,0.1836,0.9655,1.296384
131072,compact_delta_sample_publish_motion,3,50,0.184401,0.9785,1.422336
131072,compact_delta_sample_publish_motion,3,51,0.1844,0.970001,1.416192
131072,compact_delta_sample_publish_motion,3,52,0.184401,0.9607,1.24928
131072,compact_delta_sample_publish_motion,3,53,0.1871,0.977599,1.3568
131072,compact_delta_sample_publish_motion,3,54,0.185599,0.974,1.302528
131072,compact_delta_sample_publish_motion,3,55,0.187001,0.972101,1.188864
131072,compact_delta_sample_publish_motion,3,56,0.1887,0.9785,1.287168
131072,compact_delta_sample_publish_motion,3,57,0.1873,0.9774,1.434624
131072,compact_delta_sample_publish_motion,3,58,0.1871,0.9822,1.416192
131072,compact_delta_sample_publish_motion,3,59,0.188399,0.9701,1.24416
131072,compact_delta_sample_publish_motion,3,60,0.188199,0.961999,1.376256
131072,compact_delta_sample_publish_motion,3,61,0.1886,0.975799,1.318912
131072,compact_delta_sample_publish_motion,3,62,0.1896,0.972601,1.174528
131072,compact_delta_sample_publish_motion,3,63,0.1894,0.9784,1.332224
131072,compact_delta_sample_publish_motion,3,64,0.189899,0.9648,1.488896
131072,compact_delta_sample_publish_motion,3,65,0.1945,0.977199,1.461248
131072,compact_delta_sample_publish_motion,3,66,0.1894,0.938299,1.258496
131072,compact_delta_sample_publish_motion,3,67,0.189301,0.9932,1.39264
131072,compact_delta_sample_publish_motion,3,68,0.1909,0.9422,1.308672
131072,compact_delta_sample_publish_motion,3,69,0.1907,0.9374,1.201152
131072,compact_delta_sample_publish_motion,3,70,0.1911,0.933601,1.35168
131072,compact_delta_sample_publish_motion,3,71,0.192501,0.9371,1.488896
131072,compact_delta_sample_publish_motion,3,72,0.189399,0.9505,1.40288
131072,compact_delta_sample_publish_motion,3,73,0.189199,0.9557,1.333248
131072,compact_delta_sample_publish_motion,3,74,0.1947,0.9742,1.466368
131072,compact_delta_sample_publish_motion,3,75,0.191799,0.9484,1.328128
131072,compact_delta_sample_publish_motion,3,76,0.1905,0.9458,1.225728
131072,compact_delta_sample_publish_motion,3,77,0.190201,0.9357,1.368064
131072,compact_delta_sample_publish_motion,3,78,0.1904,0.9437,1.507328
131072,compact_delta_sample_publish_motion,3,79,0.1916,1.0431,1.463296
131072,compact_delta_sample_publish_motion,3,80,0.765799,0.992799,1.334272
131072,compact_delta_sample_publish_motion,3,81,0.633,0.987801,1.518592
131072,compact_delta_sample_publish_motion,3,82,0.208,0.967799,1.388544
131072,compact_delta_sample_publish_motion,3,83,0.2026,0.9459,1.278976
131072,compact_delta_sample_publish_motion,3,84,0.2,0.9397,1.445888
131072,compact_delta_sample_publish_motion,3,85,0.1971,0.969599,1.604608
131072,compact_delta_sample_publish_motion,3,86,0.197501,0.9273,1.426432
131072,compact_delta_sample_publish_motion,3,87,0.1949,0.966099,1.363968
131072,compact_delta_sample_publish_motion,3,88,0.1964,0.926801,1.46432
131072,compact_delta_sample_publish_motion,3,89,0.1929,0.9671,1.335296
131072,compact_delta_sample_publish_motion,3,90,0.1931,0.9362,1.317888
131072,compact_delta_sample_publish_motion,3,91,0.194301,0.950401,1.425408
131072,compact_delta_sample_publish_motion,3,92,0.1924,0.9292,1.595392
131072,compact_delta_sample_publish_motion,3,93,0.1936,0.9296,1.532928
131072,compact_delta_sample_publish_motion,3,94,0.1919,0.961901,1.3824
131072,compact_delta_sample_publish_motion,3,95,0.1922,1.011201,1.585152
131072,compact_delta_sample_publish_motion,3,96,0.192001,1.0322,1.366016
131072,compact_delta_sample_publish_motion,3,97,0.1921,0.907001,1.317888
131072,compact_delta_sample_publish_motion,3,98,0.1918,0.961101,1.453056
131072,compact_delta_sample_publish_motion,3,99,0.1917,0.921,1.596416
131072,compact_delta_sample_publish_motion,3,100,0.191699,0.943099,1.486848
131072,compact_delta_sample_publish_motion,3,101,0.192101,0.9286,1.429504
131072,compact_delta_sample_publish_motion,3,102,0.2108,0.937699,1.56672
131072,compact_delta_sample_publish_motion,3,103,0.1951,0.9166,1.396736
131072,compact_delta_sample_publish_motion,3,104,0.1915,0.951,1.364992
131072,compact_delta_sample_publish_motion,3,105,0.192399,0.929601,1.549312
131072,compact_delta_sample_publish_motion,3,106,0.191499,0.947001,1.627136
131072,compact_delta_sample_publish_motion,3,107,0.191801,0.919899,1.567744
131072,compact_delta_sample_publish_motion,3,108,0.1913,0.923,1.416192
131072,compact_delta_sample_publish_motion,3,109,0.1916,0.9196,1.558528
131072,compact_delta_sample_publish_motion,3,110,0.1912,0.942101,1.50528
131072,compact_delta_sample_publish_motion,3,111,0.1941,0.9088,1.403904
131072,compact_delta_sample_publish_motion,3,112,0.1926,0.9303,1.51552
131072,compact_delta_sample_publish_motion,3,113,0.192601,0.910899,1.666048
131072,compact_delta_sample_publish_motion,3,114,0.191499,0.934,1.585152
131072,compact_delta_sample_publish_motion,3,115,0.1913,0.9211,1.52064
131072,compact_delta_sample_publish_motion,3,116,0.192001,0.9054,1.586176
131072,compact_delta_sample_publish_motion,3,117,0.1914,0.936,1.447936
131072,compact_delta_sample_publish_motion,3,118,0.1926,0.910199,1.414144
131072,compact_delta_sample_publish_motion,3,119,0.1932,0.9418,1.552384
