count,scenario,solver,run,sample,gpu_ms,cpu_submit_ms
10000,aligned_still,jacobi4,1,0,0.63488,0.0063
10000,aligned_still,jacobi4,1,1,0.602112,0.0015
10000,aligned_still,jacobi4,1,2,0.59392,0.0031
10000,aligned_still,jacobi4,1,3,0.607232,0.0011
10000,aligned_still,jacobi4,1,4,0.5888,0.001
10000,aligned_still,jacobi4,1,5,0.603136,0.001
10000,aligned_still,jacobi4,1,6,0.59392,0.0011
10000,aligned_still,jacobi4,1,7,0.602112,0.001
10000,aligned_still,jacobi4,1,8,0.590848,9.0E-4
10000,aligned_still,jacobi4,1,9,0.601088,0.001
10000,aligned_still,jacobi4,1,10,0.59392,0.001
10000,aligned_still,jacobi4,1,11,0.603136,0.001
10000,aligned_still,jacobi4,1,12,0.590848,0.003
10000,aligned_still,jacobi4,1,13,0.603136,0.0011
10000,aligned_still,jacobi4,1,14,0.5888,9.0E-4
10000,aligned_still,jacobi4,1,15,0.60416,0.001
10000,aligned_still,jacobi4,1,16,0.590848,0.0011
10000,aligned_still,jacobi4,1,17,0.631808,0.001
10000,aligned_still,jacobi4,1,18,0.591872,0.001
10000,aligned_still,jacobi4,1,19,0.62976,0.001
10000,aligned_still,jacobi4,1,20,0.602112,0.001
10000,aligned_still,jacobi4,1,21,0.594944,0.0011
10000,aligned_still,jacobi4,1,22,0.606208,0.001
10000,aligned_still,jacobi4,1,23,0.590848,0.001
10000,aligned_still,jacobi4,1,24,0.602112,0.0011
10000,aligned_still,jacobi4,1,25,0.59392,0.001
10000,aligned_still,jacobi4,1,26,0.601088,0.0011
10000,aligned_still,jacobi4,1,27,0.592896,0.001
10000,aligned_still,jacobi4,1,28,0.601088,0.001
10000,aligned_still,jacobi4,1,29,0.590848,0.001
10000,aligned_still,jacobi4,1,30,0.607232,0.001
10000,aligned_still,jacobi4,1,31,0.590848,0.0011
10000,aligned_still,jacobi4,1,32,0.603136,9.0E-4
10000,aligned_still,jacobi4,1,33,0.590848,0.001
10000,aligned_still,jacobi4,1,34,0.60416,0.001
10000,aligned_still,jacobi4,1,35,0.592896,0.001
10000,aligned_still,jacobi4,1,36,0.631808,0.001
10000,aligned_still,jacobi4,1,37,0.589824,0.001
10000,aligned_still,jacobi4,1,38,0.632832,0.0011
10000,aligned_still,jacobi4,1,39,0.603136,0.0015
10000,aligned_still,jacobi4,2,0,0.61952,0.0044
10000,aligned_still,jacobi4,2,1,0.601088,0.001
10000,aligned_still,jacobi4,2,2,0.592896,0.0028
10000,aligned_still,jacobi4,2,3,0.772096,0.001
10000,aligned_still,jacobi4,2,4,0.595968,0.001
10000,aligned_still,jacobi4,2,5,0.607232,0.001
10000,aligned_still,jacobi4,2,6,0.591872,9.0E-4
10000,aligned_still,jacobi4,2,7,0.605184,9.0E-4
10000,aligned_still,jacobi4,2,8,0.590848,9.0E-4
10000,aligned_still,jacobi4,2,9,0.601088,9.0E-4
10000,aligned_still,jacobi4,2,10,0.591872,8.0E-4
10000,aligned_still,jacobi4,2,11,0.60416,9.0E-4
10000,aligned_still,jacobi4,2,12,0.589824,9.0E-4
10000,aligned_still,jacobi4,2,13,0.606208,9.0E-4
10000,aligned_still,jacobi4,2,14,0.5888,9.0E-4
10000,aligned_still,jacobi4,2,15,0.603136,0.001
10000,aligned_still,jacobi4,2,16,0.592896,8.0E-4
10000,aligned_still,jacobi4,2,17,0.626688,9.0E-4
10000,aligned_still,jacobi4,2,18,0.591872,0.001
10000,aligned_still,jacobi4,2,19,0.64,0.001
10000,aligned_still,jacobi4,2,20,0.60416,9.0E-4
10000,aligned_still,jacobi4,2,21,0.591872,0.001
10000,aligned_still,jacobi4,2,22,0.602112,9.0E-4
10000,aligned_still,jacobi4,2,23,0.590848,9.0E-4
10000,aligned_still,jacobi4,2,24,0.59904,0.001
10000,aligned_still,jacobi4,2,25,0.591872,9.0E-4
10000,aligned_still,jacobi4,2,26,0.602112,9.0E-4
10000,aligned_still,jacobi4,2,27,0.589824,9.0E-4
10000,aligned_still,jacobi4,2,28,0.601088,0.0011
10000,aligned_still,jacobi4,2,29,0.591872,8.0E-4
10000,aligned_still,jacobi4,2,30,0.605184,0.001
10000,aligned_still,jacobi4,2,31,0.592896,9.0E-4
10000,aligned_still,jacobi4,2,32,0.603136,9.0E-4
10000,aligned_still,jacobi4,2,33,0.591872,9.0E-4
10000,aligned_still,jacobi4,2,34,0.601088,9.0E-4
10000,aligned_still,jacobi4,2,35,0.591872,9.0E-4
10000,aligned_still,jacobi4,2,36,0.632832,9.0E-4
10000,aligned_still,jacobi4,2,37,0.591872,8.0E-4
10000,aligned_still,jacobi4,2,38,0.631808,0.001
10000,aligned_still,jacobi4,2,39,0.601088,0.001
10000,aligned_still,jacobi4,3,0,0.628736,0.0129
10000,aligned_still,jacobi4,3,1,0.602112,0.0021
10000,aligned_still,jacobi4,3,2,0.59392,0.0027
10000,aligned_still,jacobi4,3,3,0.60416,0.001
10000,aligned_still,jacobi4,3,4,0.589824,9.0E-4
10000,aligned_still,jacobi4,3,5,0.601088,0.001
10000,aligned_still,jacobi4,3,6,0.592896,9.0E-4
10000,aligned_still,jacobi4,3,7,0.602112,0.001
10000,aligned_still,jacobi4,3,8,0.591872,9.0E-4
10000,aligned_still,jacobi4,3,9,0.602112,9.0E-4
10000,aligned_still,jacobi4,3,10,0.592896,9.0E-4
10000,aligned_still,jacobi4,3,11,0.603136,0.001
10000,aligned_still,jacobi4,3,12,0.775168,9.0E-4
10000,aligned_still,jacobi4,3,13,0.603136,0.001
10000,aligned_still,jacobi4,3,14,0.594944,9.0E-4
10000,aligned_still,jacobi4,3,15,0.603136,8.0E-4
10000,aligned_still,jacobi4,3,16,0.591872,9.0E-4
10000,aligned_still,jacobi4,3,17,0.62976,0.001
10000,aligned_still,jacobi4,3,18,0.774144,9.0E-4
10000,aligned_still,jacobi4,3,19,0.65024,0.001
10000,aligned_still,jacobi4,3,20,0.606208,9.0E-4
10000,aligned_still,jacobi4,3,21,0.595968,8.0E-4
10000,aligned_still,jacobi4,3,22,0.603136,9.0E-4
10000,aligned_still,jacobi4,3,23,0.590848,0.001
10000,aligned_still,jacobi4,3,24,0.601088,9.0E-4
10000,aligned_still,jacobi4,3,25,0.591872,9.0E-4
10000,aligned_still,jacobi4,3,26,0.600064,9.0E-4
10000,aligned_still,jacobi4,3,27,0.590848,8.0E-4
10000,aligned_still,jacobi4,3,28,0.601088,0.001
10000,aligned_still,jacobi4,3,29,0.5888,0.0024
10000,aligned_still,jacobi4,3,30,0.602112,0.001
10000,aligned_still,jacobi4,3,31,0.590848,9.0E-4
10000,aligned_still,jacobi4,3,32,0.605184,8.0E-4
10000,aligned_still,jacobi4,3,33,0.589824,8.0E-4
10000,aligned_still,jacobi4,3,34,0.603136,9.0E-4
10000,aligned_still,jacobi4,3,35,0.591872,9.0E-4
10000,aligned_still,jacobi4,3,36,0.62976,0.001
10000,aligned_still,jacobi4,3,37,0.589824,0.001
10000,aligned_still,jacobi4,3,38,0.626688,0.0025
10000,aligned_still,jacobi4,3,39,0.59392,0.001
10000,aligned_still,jacobi16,1,0,2.25792,0.012
10000,aligned_still,jacobi16,1,1,2.230272,0.004
10000,aligned_still,jacobi16,1,2,2.410496,0.004
10000,aligned_still,jacobi16,1,3,2.234368,0.0039
10000,aligned_still,jacobi16,1,4,2.217984,0.0039
10000,aligned_still,jacobi16,1,5,2.458624,0.0039
10000,aligned_still,jacobi16,1,6,2.233344,0.0061
10000,aligned_still,jacobi16,1,7,2.23744,0.0041
10000,aligned_still,jacobi16,1,8,2.236416,0.004
10000,aligned_still,jacobi16,1,9,2.226176,0.0039
10000,aligned_still,jacobi16,1,10,2.235392,0.0038
10000,aligned_still,jacobi16,1,11,2.234368,0.0038
10000,aligned_still,jacobi16,1,12,2.228224,0.0039
10000,aligned_still,jacobi16,1,13,2.231296,0.0038
10000,aligned_still,jacobi16,1,14,2.224128,0.004
10000,aligned_still,jacobi16,1,15,2.412544,0.0039
10000,aligned_still,jacobi16,1,16,2.414592,0.004
10000,aligned_still,jacobi16,1,17,2.236416,0.0039
10000,aligned_still,jacobi16,1,18,2.221056,0.0039
10000,aligned_still,jacobi16,1,19,2.264064,0.0059
10000,aligned_still,jacobi16,1,20,2.234368,0.0042
10000,aligned_still,jacobi16,1,21,2.238464,0.0039
10000,aligned_still,jacobi16,1,22,2.226176,0.0039
10000,aligned_still,jacobi16,1,23,2.224128,0.004
10000,aligned_still,jacobi16,1,24,2.459648,0.004
10000,aligned_still,jacobi16,1,25,2.228224,0.0039
10000,aligned_still,jacobi16,1,26,2.23232,0.0041
10000,aligned_still,jacobi16,1,27,2.23232,0.0039
10000,aligned_still,jacobi16,1,28,2.223104,0.0039
10000,aligned_still,jacobi16,1,29,2.231296,0.0039
10000,aligned_still,jacobi16,1,30,2.233344,0.0039
10000,aligned_still,jacobi16,1,31,2.409472,0.0039
10000,aligned_still,jacobi16,1,32,2.230272,0.0039
10000,aligned_still,jacobi16,1,33,2.4064,0.0038
10000,aligned_still,jacobi16,1,34,2.23744,0.0039
10000,aligned_still,jacobi16,1,35,2.23232,0.004
10000,aligned_still,jacobi16,1,36,2.23744,0.0039
10000,aligned_still,jacobi16,1,37,2.217984,0.0038
10000,aligned_still,jacobi16,1,38,2.266112,0.0039
10000,aligned_still,jacobi16,1,39,2.233344,0.0039
10000,aligned_still,jacobi16,2,0,2.274304,0.048
10000,aligned_still,jacobi16,2,1,2.233344,0.0133
10000,aligned_still,jacobi16,2,2,2.233344,0.0037
10000,aligned_still,jacobi16,2,3,2.23232,0.0037
10000,aligned_still,jacobi16,2,4,2.223104,0.0039
10000,aligned_still,jacobi16,2,5,2.270208,0.0041
10000,aligned_still,jacobi16,2,6,2.422784,0.004
10000,aligned_still,jacobi16,2,7,2.290688,0.0039
10000,aligned_still,jacobi16,2,8,2.241536,0.0043
10000,aligned_still,jacobi16,2,9,2.224128,0.0058
10000,aligned_still,jacobi16,2,10,2.235392,0.0039
10000,aligned_still,jacobi16,2,11,2.236416,0.0056
10000,aligned_still,jacobi16,2,12,2.229248,0.0041
10000,aligned_still,jacobi16,2,13,2.234368,0.0057
10000,aligned_still,jacobi16,2,14,2.408448,0.0038
10000,aligned_still,jacobi16,2,15,2.249728,0.0039
10000,aligned_still,jacobi16,2,16,2.417664,0.0039
10000,aligned_still,jacobi16,2,17,2.233344,0.0038
10000,aligned_still,jacobi16,2,18,2.220032,0.0037
10000,aligned_still,jacobi16,2,19,2.267136,0.004
10000,aligned_still,jacobi16,2,20,2.23232,0.004
10000,aligned_still,jacobi16,2,21,2.231296,0.0037
10000,aligned_still,jacobi16,2,22,2.231296,0.0038
10000,aligned_still,jacobi16,2,23,2.229248,0.004
10000,aligned_still,jacobi16,2,24,2.267136,0.0038
10000,aligned_still,jacobi16,2,25,2.427904,0.0038
10000,aligned_still,jacobi16,2,26,2.238464,0.0037
10000,aligned_still,jacobi16,2,27,2.234368,0.0037
10000,aligned_still,jacobi16,2,28,2.40128,0.0038
10000,aligned_still,jacobi16,2,29,2.281472,0.0037
10000,aligned_still,jacobi16,2,30,2.235392,0.0037
10000,aligned_still,jacobi16,2,31,2.235392,0.0038
10000,aligned_still,jacobi16,2,32,2.234368,0.0037
10000,aligned_still,jacobi16,2,33,2.2272,0.0038
10000,aligned_still,jacobi16,2,34,2.419712,0.0039
10000,aligned_still,jacobi16,2,35,2.234368,0.0038
10000,aligned_still,jacobi16,2,36,2.234368,0.0037
10000,aligned_still,jacobi16,2,37,2.223104,0.004
10000,aligned_still,jacobi16,2,38,2.267136,0.0039
10000,aligned_still,jacobi16,2,39,2.234368,0.0037
10000,aligned_still,jacobi16,3,0,2.260992,0.0123
10000,aligned_still,jacobi16,3,1,2.233344,0.0038
10000,aligned_still,jacobi16,3,2,2.233344,0.0038
10000,aligned_still,jacobi16,3,3,2.231296,0.0036
10000,aligned_still,jacobi16,3,4,2.2272,0.0036
10000,aligned_still,jacobi16,3,5,2.265088,0.0037
10000,aligned_still,jacobi16,3,6,2.236416,0.0037
10000,aligned_still,jacobi16,3,7,2.233344,0.0036
10000,aligned_still,jacobi16,3,8,2.23744,0.0036
10000,aligned_still,jacobi16,3,9,2.221056,0.0037
10000,aligned_still,jacobi16,3,10,2.41664,0.0038
10000,aligned_still,jacobi16,3,11,2.231296,0.0038
10000,aligned_still,jacobi16,3,12,2.228224,0.0036
10000,aligned_still,jacobi16,3,13,2.235392,0.0038
10000,aligned_still,jacobi16,3,14,2.223104,0.0038
10000,aligned_still,jacobi16,3,15,2.235392,0.0037
10000,aligned_still,jacobi16,3,16,2.231296,0.0036
10000,aligned_still,jacobi16,3,17,2.238464,0.0037
10000,aligned_still,jacobi16,3,18,2.224128,0.0036
10000,aligned_still,jacobi16,3,19,2.262016,0.0038
10000,aligned_still,jacobi16,3,20,2.235392,0.0039
10000,aligned_still,jacobi16,3,21,2.236416,0.0037
10000,aligned_still,jacobi16,3,22,2.2272,0.0037
10000,aligned_still,jacobi16,3,23,2.219008,0.0037
10000,aligned_still,jacobi16,3,24,2.255872,0.0037
10000,aligned_still,jacobi16,3,25,2.412544,0.0037
10000,aligned_still,jacobi16,3,26,2.228224,0.0036
10000,aligned_still,jacobi16,3,27,2.236416,0.0037
10000,aligned_still,jacobi16,3,28,2.219008,0.0037
10000,aligned_still,jacobi16,3,29,2.235392,0.0037
10000,aligned_still,jacobi16,3,30,2.230272,0.0036
10000,aligned_still,jacobi16,3,31,2.229248,0.0036
10000,aligned_still,jacobi16,3,32,2.234368,0.0036
10000,aligned_still,jacobi16,3,33,2.22208,0.0037
10000,aligned_still,jacobi16,3,34,2.236416,0.0038
10000,aligned_still,jacobi16,3,35,2.233344,0.0037
10000,aligned_still,jacobi16,3,36,2.233344,0.0037
10000,aligned_still,jacobi16,3,37,2.221056,0.0037
10000,aligned_still,jacobi16,3,38,2.25792,0.0038
10000,aligned_still,jacobi16,3,39,2.408448,0.0037
10000,aligned_still,support4,1,0,0.866304,0.0082
10000,aligned_still,support4,1,1,0.837632,0.0039
10000,aligned_still,support4,1,2,0.862208,0.0039
10000,aligned_still,support4,1,3,0.833536,0.0039
10000,aligned_still,support4,1,4,0.85504,0.0038
10000,aligned_still,support4,1,5,0.826368,0.0039
10000,aligned_still,support4,1,6,0.843776,0.0039
10000,aligned_still,support4,1,7,0.826368,0.0038
10000,aligned_still,support4,1,8,0.840704,0.0039
10000,aligned_still,support4,1,9,0.827392,0.0057
10000,aligned_still,support4,1,10,0.83456,0.0038
10000,aligned_still,support4,1,11,0.831488,0.0039
10000,aligned_still,support4,1,12,0.848896,0.0039
10000,aligned_still,support4,1,13,0.836608,0.0056
10000,aligned_still,support4,1,14,0.832512,0.0039
10000,aligned_still,support4,1,15,0.82944,0.004
10000,aligned_still,support4,1,16,0.835584,0.0039
10000,aligned_still,support4,1,17,0.82432,0.0058
10000,aligned_still,support4,1,18,0.81408,0.0039
10000,aligned_still,support4,1,19,0.86528,0.004
10000,aligned_still,support4,1,20,0.833536,0.0038
10000,aligned_still,support4,1,21,0.866304,0.0038
10000,aligned_still,support4,1,22,0.83456,0.0056
10000,aligned_still,support4,1,23,0.851968,0.0039
10000,aligned_still,support4,1,24,1.030144,0.004
10000,aligned_still,support4,1,25,0.845824,0.0039
10000,aligned_still,support4,1,26,0.820224,0.0058
10000,aligned_still,support4,1,27,0.843776,0.0039
10000,aligned_still,support4,1,28,0.836608,0.0038
10000,aligned_still,support4,1,29,0.840704,0.0039
10000,aligned_still,support4,1,30,0.840704,0.0055
10000,aligned_still,support4,1,31,0.845824,0.0039
10000,aligned_still,support4,1,32,0.833536,0.0039
10000,aligned_still,support4,1,33,0.838656,0.004
10000,aligned_still,support4,1,34,0.8448,0.0043
10000,aligned_still,support4,1,35,0.852992,0.0055
10000,aligned_still,support4,1,36,0.843776,0.0039
10000,aligned_still,support4,1,37,0.815104,0.0038
10000,aligned_still,support4,1,38,0.871424,0.0038
10000,aligned_still,support4,1,39,0.841728,0.0055
10000,aligned_still,support4,2,0,0.866304,0.0168
10000,aligned_still,support4,2,1,0.831488,0.0036
10000,aligned_still,support4,2,2,0.867328,0.0037
10000,aligned_still,support4,2,3,0.826368,0.0054
10000,aligned_still,support4,2,4,0.843776,0.0039
10000,aligned_still,support4,2,5,0.827392,0.0036
10000,aligned_still,support4,2,6,0.845824,0.0037
10000,aligned_still,support4,2,7,0.826368,0.0055
10000,aligned_still,support4,2,8,0.840704,0.0036
10000,aligned_still,support4,2,9,0.827392,0.0036
10000,aligned_still,support4,2,10,1.025024,0.0037
10000,aligned_still,support4,2,11,0.843776,0.0052
10000,aligned_still,support4,2,12,0.83456,0.0036
10000,aligned_still,support4,2,13,0.835584,0.0049
10000,aligned_still,support4,2,14,0.841728,0.0036
10000,aligned_still,support4,2,15,0.821248,0.0053
10000,aligned_still,support4,2,16,0.838656,0.0038
10000,aligned_still,support4,2,17,0.830464,0.0036
10000,aligned_still,support4,2,18,0.818176,0.0035
10000,aligned_still,support4,2,19,0.869376,0.0037
10000,aligned_still,support4,2,20,0.838656,0.0052
10000,aligned_still,support4,2,21,0.871424,0.0036
10000,aligned_still,support4,2,22,0.830464,0.0036
10000,aligned_still,support4,2,23,0.847872,0.0035
10000,aligned_still,support4,2,24,0.840704,0.0054
10000,aligned_still,support4,2,25,0.85504,0.0036
10000,aligned_still,support4,2,26,0.832512,0.0035
10000,aligned_still,support4,2,27,0.847872,0.0039
10000,aligned_still,support4,2,28,0.82944,0.0052
10000,aligned_still,support4,2,29,0.850944,0.0035
10000,aligned_still,support4,2,30,0.83456,0.0036
10000,aligned_still,support4,2,31,0.847872,0.0035
10000,aligned_still,support4,2,32,0.836608,0.0036
10000,aligned_still,support4,2,33,0.835584,0.0055
10000,aligned_still,support4,2,34,0.831488,0.0035
10000,aligned_still,support4,2,35,0.847872,0.0036
10000,aligned_still,support4,2,36,0.83968,0.0036
10000,aligned_still,support4,2,37,0.812032,0.0055
10000,aligned_still,support4,2,38,0.86528,0.0036
10000,aligned_still,support4,2,39,0.837632,0.004
10000,aligned_still,support4,3,0,0.86528,0.006
10000,aligned_still,support4,3,1,0.82944,0.0036
10000,aligned_still,support4,3,2,0.879616,0.0035
10000,aligned_still,support4,3,3,0.83456,0.0036
10000,aligned_still,support4,3,4,0.842752,0.0055
10000,aligned_still,support4,3,5,0.840704,0.0036
10000,aligned_still,support4,3,6,0.852992,0.0035
10000,aligned_still,support4,3,7,0.830464,0.0035
10000,aligned_still,support4,3,8,0.841728,0.0071
10000,aligned_still,support4,3,9,0.837632,0.0035
10000,aligned_still,support4,3,10,0.843776,0.0036
10000,aligned_still,support4,3,11,0.840704,0.0035
10000,aligned_still,support4,3,12,0.83968,0.0053
10000,aligned_still,support4,3,13,0.830464,0.0038
10000,aligned_still,support4,3,14,0.851968,0.0035
10000,aligned_still,support4,3,15,0.836608,0.0036
10000,aligned_still,support4,3,16,0.843776,0.0036
10000,aligned_still,support4,3,17,0.843776,0.0055
10000,aligned_still,support4,3,18,0.81408,0.0036
10000,aligned_still,support4,3,19,0.8704,0.0036
10000,aligned_still,support4,3,20,0.82944,0.0035
10000,aligned_still,support4,3,21,0.859136,0.0054
10000,aligned_still,support4,3,22,0.82944,0.0036
10000,aligned_still,support4,3,23,0.841728,0.0037
10000,aligned_still,support4,3,24,0.82432,0.0059
10000,aligned_still,support4,3,25,0.842752,0.0055
10000,aligned_still,support4,3,26,0.82432,0.0035
10000,aligned_still,support4,3,27,0.83968,0.0036
10000,aligned_still,support4,3,28,0.827392,0.0036
10000,aligned_still,support4,3,29,0.840704,0.0037
10000,aligned_still,support4,3,30,0.82944,0.0035
10000,aligned_still,support4,3,31,0.84992,0.0035
10000,aligned_still,support4,3,32,0.827392,0.0036
10000,aligned_still,support4,3,33,0.835584,0.0036
10000,aligned_still,support4,3,34,0.827392,0.0054
10000,aligned_still,support4,3,35,0.84992,0.0126
10000,aligned_still,support4,3,36,0.842752,0.01
10000,aligned_still,support4,3,37,0.9728,0.0043
10000,aligned_still,support4,3,38,0.893952,0.0056
10000,aligned_still,support4,3,39,0.841728,0.0036
10000,staggered_still,jacobi4,1,0,0.643072,0.0063
10000,staggered_still,jacobi4,1,1,0.608256,9.0E-4
10000,staggered_still,jacobi4,1,2,0.596992,0.0022
10000,staggered_still,jacobi4,1,3,0.608256,8.0E-4
10000,staggered_still,jacobi4,1,4,0.595968,7.0E-4
10000,staggered_still,jacobi4,1,5,0.611328,8.0E-4
10000,staggered_still,jacobi4,1,6,0.601088,8.0E-4
10000,staggered_still,jacobi4,1,7,0.611328,8.0E-4
10000,staggered_still,jacobi4,1,8,0.598016,0.0024
10000,staggered_still,jacobi4,1,9,0.610304,8.0E-4
10000,staggered_still,jacobi4,1,10,0.596992,7.0E-4
10000,staggered_still,jacobi4,1,11,0.610304,7.0E-4
10000,staggered_still,jacobi4,1,12,0.598016,9.0E-4
10000,staggered_still,jacobi4,1,13,0.612352,7.0E-4
10000,staggered_still,jacobi4,1,14,0.596992,0.0014
10000,staggered_still,jacobi4,1,15,0.611328,0.0014
10000,staggered_still,jacobi4,1,16,0.59904,8.0E-4
10000,staggered_still,jacobi4,1,17,0.633856,8.0E-4
10000,staggered_still,jacobi4,1,18,0.59904,8.0E-4
10000,staggered_still,jacobi4,1,19,0.64,8.0E-4
10000,staggered_still,jacobi4,1,20,0.607232,8.0E-4
10000,staggered_still,jacobi4,1,21,0.602112,7.0E-4
10000,staggered_still,jacobi4,1,22,0.610304,9.0E-4
10000,staggered_still,jacobi4,1,23,0.600064,8.0E-4
10000,staggered_still,jacobi4,1,24,0.60928,9.0E-4
10000,staggered_still,jacobi4,1,25,0.600064,7.0E-4
10000,staggered_still,jacobi4,1,26,0.60928,9.0E-4
10000,staggered_still,jacobi4,1,27,0.59904,7.0E-4
10000,staggered_still,jacobi4,1,28,0.60928,9.0E-4
10000,staggered_still,jacobi4,1,29,0.59904,8.0E-4
10000,staggered_still,jacobi4,1,30,0.610304,7.0E-4
10000,staggered_still,jacobi4,1,31,0.596992,7.0E-4
10000,staggered_still,jacobi4,1,32,0.611328,8.0E-4
10000,staggered_still,jacobi4,1,33,0.598016,7.0E-4
10000,staggered_still,jacobi4,1,34,0.60928,9.0E-4
10000,staggered_still,jacobi4,1,35,0.598016,9.0E-4
10000,staggered_still,jacobi4,1,36,0.632832,8.0E-4
10000,staggered_still,jacobi4,1,37,0.600064,8.0E-4
10000,staggered_still,jacobi4,1,38,0.637952,8.0E-4
10000,staggered_still,jacobi4,1,39,0.608256,8.0E-4
10000,staggered_still,jacobi4,2,0,0.628736,0.0077
10000,staggered_still,jacobi4,2,1,0.607232,9.0E-4
10000,staggered_still,jacobi4,2,2,0.602112,0.0023
10000,staggered_still,jacobi4,2,3,0.610304,8.0E-4
10000,staggered_still,jacobi4,2,4,0.596992,8.0E-4
10000,staggered_still,jacobi4,2,5,0.607232,7.0E-4
10000,staggered_still,jacobi4,2,6,0.603136,7.0E-4
10000,staggered_still,jacobi4,2,7,0.610304,8.0E-4
10000,staggered_still,jacobi4,2,8,0.595968,7.0E-4
10000,staggered_still,jacobi4,2,9,0.60928,8.0E-4
10000,staggered_still,jacobi4,2,10,0.59904,7.0E-4
10000,staggered_still,jacobi4,2,11,0.60928,7.0E-4
10000,staggered_still,jacobi4,2,12,0.770048,7.0E-4
10000,staggered_still,jacobi4,2,13,0.658432,8.0E-4
10000,staggered_still,jacobi4,2,14,0.601088,8.0E-4
10000,staggered_still,jacobi4,2,15,0.612352,8.0E-4
10000,staggered_still,jacobi4,2,16,0.595968,7.0E-4
10000,staggered_still,jacobi4,2,17,0.637952,8.0E-4
10000,staggered_still,jacobi4,2,18,0.598016,7.0E-4
10000,staggered_still,jacobi4,2,19,0.646144,7.0E-4
10000,staggered_still,jacobi4,2,20,0.608256,8.0E-4
10000,staggered_still,jacobi4,2,21,0.59904,9.0E-4
10000,staggered_still,jacobi4,2,22,0.610304,7.0E-4
10000,staggered_still,jacobi4,2,23,0.598016,8.0E-4
10000,staggered_still,jacobi4,2,24,0.607232,8.0E-4
10000,staggered_still,jacobi4,2,25,0.59904,7.0E-4
10000,staggered_still,jacobi4,2,26,0.610304,8.0E-4
10000,staggered_still,jacobi4,2,27,0.59904,7.0E-4
10000,staggered_still,jacobi4,2,28,0.611328,7.0E-4
10000,staggered_still,jacobi4,2,29,0.843776,7.0E-4
10000,staggered_still,jacobi4,2,30,0.60928,8.0E-4
10000,staggered_still,jacobi4,2,31,0.605184,0.0021
10000,staggered_still,jacobi4,2,32,0.611328,8.0E-4
10000,staggered_still,jacobi4,2,33,0.598016,8.0E-4
10000,staggered_still,jacobi4,2,34,0.611328,7.0E-4
10000,staggered_still,jacobi4,2,35,0.594944,7.0E-4
10000,staggered_still,jacobi4,2,36,0.635904,8.0E-4
10000,staggered_still,jacobi4,2,37,0.59904,7.0E-4
10000,staggered_still,jacobi4,2,38,0.64512,9.0E-4
10000,staggered_still,jacobi4,2,39,0.607232,0.0015
10000,staggered_still,jacobi4,3,0,0.632832,0.0077
10000,staggered_still,jacobi4,3,1,0.608256,8.0E-4
10000,staggered_still,jacobi4,3,2,0.603136,0.0023
10000,staggered_still,jacobi4,3,3,0.613376,9.0E-4
10000,staggered_still,jacobi4,3,4,0.596992,7.0E-4
10000,staggered_still,jacobi4,3,5,0.60928,9.0E-4
10000,staggered_still,jacobi4,3,6,0.600064,9.0E-4
10000,staggered_still,jacobi4,3,7,0.60928,8.0E-4
10000,staggered_still,jacobi4,3,8,0.600064,7.0E-4
10000,staggered_still,jacobi4,3,9,0.613376,8.0E-4
10000,staggered_still,jacobi4,3,10,0.598016,7.0E-4
10000,staggered_still,jacobi4,3,11,0.608256,8.0E-4
10000,staggered_still,jacobi4,3,12,0.595968,7.0E-4
10000,staggered_still,jacobi4,3,13,0.60928,9.0E-4
10000,staggered_still,jacobi4,3,14,0.596992,0.0011
10000,staggered_still,jacobi4,3,15,0.608256,7.0E-4
10000,staggered_still,jacobi4,3,16,0.596992,8.0E-4
10000,staggered_still,jacobi4,3,17,0.638976,8.0E-4
10000,staggered_still,jacobi4,3,18,0.596992,7.0E-4
10000,staggered_still,jacobi4,3,19,0.637952,8.0E-4
10000,staggered_still,jacobi4,3,20,0.608256,8.0E-4
10000,staggered_still,jacobi4,3,21,0.600064,8.0E-4
10000,staggered_still,jacobi4,3,22,0.610304,8.0E-4
10000,staggered_still,jacobi4,3,23,0.596992,6.0E-4
10000,staggered_still,jacobi4,3,24,0.608256,8.0E-4
10000,staggered_still,jacobi4,3,25,0.601088,7.0E-4
10000,staggered_still,jacobi4,3,26,0.608256,8.0E-4
10000,staggered_still,jacobi4,3,27,0.766976,8.0E-4
10000,staggered_still,jacobi4,3,28,0.610304,9.0E-4
10000,staggered_still,jacobi4,3,29,0.607232,8.0E-4
10000,staggered_still,jacobi4,3,30,0.610304,9.0E-4
10000,staggered_still,jacobi4,3,31,0.598016,0.001
10000,staggered_still,jacobi4,3,32,0.612352,8.0E-4
10000,staggered_still,jacobi4,3,33,0.59904,7.0E-4
10000,staggered_still,jacobi4,3,34,0.610304,7.0E-4
10000,staggered_still,jacobi4,3,35,0.596992,7.0E-4
10000,staggered_still,jacobi4,3,36,0.633856,9.0E-4
10000,staggered_still,jacobi4,3,37,0.598016,8.0E-4
10000,staggered_still,jacobi4,3,38,0.648192,8.0E-4
10000,staggered_still,jacobi4,3,39,0.607232,9.0E-4
10000,staggered_still,jacobi16,1,0,2.282496,0.0122
10000,staggered_still,jacobi16,1,1,2.260992,0.0035
10000,staggered_still,jacobi16,1,2,2.260992,0.0035
10000,staggered_still,jacobi16,1,3,2.25792,0.0035
10000,staggered_still,jacobi16,1,4,2.428928,0.0036
10000,staggered_still,jacobi16,1,5,2.287616,0.0036
10000,staggered_still,jacobi16,1,6,2.262016,0.0036
10000,staggered_still,jacobi16,1,7,2.26304,0.0034
10000,staggered_still,jacobi16,1,8,2.259968,0.0035
10000,staggered_still,jacobi16,1,9,2.248704,0.0036
10000,staggered_still,jacobi16,1,10,2.264064,0.0063
10000,staggered_still,jacobi16,1,11,2.256896,0.0035
10000,staggered_still,jacobi16,1,12,2.26304,0.0035
10000,staggered_still,jacobi16,1,13,2.253824,0.0046
10000,staggered_still,jacobi16,1,14,2.254848,0.0043
10000,staggered_still,jacobi16,1,15,2.260992,0.0035
10000,staggered_still,jacobi16,1,16,2.260992,0.0035
10000,staggered_still,jacobi16,1,17,2.264064,0.0036
10000,staggered_still,jacobi16,1,18,2.24256,0.0035
10000,staggered_still,jacobi16,1,19,2.46272,0.0035
10000,staggered_still,jacobi16,1,20,2.258944,0.0035
10000,staggered_still,jacobi16,1,21,2.265088,0.0034
10000,staggered_still,jacobi16,1,22,2.26304,0.0035
10000,staggered_still,jacobi16,1,23,2.253824,0.0035
10000,staggered_still,jacobi16,1,24,2.294784,0.0035
10000,staggered_still,jacobi16,1,25,2.260992,0.0035
10000,staggered_still,jacobi16,1,26,2.26304,0.0036
10000,staggered_still,jacobi16,1,27,2.258944,0.0035
10000,staggered_still,jacobi16,1,28,2.246656,0.0035
10000,staggered_still,jacobi16,1,29,2.26304,0.0037
10000,staggered_still,jacobi16,1,30,2.264064,0.0037
10000,staggered_still,jacobi16,1,31,2.260992,0.0036
10000,staggered_still,jacobi16,1,32,2.262016,0.0035
10000,staggered_still,jacobi16,1,33,2.427904,0.0037
10000,staggered_still,jacobi16,1,34,2.260992,0.0036
10000,staggered_still,jacobi16,1,35,2.262016,0.0035
10000,staggered_still,jacobi16,1,36,2.262016,0.0037
10000,staggered_still,jacobi16,1,37,2.254848,0.0035
10000,staggered_still,jacobi16,1,38,2.286592,0.0035
10000,staggered_still,jacobi16,1,39,2.264064,0.0037
10000,staggered_still,jacobi16,2,0,2.291712,0.1226
10000,staggered_still,jacobi16,2,1,2.443264,0.0095
10000,staggered_still,jacobi16,2,2,2.262016,0.0031
10000,staggered_still,jacobi16,2,3,2.256896,0.0032
10000,staggered_still,jacobi16,2,4,2.248704,0.0031
10000,staggered_still,jacobi16,2,5,2.29376,0.0032
10000,staggered_still,jacobi16,2,6,2.259968,0.0047
10000,staggered_still,jacobi16,2,7,2.266112,0.0031
10000,staggered_still,jacobi16,2,8,2.258944,0.0031
10000,staggered_still,jacobi16,2,9,2.250752,0.003
10000,staggered_still,jacobi16,2,10,2.258944,0.003
10000,staggered_still,jacobi16,2,11,2.258944,0.003
10000,staggered_still,jacobi16,2,12,2.258944,0.0031
10000,staggered_still,jacobi16,2,13,2.256896,0.0031
10000,staggered_still,jacobi16,2,14,2.249728,0.0031
10000,staggered_still,jacobi16,2,15,2.451456,0.0033
10000,staggered_still,jacobi16,2,16,2.26304,0.0031
10000,staggered_still,jacobi16,2,17,2.262016,0.003
10000,staggered_still,jacobi16,2,18,2.2528,0.003
10000,staggered_still,jacobi16,2,19,2.248704,0.0032
10000,staggered_still,jacobi16,2,20,2.260992,0.0033
10000,staggered_still,jacobi16,2,21,2.266112,0.0034
10000,staggered_still,jacobi16,2,22,2.255872,0.003
10000,staggered_still,jacobi16,2,23,2.248704,0.0032
10000,staggered_still,jacobi16,2,24,2.289664,0.0032
10000,staggered_still,jacobi16,2,25,2.262016,0.003
10000,staggered_still,jacobi16,2,26,2.258944,0.0035
10000,staggered_still,jacobi16,2,27,2.262016,0.0031
10000,staggered_still,jacobi16,2,28,2.24768,0.0031
10000,staggered_still,jacobi16,2,29,2.262016,0.0031
10000,staggered_still,jacobi16,2,30,2.439168,0.0031
10000,staggered_still,jacobi16,2,31,2.265088,0.0031
10000,staggered_still,jacobi16,2,32,2.256896,0.0031
10000,staggered_still,jacobi16,2,33,2.248704,0.003
10000,staggered_still,jacobi16,2,34,2.265088,0.0031
10000,staggered_still,jacobi16,2,35,2.260992,0.003
10000,staggered_still,jacobi16,2,36,2.265088,0.0032
10000,staggered_still,jacobi16,2,37,2.24768,0.003
10000,staggered_still,jacobi16,2,38,2.284544,0.003
10000,staggered_still,jacobi16,2,39,2.260992,0.0031
10000,staggered_still,jacobi16,3,0,2.290688,0.0181
10000,staggered_still,jacobi16,3,1,2.26304,0.0031
10000,staggered_still,jacobi16,3,2,2.25792,0.0032
10000,staggered_still,jacobi16,3,3,2.258944,0.003
10000,staggered_still,jacobi16,3,4,2.251776,0.0032
10000,staggered_still,jacobi16,3,5,2.284544,0.003
10000,staggered_still,jacobi16,3,6,2.25792,0.0032
10000,staggered_still,jacobi16,3,7,2.265088,0.0031
10000,staggered_still,jacobi16,3,8,2.26304,0.0031
10000,staggered_still,jacobi16,3,9,2.250752,0.003
10000,staggered_still,jacobi16,3,10,2.26304,0.0032
10000,staggered_still,jacobi16,3,11,2.264064,0.0039
10000,staggered_still,jacobi16,3,12,2.258944,0.0064
10000,staggered_still,jacobi16,3,13,2.43712,0.0043
10000,staggered_still,jacobi16,3,14,2.250752,0.005
10000,staggered_still,jacobi16,3,15,2.262016,0.0046
10000,staggered_still,jacobi16,3,16,2.265088,0.0044
10000,staggered_still,jacobi16,3,17,2.25792,0.0033
10000,staggered_still,jacobi16,3,18,2.250752,0.0041
10000,staggered_still,jacobi16,3,19,2.289664,0.0041
10000,staggered_still,jacobi16,3,20,2.255872,0.0043
10000,staggered_still,jacobi16,3,21,2.260992,0.0055
10000,staggered_still,jacobi16,3,22,2.25792,0.0054
10000,staggered_still,jacobi16,3,23,2.250752,0.0036
10000,staggered_still,jacobi16,3,24,2.28352,0.0032
10000,staggered_still,jacobi16,3,25,2.264064,0.0031
10000,staggered_still,jacobi16,3,26,2.258944,0.003
10000,staggered_still,jacobi16,3,27,2.260992,0.003
10000,staggered_still,jacobi16,3,28,2.432,0.0031
10000,staggered_still,jacobi16,3,29,2.262016,0.003
10000,staggered_still,jacobi16,3,30,2.264064,0.0033
10000,staggered_still,jacobi16,3,31,2.256896,0.0031
10000,staggered_still,jacobi16,3,32,2.259968,0.003
10000,staggered_still,jacobi16,3,33,2.2528,0.003
10000,staggered_still,jacobi16,3,34,2.255872,0.0031
10000,staggered_still,jacobi16,3,35,2.260992,0.0031
10000,staggered_still,jacobi16,3,36,2.259968,0.0031
10000,staggered_still,jacobi16,3,37,2.248704,0.0031
10000,staggered_still,jacobi16,3,38,2.284544,0.0031
10000,staggered_still,jacobi16,3,39,2.259968,0.0033
10000,staggered_still,support4,1,0,0.8704,0.0082
10000,staggered_still,support4,1,1,0.843776,0.0035
10000,staggered_still,support4,1,2,0.87552,0.0034
10000,staggered_still,support4,1,3,0.842752,0.0034
10000,staggered_still,support4,1,4,0.856064,0.0055
10000,staggered_still,support4,1,5,0.840704,0.0034
10000,staggered_still,support4,1,6,0.858112,0.0035
10000,staggered_still,support4,1,7,0.83456,0.0035
10000,staggered_still,support4,1,8,0.861184,0.0052
10000,staggered_still,support4,1,9,0.851968,0.0034
10000,staggered_still,support4,1,10,0.856064,0.0035
10000,staggered_still,support4,1,11,0.827392,0.0036
10000,staggered_still,support4,1,12,0.83968,0.0054
10000,staggered_still,support4,1,13,0.82944,0.0034
10000,staggered_still,support4,1,14,0.846848,0.0035
10000,staggered_still,support4,1,15,0.845824,0.0035
10000,staggered_still,support4,1,16,0.848896,0.0035
10000,staggered_still,support4,1,17,0.846848,0.0051
10000,staggered_still,support4,1,18,0.822272,0.0034
10000,staggered_still,support4,1,19,0.866304,0.0037
10000,staggered_still,support4,1,20,0.837632,0.0033
10000,staggered_still,support4,1,21,0.869376,0.0053
10000,staggered_still,support4,1,22,0.83456,0.0034
10000,staggered_still,support4,1,23,0.84992,0.0035
10000,staggered_still,support4,1,24,0.826368,0.0034
10000,staggered_still,support4,1,25,0.84992,0.0056
10000,staggered_still,support4,1,26,0.82432,0.0034
10000,staggered_still,support4,1,27,0.842752,0.0034
10000,staggered_still,support4,1,28,0.830464,0.0034
10000,staggered_still,support4,1,29,0.857088,0.0051
10000,staggered_still,support4,1,30,0.845824,0.0036
10000,staggered_still,support4,1,31,0.858112,0.0036
10000,staggered_still,support4,1,32,1.01888,0.0034
10000,staggered_still,support4,1,33,0.85504,0.0034
10000,staggered_still,support4,1,34,0.833536,0.0054
10000,staggered_still,support4,1,35,0.852992,0.0034
10000,staggered_still,support4,1,36,0.852992,0.0034
10000,staggered_still,support4,1,37,0.832512,0.0034
10000,staggered_still,support4,1,38,0.879616,0.0053
10000,staggered_still,support4,1,39,0.842752,0.0034
10000,staggered_still,support4,2,0,0.863232,0.0082
10000,staggered_still,support4,2,1,0.836608,0.0033
10000,staggered_still,support4,2,2,0.866304,0.0034
10000,staggered_still,support4,2,3,0.836608,0.0035
10000,staggered_still,support4,2,4,0.852992,0.0049
10000,staggered_still,support4,2,5,0.832512,0.0035
10000,staggered_still,support4,2,6,0.858112,0.0035
10000,staggered_still,support4,2,7,0.83456,0.0034
10000,staggered_still,support4,2,8,0.843776,0.0035
10000,staggered_still,support4,2,9,0.836608,0.0056
10000,staggered_still,support4,2,10,0.84992,0.0036
10000,staggered_still,support4,2,11,0.832512,0.0033
10000,staggered_still,support4,2,12,0.843776,0.0063
10000,staggered_still,support4,2,13,0.83968,0.0053
10000,staggered_still,support4,2,14,0.850944,0.0034
10000,staggered_still,support4,2,15,0.848896,0.0036
10000,staggered_still,support4,2,16,0.848896,0.0017
10000,staggered_still,support4,2,17,0.842752,0.005
10000,staggered_still,support4,2,18,0.820224,0.0018
10000,staggered_still,support4,2,19,1.05984,0.0035
10000,staggered_still,support4,2,20,0.842752,0.0035
10000,staggered_still,support4,2,21,0.869376,0.0016
10000,staggered_still,support4,2,22,0.837632,0.005
10000,staggered_still,support4,2,23,0.84992,0.0036
10000,staggered_still,support4,2,24,0.856064,0.0034
10000,staggered_still,support4,2,25,0.841728,0.0016
10000,staggered_still,support4,2,26,0.833536,0.0054
10000,staggered_still,support4,2,27,0.866304,0.0034
10000,staggered_still,support4,2,28,0.841728,0.0035
10000,staggered_still,support4,2,29,0.863232,0.0018
10000,staggered_still,support4,2,30,0.845824,0.0051
10000,staggered_still,support4,2,31,0.8448,0.0034
10000,staggered_still,support4,2,32,0.846848,0.0035
10000,staggered_still,support4,2,33,0.852992,0.0035
10000,staggered_still,support4,2,34,0.826368,0.0034
10000,staggered_still,support4,2,35,0.866304,0.0051
10000,staggered_still,support4,2,36,0.84992,0.0035
10000,staggered_still,support4,2,37,0.821248,0.0034
10000,staggered_still,support4,2,38,0.876544,0.0034
10000,staggered_still,support4,2,39,0.846848,0.0053
10000,staggered_still,support4,3,0,0.879616,0.0079
10000,staggered_still,support4,3,1,0.838656,0.0056
10000,staggered_still,support4,3,2,0.871424,0.0035
10000,staggered_still,support4,3,3,0.838656,0.0034
10000,staggered_still,support4,3,4,0.84992,0.004
10000,staggered_still,support4,3,5,1.019904,0.0051
10000,staggered_still,support4,3,6,0.857088,0.0034
10000,staggered_still,support4,3,7,0.835584,0.0034
10000,staggered_still,support4,3,8,0.859136,0.0035
10000,staggered_still,support4,3,9,0.833536,0.0051
10000,staggered_still,support4,3,10,0.856064,0.0034
10000,staggered_still,support4,3,11,0.8448,0.0035
10000,staggered_still,support4,3,12,0.861184,0.0034
10000,staggered_still,support4,3,13,0.847872,0.0049
10000,staggered_still,support4,3,14,0.85504,0.0034
10000,staggered_still,support4,3,15,0.8448,0.0035
10000,staggered_still,support4,3,16,0.852992,0.0034
10000,staggered_still,support4,3,17,0.841728,0.0035
10000,staggered_still,support4,3,18,0.830464,0.0052
10000,staggered_still,support4,3,19,0.874496,0.0035
10000,staggered_still,support4,3,20,0.84992,0.0049
10000,staggered_still,support4,3,21,0.87552,0.0035
10000,staggered_still,support4,3,22,0.83456,0.0052
10000,staggered_still,support4,3,23,0.864256,0.0035
10000,staggered_still,support4,3,24,0.830464,0.0034
10000,staggered_still,support4,3,25,0.83968,0.0036
10000,staggered_still,support4,3,26,0.82944,0.0049
10000,staggered_still,support4,3,27,0.843776,0.0036
10000,staggered_still,support4,3,28,0.82944,0.0034
10000,staggered_still,support4,3,29,0.84992,0.0034
10000,staggered_still,support4,3,30,0.828416,0.0034
10000,staggered_still,support4,3,31,0.857088,0.0052
10000,staggered_still,support4,3,32,0.842752,0.0034
10000,staggered_still,support4,3,33,0.851968,0.0034
10000,staggered_still,support4,3,34,0.840704,0.0036
10000,staggered_still,support4,3,35,0.857088,0.0055
10000,staggered_still,support4,3,36,0.842752,0.0034
10000,staggered_still,support4,3,37,0.817152,0.0035
10000,staggered_still,support4,3,38,0.877568,0.0035
10000,staggered_still,support4,3,39,0.847872,0.0052
10000,staggered_driven,jacobi4,1,0,0.709632,0.0146
10000,staggered_driven,jacobi4,1,1,0.683008,0.0032
10000,staggered_driven,jacobi4,1,2,0.668672,0.0117
10000,staggered_driven,jacobi4,1,3,0.715776,0.0036
10000,staggered_driven,jacobi4,1,4,0.683008,0.0034
10000,staggered_driven,jacobi4,1,5,0.673792,0.003
10000,staggered_driven,jacobi4,1,6,0.692224,0.0027
10000,staggered_driven,jacobi4,1,7,0.676864,0.0074
10000,staggered_driven,jacobi4,1,8,0.684032,0.0029
10000,staggered_driven,jacobi4,1,9,0.684032,0.0029
10000,staggered_driven,jacobi4,1,10,0.709632,0.0026
10000,staggered_driven,jacobi4,1,11,0.687104,0.0029
10000,staggered_driven,jacobi4,1,12,0.681984,0.0025
10000,staggered_driven,jacobi4,1,13,0.707584,0.003
10000,staggered_driven,jacobi4,1,14,0.708608,0.0027
10000,staggered_driven,jacobi4,1,15,0.712704,0.0029
10000,staggered_driven,jacobi4,1,16,0.70144,0.0029
10000,staggered_driven,jacobi4,1,17,0.746496,0.0025
10000,staggered_driven,jacobi4,1,18,0.709632,0.003
10000,staggered_driven,jacobi4,1,19,0.704512,0.0029
10000,staggered_driven,jacobi4,1,20,0.71168,0.0027
10000,staggered_driven,jacobi4,1,21,0.692224,0.0028
10000,staggered_driven,jacobi4,1,22,0.73728,0.032
10000,staggered_driven,jacobi4,1,23,0.705536,0.0164
10000,staggered_driven,jacobi4,1,24,0.697344,0.0073
10000,staggered_driven,jacobi4,1,25,0.709632,0.0029
10000,staggered_driven,jacobi4,1,26,0.695296,0.0025
10000,staggered_driven,jacobi4,1,27,0.708608,0.0025
10000,staggered_driven,jacobi4,1,28,0.702464,0.0032
10000,staggered_driven,jacobi4,1,29,0.730112,0.0029
10000,staggered_driven,jacobi4,1,30,0.712704,0.0029
10000,staggered_driven,jacobi4,1,31,0.709632,0.0026
10000,staggered_driven,jacobi4,1,32,0.718848,0.0028
10000,staggered_driven,jacobi4,1,33,0.712704,0.0025
10000,staggered_driven,jacobi4,1,34,0.694272,0.0029
10000,staggered_driven,jacobi4,1,35,0.678912,0.0028
10000,staggered_driven,jacobi4,1,36,0.7168,0.003
10000,staggered_driven,jacobi4,1,37,0.671744,0.0027
10000,staggered_driven,jacobi4,1,38,0.669696,0.0029
10000,staggered_driven,jacobi4,1,39,0.68096,0.0026
10000,staggered_driven,jacobi4,2,0,0.713728,0.0145
10000,staggered_driven,jacobi4,2,1,0.843776,0.0116
10000,staggered_driven,jacobi4,2,2,0.679936,0.0033
10000,staggered_driven,jacobi4,2,3,0.677888,0.0027
10000,staggered_driven,jacobi4,2,4,0.688128,0.0031
10000,staggered_driven,jacobi4,2,5,0.679936,0.0032
10000,staggered_driven,jacobi4,2,6,0.728064,0.0031
10000,staggered_driven,jacobi4,2,7,0.695296,0.003
10000,staggered_driven,jacobi4,2,8,0.676864,0.0027
10000,staggered_driven,jacobi4,2,9,0.689152,0.0031
10000,staggered_driven,jacobi4,2,10,0.683008,0.0026
10000,staggered_driven,jacobi4,2,11,0.684032,0.0029
10000,staggered_driven,jacobi4,2,12,0.67584,0.0117
10000,staggered_driven,jacobi4,2,13,0.735232,0.003
10000,staggered_driven,jacobi4,2,14,0.708608,0.0032
10000,staggered_driven,jacobi4,2,15,0.70656,0.0032
10000,staggered_driven,jacobi4,2,16,0.715776,0.0036
10000,staggered_driven,jacobi4,2,17,0.700416,0.0035
10000,staggered_driven,jacobi4,2,18,0.744448,0.0027
10000,staggered_driven,jacobi4,2,19,0.71168,0.0026
10000,staggered_driven,jacobi4,2,20,0.70656,0.0026
10000,staggered_driven,jacobi4,2,21,0.709632,0.0028
10000,staggered_driven,jacobi4,2,22,0.695296,0.0032
10000,staggered_driven,jacobi4,2,23,0.707584,0.0031
10000,staggered_driven,jacobi4,2,24,0.70144,0.0032
10000,staggered_driven,jacobi4,2,25,0.72704,0.0031
10000,staggered_driven,jacobi4,2,26,0.70656,0.0027
10000,staggered_driven,jacobi4,2,27,0.694272,0.003
10000,staggered_driven,jacobi4,2,28,0.704512,0.0029
10000,staggered_driven,jacobi4,2,29,0.703488,0.003
10000,staggered_driven,jacobi4,2,30,0.70656,0.003
10000,staggered_driven,jacobi4,2,31,0.70656,0.0031
10000,staggered_driven,jacobi4,2,32,0.750592,0.0029
10000,staggered_driven,jacobi4,2,33,0.718848,0.0031
10000,staggered_driven,jacobi4,2,34,0.685056,0.0032
10000,staggered_driven,jacobi4,2,35,0.687104,0.0031
10000,staggered_driven,jacobi4,2,36,0.67584,0.0027
10000,staggered_driven,jacobi4,2,37,0.705536,0.0033
10000,staggered_driven,jacobi4,2,38,0.676864,0.0042
10000,staggered_driven,jacobi4,2,39,0.67072,0.0035
10000,staggered_driven,jacobi4,3,0,0.700416,0.0146
10000,staggered_driven,jacobi4,3,1,0.688128,0.003
10000,staggered_driven,jacobi4,3,2,0.667648,0.0113
10000,staggered_driven,jacobi4,3,3,0.896,0.003
10000,staggered_driven,jacobi4,3,4,0.685056,0.0028
10000,staggered_driven,jacobi4,3,5,0.683008,0.0036
10000,staggered_driven,jacobi4,3,6,0.697344,0.0029
10000,staggered_driven,jacobi4,3,7,0.676864,0.003
10000,staggered_driven,jacobi4,3,8,0.68608,0.0029
10000,staggered_driven,jacobi4,3,9,0.68096,0.0033
10000,staggered_driven,jacobi4,3,10,0.7168,0.003
10000,staggered_driven,jacobi4,3,11,0.687104,0.0029
10000,staggered_driven,jacobi4,3,12,0.681984,0.0026
10000,staggered_driven,jacobi4,3,13,0.708608,0.0024
10000,staggered_driven,jacobi4,3,14,0.707584,0.0024
10000,staggered_driven,jacobi4,3,15,0.712704,0.0025
10000,staggered_driven,jacobi4,3,16,0.702464,0.0025
10000,staggered_driven,jacobi4,3,17,0.741376,0.0031
10000,staggered_driven,jacobi4,3,18,0.710656,0.0032
10000,staggered_driven,jacobi4,3,19,0.705536,0.0033
10000,staggered_driven,jacobi4,3,20,0.71168,0.0029
10000,staggered_driven,jacobi4,3,21,0.695296,0.0025
10000,staggered_driven,jacobi4,3,22,0.738304,0.003
10000,staggered_driven,jacobi4,3,23,0.705536,0.0032
10000,staggered_driven,jacobi4,3,24,0.695296,0.0031
10000,staggered_driven,jacobi4,3,25,0.709632,0.021
10000,staggered_driven,jacobi4,3,26,0.694272,0.0124
10000,staggered_driven,jacobi4,3,27,0.70656,0.0031
10000,staggered_driven,jacobi4,3,28,0.703488,0.0029
10000,staggered_driven,jacobi4,3,29,0.729088,0.003
10000,staggered_driven,jacobi4,3,30,0.713728,0.0037
10000,staggered_driven,jacobi4,3,31,0.707584,0.0027
10000,staggered_driven,jacobi4,3,32,0.719872,0.029
10000,staggered_driven,jacobi4,3,33,0.719872,0.0029
10000,staggered_driven,jacobi4,3,34,0.693248,0.0024
10000,staggered_driven,jacobi4,3,35,0.67584,0.0027
10000,staggered_driven,jacobi4,3,36,0.719872,0.0029
10000,staggered_driven,jacobi4,3,37,0.669696,0.0075
10000,staggered_driven,jacobi4,3,38,0.67072,0.0032
10000,staggered_driven,jacobi4,3,39,0.678912,0.0028
10000,staggered_driven,jacobi16,1,0,2.311168,0.0385
10000,staggered_driven,jacobi16,1,1,2.300928,0.012
10000,staggered_driven,jacobi16,1,2,2.300928,0.0115
10000,staggered_driven,jacobi16,1,3,2.304,0.0116
10000,staggered_driven,jacobi16,1,4,2.29376,0.012
10000,staggered_driven,jacobi16,1,5,2.286592,0.0122
10000,staggered_driven,jacobi16,1,6,2.31424,0.012
10000,staggered_driven,jacobi16,1,7,2.3552,0.0119
10000,staggered_driven,jacobi16,1,8,2.300928,0.0119
10000,staggered_driven,jacobi16,1,9,2.476032,0.0114
10000,staggered_driven,jacobi16,1,10,2.299904,0.0119
10000,staggered_driven,jacobi16,1,11,2.327552,0.0113
10000,staggered_driven,jacobi16,1,12,2.308096,0.0117
10000,staggered_driven,jacobi16,1,13,2.377728,0.0115
10000,staggered_driven,jacobi16,1,14,2.35008,0.0116
10000,staggered_driven,jacobi16,1,15,2.34496,0.012
10000,staggered_driven,jacobi16,1,16,2.354176,0.0115
10000,staggered_driven,jacobi16,1,17,2.34496,0.0119
10000,staggered_driven,jacobi16,1,18,2.337792,0.0121
10000,staggered_driven,jacobi16,1,19,2.367488,0.012
10000,staggered_driven,jacobi16,1,20,2.345984,0.0115
10000,staggered_driven,jacobi16,1,21,2.315264,0.0115
10000,staggered_driven,jacobi16,1,22,2.323456,0.0121
10000,staggered_driven,jacobi16,1,23,2.50368,0.0118
10000,staggered_driven,jacobi16,1,24,2.322432,0.0119
10000,staggered_driven,jacobi16,1,25,2.305024,0.0115
10000,staggered_driven,jacobi16,1,26,2.343936,0.012
10000,staggered_driven,jacobi16,1,27,2.312192,0.0116
10000,staggered_driven,jacobi16,1,28,2.318336,0.0119
10000,staggered_driven,jacobi16,1,29,2.313216,0.0115
10000,staggered_driven,jacobi16,1,30,2.321408,0.0115
10000,staggered_driven,jacobi16,1,31,2.37568,0.012
10000,staggered_driven,jacobi16,1,32,2.413568,0.012
10000,staggered_driven,jacobi16,1,33,2.378752,0.0119
10000,staggered_driven,jacobi16,1,34,2.3552,0.0119
10000,staggered_driven,jacobi16,1,35,2.340864,0.0117
10000,staggered_driven,jacobi16,1,36,2.335744,0.0114
10000,staggered_driven,jacobi16,1,37,2.260992,0.0121
10000,staggered_driven,jacobi16,1,38,2.473984,0.0119
10000,staggered_driven,jacobi16,1,39,2.276352,0.0115
10000,staggered_driven,jacobi16,2,0,2.318336,0.0323
10000,staggered_driven,jacobi16,2,1,2.286592,0.012
10000,staggered_driven,jacobi16,2,2,2.328576,0.0109
10000,staggered_driven,jacobi16,2,3,2.30912,0.0114
10000,staggered_driven,jacobi16,2,4,2.614272,0.0119
10000,staggered_driven,jacobi16,2,5,2.285568,0.0134
10000,staggered_driven,jacobi16,2,6,2.320384,0.0114
10000,staggered_driven,jacobi16,2,7,2.316288,0.011
10000,staggered_driven,jacobi16,2,8,2.290688,0.0114
10000,staggered_driven,jacobi16,2,9,2.332672,0.0111
10000,staggered_driven,jacobi16,2,10,2.302976,0.0111
10000,staggered_driven,jacobi16,2,11,2.318336,0.0115
10000,staggered_driven,jacobi16,2,12,2.316288,0.0111
10000,staggered_driven,jacobi16,2,13,2.353152,0.011
10000,staggered_driven,jacobi16,2,14,2.3296,0.0115
10000,staggered_driven,jacobi16,2,15,2.377728,0.011
10000,staggered_driven,jacobi16,2,16,2.349056,0.011
10000,staggered_driven,jacobi16,2,17,2.349056,0.0106
10000,staggered_driven,jacobi16,2,18,2.35008,0.0114
10000,staggered_driven,jacobi16,2,19,2.342912,0.0111
10000,staggered_driven,jacobi16,2,20,2.711552,0.0114
10000,staggered_driven,jacobi16,2,21,2.39104,0.0111
10000,staggered_driven,jacobi16,2,22,2.31936,0.0112
10000,staggered_driven,jacobi16,2,23,2.32448,0.0115
10000,staggered_driven,jacobi16,2,24,2.315264,0.0115
10000,staggered_driven,jacobi16,2,25,2.323456,0.0114
10000,staggered_driven,jacobi16,2,26,2.30912,0.0113
10000,staggered_driven,jacobi16,2,27,2.312192,0.0111
10000,staggered_driven,jacobi16,2,28,2.351104,0.0116
10000,staggered_driven,jacobi16,2,29,2.31936,0.0111
10000,staggered_driven,jacobi16,2,30,2.320384,0.0115
10000,staggered_driven,jacobi16,2,31,2.3808,0.0111
10000,staggered_driven,jacobi16,2,32,2.572288,0.0115
10000,staggered_driven,jacobi16,2,33,2.36544,0.0115
10000,staggered_driven,jacobi16,2,34,2.387968,0.0116
10000,staggered_driven,jacobi16,2,35,2.347008,0.0112
10000,staggered_driven,jacobi16,2,36,2.3296,0.0115
10000,staggered_driven,jacobi16,2,37,2.26816,0.011
10000,staggered_driven,jacobi16,2,38,2.274304,0.0115
10000,staggered_driven,jacobi16,2,39,2.27328,0.0112
10000,staggered_driven,jacobi16,3,0,2.313216,0.0212
10000,staggered_driven,jacobi16,3,1,2.291712,0.0108
10000,staggered_driven,jacobi16,3,2,2.336768,0.0149
10000,staggered_driven,jacobi16,3,3,2.306048,0.0168
10000,staggered_driven,jacobi16,3,4,2.294784,0.0148
10000,staggered_driven,jacobi16,3,5,2.289664,0.0107
10000,staggered_driven,jacobi16,3,6,2.327552,0.0109
10000,staggered_driven,jacobi16,3,7,2.313216,0.0102
10000,staggered_driven,jacobi16,3,8,2.289664,0.0109
10000,staggered_driven,jacobi16,3,9,2.328576,0.0105
10000,staggered_driven,jacobi16,3,10,2.29888,0.0105
10000,staggered_driven,jacobi16,3,11,2.318336,0.01
10000,staggered_driven,jacobi16,3,12,2.495488,0.0109
10000,staggered_driven,jacobi16,3,13,2.382848,0.0106
10000,staggered_driven,jacobi16,3,14,2.33472,0.0105
10000,staggered_driven,jacobi16,3,15,2.381824,0.0105
10000,staggered_driven,jacobi16,3,16,2.354176,0.0108
10000,staggered_driven,jacobi16,3,17,2.34496,0.0109
10000,staggered_driven,jacobi16,3,18,2.345984,0.0108
10000,staggered_driven,jacobi16,3,19,2.340864,0.0106
10000,staggered_driven,jacobi16,3,20,2.330624,0.0104
10000,staggered_driven,jacobi16,3,21,2.35008,0.0105
10000,staggered_driven,jacobi16,3,22,2.312192,0.0106
10000,staggered_driven,jacobi16,3,23,2.330624,0.0105
10000,staggered_driven,jacobi16,3,24,2.31936,0.0105
10000,staggered_driven,jacobi16,3,25,2.3296,0.0105
10000,staggered_driven,jacobi16,3,26,2.311168,0.0104
10000,staggered_driven,jacobi16,3,27,2.4832,0.0108
10000,staggered_driven,jacobi16,3,28,2.349056,0.0109
10000,staggered_driven,jacobi16,3,29,2.323456,0.0108
10000,staggered_driven,jacobi16,3,30,2.316288,0.0108
10000,staggered_driven,jacobi16,3,31,2.382848,0.0104
10000,staggered_driven,jacobi16,3,32,2.395136,0.0103
10000,staggered_driven,jacobi16,3,33,2.372608,0.0109
10000,staggered_driven,jacobi16,3,34,2.384896,0.0141
10000,staggered_driven,jacobi16,3,35,2.338816,0.0189
10000,staggered_driven,jacobi16,3,36,2.340864,0.0148
10000,staggered_driven,jacobi16,3,37,2.269184,0.0122
10000,staggered_driven,jacobi16,3,38,2.271232,0.0105
10000,staggered_driven,jacobi16,3,39,2.27328,0.011
10000,staggered_driven,support4,1,0,0.924672,0.0253
10000,staggered_driven,support4,1,1,0.905216,0.0114
10000,staggered_driven,support4,1,2,0.904192,0.0133
10000,staggered_driven,support4,1,3,0.925696,0.0107
10000,staggered_driven,support4,1,4,0.909312,0.011
10000,staggered_driven,support4,1,5,0.919552,0.0108
10000,staggered_driven,support4,1,6,0.927744,0.0127
10000,staggered_driven,support4,1,7,0.93696,0.0108
10000,staggered_driven,support4,1,8,0.920576,0.0107
10000,staggered_driven,support4,1,9,0.935936,0.0113
10000,staggered_driven,support4,1,10,0.904192,0.0108
10000,staggered_driven,support4,1,11,0.914432,0.0108
10000,staggered_driven,support4,1,12,0.91136,0.0109
10000,staggered_driven,support4,1,13,0.951296,0.0107
10000,staggered_driven,support4,1,14,0.935936,0.0113
10000,staggered_driven,support4,1,15,0.975872,0.0125
10000,staggered_driven,support4,1,16,0.940032,0.0109
10000,staggered_driven,support4,1,17,0.970752,0.0107
10000,staggered_driven,support4,1,18,1.087488,0.0124
10000,staggered_driven,support4,1,19,0.961536,0.0124
10000,staggered_driven,support4,1,20,0.961536,0.011
10000,staggered_driven,support4,1,21,0.927744,0.0111
10000,staggered_driven,support4,1,22,0.937984,0.0107
10000,staggered_driven,support4,1,23,0.941056,0.0122
10000,staggered_driven,support4,1,24,0.95232,0.0107
10000,staggered_driven,support4,1,25,0.937984,0.0107
10000,staggered_driven,support4,1,26,0.932864,0.0108
10000,staggered_driven,support4,1,27,0.922624,0.0106
10000,staggered_driven,support4,1,28,0.939008,0.0124
10000,staggered_driven,support4,1,29,0.923648,0.0117
10000,staggered_driven,support4,1,30,0.948224,0.0107
10000,staggered_driven,support4,1,31,0.95744,0.0107
10000,staggered_driven,support4,1,32,0.965632,0.0123
10000,staggered_driven,support4,1,33,0.949248,0.0109
10000,staggered_driven,support4,1,34,0.953344,0.0108
10000,staggered_driven,support4,1,35,0.919552,0.0107
10000,staggered_driven,support4,1,36,0.954368,0.0128
10000,staggered_driven,support4,1,37,0.873472,0.0107
10000,staggered_driven,support4,1,38,0.935936,0.0111
10000,staggered_driven,support4,1,39,0.914432,0.0106
10000,staggered_driven,support4,2,0,0.930816,0.0161
10000,staggered_driven,support4,2,1,0.914432,0.013
10000,staggered_driven,support4,2,2,0.905216,0.013
10000,staggered_driven,support4,2,3,0.915456,0.0111
10000,staggered_driven,support4,2,4,0.908288,0.0122
10000,staggered_driven,support4,2,5,0.91648,0.0108
10000,staggered_driven,support4,2,6,0.914432,0.0129
10000,staggered_driven,support4,2,7,0.946176,0.0108
10000,staggered_driven,support4,2,8,0.9216,0.011
10000,staggered_driven,support4,2,9,0.933888,0.0109
10000,staggered_driven,support4,2,10,0.914432,0.0147
10000,staggered_driven,support4,2,11,0.925696,0.0277
10000,staggered_driven,support4,2,12,0.91136,0.0111
10000,staggered_driven,support4,2,13,0.953344,0.0107
10000,staggered_driven,support4,2,14,0.934912,0.0107
10000,staggered_driven,support4,2,15,0.96768,0.0132
10000,staggered_driven,support4,2,16,0.943104,0.0108
10000,staggered_driven,support4,2,17,0.964608,0.0111
10000,staggered_driven,support4,2,18,0.925696,0.011
10000,staggered_driven,support4,2,19,0.960512,0.0125
10000,staggered_driven,support4,2,20,0.949248,0.0107
10000,staggered_driven,support4,2,21,0.946176,0.0115
10000,staggered_driven,support4,2,22,0.944128,0.0107
10000,staggered_driven,support4,2,23,0.932864,0.0127
10000,staggered_driven,support4,2,24,0.932864,0.0107
10000,staggered_driven,support4,2,25,0.92672,0.011
10000,staggered_driven,support4,2,26,0.955392,0.0111
10000,staggered_driven,support4,2,27,0.927744,0.0107
10000,staggered_driven,support4,2,28,0.940032,0.0125
10000,staggered_driven,support4,2,29,0.929792,0.0107
10000,staggered_driven,support4,2,30,0.950272,0.0108
10000,staggered_driven,support4,2,31,0.9472,0.0107
10000,staggered_driven,support4,2,32,0.959488,0.0125
10000,staggered_driven,support4,2,33,1.161216,0.0111
10000,staggered_driven,support4,2,34,0.965632,0.0111
10000,staggered_driven,support4,2,35,0.920576,0.0106
10000,staggered_driven,support4,2,36,0.953344,0.0126
10000,staggered_driven,support4,2,37,0.884736,0.0107
10000,staggered_driven,support4,2,38,0.93184,0.0109
10000,staggered_driven,support4,2,39,0.927744,0.0117
10000,staggered_driven,support4,3,0,0.915456,0.0133
10000,staggered_driven,support4,3,1,0.90624,0.0133
10000,staggered_driven,support4,3,2,0.902144,0.0115
10000,staggered_driven,support4,3,3,0.915456,0.0107
10000,staggered_driven,support4,3,4,0.910336,0.0111
10000,staggered_driven,support4,3,5,0.918528,0.0111
10000,staggered_driven,support4,3,6,0.932864,0.0129
10000,staggered_driven,support4,3,7,0.946176,0.0108
10000,staggered_driven,support4,3,8,0.917504,0.0111
10000,staggered_driven,support4,3,9,0.928768,0.0107
10000,staggered_driven,support4,3,10,0.908288,0.0129
10000,staggered_driven,support4,3,11,0.918528,0.0111
10000,staggered_driven,support4,3,12,1.096704,0.011
10000,staggered_driven,support4,3,13,0.946176,0.04
10000,staggered_driven,support4,3,14,0.937984,0.0158
10000,staggered_driven,support4,3,15,0.976896,0.0108
10000,staggered_driven,support4,3,16,0.944128,0.0111
10000,staggered_driven,support4,3,17,0.966656,0.0108
10000,staggered_driven,support4,3,18,0.923648,0.0112
10000,staggered_driven,support4,3,19,0.976896,0.0125
10000,staggered_driven,support4,3,20,0.955392,0.0109
10000,staggered_driven,support4,3,21,0.92672,0.0108
10000,staggered_driven,support4,3,22,0.943104,0.0109
10000,staggered_driven,support4,3,23,0.935936,0.0126
10000,staggered_driven,support4,3,24,0.94208,0.0111
10000,staggered_driven,support4,3,25,0.93696,0.0116
10000,staggered_driven,support4,3,26,0.943104,0.0109
10000,staggered_driven,support4,3,27,0.928768,0.0127
10000,staggered_driven,support4,3,28,0.94208,0.0107
10000,staggered_driven,support4,3,29,0.922624,0.0111
10000,staggered_driven,support4,3,30,0.945152,0.0107
10000,staggered_driven,support4,3,31,0.946176,0.0108
10000,staggered_driven,support4,3,32,0.969728,0.0125
10000,staggered_driven,support4,3,33,0.95232,0.0107
10000,staggered_driven,support4,3,34,0.95744,0.0111
10000,staggered_driven,support4,3,35,0.923648,0.0108
10000,staggered_driven,support4,3,36,0.953344,0.0125
10000,staggered_driven,support4,3,37,0.884736,0.0108
10000,staggered_driven,support4,3,38,0.937984,0.0108
10000,staggered_driven,support4,3,39,0.922624,0.0108
65536,aligned_still,jacobi4,1,0,2.525184,0.0206
65536,aligned_still,jacobi4,1,1,2.5088,8.0E-4
65536,aligned_still,jacobi4,1,2,2.50368,0.0022
65536,aligned_still,jacobi4,1,3,2.504704,7.0E-4
65536,aligned_still,jacobi4,1,4,2.465792,7.0E-4
65536,aligned_still,jacobi4,1,5,2.504704,7.0E-4
65536,aligned_still,jacobi4,1,6,2.475008,8.0E-4
65536,aligned_still,jacobi4,1,7,2.492416,7.0E-4
65536,aligned_still,jacobi4,1,8,2.68288,5.0E-4
65536,aligned_still,jacobi4,1,9,2.58048,8.0E-4
65536,aligned_still,jacobi4,1,10,2.598912,9.0E-4
65536,aligned_still,jacobi4,1,11,2.655232,8.0E-4
65536,aligned_still,jacobi4,1,12,2.692096,6.0E-4
65536,aligned_still,jacobi4,1,13,2.669568,7.0E-4
65536,aligned_still,jacobi4,1,14,2.710528,7.0E-4
65536,aligned_still,jacobi4,1,15,2.766848,8.0E-4
65536,aligned_still,jacobi4,1,16,2.786304,6.0E-4
65536,aligned_still,jacobi4,1,17,2.865152,8.0E-4
65536,aligned_still,jacobi4,1,18,2.792448,8.0E-4
65536,aligned_still,jacobi4,1,19,2.869248,6.0E-4
65536,aligned_still,jacobi4,1,20,3.00544,7.0E-4
65536,aligned_still,jacobi4,1,21,2.88256,8.0E-4
65536,aligned_still,jacobi4,1,22,2.871296,7.0E-4
65536,aligned_still,jacobi4,1,23,2.85696,8.0E-4
65536,aligned_still,jacobi4,1,24,2.883584,7.0E-4
65536,aligned_still,jacobi4,1,25,2.853888,6.0E-4
65536,aligned_still,jacobi4,1,26,2.878464,8.0E-4
65536,aligned_still,jacobi4,1,27,2.854912,8.0E-4
65536,aligned_still,jacobi4,1,28,2.8928,7.0E-4
65536,aligned_still,jacobi4,1,29,2.879488,6.0E-4
65536,aligned_still,jacobi4,1,30,2.944,7.0E-4
65536,aligned_still,jacobi4,1,31,2.978816,6.0E-4
65536,aligned_still,jacobi4,1,32,3.288064,8.0E-4
65536,aligned_still,jacobi4,1,33,3.03616,7.0E-4
65536,aligned_still,jacobi4,1,34,3.075072,8.0E-4
65536,aligned_still,jacobi4,1,35,3.094528,8.0E-4
65536,aligned_still,jacobi4,1,36,3.178496,6.0E-4
65536,aligned_still,jacobi4,1,37,3.11296,7.0E-4
65536,aligned_still,jacobi4,1,38,3.178496,7.0E-4
65536,aligned_still,jacobi4,1,39,3.162112,6.0E-4
65536,aligned_still,jacobi4,2,0,2.530304,0.0111
65536,aligned_still,jacobi4,2,1,2.530304,0.0025
65536,aligned_still,jacobi4,2,2,2.509824,0.0025
65536,aligned_still,jacobi4,2,3,2.512896,9.0E-4
65536,aligned_still,jacobi4,2,4,2.484224,8.0E-4
65536,aligned_still,jacobi4,2,5,2.516992,9.0E-4
65536,aligned_still,jacobi4,2,6,2.482176,7.0E-4
65536,aligned_still,jacobi4,2,7,2.820096,8.0E-4
65536,aligned_still,jacobi4,2,8,2.5088,7.0E-4
65536,aligned_still,jacobi4,2,9,2.614272,9.0E-4
65536,aligned_still,jacobi4,2,10,2.639872,7.0E-4
65536,aligned_still,jacobi4,2,11,2.670592,7.0E-4
65536,aligned_still,jacobi4,2,12,2.719744,7.0E-4
65536,aligned_still,jacobi4,2,13,2.69312,9.0E-4
65536,aligned_still,jacobi4,2,14,2.750464,0.0112
65536,aligned_still,jacobi4,2,15,2.797568,0.0012
65536,aligned_still,jacobi4,2,16,2.83136,0.0017
65536,aligned_still,jacobi4,2,17,2.904064,0.0012
65536,aligned_still,jacobi4,2,18,2.818048,0.0018
65536,aligned_still,jacobi4,2,19,3.090432,0.0015
65536,aligned_still,jacobi4,2,20,2.875392,0.0016
65536,aligned_still,jacobi4,2,21,2.881536,0.0014
65536,aligned_still,jacobi4,2,22,2.905088,0.0016
65536,aligned_still,jacobi4,2,23,2.884608,0.0045
65536,aligned_still,jacobi4,2,24,2.90816,0.0016
65536,aligned_still,jacobi4,2,25,2.889728,0.0013
65536,aligned_still,jacobi4,2,26,2.881536,0.0017
65536,aligned_still,jacobi4,2,27,2.881536,0.0036
65536,aligned_still,jacobi4,2,28,2.91328,0.0013
65536,aligned_still,jacobi4,2,29,2.895872,8.0E-4
65536,aligned_still,jacobi4,2,30,2.93376,9.0E-4
65536,aligned_still,jacobi4,2,31,3.173376,7.0E-4
65536,aligned_still,jacobi4,2,32,3.132416,8.0E-4
65536,aligned_still,jacobi4,2,33,3.05664,7.0E-4
65536,aligned_still,jacobi4,2,34,3.080192,7.0E-4
65536,aligned_still,jacobi4,2,35,3.12832,7.0E-4
65536,aligned_still,jacobi4,2,36,3.212288,8.0E-4
65536,aligned_still,jacobi4,2,37,3.144704,7.0E-4
65536,aligned_still,jacobi4,2,38,3.2,8.0E-4
65536,aligned_still,jacobi4,2,39,3.191808,8.0E-4
65536,aligned_still,jacobi4,3,0,2.530304,0.0099
65536,aligned_still,jacobi4,3,1,2.52928,8.0E-4
65536,aligned_still,jacobi4,3,2,2.516992,0.0024
65536,aligned_still,jacobi4,3,3,2.5088,8.0E-4
65536,aligned_still,jacobi4,3,4,2.492416,7.0E-4
65536,aligned_still,jacobi4,3,5,2.711552,8.0E-4
65536,aligned_still,jacobi4,3,6,2.491392,8.0E-4
65536,aligned_still,jacobi4,3,7,2.512896,7.0E-4
65536,aligned_still,jacobi4,3,8,2.492416,7.0E-4
65536,aligned_still,jacobi4,3,9,2.593792,7.0E-4
65536,aligned_still,jacobi4,3,10,2.60608,7.0E-4
65536,aligned_still,jacobi4,3,11,2.664448,7.0E-4
65536,aligned_still,jacobi4,3,12,2.689024,7.0E-4
65536,aligned_still,jacobi4,3,13,2.675712,8.0E-4
65536,aligned_still,jacobi4,3,14,2.725888,6.0E-4
65536,aligned_still,jacobi4,3,15,2.786304,6.0E-4
65536,aligned_still,jacobi4,3,16,2.792448,7.0E-4
65536,aligned_still,jacobi4,3,17,2.902016,6.0E-4
65536,aligned_still,jacobi4,3,18,3.07712,7.0E-4
65536,aligned_still,jacobi4,3,19,2.865152,8.0E-4
65536,aligned_still,jacobi4,3,20,2.859008,7.0E-4
65536,aligned_still,jacobi4,3,21,2.87744,7.0E-4
65536,aligned_still,jacobi4,3,22,2.894848,7.0E-4
65536,aligned_still,jacobi4,3,23,2.8928,7.0E-4
65536,aligned_still,jacobi4,3,24,2.934784,8.0E-4
65536,aligned_still,jacobi4,3,25,2.864128,7.0E-4
65536,aligned_still,jacobi4,3,26,2.889728,6.0E-4
65536,aligned_still,jacobi4,3,27,2.853888,7.0E-4
65536,aligned_still,jacobi4,3,28,2.895872,8.0E-4
65536,aligned_still,jacobi4,3,29,3.074048,7.0E-4
65536,aligned_still,jacobi4,3,30,2.912256,8.0E-4
65536,aligned_still,jacobi4,3,31,2.983936,8.0E-4
65536,aligned_still,jacobi4,3,32,3.065856,7.0E-4
65536,aligned_still,jacobi4,3,33,3.05664,6.0E-4
65536,aligned_still,jacobi4,3,34,3.08736,8.0E-4
65536,aligned_still,jacobi4,3,35,3.119104,7.0E-4
65536,aligned_still,jacobi4,3,36,3.211264,7.0E-4
65536,aligned_still,jacobi4,3,37,3.120128,0.001
65536,aligned_still,jacobi4,3,38,3.192832,7.0E-4
65536,aligned_still,jacobi4,3,39,3.173376,7.0E-4
65536,aligned_still,jacobi16,1,0,9.177088,0.0239
65536,aligned_still,jacobi16,1,1,8.909824,0.0049
65536,aligned_still,jacobi16,1,2,9.037824,0.0046
65536,aligned_still,jacobi16,1,3,8.993792,0.0047
65536,aligned_still,jacobi16,1,4,8.756224,0.0046
65536,aligned_still,jacobi16,1,5,9.059328,0.0033
65536,aligned_still,jacobi16,1,6,9.018368,0.0032
65536,aligned_still,jacobi16,1,7,9.07776,0.0032
65536,aligned_still,jacobi16,1,8,8.825856,0.0033
65536,aligned_still,jacobi16,1,9,9.068544,0.0031
65536,aligned_still,jacobi16,1,10,9.088,0.0033
65536,aligned_still,jacobi16,1,11,8.827904,0.0032
65536,aligned_still,jacobi16,1,12,9.08288,0.0031
65536,aligned_still,jacobi16,1,13,9.099264,0.0032
65536,aligned_still,jacobi16,1,14,8.969216,0.0033
65536,aligned_still,jacobi16,1,15,8.805376,0.0033
65536,aligned_still,jacobi16,1,16,8.849408,0.0034
65536,aligned_still,jacobi16,1,17,9.046016,0.0032
65536,aligned_still,jacobi16,1,18,8.794112,0.0032
65536,aligned_still,jacobi16,1,19,9.091072,0.0033
65536,aligned_still,jacobi16,1,20,8.849408,0.0033
65536,aligned_still,jacobi16,1,21,9.457664,0.0032
65536,aligned_still,jacobi16,1,22,8.899584,0.0035
65536,aligned_still,jacobi16,1,23,8.902656,0.0037
65536,aligned_still,jacobi16,1,24,9.46688,0.0032
65536,aligned_still,jacobi16,1,25,8.941568,0.0032
65536,aligned_still,jacobi16,1,26,9.14432,0.0032
65536,aligned_still,jacobi16,1,27,8.890368,0.0032
65536,aligned_still,jacobi16,1,28,9.32352,0.0032
65536,aligned_still,jacobi16,1,29,8.8576,0.0032
65536,aligned_still,jacobi16,1,30,9.055232,0.0032
65536,aligned_still,jacobi16,1,31,9.116672,0.0031
65536,aligned_still,jacobi16,1,32,8.972288,0.0032
65536,aligned_still,jacobi16,1,33,8.870912,0.0032
65536,aligned_still,jacobi16,1,34,8.849408,0.0033
65536,aligned_still,jacobi16,1,35,9.054208,0.0032
65536,aligned_still,jacobi16,1,36,8.94976,0.0032
65536,aligned_still,jacobi16,1,37,8.915968,0.0031
65536,aligned_still,jacobi16,1,38,8.941568,0.0033
65536,aligned_still,jacobi16,1,39,9.145344,0.0037
65536,aligned_still,jacobi16,2,0,9.342976,0.0174
65536,aligned_still,jacobi16,2,1,9.158656,0.0032
65536,aligned_still,jacobi16,2,2,8.822784,0.0048
65536,aligned_still,jacobi16,2,3,8.793088,0.0031
65536,aligned_still,jacobi16,2,4,8.766464,0.0031
65536,aligned_still,jacobi16,2,5,9.10336,0.0031
65536,aligned_still,jacobi16,2,6,8.834048,0.0042
65536,aligned_still,jacobi16,2,7,8.914944,0.003
65536,aligned_still,jacobi16,2,8,8.880128,0.003
65536,aligned_still,jacobi16,2,9,9.086976,0.0042
65536,aligned_still,jacobi16,2,10,8.897536,0.0041
65536,aligned_still,jacobi16,2,11,8.901632,0.003
65536,aligned_still,jacobi16,2,12,9.075712,0.0031
65536,aligned_still,jacobi16,2,13,8.914944,0.0031
65536,aligned_still,jacobi16,2,14,8.885248,0.0031
65536,aligned_still,jacobi16,2,15,8.895488,0.0031
65536,aligned_still,jacobi16,2,16,9.088,0.003
65536,aligned_still,jacobi16,2,17,8.849408,0.003
65536,aligned_still,jacobi16,2,18,8.81152,0.0039
65536,aligned_still,jacobi16,2,19,8.884224,0.0039
65536,aligned_still,jacobi16,2,20,9.121792,0.0042
65536,aligned_still,jacobi16,2,21,8.922112,0.003
65536,aligned_still,jacobi16,2,22,8.886272,0.0032
65536,aligned_still,jacobi16,2,23,8.830976,0.0031
65536,aligned_still,jacobi16,2,24,9.115648,0.003
65536,aligned_still,jacobi16,2,25,8.870912,0.0031
65536,aligned_still,jacobi16,2,26,8.886272,0.0032
65536,aligned_still,jacobi16,2,27,9.086976,0.0031
65536,aligned_still,jacobi16,2,28,8.844288,0.0032
65536,aligned_still,jacobi16,2,29,8.876032,0.0033
65536,aligned_still,jacobi16,2,30,8.886272,0.0031
65536,aligned_still,jacobi16,2,31,9.158656,0.0031
65536,aligned_still,jacobi16,2,32,8.968192,0.0031
65536,aligned_still,jacobi16,2,33,8.95488,0.0032
65536,aligned_still,jacobi16,2,34,8.932352,0.0031
65536,aligned_still,jacobi16,2,35,9.163776,0.0031
65536,aligned_still,jacobi16,2,36,8.97536,0.0031
65536,aligned_still,jacobi16,2,37,8.95488,0.0031
65536,aligned_still,jacobi16,2,38,9.243648,0.003
65536,aligned_still,jacobi16,2,39,9.023488,0.0031
65536,aligned_still,jacobi16,3,0,8.861696,0.0124
65536,aligned_still,jacobi16,3,1,9.063424,0.005
65536,aligned_still,jacobi16,3,2,8.800256,0.0032
65536,aligned_still,jacobi16,3,3,8.787968,0.0032
65536,aligned_still,jacobi16,3,4,8.790016,0.0031
65536,aligned_still,jacobi16,3,5,9.110528,0.0031
65536,aligned_still,jacobi16,3,6,8.829952,0.0032
65536,aligned_still,jacobi16,3,7,8.822784,0.003
65536,aligned_still,jacobi16,3,8,8.83712,0.0032
65536,aligned_still,jacobi16,3,9,9.140224,0.0032
65536,aligned_still,jacobi16,3,10,8.895488,0.0032
65536,aligned_still,jacobi16,3,11,8.916992,0.0031
65536,aligned_still,jacobi16,3,12,9.076736,0.0031
65536,aligned_still,jacobi16,3,13,8.912896,0.0032
65536,aligned_still,jacobi16,3,14,8.87808,0.0031
65536,aligned_still,jacobi16,3,15,8.902656,0.0035
65536,aligned_still,jacobi16,3,16,9.105408,0.003
65536,aligned_still,jacobi16,3,17,8.926208,0.0031
65536,aligned_still,jacobi16,3,18,8.91904,0.0034
65536,aligned_still,jacobi16,3,19,8.955904,0.0031
65536,aligned_still,jacobi16,3,20,9.13408,0.003
65536,aligned_still,jacobi16,3,21,8.91392,0.003
65536,aligned_still,jacobi16,3,22,8.851456,0.003
65536,aligned_still,jacobi16,3,23,8.82176,0.0031
65536,aligned_still,jacobi16,3,24,9.117696,0.003
65536,aligned_still,jacobi16,3,25,8.93952,0.0031
65536,aligned_still,jacobi16,3,26,8.902656,0.0032
65536,aligned_still,jacobi16,3,27,9.211904,0.0031
65536,aligned_still,jacobi16,3,28,8.865792,0.0032
65536,aligned_still,jacobi16,3,29,8.881152,0.0031
65536,aligned_still,jacobi16,3,30,8.869888,0.0032
65536,aligned_still,jacobi16,3,31,9.257984,0.0031
65536,aligned_still,jacobi16,3,32,8.947712,0.0031
65536,aligned_still,jacobi16,3,33,8.912896,0.0033
65536,aligned_still,jacobi16,3,34,8.889344,0.0031
65536,aligned_still,jacobi16,3,35,9.18016,0.0031
65536,aligned_still,jacobi16,3,36,8.9856,0.0031
65536,aligned_still,jacobi16,3,37,8.941568,0.0031
65536,aligned_still,jacobi16,3,38,9.224192,0.0033
65536,aligned_still,jacobi16,3,39,8.951808,0.0033
65536,aligned_still,support4,1,0,2.881536,0.0114
65536,aligned_still,support4,1,1,2.85696,0.0031
65536,aligned_still,support4,1,2,3.014656,0.003
65536,aligned_still,support4,1,3,2.876416,0.0031
65536,aligned_still,support4,1,4,2.847744,0.0034
65536,aligned_still,support4,1,5,2.811904,0.0036
65536,aligned_still,support4,1,6,2.848768,0.0031
65536,aligned_still,support4,1,7,2.78528,0.0031
65536,aligned_still,support4,1,8,2.844672,0.0031
65536,aligned_still,support4,1,9,2.819072,0.003
65536,aligned_still,support4,1,10,2.879488,0.0031
65536,aligned_still,support4,1,11,2.825216,0.003
65536,aligned_still,support4,1,12,2.809856,0.0031
65536,aligned_still,support4,1,13,2.839552,0.0031
65536,aligned_still,support4,1,14,3.011584,0.003
65536,aligned_still,support4,1,15,2.840576,0.0196
65536,aligned_still,support4,1,16,2.820096,0.0031
65536,aligned_still,support4,1,17,2.822144,0.0032
65536,aligned_still,support4,1,18,2.853888,0.0185
65536,aligned_still,support4,1,19,2.813952,0.0077
65536,aligned_still,support4,1,20,2.83136,0.0033
65536,aligned_still,support4,1,21,2.80064,0.0031
65536,aligned_still,support4,1,22,2.871296,0.0033
65536,aligned_still,support4,1,23,2.839552,0.0031
65536,aligned_still,support4,1,24,2.83648,0.0031
65536,aligned_still,support4,1,25,3.018752,0.0031
65536,aligned_still,support4,1,26,2.839552,0.003
65536,aligned_still,support4,1,27,2.8672,0.0031
65536,aligned_still,support4,1,28,2.873344,0.0031
65536,aligned_still,support4,1,29,2.875392,0.0031
65536,aligned_still,support4,1,30,2.845696,0.0031
65536,aligned_still,support4,1,31,2.818048,0.003
65536,aligned_still,support4,1,32,2.839552,0.003
65536,aligned_still,support4,1,33,2.791424,0.003
65536,aligned_still,support4,1,34,2.840576,0.0032
65536,aligned_still,support4,1,35,2.807808,0.003
65536,aligned_still,support4,1,36,2.788352,0.003
65536,aligned_still,support4,1,37,3.027968,0.0049
65536,aligned_still,support4,1,38,2.835456,0.0032
65536,aligned_still,support4,1,39,2.870272,0.0031
65536,aligned_still,support4,2,0,2.85696,0.0127
65536,aligned_still,support4,2,1,2.829312,0.0034
65536,aligned_still,support4,2,2,2.791424,0.0033
65536,aligned_still,support4,2,3,2.829312,0.0032
65536,aligned_still,support4,2,4,3.039232,0.0033
65536,aligned_still,support4,2,5,2.88768,0.0034
65536,aligned_still,support4,2,6,2.847744,0.0032
65536,aligned_still,support4,2,7,2.818048,0.0032
65536,aligned_still,support4,2,8,2.87232,0.0032
65536,aligned_still,support4,2,9,2.793472,0.0032
65536,aligned_still,support4,2,10,2.8416,0.0033
65536,aligned_still,support4,2,11,2.816,0.0032
65536,aligned_still,support4,2,12,2.8416,0.0032
65536,aligned_still,support4,2,13,2.816,0.0035
65536,aligned_still,support4,2,14,2.791424,0.0034
65536,aligned_still,support4,2,15,2.835456,0.0063
65536,aligned_still,support4,2,16,3.093504,0.0032
65536,aligned_still,support4,2,17,2.847744,0.0032
65536,aligned_still,support4,2,18,2.833408,0.0032
65536,aligned_still,support4,2,19,2.8416,0.0033
65536,aligned_still,support4,2,20,2.875392,0.0033
65536,aligned_still,support4,2,21,2.803712,0.0031
65536,aligned_still,support4,2,22,2.83136,0.0032
65536,aligned_still,support4,2,23,2.809856,0.0032
65536,aligned_still,support4,2,24,2.87232,0.0032
65536,aligned_still,support4,2,25,2.83136,0.0032
65536,aligned_still,support4,2,26,2.808832,0.0033
65536,aligned_still,support4,2,27,3.0976,0.0032
65536,aligned_still,support4,2,28,2.854912,0.0034
65536,aligned_still,support4,2,29,2.860032,0.0033
65536,aligned_still,support4,2,30,2.833408,0.0032
65536,aligned_still,support4,2,31,2.87744,0.0053
65536,aligned_still,support4,2,32,2.84672,0.0033
65536,aligned_still,support4,2,33,2.818048,0.0033
65536,aligned_still,support4,2,34,2.86208,0.0032
65536,aligned_still,support4,2,35,2.809856,0.0033
65536,aligned_still,support4,2,36,2.843648,0.0032
65536,aligned_still,support4,2,37,2.814976,0.0032
65536,aligned_still,support4,2,38,2.802688,0.0032
65536,aligned_still,support4,2,39,3.119104,0.0032
65536,aligned_still,support4,3,0,2.893824,0.0119
65536,aligned_still,support4,3,1,2.864128,0.0031
65536,aligned_still,support4,3,2,2.820096,0.003
65536,aligned_still,support4,3,3,2.793472,0.003
65536,aligned_still,support4,3,4,2.844672,0.0031
65536,aligned_still,support4,3,5,3.050496,0.003
65536,aligned_still,support4,3,6,2.834432,0.0032
65536,aligned_still,support4,3,7,2.802688,0.0032
65536,aligned_still,support4,3,8,2.818048,0.0031
65536,aligned_still,support4,3,9,2.8416,0.0031
65536,aligned_still,support4,3,10,2.774016,0.003
65536,aligned_still,support4,3,11,2.834432,0.0034
65536,aligned_still,support4,3,12,2.793472,0.003
65536,aligned_still,support4,3,13,2.859008,0.003
65536,aligned_still,support4,3,14,2.822144,0.003
65536,aligned_still,support4,3,15,2.80576,0.005
65536,aligned_still,support4,3,16,2.823168,0.0042
65536,aligned_still,support4,3,17,3.083264,0.0032
65536,aligned_still,support4,3,18,2.842624,0.0041
65536,aligned_still,support4,3,19,2.83136,0.0031
65536,aligned_still,support4,3,20,2.85696,0.0031
65536,aligned_still,support4,3,21,2.83648,0.0031
65536,aligned_still,support4,3,22,2.798592,0.003
65536,aligned_still,support4,3,23,2.840576,0.0031
65536,aligned_still,support4,3,24,2.806784,0.003
65536,aligned_still,support4,3,25,2.8416,0.003
65536,aligned_still,support4,3,26,2.823168,0.003
65536,aligned_still,support4,3,27,2.820096,0.003
65536,aligned_still,support4,3,28,3.084288,0.0033
65536,aligned_still,support4,3,29,2.83136,0.0031
65536,aligned_still,support4,3,30,2.871296,0.003
65536,aligned_still,support4,3,31,2.828288,0.0034
65536,aligned_still,support4,3,32,2.899968,0.0029
65536,aligned_still,support4,3,33,2.844672,0.0032
65536,aligned_still,support4,3,34,2.822144,0.0031
65536,aligned_still,support4,3,35,2.859008,0.003
65536,aligned_still,support4,3,36,2.817024,0.0031
65536,aligned_still,support4,3,37,2.845696,0.0032
65536,aligned_still,support4,3,38,2.827264,0.003
65536,aligned_still,support4,3,39,2.878464,0.003
65536,staggered_still,jacobi4,1,0,2.869248,0.007
65536,staggered_still,jacobi4,1,1,3.151872,7.0E-4
65536,staggered_still,jacobi4,1,2,2.839552,0.0021
65536,staggered_still,jacobi4,1,3,2.87232,7.0E-4
65536,staggered_still,jacobi4,1,4,2.869248,6.0E-4
65536,staggered_still,jacobi4,1,5,2.972672,8.0E-4
65536,staggered_still,jacobi4,1,6,2.955264,7.0E-4
65536,staggered_still,jacobi4,1,7,3.048448,7.0E-4
65536,staggered_still,jacobi4,1,8,3.028992,7.0E-4
65536,staggered_still,jacobi4,1,9,3.034112,6.0E-4
65536,staggered_still,jacobi4,1,10,3.064832,7.0E-4
65536,staggered_still,jacobi4,1,11,3.038208,8.0E-4
65536,staggered_still,jacobi4,1,12,3.274752,6.0E-4
65536,staggered_still,jacobi4,1,13,3.131392,0.002
65536,staggered_still,jacobi4,1,14,3.11296,7.0E-4
65536,staggered_still,jacobi4,1,15,3.113984,7.0E-4
65536,staggered_still,jacobi4,1,16,3.09248,6.0E-4
65536,staggered_still,jacobi4,1,17,3.158016,7.0E-4
65536,staggered_still,jacobi4,1,18,3.103744,7.0E-4
65536,staggered_still,jacobi4,1,19,3.154944,6.0E-4
65536,staggered_still,jacobi4,1,20,3.122176,8.0E-4
65536,staggered_still,jacobi4,1,21,3.2256,7.0E-4
65536,staggered_still,jacobi4,1,22,3.426304,7.0E-4
65536,staggered_still,jacobi4,1,23,3.364864,7.0E-4
65536,staggered_still,jacobi4,1,24,3.28192,6.0E-4
65536,staggered_still,jacobi4,1,25,3.34336,6.0E-4
65536,staggered_still,jacobi4,1,26,3.325952,7.0E-4
65536,staggered_still,jacobi4,1,27,3.298304,6.0E-4
65536,staggered_still,jacobi4,1,28,3.39456,7.0E-4
65536,staggered_still,jacobi4,1,29,3.464192,7.0E-4
65536,staggered_still,jacobi4,1,30,3.489792,8.0E-4
65536,staggered_still,jacobi4,1,31,3.45088,6.0E-4
65536,staggered_still,jacobi4,1,32,3.667968,8.0E-4
65536,staggered_still,jacobi4,1,33,3.459072,6.0E-4
65536,staggered_still,jacobi4,1,34,3.453952,7.0E-4
65536,staggered_still,jacobi4,1,35,3.432448,7.0E-4
65536,staggered_still,jacobi4,1,36,3.511296,6.0E-4
65536,staggered_still,jacobi4,1,37,3.554304,8.0E-4
65536,staggered_still,jacobi4,1,38,3.620864,7.0E-4
65536,staggered_still,jacobi4,1,39,3.705856,6.0E-4
65536,staggered_still,jacobi4,2,0,2.833408,0.0058
65536,staggered_still,jacobi4,2,1,2.797568,7.0E-4
65536,staggered_still,jacobi4,2,2,3.03616,0.0021
65536,staggered_still,jacobi4,2,3,2.853888,7.0E-4
65536,staggered_still,jacobi4,2,4,2.819072,7.0E-4
65536,staggered_still,jacobi4,2,5,2.925568,6.0E-4
65536,staggered_still,jacobi4,2,6,2.935808,7.0E-4
65536,staggered_still,jacobi4,2,7,3.033088,7.0E-4
65536,staggered_still,jacobi4,2,8,3.019776,6.0E-4
65536,staggered_still,jacobi4,2,9,3.012608,7.0E-4
65536,staggered_still,jacobi4,2,10,3.043328,6.0E-4
65536,staggered_still,jacobi4,2,11,3.018752,6.0E-4
65536,staggered_still,jacobi4,2,12,2.997248,6.0E-4
65536,staggered_still,jacobi4,2,13,3.329024,7.0E-4
65536,staggered_still,jacobi4,2,14,3.142656,7.0E-4
65536,staggered_still,jacobi4,2,15,3.113984,8.0E-4
65536,staggered_still,jacobi4,2,16,3.08736,6.0E-4
65536,staggered_still,jacobi4,2,17,3.173376,7.0E-4
65536,staggered_still,jacobi4,2,18,3.115008,6.0E-4
65536,staggered_still,jacobi4,2,19,3.161088,7.0E-4
65536,staggered_still,jacobi4,2,20,3.110912,6.0E-4
65536,staggered_still,jacobi4,2,21,3.213312,7.0E-4
65536,staggered_still,jacobi4,2,22,3.216384,7.0E-4
65536,staggered_still,jacobi4,2,23,3.267584,7.0E-4
65536,staggered_still,jacobi4,2,24,3.473408,7.0E-4
65536,staggered_still,jacobi4,2,25,3.335168,6.0E-4
65536,staggered_still,jacobi4,2,26,3.28704,8.0E-4
65536,staggered_still,jacobi4,2,27,3.279872,6.0E-4
65536,staggered_still,jacobi4,2,28,3.350528,6.0E-4
65536,staggered_still,jacobi4,2,29,3.4304,6.0E-4
65536,staggered_still,jacobi4,2,30,3.444736,7.0E-4
65536,staggered_still,jacobi4,2,31,3.42528,5.0E-4
65536,staggered_still,jacobi4,2,32,3.432448,8.0E-4
65536,staggered_still,jacobi4,2,33,3.422208,6.0E-4
65536,staggered_still,jacobi4,2,34,3.698688,6.0E-4
65536,staggered_still,jacobi4,2,35,3.416064,7.0E-4
65536,staggered_still,jacobi4,2,36,3.487744,7.0E-4
65536,staggered_still,jacobi4,2,37,3.534848,7.0E-4
65536,staggered_still,jacobi4,2,38,3.642368,7.0E-4
65536,staggered_still,jacobi4,2,39,3.715072,7.0E-4
65536,staggered_still,jacobi4,3,0,2.850816,0.0096
65536,staggered_still,jacobi4,3,1,2.829312,8.0E-4
65536,staggered_still,jacobi4,3,2,2.814976,0.0029
65536,staggered_still,jacobi4,3,3,2.85696,0.001
65536,staggered_still,jacobi4,3,4,2.845696,0.001
65536,staggered_still,jacobi4,3,5,3.18464,0.001
65536,staggered_still,jacobi4,3,6,2.935808,0.001
65536,staggered_still,jacobi4,3,7,3.040256,0.001
65536,staggered_still,jacobi4,3,8,3.021824,0.001
65536,staggered_still,jacobi4,3,9,2.996224,9.0E-4
65536,staggered_still,jacobi4,3,10,3.053568,9.0E-4
65536,staggered_still,jacobi4,3,11,3.018752,0.001
65536,staggered_still,jacobi4,3,12,2.996224,0.001
65536,staggered_still,jacobi4,3,13,3.091456,0.001
65536,staggered_still,jacobi4,3,14,3.09248,9.0E-4
65536,staggered_still,jacobi4,3,15,3.089408,0.001
65536,staggered_still,jacobi4,3,16,3.28192,0.001
65536,staggered_still,jacobi4,3,17,3.16416,0.0011
65536,staggered_still,jacobi4,3,18,3.08736,0.001
65536,staggered_still,jacobi4,3,19,3.154944,0.0012
65536,staggered_still,jacobi4,3,20,3.126272,9.0E-4
65536,staggered_still,jacobi4,3,21,3.23584,0.001
65536,staggered_still,jacobi4,3,22,3.23072,0.001
65536,staggered_still,jacobi4,3,23,3.295232,9.0E-4
65536,staggered_still,jacobi4,3,24,3.291136,0.0011
65536,staggered_still,jacobi4,3,25,3.339264,0.001
65536,staggered_still,jacobi4,3,26,3.5072,9.0E-4
65536,staggered_still,jacobi4,3,27,3.275776,0.001
65536,staggered_still,jacobi4,3,28,3.37408,0.001
65536,staggered_still,jacobi4,3,29,3.418112,9.0E-4
65536,staggered_still,jacobi4,3,30,3.438592,8.0E-4
65536,staggered_still,jacobi4,3,31,3.418112,7.0E-4
65536,staggered_still,jacobi4,3,32,3.454976,8.0E-4
65536,staggered_still,jacobi4,3,33,3.423232,7.0E-4
65536,staggered_still,jacobi4,3,34,3.424256,7.0E-4
65536,staggered_still,jacobi4,3,35,3.433472,7.0E-4
65536,staggered_still,jacobi4,3,36,3.744768,7.0E-4
65536,staggered_still,jacobi4,3,37,3.55328,8.0E-4
65536,staggered_still,jacobi4,3,38,3.67104,8.0E-4
65536,staggered_still,jacobi4,3,39,3.7376,8.0E-4
65536,staggered_still,jacobi16,1,0,9.39008,0.0414
65536,staggered_still,jacobi16,1,1,9.650176,0.0108
65536,staggered_still,jacobi16,1,2,9.25696,0.0031
65536,staggered_still,jacobi16,1,3,9.92768,0.0031
65536,staggered_still,jacobi16,1,4,9.320448,0.0031
65536,staggered_still,jacobi16,1,5,9.614336,0.0032
65536,staggered_still,jacobi16,1,6,10.264576,0.0033
65536,staggered_still,jacobi16,1,7,9.962496,0.003
65536,staggered_still,jacobi16,1,8,10.215424,0.0031
65536,staggered_still,jacobi16,1,9,10.252288,0.0033
65536,staggered_still,jacobi16,1,10,10.361856,0.0032
65536,staggered_still,jacobi16,1,11,10.244096,0.0032
65536,staggered_still,jacobi16,1,12,10.899456,0.0032
65536,staggered_still,jacobi16,1,13,10.30656,0.0033
65536,staggered_still,jacobi16,1,14,10.574848,0.0032
65536,staggered_still,jacobi16,1,15,10.170368,0.0031
65536,staggered_still,jacobi16,1,16,10.377216,0.0032
65536,staggered_still,jacobi16,1,17,10.036224,0.0031
65536,staggered_still,jacobi16,1,18,10.377216,0.0035
65536,staggered_still,jacobi16,1,19,10.479616,0.0033
65536,staggered_still,jacobi16,1,20,10.523648,0.0035
65536,staggered_still,jacobi16,1,21,10.272768,0.0031
65536,staggered_still,jacobi16,1,22,10.696704,0.0031
65536,staggered_still,jacobi16,1,23,10.200064,0.0031
65536,staggered_still,jacobi16,1,24,10.422272,0.0031
65536,staggered_still,jacobi16,1,25,10.387456,0.0031
65536,staggered_still,jacobi16,1,26,10.390528,0.0031
65536,staggered_still,jacobi16,1,27,10.124288,0.0033
65536,staggered_still,jacobi16,1,28,10.308608,0.0032
65536,staggered_still,jacobi16,1,29,10.324992,0.0033
65536,staggered_still,jacobi16,1,30,10.025984,0.0031
65536,staggered_still,jacobi16,1,31,10.007552,0.0031
65536,staggered_still,jacobi16,1,32,10.269696,0.0032
65536,staggered_still,jacobi16,1,33,10.068992,0.0033
65536,staggered_still,jacobi16,1,34,10.189824,0.0032
65536,staggered_still,jacobi16,1,35,10.74176,0.0031
65536,staggered_still,jacobi16,1,36,10.560512,0.0032
65536,staggered_still,jacobi16,1,37,10.595328,0.0031
65536,staggered_still,jacobi16,1,38,10.928128,0.0032
65536,staggered_still,jacobi16,1,39,10.625024,0.0032
65536,staggered_still,jacobi16,2,0,9.398272,0.0132
65536,staggered_still,jacobi16,2,1,9.288704,0.0032
65536,staggered_still,jacobi16,2,2,9.295872,0.005
65536,staggered_still,jacobi16,2,3,9.516032,0.0036
65536,staggered_still,jacobi16,2,4,9.295872,0.0031
65536,staggered_still,jacobi16,2,5,9.576448,0.0033
65536,staggered_still,jacobi16,2,6,9.976832,0.0033
65536,staggered_still,jacobi16,2,7,10.013696,0.0031
65536,staggered_still,jacobi16,2,8,10.0608,0.0031
65536,staggered_still,jacobi16,2,9,9.944064,0.0033
65536,staggered_still,jacobi16,2,10,10.348544,0.0032
65536,staggered_still,jacobi16,2,11,10.253312,0.0031
65536,staggered_still,jacobi16,2,12,10.302464,0.003
65536,staggered_still,jacobi16,2,13,10.494976,0.0032
65536,staggered_still,jacobi16,2,14,10.271744,0.0031
65536,staggered_still,jacobi16,2,15,10.29632,0.0032
65536,staggered_still,jacobi16,2,16,10.54208,0.003
65536,staggered_still,jacobi16,2,17,10.194944,0.0032
65536,staggered_still,jacobi16,2,18,10.108928,0.0031
65536,staggered_still,jacobi16,2,19,10.447872,0.0033
65536,staggered_still,jacobi16,2,20,10.302464,0.0031
65536,staggered_still,jacobi16,2,21,10.27584,0.0032
65536,staggered_still,jacobi16,2,22,10.272768,0.0056
65536,staggered_still,jacobi16,2,23,10.446848,0.004
65536,staggered_still,jacobi16,2,24,10.218496,0.0032
65536,staggered_still,jacobi16,2,25,10.144768,0.0031
65536,staggered_still,jacobi16,2,26,10.343424,0.0032
65536,staggered_still,jacobi16,2,27,10.082304,0.0031
65536,staggered_still,jacobi16,2,28,10.02496,0.0032
65536,staggered_still,jacobi16,2,29,10.274816,0.0031
65536,staggered_still,jacobi16,2,30,10.016768,0.003
65536,staggered_still,jacobi16,2,31,10.039296,0.0031
65536,staggered_still,jacobi16,2,32,10.06592,0.0031
65536,staggered_still,jacobi16,2,33,10.258432,0.0033
65536,staggered_still,jacobi16,2,34,10.237952,0.0032
65536,staggered_still,jacobi16,2,35,10.886144,0.0031
65536,staggered_still,jacobi16,2,36,10.63936,0.0031
65536,staggered_still,jacobi16,2,37,10.676224,0.0032
65536,staggered_still,jacobi16,2,38,10.924032,0.0033
65536,staggered_still,jacobi16,2,39,10.632192,0.0033
65536,staggered_still,jacobi16,3,0,9.380864,0.0133
65536,staggered_still,jacobi16,3,1,9.302016,0.0034
65536,staggered_still,jacobi16,3,2,9.2416,0.0031
65536,staggered_still,jacobi16,3,3,9.45152,0.0033
65536,staggered_still,jacobi16,3,4,9.238528,0.0031
65536,staggered_still,jacobi16,3,5,9.534464,0.0032
65536,staggered_still,jacobi16,3,6,10.06592,0.0031
65536,staggered_still,jacobi16,3,7,10.003456,0.0031
65536,staggered_still,jacobi16,3,8,10.012672,0.0031
65536,staggered_still,jacobi16,3,9,9.966592,0.0035
65536,staggered_still,jacobi16,3,10,10.30656,0.003
65536,staggered_still,jacobi16,3,11,10.364928,0.0042
65536,staggered_still,jacobi16,3,12,10.307584,0.0032
65536,staggered_still,jacobi16,3,13,10.477568,0.0031
65536,staggered_still,jacobi16,3,14,10.28608,0.0033
65536,staggered_still,jacobi16,3,15,10.3168,0.0031
65536,staggered_still,jacobi16,3,16,10.564608,0.0032
65536,staggered_still,jacobi16,3,17,10.210304,0.0031
65536,staggered_still,jacobi16,3,18,10.143744,0.0034
65536,staggered_still,jacobi16,3,19,10.415104,0.0034
65536,staggered_still,jacobi16,3,20,10.358784,0.0032
65536,staggered_still,jacobi16,3,21,10.349568,0.0032
65536,staggered_still,jacobi16,3,22,10.269696,0.0032
65536,staggered_still,jacobi16,3,23,10.471424,0.0031
65536,staggered_still,jacobi16,3,24,10.210304,0.0031
65536,staggered_still,jacobi16,3,25,10.1632,0.0033
65536,staggered_still,jacobi16,3,26,10.428416,0.0031
65536,staggered_still,jacobi16,3,27,10.09664,0.0031
65536,staggered_still,jacobi16,3,28,10.116096,0.0035
65536,staggered_still,jacobi16,3,29,10.29632,0.0031
65536,staggered_still,jacobi16,3,30,10.09664,0.0031
65536,staggered_still,jacobi16,3,31,10.068992,0.0031
65536,staggered_still,jacobi16,3,32,10.263552,0.0031
65536,staggered_still,jacobi16,3,33,10.141696,0.0032
65536,staggered_still,jacobi16,3,34,10.243072,0.0031
65536,staggered_still,jacobi16,3,35,10.509312,0.0032
65536,staggered_still,jacobi16,3,36,10.821632,0.0031
65536,staggered_still,jacobi16,3,37,10.693632,0.0032
65536,staggered_still,jacobi16,3,38,10.614784,0.0032
65536,staggered_still,jacobi16,3,39,10.884096,0.0034
65536,staggered_still,support4,1,0,2.890752,0.0105
65536,staggered_still,support4,1,1,2.865152,0.003
65536,staggered_still,support4,1,2,2.82624,0.0055
65536,staggered_still,support4,1,3,3.387392,0.003
65536,staggered_still,support4,1,4,2.8928,0.003
65536,staggered_still,support4,1,5,2.861056,0.003
65536,staggered_still,support4,1,6,2.88256,0.003
65536,staggered_still,support4,1,7,2.85184,0.0029
65536,staggered_still,support4,1,8,2.871296,0.003
65536,staggered_still,support4,1,9,2.829312,0.0029
65536,staggered_still,support4,1,10,2.871296,0.003
65536,staggered_still,support4,1,11,2.845696,0.0029
65536,staggered_still,support4,1,12,2.811904,0.0031
65536,staggered_still,support4,1,13,2.847744,0.0029
65536,staggered_still,support4,1,14,2.79552,0.003
65536,staggered_still,support4,1,15,3.060736,0.003
65536,staggered_still,support4,1,16,2.837504,0.0029
65536,staggered_still,support4,1,17,2.850816,0.0029
65536,staggered_still,support4,1,18,2.878464,0.003
65536,staggered_still,support4,1,19,2.8672,0.003
65536,staggered_still,support4,1,20,2.87232,0.003
65536,staggered_still,support4,1,21,2.842624,0.0029
65536,staggered_still,support4,1,22,2.893824,0.0029
65536,staggered_still,support4,1,23,2.87744,0.003
65536,staggered_still,support4,1,24,2.8416,0.0029
65536,staggered_still,support4,1,25,2.8672,0.0031
65536,staggered_still,support4,1,26,3.011584,0.0029
65536,staggered_still,support4,1,27,2.956288,0.0033
65536,staggered_still,support4,1,28,2.883584,0.0029
65536,staggered_still,support4,1,29,2.914304,0.003
65536,staggered_still,support4,1,30,2.909184,0.003
65536,staggered_still,support4,1,31,2.838528,0.003
65536,staggered_still,support4,1,32,2.879488,0.0029
65536,staggered_still,support4,1,33,2.839552,0.0029
65536,staggered_still,support4,1,34,2.861056,0.0031
65536,staggered_still,support4,1,35,2.847744,0.0029
65536,staggered_still,support4,1,36,2.834432,0.003
65536,staggered_still,support4,1,37,2.852864,0.003
65536,staggered_still,support4,1,38,3.021824,0.0029
65536,staggered_still,support4,1,39,2.869248,0.0031
65536,staggered_still,support4,2,0,2.87744,0.0111
65536,staggered_still,support4,2,1,2.84672,0.0031
65536,staggered_still,support4,2,2,2.82112,0.003
65536,staggered_still,support4,2,3,2.844672,0.0032
65536,staggered_still,support4,2,4,2.83136,0.0029
65536,staggered_still,support4,2,5,3.144704,0.003
65536,staggered_still,support4,2,6,2.875392,0.003
65536,staggered_still,support4,2,7,2.829312,0.003
65536,staggered_still,support4,2,8,2.857984,0.003
65536,staggered_still,support4,2,9,2.829312,0.0029
65536,staggered_still,support4,2,10,2.854912,0.0029
65536,staggered_still,support4,2,11,2.823168,0.0029
65536,staggered_still,support4,2,12,2.868224,0.003
65536,staggered_still,support4,2,13,2.834432,0.003
65536,staggered_still,support4,2,14,2.811904,0.0029
65536,staggered_still,support4,2,15,2.848768,0.003
65536,staggered_still,support4,2,16,2.807808,0.0032
65536,staggered_still,support4,2,17,3.108864,0.003
65536,staggered_still,support4,2,18,2.828288,0.0029
65536,staggered_still,support4,2,19,2.848768,0.003
65536,staggered_still,support4,2,20,2.873344,0.0029
65536,staggered_still,support4,2,21,2.811904,0.003
65536,staggered_still,support4,2,22,2.849792,0.003
65536,staggered_still,support4,2,23,2.799616,0.0031
65536,staggered_still,support4,2,24,2.878464,0.003
65536,staggered_still,support4,2,25,2.844672,0.003
65536,staggered_still,support4,2,26,2.819072,0.003
65536,staggered_still,support4,2,27,2.824192,0.003
65536,staggered_still,support4,2,28,2.994176,0.003
65536,staggered_still,support4,2,29,2.90304,0.003
65536,staggered_still,support4,2,30,2.8672,0.003
65536,staggered_still,support4,2,31,2.915328,0.003
65536,staggered_still,support4,2,32,2.88256,0.0029
65536,staggered_still,support4,2,33,2.838528,0.0031
65536,staggered_still,support4,2,34,2.871296,0.0029
65536,staggered_still,support4,2,35,2.833408,0.0033
65536,staggered_still,support4,2,36,2.84672,0.0031
65536,staggered_still,support4,2,37,2.823168,0.0029
65536,staggered_still,support4,2,38,2.825216,0.003
65536,staggered_still,support4,2,39,2.843648,0.003
65536,staggered_still,support4,3,0,2.907136,0.0454
65536,staggered_still,support4,3,1,2.89792,0.0137
65536,staggered_still,support4,3,2,2.879488,0.0045
65536,staggered_still,support4,3,3,2.835456,0.0043
65536,staggered_still,support4,3,4,2.870272,0.0044
65536,staggered_still,support4,3,5,2.837504,0.0044
65536,staggered_still,support4,3,6,3.0464,0.0043
65536,staggered_still,support4,3,7,2.849792,0.0043
65536,staggered_still,support4,3,8,2.842624,0.0034
65536,staggered_still,support4,3,9,2.869248,0.0031
65536,staggered_still,support4,3,10,2.824192,0.003
65536,staggered_still,support4,3,11,2.845696,0.0029
65536,staggered_still,support4,3,12,2.814976,0.0029
65536,staggered_still,support4,3,13,2.880512,0.003
65536,staggered_still,support4,3,14,2.874368,0.003
65536,staggered_still,support4,3,15,2.8416,0.003
65536,staggered_still,support4,3,16,2.87232,0.003
65536,staggered_still,support4,3,17,2.824192,0.003
65536,staggered_still,support4,3,18,3.10272,0.003
65536,staggered_still,support4,3,19,2.871296,0.0029
65536,staggered_still,support4,3,20,2.90816,0.003
65536,staggered_still,support4,3,21,2.883584,0.0029
65536,staggered_still,support4,3,22,2.830336,0.003
65536,staggered_still,support4,3,23,2.870272,0.0029
65536,staggered_still,support4,3,24,2.828288,0.0032
65536,staggered_still,support4,3,25,2.878464,0.003
65536,staggered_still,support4,3,26,2.849792,0.0049
65536,staggered_still,support4,3,27,2.850816,0.0029
65536,staggered_still,support4,3,28,2.845696,0.003
65536,staggered_still,support4,3,29,2.808832,0.0029
65536,staggered_still,support4,3,30,3.10784,0.0029
65536,staggered_still,support4,3,31,2.837504,0.0031
65536,staggered_still,support4,3,32,2.883584,0.0029
65536,staggered_still,support4,3,33,2.876416,0.0029
65536,staggered_still,support4,3,34,2.823168,0.003
65536,staggered_still,support4,3,35,2.848768,0.0029
65536,staggered_still,support4,3,36,2.822144,0.0029
65536,staggered_still,support4,3,37,2.852864,0.003
65536,staggered_still,support4,3,38,2.839552,0.0029
65536,staggered_still,support4,3,39,2.880512,0.003
65536,staggered_driven,jacobi4,1,0,3.03104,0.0392
65536,staggered_driven,jacobi4,1,1,2.994176,0.0028
65536,staggered_driven,jacobi4,1,2,2.991104,0.0102
65536,staggered_driven,jacobi4,1,3,3.26656,0.0028
65536,staggered_driven,jacobi4,1,4,3.026944,0.0023
65536,staggered_driven,jacobi4,1,5,2.985984,0.0027
65536,staggered_driven,jacobi4,1,6,3.053568,0.003
65536,staggered_driven,jacobi4,1,7,3.049472,0.0025
65536,staggered_driven,jacobi4,1,8,3.115008,0.0028
65536,staggered_driven,jacobi4,1,9,3.11808,0.0025
65536,staggered_driven,jacobi4,1,10,3.134464,0.0022
65536,staggered_driven,jacobi4,1,11,3.172352,0.0023
65536,staggered_driven,jacobi4,1,12,3.15904,0.0025
65536,staggered_driven,jacobi4,1,13,3.524608,0.0027
65536,staggered_driven,jacobi4,1,14,3.272704,0.0023
65536,staggered_driven,jacobi4,1,15,3.3024,0.0027
65536,staggered_driven,jacobi4,1,16,3.295232,0.0025
65536,staggered_driven,jacobi4,1,17,3.252224,0.0025
65536,staggered_driven,jacobi4,1,18,3.260416,0.0024
65536,staggered_driven,jacobi4,1,19,3.259392,0.0021
65536,staggered_driven,jacobi4,1,20,3.290112,0.0025
65536,staggered_driven,jacobi4,1,21,3.264512,0.0024
65536,staggered_driven,jacobi4,1,22,3.390464,0.0026
65536,staggered_driven,jacobi4,1,23,3.65568,0.0026
65536,staggered_driven,jacobi4,1,24,3.45088,0.0027
65536,staggered_driven,jacobi4,1,25,3.477504,0.0025
65536,staggered_driven,jacobi4,1,26,3.503104,0.0025
65536,staggered_driven,jacobi4,1,27,3.487744,0.0025
65536,staggered_driven,jacobi4,1,28,3.505152,0.0029
65536,staggered_driven,jacobi4,1,29,3.633152,0.0026
65536,staggered_driven,jacobi4,1,30,3.612672,0.0021
65536,staggered_driven,jacobi4,1,31,3.63008,0.0022
65536,staggered_driven,jacobi4,1,32,3.612672,0.0025
65536,staggered_driven,jacobi4,1,33,3.843072,0.0026
65536,staggered_driven,jacobi4,1,34,3.647488,0.0025
65536,staggered_driven,jacobi4,1,35,3.618816,0.0026
65536,staggered_driven,jacobi4,1,36,3.608576,0.0026
65536,staggered_driven,jacobi4,1,37,3.603456,0.0027
65536,staggered_driven,jacobi4,1,38,3.70176,0.0025
65536,staggered_driven,jacobi4,1,39,3.704832,0.0026
65536,staggered_driven,jacobi4,2,0,2.967552,0.0143
65536,staggered_driven,jacobi4,2,1,2.916352,0.0026
65536,staggered_driven,jacobi4,2,2,3.176448,0.0095
65536,staggered_driven,jacobi4,2,3,2.97472,0.0027
65536,staggered_driven,jacobi4,2,4,2.980864,0.0025
65536,staggered_driven,jacobi4,2,5,3.004416,0.0021
65536,staggered_driven,jacobi4,2,6,3.030016,0.0026
65536,staggered_driven,jacobi4,2,7,3.058688,0.0025
65536,staggered_driven,jacobi4,2,8,3.104768,0.0062
65536,staggered_driven,jacobi4,2,9,3.091456,0.0025
65536,staggered_driven,jacobi4,2,10,3.129344,0.0025
65536,staggered_driven,jacobi4,2,11,3.117056,0.003
65536,staggered_driven,jacobi4,2,12,3.134464,0.0026
65536,staggered_driven,jacobi4,2,13,3.406848,0.0025
65536,staggered_driven,jacobi4,2,14,3.18976,0.0026
65536,staggered_driven,jacobi4,2,15,3.197952,0.0022
65536,staggered_driven,jacobi4,2,16,3.183616,0.0025
65536,staggered_driven,jacobi4,2,17,3.232768,0.0027
65536,staggered_driven,jacobi4,2,18,3.196928,0.0025
65536,staggered_driven,jacobi4,2,19,3.180544,0.0026
65536,staggered_driven,jacobi4,2,20,3.193856,0.0021
65536,staggered_driven,jacobi4,2,21,3.19488,0.0021
65536,staggered_driven,jacobi4,2,22,3.286016,0.0031
65536,staggered_driven,jacobi4,2,23,3.628032,0.0022
65536,staggered_driven,jacobi4,2,24,3.4304,0.0026
65536,staggered_driven,jacobi4,2,25,3.371008,0.0022
65536,staggered_driven,jacobi4,2,26,3.393536,0.0025
65536,staggered_driven,jacobi4,2,27,3.401728,0.0022
65536,staggered_driven,jacobi4,2,28,3.4048,0.0026
65536,staggered_driven,jacobi4,2,29,3.535872,0.0023
65536,staggered_driven,jacobi4,2,30,3.542016,0.0025
65536,staggered_driven,jacobi4,2,31,3.637248,0.0021
65536,staggered_driven,jacobi4,2,32,3.576832,0.0022
65536,staggered_driven,jacobi4,2,33,3.785728,0.0023
65536,staggered_driven,jacobi4,2,34,3.587072,0.0025
65536,staggered_driven,jacobi4,2,35,3.56864,0.0029
65536,staggered_driven,jacobi4,2,36,3.617792,0.0025
65536,staggered_driven,jacobi4,2,37,3.58912,0.0026
65536,staggered_driven,jacobi4,2,38,3.672064,0.0025
65536,staggered_driven,jacobi4,2,39,3.668992,0.0024
65536,staggered_driven,jacobi4,3,0,2.957312,0.0198
65536,staggered_driven,jacobi4,3,1,2.950144,0.0031
65536,staggered_driven,jacobi4,3,2,3.170304,0.0091
65536,staggered_driven,jacobi4,3,3,2.946048,0.0026
65536,staggered_driven,jacobi4,3,4,2.97472,0.0027
65536,staggered_driven,jacobi4,3,5,2.985984,0.0029
65536,staggered_driven,jacobi4,3,6,3.069952,0.0026
65536,staggered_driven,jacobi4,3,7,3.05664,0.0025
65536,staggered_driven,jacobi4,3,8,3.06176,0.0021
65536,staggered_driven,jacobi4,3,9,3.094528,0.0027
65536,staggered_driven,jacobi4,3,10,3.081216,0.0026
65536,staggered_driven,jacobi4,3,11,3.131392,0.0025
65536,staggered_driven,jacobi4,3,12,3.075072,0.0022
65536,staggered_driven,jacobi4,3,13,3.482624,0.0026
65536,staggered_driven,jacobi4,3,14,3.2,0.0026
65536,staggered_driven,jacobi4,3,15,3.180544,0.0027
65536,staggered_driven,jacobi4,3,16,3.204096,0.0021
65536,staggered_driven,jacobi4,3,17,3.171328,0.0025
65536,staggered_driven,jacobi4,3,18,3.180544,0.0027
65536,staggered_driven,jacobi4,3,19,3.186688,0.0033
65536,staggered_driven,jacobi4,3,20,3.185664,0.003
65536,staggered_driven,jacobi4,3,21,3.201024,0.0023
65536,staggered_driven,jacobi4,3,22,3.274752,0.0026
65536,staggered_driven,jacobi4,3,23,3.535872,0.0024
65536,staggered_driven,jacobi4,3,24,3.361792,0.0026
65536,staggered_driven,jacobi4,3,25,3.407872,0.0024
65536,staggered_driven,jacobi4,3,26,3.434496,0.0022
65536,staggered_driven,jacobi4,3,27,3.405824,0.0026
65536,staggered_driven,jacobi4,3,28,3.456,0.0026
65536,staggered_driven,jacobi4,3,29,3.531776,0.0025
65536,staggered_driven,jacobi4,3,30,3.605504,0.003
65536,staggered_driven,jacobi4,3,31,3.595264,0.0026
65536,staggered_driven,jacobi4,3,32,3.871744,0.0021
65536,staggered_driven,jacobi4,3,33,3.647488,0.0026
65536,staggered_driven,jacobi4,3,34,3.5584,0.0027
65536,staggered_driven,jacobi4,3,35,3.600384,0.0026
65536,staggered_driven,jacobi4,3,36,3.555328,0.0023
65536,staggered_driven,jacobi4,3,37,3.600384,0.0025
65536,staggered_driven,jacobi4,3,38,3.670016,0.0027
65536,staggered_driven,jacobi4,3,39,3.731456,0.0024
65536,staggered_driven,jacobi16,1,0,9.806848,0.0323
65536,staggered_driven,jacobi16,1,1,9.440256,0.0111
65536,staggered_driven,jacobi16,1,2,9.64096,0.0103
65536,staggered_driven,jacobi16,1,3,9.648128,0.0105
65536,staggered_driven,jacobi16,1,4,9.745408,0.0107
65536,staggered_driven,jacobi16,1,5,9.416704,0.0102
65536,staggered_driven,jacobi16,1,6,9.8048,0.0104
65536,staggered_driven,jacobi16,1,7,10.105856,0.0103
65536,staggered_driven,jacobi16,1,8,9.996288,0.0106
65536,staggered_driven,jacobi16,1,9,10.422272,0.0097
65536,staggered_driven,jacobi16,1,10,10.313728,0.0106
65536,staggered_driven,jacobi16,1,11,10.116096,0.0101
65536,staggered_driven,jacobi16,1,12,10.207232,0.0101
65536,staggered_driven,jacobi16,1,13,10.539008,0.0098
65536,staggered_driven,jacobi16,1,14,10.348544,0.0112
65536,staggered_driven,jacobi16,1,15,10.38336,0.0097
65536,staggered_driven,jacobi16,1,16,10.290176,0.0102
65536,staggered_driven,jacobi16,1,17,10.624,0.0098
65536,staggered_driven,jacobi16,1,18,10.222592,0.0103
65536,staggered_driven,jacobi16,1,19,10.236928,0.0097
65536,staggered_driven,jacobi16,1,20,10.50112,0.0101
65536,staggered_driven,jacobi16,1,21,10.348544,0.0103
65536,staggered_driven,jacobi16,1,22,10.491904,0.0102
65536,staggered_driven,jacobi16,1,23,10.673152,0.0115
65536,staggered_driven,jacobi16,1,24,10.420224,0.0101
65536,staggered_driven,jacobi16,1,25,10.310656,0.0102
65536,staggered_driven,jacobi16,1,26,10.477568,0.0104
65536,staggered_driven,jacobi16,1,27,10.148864,0.0099
65536,staggered_driven,jacobi16,1,28,10.194944,0.0103
65536,staggered_driven,jacobi16,1,29,10.432512,0.0102
65536,staggered_driven,jacobi16,1,30,10.128384,0.0101
65536,staggered_driven,jacobi16,1,31,10.156032,0.0098
65536,staggered_driven,jacobi16,1,32,10.14784,0.0102
65536,staggered_driven,jacobi16,1,33,10.509312,0.0102
65536,staggered_driven,jacobi16,1,34,10.184704,0.0102
65536,staggered_driven,jacobi16,1,35,10.237952,0.0116
65536,staggered_driven,jacobi16,1,36,10.838016,0.0105
65536,staggered_driven,jacobi16,1,37,10.691584,0.0108
65536,staggered_driven,jacobi16,1,38,10.763264,0.0098
65536,staggered_driven,jacobi16,1,39,10.971136,0.0101
65536,staggered_driven,jacobi16,2,0,9.710592,0.0353
65536,staggered_driven,jacobi16,2,1,9.6,0.0156
65536,staggered_driven,jacobi16,2,2,9.731072,0.0155
65536,staggered_driven,jacobi16,2,3,9.4464,0.0153
65536,staggered_driven,jacobi16,2,4,9.402368,0.0146
65536,staggered_driven,jacobi16,2,5,9.413632,0.0121
65536,staggered_driven,jacobi16,2,6,9.822208,0.0105
65536,staggered_driven,jacobi16,2,7,9.977856,0.0101
65536,staggered_driven,jacobi16,2,8,10.145792,0.0101
65536,staggered_driven,jacobi16,2,9,10.52672,0.0102
65536,staggered_driven,jacobi16,2,10,10.160128,0.0102
65536,staggered_driven,jacobi16,2,11,10.2144,0.0102
65536,staggered_driven,jacobi16,2,12,10.614784,0.0112
65536,staggered_driven,jacobi16,2,13,10.420224,0.0174
65536,staggered_driven,jacobi16,2,14,10.235904,0.0105
65536,staggered_driven,jacobi16,2,15,10.176512,0.0151
65536,staggered_driven,jacobi16,2,16,10.50624,0.0104
65536,staggered_driven,jacobi16,2,17,10.298368,0.0103
65536,staggered_driven,jacobi16,2,18,10.221568,0.0101
65536,staggered_driven,jacobi16,2,19,10.49088,0.0102
65536,staggered_driven,jacobi16,2,20,10.355712,0.0101
65536,staggered_driven,jacobi16,2,21,10.385408,0.0101
65536,staggered_driven,jacobi16,2,22,11.066368,0.0097
65536,staggered_driven,jacobi16,2,23,10.431488,0.0101
65536,staggered_driven,jacobi16,2,24,10.356736,0.0101
65536,staggered_driven,jacobi16,2,25,10.539008,0.0103
65536,staggered_driven,jacobi16,2,26,10.276864,0.0102
65536,staggered_driven,jacobi16,2,27,10.17344,0.0103
65536,staggered_driven,jacobi16,2,28,10.405888,0.0103
65536,staggered_driven,jacobi16,2,29,10.192896,0.0102
65536,staggered_driven,jacobi16,2,30,10.167296,0.0101
65536,staggered_driven,jacobi16,2,31,10.202112,0.0101
65536,staggered_driven,jacobi16,2,32,10.406912,0.0101
65536,staggered_driven,jacobi16,2,33,10.2144,0.0101
65536,staggered_driven,jacobi16,2,34,10.149888,0.0101
65536,staggered_driven,jacobi16,2,35,10.600448,0.0098
65536,staggered_driven,jacobi16,2,36,10.658816,0.0101
65536,staggered_driven,jacobi16,2,37,10.71616,0.0101
65536,staggered_driven,jacobi16,2,38,11.062272,0.0104
65536,staggered_driven,jacobi16,2,39,10.725376,0.0102
65536,staggered_driven,jacobi16,3,0,9.62048,0.0338
65536,staggered_driven,jacobi16,3,1,9.82528,0.0122
65536,staggered_driven,jacobi16,3,2,9.5488,0.0109
65536,staggered_driven,jacobi16,3,3,9.465856,0.0104
65536,staggered_driven,jacobi16,3,4,9.398272,0.0105
65536,staggered_driven,jacobi16,3,5,9.7024,0.0105
65536,staggered_driven,jacobi16,3,6,9.6,0.0105
65536,staggered_driven,jacobi16,3,7,9.85088,0.0104
65536,staggered_driven,jacobi16,3,8,10.418176,0.0102
65536,staggered_driven,jacobi16,3,9,10.216448,0.0101
65536,staggered_driven,jacobi16,3,10,10.164224,0.0101
65536,staggered_driven,jacobi16,3,11,10.447872,0.0104
65536,staggered_driven,jacobi16,3,12,10.285056,0.0107
65536,staggered_driven,jacobi16,3,13,10.417152,0.0104
65536,staggered_driven,jacobi16,3,14,10.500096,0.0105
65536,staggered_driven,jacobi16,3,15,10.34752,0.0105
65536,staggered_driven,jacobi16,3,16,10.318848,0.0101
65536,staggered_driven,jacobi16,3,17,10.221568,0.0101
65536,staggered_driven,jacobi16,3,18,10.40384,0.01
65536,staggered_driven,jacobi16,3,19,10.24,0.0103
65536,staggered_driven,jacobi16,3,20,10.346496,0.0106
65536,staggered_driven,jacobi16,3,21,10.599424,0.0109
65536,staggered_driven,jacobi16,3,22,10.529792,0.0102
65536,staggered_driven,jacobi16,3,23,10.51648,0.01
65536,staggered_driven,jacobi16,3,24,10.730496,0.0105
65536,staggered_driven,jacobi16,3,25,10.346496,0.0104
65536,staggered_driven,jacobi16,3,26,10.287104,0.0105
65536,staggered_driven,jacobi16,3,27,10.426368,0.0101
65536,staggered_driven,jacobi16,3,28,10.196992,0.01
65536,staggered_driven,jacobi16,3,29,10.24512,0.0105
65536,staggered_driven,jacobi16,3,30,10.206208,0.0103
65536,staggered_driven,jacobi16,3,31,10.474496,0.0101
65536,staggered_driven,jacobi16,3,32,10.2144,0.0101
65536,staggered_driven,jacobi16,3,33,10.203136,0.0106
65536,staggered_driven,jacobi16,3,34,10.38848,0.0102
65536,staggered_driven,jacobi16,3,35,10.315776,0.0101
65536,staggered_driven,jacobi16,3,36,10.640384,0.0104
65536,staggered_driven,jacobi16,3,37,11.03872,0.0106
65536,staggered_driven,jacobi16,3,38,10.784768,0.0104
65536,staggered_driven,jacobi16,3,39,10.749952,0.01
65536,staggered_driven,support4,1,0,2.945024,0.0318
65536,staggered_driven,support4,1,1,2.953216,0.0105
65536,staggered_driven,support4,1,2,2.9184,0.0106
65536,staggered_driven,support4,1,3,2.977792,0.0101
65536,staggered_driven,support4,1,4,2.939904,0.0101
65536,staggered_driven,support4,1,5,2.916352,0.0101
65536,staggered_driven,support4,1,6,3.137536,0.0101
65536,staggered_driven,support4,1,7,2.934784,0.0101
65536,staggered_driven,support4,1,8,2.960384,0.0102
65536,staggered_driven,support4,1,9,2.97472,0.0101
65536,staggered_driven,support4,1,10,2.957312,0.0101
65536,staggered_driven,support4,1,11,2.97472,0.0105
65536,staggered_driven,support4,1,12,2.977792,0.0102
65536,staggered_driven,support4,1,13,2.925568,0.0101
65536,staggered_driven,support4,1,14,2.95424,0.0102
65536,staggered_driven,support4,1,15,2.993152,0.0105
65536,staggered_driven,support4,1,16,2.932736,0.0101
65536,staggered_driven,support4,1,17,3.154944,0.0101
65536,staggered_driven,support4,1,18,2.97984,0.01
65536,staggered_driven,support4,1,19,3.002368,0.0102
65536,staggered_driven,support4,1,20,3.00544,0.0105
65536,staggered_driven,support4,1,21,2.960384,0.01
65536,staggered_driven,support4,1,22,3.00544,0.0101
65536,staggered_driven,support4,1,23,2.972672,0.0101
65536,staggered_driven,support4,1,24,2.955264,0.01
65536,staggered_driven,support4,1,25,2.971648,0.0102
65536,staggered_driven,support4,1,26,2.941952,0.0105
65536,staggered_driven,support4,1,27,2.952192,0.0101
65536,staggered_driven,support4,1,28,3.23584,0.0098
65536,staggered_driven,support4,1,29,2.988032,0.0105
65536,staggered_driven,support4,1,30,2.996224,0.0101
65536,staggered_driven,support4,1,31,2.988032,0.0105
65536,staggered_driven,support4,1,32,2.963456,0.0097
65536,staggered_driven,support4,1,33,2.958336,0.0105
65536,staggered_driven,support4,1,34,2.95936,0.01
65536,staggered_driven,support4,1,35,2.917376,0.0102
65536,staggered_driven,support4,1,36,2.931712,0.0098
65536,staggered_driven,support4,1,37,2.942976,0.0101
65536,staggered_driven,support4,1,38,2.95936,0.0101
65536,staggered_driven,support4,1,39,2.95936,0.0117
65536,staggered_driven,support4,2,0,2.922496,0.0252
65536,staggered_driven,support4,2,1,2.972672,0.0128
65536,staggered_driven,support4,2,2,2.937856,0.0109
65536,staggered_driven,support4,2,3,2.955264,0.0105
65536,staggered_driven,support4,2,4,2.925568,0.0106
65536,staggered_driven,support4,2,5,3.218432,0.0104
65536,staggered_driven,support4,2,6,2.952192,0.0103
65536,staggered_driven,support4,2,7,2.946048,0.0105
65536,staggered_driven,support4,2,8,2.945024,0.0105
65536,staggered_driven,support4,2,9,2.95936,0.0101
65536,staggered_driven,support4,2,10,2.935808,0.0101
65536,staggered_driven,support4,2,11,2.940928,0.0105
65536,staggered_driven,support4,2,12,2.965504,0.0102
65536,staggered_driven,support4,2,13,2.946048,0.0105
65536,staggered_driven,support4,2,14,2.971648,0.0102
65536,staggered_driven,support4,2,15,2.967552,0.0101
65536,staggered_driven,support4,2,16,3.23072,0.0104
65536,staggered_driven,support4,2,17,2.99008,0.0105
65536,staggered_driven,support4,2,18,2.965504,0.0102
65536,staggered_driven,support4,2,19,2.95424,0.0104
65536,staggered_driven,support4,2,20,2.973696,0.0104
65536,staggered_driven,support4,2,21,2.94912,0.0105
65536,staggered_driven,support4,2,22,2.97472,0.0143
65536,staggered_driven,support4,2,23,2.958336,0.0115
65536,staggered_driven,support4,2,24,2.902016,0.0101
65536,staggered_driven,support4,2,25,2.962432,0.0104
65536,staggered_driven,support4,2,26,2.952192,0.0104
65536,staggered_driven,support4,2,27,3.177472,0.0101
65536,staggered_driven,support4,2,28,2.956288,0.01
65536,staggered_driven,support4,2,29,2.92352,0.0104
65536,staggered_driven,support4,2,30,2.970624,0.0104
65536,staggered_driven,support4,2,31,2.975744,0.0104
65536,staggered_driven,support4,2,32,2.925568,0.01
65536,staggered_driven,support4,2,33,2.951168,0.0101
65536,staggered_driven,support4,2,34,2.961408,0.0102
65536,staggered_driven,support4,2,35,2.907136,0.0102
65536,staggered_driven,support4,2,36,2.93888,0.0101
65536,staggered_driven,support4,2,37,2.941952,0.0159
65536,staggered_driven,support4,2,38,3.093504,0.0107
65536,staggered_driven,support4,2,39,2.957312,0.0101
65536,staggered_driven,support4,3,0,2.961408,0.0189
65536,staggered_driven,support4,3,1,2.952192,0.0108
65536,staggered_driven,support4,3,2,2.92352,0.0103
65536,staggered_driven,support4,3,3,3.182592,0.0101
65536,staggered_driven,support4,3,4,2.965504,0.0101
65536,staggered_driven,support4,3,5,2.929664,0.0104
65536,staggered_driven,support4,3,6,2.960384,0.0105
65536,staggered_driven,support4,3,7,2.931712,0.0104
65536,staggered_driven,support4,3,8,2.905088,0.0104
65536,staggered_driven,support4,3,9,2.945024,0.0101
65536,staggered_driven,support4,3,10,2.899968,0.0099
65536,staggered_driven,support4,3,11,2.965504,0.01
65536,staggered_driven,support4,3,12,2.958336,0.0104
65536,staggered_driven,support4,3,13,2.948096,0.0103
65536,staggered_driven,support4,3,14,2.961408,0.0103
65536,staggered_driven,support4,3,15,3.191808,0.0104
65536,staggered_driven,support4,3,16,2.957312,0.0105
65536,staggered_driven,support4,3,17,2.98496,0.0108
65536,staggered_driven,support4,3,18,2.951168,0.0099
65536,staggered_driven,support4,3,19,2.967552,0.0104
65536,staggered_driven,support4,3,20,2.966528,0.0124
65536,staggered_driven,support4,3,21,2.932736,0.0099
65536,staggered_driven,support4,3,22,2.971648,0.0104
65536,staggered_driven,support4,3,23,3.027968,0.0101
65536,staggered_driven,support4,3,24,2.921472,0.01
65536,staggered_driven,support4,3,25,2.948096,0.01
65536,staggered_driven,support4,3,26,3.222528,0.0104
65536,staggered_driven,support4,3,27,2.948096,0.01
65536,staggered_driven,support4,3,28,2.97472,0.0103
65536,staggered_driven,support4,3,29,2.94912,0.0103
65536,staggered_driven,support4,3,30,2.95936,0.0101
65536,staggered_driven,support4,3,31,2.951168,0.0104
65536,staggered_driven,support4,3,32,2.91328,0.0108
65536,staggered_driven,support4,3,33,2.961408,0.01
65536,staggered_driven,support4,3,34,2.939904,0.01
65536,staggered_driven,support4,3,35,2.926592,0.0102
65536,staggered_driven,support4,3,36,2.93888,0.01
65536,staggered_driven,support4,3,37,3.124224,0.0103
65536,staggered_driven,support4,3,38,2.971648,0.0104
65536,staggered_driven,support4,3,39,2.971648,0.0099
131072,aligned_still,jacobi4,1,0,4.75648,0.01
131072,aligned_still,jacobi4,1,1,4.762624,0.002
131072,aligned_still,jacobi4,1,2,4.937728,0.002
131072,aligned_still,jacobi4,1,3,4.740096,7.0E-4
131072,aligned_still,jacobi4,1,4,4.702208,7.0E-4
131072,aligned_still,jacobi4,1,5,4.830208,8.0E-4
131072,aligned_still,jacobi4,1,6,4.789248,6.0E-4
131072,aligned_still,jacobi4,1,7,4.777984,8.0E-4
131072,aligned_still,jacobi4,1,8,4.822016,8.0E-4
131072,aligned_still,jacobi4,1,9,5.082112,6.0E-4
131072,aligned_still,jacobi4,1,10,5.056512,7.0E-4
131072,aligned_still,jacobi4,1,11,4.992,7.0E-4
131072,aligned_still,jacobi4,1,12,5.12,6.0E-4
131072,aligned_still,jacobi4,1,13,5.157888,7.0E-4
131072,aligned_still,jacobi4,1,14,5.158912,7.0E-4
131072,aligned_still,jacobi4,1,15,5.421056,7.0E-4
131072,aligned_still,jacobi4,1,16,5.132288,8.0E-4
131072,aligned_still,jacobi4,1,17,5.10976,7.0E-4
131072,aligned_still,jacobi4,1,18,5.264384,7.0E-4
131072,aligned_still,jacobi4,1,19,5.239808,7.0E-4
131072,aligned_still,jacobi4,1,20,5.254144,6.0E-4
131072,aligned_still,jacobi4,1,21,5.48864,7.0E-4
131072,aligned_still,jacobi4,1,22,5.351424,8.0E-4
131072,aligned_still,jacobi4,1,23,5.297152,5.0E-4
131072,aligned_still,jacobi4,1,24,5.434368,7.0E-4
131072,aligned_still,jacobi4,1,25,5.384192,8.0E-4
131072,aligned_still,jacobi4,1,26,5.409792,6.0E-4
131072,aligned_still,jacobi4,1,27,5.476352,8.0E-4
131072,aligned_still,jacobi4,1,28,5.78048,8.0E-4
131072,aligned_still,jacobi4,1,29,5.507072,7.0E-4
131072,aligned_still,jacobi4,1,30,5.495808,8.0E-4
131072,aligned_still,jacobi4,1,31,5.540864,7.0E-4
131072,aligned_still,jacobi4,1,32,5.572608,6.0E-4
131072,aligned_still,jacobi4,1,33,5.609472,8.0E-4
131072,aligned_still,jacobi4,1,34,5.850112,7.0E-4
131072,aligned_still,jacobi4,1,35,5.702656,7.0E-4
131072,aligned_still,jacobi4,1,36,5.632,8.0E-4
131072,aligned_still,jacobi4,1,37,5.645312,8.0E-4
131072,aligned_still,jacobi4,1,38,5.796864,6.0E-4
131072,aligned_still,jacobi4,1,39,6.212608,7.0E-4
131072,aligned_still,jacobi4,2,0,5.020672,0.01
131072,aligned_still,jacobi4,2,1,4.745216,0.0019
131072,aligned_still,jacobi4,2,2,4.737024,0.0019
131072,aligned_still,jacobi4,2,3,4.754432,8.0E-4
131072,aligned_still,jacobi4,2,4,5.016576,7.0E-4
131072,aligned_still,jacobi4,2,5,5.055488,8.0E-4
131072,aligned_still,jacobi4,2,6,4.745216,7.0E-4
131072,aligned_still,jacobi4,2,7,4.805632,6.0E-4
131072,aligned_still,jacobi4,2,8,5.05344,7.0E-4
131072,aligned_still,jacobi4,2,9,4.95104,7.0E-4
131072,aligned_still,jacobi4,2,10,5.082112,6.0E-4
131072,aligned_still,jacobi4,2,11,5.050368,8.0E-4
131072,aligned_still,jacobi4,2,12,5.600256,9.0E-4
131072,aligned_still,jacobi4,2,13,5.312512,7.0E-4
131072,aligned_still,jacobi4,2,14,5.21216,5.0E-4
131072,aligned_still,jacobi4,2,15,5.235712,6.0E-4
131072,aligned_still,jacobi4,2,16,5.380096,7.0E-4
131072,aligned_still,jacobi4,2,17,5.216256,8.0E-4
131072,aligned_still,jacobi4,2,18,5.451776,6.0E-4
131072,aligned_still,jacobi4,2,19,5.27872,8.0E-4
131072,aligned_still,jacobi4,2,20,5.4784,8.0E-4
131072,aligned_still,jacobi4,2,21,5.234688,6.0E-4
131072,aligned_still,jacobi4,2,22,5.211136,7.0E-4
131072,aligned_still,jacobi4,2,23,5.21728,8.0E-4
131072,aligned_still,jacobi4,2,24,5.59616,6.0E-4
131072,aligned_still,jacobi4,2,25,5.289984,7.0E-4
131072,aligned_still,jacobi4,2,26,5.343232,7.0E-4
131072,aligned_still,jacobi4,2,27,5.366784,0.0019
131072,aligned_still,jacobi4,2,28,5.684224,7.0E-4
131072,aligned_still,jacobi4,2,29,5.438464,6.0E-4
131072,aligned_still,jacobi4,2,30,5.723136,6.0E-4
131072,aligned_still,jacobi4,2,31,5.548032,6.0E-4
131072,aligned_still,jacobi4,2,32,5.794816,7.0E-4
131072,aligned_still,jacobi4,2,33,5.56544,6.0E-4
131072,aligned_still,jacobi4,2,34,5.638144,8.0E-4
131072,aligned_still,jacobi4,2,35,5.736448,7.0E-4
131072,aligned_still,jacobi4,2,36,6.289408,6.0E-4
131072,aligned_still,jacobi4,2,37,5.673984,7.0E-4
131072,aligned_still,jacobi4,2,38,5.851136,6.0E-4
131072,aligned_still,jacobi4,2,39,6.158336,7.0E-4
131072,aligned_still,jacobi4,3,0,4.767744,0.0095
131072,aligned_still,jacobi4,3,1,4.907008,0.0019
131072,aligned_still,jacobi4,3,2,4.788224,0.0019
131072,aligned_still,jacobi4,3,3,4.750336,7.0E-4
131072,aligned_still,jacobi4,3,4,4.763648,7.0E-4
131072,aligned_still,jacobi4,3,5,4.84864,6.0E-4
131072,aligned_still,jacobi4,3,6,4.796416,7.0E-4
131072,aligned_still,jacobi4,3,7,4.851712,8.0E-4
131072,aligned_still,jacobi4,3,8,5.051392,6.0E-4
131072,aligned_still,jacobi4,3,9,4.955136,7.0E-4
131072,aligned_still,jacobi4,3,10,5.07904,8.0E-4
131072,aligned_still,jacobi4,3,11,5.067776,6.0E-4
131072,aligned_still,jacobi4,3,12,5.127168,6.0E-4
131072,aligned_still,jacobi4,3,13,5.200896,0.001
131072,aligned_still,jacobi4,3,14,5.187584,0.0014
131072,aligned_still,jacobi4,3,15,5.410816,7.0E-4
131072,aligned_still,jacobi4,3,16,5.146624,7.0E-4
131072,aligned_still,jacobi4,3,17,5.192704,8.0E-4
131072,aligned_still,jacobi4,3,18,5.225472,6.0E-4
131072,aligned_still,jacobi4,3,19,5.225472,7.0E-4
131072,aligned_still,jacobi4,3,20,5.216256,8.0E-4
131072,aligned_still,jacobi4,3,21,5.417984,8.0E-4
131072,aligned_still,jacobi4,3,22,5.262336,6.0E-4
131072,aligned_still,jacobi4,3,23,5.213184,7.0E-4
131072,aligned_still,jacobi4,3,24,5.308416,8.0E-4
131072,aligned_still,jacobi4,3,25,5.306368,7.0E-4
131072,aligned_still,jacobi4,3,26,5.366784,8.0E-4
131072,aligned_still,jacobi4,3,27,5.415936,8.0E-4
131072,aligned_still,jacobi4,3,28,5.640192,6.0E-4
131072,aligned_still,jacobi4,3,29,5.46304,6.0E-4
131072,aligned_still,jacobi4,3,30,5.49376,7.0E-4
131072,aligned_still,jacobi4,3,31,5.511168,6.0E-4
131072,aligned_still,jacobi4,3,32,5.537792,8.0E-4
131072,aligned_still,jacobi4,3,33,5.53984,9.0E-4
131072,aligned_still,jacobi4,3,34,5.912576,7.0E-4
131072,aligned_still,jacobi4,3,35,5.654528,7.0E-4
131072,aligned_still,jacobi4,3,36,5.648384,6.0E-4
131072,aligned_still,jacobi4,3,37,5.620736,8.0E-4
131072,aligned_still,jacobi4,3,38,5.82656,8.0E-4
131072,aligned_still,jacobi4,3,39,6.148096,6.0E-4
131072,aligned_still,jacobi16,1,0,17.741824,0.012
131072,aligned_still,jacobi16,1,1,17.741824,0.0031
131072,aligned_still,jacobi16,1,2,18.194432,0.003
131072,aligned_still,jacobi16,1,3,17.870848,0.0032
131072,aligned_still,jacobi16,1,4,18.021376,0.0031
131072,aligned_still,jacobi16,1,5,18.176,0.0031
131072,aligned_still,jacobi16,1,6,17.878016,0.003
131072,aligned_still,jacobi16,1,7,18.694144,0.0031
131072,aligned_still,jacobi16,1,8,18.264064,0.0031
131072,aligned_still,jacobi16,1,9,18.634752,0.003
131072,aligned_still,jacobi16,1,10,18.477056,0.0032
131072,aligned_still,jacobi16,1,11,18.547712,0.003
131072,aligned_still,jacobi16,1,12,18.215936,0.0031
131072,aligned_still,jacobi16,1,13,18.41664,0.003
131072,aligned_still,jacobi16,1,14,18.198528,0.003
131072,aligned_still,jacobi16,1,15,18.639872,0.003
131072,aligned_still,jacobi16,1,16,18.444288,0.003
131072,aligned_still,jacobi16,1,17,18.151424,0.003
131072,aligned_still,jacobi16,1,18,18.454528,0.003
131072,aligned_still,jacobi16,1,19,18.424832,0.0031
131072,aligned_still,jacobi16,1,20,18.637824,0.0032
131072,aligned_still,jacobi16,1,21,18.432,0.003
131072,aligned_still,jacobi16,1,22,18.679808,0.003
131072,aligned_still,jacobi16,1,23,18.51392,0.0031
131072,aligned_still,jacobi16,1,24,18.922496,0.0031
131072,aligned_still,jacobi16,1,25,18.788352,0.003
131072,aligned_still,jacobi16,1,26,18.745344,0.0031
131072,aligned_still,jacobi16,1,27,19.183616,0.0031
131072,aligned_still,jacobi16,1,28,18.902016,0.0032
131072,aligned_still,jacobi16,1,29,19.34848,0.0031
131072,aligned_still,jacobi16,1,30,19.081216,0.003
131072,aligned_still,jacobi16,1,31,19.395584,0.0031
131072,aligned_still,jacobi16,1,32,19.458048,0.0031
131072,aligned_still,jacobi16,1,33,19.17952,0.0031
131072,aligned_still,jacobi16,1,34,19.453952,0.003
131072,aligned_still,jacobi16,1,35,19.243008,0.0032
131072,aligned_still,jacobi16,1,36,19.459072,0.0032
131072,aligned_still,jacobi16,1,37,19.5072,0.003
131072,aligned_still,jacobi16,1,38,19.403776,0.0032
131072,aligned_still,jacobi16,1,39,19.806208,0.0031
131072,aligned_still,jacobi16,2,0,17.924096,0.0113
131072,aligned_still,jacobi16,2,1,18.113536,0.0032
131072,aligned_still,jacobi16,2,2,17.947648,0.003
131072,aligned_still,jacobi16,2,3,18.275328,0.0031
131072,aligned_still,jacobi16,2,4,18.122752,0.0043
131072,aligned_still,jacobi16,2,5,18.461696,0.0032
131072,aligned_still,jacobi16,2,6,18.122752,0.003
131072,aligned_still,jacobi16,2,7,18.947072,0.003
131072,aligned_still,jacobi16,2,8,18.663424,0.003
131072,aligned_still,jacobi16,2,9,18.569216,0.0031
131072,aligned_still,jacobi16,2,10,18.811904,0.003
131072,aligned_still,jacobi16,2,11,18.499584,0.0031
131072,aligned_still,jacobi16,2,12,18.5856,0.0031
131072,aligned_still,jacobi16,2,13,18.354176,0.003
131072,aligned_still,jacobi16,2,14,18.523136,0.003
131072,aligned_still,jacobi16,2,15,18.660352,0.0031
131072,aligned_still,jacobi16,2,16,18.505728,0.0031
131072,aligned_still,jacobi16,2,17,18.572288,0.003
131072,aligned_still,jacobi16,2,18,18.347008,0.0031
131072,aligned_still,jacobi16,2,19,18.733056,0.0035
131072,aligned_still,jacobi16,2,20,18.627584,0.0033
131072,aligned_still,jacobi16,2,21,18.806784,0.003
131072,aligned_still,jacobi16,2,22,18.742272,0.0031
131072,aligned_still,jacobi16,2,23,19.044352,0.0031
131072,aligned_still,jacobi16,2,24,18.987008,0.0031
131072,aligned_still,jacobi16,2,25,18.776064,0.0031
131072,aligned_still,jacobi16,2,26,19.014656,0.0032
131072,aligned_still,jacobi16,2,27,18.875392,0.0031
131072,aligned_still,jacobi16,2,28,19.141632,0.0033
131072,aligned_still,jacobi16,2,29,19.104768,0.003
131072,aligned_still,jacobi16,2,30,19.304448,0.003
131072,aligned_still,jacobi16,2,31,19.365888,0.003
131072,aligned_still,jacobi16,2,32,19.13856,0.0032
131072,aligned_still,jacobi16,2,33,19.250176,0.003
131072,aligned_still,jacobi16,2,34,19.032064,0.003
131072,aligned_still,jacobi16,2,35,19.270656,0.0032
131072,aligned_still,jacobi16,2,36,19.033088,0.003
131072,aligned_still,jacobi16,2,37,19.303424,0.0029
131072,aligned_still,jacobi16,2,38,19.443712,0.003
131072,aligned_still,jacobi16,2,39,19.239936,0.0031
131072,aligned_still,jacobi16,3,0,18.026496,0.0127
131072,aligned_still,jacobi16,3,1,17.8432,0.0048
131072,aligned_still,jacobi16,3,2,18.284544,0.0046
131072,aligned_still,jacobi16,3,3,17.983488,0.0046
131072,aligned_still,jacobi16,3,4,18.097152,0.005
131072,aligned_still,jacobi16,3,5,17.948672,0.0046
131072,aligned_still,jacobi16,3,6,18.180096,0.0046
131072,aligned_still,jacobi16,3,7,18.724864,0.0045
131072,aligned_still,jacobi16,3,8,18.301952,0.0046
131072,aligned_still,jacobi16,3,9,18.715648,0.0064
131072,aligned_still,jacobi16,3,10,18.85696,0.0046
131072,aligned_still,jacobi16,3,11,18.668544,0.0083
131072,aligned_still,jacobi16,3,12,18.379776,0.003
131072,aligned_still,jacobi16,3,13,18.541568,0.003
131072,aligned_still,jacobi16,3,14,18.337792,0.0031
131072,aligned_still,jacobi16,3,15,18.6112,0.0031
131072,aligned_still,jacobi16,3,16,18.507776,0.0031
131072,aligned_still,jacobi16,3,17,18.497536,0.0031
131072,aligned_still,jacobi16,3,18,18.72384,0.003
131072,aligned_still,jacobi16,3,19,18.649088,0.0033
131072,aligned_still,jacobi16,3,20,18.962432,0.0031
131072,aligned_still,jacobi16,3,21,18.741248,0.003
131072,aligned_still,jacobi16,3,22,19.011584,0.0031
131072,aligned_still,jacobi16,3,23,18.779136,0.0031
131072,aligned_still,jacobi16,3,24,19.126272,0.0031
131072,aligned_still,jacobi16,3,25,18.929664,0.0031
131072,aligned_still,jacobi16,3,26,18.834432,0.0031
131072,aligned_still,jacobi16,3,27,19.15392,0.0033
131072,aligned_still,jacobi16,3,28,18.936832,0.003
131072,aligned_still,jacobi16,3,29,19.273728,0.0031
131072,aligned_still,jacobi16,3,30,19.158016,0.0031
131072,aligned_still,jacobi16,3,31,19.366912,0.0031
131072,aligned_still,jacobi16,3,32,19.377152,0.0031
131072,aligned_still,jacobi16,3,33,19.078144,0.0031
131072,aligned_still,jacobi16,3,34,19.26656,0.0031
131072,aligned_still,jacobi16,3,35,19.346432,0.0031
131072,aligned_still,jacobi16,3,36,19.250176,0.0031
131072,aligned_still,jacobi16,3,37,19.171328,0.0031
131072,aligned_still,jacobi16,3,38,19.36384,0.004
131072,aligned_still,jacobi16,3,39,19.489792,0.0033
131072,aligned_still,support4,1,0,5.219328,0.0129
131072,aligned_still,support4,1,1,5.156864,0.0029
131072,aligned_still,support4,1,2,5.10976,0.003
131072,aligned_still,support4,1,3,5.138432,0.003
131072,aligned_still,support4,1,4,5.153792,0.003
131072,aligned_still,support4,1,5,5.368832,0.003
131072,aligned_still,support4,1,6,5.192704,0.003
131072,aligned_still,support4,1,7,5.169152,0.0051
131072,aligned_still,support4,1,8,5.126144,0.0034
131072,aligned_still,support4,1,9,5.172224,0.0033
131072,aligned_still,support4,1,10,5.15072,0.003
131072,aligned_still,support4,1,11,5.475328,0.003
131072,aligned_still,support4,1,12,5.1968,0.0029
131072,aligned_still,support4,1,13,5.18656,0.0031
131072,aligned_still,support4,1,14,5.170176,0.0029
131072,aligned_still,support4,1,15,5.141504,0.003
131072,aligned_still,support4,1,16,5.179392,0.003
131072,aligned_still,support4,1,17,5.403648,0.003
131072,aligned_still,support4,1,18,5.210112,0.003
131072,aligned_still,support4,1,19,5.23776,0.0031
131072,aligned_still,support4,1,20,5.16608,0.0029
131072,aligned_still,support4,1,21,5.15072,0.0031
131072,aligned_still,support4,1,22,5.198848,0.0031
131072,aligned_still,support4,1,23,5.167104,0.003
131072,aligned_still,support4,1,24,5.36576,0.003
131072,aligned_still,support4,1,25,5.184512,0.0031
131072,aligned_still,support4,1,26,5.177344,0.003
131072,aligned_still,support4,1,27,5.161984,0.003
131072,aligned_still,support4,1,28,5.157888,0.005
131072,aligned_still,support4,1,29,5.142528,0.0033
131072,aligned_still,support4,1,30,5.39136,0.003
131072,aligned_still,support4,1,31,5.18656,0.0031
131072,aligned_still,support4,1,32,5.151744,0.003
131072,aligned_still,support4,1,33,5.179392,0.003
131072,aligned_still,support4,1,34,5.151744,0.003
131072,aligned_still,support4,1,35,5.16096,0.0032
131072,aligned_still,support4,1,36,5.189632,0.0031
131072,aligned_still,support4,1,37,5.445632,0.003
131072,aligned_still,support4,1,38,5.245952,0.003
131072,aligned_still,support4,1,39,5.202944,0.003
131072,aligned_still,support4,2,0,5.22752,0.0117
131072,aligned_still,support4,2,1,5.203968,0.003
131072,aligned_still,support4,2,2,5.152768,0.003
131072,aligned_still,support4,2,3,5.39136,0.003
131072,aligned_still,support4,2,4,5.177344,0.003
131072,aligned_still,support4,2,5,5.170176,0.0031
131072,aligned_still,support4,2,6,5.170176,0.003
131072,aligned_still,support4,2,7,5.203968,0.003
131072,aligned_still,support4,2,8,5.156864,0.003
131072,aligned_still,support4,2,9,5.41696,0.0033
131072,aligned_still,support4,2,10,5.158912,0.0029
131072,aligned_still,support4,2,11,5.23264,0.0032
131072,aligned_still,support4,2,12,5.18656,0.003
131072,aligned_still,support4,2,13,5.193728,0.003
131072,aligned_still,support4,2,14,5.184512,0.0031
131072,aligned_still,support4,2,15,5.15584,0.003
131072,aligned_still,support4,2,16,5.471232,0.0031
131072,aligned_still,support4,2,17,5.163008,0.003
131072,aligned_still,support4,2,18,5.148672,0.003
131072,aligned_still,support4,2,19,5.20192,0.0029
131072,aligned_still,support4,2,20,5.168128,0.0031
131072,aligned_still,support4,2,21,5.169152,0.0031
131072,aligned_still,support4,2,22,5.357568,0.0031
131072,aligned_still,support4,2,23,5.188608,0.0033
131072,aligned_still,support4,2,24,5.169152,0.0031
131072,aligned_still,support4,2,25,5.179392,0.003
131072,aligned_still,support4,2,26,5.251072,0.003
131072,aligned_still,support4,2,27,5.260288,0.003
131072,aligned_still,support4,2,28,5.230592,0.003
131072,aligned_still,support4,2,29,5.474304,0.003
131072,aligned_still,support4,2,30,5.30432,0.003
131072,aligned_still,support4,2,31,5.245952,0.003
131072,aligned_still,support4,2,32,5.25824,0.003
131072,aligned_still,support4,2,33,5.221376,0.0032
131072,aligned_still,support4,2,34,5.240832,0.0029
131072,aligned_still,support4,2,35,5.774336,0.003
131072,aligned_still,support4,2,36,5.239808,0.0031
131072,aligned_still,support4,2,37,5.19168,0.003
131072,aligned_still,support4,2,38,5.230592,0.0031
131072,aligned_still,support4,2,39,5.202944,0.0045
131072,aligned_still,support4,3,0,5.234688,0.0119
131072,aligned_still,support4,3,1,5.472256,0.003
131072,aligned_still,support4,3,2,5.224448,0.0034
131072,aligned_still,support4,3,3,5.243904,0.0031
131072,aligned_still,support4,3,4,5.197824,0.0029
131072,aligned_still,support4,3,5,5.20192,0.003
131072,aligned_still,support4,3,6,5.185536,0.0031
131072,aligned_still,support4,3,7,5.405696,0.0033
131072,aligned_still,support4,3,8,5.158912,0.003
131072,aligned_still,support4,3,9,5.233664,0.0031
131072,aligned_still,support4,3,10,5.187584,0.003
131072,aligned_still,support4,3,11,5.220352,0.003
131072,aligned_still,support4,3,12,5.202944,0.0048
131072,aligned_still,support4,3,13,5.393408,0.0041
131072,aligned_still,support4,3,14,5.204992,0.0031
131072,aligned_still,support4,3,15,5.177344,0.0031
131072,aligned_still,support4,3,16,5.168128,0.003
131072,aligned_still,support4,3,17,5.1968,0.0029
131072,aligned_still,support4,3,18,5.185536,0.0035
131072,aligned_still,support4,3,19,5.182464,0.0031
131072,aligned_still,support4,3,20,5.471232,0.0031
131072,aligned_still,support4,3,21,5.187584,0.003
131072,aligned_still,support4,3,22,5.172224,0.003
131072,aligned_still,support4,3,23,5.1712,0.0029
131072,aligned_still,support4,3,24,5.18144,0.003
131072,aligned_still,support4,3,25,5.184512,0.0029
131072,aligned_still,support4,3,26,5.436416,0.0029
131072,aligned_still,support4,3,27,5.241856,0.003
131072,aligned_still,support4,3,28,5.230592,0.003
131072,aligned_still,support4,3,29,5.338112,0.0029
131072,aligned_still,support4,3,30,5.271552,0.0029
131072,aligned_still,support4,3,31,5.20192,0.0029
131072,aligned_still,support4,3,32,5.397504,0.0029
131072,aligned_still,support4,3,33,5.28896,0.003
131072,aligned_still,support4,3,34,5.17632,0.0029
131072,aligned_still,support4,3,35,5.202944,0.0033
131072,aligned_still,support4,3,36,5.198848,0.003
131072,aligned_still,support4,3,37,5.174272,0.003
131072,aligned_still,support4,3,38,5.208064,0.003
131072,aligned_still,support4,3,39,5.37088,0.0031
131072,staggered_still,jacobi4,1,0,5.805056,0.0095
131072,staggered_still,jacobi4,1,1,5.978112,0.0021
131072,staggered_still,jacobi4,1,2,5.911552,0.002
131072,staggered_still,jacobi4,1,3,5.982208,7.0E-4
131072,staggered_still,jacobi4,1,4,6.17472,9.0E-4
131072,staggered_still,jacobi4,1,5,5.881856,7.0E-4
131072,staggered_still,jacobi4,1,6,5.856256,8.0E-4
131072,staggered_still,jacobi4,1,7,5.902336,7.0E-4
131072,staggered_still,jacobi4,1,8,5.895168,7.0E-4
131072,staggered_still,jacobi4,1,9,5.855232,7.0E-4
131072,staggered_still,jacobi4,1,10,6.344704,6.0E-4
131072,staggered_still,jacobi4,1,11,6.08768,6.0E-4
131072,staggered_still,jacobi4,1,12,6.102016,8.0E-4
131072,staggered_still,jacobi4,1,13,6.12864,7.0E-4
131072,staggered_still,jacobi4,1,14,6.140928,8.0E-4
131072,staggered_still,jacobi4,1,15,6.434816,6.0E-4
131072,staggered_still,jacobi4,1,16,6.26688,6.0E-4
131072,staggered_still,jacobi4,1,17,6.167552,6.0E-4
131072,staggered_still,jacobi4,1,18,6.15936,7.0E-4
131072,staggered_still,jacobi4,1,19,6.167552,6.0E-4
131072,staggered_still,jacobi4,1,20,6.295552,9.0E-4
131072,staggered_still,jacobi4,1,21,6.493184,6.0E-4
131072,staggered_still,jacobi4,1,22,6.326272,7.0E-4
131072,staggered_still,jacobi4,1,23,6.406144,8.0E-4
131072,staggered_still,jacobi4,1,24,6.44096,7.0E-4
131072,staggered_still,jacobi4,1,25,6.494208,7.0E-4
131072,staggered_still,jacobi4,1,26,6.82496,7.0E-4
131072,staggered_still,jacobi4,1,27,6.590464,6.0E-4
131072,staggered_still,jacobi4,1,28,6.619136,6.0E-4
131072,staggered_still,jacobi4,1,29,6.621184,8.0E-4
131072,staggered_still,jacobi4,1,30,6.772736,5.0E-4
131072,staggered_still,jacobi4,1,31,7.00416,7.0E-4
131072,staggered_still,jacobi4,1,32,6.699008,6.0E-4
131072,staggered_still,jacobi4,1,33,6.803456,6.0E-4
131072,staggered_still,jacobi4,1,34,6.73792,6.0E-4
131072,staggered_still,jacobi4,1,35,6.742016,7.0E-4
131072,staggered_still,jacobi4,1,36,7.108608,6.0E-4
131072,staggered_still,jacobi4,1,37,6.894592,8.0E-4
131072,staggered_still,jacobi4,1,38,6.903808,7.0E-4
131072,staggered_still,jacobi4,1,39,6.99904,6.0E-4
131072,staggered_still,jacobi4,2,0,5.834752,0.0098
131072,staggered_still,jacobi4,2,1,6.23104,0.002
131072,staggered_still,jacobi4,2,2,5.909504,0.0021
131072,staggered_still,jacobi4,2,3,5.931008,8.0E-4
131072,staggered_still,jacobi4,2,4,5.904384,7.0E-4
131072,staggered_still,jacobi4,2,5,5.90848,7.0E-4
131072,staggered_still,jacobi4,2,6,6.162432,6.0E-4
131072,staggered_still,jacobi4,2,7,6.007808,8.0E-4
131072,staggered_still,jacobi4,2,8,5.951488,7.0E-4
131072,staggered_still,jacobi4,2,9,5.951488,9.0E-4
131072,staggered_still,jacobi4,2,10,5.989376,6.0E-4
131072,staggered_still,jacobi4,2,11,6.039552,7.0E-4
131072,staggered_still,jacobi4,2,12,6.383616,6.0E-4
131072,staggered_still,jacobi4,2,13,6.150144,8.0E-4
131072,staggered_still,jacobi4,2,14,6.141952,7.0E-4
131072,staggered_still,jacobi4,2,15,6.165504,9.0E-4
131072,staggered_still,jacobi4,2,16,6.20032,6.0E-4
131072,staggered_still,jacobi4,2,17,6.503424,6.0E-4
131072,staggered_still,jacobi4,2,18,6.147072,7.0E-4
131072,staggered_still,jacobi4,2,19,6.22592,7.0E-4
131072,staggered_still,jacobi4,2,20,6.293504,8.0E-4
131072,staggered_still,jacobi4,2,21,6.273024,8.0E-4
131072,staggered_still,jacobi4,2,22,6.586368,9.0E-4
131072,staggered_still,jacobi4,2,23,6.44608,7.0E-4
131072,staggered_still,jacobi4,2,24,6.398976,8.0E-4
131072,staggered_still,jacobi4,2,25,6.412288,6.0E-4
131072,staggered_still,jacobi4,2,26,6.445056,8.0E-4
131072,staggered_still,jacobi4,2,27,6.475776,8.0E-4
131072,staggered_still,jacobi4,2,28,6.859776,7.0E-4
131072,staggered_still,jacobi4,2,29,6.559744,6.0E-4
131072,staggered_still,jacobi4,2,30,6.770688,7.0E-4
131072,staggered_still,jacobi4,2,31,6.728704,6.0E-4
131072,staggered_still,jacobi4,2,32,6.7328,7.0E-4
131072,staggered_still,jacobi4,2,33,7.010304,7.0E-4
131072,staggered_still,jacobi4,2,34,7.35744,7.0E-4
131072,staggered_still,jacobi4,2,35,6.885376,6.0E-4
131072,staggered_still,jacobi4,2,36,6.928384,8.0E-4
131072,staggered_still,jacobi4,2,37,7.415808,7.0E-4
131072,staggered_still,jacobi4,2,38,6.888448,8.0E-4
131072,staggered_still,jacobi4,2,39,6.893568,7.0E-4
131072,staggered_still,jacobi4,3,0,6.127616,0.009
131072,staggered_still,jacobi4,3,1,5.933056,0.002
131072,staggered_still,jacobi4,3,2,6.258688,0.002
131072,staggered_still,jacobi4,3,3,6.242304,7.0E-4
131072,staggered_still,jacobi4,3,4,6.003712,8.0E-4
131072,staggered_still,jacobi4,3,5,5.936128,7.0E-4
131072,staggered_still,jacobi4,3,6,5.890048,0.002
131072,staggered_still,jacobi4,3,7,6.22592,7.0E-4
131072,staggered_still,jacobi4,3,8,6.228992,7.0E-4
131072,staggered_still,jacobi4,3,9,5.970944,7.0E-4
131072,staggered_still,jacobi4,3,10,6.28736,7.0E-4
131072,staggered_still,jacobi4,3,11,6.098944,6.0E-4
131072,staggered_still,jacobi4,3,12,6.044672,6.0E-4
131072,staggered_still,jacobi4,3,13,6.294528,8.0E-4
131072,staggered_still,jacobi4,3,14,6.413312,7.0E-4
131072,staggered_still,jacobi4,3,15,6.156288,8.0E-4
131072,staggered_still,jacobi4,3,16,6.198272,6.0E-4
131072,staggered_still,jacobi4,3,17,6.57408,6.0E-4
131072,staggered_still,jacobi4,3,18,6.401024,7.0E-4
131072,staggered_still,jacobi4,3,19,6.243328,8.0E-4
131072,staggered_still,jacobi4,3,20,6.480896,6.0E-4
131072,staggered_still,jacobi4,3,21,6.211584,8.0E-4
131072,staggered_still,jacobi4,3,22,6.214656,8.0E-4
131072,staggered_still,jacobi4,3,23,6.2976,6.0E-4
131072,staggered_still,jacobi4,3,24,6.651904,6.0E-4
131072,staggered_still,jacobi4,3,25,6.387712,7.0E-4
131072,staggered_still,jacobi4,3,26,6.392832,6.0E-4
131072,staggered_still,jacobi4,3,27,6.450176,8.0E-4
131072,staggered_still,jacobi4,3,28,6.836224,7.0E-4
131072,staggered_still,jacobi4,3,29,6.854656,6.0E-4
131072,staggered_still,jacobi4,3,30,6.72256,8.0E-4
131072,staggered_still,jacobi4,3,31,6.616064,7.0E-4
131072,staggered_still,jacobi4,3,32,6.636544,7.0E-4
131072,staggered_still,jacobi4,3,33,6.706176,7.0E-4
131072,staggered_still,jacobi4,3,34,6.970368,6.0E-4
131072,staggered_still,jacobi4,3,35,6.724608,8.0E-4
131072,staggered_still,jacobi4,3,36,6.893568,7.0E-4
131072,staggered_still,jacobi4,3,37,6.884352,6.0E-4
131072,staggered_still,jacobi4,3,38,7.213056,8.0E-4
131072,staggered_still,jacobi4,3,39,7.015424,8.0E-4
131072,staggered_still,jacobi16,1,0,19.492864,0.0112
131072,staggered_still,jacobi16,1,1,19.997696,0.0032
131072,staggered_still,jacobi16,1,2,19.188736,0.0032
131072,staggered_still,jacobi16,1,3,19.31264,0.0031
131072,staggered_still,jacobi16,1,4,19.44064,0.0033
131072,staggered_still,jacobi16,1,5,19.176448,0.0032
131072,staggered_still,jacobi16,1,6,19.433472,0.0031
131072,staggered_still,jacobi16,1,7,19.351552,0.0031
131072,staggered_still,jacobi16,1,8,19.506176,0.0031
131072,staggered_still,jacobi16,1,9,19.045376,0.003
131072,staggered_still,jacobi16,1,10,19.386368,0.0031
131072,staggered_still,jacobi16,1,11,19.720192,0.0031
131072,staggered_still,jacobi16,1,12,19.487744,0.003
131072,staggered_still,jacobi16,1,13,19.643392,0.0029
131072,staggered_still,jacobi16,1,14,19.547136,0.0036
131072,staggered_still,jacobi16,1,15,19.895296,0.003
131072,staggered_still,jacobi16,1,16,20.1216,0.003
131072,staggered_still,jacobi16,1,17,19.956736,0.0031
131072,staggered_still,jacobi16,1,18,20.355072,0.0032
131072,staggered_still,jacobi16,1,19,20.345856,0.003
131072,staggered_still,jacobi16,1,20,20.862976,0.003
131072,staggered_still,jacobi16,1,21,20.745216,0.003
131072,staggered_still,jacobi16,1,22,20.535296,0.003
131072,staggered_still,jacobi16,1,23,20.916224,0.003
131072,staggered_still,jacobi16,1,24,20.570112,0.0048
131072,staggered_still,jacobi16,1,25,20.550656,0.0031
131072,staggered_still,jacobi16,1,26,20.624384,0.003
131072,staggered_still,jacobi16,1,27,20.576256,0.003
131072,staggered_still,jacobi16,1,28,20.850688,0.0031
131072,staggered_still,jacobi16,1,29,20.85888,0.0031
131072,staggered_still,jacobi16,1,30,20.576256,0.0031
131072,staggered_still,jacobi16,1,31,20.820992,0.0039
131072,staggered_still,jacobi16,1,32,20.568064,0.0032
131072,staggered_still,jacobi16,1,33,21.042176,0.0039
131072,staggered_still,jacobi16,1,34,21.256192,0.0031
131072,staggered_still,jacobi16,1,35,21.087232,0.0036
131072,staggered_still,jacobi16,1,36,21.517312,0.0031
131072,staggered_still,jacobi16,1,37,21.686272,0.0034
131072,staggered_still,jacobi16,1,38,21.484544,0.0032
131072,staggered_still,jacobi16,1,39,21.771264,0.0032
131072,staggered_still,jacobi16,2,0,19.22048,0.0114
131072,staggered_still,jacobi16,2,1,19.761152,0.0032
131072,staggered_still,jacobi16,2,2,19.570688,0.003
131072,staggered_still,jacobi16,2,3,19.352576,0.0031
131072,staggered_still,jacobi16,2,4,19.674112,0.0031
131072,staggered_still,jacobi16,2,5,19.438592,0.003
131072,staggered_still,jacobi16,2,6,19.586048,0.003
131072,staggered_still,jacobi16,2,7,19.51232,0.0031
131072,staggered_still,jacobi16,2,8,19.613696,0.003
131072,staggered_still,jacobi16,2,9,19.259392,0.0031
131072,staggered_still,jacobi16,2,10,19.139584,0.0031
131072,staggered_still,jacobi16,2,11,19.572736,0.003
131072,staggered_still,jacobi16,2,12,19.367936,0.003
131072,staggered_still,jacobi16,2,13,19.647488,0.003
131072,staggered_still,jacobi16,2,14,19.643392,0.003
131072,staggered_still,jacobi16,2,15,19.649536,0.0031
131072,staggered_still,jacobi16,2,16,19.866624,0.0031
131072,staggered_still,jacobi16,2,17,19.88096,0.003
131072,staggered_still,jacobi16,2,18,20.268032,0.003
131072,staggered_still,jacobi16,2,19,20.29056,0.0032
131072,staggered_still,jacobi16,2,20,20.39296,0.0031
131072,staggered_still,jacobi16,2,21,20.60288,0.0031
131072,staggered_still,jacobi16,2,22,20.313088,0.0031
131072,staggered_still,jacobi16,2,23,20.731904,0.0034
131072,staggered_still,jacobi16,2,24,20.770816,0.0031
131072,staggered_still,jacobi16,2,25,20.34688,0.0033
131072,staggered_still,jacobi16,2,26,20.653056,0.003
131072,staggered_still,jacobi16,2,27,20.570112,0.0065
131072,staggered_still,jacobi16,2,28,20.974592,0.0036
131072,staggered_still,jacobi16,2,29,20.861952,0.003
131072,staggered_still,jacobi16,2,30,20.609024,0.0032
131072,staggered_still,jacobi16,2,31,20.813824,0.0033
131072,staggered_still,jacobi16,2,32,20.788224,0.0031
131072,staggered_still,jacobi16,2,33,20.774912,0.003
131072,staggered_still,jacobi16,2,34,21.505024,0.003
131072,staggered_still,jacobi16,2,35,21.341184,0.003
131072,staggered_still,jacobi16,2,36,21.669888,0.003
131072,staggered_still,jacobi16,2,37,21.791744,0.003
131072,staggered_still,jacobi16,2,38,21.67808,0.003
131072,staggered_still,jacobi16,2,39,21.849088,0.0031
131072,staggered_still,jacobi16,3,0,19.695616,0.0128
131072,staggered_still,jacobi16,3,1,19.733504,0.0048
131072,staggered_still,jacobi16,3,2,19.65568,0.0046
131072,staggered_still,jacobi16,3,3,19.366912,0.0046
131072,staggered_still,jacobi16,3,4,19.698688,0.0046
131072,staggered_still,jacobi16,3,5,19.388416,0.0046
131072,staggered_still,jacobi16,3,6,19.856384,0.0049
131072,staggered_still,jacobi16,3,7,19.65568,0.0046
131072,staggered_still,jacobi16,3,8,19.229696,0.0046
131072,staggered_still,jacobi16,3,9,19.237888,0.0047
131072,staggered_still,jacobi16,3,10,19.120128,0.0048
131072,staggered_still,jacobi16,3,11,19.59424,0.003
131072,staggered_still,jacobi16,3,12,19.723264,0.0033
131072,staggered_still,jacobi16,3,13,19.480576,0.0032
131072,staggered_still,jacobi16,3,14,19.753984,0.0032
131072,staggered_still,jacobi16,3,15,19.757056,0.0031
131072,staggered_still,jacobi16,3,16,19.984384,0.0031
131072,staggered_still,jacobi16,3,17,20.153344,0.0031
131072,staggered_still,jacobi16,3,18,20.074496,0.003
131072,staggered_still,jacobi16,3,19,20.432896,0.0031
131072,staggered_still,jacobi16,3,20,20.436992,0.0036
131072,staggered_still,jacobi16,3,21,20.676608,0.003
131072,staggered_still,jacobi16,3,22,20.598784,0.0031
131072,staggered_still,jacobi16,3,23,20.388864,0.003
131072,staggered_still,jacobi16,3,24,20.566016,0.003
131072,staggered_still,jacobi16,3,25,20.529152,0.0031
131072,staggered_still,jacobi16,3,26,20.304896,0.0031
131072,staggered_still,jacobi16,3,27,20.781056,0.0033
131072,staggered_still,jacobi16,3,28,20.663296,0.0031
131072,staggered_still,jacobi16,3,29,20.84352,0.0033
131072,staggered_still,jacobi16,3,30,20.808704,0.0033
131072,staggered_still,jacobi16,3,31,20.612096,0.003
131072,staggered_still,jacobi16,3,32,20.813824,0.0032
131072,staggered_still,jacobi16,3,33,21.015552,0.0032
131072,staggered_still,jacobi16,3,34,21.259264,0.0032
131072,staggered_still,jacobi16,3,35,21.292032,0.0031
131072,staggered_still,jacobi16,3,36,21.280768,0.0031
131072,staggered_still,jacobi16,3,37,21.740544,0.0032
131072,staggered_still,jacobi16,3,38,21.798912,0.0032
131072,staggered_still,jacobi16,3,39,21.501952,0.0032
131072,staggered_still,support4,1,0,5.292032,0.0137
131072,staggered_still,support4,1,1,5.251072,0.0031
131072,staggered_still,support4,1,2,5.231616,0.0031
131072,staggered_still,support4,1,3,5.27872,0.0031
131072,staggered_still,support4,1,4,5.287936,0.003
131072,staggered_still,support4,1,5,5.235712,0.003
131072,staggered_still,support4,1,6,5.486592,0.0032
131072,staggered_still,support4,1,7,5.219328,0.003
131072,staggered_still,support4,1,8,5.199872,0.003
131072,staggered_still,support4,1,9,5.224448,0.0031
131072,staggered_still,support4,1,10,5.175296,0.003
131072,staggered_still,support4,1,11,5.224448,0.0032
131072,staggered_still,support4,1,12,5.439488,0.003
131072,staggered_still,support4,1,13,5.220352,0.003
131072,staggered_still,support4,1,14,5.254144,0.003
131072,staggered_still,support4,1,15,5.220352,0.003
131072,staggered_still,support4,1,16,5.223424,0.0031
131072,staggered_still,support4,1,17,5.256192,0.0032
131072,staggered_still,support4,1,18,5.415936,0.003
131072,staggered_still,support4,1,19,5.30944,0.003
131072,staggered_still,support4,1,20,5.296128,0.0031
131072,staggered_still,support4,1,21,5.287936,0.003
131072,staggered_still,support4,1,22,5.28384,0.0032
131072,staggered_still,support4,1,23,5.28896,0.0032
131072,staggered_still,support4,1,24,5.285888,0.003
131072,staggered_still,support4,1,25,5.48864,0.003
131072,staggered_still,support4,1,26,5.259264,0.003
131072,staggered_still,support4,1,27,5.249024,0.003
131072,staggered_still,support4,1,28,5.264384,0.003
131072,staggered_still,support4,1,29,5.20192,0.003
131072,staggered_still,support4,1,30,5.29408,0.0029
131072,staggered_still,support4,1,31,5.51424,0.003
131072,staggered_still,support4,1,32,5.23776,0.003
131072,staggered_still,support4,1,33,5.265408,0.0032
131072,staggered_still,support4,1,34,5.269504,0.003
131072,staggered_still,support4,1,35,5.264384,0.0031
131072,staggered_still,support4,1,36,5.2992,0.0032
131072,staggered_still,support4,1,37,5.431296,0.003
131072,staggered_still,support4,1,38,5.274624,0.003
131072,staggered_still,support4,1,39,5.27872,0.003
131072,staggered_still,support4,2,0,5.295104,0.0118
131072,staggered_still,support4,2,1,5.266432,0.003
131072,staggered_still,support4,2,2,5.221376,0.0033
131072,staggered_still,support4,2,3,5.414912,0.0053
131072,staggered_still,support4,2,4,5.265408,0.003
131072,staggered_still,support4,2,5,5.246976,0.003
131072,staggered_still,support4,2,6,5.234688,0.003
131072,staggered_still,support4,2,7,5.251072,0.0033
131072,staggered_still,support4,2,8,5.430272,0.003
131072,staggered_still,support4,2,9,5.438464,0.0031
131072,staggered_still,support4,2,10,5.248,0.003
131072,staggered_still,support4,2,11,5.305344,0.003
131072,staggered_still,support4,2,12,5.259264,0.0033
131072,staggered_still,support4,2,13,5.254144,0.003
131072,staggered_still,support4,2,14,5.286912,0.003
131072,staggered_still,support4,2,15,5.231616,0.0032
131072,staggered_still,support4,2,16,5.410816,0.003
131072,staggered_still,support4,2,17,5.22752,0.003
131072,staggered_still,support4,2,18,5.239808,0.003
131072,staggered_still,support4,2,19,5.270528,0.003
131072,staggered_still,support4,2,20,5.262336,0.0031
131072,staggered_still,support4,2,21,5.245952,0.0031
131072,staggered_still,support4,2,22,5.450752,0.003
131072,staggered_still,support4,2,23,5.25824,0.0031
131072,staggered_still,support4,2,24,5.26336,0.003
131072,staggered_still,support4,2,25,5.301248,0.0031
131072,staggered_still,support4,2,26,5.326848,0.003
131072,staggered_still,support4,2,27,5.331968,0.0031
131072,staggered_still,support4,2,28,5.563392,0.0034
131072,staggered_still,support4,2,29,5.332992,0.003
131072,staggered_still,support4,2,30,5.379072,0.0029
131072,staggered_still,support4,2,31,5.348352,0.003
131072,staggered_still,support4,2,32,5.296128,0.003
131072,staggered_still,support4,2,33,5.322752,0.003
131072,staggered_still,support4,2,34,5.50912,0.0032
131072,staggered_still,support4,2,35,5.28384,0.0031
131072,staggered_still,support4,2,36,5.257216,0.0031
131072,staggered_still,support4,2,37,5.255168,0.0031
131072,staggered_still,support4,2,38,5.260288,0.003
131072,staggered_still,support4,2,39,5.256192,0.003
131072,staggered_still,support4,3,0,5.476352,0.013
131072,staggered_still,support4,3,1,5.248,0.0031
131072,staggered_still,support4,3,2,5.240832,0.003
131072,staggered_still,support4,3,3,5.262336,0.0032
131072,staggered_still,support4,3,4,5.266432,0.0029
131072,staggered_still,support4,3,5,5.2736,0.003
131072,staggered_still,support4,3,6,5.523456,0.0032
131072,staggered_still,support4,3,7,5.29408,0.0031
131072,staggered_still,support4,3,8,5.193728,0.003
131072,staggered_still,support4,3,9,5.250048,0.0031
131072,staggered_still,support4,3,10,5.250048,0.003
131072,staggered_still,support4,3,11,5.313536,0.0031
131072,staggered_still,support4,3,12,5.234688,0.0074
131072,staggered_still,support4,3,13,5.441536,0.0032
131072,staggered_still,support4,3,14,5.2224,0.0033
131072,staggered_still,support4,3,15,5.226496,0.0031
131072,staggered_still,support4,3,16,5.230592,0.003
131072,staggered_still,support4,3,17,5.230592,0.0032
131072,staggered_still,support4,3,18,5.221376,0.0069
131072,staggered_still,support4,3,19,5.51424,0.0031
131072,staggered_still,support4,3,20,5.311488,0.0034
131072,staggered_still,support4,3,21,5.271552,0.0033
131072,staggered_still,support4,3,22,5.257216,0.0031
131072,staggered_still,support4,3,23,5.257216,0.003
131072,staggered_still,support4,3,24,5.243904,0.003
131072,staggered_still,support4,3,25,5.482496,0.0032
131072,staggered_still,support4,3,26,5.343232,0.003
131072,staggered_still,support4,3,27,5.3248,0.0031
131072,staggered_still,support4,3,28,5.352448,0.003
131072,staggered_still,support4,3,29,5.289984,0.003
131072,staggered_still,support4,3,30,5.336064,0.0031
131072,staggered_still,support4,3,31,5.325824,0.0031
131072,staggered_still,support4,3,32,5.469184,0.003
131072,staggered_still,support4,3,33,5.28384,0.0031
131072,staggered_still,support4,3,34,5.281792,0.0034
131072,staggered_still,support4,3,35,5.305344,0.003
131072,staggered_still,support4,3,36,5.289984,0.0031
131072,staggered_still,support4,3,37,5.262336,0.003
131072,staggered_still,support4,3,38,5.525504,0.003
131072,staggered_still,support4,3,39,5.28896,0.003
131072,staggered_driven,jacobi4,1,0,6.243328,0.0257
131072,staggered_driven,jacobi4,1,1,6.232064,0.0027
131072,staggered_driven,jacobi4,1,2,6.352896,0.0128
131072,staggered_driven,jacobi4,1,3,6.148096,0.003
131072,staggered_driven,jacobi4,1,4,6.122496,0.0027
131072,staggered_driven,jacobi4,1,5,6.093824,0.0027
131072,staggered_driven,jacobi4,1,6,6.05696,0.0022
131072,staggered_driven,jacobi4,1,7,6.306816,0.0022
131072,staggered_driven,jacobi4,1,8,6.187008,0.0023
131072,staggered_driven,jacobi4,1,9,6.136832,0.0027
131072,staggered_driven,jacobi4,1,10,6.21568,0.0025
131072,staggered_driven,jacobi4,1,11,6.218752,0.0025
131072,staggered_driven,jacobi4,1,12,6.322176,0.0026
131072,staggered_driven,jacobi4,1,13,6.685696,0.0025
131072,staggered_driven,jacobi4,1,14,6.710272,0.0026
131072,staggered_driven,jacobi4,1,15,6.370304,0.0029
131072,staggered_driven,jacobi4,1,16,6.381568,0.0022
131072,staggered_driven,jacobi4,1,17,6.437888,0.0025
131072,staggered_driven,jacobi4,1,18,6.634496,0.0029
131072,staggered_driven,jacobi4,1,19,6.409216,0.0027
131072,staggered_driven,jacobi4,1,20,6.506496,0.0025
131072,staggered_driven,jacobi4,1,21,6.486016,0.0025
131072,staggered_driven,jacobi4,1,22,6.484992,0.0022
131072,staggered_driven,jacobi4,1,23,6.822912,0.0021
131072,staggered_driven,jacobi4,1,24,6.668288,0.0031
131072,staggered_driven,jacobi4,1,25,6.634496,0.0026
131072,staggered_driven,jacobi4,1,26,6.849536,0.0025
131072,staggered_driven,jacobi4,1,27,7.190528,0.0023
131072,staggered_driven,jacobi4,1,28,7.013376,0.0025
131072,staggered_driven,jacobi4,1,29,6.980608,0.0023
131072,staggered_driven,jacobi4,1,30,7.048192,0.0025
131072,staggered_driven,jacobi4,1,31,7.149568,0.0025
131072,staggered_driven,jacobi4,1,32,7.266304,0.0027
131072,staggered_driven,jacobi4,1,33,6.995968,0.0021
131072,staggered_driven,jacobi4,1,34,6.984704,0.0022
131072,staggered_driven,jacobi4,1,35,6.980608,0.0022
131072,staggered_driven,jacobi4,1,36,7.069696,0.0024
131072,staggered_driven,jacobi4,1,37,7.426048,0.0021
131072,staggered_driven,jacobi4,1,38,7.181312,0.0022
131072,staggered_driven,jacobi4,1,39,7.135232,0.0026
131072,staggered_driven,jacobi4,2,0,6.484992,0.0302
131072,staggered_driven,jacobi4,2,1,6.166528,0.0098
131072,staggered_driven,jacobi4,2,2,6.091776,0.0031
131072,staggered_driven,jacobi4,2,3,6.066176,0.0027
131072,staggered_driven,jacobi4,2,4,6.178816,0.003
131072,staggered_driven,jacobi4,2,5,6.38976,0.0029
131072,staggered_driven,jacobi4,2,6,6.17472,0.0027
131072,staggered_driven,jacobi4,2,7,6.831104,0.0028
131072,staggered_driven,jacobi4,2,8,6.176768,0.0029
131072,staggered_driven,jacobi4,2,9,6.176768,0.0025
131072,staggered_driven,jacobi4,2,10,6.870016,0.0026
131072,staggered_driven,jacobi4,2,11,6.385664,0.0022
131072,staggered_driven,jacobi4,2,12,6.354944,0.0021
131072,staggered_driven,jacobi4,2,13,6.82496,0.0023
131072,staggered_driven,jacobi4,2,14,6.462464,0.0023
131072,staggered_driven,jacobi4,2,15,6.725632,0.0022
131072,staggered_driven,jacobi4,2,16,6.756352,0.0025
131072,staggered_driven,jacobi4,2,17,6.449152,0.0025
131072,staggered_driven,jacobi4,2,18,6.49216,0.0028
131072,staggered_driven,jacobi4,2,19,6.653952,0.0026
131072,staggered_driven,jacobi4,2,20,6.459392,0.0027
131072,staggered_driven,jacobi4,2,21,6.653952,0.0025
131072,staggered_driven,jacobi4,2,22,6.605824,0.0025
131072,staggered_driven,jacobi4,2,23,6.559744,0.0022
131072,staggered_driven,jacobi4,2,24,6.521856,0.0026
131072,staggered_driven,jacobi4,2,25,6.597632,0.0052
131072,staggered_driven,jacobi4,2,26,7.123968,0.003
131072,staggered_driven,jacobi4,2,27,6.930432,0.0026
131072,staggered_driven,jacobi4,2,28,6.980608,0.0027
131072,staggered_driven,jacobi4,2,29,7.150592,0.003
131072,staggered_driven,jacobi4,2,30,7.216128,0.0027
131072,staggered_driven,jacobi4,2,31,7.057408,0.0025
131072,staggered_driven,jacobi4,2,32,7.281664,0.0026
131072,staggered_driven,jacobi4,2,33,6.95296,0.0045
131072,staggered_driven,jacobi4,2,34,7.08096,0.0025
131072,staggered_driven,jacobi4,2,35,7.187456,0.0023
131072,staggered_driven,jacobi4,2,36,6.946816,0.0026
131072,staggered_driven,jacobi4,2,37,7.320576,0.0022
131072,staggered_driven,jacobi4,2,38,7.030784,0.0025
131072,staggered_driven,jacobi4,2,39,6.980608,0.0027
131072,staggered_driven,jacobi4,3,0,6.209536,0.0302
131072,staggered_driven,jacobi4,3,1,6.25664,0.0088
131072,staggered_driven,jacobi4,3,2,6.11328,0.0093
131072,staggered_driven,jacobi4,3,3,6.396928,0.0029
131072,staggered_driven,jacobi4,3,4,6.086656,0.0025
131072,staggered_driven,jacobi4,3,5,6.038528,0.0022
131072,staggered_driven,jacobi4,3,6,6.114304,0.0025
131072,staggered_driven,jacobi4,3,7,6.15936,0.0025
131072,staggered_driven,jacobi4,3,8,6.235136,0.0022
131072,staggered_driven,jacobi4,3,9,6.488064,0.0021
131072,staggered_driven,jacobi4,3,10,6.248448,0.0022
131072,staggered_driven,jacobi4,3,11,6.309888,0.0021
131072,staggered_driven,jacobi4,3,12,6.40512,0.0022
131072,staggered_driven,jacobi4,3,13,6.503424,0.0026
131072,staggered_driven,jacobi4,3,14,6.734848,0.0029
131072,staggered_driven,jacobi4,3,15,6.484992,0.0027
131072,staggered_driven,jacobi4,3,16,6.444032,0.0026
131072,staggered_driven,jacobi4,3,17,6.482944,0.0025
131072,staggered_driven,jacobi4,3,18,6.445056,0.0026
131072,staggered_driven,jacobi4,3,19,6.709248,0.0025
131072,staggered_driven,jacobi4,3,20,6.535168,0.0025
131072,staggered_driven,jacobi4,3,21,6.462464,0.0025
131072,staggered_driven,jacobi4,3,22,6.437888,0.0029
131072,staggered_driven,jacobi4,3,23,6.51776,0.0027
131072,staggered_driven,jacobi4,3,24,6.8096,0.0022
131072,staggered_driven,jacobi4,3,25,6.622208,0.0022
131072,staggered_driven,jacobi4,3,26,6.818816,0.0025
131072,staggered_driven,jacobi4,3,27,6.987776,0.0025
131072,staggered_driven,jacobi4,3,28,7.000064,0.0026
131072,staggered_driven,jacobi4,3,29,7.1936,0.0022
131072,staggered_driven,jacobi4,3,30,7.005184,0.0026
131072,staggered_driven,jacobi4,3,31,7.057408,0.0025
131072,staggered_driven,jacobi4,3,32,6.964224,0.0024
131072,staggered_driven,jacobi4,3,33,6.996992,0.0025
131072,staggered_driven,jacobi4,3,34,7.300096,0.0026
131072,staggered_driven,jacobi4,3,35,7.006208,0.0025
131072,staggered_driven,jacobi4,3,36,7.046144,0.0022
131072,staggered_driven,jacobi4,3,37,7.12192,0.0022
131072,staggered_driven,jacobi4,3,38,7.366656,0.0026
131072,staggered_driven,jacobi4,3,39,7.161856,0.0027
131072,staggered_driven,jacobi16,1,0,19.111936,0.0335
131072,staggered_driven,jacobi16,1,1,19.47136,0.0111
131072,staggered_driven,jacobi16,1,2,19.698688,0.0107
131072,staggered_driven,jacobi16,1,3,19.401728,0.0095
131072,staggered_driven,jacobi16,1,4,19.574784,0.0104
131072,staggered_driven,jacobi16,1,5,19.794944,0.0104
131072,staggered_driven,jacobi16,1,6,19.504128,0.0103
131072,staggered_driven,jacobi16,1,7,19.715072,0.0103
131072,staggered_driven,jacobi16,1,8,19.593216,0.0104
131072,staggered_driven,jacobi16,1,9,19.958784,0.0104
131072,staggered_driven,jacobi16,1,10,19.489792,0.0111
131072,staggered_driven,jacobi16,1,11,19.705856,0.0104
131072,staggered_driven,jacobi16,1,12,19.926016,0.01
131072,staggered_driven,jacobi16,1,13,19.873792,0.0104
131072,staggered_driven,jacobi16,1,14,19.991552,0.0104
131072,staggered_driven,jacobi16,1,15,19.85024,0.0107
131072,staggered_driven,jacobi16,1,16,20.224,0.0104
131072,staggered_driven,jacobi16,1,17,20.2752,0.01
131072,staggered_driven,jacobi16,1,18,20.248576,0.0104
131072,staggered_driven,jacobi16,1,19,20.438016,0.0122
131072,staggered_driven,jacobi16,1,20,20.442112,0.012
131072,staggered_driven,jacobi16,1,21,20.691968,0.0104
131072,staggered_driven,jacobi16,1,22,21.129216,0.0104
131072,staggered_driven,jacobi16,1,23,20.8128,0.0102
131072,staggered_driven,jacobi16,1,24,21.174272,0.0103
131072,staggered_driven,jacobi16,1,25,21.17632,0.01
131072,staggered_driven,jacobi16,1,26,20.841472,0.0104
131072,staggered_driven,jacobi16,1,27,21.003264,0.0104
131072,staggered_driven,jacobi16,1,28,21.07392,0.0102
131072,staggered_driven,jacobi16,1,29,21.101568,0.0103
131072,staggered_driven,jacobi16,1,30,21.203968,0.0104
131072,staggered_driven,jacobi16,1,31,20.947968,0.0103
131072,staggered_driven,jacobi16,1,32,21.074944,0.0104
131072,staggered_driven,jacobi16,1,33,21.045248,0.0105
131072,staggered_driven,jacobi16,1,34,20.959232,0.0112
131072,staggered_driven,jacobi16,1,35,21.255168,0.0105
131072,staggered_driven,jacobi16,1,36,21.415936,0.0104
131072,staggered_driven,jacobi16,1,37,21.376,0.0103
131072,staggered_driven,jacobi16,1,38,21.907456,0.01
131072,staggered_driven,jacobi16,1,39,21.619712,0.0103
131072,staggered_driven,jacobi16,2,0,19.2768,0.0337
131072,staggered_driven,jacobi16,2,1,19.412992,0.0113
131072,staggered_driven,jacobi16,2,2,19.54816,0.0107
131072,staggered_driven,jacobi16,2,3,19.979264,0.0104
131072,staggered_driven,jacobi16,2,4,19.977216,0.0104
131072,staggered_driven,jacobi16,2,5,19.595264,0.0105
131072,staggered_driven,jacobi16,2,6,19.704832,0.0107
131072,staggered_driven,jacobi16,2,7,19.417088,0.0103
131072,staggered_driven,jacobi16,2,8,19.767296,0.0104
131072,staggered_driven,jacobi16,2,9,19.95776,0.0103
131072,staggered_driven,jacobi16,2,10,19.424256,0.0104
131072,staggered_driven,jacobi16,2,11,19.552256,0.0102
131072,staggered_driven,jacobi16,2,12,19.606528,0.0104
131072,staggered_driven,jacobi16,2,13,20.130816,0.0135
131072,staggered_driven,jacobi16,2,14,20.001792,0.0108
131072,staggered_driven,jacobi16,2,15,19.597312,0.0104
131072,staggered_driven,jacobi16,2,16,20.054016,0.0104
131072,staggered_driven,jacobi16,2,17,19.931136,0.0171
131072,staggered_driven,jacobi16,2,18,20.363264,0.0103
131072,staggered_driven,jacobi16,2,19,20.462592,0.0102
131072,staggered_driven,jacobi16,2,20,20.230144,0.0104
131072,staggered_driven,jacobi16,2,21,20.64896,0.01
131072,staggered_driven,jacobi16,2,22,20.80768,0.0099
131072,staggered_driven,jacobi16,2,23,21.036032,0.0104
131072,staggered_driven,jacobi16,2,24,21.085184,0.0107
131072,staggered_driven,jacobi16,2,25,20.901888,0.01
131072,staggered_driven,jacobi16,2,26,20.968448,0.0104
131072,staggered_driven,jacobi16,2,27,20.939776,0.0104
131072,staggered_driven,jacobi16,2,28,20.847616,0.01
131072,staggered_driven,jacobi16,2,29,21.615616,0.0104
131072,staggered_driven,jacobi16,2,30,21.446656,0.0103
131072,staggered_driven,jacobi16,2,31,21.096448,0.0104
131072,staggered_driven,jacobi16,2,32,21.24288,0.0106
131072,staggered_driven,jacobi16,2,33,21.489664,0.01
131072,staggered_driven,jacobi16,2,34,21.188608,0.0108
131072,staggered_driven,jacobi16,2,35,21.527552,0.0103
131072,staggered_driven,jacobi16,2,36,21.330944,0.0107
131072,staggered_driven,jacobi16,2,37,21.779456,0.0107
131072,staggered_driven,jacobi16,2,38,21.829632,0.0101
131072,staggered_driven,jacobi16,2,39,21.822464,0.0103
131072,staggered_driven,jacobi16,3,0,19.096576,0.0333
131072,staggered_driven,jacobi16,3,1,19.452928,0.0103
131072,staggered_driven,jacobi16,3,2,19.482624,0.0102
131072,staggered_driven,jacobi16,3,3,19.71712,0.01
131072,staggered_driven,jacobi16,3,4,19.636224,0.0101
131072,staggered_driven,jacobi16,3,5,19.605504,0.0105
131072,staggered_driven,jacobi16,3,6,19.78368,0.0101
131072,staggered_driven,jacobi16,3,7,19.520512,0.0104
131072,staggered_driven,jacobi16,3,8,19.807232,0.0101
131072,staggered_driven,jacobi16,3,9,20.091904,0.01
131072,staggered_driven,jacobi16,3,10,19.58912,0.01
131072,staggered_driven,jacobi16,3,11,19.675136,0.0171
131072,staggered_driven,jacobi16,3,12,19.638272,0.01
131072,staggered_driven,jacobi16,3,13,20.06528,0.0096
131072,staggered_driven,jacobi16,3,14,20.064256,0.0102
131072,staggered_driven,jacobi16,3,15,19.792896,0.0101
131072,staggered_driven,jacobi16,3,16,20.206592,0.0096
131072,staggered_driven,jacobi16,3,17,20.0192,0.0097
131072,staggered_driven,jacobi16,3,18,20.772864,0.0098
131072,staggered_driven,jacobi16,3,19,20.532224,0.01
131072,staggered_driven,jacobi16,3,20,20.248576,0.0096
131072,staggered_driven,jacobi16,3,21,20.796416,0.01
131072,staggered_driven,jacobi16,3,22,20.851712,0.0099
131072,staggered_driven,jacobi16,3,23,21.10976,0.0103
131072,staggered_driven,jacobi16,3,24,21.209088,0.01
131072,staggered_driven,jacobi16,3,25,20.9152,0.01
131072,staggered_driven,jacobi16,3,26,21.000192,0.0101
131072,staggered_driven,jacobi16,3,27,20.919296,0.0096
131072,staggered_driven,jacobi16,3,28,20.965376,0.0101
131072,staggered_driven,jacobi16,3,29,21.189632,0.01
131072,staggered_driven,jacobi16,3,30,21.001216,0.0097
131072,staggered_driven,jacobi16,3,31,21.15584,0.0097
131072,staggered_driven,jacobi16,3,32,21.197824,0.0098
131072,staggered_driven,jacobi16,3,33,20.999168,0.0097
131072,staggered_driven,jacobi16,3,34,21.146624,0.0097
131072,staggered_driven,jacobi16,3,35,21.275648,0.0097
131072,staggered_driven,jacobi16,3,36,21.154816,0.01
131072,staggered_driven,jacobi16,3,37,21.584896,0.0096
131072,staggered_driven,jacobi16,3,38,21.85728,0.0097
131072,staggered_driven,jacobi16,3,39,21.577728,0.0101
131072,staggered_driven,support4,1,0,5.458944,0.0308
131072,staggered_driven,support4,1,1,5.397504,0.0104
131072,staggered_driven,support4,1,2,5.419008,0.0101
131072,staggered_driven,support4,1,3,5.441536,0.0104
131072,staggered_driven,support4,1,4,5.597184,0.01
131072,staggered_driven,support4,1,5,5.395456,0.01
131072,staggered_driven,support4,1,6,5.384192,0.0103
131072,staggered_driven,support4,1,7,5.403648,0.0101
131072,staggered_driven,support4,1,8,5.371904,0.01
131072,staggered_driven,support4,1,9,5.362688,0.0101
131072,staggered_driven,support4,1,10,5.424128,0.0101
131072,staggered_driven,support4,1,11,5.660672,0.01
131072,staggered_driven,support4,1,12,5.384192,0.0104
131072,staggered_driven,support4,1,13,5.482496,0.0097
131072,staggered_driven,support4,1,14,5.414912,0.0101
131072,staggered_driven,support4,1,15,5.408768,0.0102
131072,staggered_driven,support4,1,16,5.420032,0.0104
131072,staggered_driven,support4,1,17,5.685248,0.0101
131072,staggered_driven,support4,1,18,5.429248,0.01
131072,staggered_driven,support4,1,19,5.410816,0.0104
131072,staggered_driven,support4,1,20,5.4272,0.0101
131072,staggered_driven,support4,1,21,5.417984,0.0101
131072,staggered_driven,support4,1,22,5.398528,0.0104
131072,staggered_driven,support4,1,23,5.624832,0.0101
131072,staggered_driven,support4,1,24,5.41696,0.0103
131072,staggered_driven,support4,1,25,5.429248,0.012
131072,staggered_driven,support4,1,26,5.518336,0.0101
131072,staggered_driven,support4,1,27,5.445632,0.0101
131072,staggered_driven,support4,1,28,5.438464,0.0101
131072,staggered_driven,support4,1,29,5.68832,0.0101
131072,staggered_driven,support4,1,30,5.465088,0.01
131072,staggered_driven,support4,1,31,5.494784,0.01
131072,staggered_driven,support4,1,32,5.490688,0.01
131072,staggered_driven,support4,1,33,5.496832,0.0101
131072,staggered_driven,support4,1,34,5.424128,0.01
131072,staggered_driven,support4,1,35,5.658624,0.0101
131072,staggered_driven,support4,1,36,5.44768,0.0097
131072,staggered_driven,support4,1,37,5.419008,0.0101
131072,staggered_driven,support4,1,38,5.482496,0.0104
131072,staggered_driven,support4,1,39,5.426176,0.01
131072,staggered_driven,support4,2,0,5.481472,0.0318
131072,staggered_driven,support4,2,1,5.464064,0.0115
131072,staggered_driven,support4,2,2,5.414912,0.0112
131072,staggered_driven,support4,2,3,5.395456,0.0105
131072,staggered_driven,support4,2,4,5.343232,0.0109
131072,staggered_driven,support4,2,5,5.584896,0.0104
131072,staggered_driven,support4,2,6,5.389312,0.0101
131072,staggered_driven,support4,2,7,5.410816,0.0105
131072,staggered_driven,support4,2,8,5.444608,0.0101
131072,staggered_driven,support4,2,9,5.40672,0.0105
131072,staggered_driven,support4,2,10,5.38624,0.0105
131072,staggered_driven,support4,2,11,5.6576,0.0114
131072,staggered_driven,support4,2,12,5.441536,0.0123
131072,staggered_driven,support4,2,13,5.419008,0.0102
131072,staggered_driven,support4,2,14,5.443584,0.0101
131072,staggered_driven,support4,2,15,5.41184,0.0098
131072,staggered_driven,support4,2,16,5.438464,0.0102
131072,staggered_driven,support4,2,17,5.634048,0.0099
131072,staggered_driven,support4,2,18,5.506048,0.0106
131072,staggered_driven,support4,2,19,5.43232,0.0105
131072,staggered_driven,support4,2,20,5.475328,0.01
131072,staggered_driven,support4,2,21,5.4784,0.0102
131072,staggered_driven,support4,2,22,5.477376,0.0101
131072,staggered_driven,support4,2,23,5.46816,0.0105
131072,staggered_driven,support4,2,24,5.8624,0.0101
131072,staggered_driven,support4,2,25,5.553152,0.0102
131072,staggered_driven,support4,2,26,5.518336,0.0104
131072,staggered_driven,support4,2,27,5.595136,0.0101
131072,staggered_driven,support4,2,28,5.530624,0.0102
131072,staggered_driven,support4,2,29,5.501952,0.0103
131072,staggered_driven,support4,2,30,5.844992,0.0106
131072,staggered_driven,support4,2,31,5.527552,0.0107
131072,staggered_driven,support4,2,32,5.512192,0.0101
131072,staggered_driven,support4,2,33,5.5552,0.0101
131072,staggered_driven,support4,2,34,5.512192,0.0105
131072,staggered_driven,support4,2,35,5.449728,0.0099
131072,staggered_driven,support4,2,36,5.745664,0.0105
131072,staggered_driven,support4,2,37,5.451776,0.0108
131072,staggered_driven,support4,2,38,5.48352,0.0101
131072,staggered_driven,support4,2,39,5.474304,0.0101
131072,staggered_driven,support4,3,0,5.737472,0.0332
131072,staggered_driven,support4,3,1,5.38624,0.0106
131072,staggered_driven,support4,3,2,5.398528,0.0106
131072,staggered_driven,support4,3,3,5.394432,0.0105
131072,staggered_driven,support4,3,4,5.380096,0.0101
131072,staggered_driven,support4,3,5,5.38624,0.0101
131072,staggered_driven,support4,3,6,5.619712,0.0103
131072,staggered_driven,support4,3,7,5.439488,0.0102
131072,staggered_driven,support4,3,8,5.436416,0.0101
131072,staggered_driven,support4,3,9,5.415936,0.0098
131072,staggered_driven,support4,3,10,5.383168,0.0101
131072,staggered_driven,support4,3,11,5.393408,0.01
131072,staggered_driven,support4,3,12,5.681152,0.0101
131072,staggered_driven,support4,3,13,5.420032,0.0102
131072,staggered_driven,support4,3,14,5.433344,0.0105
131072,staggered_driven,support4,3,15,5.379072,0.0111
131072,staggered_driven,support4,3,16,5.440512,0.0106
131072,staggered_driven,support4,3,17,5.453824,0.0109
131072,staggered_driven,support4,3,18,5.654528,0.0101
131072,staggered_driven,support4,3,19,5.45792,0.0106
131072,staggered_driven,support4,3,20,5.469184,0.0097
131072,staggered_driven,support4,3,21,5.502976,0.0102
131072,staggered_driven,support4,3,22,5.486592,0.0097
131072,staggered_driven,support4,3,23,5.499904,0.0125
131072,staggered_driven,support4,3,24,5.67296,0.0103
131072,staggered_driven,support4,3,25,5.495808,0.0101
131072,staggered_driven,support4,3,26,5.485568,0.0102
131072,staggered_driven,support4,3,27,5.476352,0.01
131072,staggered_driven,support4,3,28,5.456896,0.0101
131072,staggered_driven,support4,3,29,5.45792,0.0102
131072,staggered_driven,support4,3,30,5.66272,0.0104
131072,staggered_driven,support4,3,31,5.479424,0.01
131072,staggered_driven,support4,3,32,5.500928,0.0101
131072,staggered_driven,support4,3,33,5.450752,0.0101
131072,staggered_driven,support4,3,34,5.399552,0.01
131072,staggered_driven,support4,3,35,5.4528,0.0125
131072,staggered_driven,support4,3,36,5.687296,0.0101
131072,staggered_driven,support4,3,37,5.444608,0.0101
131072,staggered_driven,support4,3,38,5.490688,0.0104
131072,staggered_driven,support4,3,39,5.454848,0.01
