count,scenario,solver,run,sample,gpu_ms,cpu_submit_ms
10000,aligned_still,jacobi4,1,0,0.63488,0.0053
10000,aligned_still,jacobi4,1,1,0.606208,0.0013
10000,aligned_still,jacobi4,1,2,0.595968,0.0032
10000,aligned_still,jacobi4,1,3,0.60416,0.0011
10000,aligned_still,jacobi4,1,4,0.59392,0.001
10000,aligned_still,jacobi4,1,5,0.605184,0.001
10000,aligned_still,jacobi4,1,6,0.600064,0.0011
10000,aligned_still,jacobi4,1,7,0.607232,0.001
10000,aligned_still,jacobi4,1,8,0.591872,0.001
10000,aligned_still,jacobi4,1,9,0.605184,0.001
10000,aligned_still,jacobi4,1,10,0.594944,0.0011
10000,aligned_still,jacobi4,1,11,0.607232,0.0011
10000,aligned_still,jacobi4,1,12,0.59392,0.0032
10000,aligned_still,jacobi4,1,13,0.607232,0.0011
10000,aligned_still,jacobi4,1,14,0.59392,0.001
10000,aligned_still,jacobi4,1,15,0.60928,0.001
10000,aligned_still,jacobi4,1,16,0.59392,0.0011
10000,aligned_still,jacobi4,1,17,0.631808,0.0011
10000,aligned_still,jacobi4,1,18,0.592896,0.001
10000,aligned_still,jacobi4,1,19,0.63488,0.0011
10000,aligned_still,jacobi4,1,20,0.601088,0.001
10000,aligned_still,jacobi4,1,21,0.596992,0.001
10000,aligned_still,jacobi4,1,22,0.605184,0.0011
10000,aligned_still,jacobi4,1,23,0.59392,0.001
10000,aligned_still,jacobi4,1,24,0.603136,0.001
10000,aligned_still,jacobi4,1,25,0.598016,0.0011
10000,aligned_still,jacobi4,1,26,0.608256,0.001
10000,aligned_still,jacobi4,1,27,0.59392,0.001
10000,aligned_still,jacobi4,1,28,0.603136,0.001
10000,aligned_still,jacobi4,1,29,0.592896,0.001
10000,aligned_still,jacobi4,1,30,0.606208,0.0011
10000,aligned_still,jacobi4,1,31,0.591872,0.001
10000,aligned_still,jacobi4,1,32,0.605184,0.001
10000,aligned_still,jacobi4,1,33,0.595968,0.0029
10000,aligned_still,jacobi4,1,34,0.606208,0.0011
10000,aligned_still,jacobi4,1,35,0.594944,0.001
10000,aligned_still,jacobi4,1,36,0.632832,0.0011
10000,aligned_still,jacobi4,1,37,0.594944,0.0011
10000,aligned_still,jacobi4,1,38,0.820224,0.0011
10000,aligned_still,jacobi4,1,39,0.60416,0.0011
10000,aligned_still,jacobi4,2,0,0.632832,0.0045
10000,aligned_still,jacobi4,2,1,0.608256,0.001
10000,aligned_still,jacobi4,2,2,0.595968,0.0028
10000,aligned_still,jacobi4,2,3,0.606208,0.001
10000,aligned_still,jacobi4,2,4,0.595968,0.0033
10000,aligned_still,jacobi4,2,5,0.60416,0.001
10000,aligned_still,jacobi4,2,6,0.59904,0.001
10000,aligned_still,jacobi4,2,7,0.606208,0.0021
10000,aligned_still,jacobi4,2,8,0.594944,9.0E-4
10000,aligned_still,jacobi4,2,9,0.603136,0.001
10000,aligned_still,jacobi4,2,10,0.59392,0.0019
10000,aligned_still,jacobi4,2,11,0.607232,9.0E-4
10000,aligned_still,jacobi4,2,12,0.595968,9.0E-4
10000,aligned_still,jacobi4,2,13,0.607232,0.0018
10000,aligned_still,jacobi4,2,14,0.594944,9.0E-4
10000,aligned_still,jacobi4,2,15,0.606208,0.0011
10000,aligned_still,jacobi4,2,16,0.594944,0.0039
10000,aligned_still,jacobi4,2,17,0.631808,0.001
10000,aligned_still,jacobi4,2,18,0.592896,0.0018
10000,aligned_still,jacobi4,2,19,0.632832,9.0E-4
10000,aligned_still,jacobi4,2,20,0.605184,0.001
10000,aligned_still,jacobi4,2,21,0.598016,0.0021
10000,aligned_still,jacobi4,2,22,0.607232,0.001
10000,aligned_still,jacobi4,2,23,0.594944,9.0E-4
10000,aligned_still,jacobi4,2,24,0.60416,0.0018
10000,aligned_still,jacobi4,2,25,0.59904,9.0E-4
10000,aligned_still,jacobi4,2,26,0.602112,0.001
10000,aligned_still,jacobi4,2,27,0.594944,0.0018
10000,aligned_still,jacobi4,2,28,0.603136,9.0E-4
10000,aligned_still,jacobi4,2,29,0.59392,0.001
10000,aligned_still,jacobi4,2,30,0.607232,0.0019
10000,aligned_still,jacobi4,2,31,0.594944,9.0E-4
10000,aligned_still,jacobi4,2,32,0.606208,0.001
10000,aligned_still,jacobi4,2,33,0.594944,0.0018
10000,aligned_still,jacobi4,2,34,0.60928,0.001
10000,aligned_still,jacobi4,2,35,0.594944,9.0E-4
10000,aligned_still,jacobi4,2,36,0.635904,0.0019
10000,aligned_still,jacobi4,2,37,0.59392,9.0E-4
10000,aligned_still,jacobi4,2,38,0.638976,0.0017
10000,aligned_still,jacobi4,2,39,0.605184,0.001
10000,aligned_still,jacobi4,3,0,0.627712,0.0061
10000,aligned_still,jacobi4,3,1,0.60416,0.0012
10000,aligned_still,jacobi4,3,2,0.596992,0.0028
10000,aligned_still,jacobi4,3,3,0.605184,0.001
10000,aligned_still,jacobi4,3,4,0.596992,0.001
10000,aligned_still,jacobi4,3,5,0.606208,0.001
10000,aligned_still,jacobi4,3,6,0.779264,0.001
10000,aligned_still,jacobi4,3,7,0.608256,9.0E-4
10000,aligned_still,jacobi4,3,8,0.595968,9.0E-4
10000,aligned_still,jacobi4,3,9,0.60416,9.0E-4
10000,aligned_still,jacobi4,3,10,0.592896,9.0E-4
10000,aligned_still,jacobi4,3,11,0.60928,0.001
10000,aligned_still,jacobi4,3,12,0.59392,9.0E-4
10000,aligned_still,jacobi4,3,13,0.606208,9.0E-4
10000,aligned_still,jacobi4,3,14,0.594944,9.0E-4
10000,aligned_still,jacobi4,3,15,0.607232,9.0E-4
10000,aligned_still,jacobi4,3,16,0.594944,0.001
10000,aligned_still,jacobi4,3,17,0.63488,0.001
10000,aligned_still,jacobi4,3,18,0.596992,9.0E-4
10000,aligned_still,jacobi4,3,19,0.64512,0.001
10000,aligned_still,jacobi4,3,20,0.605184,9.0E-4
10000,aligned_still,jacobi4,3,21,0.595968,0.001
10000,aligned_still,jacobi4,3,22,0.606208,9.0E-4
10000,aligned_still,jacobi4,3,23,0.595968,9.0E-4
10000,aligned_still,jacobi4,3,24,0.603136,0.001
10000,aligned_still,jacobi4,3,25,0.595968,0.001
10000,aligned_still,jacobi4,3,26,0.607232,8.0E-4
10000,aligned_still,jacobi4,3,27,0.59392,9.0E-4
10000,aligned_still,jacobi4,3,28,0.603136,0.0011
10000,aligned_still,jacobi4,3,29,0.59392,0.0017
10000,aligned_still,jacobi4,3,30,0.608256,0.002
10000,aligned_still,jacobi4,3,31,0.595968,0.001
10000,aligned_still,jacobi4,3,32,0.607232,0.001
10000,aligned_still,jacobi4,3,33,0.594944,0.001
10000,aligned_still,jacobi4,3,34,0.608256,0.0026
10000,aligned_still,jacobi4,3,35,0.59392,0.001
10000,aligned_still,jacobi4,3,36,0.62976,0.0011
10000,aligned_still,jacobi4,3,37,0.59392,9.0E-4
10000,aligned_still,jacobi4,3,38,0.63488,9.0E-4
10000,aligned_still,jacobi4,3,39,0.603136,0.001
10000,aligned_still,jacobi16,1,0,2.259968,0.0109
10000,aligned_still,jacobi16,1,1,2.23744,0.0041
10000,aligned_still,jacobi16,1,2,2.235392,0.0042
10000,aligned_still,jacobi16,1,3,2.23232,0.004
10000,aligned_still,jacobi16,1,4,2.226176,0.0041
10000,aligned_still,jacobi16,1,5,2.276352,0.0041
10000,aligned_still,jacobi16,1,6,2.234368,0.0042
10000,aligned_still,jacobi16,1,7,2.236416,0.0043
10000,aligned_still,jacobi16,1,8,2.23232,0.0043
10000,aligned_still,jacobi16,1,9,2.226176,0.0042
10000,aligned_still,jacobi16,1,10,2.238464,0.0041
10000,aligned_still,jacobi16,1,11,2.234368,0.0043
10000,aligned_still,jacobi16,1,12,2.23744,0.004
10000,aligned_still,jacobi16,1,13,2.230272,0.0041
10000,aligned_still,jacobi16,1,14,2.4064,0.004
10000,aligned_still,jacobi16,1,15,2.235392,0.0042
10000,aligned_still,jacobi16,1,16,2.234368,0.0058
10000,aligned_still,jacobi16,1,17,2.239488,0.004
10000,aligned_still,jacobi16,1,18,2.224128,0.004
10000,aligned_still,jacobi16,1,19,2.260992,0.0041
10000,aligned_still,jacobi16,1,20,2.234368,0.0041
10000,aligned_still,jacobi16,1,21,2.234368,0.0041
10000,aligned_still,jacobi16,1,22,2.234368,0.004
10000,aligned_still,jacobi16,1,23,2.22208,0.0041
10000,aligned_still,jacobi16,1,24,2.269184,0.0041
10000,aligned_still,jacobi16,1,25,2.235392,0.004
10000,aligned_still,jacobi16,1,26,2.236416,0.0041
10000,aligned_still,jacobi16,1,27,2.23744,0.0041
10000,aligned_still,jacobi16,1,28,2.224128,0.0041
10000,aligned_still,jacobi16,1,29,2.433024,0.0041
10000,aligned_still,jacobi16,1,30,2.235392,0.0042
10000,aligned_still,jacobi16,1,31,2.23232,0.0041
10000,aligned_still,jacobi16,1,32,2.23232,0.0041
10000,aligned_still,jacobi16,1,33,2.226176,0.0043
10000,aligned_still,jacobi16,1,34,2.240512,0.0042
10000,aligned_still,jacobi16,1,35,2.233344,0.004
10000,aligned_still,jacobi16,1,36,2.240512,0.0041
10000,aligned_still,jacobi16,1,37,2.224128,0.0041
10000,aligned_still,jacobi16,1,38,2.265088,0.0041
10000,aligned_still,jacobi16,1,39,2.422784,0.004
10000,aligned_still,jacobi16,2,0,2.264064,0.0448
10000,aligned_still,jacobi16,2,1,2.23744,0.0134
10000,aligned_still,jacobi16,2,2,2.235392,0.0043
10000,aligned_still,jacobi16,2,3,2.234368,0.0038
10000,aligned_still,jacobi16,2,4,2.228224,0.0038
10000,aligned_still,jacobi16,2,5,2.264064,0.0046
10000,aligned_still,jacobi16,2,6,2.234368,0.0046
10000,aligned_still,jacobi16,2,7,2.23744,0.0038
10000,aligned_still,jacobi16,2,8,2.240512,0.0039
10000,aligned_still,jacobi16,2,9,2.223104,0.0037
10000,aligned_still,jacobi16,2,10,2.236416,0.0049
10000,aligned_still,jacobi16,2,11,2.233344,0.0038
10000,aligned_still,jacobi16,2,12,2.413568,0.0039
10000,aligned_still,jacobi16,2,13,2.233344,0.0038
10000,aligned_still,jacobi16,2,14,2.228224,0.0039
10000,aligned_still,jacobi16,2,15,2.241536,0.004
10000,aligned_still,jacobi16,2,16,2.234368,0.0039
10000,aligned_still,jacobi16,2,17,2.236416,0.0039
10000,aligned_still,jacobi16,2,18,2.224128,0.0038
10000,aligned_still,jacobi16,2,19,2.264064,0.0039
10000,aligned_still,jacobi16,2,20,2.240512,0.004
10000,aligned_still,jacobi16,2,21,2.233344,0.0038
10000,aligned_still,jacobi16,2,22,2.234368,0.0038
10000,aligned_still,jacobi16,2,23,2.224128,0.0039
10000,aligned_still,jacobi16,2,24,2.25792,0.0039
10000,aligned_still,jacobi16,2,25,2.234368,0.0039
10000,aligned_still,jacobi16,2,26,2.422784,0.0038
10000,aligned_still,jacobi16,2,27,2.239488,0.0039
10000,aligned_still,jacobi16,2,28,2.224128,0.0038
10000,aligned_still,jacobi16,2,29,2.234368,0.0038
10000,aligned_still,jacobi16,2,30,2.234368,0.004
10000,aligned_still,jacobi16,2,31,2.231296,0.0039
10000,aligned_still,jacobi16,2,32,2.236416,0.0038
10000,aligned_still,jacobi16,2,33,2.226176,0.0038
10000,aligned_still,jacobi16,2,34,2.235392,0.0038
10000,aligned_still,jacobi16,2,35,2.234368,0.0039
10000,aligned_still,jacobi16,2,36,2.238464,0.0038
10000,aligned_still,jacobi16,2,37,2.225152,0.004
10000,aligned_still,jacobi16,2,38,2.262016,0.0039
10000,aligned_still,jacobi16,2,39,2.233344,0.0039
10000,aligned_still,jacobi16,3,0,2.264064,0.0097
10000,aligned_still,jacobi16,3,1,2.236416,0.0039
10000,aligned_still,jacobi16,3,2,2.239488,0.0038
10000,aligned_still,jacobi16,3,3,2.230272,0.0039
10000,aligned_still,jacobi16,3,4,2.224128,0.0039
10000,aligned_still,jacobi16,3,5,2.269184,0.004
10000,aligned_still,jacobi16,3,6,2.235392,0.0038
10000,aligned_still,jacobi16,3,7,2.234368,0.0038
10000,aligned_still,jacobi16,3,8,2.23744,0.0039
10000,aligned_still,jacobi16,3,9,2.224128,0.0038
10000,aligned_still,jacobi16,3,10,2.424832,0.0039
10000,aligned_still,jacobi16,3,11,2.23232,0.0039
10000,aligned_still,jacobi16,3,12,2.234368,0.0038
10000,aligned_still,jacobi16,3,13,2.23232,0.0039
10000,aligned_still,jacobi16,3,14,2.225152,0.0047
10000,aligned_still,jacobi16,3,15,2.234368,0.0038
10000,aligned_still,jacobi16,3,16,2.241536,0.0039
10000,aligned_still,jacobi16,3,17,2.238464,0.0038
10000,aligned_still,jacobi16,3,18,2.223104,0.0038
10000,aligned_still,jacobi16,3,19,2.265088,0.0038
10000,aligned_still,jacobi16,3,20,2.234368,0.004
10000,aligned_still,jacobi16,3,21,2.236416,0.0038
10000,aligned_still,jacobi16,3,22,2.23744,0.0038
10000,aligned_still,jacobi16,3,23,2.2272,0.0039
10000,aligned_still,jacobi16,3,24,2.444288,0.004
10000,aligned_still,jacobi16,3,25,2.290688,0.004
10000,aligned_still,jacobi16,3,26,2.236416,0.0038
10000,aligned_still,jacobi16,3,27,2.236416,0.0038
10000,aligned_still,jacobi16,3,28,2.221056,0.0039
10000,aligned_still,jacobi16,3,29,2.238464,0.0038
10000,aligned_still,jacobi16,3,30,2.234368,0.0039
10000,aligned_still,jacobi16,3,31,2.233344,0.0039
10000,aligned_still,jacobi16,3,32,2.234368,0.0039
10000,aligned_still,jacobi16,3,33,2.22208,0.0039
10000,aligned_still,jacobi16,3,34,2.23744,0.0038
10000,aligned_still,jacobi16,3,35,2.238464,0.0038
10000,aligned_still,jacobi16,3,36,2.23232,0.0038
10000,aligned_still,jacobi16,3,37,2.225152,0.004
10000,aligned_still,jacobi16,3,38,2.258944,0.004
10000,aligned_still,jacobi16,3,39,2.41152,0.0043
10000,aligned_still,support4,1,0,0.878592,0.0089
10000,aligned_still,support4,1,1,0.835584,0.0042
10000,aligned_still,support4,1,2,0.864256,0.0041
10000,aligned_still,support4,1,3,0.830464,0.0041
10000,aligned_still,support4,1,4,0.854016,0.0058
10000,aligned_still,support4,1,5,0.830464,0.0041
10000,aligned_still,support4,1,6,0.843776,0.004
10000,aligned_still,support4,1,7,0.831488,0.0042
10000,aligned_still,support4,1,8,0.846848,0.0041
10000,aligned_still,support4,1,9,0.833536,0.0042
10000,aligned_still,support4,1,10,0.854016,0.0021
10000,aligned_still,support4,1,11,0.836608,0.0041
10000,aligned_still,support4,1,12,0.852992,0.0022
10000,aligned_still,support4,1,13,0.840704,0.0058
10000,aligned_still,support4,1,14,0.8448,0.0022
10000,aligned_still,support4,1,15,0.82432,0.0041
10000,aligned_still,support4,1,16,0.837632,0.002
10000,aligned_still,support4,1,17,0.828416,0.0059
10000,aligned_still,support4,1,18,0.816128,0.002
10000,aligned_still,support4,1,19,0.869376,0.002
10000,aligned_still,support4,1,20,0.835584,0.0042
10000,aligned_still,support4,1,21,0.862208,0.0036
10000,aligned_still,support4,1,22,0.833536,0.004
10000,aligned_still,support4,1,23,0.857088,0.002
10000,aligned_still,support4,1,24,1.016832,0.004
10000,aligned_still,support4,1,25,0.856064,0.002
10000,aligned_still,support4,1,26,0.826368,0.0059
10000,aligned_still,support4,1,27,0.852992,0.002
10000,aligned_still,support4,1,28,0.837632,0.0042
10000,aligned_still,support4,1,29,0.84992,0.0021
10000,aligned_still,support4,1,30,0.843776,0.0059
10000,aligned_still,support4,1,31,0.852992,0.0019
10000,aligned_still,support4,1,32,0.843776,0.0042
10000,aligned_still,support4,1,33,0.836608,0.0021
10000,aligned_still,support4,1,34,0.836608,0.0057
10000,aligned_still,support4,1,35,0.852992,0.002
10000,aligned_still,support4,1,36,0.846848,0.0042
10000,aligned_still,support4,1,37,0.8192,0.002
10000,aligned_still,support4,1,38,0.872448,0.0019
10000,aligned_still,support4,1,39,0.845824,0.0059
10000,aligned_still,support4,2,0,0.863232,0.0178
10000,aligned_still,support4,2,1,0.83456,0.0056
10000,aligned_still,support4,2,2,0.8704,0.0087
10000,aligned_still,support4,2,3,0.835584,0.0055
10000,aligned_still,support4,2,4,0.847872,0.0028
10000,aligned_still,support4,2,5,0.82944,0.0055
10000,aligned_still,support4,2,6,0.852992,0.003
10000,aligned_still,support4,2,7,0.830464,0.0058
10000,aligned_still,support4,2,8,0.840704,0.0031
10000,aligned_still,support4,2,9,0.825344,0.0055
10000,aligned_still,support4,2,10,1.028096,0.0019
10000,aligned_still,support4,2,11,0.826368,0.0055
10000,aligned_still,support4,2,12,0.84992,0.0019
10000,aligned_still,support4,2,13,0.841728,0.0036
10000,aligned_still,support4,2,14,0.843776,0.0019
10000,aligned_still,support4,2,15,0.833536,0.0054
10000,aligned_still,support4,2,16,0.852992,0.0018
10000,aligned_still,support4,2,17,0.846848,0.0037
10000,aligned_still,support4,2,18,0.82432,0.0018
10000,aligned_still,support4,2,19,0.88064,0.0035
10000,aligned_still,support4,2,20,0.837632,0.0018
10000,aligned_still,support4,2,21,0.872448,0.0018
10000,aligned_still,support4,2,22,0.833536,0.0017
10000,aligned_still,support4,2,23,0.851968,0.0017
10000,aligned_still,support4,2,24,0.842752,0.0029
10000,aligned_still,support4,2,25,0.84992,0.0018
10000,aligned_still,support4,2,26,0.827392,0.0037
10000,aligned_still,support4,2,27,0.845824,0.0018
10000,aligned_still,support4,2,28,0.82432,0.0054
10000,aligned_still,support4,2,29,0.85504,0.0018
10000,aligned_still,support4,2,30,0.83456,0.0036
10000,aligned_still,support4,2,31,0.847872,0.0018
10000,aligned_still,support4,2,32,0.83456,0.0053
10000,aligned_still,support4,2,33,0.835584,0.0019
10000,aligned_still,support4,2,34,0.836608,0.0037
10000,aligned_still,support4,2,35,0.847872,0.0018
10000,aligned_still,support4,2,36,0.838656,0.0038
10000,aligned_still,support4,2,37,0.81408,0.0035
10000,aligned_still,support4,2,38,0.871424,0.0017
10000,aligned_still,support4,2,39,0.841728,0.0038
10000,aligned_still,support4,3,0,0.873472,0.0074
10000,aligned_still,support4,3,1,0.836608,0.0036
10000,aligned_still,support4,3,2,0.883712,0.0038
10000,aligned_still,support4,3,3,0.836608,0.0038
10000,aligned_still,support4,3,4,0.843776,0.0019
10000,aligned_still,support4,3,5,0.841728,0.0037
10000,aligned_still,support4,3,6,0.851968,0.0038
10000,aligned_still,support4,3,7,0.837632,0.0036
10000,aligned_still,support4,3,8,0.851968,0.0018
10000,aligned_still,support4,3,9,0.838656,0.0038
10000,aligned_still,support4,3,10,0.858112,0.004
10000,aligned_still,support4,3,11,0.8448,0.0051
10000,aligned_still,support4,3,12,0.850944,0.0037
10000,aligned_still,support4,3,13,0.82432,0.0036
10000,aligned_still,support4,3,14,0.836608,0.0035
10000,aligned_still,support4,3,15,0.841728,0.004
10000,aligned_still,support4,3,16,0.847872,0.0019
10000,aligned_still,support4,3,17,0.83456,0.0018
10000,aligned_still,support4,3,18,0.817152,0.0017
10000,aligned_still,support4,3,19,0.866304,0.0036
10000,aligned_still,support4,3,20,0.833536,0.0037
10000,aligned_still,support4,3,21,0.864256,0.0018
10000,aligned_still,support4,3,22,0.827392,0.0017
10000,aligned_still,support4,3,23,0.842752,0.0038
10000,aligned_still,support4,3,24,0.832512,0.004
10000,aligned_still,support4,3,25,0.843776,0.0019
10000,aligned_still,support4,3,26,0.827392,0.0037
10000,aligned_still,support4,3,27,0.843776,0.0035
10000,aligned_still,support4,3,28,0.826368,0.0038
10000,aligned_still,support4,3,29,0.852992,0.0019
10000,aligned_still,support4,3,30,0.83456,0.0037
10000,aligned_still,support4,3,31,0.851968,0.0019
10000,aligned_still,support4,3,32,0.832512,0.0053
10000,aligned_still,support4,3,33,0.843776,0.0019
10000,aligned_still,support4,3,34,0.836608,0.0037
10000,aligned_still,support4,3,35,0.846848,0.0018
10000,aligned_still,support4,3,36,1.016832,0.0055
10000,aligned_still,support4,3,37,0.817152,0.0019
10000,aligned_still,support4,3,38,0.869376,0.0019
10000,aligned_still,support4,3,39,0.848896,0.0036
10000,staggered_still,jacobi4,1,0,0.637952,0.0038
10000,staggered_still,jacobi4,1,1,0.60928,0.003
10000,staggered_still,jacobi4,1,2,0.601088,0.0022
10000,staggered_still,jacobi4,1,3,0.611328,9.0E-4
10000,staggered_still,jacobi4,1,4,0.59904,9.0E-4
10000,staggered_still,jacobi4,1,5,0.606208,8.0E-4
10000,staggered_still,jacobi4,1,6,0.601088,9.0E-4
10000,staggered_still,jacobi4,1,7,0.608256,0.0014
10000,staggered_still,jacobi4,1,8,0.598016,8.0E-4
10000,staggered_still,jacobi4,1,9,0.607232,8.0E-4
10000,staggered_still,jacobi4,1,10,0.596992,9.0E-4
10000,staggered_still,jacobi4,1,11,0.611328,8.0E-4
10000,staggered_still,jacobi4,1,12,0.59904,8.0E-4
10000,staggered_still,jacobi4,1,13,0.612352,7.0E-4
10000,staggered_still,jacobi4,1,14,0.598016,7.0E-4
10000,staggered_still,jacobi4,1,15,0.60928,9.0E-4
10000,staggered_still,jacobi4,1,16,0.596992,9.0E-4
10000,staggered_still,jacobi4,1,17,0.635904,9.0E-4
10000,staggered_still,jacobi4,1,18,0.595968,9.0E-4
10000,staggered_still,jacobi4,1,19,0.64,7.0E-4
10000,staggered_still,jacobi4,1,20,0.610304,7.0E-4
10000,staggered_still,jacobi4,1,21,0.603136,0.0015
10000,staggered_still,jacobi4,1,22,0.610304,8.0E-4
10000,staggered_still,jacobi4,1,23,0.598016,9.0E-4
10000,staggered_still,jacobi4,1,24,0.612352,8.0E-4
10000,staggered_still,jacobi4,1,25,0.600064,8.0E-4
10000,staggered_still,jacobi4,1,26,0.612352,9.0E-4
10000,staggered_still,jacobi4,1,27,0.600064,8.0E-4
10000,staggered_still,jacobi4,1,28,0.608256,8.0E-4
10000,staggered_still,jacobi4,1,29,0.59904,8.0E-4
10000,staggered_still,jacobi4,1,30,0.610304,8.0E-4
10000,staggered_still,jacobi4,1,31,0.59904,8.0E-4
10000,staggered_still,jacobi4,1,32,0.611328,9.0E-4
10000,staggered_still,jacobi4,1,33,0.598016,8.0E-4
10000,staggered_still,jacobi4,1,34,0.612352,8.0E-4
10000,staggered_still,jacobi4,1,35,0.598016,8.0E-4
10000,staggered_still,jacobi4,1,36,0.63488,7.0E-4
10000,staggered_still,jacobi4,1,37,0.59904,8.0E-4
10000,staggered_still,jacobi4,1,38,0.641024,8.0E-4
10000,staggered_still,jacobi4,1,39,0.60928,8.0E-4
10000,staggered_still,jacobi4,2,0,0.637952,0.0033
10000,staggered_still,jacobi4,2,1,0.610304,9.0E-4
10000,staggered_still,jacobi4,2,2,0.59904,0.0023
10000,staggered_still,jacobi4,2,3,0.610304,9.0E-4
10000,staggered_still,jacobi4,2,4,0.598016,9.0E-4
10000,staggered_still,jacobi4,2,5,0.608256,9.0E-4
10000,staggered_still,jacobi4,2,6,0.602112,8.0E-4
10000,staggered_still,jacobi4,2,7,0.60928,8.0E-4
10000,staggered_still,jacobi4,2,8,0.600064,7.0E-4
10000,staggered_still,jacobi4,2,9,0.608256,8.0E-4
10000,staggered_still,jacobi4,2,10,0.775168,7.0E-4
10000,staggered_still,jacobi4,2,11,0.610304,7.0E-4
10000,staggered_still,jacobi4,2,12,0.603136,7.0E-4
10000,staggered_still,jacobi4,2,13,0.612352,9.0E-4
10000,staggered_still,jacobi4,2,14,0.595968,8.0E-4
10000,staggered_still,jacobi4,2,15,0.610304,8.0E-4
10000,staggered_still,jacobi4,2,16,0.600064,7.0E-4
10000,staggered_still,jacobi4,2,17,0.638976,8.0E-4
10000,staggered_still,jacobi4,2,18,0.59904,8.0E-4
10000,staggered_still,jacobi4,2,19,0.64512,8.0E-4
10000,staggered_still,jacobi4,2,20,0.60928,9.0E-4
10000,staggered_still,jacobi4,2,21,0.602112,9.0E-4
10000,staggered_still,jacobi4,2,22,0.608256,9.0E-4
10000,staggered_still,jacobi4,2,23,0.59904,7.0E-4
10000,staggered_still,jacobi4,2,24,0.607232,9.0E-4
10000,staggered_still,jacobi4,2,25,0.601088,8.0E-4
10000,staggered_still,jacobi4,2,26,0.610304,8.0E-4
10000,staggered_still,jacobi4,2,27,0.598016,8.0E-4
10000,staggered_still,jacobi4,2,28,0.610304,8.0E-4
10000,staggered_still,jacobi4,2,29,0.596992,7.0E-4
10000,staggered_still,jacobi4,2,30,0.611328,9.0E-4
10000,staggered_still,jacobi4,2,31,0.598016,8.0E-4
10000,staggered_still,jacobi4,2,32,0.608256,9.0E-4
10000,staggered_still,jacobi4,2,33,0.59904,8.0E-4
10000,staggered_still,jacobi4,2,34,0.613376,8.0E-4
10000,staggered_still,jacobi4,2,35,0.59904,8.0E-4
10000,staggered_still,jacobi4,2,36,0.636928,8.0E-4
10000,staggered_still,jacobi4,2,37,0.596992,7.0E-4
10000,staggered_still,jacobi4,2,38,0.635904,8.0E-4
10000,staggered_still,jacobi4,2,39,0.608256,9.0E-4
10000,staggered_still,jacobi4,3,0,0.63488,0.0084
10000,staggered_still,jacobi4,3,1,0.608256,0.001
10000,staggered_still,jacobi4,3,2,0.600064,0.0024
10000,staggered_still,jacobi4,3,3,0.612352,8.0E-4
10000,staggered_still,jacobi4,3,4,0.598016,8.0E-4
10000,staggered_still,jacobi4,3,5,0.607232,9.0E-4
10000,staggered_still,jacobi4,3,6,0.602112,0.001
10000,staggered_still,jacobi4,3,7,0.610304,8.0E-4
10000,staggered_still,jacobi4,3,8,0.602112,8.0E-4
10000,staggered_still,jacobi4,3,9,0.606208,8.0E-4
10000,staggered_still,jacobi4,3,10,0.594944,8.0E-4
10000,staggered_still,jacobi4,3,11,0.612352,9.0E-4
10000,staggered_still,jacobi4,3,12,0.598016,8.0E-4
10000,staggered_still,jacobi4,3,13,0.612352,9.0E-4
10000,staggered_still,jacobi4,3,14,0.595968,8.0E-4
10000,staggered_still,jacobi4,3,15,0.611328,8.0E-4
10000,staggered_still,jacobi4,3,16,0.59904,8.0E-4
10000,staggered_still,jacobi4,3,17,0.637952,8.0E-4
10000,staggered_still,jacobi4,3,18,0.598016,8.0E-4
10000,staggered_still,jacobi4,3,19,0.638976,9.0E-4
10000,staggered_still,jacobi4,3,20,0.60928,0.001
10000,staggered_still,jacobi4,3,21,0.600064,8.0E-4
10000,staggered_still,jacobi4,3,22,0.611328,0.001
10000,staggered_still,jacobi4,3,23,0.59904,8.0E-4
10000,staggered_still,jacobi4,3,24,0.606208,8.0E-4
10000,staggered_still,jacobi4,3,25,0.602112,8.0E-4
10000,staggered_still,jacobi4,3,26,0.789504,7.0E-4
10000,staggered_still,jacobi4,3,27,0.601088,9.0E-4
10000,staggered_still,jacobi4,3,28,0.611328,0.001
10000,staggered_still,jacobi4,3,29,0.59904,8.0E-4
10000,staggered_still,jacobi4,3,30,0.60928,9.0E-4
10000,staggered_still,jacobi4,3,31,0.598016,7.0E-4
10000,staggered_still,jacobi4,3,32,0.612352,8.0E-4
10000,staggered_still,jacobi4,3,33,0.59904,8.0E-4
10000,staggered_still,jacobi4,3,34,0.611328,9.0E-4
10000,staggered_still,jacobi4,3,35,0.598016,8.0E-4
10000,staggered_still,jacobi4,3,36,0.63488,9.0E-4
10000,staggered_still,jacobi4,3,37,0.598016,9.0E-4
10000,staggered_still,jacobi4,3,38,0.64512,9.0E-4
10000,staggered_still,jacobi4,3,39,0.613376,9.0E-4
10000,staggered_still,jacobi16,1,0,2.28864,0.013
10000,staggered_still,jacobi16,1,1,2.26304,0.0038
10000,staggered_still,jacobi16,1,2,2.260992,0.0037
10000,staggered_still,jacobi16,1,3,2.434048,0.0037
10000,staggered_still,jacobi16,1,4,2.305024,0.0037
10000,staggered_still,jacobi16,1,5,2.297856,0.0037
10000,staggered_still,jacobi16,1,6,2.267136,0.0037
10000,staggered_still,jacobi16,1,7,2.264064,0.0038
10000,staggered_still,jacobi16,1,8,2.262016,0.0037
10000,staggered_still,jacobi16,1,9,2.251776,0.0038
10000,staggered_still,jacobi16,1,10,2.262016,0.0038
10000,staggered_still,jacobi16,1,11,2.256896,0.0044
10000,staggered_still,jacobi16,1,12,2.260992,0.0037
10000,staggered_still,jacobi16,1,13,2.259968,0.0038
10000,staggered_still,jacobi16,1,14,2.254848,0.004
10000,staggered_still,jacobi16,1,15,2.26304,0.0038
10000,staggered_still,jacobi16,1,16,2.262016,0.0038
10000,staggered_still,jacobi16,1,17,2.264064,0.0037
10000,staggered_still,jacobi16,1,18,2.430976,0.0037
10000,staggered_still,jacobi16,1,19,2.318336,0.0038
10000,staggered_still,jacobi16,1,20,2.266112,0.0038
10000,staggered_still,jacobi16,1,21,2.267136,0.0038
10000,staggered_still,jacobi16,1,22,2.266112,0.0037
10000,staggered_still,jacobi16,1,23,2.2528,0.0038
10000,staggered_still,jacobi16,1,24,2.297856,0.0039
10000,staggered_still,jacobi16,1,25,2.26304,0.0037
10000,staggered_still,jacobi16,1,26,2.262016,0.0038
10000,staggered_still,jacobi16,1,27,2.264064,0.0037
10000,staggered_still,jacobi16,1,28,2.251776,0.0039
10000,staggered_still,jacobi16,1,29,2.260992,0.0037
10000,staggered_still,jacobi16,1,30,2.26816,0.0037
10000,staggered_still,jacobi16,1,31,2.255872,0.0038
10000,staggered_still,jacobi16,1,32,2.446336,0.0039
10000,staggered_still,jacobi16,1,33,2.458624,0.0039
10000,staggered_still,jacobi16,1,34,2.267136,0.0037
10000,staggered_still,jacobi16,1,35,2.266112,0.0037
10000,staggered_still,jacobi16,1,36,2.265088,0.0037
10000,staggered_still,jacobi16,1,37,2.253824,0.0037
10000,staggered_still,jacobi16,1,38,2.299904,0.0037
10000,staggered_still,jacobi16,1,39,2.265088,0.0038
10000,staggered_still,jacobi16,2,0,2.459648,0.1191
10000,staggered_still,jacobi16,2,1,2.265088,0.0093
10000,staggered_still,jacobi16,2,2,2.258944,0.0034
10000,staggered_still,jacobi16,2,3,2.262016,0.0034
10000,staggered_still,jacobi16,2,4,2.251776,0.0037
10000,staggered_still,jacobi16,2,5,2.301952,0.0034
10000,staggered_still,jacobi16,2,6,2.267136,0.0034
10000,staggered_still,jacobi16,2,7,2.271232,0.0065
10000,staggered_still,jacobi16,2,8,2.266112,0.0042
10000,staggered_still,jacobi16,2,9,2.248704,0.0034
10000,staggered_still,jacobi16,2,10,2.269184,0.0032
10000,staggered_still,jacobi16,2,11,2.260992,0.0033
10000,staggered_still,jacobi16,2,12,2.259968,0.0033
10000,staggered_still,jacobi16,2,13,2.258944,0.0033
10000,staggered_still,jacobi16,2,14,2.2528,0.0033
10000,staggered_still,jacobi16,2,15,2.450432,0.0033
10000,staggered_still,jacobi16,2,16,2.265088,0.0034
10000,staggered_still,jacobi16,2,17,2.26304,0.0033
10000,staggered_still,jacobi16,2,18,2.255872,0.0032
10000,staggered_still,jacobi16,2,19,2.255872,0.0033
10000,staggered_still,jacobi16,2,20,2.266112,0.0033
10000,staggered_still,jacobi16,2,21,2.267136,0.0032
10000,staggered_still,jacobi16,2,22,2.25792,0.0033
10000,staggered_still,jacobi16,2,23,2.253824,0.0033
10000,staggered_still,jacobi16,2,24,2.296832,0.0033
10000,staggered_still,jacobi16,2,25,2.269184,0.0034
10000,staggered_still,jacobi16,2,26,2.262016,0.0033
10000,staggered_still,jacobi16,2,27,2.262016,0.0033
10000,staggered_still,jacobi16,2,28,2.256896,0.0036
10000,staggered_still,jacobi16,2,29,2.265088,0.0038
10000,staggered_still,jacobi16,2,30,2.440192,0.0033
10000,staggered_still,jacobi16,2,31,2.26304,0.0033
10000,staggered_still,jacobi16,2,32,2.264064,0.0034
10000,staggered_still,jacobi16,2,33,2.250752,0.0034
10000,staggered_still,jacobi16,2,34,2.262016,0.0032
10000,staggered_still,jacobi16,2,35,2.265088,0.0033
10000,staggered_still,jacobi16,2,36,2.265088,0.0033
10000,staggered_still,jacobi16,2,37,2.250752,0.0034
10000,staggered_still,jacobi16,2,38,2.286592,0.0034
10000,staggered_still,jacobi16,2,39,2.26304,0.0032
10000,staggered_still,jacobi16,3,0,2.29888,0.0249
10000,staggered_still,jacobi16,3,1,2.267136,0.0051
10000,staggered_still,jacobi16,3,2,2.26304,0.0051
10000,staggered_still,jacobi16,3,3,2.265088,0.0049
10000,staggered_still,jacobi16,3,4,2.24768,0.005
10000,staggered_still,jacobi16,3,5,2.290688,0.0052
10000,staggered_still,jacobi16,3,6,2.265088,0.005
10000,staggered_still,jacobi16,3,7,2.262016,0.0049
10000,staggered_still,jacobi16,3,8,2.27328,0.005
10000,staggered_still,jacobi16,3,9,2.251776,0.005
10000,staggered_still,jacobi16,3,10,2.264064,0.0034
10000,staggered_still,jacobi16,3,11,2.264064,0.0034
10000,staggered_still,jacobi16,3,12,2.446336,0.0035
10000,staggered_still,jacobi16,3,13,2.26816,0.0034
10000,staggered_still,jacobi16,3,14,2.258944,0.0034
10000,staggered_still,jacobi16,3,15,2.259968,0.0035
10000,staggered_still,jacobi16,3,16,2.266112,0.0033
10000,staggered_still,jacobi16,3,17,2.269184,0.0034
10000,staggered_still,jacobi16,3,18,2.249728,0.0033
10000,staggered_still,jacobi16,3,19,2.287616,0.0034
10000,staggered_still,jacobi16,3,20,2.265088,0.0034
10000,staggered_still,jacobi16,3,21,2.26304,0.0033
10000,staggered_still,jacobi16,3,22,2.26304,0.0033
10000,staggered_still,jacobi16,3,23,2.251776,0.0033
10000,staggered_still,jacobi16,3,24,2.28864,0.0034
10000,staggered_still,jacobi16,3,25,2.265088,0.0033
10000,staggered_still,jacobi16,3,26,2.448384,0.0035
10000,staggered_still,jacobi16,3,27,2.265088,0.0033
10000,staggered_still,jacobi16,3,28,2.2528,0.0034
10000,staggered_still,jacobi16,3,29,2.262016,0.0035
10000,staggered_still,jacobi16,3,30,2.267136,0.0035
10000,staggered_still,jacobi16,3,31,2.258944,0.0033
10000,staggered_still,jacobi16,3,32,2.26304,0.0034
10000,staggered_still,jacobi16,3,33,2.251776,0.0035
10000,staggered_still,jacobi16,3,34,2.270208,0.0033
10000,staggered_still,jacobi16,3,35,2.267136,0.0034
10000,staggered_still,jacobi16,3,36,2.264064,0.0033
10000,staggered_still,jacobi16,3,37,2.2528,0.0036
10000,staggered_still,jacobi16,3,38,2.290688,0.0034
10000,staggered_still,jacobi16,3,39,2.26304,0.0034
10000,staggered_still,support4,1,0,0.871424,0.0066
10000,staggered_still,support4,1,1,0.857088,0.0057
10000,staggered_still,support4,1,2,0.884736,0.0036
10000,staggered_still,support4,1,3,0.848896,0.0035
10000,staggered_still,support4,1,4,0.85504,0.0018
10000,staggered_still,support4,1,5,0.854016,0.0053
10000,staggered_still,support4,1,6,0.86016,0.0018
10000,staggered_still,support4,1,7,0.83456,0.0035
10000,staggered_still,support4,1,8,0.86016,0.0018
10000,staggered_still,support4,1,9,0.846848,0.0035
10000,staggered_still,support4,1,10,0.85504,0.002
10000,staggered_still,support4,1,11,0.842752,0.0036
10000,staggered_still,support4,1,12,0.85504,0.0017
10000,staggered_still,support4,1,13,0.838656,0.0037
10000,staggered_still,support4,1,14,0.854016,0.0036
10000,staggered_still,support4,1,15,0.847872,0.0036
10000,staggered_still,support4,1,16,0.856064,0.0018
10000,staggered_still,support4,1,17,0.850944,0.0018
10000,staggered_still,support4,1,18,0.823296,0.0034
10000,staggered_still,support4,1,19,0.88064,0.0018
10000,staggered_still,support4,1,20,0.836608,0.0035
10000,staggered_still,support4,1,21,0.864256,0.0018
10000,staggered_still,support4,1,22,0.840704,0.0051
10000,staggered_still,support4,1,23,0.86528,0.0036
10000,staggered_still,support4,1,24,0.836608,0.0035
10000,staggered_still,support4,1,25,0.861184,0.0035
10000,staggered_still,support4,1,26,0.832512,0.0035
10000,staggered_still,support4,1,27,0.852992,0.0035
10000,staggered_still,support4,1,28,0.843776,0.0017
10000,staggered_still,support4,1,29,1.03424,0.0017
10000,staggered_still,support4,1,30,0.909312,0.0017
10000,staggered_still,support4,1,31,0.86016,0.0028
10000,staggered_still,support4,1,32,0.851968,0.0018
10000,staggered_still,support4,1,33,0.85504,0.0017
10000,staggered_still,support4,1,34,0.847872,0.0036
10000,staggered_still,support4,1,35,0.86528,0.0034
10000,staggered_still,support4,1,36,0.861184,0.0035
10000,staggered_still,support4,1,37,0.826368,0.0018
10000,staggered_still,support4,1,38,0.8704,0.0017
10000,staggered_still,support4,1,39,0.861184,0.0017
10000,staggered_still,support4,2,0,0.874496,0.0078
10000,staggered_still,support4,2,1,0.843776,0.0053
10000,staggered_still,support4,2,2,0.883712,0.0084
10000,staggered_still,support4,2,3,0.840704,0.0053
10000,staggered_still,support4,2,4,0.857088,0.0027
10000,staggered_still,support4,2,5,0.83968,0.0053
10000,staggered_still,support4,2,6,0.862208,0.0054
10000,staggered_still,support4,2,7,0.833536,0.0053
10000,staggered_still,support4,2,8,0.848896,0.0037
10000,staggered_still,support4,2,9,0.842752,0.0035
10000,staggered_still,support4,2,10,0.856064,0.0034
10000,staggered_still,support4,2,11,0.83456,0.0017
10000,staggered_still,support4,2,12,0.854016,0.0017
10000,staggered_still,support4,2,13,0.843776,0.0017
10000,staggered_still,support4,2,14,0.859136,0.002
10000,staggered_still,support4,2,15,1.020928,0.0053
10000,staggered_still,support4,2,16,0.912384,0.0017
10000,staggered_still,support4,2,17,0.836608,0.0017
10000,staggered_still,support4,2,18,0.832512,0.0018
10000,staggered_still,support4,2,19,0.877568,0.0029
10000,staggered_still,support4,2,20,0.854016,0.0017
10000,staggered_still,support4,2,21,0.872448,0.0018
10000,staggered_still,support4,2,22,0.843776,0.0048
10000,staggered_still,support4,2,23,0.864256,0.0097
10000,staggered_still,support4,2,24,0.842752,0.0064
10000,staggered_still,support4,2,25,0.877568,0.0043
10000,staggered_still,support4,2,26,0.842752,0.0038
10000,staggered_still,support4,2,27,0.859136,0.0019
10000,staggered_still,support4,2,28,0.848896,0.0037
10000,staggered_still,support4,2,29,0.8704,0.0018
10000,staggered_still,support4,2,30,0.856064,0.0017
10000,staggered_still,support4,2,31,0.874496,0.0019
10000,staggered_still,support4,2,32,0.838656,0.003
10000,staggered_still,support4,2,33,0.842752,0.0018
10000,staggered_still,support4,2,34,0.8448,0.0035
10000,staggered_still,support4,2,35,0.858112,0.0017
10000,staggered_still,support4,2,36,0.843776,0.0036
10000,staggered_still,support4,2,37,0.826368,0.0017
10000,staggered_still,support4,2,38,0.879616,0.0037
10000,staggered_still,support4,2,39,0.851968,0.0035
10000,staggered_still,support4,3,0,0.872448,0.0061
10000,staggered_still,support4,3,1,0.841728,0.0035
10000,staggered_still,support4,3,2,1.058816,0.0059
10000,staggered_still,support4,3,3,0.837632,0.0036
10000,staggered_still,support4,3,4,0.847872,0.0018
10000,staggered_still,support4,3,5,0.85504,0.0035
10000,staggered_still,support4,3,6,0.859136,0.0017
10000,staggered_still,support4,3,7,0.846848,0.0036
10000,staggered_still,support4,3,8,0.857088,0.0067
10000,staggered_still,support4,3,9,0.854016,0.005
10000,staggered_still,support4,3,10,0.866304,0.0035
10000,staggered_still,support4,3,11,0.859136,0.0056
10000,staggered_still,support4,3,12,0.857088,0.0018
10000,staggered_still,support4,3,13,0.841728,0.0035
10000,staggered_still,support4,3,14,0.866304,0.0019
10000,staggered_still,support4,3,15,0.856064,0.0052
10000,staggered_still,support4,3,16,0.86016,0.0018
10000,staggered_still,support4,3,17,0.856064,0.0018
10000,staggered_still,support4,3,18,0.821248,0.0018
10000,staggered_still,support4,3,19,0.878592,0.0028
10000,staggered_still,support4,3,20,0.848896,0.0036
10000,staggered_still,support4,3,21,0.884736,0.0045
10000,staggered_still,support4,3,22,0.837632,0.0035
10000,staggered_still,support4,3,23,0.862208,0.0037
10000,staggered_still,support4,3,24,0.845824,0.0054
10000,staggered_still,support4,3,25,0.859136,0.0035
10000,staggered_still,support4,3,26,0.83968,0.0017
10000,staggered_still,support4,3,27,0.848896,0.0019
10000,staggered_still,support4,3,28,0.836608,0.0053
10000,staggered_still,support4,3,29,0.858112,0.0018
10000,staggered_still,support4,3,30,0.8448,0.0046
10000,staggered_still,support4,3,31,0.862208,0.0042
10000,staggered_still,support4,3,32,0.8448,0.006
10000,staggered_still,support4,3,33,0.859136,0.0019
10000,staggered_still,support4,3,34,0.848896,0.0036
10000,staggered_still,support4,3,35,0.862208,0.0018
10000,staggered_still,support4,3,36,0.845824,0.0018
10000,staggered_still,support4,3,37,0.823296,0.0054
10000,staggered_still,support4,3,38,0.88576,0.0021
10000,staggered_still,support4,3,39,0.848896,0.0037
10000,staggered_driven,jacobi4,1,0,0.704512,0.0162
10000,staggered_driven,jacobi4,1,1,0.68608,0.0034
10000,staggered_driven,jacobi4,1,2,0.667648,0.0117
10000,staggered_driven,jacobi4,1,3,0.714752,0.0034
10000,staggered_driven,jacobi4,1,4,0.683008,0.0027
10000,staggered_driven,jacobi4,1,5,0.673792,0.0033
10000,staggered_driven,jacobi4,1,6,0.69632,0.0026
10000,staggered_driven,jacobi4,1,7,0.679936,0.0035
10000,staggered_driven,jacobi4,1,8,0.689152,0.003
10000,staggered_driven,jacobi4,1,9,0.685056,0.0034
10000,staggered_driven,jacobi4,1,10,0.710656,0.003
10000,staggered_driven,jacobi4,1,11,0.690176,0.003
10000,staggered_driven,jacobi4,1,12,0.68096,0.0031
10000,staggered_driven,jacobi4,1,13,0.710656,0.003
10000,staggered_driven,jacobi4,1,14,0.702464,0.0029
10000,staggered_driven,jacobi4,1,15,0.712704,0.003
10000,staggered_driven,jacobi4,1,16,0.70144,0.0026
10000,staggered_driven,jacobi4,1,17,0.744448,0.0031
10000,staggered_driven,jacobi4,1,18,0.713728,0.003
10000,staggered_driven,jacobi4,1,19,0.703488,0.0026
10000,staggered_driven,jacobi4,1,20,0.712704,0.0027
10000,staggered_driven,jacobi4,1,21,0.694272,0.0025
10000,staggered_driven,jacobi4,1,22,0.735232,0.0165
10000,staggered_driven,jacobi4,1,23,0.703488,0.0034
10000,staggered_driven,jacobi4,1,24,0.695296,0.003
10000,staggered_driven,jacobi4,1,25,0.707584,0.003
10000,staggered_driven,jacobi4,1,26,0.695296,0.0067
10000,staggered_driven,jacobi4,1,27,0.704512,0.0031
10000,staggered_driven,jacobi4,1,28,0.703488,0.0026
10000,staggered_driven,jacobi4,1,29,0.73216,0.003
10000,staggered_driven,jacobi4,1,30,0.71168,0.0027
10000,staggered_driven,jacobi4,1,31,0.709632,0.003
10000,staggered_driven,jacobi4,1,32,0.717824,0.0026
10000,staggered_driven,jacobi4,1,33,0.71168,0.0037
10000,staggered_driven,jacobi4,1,34,0.6912,0.0029
10000,staggered_driven,jacobi4,1,35,0.678912,0.0025
10000,staggered_driven,jacobi4,1,36,0.72192,0.003
10000,staggered_driven,jacobi4,1,37,0.671744,0.0029
10000,staggered_driven,jacobi4,1,38,0.67072,0.0029
10000,staggered_driven,jacobi4,1,39,0.679936,0.0026
10000,staggered_driven,jacobi4,2,0,0.714752,0.0364
10000,staggered_driven,jacobi4,2,1,0.668672,0.0174
10000,staggered_driven,jacobi4,2,2,0.679936,0.0036
10000,staggered_driven,jacobi4,2,3,0.672768,0.0031
10000,staggered_driven,jacobi4,2,4,0.687104,0.0031
10000,staggered_driven,jacobi4,2,5,0.683008,0.0043
10000,staggered_driven,jacobi4,2,6,0.722944,0.0031
10000,staggered_driven,jacobi4,2,7,0.695296,0.0027
10000,staggered_driven,jacobi4,2,8,0.67584,0.0035
10000,staggered_driven,jacobi4,2,9,0.692224,0.0035
10000,staggered_driven,jacobi4,2,10,0.685056,0.003
10000,staggered_driven,jacobi4,2,11,0.687104,0.0028
10000,staggered_driven,jacobi4,2,12,0.673792,0.0031
10000,staggered_driven,jacobi4,2,13,0.746496,0.0031
10000,staggered_driven,jacobi4,2,14,0.708608,0.0031
10000,staggered_driven,jacobi4,2,15,0.70656,0.0035
10000,staggered_driven,jacobi4,2,16,0.715776,0.0036
10000,staggered_driven,jacobi4,2,17,0.700416,0.0035
10000,staggered_driven,jacobi4,2,18,0.746496,0.0032
10000,staggered_driven,jacobi4,2,19,0.71168,0.0033
10000,staggered_driven,jacobi4,2,20,0.705536,0.0031
10000,staggered_driven,jacobi4,2,21,0.710656,0.0034
10000,staggered_driven,jacobi4,2,22,0.693248,0.0027
10000,staggered_driven,jacobi4,2,23,0.70656,0.0031
10000,staggered_driven,jacobi4,2,24,0.703488,0.0026
10000,staggered_driven,jacobi4,2,25,0.731136,0.0032
10000,staggered_driven,jacobi4,2,26,0.710656,0.0026
10000,staggered_driven,jacobi4,2,27,0.699392,0.0027
10000,staggered_driven,jacobi4,2,28,0.704512,0.0032
10000,staggered_driven,jacobi4,2,29,0.70656,0.0031
10000,staggered_driven,jacobi4,2,30,0.705536,0.003
10000,staggered_driven,jacobi4,2,31,0.709632,0.003
10000,staggered_driven,jacobi4,2,32,0.751616,0.0032
10000,staggered_driven,jacobi4,2,33,0.72192,0.004
10000,staggered_driven,jacobi4,2,34,0.685056,0.003
10000,staggered_driven,jacobi4,2,35,0.690176,0.0032
10000,staggered_driven,jacobi4,2,36,0.676864,0.0033
10000,staggered_driven,jacobi4,2,37,0.704512,0.0031
10000,staggered_driven,jacobi4,2,38,0.677888,0.0031
10000,staggered_driven,jacobi4,2,39,0.672768,0.0031
10000,staggered_driven,jacobi4,3,0,0.704512,0.0233
10000,staggered_driven,jacobi4,3,1,0.683008,0.0033
10000,staggered_driven,jacobi4,3,2,0.668672,0.014
10000,staggered_driven,jacobi4,3,3,0.715776,0.0033
10000,staggered_driven,jacobi4,3,4,0.684032,0.0034
10000,staggered_driven,jacobi4,3,5,0.676864,0.0038
10000,staggered_driven,jacobi4,3,6,0.695296,0.0033
10000,staggered_driven,jacobi4,3,7,0.681984,0.0029
10000,staggered_driven,jacobi4,3,8,0.689152,0.0033
10000,staggered_driven,jacobi4,3,9,0.683008,0.0034
10000,staggered_driven,jacobi4,3,10,0.717824,0.0033
10000,staggered_driven,jacobi4,3,11,0.6912,0.0026
10000,staggered_driven,jacobi4,3,12,0.68096,0.0031
10000,staggered_driven,jacobi4,3,13,0.707584,0.0028
10000,staggered_driven,jacobi4,3,14,0.708608,0.0029
10000,staggered_driven,jacobi4,3,15,0.714752,0.0031
10000,staggered_driven,jacobi4,3,16,0.70144,0.0033
10000,staggered_driven,jacobi4,3,17,0.745472,0.0037
10000,staggered_driven,jacobi4,3,18,0.714752,0.0037
10000,staggered_driven,jacobi4,3,19,0.705536,0.0038
10000,staggered_driven,jacobi4,3,20,0.713728,0.0033
10000,staggered_driven,jacobi4,3,21,0.694272,0.003
10000,staggered_driven,jacobi4,3,22,0.736256,0.0029
10000,staggered_driven,jacobi4,3,23,0.704512,0.0025
10000,staggered_driven,jacobi4,3,24,0.697344,0.0029
10000,staggered_driven,jacobi4,3,25,0.709632,0.0195
10000,staggered_driven,jacobi4,3,26,0.6912,0.0031
10000,staggered_driven,jacobi4,3,27,0.707584,0.0034
10000,staggered_driven,jacobi4,3,28,0.703488,0.0035
10000,staggered_driven,jacobi4,3,29,0.728064,0.0031
10000,staggered_driven,jacobi4,3,30,0.714752,0.0034
10000,staggered_driven,jacobi4,3,31,0.715776,0.033
10000,staggered_driven,jacobi4,3,32,0.720896,0.0029
10000,staggered_driven,jacobi4,3,33,0.719872,0.0028
10000,staggered_driven,jacobi4,3,34,0.695296,0.0029
10000,staggered_driven,jacobi4,3,35,0.678912,0.0029
10000,staggered_driven,jacobi4,3,36,0.72192,0.003
10000,staggered_driven,jacobi4,3,37,0.672768,0.0031
10000,staggered_driven,jacobi4,3,38,0.669696,0.0028
10000,staggered_driven,jacobi4,3,39,0.85504,0.0036
10000,staggered_driven,jacobi16,1,0,2.306048,0.0366
10000,staggered_driven,jacobi16,1,1,2.29888,0.0129
10000,staggered_driven,jacobi16,1,2,2.306048,0.0124
10000,staggered_driven,jacobi16,1,3,2.313216,0.0121
10000,staggered_driven,jacobi16,1,4,2.301952,0.0118
10000,staggered_driven,jacobi16,1,5,2.471936,0.0118
10000,staggered_driven,jacobi16,1,6,2.49856,0.0119
10000,staggered_driven,jacobi16,1,7,2.351104,0.0121
10000,staggered_driven,jacobi16,1,8,2.313216,0.013
10000,staggered_driven,jacobi16,1,9,2.305024,0.0116
10000,staggered_driven,jacobi16,1,10,2.300928,0.0117
10000,staggered_driven,jacobi16,1,11,2.322432,0.0119
10000,staggered_driven,jacobi16,1,12,2.305024,0.0119
10000,staggered_driven,jacobi16,1,13,2.379776,0.0118
10000,staggered_driven,jacobi16,1,14,2.348032,0.0121
10000,staggered_driven,jacobi16,1,15,2.35008,0.0118
10000,staggered_driven,jacobi16,1,16,2.349056,0.0118
10000,staggered_driven,jacobi16,1,17,2.348032,0.0118
10000,staggered_driven,jacobi16,1,18,2.347008,0.012
10000,staggered_driven,jacobi16,1,19,2.37056,0.012
10000,staggered_driven,jacobi16,1,20,2.512896,0.0118
10000,staggered_driven,jacobi16,1,21,2.320384,0.0118
10000,staggered_driven,jacobi16,1,22,2.32448,0.0118
10000,staggered_driven,jacobi16,1,23,2.3296,0.0118
10000,staggered_driven,jacobi16,1,24,2.311168,0.0119
10000,staggered_driven,jacobi16,1,25,2.306048,0.0122
10000,staggered_driven,jacobi16,1,26,2.347008,0.0118
10000,staggered_driven,jacobi16,1,27,2.31424,0.0117
10000,staggered_driven,jacobi16,1,28,2.315264,0.0118
10000,staggered_driven,jacobi16,1,29,2.31424,0.0118
10000,staggered_driven,jacobi16,1,30,2.327552,0.0118
10000,staggered_driven,jacobi16,1,31,2.367488,0.0119
10000,staggered_driven,jacobi16,1,32,2.414592,0.0119
10000,staggered_driven,jacobi16,1,33,2.383872,0.0119
10000,staggered_driven,jacobi16,1,34,2.527232,0.0117
10000,staggered_driven,jacobi16,1,35,2.342912,0.0119
10000,staggered_driven,jacobi16,1,36,2.33984,0.0119
10000,staggered_driven,jacobi16,1,37,2.266112,0.0122
10000,staggered_driven,jacobi16,1,38,2.305024,0.0116
10000,staggered_driven,jacobi16,1,39,2.280448,0.0117
10000,staggered_driven,jacobi16,2,0,2.506752,0.0378
10000,staggered_driven,jacobi16,2,1,2.47296,0.0152
10000,staggered_driven,jacobi16,2,2,2.33472,0.0131
10000,staggered_driven,jacobi16,2,3,2.3552,0.0116
10000,staggered_driven,jacobi16,2,4,2.294784,0.0136
10000,staggered_driven,jacobi16,2,5,2.295808,0.0131
10000,staggered_driven,jacobi16,2,6,2.330624,0.0121
10000,staggered_driven,jacobi16,2,7,2.317312,0.0117
10000,staggered_driven,jacobi16,2,8,2.320384,0.0152
10000,staggered_driven,jacobi16,2,9,2.332672,0.0119
10000,staggered_driven,jacobi16,2,10,2.301952,0.0117
10000,staggered_driven,jacobi16,2,11,2.507776,0.0115
10000,staggered_driven,jacobi16,2,12,2.321408,0.0112
10000,staggered_driven,jacobi16,2,13,2.353152,0.0115
10000,staggered_driven,jacobi16,2,14,2.51904,0.0112
10000,staggered_driven,jacobi16,2,15,2.384896,0.0116
10000,staggered_driven,jacobi16,2,16,2.356224,0.0117
10000,staggered_driven,jacobi16,2,17,2.347008,0.0117
10000,staggered_driven,jacobi16,2,18,2.3552,0.0116
10000,staggered_driven,jacobi16,2,19,2.696192,0.0116
10000,staggered_driven,jacobi16,2,20,2.342912,0.0122
10000,staggered_driven,jacobi16,2,21,2.347008,0.0121
10000,staggered_driven,jacobi16,2,22,2.317312,0.0118
10000,staggered_driven,jacobi16,2,23,2.321408,0.0115
10000,staggered_driven,jacobi16,2,24,2.322432,0.0111
10000,staggered_driven,jacobi16,2,25,2.323456,0.0115
10000,staggered_driven,jacobi16,2,26,2.315264,0.0116
10000,staggered_driven,jacobi16,2,27,2.312192,0.0115
10000,staggered_driven,jacobi16,2,28,2.558976,0.0115
10000,staggered_driven,jacobi16,2,29,2.311168,0.0115
10000,staggered_driven,jacobi16,2,30,2.31424,0.0115
10000,staggered_driven,jacobi16,2,31,2.377728,0.0116
10000,staggered_driven,jacobi16,2,32,2.394112,0.0114
10000,staggered_driven,jacobi16,2,33,2.371584,0.0117
10000,staggered_driven,jacobi16,2,34,2.38592,0.0115
10000,staggered_driven,jacobi16,2,35,2.351104,0.0114
10000,staggered_driven,jacobi16,2,36,2.34496,0.012
10000,staggered_driven,jacobi16,2,37,2.464768,0.0116
10000,staggered_driven,jacobi16,2,38,2.276352,0.0115
10000,staggered_driven,jacobi16,2,39,2.27328,0.0116
10000,staggered_driven,jacobi16,3,0,2.316288,0.0329
10000,staggered_driven,jacobi16,3,1,2.291712,0.011
10000,staggered_driven,jacobi16,3,2,2.33472,0.0108
10000,staggered_driven,jacobi16,3,3,2.305024,0.0106
10000,staggered_driven,jacobi16,3,4,2.295808,0.0106
10000,staggered_driven,jacobi16,3,5,2.296832,0.0106
10000,staggered_driven,jacobi16,3,6,2.3296,0.0109
10000,staggered_driven,jacobi16,3,7,2.321408,0.0106
10000,staggered_driven,jacobi16,3,8,2.521088,0.0102
10000,staggered_driven,jacobi16,3,9,2.332672,0.0102
10000,staggered_driven,jacobi16,3,10,2.305024,0.0106
10000,staggered_driven,jacobi16,3,11,2.323456,0.0103
10000,staggered_driven,jacobi16,3,12,2.31424,0.0102
10000,staggered_driven,jacobi16,3,13,2.356224,0.0102
10000,staggered_driven,jacobi16,3,14,2.3296,0.0102
10000,staggered_driven,jacobi16,3,15,2.377728,0.0105
10000,staggered_driven,jacobi16,3,16,2.547712,0.0115
10000,staggered_driven,jacobi16,3,17,2.38592,0.0106
10000,staggered_driven,jacobi16,3,18,2.35008,0.0105
10000,staggered_driven,jacobi16,3,19,2.341888,0.0104
10000,staggered_driven,jacobi16,3,20,2.337792,0.0106
10000,staggered_driven,jacobi16,3,21,2.33984,0.0103
10000,staggered_driven,jacobi16,3,22,2.494464,0.0106
10000,staggered_driven,jacobi16,3,23,2.322432,0.0103
10000,staggered_driven,jacobi16,3,24,2.318336,0.0106
10000,staggered_driven,jacobi16,3,25,2.502656,0.011
10000,staggered_driven,jacobi16,3,26,2.321408,0.0102
10000,staggered_driven,jacobi16,3,27,2.305024,0.0116
10000,staggered_driven,jacobi16,3,28,2.342912,0.0102
10000,staggered_driven,jacobi16,3,29,2.316288,0.0103
10000,staggered_driven,jacobi16,3,30,2.31936,0.0102
10000,staggered_driven,jacobi16,3,31,2.379776,0.0103
10000,staggered_driven,jacobi16,3,32,2.394112,0.0107
10000,staggered_driven,jacobi16,3,33,2.364416,0.0103
10000,staggered_driven,jacobi16,3,34,2.573312,0.0102
10000,staggered_driven,jacobi16,3,35,2.341888,0.0102
10000,staggered_driven,jacobi16,3,36,2.523136,0.0106
10000,staggered_driven,jacobi16,3,37,2.280448,0.0102
10000,staggered_driven,jacobi16,3,38,2.275328,0.0114
10000,staggered_driven,jacobi16,3,39,2.272256,0.0106
10000,staggered_driven,support4,1,0,1.133568,0.0088
10000,staggered_driven,support4,1,1,0.915456,0.0111
10000,staggered_driven,support4,1,2,0.90624,0.0129
10000,staggered_driven,support4,1,3,0.918528,0.0166
10000,staggered_driven,support4,1,4,0.922624,0.0124
10000,staggered_driven,support4,1,5,0.93696,0.0108
10000,staggered_driven,support4,1,6,0.94208,0.013
10000,staggered_driven,support4,1,7,0.948224,0.0107
10000,staggered_driven,support4,1,8,1.132544,0.011
10000,staggered_driven,support4,1,9,0.94208,0.0039
10000,staggered_driven,support4,1,10,0.91648,0.0122
10000,staggered_driven,support4,1,11,0.949248,0.0041
10000,staggered_driven,support4,1,12,0.923648,0.0103
10000,staggered_driven,support4,1,13,0.953344,0.0046
10000,staggered_driven,support4,1,14,0.950272,0.0104
10000,staggered_driven,support4,1,15,0.975872,0.0043
10000,staggered_driven,support4,1,16,0.948224,0.0105
10000,staggered_driven,support4,1,17,0.979968,0.0038
10000,staggered_driven,support4,1,18,0.93696,0.0108
10000,staggered_driven,support4,1,19,0.98304,0.0055
10000,staggered_driven,support4,1,20,0.960512,0.0104
10000,staggered_driven,support4,1,21,1.125376,0.0104
10000,staggered_driven,support4,1,22,0.953344,0.0039
10000,staggered_driven,support4,1,23,0.93184,0.0126
10000,staggered_driven,support4,1,24,0.943104,0.0038
10000,staggered_driven,support4,1,25,0.946176,0.0037
10000,staggered_driven,support4,1,26,0.956416,0.0037
10000,staggered_driven,support4,1,27,0.934912,0.012
10000,staggered_driven,support4,1,28,0.955392,0.0042
10000,staggered_driven,support4,1,29,0.927744,0.0105
10000,staggered_driven,support4,1,30,0.956416,0.0038
10000,staggered_driven,support4,1,31,0.956416,0.0104
10000,staggered_driven,support4,1,32,0.969728,0.0058
10000,staggered_driven,support4,1,33,0.963584,0.0105
10000,staggered_driven,support4,1,34,0.956416,0.0039
10000,staggered_driven,support4,1,35,0.927744,0.0108
10000,staggered_driven,support4,1,36,0.960512,0.0055
10000,staggered_driven,support4,1,37,0.884736,0.0108
10000,staggered_driven,support4,1,38,0.943104,0.0042
10000,staggered_driven,support4,1,39,0.92672,0.0104
10000,staggered_driven,support4,2,0,0.933888,0.0088
10000,staggered_driven,support4,2,1,0.917504,0.0108
10000,staggered_driven,support4,2,2,0.909312,0.0112
10000,staggered_driven,support4,2,3,0.919552,0.0105
10000,staggered_driven,support4,2,4,0.91136,0.0108
10000,staggered_driven,support4,2,5,0.92672,0.0037
10000,staggered_driven,support4,2,6,0.923648,0.0125
10000,staggered_driven,support4,2,7,0.955392,0.0041
10000,staggered_driven,support4,2,8,0.929792,0.0111
10000,staggered_driven,support4,2,9,0.9472,0.0037
10000,staggered_driven,support4,2,10,0.917504,0.0056
10000,staggered_driven,support4,2,11,0.934912,0.0041
10000,staggered_driven,support4,2,12,0.920576,0.0108
10000,staggered_driven,support4,2,13,0.956416,0.0037
10000,staggered_driven,support4,2,14,0.945152,0.0121
10000,staggered_driven,support4,2,15,0.979968,0.0039
10000,staggered_driven,support4,2,16,0.950272,0.0104
10000,staggered_driven,support4,2,17,0.96768,0.0038
10000,staggered_driven,support4,2,18,0.940032,0.0105
10000,staggered_driven,support4,2,19,0.970752,0.0063
10000,staggered_driven,support4,2,20,0.961536,0.0107
10000,staggered_driven,support4,2,21,0.943104,0.0108
10000,staggered_driven,support4,2,22,0.95744,0.03
10000,staggered_driven,support4,2,23,1.142784,0.0154
10000,staggered_driven,support4,2,24,0.950272,0.0041
10000,staggered_driven,support4,2,25,0.9472,0.0107
10000,staggered_driven,support4,2,26,0.951296,0.0043
10000,staggered_driven,support4,2,27,0.93184,0.0121
10000,staggered_driven,support4,2,28,0.948224,0.0041
10000,staggered_driven,support4,2,29,0.933888,0.0105
10000,staggered_driven,support4,2,30,0.953344,0.0037
10000,staggered_driven,support4,2,31,0.960512,0.0107
10000,staggered_driven,support4,2,32,0.978944,0.0058
10000,staggered_driven,support4,2,33,0.965632,0.0104
10000,staggered_driven,support4,2,34,0.965632,0.0041
10000,staggered_driven,support4,2,35,0.929792,0.0104
10000,staggered_driven,support4,2,36,0.951296,0.0062
10000,staggered_driven,support4,2,37,0.888832,0.0104
10000,staggered_driven,support4,2,38,0.937984,0.0041
10000,staggered_driven,support4,2,39,0.922624,0.0107
10000,staggered_driven,support4,3,0,0.93696,0.0093
10000,staggered_driven,support4,3,1,1.10592,0.0131
10000,staggered_driven,support4,3,2,0.923648,0.0107
10000,staggered_driven,support4,3,3,0.93696,0.0041
10000,staggered_driven,support4,3,4,0.91648,0.0106
10000,staggered_driven,support4,3,5,0.927744,0.0058
10000,staggered_driven,support4,3,6,0.934912,0.011
10000,staggered_driven,support4,3,7,0.945152,0.011
10000,staggered_driven,support4,3,8,0.93184,0.0109
10000,staggered_driven,support4,3,9,0.928768,0.0037
10000,staggered_driven,support4,3,10,0.925696,0.0127
10000,staggered_driven,support4,3,11,0.951296,0.0036
10000,staggered_driven,support4,3,12,0.932864,0.011
10000,staggered_driven,support4,3,13,0.96256,0.0187
10000,staggered_driven,support4,3,14,0.954368,0.0138
10000,staggered_driven,support4,3,15,0.98304,0.0109
10000,staggered_driven,support4,3,16,0.9472,0.0103
10000,staggered_driven,support4,3,17,0.9728,0.0044
10000,staggered_driven,support4,3,18,0.941056,0.0124
10000,staggered_driven,support4,3,19,0.987136,0.0112
10000,staggered_driven,support4,3,20,0.969728,0.0129
10000,staggered_driven,support4,3,21,0.934912,0.0111
10000,staggered_driven,support4,3,22,0.945152,0.0038
10000,staggered_driven,support4,3,23,0.929792,0.0126
10000,staggered_driven,support4,3,24,0.95232,0.0114
10000,staggered_driven,support4,3,25,0.939008,0.0106
10000,staggered_driven,support4,3,26,0.95744,0.0044
10000,staggered_driven,support4,3,27,0.933888,0.0123
10000,staggered_driven,support4,3,28,0.944128,0.0038
10000,staggered_driven,support4,3,29,0.930816,0.0105
10000,staggered_driven,support4,3,30,0.954368,0.004
10000,staggered_driven,support4,3,31,0.955392,0.0124
10000,staggered_driven,support4,3,32,0.96256,0.0037
10000,staggered_driven,support4,3,33,0.95744,0.0108
10000,staggered_driven,support4,3,34,0.960512,0.0038
10000,staggered_driven,support4,3,35,0.92672,0.0102
10000,staggered_driven,support4,3,36,1.129472,0.0125
10000,staggered_driven,support4,3,37,0.902144,0.0106
10000,staggered_driven,support4,3,38,0.9472,0.0106
10000,staggered_driven,support4,3,39,0.930816,0.0107
65536,aligned_still,jacobi4,1,0,2.510848,0.0152
65536,aligned_still,jacobi4,1,1,2.49856,8.0E-4
65536,aligned_still,jacobi4,1,2,2.487296,0.0021
65536,aligned_still,jacobi4,1,3,2.475008,8.0E-4
65536,aligned_still,jacobi4,1,4,2.4576,6.0E-4
65536,aligned_still,jacobi4,1,5,2.482176,8.0E-4
65536,aligned_still,jacobi4,1,6,2.456576,8.0E-4
65536,aligned_still,jacobi4,1,7,2.753536,7.0E-4
65536,aligned_still,jacobi4,1,8,2.465792,8.0E-4
65536,aligned_still,jacobi4,1,9,2.57536,8.0E-4
65536,aligned_still,jacobi4,1,10,2.577408,7.0E-4
65536,aligned_still,jacobi4,1,11,2.6368,8.0E-4
65536,aligned_still,jacobi4,1,12,2.649088,7.0E-4
65536,aligned_still,jacobi4,1,13,2.63168,7.0E-4
65536,aligned_still,jacobi4,1,14,2.699264,7.0E-4
65536,aligned_still,jacobi4,1,15,2.751488,7.0E-4
65536,aligned_still,jacobi4,1,16,2.752512,8.0E-4
65536,aligned_still,jacobi4,1,17,2.837504,9.0E-4
65536,aligned_still,jacobi4,1,18,2.766848,6.0E-4
65536,aligned_still,jacobi4,1,19,3.059712,9.0E-4
65536,aligned_still,jacobi4,1,20,2.81088,0.0021
65536,aligned_still,jacobi4,1,21,2.83136,8.0E-4
65536,aligned_still,jacobi4,1,22,2.84672,7.0E-4
65536,aligned_still,jacobi4,1,23,2.840576,8.0E-4
65536,aligned_still,jacobi4,1,24,2.891776,7.0E-4
65536,aligned_still,jacobi4,1,25,2.859008,7.0E-4
65536,aligned_still,jacobi4,1,26,2.863104,8.0E-4
65536,aligned_still,jacobi4,1,27,2.853888,6.0E-4
65536,aligned_still,jacobi4,1,28,2.891776,8.0E-4
65536,aligned_still,jacobi4,1,29,2.888704,7.0E-4
65536,aligned_still,jacobi4,1,30,3.43552,7.0E-4
65536,aligned_still,jacobi4,1,31,3.0208,8.0E-4
65536,aligned_still,jacobi4,1,32,3.048448,7.0E-4
65536,aligned_still,jacobi4,1,33,3.030016,7.0E-4
65536,aligned_still,jacobi4,1,34,3.070976,8.0E-4
65536,aligned_still,jacobi4,1,35,3.08736,6.0E-4
65536,aligned_still,jacobi4,1,36,3.182592,8.0E-4
65536,aligned_still,jacobi4,1,37,3.115008,8.0E-4
65536,aligned_still,jacobi4,1,38,3.2,9.0E-4
65536,aligned_still,jacobi4,1,39,3.1744,7.0E-4
65536,aligned_still,jacobi4,2,0,2.538496,0.0109
65536,aligned_still,jacobi4,2,1,2.537472,0.0027
65536,aligned_still,jacobi4,2,2,2.535424,0.0027
65536,aligned_still,jacobi4,2,3,2.51904,0.001
65536,aligned_still,jacobi4,2,4,2.480128,8.0E-4
65536,aligned_still,jacobi4,2,5,2.523136,9.0E-4
65536,aligned_still,jacobi4,2,6,2.7648,9.0E-4
65536,aligned_still,jacobi4,2,7,2.502656,0.001
65536,aligned_still,jacobi4,2,8,2.510848,8.0E-4
65536,aligned_still,jacobi4,2,9,2.623488,9.0E-4
65536,aligned_still,jacobi4,2,10,2.629632,8.0E-4
65536,aligned_still,jacobi4,2,11,2.679808,9.0E-4
65536,aligned_still,jacobi4,2,12,2.710528,9.0E-4
65536,aligned_still,jacobi4,2,13,2.692096,0.0042
65536,aligned_still,jacobi4,2,14,2.74944,0.001
65536,aligned_still,jacobi4,2,15,2.803712,9.0E-4
65536,aligned_still,jacobi4,2,16,2.804736,0.0027
65536,aligned_still,jacobi4,2,17,2.889728,9.0E-4
65536,aligned_still,jacobi4,2,18,3.00032,8.0E-4
65536,aligned_still,jacobi4,2,19,2.899968,0.001
65536,aligned_still,jacobi4,2,20,2.866176,9.0E-4
65536,aligned_still,jacobi4,2,21,2.871296,0.001
65536,aligned_still,jacobi4,2,22,2.904064,9.0E-4
65536,aligned_still,jacobi4,2,23,2.888704,9.0E-4
65536,aligned_still,jacobi4,2,24,2.927616,0.001
65536,aligned_still,jacobi4,2,25,2.881536,9.0E-4
65536,aligned_still,jacobi4,2,26,2.894848,0.001
65536,aligned_still,jacobi4,2,27,2.886656,8.0E-4
65536,aligned_still,jacobi4,2,28,2.912256,8.0E-4
65536,aligned_still,jacobi4,2,29,3.089408,9.0E-4
65536,aligned_still,jacobi4,2,30,2.934784,0.001
65536,aligned_still,jacobi4,2,31,2.962432,8.0E-4
65536,aligned_still,jacobi4,2,32,3.028992,9.0E-4
65536,aligned_still,jacobi4,2,33,3.055616,8.0E-4
65536,aligned_still,jacobi4,2,34,3.108864,9.0E-4
65536,aligned_still,jacobi4,2,35,3.115008,9.0E-4
65536,aligned_still,jacobi4,2,36,3.19488,9.0E-4
65536,aligned_still,jacobi4,2,37,3.124224,9.0E-4
65536,aligned_still,jacobi4,2,38,3.202048,0.001
65536,aligned_still,jacobi4,2,39,3.17952,0.001
65536,aligned_still,jacobi4,3,0,2.522112,0.0104
65536,aligned_still,jacobi4,3,1,2.523136,0.0023
65536,aligned_still,jacobi4,3,2,2.514944,0.0023
65536,aligned_still,jacobi4,3,3,2.696192,9.0E-4
65536,aligned_still,jacobi4,3,4,2.480128,8.0E-4
65536,aligned_still,jacobi4,3,5,2.51392,9.0E-4
65536,aligned_still,jacobi4,3,6,2.489344,7.0E-4
65536,aligned_still,jacobi4,3,7,2.500608,8.0E-4
65536,aligned_still,jacobi4,3,8,2.5088,7.0E-4
65536,aligned_still,jacobi4,3,9,2.607104,7.0E-4
65536,aligned_still,jacobi4,3,10,2.619392,7.0E-4
65536,aligned_still,jacobi4,3,11,2.678784,8.0E-4
65536,aligned_still,jacobi4,3,12,2.705408,7.0E-4
65536,aligned_still,jacobi4,3,13,2.683904,8.0E-4
65536,aligned_still,jacobi4,3,14,2.737152,7.0E-4
65536,aligned_still,jacobi4,3,15,2.781184,8.0E-4
65536,aligned_still,jacobi4,3,16,2.9952,7.0E-4
65536,aligned_still,jacobi4,3,17,2.888704,8.0E-4
65536,aligned_still,jacobi4,3,18,2.824192,8.0E-4
65536,aligned_still,jacobi4,3,19,2.914304,7.0E-4
65536,aligned_still,jacobi4,3,20,2.884608,8.0E-4
65536,aligned_still,jacobi4,3,21,2.899968,7.0E-4
65536,aligned_still,jacobi4,3,22,2.910208,8.0E-4
65536,aligned_still,jacobi4,3,23,2.894848,7.0E-4
65536,aligned_still,jacobi4,3,24,2.92352,8.0E-4
65536,aligned_still,jacobi4,3,25,2.884608,8.0E-4
65536,aligned_still,jacobi4,3,26,2.898944,7.0E-4
65536,aligned_still,jacobi4,3,27,3.15904,7.0E-4
65536,aligned_still,jacobi4,3,28,2.962432,8.0E-4
65536,aligned_still,jacobi4,3,29,2.900992,7.0E-4
65536,aligned_still,jacobi4,3,30,2.963456,9.0E-4
65536,aligned_still,jacobi4,3,31,2.994176,7.0E-4
65536,aligned_still,jacobi4,3,32,3.075072,8.0E-4
65536,aligned_still,jacobi4,3,33,3.054592,7.0E-4
65536,aligned_still,jacobi4,3,34,3.111936,8.0E-4
65536,aligned_still,jacobi4,3,35,3.121152,7.0E-4
65536,aligned_still,jacobi4,3,36,3.195904,8.0E-4
65536,aligned_still,jacobi4,3,37,3.14368,8.0E-4
65536,aligned_still,jacobi4,3,38,3.416064,8.0E-4
65536,aligned_still,jacobi4,3,39,3.237888,8.0E-4
65536,aligned_still,jacobi16,1,0,8.969216,0.0195
65536,aligned_still,jacobi16,1,1,9.10848,0.0034
65536,aligned_still,jacobi16,1,2,8.889344,0.0034
65536,aligned_still,jacobi16,1,3,8.856576,0.0033
65536,aligned_still,jacobi16,1,4,8.799232,0.0033
65536,aligned_still,jacobi16,1,5,8.900608,0.0036
65536,aligned_still,jacobi16,1,6,9.065472,0.0035
65536,aligned_still,jacobi16,1,7,8.827904,0.0035
65536,aligned_still,jacobi16,1,8,8.83712,0.0034
65536,aligned_still,jacobi16,1,9,9.107456,0.0035
65536,aligned_still,jacobi16,1,10,8.86272,0.0035
65536,aligned_still,jacobi16,1,11,8.836096,0.0033
65536,aligned_still,jacobi16,1,12,9.071616,0.0034
65536,aligned_still,jacobi16,1,13,8.854528,0.0034
65536,aligned_still,jacobi16,1,14,8.866816,0.0033
65536,aligned_still,jacobi16,1,15,8.905728,0.0034
65536,aligned_still,jacobi16,1,16,9.107456,0.0034
65536,aligned_still,jacobi16,1,17,8.880128,0.0041
65536,aligned_still,jacobi16,1,18,8.846336,0.0035
65536,aligned_still,jacobi16,1,19,8.899584,0.0037
65536,aligned_still,jacobi16,1,20,9.117696,0.0033
65536,aligned_still,jacobi16,1,21,8.815616,0.0034
65536,aligned_still,jacobi16,1,22,8.848384,0.0034
65536,aligned_still,jacobi16,1,23,9.13408,0.0034
65536,aligned_still,jacobi16,1,24,9.0112,0.0034
65536,aligned_still,jacobi16,1,25,8.997888,0.0035
65536,aligned_still,jacobi16,1,26,9.00096,0.0034
65536,aligned_still,jacobi16,1,27,9.158656,0.0034
65536,aligned_still,jacobi16,1,28,8.947712,0.0035
65536,aligned_still,jacobi16,1,29,8.910848,0.0035
65536,aligned_still,jacobi16,1,30,8.906752,0.0034
65536,aligned_still,jacobi16,1,31,9.203712,0.0035
65536,aligned_still,jacobi16,1,32,8.906752,0.0034
65536,aligned_still,jacobi16,1,33,8.843264,0.0034
65536,aligned_still,jacobi16,1,34,8.8832,0.0034
65536,aligned_still,jacobi16,1,35,9.07264,0.0034
65536,aligned_still,jacobi16,1,36,8.891392,0.0034
65536,aligned_still,jacobi16,1,37,8.910848,0.0033
65536,aligned_still,jacobi16,1,38,9.111552,0.0037
65536,aligned_still,jacobi16,1,39,8.86784,0.0034
65536,aligned_still,jacobi16,2,0,8.93952,0.019
65536,aligned_still,jacobi16,2,1,9.158656,0.0034
65536,aligned_still,jacobi16,2,2,8.836096,0.0034
65536,aligned_still,jacobi16,2,3,8.829952,0.0033
65536,aligned_still,jacobi16,2,4,8.834048,0.0034
65536,aligned_still,jacobi16,2,5,9.101312,0.0034
65536,aligned_still,jacobi16,2,6,8.846336,0.0033
65536,aligned_still,jacobi16,2,7,8.84224,0.0034
65536,aligned_still,jacobi16,2,8,9.120768,0.0033
65536,aligned_still,jacobi16,2,9,8.907776,0.0033
65536,aligned_still,jacobi16,2,10,8.972288,0.0032
65536,aligned_still,jacobi16,2,11,8.91392,0.0032
65536,aligned_still,jacobi16,2,12,9.199616,0.0032
65536,aligned_still,jacobi16,2,13,8.901632,0.0033
65536,aligned_still,jacobi16,2,14,8.922112,0.0033
65536,aligned_still,jacobi16,2,15,8.91904,0.0035
65536,aligned_still,jacobi16,2,16,9.146368,0.0033
65536,aligned_still,jacobi16,2,17,8.907776,0.0033
65536,aligned_still,jacobi16,2,18,8.84224,0.0033
65536,aligned_still,jacobi16,2,19,9.124864,0.0036
65536,aligned_still,jacobi16,2,20,8.946688,0.0034
65536,aligned_still,jacobi16,2,21,8.928256,0.0033
65536,aligned_still,jacobi16,2,22,8.87808,0.0038
65536,aligned_still,jacobi16,2,23,9.092096,0.0033
65536,aligned_still,jacobi16,2,24,8.96512,0.0034
65536,aligned_still,jacobi16,2,25,8.935424,0.0034
65536,aligned_still,jacobi16,2,26,9.172992,0.0033
65536,aligned_still,jacobi16,2,27,9.129984,0.0033
65536,aligned_still,jacobi16,2,28,8.873984,0.0033
65536,aligned_still,jacobi16,2,29,8.895488,0.0033
65536,aligned_still,jacobi16,2,30,8.922112,0.0034
65536,aligned_still,jacobi16,2,31,9.126912,0.0036
65536,aligned_still,jacobi16,2,32,8.956928,0.0033
65536,aligned_still,jacobi16,2,33,8.969216,0.0033
65536,aligned_still,jacobi16,2,34,9.181184,0.0035
65536,aligned_still,jacobi16,2,35,8.968192,0.0033
65536,aligned_still,jacobi16,2,36,8.994816,0.0032
65536,aligned_still,jacobi16,2,37,8.94976,0.0033
65536,aligned_still,jacobi16,2,38,9.247744,0.0034
65536,aligned_still,jacobi16,2,39,8.94464,0.0033
65536,aligned_still,jacobi16,3,0,9.10848,0.0111
65536,aligned_still,jacobi16,3,1,8.859648,0.0035
65536,aligned_still,jacobi16,3,2,8.772608,0.0032
65536,aligned_still,jacobi16,3,3,8.768512,0.0033
65536,aligned_still,jacobi16,3,4,9.044992,0.0034
65536,aligned_still,jacobi16,3,5,8.869888,0.0034
65536,aligned_still,jacobi16,3,6,8.829952,0.0033
65536,aligned_still,jacobi16,3,7,8.845312,0.0033
65536,aligned_still,jacobi16,3,8,9.042944,0.0033
65536,aligned_still,jacobi16,3,9,8.823808,0.0034
65536,aligned_still,jacobi16,3,10,8.876032,0.0033
65536,aligned_still,jacobi16,3,11,8.91392,0.0033
65536,aligned_still,jacobi16,3,12,9.15456,0.0032
65536,aligned_still,jacobi16,3,13,8.846336,0.0033
65536,aligned_still,jacobi16,3,14,8.853504,0.0034
65536,aligned_still,jacobi16,3,15,9.143296,0.0033
65536,aligned_still,jacobi16,3,16,8.86784,0.0032
65536,aligned_still,jacobi16,3,17,8.892416,0.0032
65536,aligned_still,jacobi16,3,18,8.833024,0.0033
65536,aligned_still,jacobi16,3,19,9.237504,0.0032
65536,aligned_still,jacobi16,3,20,8.92416,0.0033
65536,aligned_still,jacobi16,3,21,8.90368,0.0033
65536,aligned_still,jacobi16,3,22,8.885248,0.0032
65536,aligned_still,jacobi16,3,23,9.059328,0.0033
65536,aligned_still,jacobi16,3,24,8.966144,0.0034
65536,aligned_still,jacobi16,3,25,8.96,0.0033
65536,aligned_still,jacobi16,3,26,8.880128,0.0032
65536,aligned_still,jacobi16,3,27,9.194496,0.0034
65536,aligned_still,jacobi16,3,28,8.873984,0.0032
65536,aligned_still,jacobi16,3,29,8.887296,0.0034
65536,aligned_still,jacobi16,3,30,9.131008,0.0034
65536,aligned_still,jacobi16,3,31,8.90368,0.0033
65536,aligned_still,jacobi16,3,32,9.038848,0.0033
65536,aligned_still,jacobi16,3,33,8.96512,0.0032
65536,aligned_still,jacobi16,3,34,9.352192,0.0033
65536,aligned_still,jacobi16,3,35,8.972288,0.0033
65536,aligned_still,jacobi16,3,36,8.969216,0.0032
65536,aligned_still,jacobi16,3,37,8.914944,0.0032
65536,aligned_still,jacobi16,3,38,9.223168,0.0032
65536,aligned_still,jacobi16,3,39,8.953856,0.0033
65536,aligned_still,support4,1,0,2.909184,0.0151
65536,aligned_still,support4,1,1,2.88768,0.0032
65536,aligned_still,support4,1,2,2.8416,0.0031
65536,aligned_still,support4,1,3,2.922496,0.0031
65536,aligned_still,support4,1,4,2.878464,0.0032
65536,aligned_still,support4,1,5,2.840576,0.0032
65536,aligned_still,support4,1,6,2.885632,0.0031
65536,aligned_still,support4,1,7,2.827264,0.0031
65536,aligned_still,support4,1,8,2.869248,0.0032
65536,aligned_still,support4,1,9,2.840576,0.0031
65536,aligned_still,support4,1,10,2.881536,0.0017
65536,aligned_still,support4,1,11,3.08736,0.0031
65536,aligned_still,support4,1,12,2.842624,0.0032
65536,aligned_still,support4,1,13,2.876416,0.0032
65536,aligned_still,support4,1,14,2.799616,0.0032
65536,aligned_still,support4,1,15,2.849792,0.0042
65536,aligned_still,support4,1,16,3.103744,0.0031
65536,aligned_still,support4,1,17,2.820096,0.0032
65536,aligned_still,support4,1,18,2.859008,0.0031
65536,aligned_still,support4,1,19,2.833408,0.0031
65536,aligned_still,support4,1,20,2.852864,0.0014
65536,aligned_still,support4,1,21,2.806784,0.0032
65536,aligned_still,support4,1,22,3.091456,0.0015
65536,aligned_still,support4,1,23,2.855936,0.0031
65536,aligned_still,support4,1,24,2.812928,0.0031
65536,aligned_still,support4,1,25,2.881536,0.0016
65536,aligned_still,support4,1,26,2.808832,0.0031
65536,aligned_still,support4,1,27,2.843648,0.0032
65536,aligned_still,support4,1,28,2.830336,0.0031
65536,aligned_still,support4,1,29,3.084288,0.0017
65536,aligned_still,support4,1,30,2.93376,0.0031
65536,aligned_still,support4,1,31,2.835456,0.0032
65536,aligned_still,support4,1,32,2.868224,0.0032
65536,aligned_still,support4,1,33,2.814976,0.003
65536,aligned_still,support4,1,34,3.145728,0.005
65536,aligned_still,support4,1,35,2.844672,0.0031
65536,aligned_still,support4,1,36,2.848768,0.0032
65536,aligned_still,support4,1,37,3.10272,0.0016
65536,aligned_still,support4,1,38,2.83648,0.0032
65536,aligned_still,support4,1,39,2.870272,0.0016
65536,aligned_still,support4,2,0,2.888704,0.0404
65536,aligned_still,support4,2,1,2.870272,0.0077
65536,aligned_still,support4,2,2,2.854912,0.0031
65536,aligned_still,support4,2,3,3.142656,0.0031
65536,aligned_still,support4,2,4,2.848768,0.003
65536,aligned_still,support4,2,5,2.87744,0.0031
65536,aligned_still,support4,2,6,2.861056,0.0031
65536,aligned_still,support4,2,7,2.814976,0.0031
65536,aligned_still,support4,2,8,2.85184,0.0034
65536,aligned_still,support4,2,9,2.802688,0.0031
65536,aligned_still,support4,2,10,3.117056,0.0017
65536,aligned_still,support4,2,11,2.832384,0.0032
65536,aligned_still,support4,2,12,2.883584,0.0015
65536,aligned_still,support4,2,13,2.849792,0.0031
65536,aligned_still,support4,2,14,2.83136,0.0031
65536,aligned_still,support4,2,15,2.849792,0.0017
65536,aligned_still,support4,2,16,2.824192,0.003
65536,aligned_still,support4,2,17,3.081216,0.0014
65536,aligned_still,support4,2,18,2.843648,0.0032
65536,aligned_still,support4,2,19,2.847744,0.0031
65536,aligned_still,support4,2,20,2.87744,0.0016
65536,aligned_still,support4,2,21,3.034112,0.0031
65536,aligned_still,support4,2,22,2.880512,0.0036
65536,aligned_still,support4,2,23,2.840576,0.0033
65536,aligned_still,support4,2,24,3.108864,0.0031
65536,aligned_still,support4,2,25,2.87232,0.0031
65536,aligned_still,support4,2,26,2.816,0.003
65536,aligned_still,support4,2,27,2.863104,0.0049
65536,aligned_still,support4,2,28,2.81088,0.0032
65536,aligned_still,support4,2,29,2.838528,0.0036
65536,aligned_still,support4,2,30,2.824192,0.0031
65536,aligned_still,support4,2,31,3.120128,0.0016
65536,aligned_still,support4,2,32,2.840576,0.0031
65536,aligned_still,support4,2,33,3.063808,0.003
65536,aligned_still,support4,2,34,2.854912,0.0019
65536,aligned_still,support4,2,35,2.80064,0.0032
65536,aligned_still,support4,2,36,2.857984,0.0031
65536,aligned_still,support4,2,37,2.835456,0.0033
65536,aligned_still,support4,2,38,2.828288,0.0031
65536,aligned_still,support4,2,39,3.135488,0.003
65536,aligned_still,support4,3,0,2.885632,0.0131
65536,aligned_still,support4,3,1,2.86208,0.0033
65536,aligned_still,support4,3,2,2.843648,0.003
65536,aligned_still,support4,3,3,2.809856,0.0031
65536,aligned_still,support4,3,4,2.859008,0.0031
65536,aligned_still,support4,3,5,2.80576,0.0035
65536,aligned_still,support4,3,6,2.82112,0.0031
65536,aligned_still,support4,3,7,2.81088,0.0057
65536,aligned_still,support4,3,8,2.814976,0.0031
65536,aligned_still,support4,3,9,2.860032,0.0014
65536,aligned_still,support4,3,10,2.796544,0.0032
65536,aligned_still,support4,3,11,3.018752,0.0016
65536,aligned_still,support4,3,12,2.824192,0.003
65536,aligned_still,support4,3,13,2.8928,0.0016
65536,aligned_still,support4,3,14,2.859008,0.003
65536,aligned_still,support4,3,15,2.828288,0.003
65536,aligned_still,support4,3,16,2.883584,0.0015
65536,aligned_still,support4,3,17,2.829312,0.0031
65536,aligned_still,support4,3,18,2.88256,0.0017
65536,aligned_still,support4,3,19,2.876416,0.0031
65536,aligned_still,support4,3,20,2.92352,0.0016
65536,aligned_still,support4,3,21,2.875392,0.003
65536,aligned_still,support4,3,22,3.03616,0.003
65536,aligned_still,support4,3,23,2.881536,0.0015
65536,aligned_still,support4,3,24,2.85696,0.003
65536,aligned_still,support4,3,25,2.905088,0.0031
65536,aligned_still,support4,3,26,2.87232,0.0031
65536,aligned_still,support4,3,27,2.850816,0.0031
65536,aligned_still,support4,3,28,2.875392,0.0015
65536,aligned_still,support4,3,29,2.849792,0.0031
65536,aligned_still,support4,3,30,2.874368,0.0015
65536,aligned_still,support4,3,31,2.833408,0.0031
65536,aligned_still,support4,3,32,2.905088,0.0031
65536,aligned_still,support4,3,33,2.876416,0.0031
65536,aligned_still,support4,3,34,3.047424,0.0031
65536,aligned_still,support4,3,35,2.895872,0.0015
65536,aligned_still,support4,3,36,2.8672,0.0032
65536,aligned_still,support4,3,37,2.885632,0.0016
65536,aligned_still,support4,3,38,2.85696,0.0031
65536,aligned_still,support4,3,39,2.894848,0.0015
65536,staggered_still,jacobi4,1,0,2.866176,0.0062
65536,staggered_still,jacobi4,1,1,2.834432,7.0E-4
65536,staggered_still,jacobi4,1,2,2.807808,0.0021
65536,staggered_still,jacobi4,1,3,2.845696,8.0E-4
65536,staggered_still,jacobi4,1,4,2.848768,7.0E-4
65536,staggered_still,jacobi4,1,5,2.952192,7.0E-4
65536,staggered_still,jacobi4,1,6,3.166208,7.0E-4
65536,staggered_still,jacobi4,1,7,3.095552,7.0E-4
65536,staggered_still,jacobi4,1,8,3.042304,6.0E-4
65536,staggered_still,jacobi4,1,9,3.019776,8.0E-4
65536,staggered_still,jacobi4,1,10,3.052544,7.0E-4
65536,staggered_still,jacobi4,1,11,3.02592,7.0E-4
65536,staggered_still,jacobi4,1,12,2.9952,6.0E-4
65536,staggered_still,jacobi4,1,13,3.09248,6.0E-4
65536,staggered_still,jacobi4,1,14,3.093504,6.0E-4
65536,staggered_still,jacobi4,1,15,3.113984,8.0E-4
65536,staggered_still,jacobi4,1,16,3.0976,7.0E-4
65536,staggered_still,jacobi4,1,17,3.402752,8.0E-4
65536,staggered_still,jacobi4,1,18,3.11296,0.001
65536,staggered_still,jacobi4,1,19,3.171328,7.0E-4
65536,staggered_still,jacobi4,1,20,3.13856,7.0E-4
65536,staggered_still,jacobi4,1,21,3.237888,7.0E-4
65536,staggered_still,jacobi4,1,22,3.248128,8.0E-4
65536,staggered_still,jacobi4,1,23,3.295232,8.0E-4
65536,staggered_still,jacobi4,1,24,3.283968,6.0E-4
65536,staggered_still,jacobi4,1,25,3.326976,7.0E-4
65536,staggered_still,jacobi4,1,26,3.340288,8.0E-4
65536,staggered_still,jacobi4,1,27,3.627008,6.0E-4
65536,staggered_still,jacobi4,1,28,3.427328,8.0E-4
65536,staggered_still,jacobi4,1,29,3.45088,7.0E-4
65536,staggered_still,jacobi4,1,30,3.452928,6.0E-4
65536,staggered_still,jacobi4,1,31,3.434496,7.0E-4
65536,staggered_still,jacobi4,1,32,3.46624,8.0E-4
65536,staggered_still,jacobi4,1,33,3.446784,7.0E-4
65536,staggered_still,jacobi4,1,34,3.456,9.0E-4
65536,staggered_still,jacobi4,1,35,3.441664,8.0E-4
65536,staggered_still,jacobi4,1,36,3.509248,7.0E-4
65536,staggered_still,jacobi4,1,37,3.82976,7.0E-4
65536,staggered_still,jacobi4,1,38,3.615744,8.0E-4
65536,staggered_still,jacobi4,1,39,3.733504,7.0E-4
65536,staggered_still,jacobi4,2,0,2.834432,0.0083
65536,staggered_still,jacobi4,2,1,2.804736,9.0E-4
65536,staggered_still,jacobi4,2,2,2.802688,0.0021
65536,staggered_still,jacobi4,2,3,2.85184,8.0E-4
65536,staggered_still,jacobi4,2,4,3.1488,8.0E-4
65536,staggered_still,jacobi4,2,5,2.981888,6.0E-4
65536,staggered_still,jacobi4,2,6,2.945024,7.0E-4
65536,staggered_still,jacobi4,2,7,3.040256,8.0E-4
65536,staggered_still,jacobi4,2,8,3.038208,6.0E-4
65536,staggered_still,jacobi4,2,9,3.247104,8.0E-4
65536,staggered_still,jacobi4,2,10,3.0464,6.0E-4
65536,staggered_still,jacobi4,2,11,3.023872,7.0E-4
65536,staggered_still,jacobi4,2,12,3.00544,6.0E-4
65536,staggered_still,jacobi4,2,13,3.103744,7.0E-4
65536,staggered_still,jacobi4,2,14,3.089408,7.0E-4
65536,staggered_still,jacobi4,2,15,3.108864,9.0E-4
65536,staggered_still,jacobi4,2,16,3.099648,7.0E-4
65536,staggered_still,jacobi4,2,17,3.15392,8.0E-4
65536,staggered_still,jacobi4,2,18,3.109888,7.0E-4
65536,staggered_still,jacobi4,2,19,3.166208,7.0E-4
65536,staggered_still,jacobi4,2,20,3.386368,8.0E-4
65536,staggered_still,jacobi4,2,21,3.236864,8.0E-4
65536,staggered_still,jacobi4,2,22,3.260416,7.0E-4
65536,staggered_still,jacobi4,2,23,3.321856,7.0E-4
65536,staggered_still,jacobi4,2,24,3.309568,9.0E-4
65536,staggered_still,jacobi4,2,25,3.34336,7.0E-4
65536,staggered_still,jacobi4,2,26,3.349504,8.0E-4
65536,staggered_still,jacobi4,2,27,3.316736,7.0E-4
65536,staggered_still,jacobi4,2,28,3.390464,6.0E-4
65536,staggered_still,jacobi4,2,29,3.456,9.0E-4
65536,staggered_still,jacobi4,2,30,3.744768,7.0E-4
65536,staggered_still,jacobi4,2,31,3.443712,6.0E-4
65536,staggered_still,jacobi4,2,32,3.46112,8.0E-4
65536,staggered_still,jacobi4,2,33,3.465216,7.0E-4
65536,staggered_still,jacobi4,2,34,3.46112,6.0E-4
65536,staggered_still,jacobi4,2,35,3.427328,7.0E-4
65536,staggered_still,jacobi4,2,36,3.51232,8.0E-4
65536,staggered_still,jacobi4,2,37,3.545088,7.0E-4
65536,staggered_still,jacobi4,2,38,3.61984,8.0E-4
65536,staggered_still,jacobi4,2,39,3.912704,7.0E-4
65536,staggered_still,jacobi4,3,0,2.82624,0.0109
65536,staggered_still,jacobi4,3,1,3.07712,0.0012
65536,staggered_still,jacobi4,3,2,2.807808,0.0031
65536,staggered_still,jacobi4,3,3,2.853888,0.0011
65536,staggered_still,jacobi4,3,4,2.849792,0.001
65536,staggered_still,jacobi4,3,5,2.951168,0.0011
65536,staggered_still,jacobi4,3,6,2.941952,0.001
65536,staggered_still,jacobi4,3,7,3.059712,0.0011
65536,staggered_still,jacobi4,3,8,3.0464,0.0011
65536,staggered_still,jacobi4,3,9,2.996224,0.001
65536,staggered_still,jacobi4,3,10,3.030016,0.001
65536,staggered_still,jacobi4,3,11,2.985984,0.003
65536,staggered_still,jacobi4,3,12,3.23584,0.0012
65536,staggered_still,jacobi4,3,13,3.076096,9.0E-4
65536,staggered_still,jacobi4,3,14,3.078144,6.0E-4
65536,staggered_still,jacobi4,3,15,3.069952,9.0E-4
65536,staggered_still,jacobi4,3,16,3.09248,7.0E-4
65536,staggered_still,jacobi4,3,17,3.150848,7.0E-4
65536,staggered_still,jacobi4,3,18,3.100672,7.0E-4
65536,staggered_still,jacobi4,3,19,3.131392,8.0E-4
65536,staggered_still,jacobi4,3,20,3.105792,7.0E-4
65536,staggered_still,jacobi4,3,21,3.206144,8.0E-4
65536,staggered_still,jacobi4,3,22,3.5072,8.0E-4
65536,staggered_still,jacobi4,3,23,3.339264,7.0E-4
65536,staggered_still,jacobi4,3,24,3.265536,8.0E-4
65536,staggered_still,jacobi4,3,25,3.321856,7.0E-4
65536,staggered_still,jacobi4,3,26,3.318784,7.0E-4
65536,staggered_still,jacobi4,3,27,3.265536,8.0E-4
65536,staggered_still,jacobi4,3,28,3.369984,7.0E-4
65536,staggered_still,jacobi4,3,29,3.416064,7.0E-4
65536,staggered_still,jacobi4,3,30,3.44064,8.0E-4
65536,staggered_still,jacobi4,3,31,3.419136,6.0E-4
65536,staggered_still,jacobi4,3,32,3.646464,8.0E-4
65536,staggered_still,jacobi4,3,33,3.431424,8.0E-4
65536,staggered_still,jacobi4,3,34,3.44576,7.0E-4
65536,staggered_still,jacobi4,3,35,3.448832,7.0E-4
65536,staggered_still,jacobi4,3,36,3.510272,7.0E-4
65536,staggered_still,jacobi4,3,37,3.538944,7.0E-4
65536,staggered_still,jacobi4,3,38,3.643392,8.0E-4
65536,staggered_still,jacobi4,3,39,3.714048,7.0E-4
65536,staggered_still,jacobi16,1,0,9.417728,0.0117
65536,staggered_still,jacobi16,1,1,9.56416,0.0034
65536,staggered_still,jacobi16,1,2,9.307136,0.0256
65536,staggered_still,jacobi16,1,3,9.283584,0.0033
65536,staggered_still,jacobi16,1,4,9.586688,0.0034
65536,staggered_still,jacobi16,1,5,9.852928,0.0034
65536,staggered_still,jacobi16,1,6,9.832448,0.0244
65536,staggered_still,jacobi16,1,7,9.972736,0.0108
65536,staggered_still,jacobi16,1,8,10.19904,0.0033
65536,staggered_still,jacobi16,1,9,9.949184,0.0034
65536,staggered_still,jacobi16,1,10,10.104832,0.0033
65536,staggered_still,jacobi16,1,11,10.238976,0.0033
65536,staggered_still,jacobi16,1,12,10.550272,0.0035
65536,staggered_still,jacobi16,1,13,10.249216,0.0033
65536,staggered_still,jacobi16,1,14,10.1888,0.0033
65536,staggered_still,jacobi16,1,15,10.43968,0.0042
65536,staggered_still,jacobi16,1,16,10.25536,0.0033
65536,staggered_still,jacobi16,1,17,10.190848,0.0033
65536,staggered_still,jacobi16,1,18,10.404864,0.0033
65536,staggered_still,jacobi16,1,19,10.196992,0.0033
65536,staggered_still,jacobi16,1,20,10.279936,0.0034
65536,staggered_still,jacobi16,1,21,10.518528,0.0034
65536,staggered_still,jacobi16,1,22,10.318848,0.0035
65536,staggered_still,jacobi16,1,23,10.256384,0.0033
65536,staggered_still,jacobi16,1,24,10.267648,0.0037
65536,staggered_still,jacobi16,1,25,10.376192,0.0033
65536,staggered_still,jacobi16,1,26,10.088448,0.0033
65536,staggered_still,jacobi16,1,27,10.05568,0.0033
65536,staggered_still,jacobi16,1,28,10.211328,0.0034
65536,staggered_still,jacobi16,1,29,10.082304,0.0033
65536,staggered_still,jacobi16,1,30,10.063872,0.0033
65536,staggered_still,jacobi16,1,31,10.309632,0.0033
65536,staggered_still,jacobi16,1,32,10.061824,0.0033
65536,staggered_still,jacobi16,1,33,10.017792,0.0034
65536,staggered_still,jacobi16,1,34,10.494976,0.0033
65536,staggered_still,jacobi16,1,35,10.4704,0.0034
65536,staggered_still,jacobi16,1,36,10.600448,0.0032
65536,staggered_still,jacobi16,1,37,10.614784,0.0035
65536,staggered_still,jacobi16,1,38,10.89536,0.0033
65536,staggered_still,jacobi16,1,39,10.57792,0.0033
65536,staggered_still,jacobi16,2,0,9.339904,0.011
65536,staggered_still,jacobi16,2,1,9.503744,0.0034
65536,staggered_still,jacobi16,2,2,9.279488,0.0033
65536,staggered_still,jacobi16,2,3,9.247744,0.0031
65536,staggered_still,jacobi16,2,4,9.296896,0.0034
65536,staggered_still,jacobi16,2,5,9.818112,0.0033
65536,staggered_still,jacobi16,2,6,9.806848,0.0032
65536,staggered_still,jacobi16,2,7,9.970688,0.0032
65536,staggered_still,jacobi16,2,8,10.252288,0.0033
65536,staggered_still,jacobi16,2,9,9.951232,0.0032
65536,staggered_still,jacobi16,2,10,10.097664,0.0033
65536,staggered_still,jacobi16,2,11,10.244096,0.0032
65536,staggered_still,jacobi16,2,12,10.57792,0.0033
65536,staggered_still,jacobi16,2,13,10.259456,0.0048
65536,staggered_still,jacobi16,2,14,10.217472,0.0033
65536,staggered_still,jacobi16,2,15,10.496,0.0033
65536,staggered_still,jacobi16,2,16,10.198016,0.0032
65536,staggered_still,jacobi16,2,17,10.351616,0.0033
65536,staggered_still,jacobi16,2,18,10.389504,0.0032
65536,staggered_still,jacobi16,2,19,10.143744,0.0033
65536,staggered_still,jacobi16,2,20,10.161152,0.0033
65536,staggered_still,jacobi16,2,21,10.457088,0.0033
65536,staggered_still,jacobi16,2,22,10.24,0.0032
65536,staggered_still,jacobi16,2,23,10.1888,0.0033
65536,staggered_still,jacobi16,2,24,10.203136,0.0034
65536,staggered_still,jacobi16,2,25,10.389504,0.0032
65536,staggered_still,jacobi16,2,26,10.195968,0.0032
65536,staggered_still,jacobi16,2,27,10.161152,0.0033
65536,staggered_still,jacobi16,2,28,10.333184,0.0033
65536,staggered_still,jacobi16,2,29,10.048512,0.0033
65536,staggered_still,jacobi16,2,30,10.016768,0.0032
65536,staggered_still,jacobi16,2,31,10.27072,0.0032
65536,staggered_still,jacobi16,2,32,10.090496,0.0033
65536,staggered_still,jacobi16,2,33,10.051584,0.0033
65536,staggered_still,jacobi16,2,34,10.479616,0.0032
65536,staggered_still,jacobi16,2,35,10.600448,0.0031
65536,staggered_still,jacobi16,2,36,10.657792,0.0032
65536,staggered_still,jacobi16,2,37,10.693632,0.0032
65536,staggered_still,jacobi16,2,38,11.03872,0.0033
65536,staggered_still,jacobi16,2,39,10.632192,0.0033
65536,staggered_still,jacobi16,3,0,9.46176,0.0119
65536,staggered_still,jacobi16,3,1,9.361408,0.0033
65536,staggered_still,jacobi16,3,2,9.525248,0.0032
65536,staggered_still,jacobi16,3,3,9.293824,0.0032
65536,staggered_still,jacobi16,3,4,9.296896,0.0032
65536,staggered_still,jacobi16,3,5,9.612288,0.0032
65536,staggered_still,jacobi16,3,6,10.181632,0.0032
65536,staggered_still,jacobi16,3,7,10.0352,0.0068
65536,staggered_still,jacobi16,3,8,9.988096,0.0036
65536,staggered_still,jacobi16,3,9,10.304512,0.0032
65536,staggered_still,jacobi16,3,10,10.156032,0.0033
65536,staggered_still,jacobi16,3,11,10.253312,0.0034
65536,staggered_still,jacobi16,3,12,10.579968,0.0032
65536,staggered_still,jacobi16,3,13,10.257408,0.0036
65536,staggered_still,jacobi16,3,14,10.273792,0.0033
65536,staggered_still,jacobi16,3,15,10.589184,0.0033
65536,staggered_still,jacobi16,3,16,10.28608,0.0032
65536,staggered_still,jacobi16,3,17,10.186752,0.0032
65536,staggered_still,jacobi16,3,18,10.087424,0.0032
65536,staggered_still,jacobi16,3,19,10.407936,0.0033
65536,staggered_still,jacobi16,3,20,10.220544,0.0032
65536,staggered_still,jacobi16,3,21,10.233856,0.0033
65536,staggered_still,jacobi16,3,22,10.498048,0.0033
65536,staggered_still,jacobi16,3,23,10.16832,0.0033
65536,staggered_still,jacobi16,3,24,10.189824,0.0032
65536,staggered_still,jacobi16,3,25,10.343424,0.0032
65536,staggered_still,jacobi16,3,26,10.135552,0.0032
65536,staggered_still,jacobi16,3,27,10.054656,0.0033
65536,staggered_still,jacobi16,3,28,10.257408,0.0031
65536,staggered_still,jacobi16,3,29,10.074112,0.0033
65536,staggered_still,jacobi16,3,30,10.078208,0.0032
65536,staggered_still,jacobi16,3,31,10.253312,0.0032
65536,staggered_still,jacobi16,3,32,10.28096,0.0033
65536,staggered_still,jacobi16,3,33,9.977856,0.0033
65536,staggered_still,jacobi16,3,34,10.1376,0.0035
65536,staggered_still,jacobi16,3,35,10.785792,0.0032
65536,staggered_still,jacobi16,3,36,10.61376,0.0032
65536,staggered_still,jacobi16,3,37,10.622976,0.0033
65536,staggered_still,jacobi16,3,38,10.940416,0.0033
65536,staggered_still,jacobi16,3,39,10.691584,0.0032
65536,staggered_still,support4,1,0,2.926592,0.0135
65536,staggered_still,support4,1,1,3.147776,0.0032
65536,staggered_still,support4,1,2,2.873344,0.0031
65536,staggered_still,support4,1,3,2.90816,0.0032
65536,staggered_still,support4,1,4,2.879488,0.0031
65536,staggered_still,support4,1,5,2.838528,0.0034
65536,staggered_still,support4,1,6,2.8672,0.003
65536,staggered_still,support4,1,7,2.82624,0.0035
65536,staggered_still,support4,1,8,3.183616,0.0032
65536,staggered_still,support4,1,9,2.878464,0.0031
65536,staggered_still,support4,1,10,2.890752,0.0016
65536,staggered_still,support4,1,11,3.127296,0.0031
65536,staggered_still,support4,1,12,2.85184,0.0031
65536,staggered_still,support4,1,13,2.86208,0.0032
65536,staggered_still,support4,1,14,2.848768,0.0031
65536,staggered_still,support4,1,15,3.090432,0.0016
65536,staggered_still,support4,1,16,2.837504,0.0054
65536,staggered_still,support4,1,17,2.844672,0.0032
65536,staggered_still,support4,1,18,2.886656,0.0016
65536,staggered_still,support4,1,19,2.853888,0.0031
65536,staggered_still,support4,1,20,2.864128,0.0015
65536,staggered_still,support4,1,21,2.816,0.0031
65536,staggered_still,support4,1,22,3.117056,0.0015
65536,staggered_still,support4,1,23,2.875392,0.003
65536,staggered_still,support4,1,24,2.848768,0.0033
65536,staggered_still,support4,1,25,2.885632,0.0015
65536,staggered_still,support4,1,26,2.881536,0.003
65536,staggered_still,support4,1,27,2.900992,0.0031
65536,staggered_still,support4,1,28,2.87744,0.0032
65536,staggered_still,support4,1,29,3.110912,0.0032
65536,staggered_still,support4,1,30,2.91328,0.0032
65536,staggered_still,support4,1,31,2.869248,0.0031
65536,staggered_still,support4,1,32,2.91328,0.0032
65536,staggered_still,support4,1,33,2.896896,0.0031
65536,staggered_still,support4,1,34,3.175424,0.0031
65536,staggered_still,support4,1,35,2.880512,0.0031
65536,staggered_still,support4,1,36,3.080192,0.0031
65536,staggered_still,support4,1,37,2.924544,0.0067
65536,staggered_still,support4,1,38,2.891776,0.0057
65536,staggered_still,support4,1,39,2.895872,0.0051
65536,staggered_still,support4,2,0,2.9184,0.0121
65536,staggered_still,support4,2,1,2.8928,0.0046
65536,staggered_still,support4,2,2,3.021824,0.0046
65536,staggered_still,support4,2,3,2.87744,0.0047
65536,staggered_still,support4,2,4,2.855936,0.0031
65536,staggered_still,support4,2,5,2.906112,0.0034
65536,staggered_still,support4,2,6,2.868224,0.0031
65536,staggered_still,support4,2,7,2.825216,0.0032
65536,staggered_still,support4,2,8,2.886656,0.0031
65536,staggered_still,support4,2,9,3.086336,0.003
65536,staggered_still,support4,2,10,2.92352,0.0015
65536,staggered_still,support4,2,11,3.064832,0.0031
65536,staggered_still,support4,2,12,2.900992,0.0016
65536,staggered_still,support4,2,13,2.873344,0.003
65536,staggered_still,support4,2,14,2.855936,0.0031
65536,staggered_still,support4,2,15,2.868224,0.0016
65536,staggered_still,support4,2,16,2.825216,0.0031
65536,staggered_still,support4,2,17,3.15904,0.0032
65536,staggered_still,support4,2,18,2.833408,0.003
65536,staggered_still,support4,2,19,2.845696,0.0031
65536,staggered_still,support4,2,20,2.88256,0.0015
65536,staggered_still,support4,2,21,2.824192,0.0031
65536,staggered_still,support4,2,22,3.057664,0.0035
65536,staggered_still,support4,2,23,2.854912,0.0031
65536,staggered_still,support4,2,24,3.175424,0.0014
65536,staggered_still,support4,2,25,2.90816,0.0031
65536,staggered_still,support4,2,26,2.878464,0.0031
65536,staggered_still,support4,2,27,2.917376,0.0015
65536,staggered_still,support4,2,28,2.870272,0.0047
65536,staggered_still,support4,2,29,2.89792,0.0014
65536,staggered_still,support4,2,30,2.863104,0.0031
65536,staggered_still,support4,2,31,2.909184,0.0031
65536,staggered_still,support4,2,32,2.890752,0.0031
65536,staggered_still,support4,2,33,2.84672,0.0031
65536,staggered_still,support4,2,34,3.110912,0.0015
65536,staggered_still,support4,2,35,2.873344,0.0033
65536,staggered_still,support4,2,36,2.900992,0.003
65536,staggered_still,support4,2,37,2.868224,0.003
65536,staggered_still,support4,2,38,2.881536,0.0032
65536,staggered_still,support4,2,39,2.871296,0.0015
65536,staggered_still,support4,3,0,2.932736,0.0121
65536,staggered_still,support4,3,1,2.916352,0.0032
65536,staggered_still,support4,3,2,2.89792,0.0031
65536,staggered_still,support4,3,3,2.870272,0.0052
65536,staggered_still,support4,3,4,2.894848,0.0033
65536,staggered_still,support4,3,5,2.849792,0.0031
65536,staggered_still,support4,3,6,2.884608,0.003
65536,staggered_still,support4,3,7,2.854912,0.0031
65536,staggered_still,support4,3,8,2.830336,0.0047
65536,staggered_still,support4,3,9,2.864128,0.004
65536,staggered_still,support4,3,10,3.045376,0.0031
65536,staggered_still,support4,3,11,2.879488,0.0016
65536,staggered_still,support4,3,12,2.859008,0.003
65536,staggered_still,support4,3,13,2.915328,0.0015
65536,staggered_still,support4,3,14,2.896896,0.0032
65536,staggered_still,support4,3,15,2.85696,0.0033
65536,staggered_still,support4,3,16,2.915328,0.0015
65536,staggered_still,support4,3,17,2.860032,0.0031
65536,staggered_still,support4,3,18,2.916352,0.0015
65536,staggered_still,support4,3,19,2.8672,0.0034
65536,staggered_still,support4,3,20,2.914304,0.0015
65536,staggered_still,support4,3,21,2.895872,0.0031
65536,staggered_still,support4,3,22,3.120128,0.0031
65536,staggered_still,support4,3,23,2.925568,0.0015
65536,staggered_still,support4,3,24,2.881536,0.0033
65536,staggered_still,support4,3,25,2.912256,0.0015
65536,staggered_still,support4,3,26,2.88768,0.0031
65536,staggered_still,support4,3,27,2.874368,0.0031
65536,staggered_still,support4,3,28,2.90816,0.0016
65536,staggered_still,support4,3,29,2.854912,0.003
65536,staggered_still,support4,3,30,2.895872,0.0014
65536,staggered_still,support4,3,31,2.875392,0.0031
65536,staggered_still,support4,3,32,2.944,0.0031
65536,staggered_still,support4,3,33,3.078144,0.0031
65536,staggered_still,support4,3,34,2.888704,0.0031
65536,staggered_still,support4,3,35,2.925568,0.0016
65536,staggered_still,support4,3,36,2.880512,0.003
65536,staggered_still,support4,3,37,2.945024,0.0014
65536,staggered_still,support4,3,38,2.891776,0.003
65536,staggered_still,support4,3,39,2.921472,0.0016
65536,staggered_driven,jacobi4,1,0,2.97984,0.0379
65536,staggered_driven,jacobi4,1,1,2.936832,0.0032
65536,staggered_driven,jacobi4,1,2,2.924544,0.0095
65536,staggered_driven,jacobi4,1,3,2.99008,0.003
65536,staggered_driven,jacobi4,1,4,2.970624,0.003
65536,staggered_driven,jacobi4,1,5,3.214336,0.003
65536,staggered_driven,jacobi4,1,6,3.038208,0.0026
65536,staggered_driven,jacobi4,1,7,3.049472,0.0026
65536,staggered_driven,jacobi4,1,8,3.095552,0.0027
65536,staggered_driven,jacobi4,1,9,3.078144,0.0031
65536,staggered_driven,jacobi4,1,10,3.086336,0.0028
65536,staggered_driven,jacobi4,1,11,3.131392,0.0028
65536,staggered_driven,jacobi4,1,12,3.099648,0.0026
65536,staggered_driven,jacobi4,1,13,3.180544,0.0027
65536,staggered_driven,jacobi4,1,14,3.21536,0.0026
65536,staggered_driven,jacobi4,1,15,3.56352,0.0028
65536,staggered_driven,jacobi4,1,16,3.223552,0.003
65536,staggered_driven,jacobi4,1,17,3.202048,0.0026
65536,staggered_driven,jacobi4,1,18,3.20512,0.0028
65536,staggered_driven,jacobi4,1,19,3.197952,0.0022
65536,staggered_driven,jacobi4,1,20,3.229696,0.0027
65536,staggered_driven,jacobi4,1,21,3.224576,0.0094
65536,staggered_driven,jacobi4,1,22,3.341312,0.0026
65536,staggered_driven,jacobi4,1,23,3.34336,0.0026
65536,staggered_driven,jacobi4,1,24,3.402752,0.0026
65536,staggered_driven,jacobi4,1,25,3.667968,0.0026
65536,staggered_driven,jacobi4,1,26,3.485696,0.0028
65536,staggered_driven,jacobi4,1,27,3.4304,0.003
65536,staggered_driven,jacobi4,1,28,3.452928,0.0022
65536,staggered_driven,jacobi4,1,29,3.56352,0.0027
65536,staggered_driven,jacobi4,1,30,3.574784,0.0026
65536,staggered_driven,jacobi4,1,31,3.873792,0.0027
65536,staggered_driven,jacobi4,1,32,3.559424,0.003
65536,staggered_driven,jacobi4,1,33,3.53792,0.0026
65536,staggered_driven,jacobi4,1,34,3.59936,0.0023
65536,staggered_driven,jacobi4,1,35,3.833856,0.0022
65536,staggered_driven,jacobi4,1,36,3.570688,0.0027
65536,staggered_driven,jacobi4,1,37,3.572736,0.0025
65536,staggered_driven,jacobi4,1,38,3.673088,0.0026
65536,staggered_driven,jacobi4,1,39,3.687424,0.0023
65536,staggered_driven,jacobi4,2,0,3.011584,0.0161
65536,staggered_driven,jacobi4,2,1,2.939904,0.0031
65536,staggered_driven,jacobi4,2,2,2.945024,0.0094
65536,staggered_driven,jacobi4,2,3,2.980864,0.0029
65536,staggered_driven,jacobi4,2,4,2.968576,0.0026
65536,staggered_driven,jacobi4,2,5,3.344384,0.0024
65536,staggered_driven,jacobi4,2,6,3.033088,0.0026
65536,staggered_driven,jacobi4,2,7,3.05152,0.0029
65536,staggered_driven,jacobi4,2,8,3.105792,0.0031
65536,staggered_driven,jacobi4,2,9,3.072,0.0031
65536,staggered_driven,jacobi4,2,10,3.120128,0.0026
65536,staggered_driven,jacobi4,2,11,3.125248,0.0022
65536,staggered_driven,jacobi4,2,12,3.130368,0.0023
65536,staggered_driven,jacobi4,2,13,3.150848,0.0027
65536,staggered_driven,jacobi4,2,14,3.192832,0.0031
65536,staggered_driven,jacobi4,2,15,3.438592,0.0025
65536,staggered_driven,jacobi4,2,16,3.19488,0.0026
65536,staggered_driven,jacobi4,2,17,3.203072,0.0022
65536,staggered_driven,jacobi4,2,18,3.178496,0.0022
65536,staggered_driven,jacobi4,2,19,3.15392,0.0027
65536,staggered_driven,jacobi4,2,20,3.177472,0.0023
65536,staggered_driven,jacobi4,2,21,3.16416,0.0026
65536,staggered_driven,jacobi4,2,22,3.259392,0.0026
65536,staggered_driven,jacobi4,2,23,3.273728,0.003
65536,staggered_driven,jacobi4,2,24,3.393536,0.0027
65536,staggered_driven,jacobi4,2,25,3.361792,0.0026
65536,staggered_driven,jacobi4,2,26,3.673088,0.0024
65536,staggered_driven,jacobi4,2,27,3.393536,0.0026
65536,staggered_driven,jacobi4,2,28,3.427328,0.003
65536,staggered_driven,jacobi4,2,29,3.52256,0.0027
65536,staggered_driven,jacobi4,2,30,3.552256,0.0026
65536,staggered_driven,jacobi4,2,31,3.608576,0.0022
65536,staggered_driven,jacobi4,2,32,3.564544,0.0026
65536,staggered_driven,jacobi4,2,33,3.520512,0.0022
65536,staggered_driven,jacobi4,2,34,3.534848,0.0027
65536,staggered_driven,jacobi4,2,35,3.716096,0.0026
65536,staggered_driven,jacobi4,2,36,3.576832,0.0026
65536,staggered_driven,jacobi4,2,37,3.531776,0.0023
65536,staggered_driven,jacobi4,2,38,3.639296,0.0027
65536,staggered_driven,jacobi4,2,39,3.654656,0.0026
65536,staggered_driven,jacobi4,3,0,2.963456,0.0188
65536,staggered_driven,jacobi4,3,1,2.935808,0.0029
65536,staggered_driven,jacobi4,3,2,2.90816,0.01
65536,staggered_driven,jacobi4,3,3,2.904064,0.0027
65536,staggered_driven,jacobi4,3,4,2.939904,0.0029
65536,staggered_driven,jacobi4,3,5,2.931712,0.0027
65536,staggered_driven,jacobi4,3,6,3.213312,0.0024
65536,staggered_driven,jacobi4,3,7,3.028992,0.0027
65536,staggered_driven,jacobi4,3,8,3.059712,0.0027
65536,staggered_driven,jacobi4,3,9,3.057664,0.0026
65536,staggered_driven,jacobi4,3,10,3.074048,0.0024
65536,staggered_driven,jacobi4,3,11,3.10272,0.0027
65536,staggered_driven,jacobi4,3,12,3.05664,0.003
65536,staggered_driven,jacobi4,3,13,3.161088,0.0026
65536,staggered_driven,jacobi4,3,14,3.209216,0.0027
65536,staggered_driven,jacobi4,3,15,3.1744,0.0028
65536,staggered_driven,jacobi4,3,16,3.454976,0.0027
65536,staggered_driven,jacobi4,3,17,3.254272,0.0026
65536,staggered_driven,jacobi4,3,18,3.192832,0.0026
65536,staggered_driven,jacobi4,3,19,3.176448,0.0026
65536,staggered_driven,jacobi4,3,20,3.176448,0.0028
65536,staggered_driven,jacobi4,3,21,3.171328,0.0031
65536,staggered_driven,jacobi4,3,22,3.25632,0.0032
65536,staggered_driven,jacobi4,3,23,3.290112,0.0026
65536,staggered_driven,jacobi4,3,24,3.335168,0.0026
65536,staggered_driven,jacobi4,3,25,3.388416,0.0023
65536,staggered_driven,jacobi4,3,26,3.388416,0.0026
65536,staggered_driven,jacobi4,3,27,3.662848,0.0023
65536,staggered_driven,jacobi4,3,28,3.4048,0.0023
65536,staggered_driven,jacobi4,3,29,3.485696,0.0023
65536,staggered_driven,jacobi4,3,30,3.57376,0.0027
65536,staggered_driven,jacobi4,3,31,3.56352,0.0022
65536,staggered_driven,jacobi4,3,32,3.607552,0.0028
65536,staggered_driven,jacobi4,3,33,3.592192,0.003
65536,staggered_driven,jacobi4,3,34,3.564544,0.0026
65536,staggered_driven,jacobi4,3,35,3.588096,0.0027
65536,staggered_driven,jacobi4,3,36,3.79904,0.0029
65536,staggered_driven,jacobi4,3,37,3.577856,0.0023
65536,staggered_driven,jacobi4,3,38,3.683328,0.0026
65536,staggered_driven,jacobi4,3,39,3.721216,0.0022
65536,staggered_driven,jacobi16,1,0,9.627648,0.0333
65536,staggered_driven,jacobi16,1,1,9.529344,0.0115
65536,staggered_driven,jacobi16,1,2,9.747456,0.0104
65536,staggered_driven,jacobi16,1,3,9.552896,0.0109
65536,staggered_driven,jacobi16,1,4,9.460736,0.0107
65536,staggered_driven,jacobi16,1,5,9.73824,0.0104
65536,staggered_driven,jacobi16,1,6,9.663488,0.0107
65536,staggered_driven,jacobi16,1,7,9.956352,0.0104
65536,staggered_driven,jacobi16,1,8,10.499072,0.0103
65536,staggered_driven,jacobi16,1,9,10.324992,0.0119
65536,staggered_driven,jacobi16,1,10,10.141696,0.0118
65536,staggered_driven,jacobi16,1,11,10.121216,0.0104
65536,staggered_driven,jacobi16,1,12,10.5472,0.0103
65536,staggered_driven,jacobi16,1,13,10.374144,0.0106
65536,staggered_driven,jacobi16,1,14,10.350592,0.0103
65536,staggered_driven,jacobi16,1,15,10.628096,0.0106
65536,staggered_driven,jacobi16,1,16,10.459136,0.0104
65536,staggered_driven,jacobi16,1,17,10.476544,0.0103
65536,staggered_driven,jacobi16,1,18,10.530816,0.0107
65536,staggered_driven,jacobi16,1,19,10.283008,0.0103
65536,staggered_driven,jacobi16,1,20,10.346496,0.0103
65536,staggered_driven,jacobi16,1,21,10.655744,0.0104
65536,staggered_driven,jacobi16,1,22,10.537984,0.0104
65536,staggered_driven,jacobi16,1,23,10.48576,0.0102
65536,staggered_driven,jacobi16,1,24,10.601472,0.0103
65536,staggered_driven,jacobi16,1,25,10.346496,0.0108
65536,staggered_driven,jacobi16,1,26,10.285056,0.0103
65536,staggered_driven,jacobi16,1,27,10.1888,0.0102
65536,staggered_driven,jacobi16,1,28,10.571776,0.0127
65536,staggered_driven,jacobi16,1,29,10.118144,0.0104
65536,staggered_driven,jacobi16,1,30,10.105856,0.0107
65536,staggered_driven,jacobi16,1,31,10.38848,0.0107
65536,staggered_driven,jacobi16,1,32,10.18368,0.0103
65536,staggered_driven,jacobi16,1,33,10.1376,0.0103
65536,staggered_driven,jacobi16,1,34,10.44992,0.0103
65536,staggered_driven,jacobi16,1,35,10.194944,0.0119
65536,staggered_driven,jacobi16,1,36,10.545152,0.0107
65536,staggered_driven,jacobi16,1,37,10.9312,0.0107
65536,staggered_driven,jacobi16,1,38,10.636288,0.0109
65536,staggered_driven,jacobi16,1,39,10.641408,0.0107
65536,staggered_driven,jacobi16,2,0,9.864192,0.0358
65536,staggered_driven,jacobi16,2,1,9.547776,0.0121
65536,staggered_driven,jacobi16,2,2,9.517056,0.0113
65536,staggered_driven,jacobi16,2,3,9.481216,0.0109
65536,staggered_driven,jacobi16,2,4,9.691136,0.0142
65536,staggered_driven,jacobi16,2,5,9.503744,0.0109
65536,staggered_driven,jacobi16,2,6,9.63072,0.011
65536,staggered_driven,jacobi16,2,7,10.231808,0.0114
65536,staggered_driven,jacobi16,2,8,10.146816,0.0109
65536,staggered_driven,jacobi16,2,9,10.259456,0.0125
65536,staggered_driven,jacobi16,2,10,10.349568,0.0123
65536,staggered_driven,jacobi16,2,11,10.285056,0.0106
65536,staggered_driven,jacobi16,2,12,10.319872,0.0105
65536,staggered_driven,jacobi16,2,13,10.389504,0.011
65536,staggered_driven,jacobi16,2,14,10.574848,0.0106
65536,staggered_driven,jacobi16,2,15,10.33728,0.0105
65536,staggered_driven,jacobi16,2,16,10.384384,0.0125
65536,staggered_driven,jacobi16,2,17,10.68032,0.0117
65536,staggered_driven,jacobi16,2,18,10.212352,0.0107
65536,staggered_driven,jacobi16,2,19,10.237952,0.0107
65536,staggered_driven,jacobi16,2,20,10.551296,0.0107
65536,staggered_driven,jacobi16,2,21,10.440704,0.011
65536,staggered_driven,jacobi16,2,22,10.560512,0.0106
65536,staggered_driven,jacobi16,2,23,10.740736,0.0106
65536,staggered_driven,jacobi16,2,24,10.50624,0.0106
65536,staggered_driven,jacobi16,2,25,10.428416,0.0125
65536,staggered_driven,jacobi16,2,26,10.518528,0.0109
65536,staggered_driven,jacobi16,2,27,10.256384,0.0122
65536,staggered_driven,jacobi16,2,28,10.259456,0.0152
65536,staggered_driven,jacobi16,2,29,10.206208,0.0147
65536,staggered_driven,jacobi16,2,30,10.491904,0.0164
65536,staggered_driven,jacobi16,2,31,10.170368,0.0124
65536,staggered_driven,jacobi16,2,32,10.149888,0.0119
65536,staggered_driven,jacobi16,2,33,10.42432,0.015
65536,staggered_driven,jacobi16,2,34,10.130432,0.0143
65536,staggered_driven,jacobi16,2,35,10.259456,0.0136
65536,staggered_driven,jacobi16,2,36,10.909696,0.0109
65536,staggered_driven,jacobi16,2,37,10.682368,0.0115
65536,staggered_driven,jacobi16,2,38,10.63936,0.0122
65536,staggered_driven,jacobi16,2,39,10.993664,0.0108
65536,staggered_driven,jacobi16,3,0,9.575424,0.0307
65536,staggered_driven,jacobi16,3,1,9.480192,0.0112
65536,staggered_driven,jacobi16,3,2,9.406464,0.0115
65536,staggered_driven,jacobi16,3,3,9.55904,0.0107
65536,staggered_driven,jacobi16,3,4,9.329664,0.0104
65536,staggered_driven,jacobi16,3,5,9.418752,0.0103
65536,staggered_driven,jacobi16,3,6,9.79456,0.0103
65536,staggered_driven,jacobi16,3,7,9.940992,0.0103
65536,staggered_driven,jacobi16,3,8,10.09664,0.0105
65536,staggered_driven,jacobi16,3,9,10.144768,0.0101
65536,staggered_driven,jacobi16,3,10,10.74688,0.0104
65536,staggered_driven,jacobi16,3,11,10.123264,0.01
65536,staggered_driven,jacobi16,3,12,10.258432,0.0103
65536,staggered_driven,jacobi16,3,13,10.534912,0.0104
65536,staggered_driven,jacobi16,3,14,10.266624,0.0104
65536,staggered_driven,jacobi16,3,15,10.244096,0.0103
65536,staggered_driven,jacobi16,3,16,10.59328,0.0104
65536,staggered_driven,jacobi16,3,17,10.294272,0.017
65536,staggered_driven,jacobi16,3,18,10.218496,0.0106
65536,staggered_driven,jacobi16,3,19,10.604544,0.01
65536,staggered_driven,jacobi16,3,20,10.371072,0.0103
65536,staggered_driven,jacobi16,3,21,10.667008,0.0108
65536,staggered_driven,jacobi16,3,22,10.51136,0.0099
65536,staggered_driven,jacobi16,3,23,10.66496,0.0103
65536,staggered_driven,jacobi16,3,24,10.402816,0.0103
65536,staggered_driven,jacobi16,3,25,10.575872,0.0105
65536,staggered_driven,jacobi16,3,26,10.560512,0.0105
65536,staggered_driven,jacobi16,3,27,10.56768,0.0106
65536,staggered_driven,jacobi16,3,28,10.202112,0.0104
65536,staggered_driven,jacobi16,3,29,10.817536,0.0099
65536,staggered_driven,jacobi16,3,30,10.222592,0.0103
65536,staggered_driven,jacobi16,3,31,10.555392,0.0103
65536,staggered_driven,jacobi16,3,32,10.95168,0.0103
65536,staggered_driven,jacobi16,3,33,10.263552,0.0099
65536,staggered_driven,jacobi16,3,34,10.258432,0.0104
65536,staggered_driven,jacobi16,3,35,10.614784,0.0101
65536,staggered_driven,jacobi16,3,36,10.897408,0.0103
65536,staggered_driven,jacobi16,3,37,10.820608,0.01
65536,staggered_driven,jacobi16,3,38,11.11552,0.0107
65536,staggered_driven,jacobi16,3,39,10.832896,0.0103
65536,staggered_driven,support4,1,0,2.997248,0.0292
65536,staggered_driven,support4,1,1,2.987008,0.0108
65536,staggered_driven,support4,1,2,2.978816,0.0111
65536,staggered_driven,support4,1,3,3.012608,0.01
65536,staggered_driven,support4,1,4,2.975744,0.0104
65536,staggered_driven,support4,1,5,2.94912,0.0104
65536,staggered_driven,support4,1,6,3.1744,0.0105
65536,staggered_driven,support4,1,7,2.931712,0.0102
65536,staggered_driven,support4,1,8,2.97472,0.0105
65536,staggered_driven,support4,1,9,2.98496,0.0037
65536,staggered_driven,support4,1,10,3.156992,0.0104
65536,staggered_driven,support4,1,11,2.998272,0.0101
65536,staggered_driven,support4,1,12,3.226624,0.0103
65536,staggered_driven,support4,1,13,3.002368,0.0105
65536,staggered_driven,support4,1,14,3.003392,0.0038
65536,staggered_driven,support4,1,15,2.989056,0.0105
65536,staggered_driven,support4,1,16,2.972672,0.0099
65536,staggered_driven,support4,1,17,2.994176,0.0038
65536,staggered_driven,support4,1,18,2.958336,0.0104
65536,staggered_driven,support4,1,19,3.2512,0.0034
65536,staggered_driven,support4,1,20,3.05664,0.0104
65536,staggered_driven,support4,1,21,3.324928,0.0104
65536,staggered_driven,support4,1,22,3.03104,0.0038
65536,staggered_driven,support4,1,23,3.02592,0.0104
65536,staggered_driven,support4,1,24,2.9696,0.0101
65536,staggered_driven,support4,1,25,3.00032,0.0037
65536,staggered_driven,support4,1,26,3.217408,0.0104
65536,staggered_driven,support4,1,27,2.98496,0.0103
65536,staggered_driven,support4,1,28,3.009536,0.0035
65536,staggered_driven,support4,1,29,2.97984,0.0104
65536,staggered_driven,support4,1,30,2.999296,0.0037
65536,staggered_driven,support4,1,31,2.952192,0.0104
65536,staggered_driven,support4,1,32,3.190784,0.01
65536,staggered_driven,support4,1,33,3.247104,0.01
65536,staggered_driven,support4,1,34,3.00544,0.0104
65536,staggered_driven,support4,1,35,2.955264,0.0104
65536,staggered_driven,support4,1,36,2.987008,0.0034
65536,staggered_driven,support4,1,37,3.011584,0.0104
65536,staggered_driven,support4,1,38,3.014656,0.0038
65536,staggered_driven,support4,1,39,2.972672,0.0104
65536,staggered_driven,support4,2,0,2.966528,0.0272
65536,staggered_driven,support4,2,1,2.956288,0.0104
65536,staggered_driven,support4,2,2,2.932736,0.0104
65536,staggered_driven,support4,2,3,2.9696,0.0101
65536,staggered_driven,support4,2,4,2.962432,0.0101
65536,staggered_driven,support4,2,5,2.926592,0.01
65536,staggered_driven,support4,2,6,2.967552,0.0104
65536,staggered_driven,support4,2,7,2.956288,0.01
65536,staggered_driven,support4,2,8,3.16416,0.01
65536,staggered_driven,support4,2,9,2.989056,0.01
65536,staggered_driven,support4,2,10,2.939904,0.0103
65536,staggered_driven,support4,2,11,2.939904,0.01
65536,staggered_driven,support4,2,12,2.957312,0.0034
65536,staggered_driven,support4,2,13,2.930688,0.0103
65536,staggered_driven,support4,2,14,2.970624,0.01
65536,staggered_driven,support4,2,15,2.958336,0.0123
65536,staggered_driven,support4,2,16,2.95424,0.0103
65536,staggered_driven,support4,2,17,2.955264,0.01
65536,staggered_driven,support4,2,18,2.944,0.0101
65536,staggered_driven,support4,2,19,3.252224,0.0098
65536,staggered_driven,support4,2,20,2.97984,0.01
65536,staggered_driven,support4,2,21,2.99008,0.01
65536,staggered_driven,support4,2,22,2.999296,0.01
65536,staggered_driven,support4,2,23,3.022848,0.0099
65536,staggered_driven,support4,2,24,2.94912,0.0099
65536,staggered_driven,support4,2,25,2.97984,0.0037
65536,staggered_driven,support4,2,26,2.96448,0.01
65536,staggered_driven,support4,2,27,2.961408,0.0097
65536,staggered_driven,support4,2,28,2.982912,0.0039
65536,staggered_driven,support4,2,29,2.963456,0.0101
65536,staggered_driven,support4,2,30,3.168256,0.0099
65536,staggered_driven,support4,2,31,2.977792,0.01
65536,staggered_driven,support4,2,32,2.975744,0.0101
65536,staggered_driven,support4,2,33,3.009536,0.0101
65536,staggered_driven,support4,2,34,2.994176,0.0103
65536,staggered_driven,support4,2,35,2.919424,0.0098
65536,staggered_driven,support4,2,36,2.960384,0.0099
65536,staggered_driven,support4,2,37,2.991104,0.01
65536,staggered_driven,support4,2,38,2.934784,0.01
65536,staggered_driven,support4,2,39,2.968576,0.01
65536,staggered_driven,support4,3,0,2.953216,0.0275
65536,staggered_driven,support4,3,1,2.950144,0.0125
65536,staggered_driven,support4,3,2,2.935808,0.0104
65536,staggered_driven,support4,3,3,2.948096,0.0103
65536,staggered_driven,support4,3,4,2.946048,0.0108
65536,staggered_driven,support4,3,5,3.106816,0.0105
65536,staggered_driven,support4,3,6,2.965504,0.0104
65536,staggered_driven,support4,3,7,2.941952,0.0106
65536,staggered_driven,support4,3,8,2.92352,0.0106
65536,staggered_driven,support4,3,9,2.963456,0.0104
65536,staggered_driven,support4,3,10,2.915328,0.0107
65536,staggered_driven,support4,3,11,2.963456,0.0103
65536,staggered_driven,support4,3,12,2.946048,0.0101
65536,staggered_driven,support4,3,13,2.919424,0.0106
65536,staggered_driven,support4,3,14,2.966528,0.0106
65536,staggered_driven,support4,3,15,2.948096,0.0102
65536,staggered_driven,support4,3,16,2.952192,0.0105
65536,staggered_driven,support4,3,17,3.196928,0.0103
65536,staggered_driven,support4,3,18,2.967552,0.0102
65536,staggered_driven,support4,3,19,3.009536,0.0105
65536,staggered_driven,support4,3,20,3.004416,0.0102
65536,staggered_driven,support4,3,21,2.941952,0.0103
65536,staggered_driven,support4,3,22,2.985984,0.0101
65536,staggered_driven,support4,3,23,2.99008,0.0102
65536,staggered_driven,support4,3,24,2.931712,0.0125
65536,staggered_driven,support4,3,25,2.97984,0.0101
65536,staggered_driven,support4,3,26,2.922496,0.0105
65536,staggered_driven,support4,3,27,2.934784,0.0102
65536,staggered_driven,support4,3,28,3.226624,0.0102
65536,staggered_driven,support4,3,29,2.953216,0.0107
65536,staggered_driven,support4,3,30,2.992128,0.0102
65536,staggered_driven,support4,3,31,2.991104,0.0105
65536,staggered_driven,support4,3,32,2.978816,0.0107
65536,staggered_driven,support4,3,33,3.397632,0.0105
65536,staggered_driven,support4,3,34,2.978816,0.0105
65536,staggered_driven,support4,3,35,2.946048,0.0106
65536,staggered_driven,support4,3,36,2.965504,0.0107
65536,staggered_driven,support4,3,37,3.168256,0.0103
65536,staggered_driven,support4,3,38,3.042304,0.0106
65536,staggered_driven,support4,3,39,3.00032,0.0105
131072,aligned_still,jacobi4,1,0,4.791296,0.0097
131072,aligned_still,jacobi4,1,1,4.765696,8.0E-4
131072,aligned_still,jacobi4,1,2,4.913152,0.0021
131072,aligned_still,jacobi4,1,3,4.777984,8.0E-4
131072,aligned_still,jacobi4,1,4,4.72576,7.0E-4
131072,aligned_still,jacobi4,1,5,4.836352,8.0E-4
131072,aligned_still,jacobi4,1,6,4.755456,8.0E-4
131072,aligned_still,jacobi4,1,7,4.750336,7.0E-4
131072,aligned_still,jacobi4,1,8,4.788224,8.0E-4
131072,aligned_still,jacobi4,1,9,4.990976,8.0E-4
131072,aligned_still,jacobi4,1,10,5.021696,7.0E-4
131072,aligned_still,jacobi4,1,11,5.003264,7.0E-4
131072,aligned_still,jacobi4,1,12,5.159936,8.0E-4
131072,aligned_still,jacobi4,1,13,5.1968,6.0E-4
131072,aligned_still,jacobi4,1,14,5.216256,8.0E-4
131072,aligned_still,jacobi4,1,15,5.169152,8.0E-4
131072,aligned_still,jacobi4,1,16,5.438464,0.0022
131072,aligned_still,jacobi4,1,17,5.214208,0.0018
131072,aligned_still,jacobi4,1,18,5.33504,0.0017
131072,aligned_still,jacobi4,1,19,5.292032,0.0014
131072,aligned_still,jacobi4,1,20,5.291008,0.0011
131072,aligned_still,jacobi4,1,21,5.286912,9.0E-4
131072,aligned_still,jacobi4,1,22,5.527552,0.0012
131072,aligned_still,jacobi4,1,23,5.29408,0.0012
131072,aligned_still,jacobi4,1,24,5.426176,7.0E-4
131072,aligned_still,jacobi4,1,25,5.40672,0.0018
131072,aligned_still,jacobi4,1,26,5.450752,0.0018
131072,aligned_still,jacobi4,1,27,5.527552,0.0014
131072,aligned_still,jacobi4,1,28,5.709824,0.0013
131072,aligned_still,jacobi4,1,29,5.53472,9.0E-4
131072,aligned_still,jacobi4,1,30,5.535744,9.0E-4
131072,aligned_still,jacobi4,1,31,5.56032,0.0014
131072,aligned_still,jacobi4,1,32,5.572608,9.0E-4
131072,aligned_still,jacobi4,1,33,5.612544,9.0E-4
131072,aligned_still,jacobi4,1,34,5.846016,7.0E-4
131072,aligned_still,jacobi4,1,35,5.722112,7.0E-4
131072,aligned_still,jacobi4,1,36,5.639168,8.0E-4
131072,aligned_still,jacobi4,1,37,5.64736,8.0E-4
131072,aligned_still,jacobi4,1,38,5.773312,8.0E-4
131072,aligned_still,jacobi4,1,39,5.90336,8.0E-4
131072,aligned_still,jacobi4,2,0,4.832256,0.0099
131072,aligned_still,jacobi4,2,1,4.79232,0.0022
131072,aligned_still,jacobi4,2,2,4.768768,0.0022
131072,aligned_still,jacobi4,2,3,4.763648,8.0E-4
131072,aligned_still,jacobi4,2,4,4.78208,8.0E-4
131072,aligned_still,jacobi4,2,5,4.849664,8.0E-4
131072,aligned_still,jacobi4,2,6,4.992,7.0E-4
131072,aligned_still,jacobi4,2,7,4.855808,7.0E-4
131072,aligned_still,jacobi4,2,8,4.872192,7.0E-4
131072,aligned_still,jacobi4,2,9,4.923392,8.0E-4
131072,aligned_still,jacobi4,2,10,5.11488,7.0E-4
131072,aligned_still,jacobi4,2,11,5.087232,7.0E-4
131072,aligned_still,jacobi4,2,12,5.142528,7.0E-4
131072,aligned_still,jacobi4,2,13,5.439488,7.0E-4
131072,aligned_still,jacobi4,2,14,5.183488,8.0E-4
131072,aligned_still,jacobi4,2,15,5.238784,8.0E-4
131072,aligned_still,jacobi4,2,16,5.170176,7.0E-4
131072,aligned_still,jacobi4,2,17,5.2224,7.0E-4
131072,aligned_still,jacobi4,2,18,5.28384,6.0E-4
131072,aligned_still,jacobi4,2,19,5.521408,6.0E-4
131072,aligned_still,jacobi4,2,20,5.270528,8.0E-4
131072,aligned_still,jacobi4,2,21,5.236736,8.0E-4
131072,aligned_still,jacobi4,2,22,5.245952,7.0E-4
131072,aligned_still,jacobi4,2,23,5.20192,9.0E-4
131072,aligned_still,jacobi4,2,24,5.302272,8.0E-4
131072,aligned_still,jacobi4,2,25,5.51424,7.0E-4
131072,aligned_still,jacobi4,2,26,5.436416,8.0E-4
131072,aligned_still,jacobi4,2,27,5.445632,7.0E-4
131072,aligned_still,jacobi4,2,28,5.471232,8.0E-4
131072,aligned_still,jacobi4,2,29,5.475328,7.0E-4
131072,aligned_still,jacobi4,2,30,5.751808,7.0E-4
131072,aligned_still,jacobi4,2,31,5.84192,7.0E-4
131072,aligned_still,jacobi4,2,32,5.594112,8.0E-4
131072,aligned_still,jacobi4,2,33,5.558272,7.0E-4
131072,aligned_still,jacobi4,2,34,5.635072,8.0E-4
131072,aligned_still,jacobi4,2,35,5.65248,8.0E-4
131072,aligned_still,jacobi4,2,36,5.648384,7.0E-4
131072,aligned_still,jacobi4,2,37,5.787648,8.0E-4
131072,aligned_still,jacobi4,2,38,5.814272,8.0E-4
131072,aligned_still,jacobi4,2,39,5.967872,7.0E-4
131072,aligned_still,jacobi4,3,0,4.827136,0.0098
131072,aligned_still,jacobi4,3,1,4.7616,9.0E-4
131072,aligned_still,jacobi4,3,2,4.74112,0.0021
131072,aligned_still,jacobi4,3,3,4.97152,8.0E-4
131072,aligned_still,jacobi4,3,4,4.774912,8.0E-4
131072,aligned_still,jacobi4,3,5,4.857856,8.0E-4
131072,aligned_still,jacobi4,3,6,4.800512,7.0E-4
131072,aligned_still,jacobi4,3,7,4.82816,8.0E-4
131072,aligned_still,jacobi4,3,8,4.854784,9.0E-4
131072,aligned_still,jacobi4,3,9,4.887552,8.0E-4
131072,aligned_still,jacobi4,3,10,5.307392,8.0E-4
131072,aligned_still,jacobi4,3,11,5.066752,9.0E-4
131072,aligned_still,jacobi4,3,12,5.132288,7.0E-4
131072,aligned_still,jacobi4,3,13,5.219328,8.0E-4
131072,aligned_still,jacobi4,3,14,5.177344,6.0E-4
131072,aligned_still,jacobi4,3,15,5.1968,9.0E-4
131072,aligned_still,jacobi4,3,16,5.148672,7.0E-4
131072,aligned_still,jacobi4,3,17,5.522432,7.0E-4
131072,aligned_still,jacobi4,3,18,5.265408,8.0E-4
131072,aligned_still,jacobi4,3,19,5.295104,8.0E-4
131072,aligned_still,jacobi4,3,20,5.239808,7.0E-4
131072,aligned_still,jacobi4,3,21,5.208064,9.0E-4
131072,aligned_still,jacobi4,3,22,5.215232,8.0E-4
131072,aligned_still,jacobi4,3,23,5.46304,7.0E-4
131072,aligned_still,jacobi4,3,24,5.310464,9.0E-4
131072,aligned_still,jacobi4,3,25,5.338112,7.0E-4
131072,aligned_still,jacobi4,3,26,5.412864,7.0E-4
131072,aligned_still,jacobi4,3,27,5.451776,9.0E-4
131072,aligned_still,jacobi4,3,28,5.470208,7.0E-4
131072,aligned_still,jacobi4,3,29,5.66784,6.0E-4
131072,aligned_still,jacobi4,3,30,5.500928,8.0E-4
131072,aligned_still,jacobi4,3,31,5.526528,9.0E-4
131072,aligned_still,jacobi4,3,32,5.556224,9.0E-4
131072,aligned_still,jacobi4,3,33,5.537792,6.0E-4
131072,aligned_still,jacobi4,3,34,5.62176,7.0E-4
131072,aligned_still,jacobi4,3,35,5.93408,7.0E-4
131072,aligned_still,jacobi4,3,36,5.681152,8.0E-4
131072,aligned_still,jacobi4,3,37,5.62176,7.0E-4
131072,aligned_still,jacobi4,3,38,5.844992,8.0E-4
131072,aligned_still,jacobi4,3,39,5.972992,8.0E-4
131072,aligned_still,jacobi16,1,0,17.93024,0.0115
131072,aligned_still,jacobi16,1,1,17.668096,0.0034
131072,aligned_still,jacobi16,1,2,18.04288,0.0033
131072,aligned_still,jacobi16,1,3,17.814528,0.0033
131072,aligned_still,jacobi16,1,4,18.08896,0.0032
131072,aligned_still,jacobi16,1,5,17.926144,0.005
131072,aligned_still,jacobi16,1,6,18.159616,0.0032
131072,aligned_still,jacobi16,1,7,18.67776,0.0046
131072,aligned_still,jacobi16,1,8,18.17088,0.0032
131072,aligned_still,jacobi16,1,9,18.67264,0.0033
131072,aligned_still,jacobi16,1,10,18.48832,0.0033
131072,aligned_still,jacobi16,1,11,18.702336,0.0033
131072,aligned_still,jacobi16,1,12,18.362368,0.0033
131072,aligned_still,jacobi16,1,13,18.515968,0.0033
131072,aligned_still,jacobi16,1,14,18.413568,0.0033
131072,aligned_still,jacobi16,1,15,18.608128,0.0033
131072,aligned_still,jacobi16,1,16,18.50368,0.0033
131072,aligned_still,jacobi16,1,17,18.456576,0.0032
131072,aligned_still,jacobi16,1,18,18.555904,0.0032
131072,aligned_still,jacobi16,1,19,18.443264,0.0035
131072,aligned_still,jacobi16,1,20,18.808832,0.0033
131072,aligned_still,jacobi16,1,21,18.573312,0.0032
131072,aligned_still,jacobi16,1,22,18.909184,0.0032
131072,aligned_still,jacobi16,1,23,18.72896,0.0034
131072,aligned_still,jacobi16,1,24,18.993152,0.0034
131072,aligned_still,jacobi16,1,25,18.93376,0.0034
131072,aligned_still,jacobi16,1,26,18.834432,0.0032
131072,aligned_still,jacobi16,1,27,19.167232,0.0033
131072,aligned_still,jacobi16,1,28,19.024896,0.0032
131072,aligned_still,jacobi16,1,29,19.47136,0.0032
131072,aligned_still,jacobi16,1,30,19.42528,0.0034
131072,aligned_still,jacobi16,1,31,19.254272,0.0044
131072,aligned_still,jacobi16,1,32,19.443712,0.0058
131072,aligned_still,jacobi16,1,33,19.201024,0.0049
131072,aligned_still,jacobi16,1,34,19.509248,0.0033
131072,aligned_still,jacobi16,1,35,19.341312,0.0032
131072,aligned_still,jacobi16,1,36,19.566592,0.0032
131072,aligned_still,jacobi16,1,37,19.520512,0.0042
131072,aligned_still,jacobi16,1,38,19.364864,0.0034
131072,aligned_still,jacobi16,1,39,19.663872,0.0034
131072,aligned_still,jacobi16,2,0,17.984512,0.0138
131072,aligned_still,jacobi16,2,1,18.325504,0.0034
131072,aligned_still,jacobi16,2,2,17.993728,0.0033
131072,aligned_still,jacobi16,2,3,18.265088,0.0033
131072,aligned_still,jacobi16,2,4,18.115584,0.0033
131072,aligned_still,jacobi16,2,5,18.440192,0.0033
131072,aligned_still,jacobi16,2,6,18.137088,0.0033
131072,aligned_still,jacobi16,2,7,19.258368,0.0034
131072,aligned_still,jacobi16,2,8,18.617344,0.0034
131072,aligned_still,jacobi16,2,9,18.48832,0.0033
131072,aligned_still,jacobi16,2,10,18.75456,0.0036
131072,aligned_still,jacobi16,2,11,18.581504,0.0033
131072,aligned_still,jacobi16,2,12,18.617344,0.0033
131072,aligned_still,jacobi16,2,13,18.528256,0.0034
131072,aligned_still,jacobi16,2,14,18.656256,0.0033
131072,aligned_still,jacobi16,2,15,18.3552,0.0036
131072,aligned_still,jacobi16,2,16,18.64704,0.0033
131072,aligned_still,jacobi16,2,17,18.660352,0.0034
131072,aligned_still,jacobi16,2,18,18.450432,0.0034
131072,aligned_still,jacobi16,2,19,18.738176,0.0036
131072,aligned_still,jacobi16,2,20,18.557952,0.0034
131072,aligned_still,jacobi16,2,21,18.782208,0.0033
131072,aligned_still,jacobi16,2,22,18.622464,0.0034
131072,aligned_still,jacobi16,2,23,18.835456,0.0034
131072,aligned_still,jacobi16,2,24,18.661376,0.0034
131072,aligned_still,jacobi16,2,25,18.825216,0.0033
131072,aligned_still,jacobi16,2,26,18.873344,0.0033
131072,aligned_still,jacobi16,2,27,18.830336,0.0034
131072,aligned_still,jacobi16,2,28,19.030016,0.0033
131072,aligned_still,jacobi16,2,29,19.043328,0.0034
131072,aligned_still,jacobi16,2,30,19.250176,0.0032
131072,aligned_still,jacobi16,2,31,19.202048,0.0033
131072,aligned_still,jacobi16,2,32,19.062784,0.0034
131072,aligned_still,jacobi16,2,33,19.244032,0.0033
131072,aligned_still,jacobi16,2,34,19.06688,0.0033
131072,aligned_still,jacobi16,2,35,19.274752,0.0034
131072,aligned_still,jacobi16,2,36,19.009536,0.0033
131072,aligned_still,jacobi16,2,37,19.316736,0.0032
131072,aligned_still,jacobi16,2,38,19.36384,0.0033
131072,aligned_still,jacobi16,2,39,19.195904,0.0034
131072,aligned_still,jacobi16,3,0,17.865728,0.0108
131072,aligned_still,jacobi16,3,1,17.806336,0.0034
131072,aligned_still,jacobi16,3,2,18.180096,0.0033
131072,aligned_still,jacobi16,3,3,18.02752,0.0034
131072,aligned_still,jacobi16,3,4,18.159616,0.0034
131072,aligned_still,jacobi16,3,5,18.079744,0.0036
131072,aligned_still,jacobi16,3,6,18.2272,0.0035
131072,aligned_still,jacobi16,3,7,18.530304,0.0035
131072,aligned_still,jacobi16,3,8,18.473984,0.0034
131072,aligned_still,jacobi16,3,9,18.54976,0.0034
131072,aligned_still,jacobi16,3,10,18.747392,0.0033
131072,aligned_still,jacobi16,3,11,18.658304,0.0033
131072,aligned_still,jacobi16,3,12,18.352128,0.0034
131072,aligned_still,jacobi16,3,13,18.656256,0.0033
131072,aligned_still,jacobi16,3,14,18.368512,0.0033
131072,aligned_still,jacobi16,3,15,18.733056,0.0033
131072,aligned_still,jacobi16,3,16,18.486272,0.0033
131072,aligned_still,jacobi16,3,17,18.816,0.0033
131072,aligned_still,jacobi16,3,18,18.61632,0.0033
131072,aligned_still,jacobi16,3,19,18.907136,0.0036
131072,aligned_still,jacobi16,3,20,18.94912,0.0034
131072,aligned_still,jacobi16,3,21,18.740224,0.0033
131072,aligned_still,jacobi16,3,22,19.354624,0.0033
131072,aligned_still,jacobi16,3,23,18.765824,0.0035
131072,aligned_still,jacobi16,3,24,19.075072,0.0035
131072,aligned_still,jacobi16,3,25,18.833408,0.0035
131072,aligned_still,jacobi16,3,26,19.187712,0.0033
131072,aligned_still,jacobi16,3,27,19.152896,0.0035
131072,aligned_still,jacobi16,3,28,19.049472,0.0043
131072,aligned_still,jacobi16,3,29,19.495936,0.0048
131072,aligned_still,jacobi16,3,30,19.11808,0.0033
131072,aligned_still,jacobi16,3,31,19.459072,0.0034
131072,aligned_still,jacobi16,3,32,19.243008,0.0033
131072,aligned_still,jacobi16,3,33,19.474432,0.0033
131072,aligned_still,jacobi16,3,34,19.441664,0.0032
131072,aligned_still,jacobi16,3,35,19.090432,0.0033
131072,aligned_still,jacobi16,3,36,19.365888,0.0034
131072,aligned_still,jacobi16,3,37,19.158016,0.0034
131072,aligned_still,jacobi16,3,38,19.469312,0.0033
131072,aligned_still,jacobi16,3,39,19.48672,0.0034
131072,aligned_still,support4,1,0,5.238784,0.0121
131072,aligned_still,support4,1,1,5.190656,0.0031
131072,aligned_still,support4,1,2,5.143552,0.003
131072,aligned_still,support4,1,3,5.170176,0.0031
131072,aligned_still,support4,1,4,5.193728,0.0031
131072,aligned_still,support4,1,5,5.41184,0.0031
131072,aligned_still,support4,1,6,5.178368,0.0031
131072,aligned_still,support4,1,7,5.131264,0.0031
131072,aligned_still,support4,1,8,5.126144,0.0031
131072,aligned_still,support4,1,9,5.138432,0.0032
131072,aligned_still,support4,1,10,5.111808,0.0031
131072,aligned_still,support4,1,11,5.4784,0.0031
131072,aligned_still,support4,1,12,5.192704,0.0031
131072,aligned_still,support4,1,13,5.174272,0.003
131072,aligned_still,support4,1,14,5.177344,0.0031
131072,aligned_still,support4,1,15,5.1712,0.003
131072,aligned_still,support4,1,16,5.180416,0.003
131072,aligned_still,support4,1,17,5.168128,0.0035
131072,aligned_still,support4,1,18,5.41696,0.0031
131072,aligned_still,support4,1,19,5.243904,0.0031
131072,aligned_still,support4,1,20,5.185536,0.0031
131072,aligned_still,support4,1,21,5.158912,0.003
131072,aligned_still,support4,1,22,5.16096,0.0031
131072,aligned_still,support4,1,23,5.188608,0.0031
131072,aligned_still,support4,1,24,5.402624,0.0032
131072,aligned_still,support4,1,25,5.211136,0.0032
131072,aligned_still,support4,1,26,5.178368,0.0031
131072,aligned_still,support4,1,27,5.165056,0.0031
131072,aligned_still,support4,1,28,5.169152,0.0032
131072,aligned_still,support4,1,29,5.147648,0.0031
131072,aligned_still,support4,1,30,5.433344,0.0031
131072,aligned_still,support4,1,31,5.202944,0.0032
131072,aligned_still,support4,1,32,5.175296,0.0031
131072,aligned_still,support4,1,33,5.174272,0.0064
131072,aligned_still,support4,1,34,5.148672,0.0044
131072,aligned_still,support4,1,35,5.168128,0.0032
131072,aligned_still,support4,1,36,5.410816,0.0032
131072,aligned_still,support4,1,37,5.180416,0.0031
131072,aligned_still,support4,1,38,5.23776,0.0041
131072,aligned_still,support4,1,39,5.203968,0.0035
131072,aligned_still,support4,2,0,5.23264,0.0124
131072,aligned_still,support4,2,1,5.1968,0.0031
131072,aligned_still,support4,2,2,5.356544,0.0031
131072,aligned_still,support4,2,3,5.187584,0.0032
131072,aligned_still,support4,2,4,5.224448,0.0031
131072,aligned_still,support4,2,5,5.491712,0.0031
131072,aligned_still,support4,2,6,5.175296,0.0032
131072,aligned_still,support4,2,7,5.192704,0.0031
131072,aligned_still,support4,2,8,5.167104,0.0032
131072,aligned_still,support4,2,9,5.523456,0.0031
131072,aligned_still,support4,2,10,5.179392,0.0031
131072,aligned_still,support4,2,11,5.239808,0.0031
131072,aligned_still,support4,2,12,5.192704,0.0032
131072,aligned_still,support4,2,13,5.419008,0.0031
131072,aligned_still,support4,2,14,5.1968,0.0016
131072,aligned_still,support4,2,15,5.419008,0.0031
131072,aligned_still,support4,2,16,5.15584,0.0031
131072,aligned_still,support4,2,17,5.465088,0.0015
131072,aligned_still,support4,2,18,5.187584,0.0031
131072,aligned_still,support4,2,19,5.200896,0.0031
131072,aligned_still,support4,2,20,5.404672,0.0031
131072,aligned_still,support4,2,21,5.43744,0.003
131072,aligned_still,support4,2,22,5.20192,0.0066
131072,aligned_still,support4,2,23,5.179392,0.0046
131072,aligned_still,support4,2,24,5.445632,0.0032
131072,aligned_still,support4,2,25,5.218304,0.0031
131072,aligned_still,support4,2,26,5.164032,0.0031
131072,aligned_still,support4,2,27,5.293056,0.0031
131072,aligned_still,support4,2,28,5.614592,0.0033
131072,aligned_still,support4,2,29,5.220352,0.0031
131072,aligned_still,support4,2,30,5.322752,0.0033
131072,aligned_still,support4,2,31,5.266432,0.0031
131072,aligned_still,support4,2,32,5.414912,0.0031
131072,aligned_still,support4,2,33,5.296128,0.0049
131072,aligned_still,support4,2,34,5.474304,0.0032
131072,aligned_still,support4,2,35,5.233664,0.0031
131072,aligned_still,support4,2,36,5.479424,0.0031
131072,aligned_still,support4,2,37,5.262336,0.0031
131072,aligned_still,support4,2,38,5.270528,0.0031
131072,aligned_still,support4,2,39,5.230592,0.0031
131072,aligned_still,support4,3,0,5.65248,0.0141
131072,aligned_still,support4,3,1,5.200896,0.0074
131072,aligned_still,support4,3,2,5.172224,0.0059
131072,aligned_still,support4,3,3,5.1712,0.0062
131072,aligned_still,support4,3,4,5.1712,0.0047
131072,aligned_still,support4,3,5,5.137408,0.0046
131072,aligned_still,support4,3,6,5.377024,0.0032
131072,aligned_still,support4,3,7,5.152768,0.0031
131072,aligned_still,support4,3,8,5.179392,0.0033
131072,aligned_still,support4,3,9,5.199872,0.0033
131072,aligned_still,support4,3,10,5.152768,0.0033
131072,aligned_still,support4,3,11,5.22752,0.0033
131072,aligned_still,support4,3,12,5.35552,0.003
131072,aligned_still,support4,3,13,5.142528,0.0031
131072,aligned_still,support4,3,14,5.187584,0.0015
131072,aligned_still,support4,3,15,5.18144,0.0031
131072,aligned_still,support4,3,16,5.173248,0.0031
131072,aligned_still,support4,3,17,5.194752,0.0031
131072,aligned_still,support4,3,18,5.185536,0.0031
131072,aligned_still,support4,3,19,5.446656,0.0032
131072,aligned_still,support4,3,20,5.172224,0.0032
131072,aligned_still,support4,3,21,5.199872,0.0032
131072,aligned_still,support4,3,22,5.190656,0.0032
131072,aligned_still,support4,3,23,5.218304,0.0031
131072,aligned_still,support4,3,24,5.225472,0.0032
131072,aligned_still,support4,3,25,5.438464,0.0031
131072,aligned_still,support4,3,26,5.236736,0.0031
131072,aligned_still,support4,3,27,5.279744,0.0032
131072,aligned_still,support4,3,28,5.296128,0.0031
131072,aligned_still,support4,3,29,5.256192,0.0031
131072,aligned_still,support4,3,30,5.2992,0.0032
131072,aligned_still,support4,3,31,5.526528,0.0031
131072,aligned_still,support4,3,32,5.259264,0.0031
131072,aligned_still,support4,3,33,5.2736,0.0032
131072,aligned_still,support4,3,34,5.213184,0.0031
131072,aligned_still,support4,3,35,5.204992,0.0032
131072,aligned_still,support4,3,36,5.215232,0.0034
131072,aligned_still,support4,3,37,5.220352,0.0032
131072,aligned_still,support4,3,38,5.526528,0.0033
131072,aligned_still,support4,3,39,5.236736,0.0032
131072,staggered_still,jacobi4,1,0,5.779456,0.0104
131072,staggered_still,jacobi4,1,1,5.935104,0.0012
131072,staggered_still,jacobi4,1,2,6.125568,0.0031
131072,staggered_still,jacobi4,1,3,5.953536,8.0E-4
131072,staggered_still,jacobi4,1,4,5.891072,7.0E-4
131072,staggered_still,jacobi4,1,5,5.855232,8.0E-4
131072,staggered_still,jacobi4,1,6,5.835776,0.002
131072,staggered_still,jacobi4,1,7,5.906432,8.0E-4
131072,staggered_still,jacobi4,1,8,6.185984,8.0E-4
131072,staggered_still,jacobi4,1,9,5.933056,7.0E-4
131072,staggered_still,jacobi4,1,10,6.417408,8.0E-4
131072,staggered_still,jacobi4,1,11,6.0672,7.0E-4
131072,staggered_still,jacobi4,1,12,6.064128,7.0E-4
131072,staggered_still,jacobi4,1,13,6.366208,7.0E-4
131072,staggered_still,jacobi4,1,14,6.170624,8.0E-4
131072,staggered_still,jacobi4,1,15,6.105088,7.0E-4
131072,staggered_still,jacobi4,1,16,6.227968,9.0E-4
131072,staggered_still,jacobi4,1,17,6.166528,7.0E-4
131072,staggered_still,jacobi4,1,18,6.141952,7.0E-4
131072,staggered_still,jacobi4,1,19,6.449152,7.0E-4
131072,staggered_still,jacobi4,1,20,6.355968,7.0E-4
131072,staggered_still,jacobi4,1,21,6.250496,8.0E-4
131072,staggered_still,jacobi4,1,22,6.383616,8.0E-4
131072,staggered_still,jacobi4,1,23,6.395904,9.0E-4
131072,staggered_still,jacobi4,1,24,6.730752,8.0E-4
131072,staggered_still,jacobi4,1,25,6.516736,8.0E-4
131072,staggered_still,jacobi4,1,26,6.53824,7.0E-4
131072,staggered_still,jacobi4,1,27,6.58432,9.0E-4
131072,staggered_still,jacobi4,1,28,6.611968,7.0E-4
131072,staggered_still,jacobi4,1,29,6.903808,7.0E-4
131072,staggered_still,jacobi4,1,30,6.787072,8.0E-4
131072,staggered_still,jacobi4,1,31,6.761472,8.0E-4
131072,staggered_still,jacobi4,1,32,6.761472,7.0E-4
131072,staggered_still,jacobi4,1,33,6.84032,8.0E-4
131072,staggered_still,jacobi4,1,34,7.043072,7.0E-4
131072,staggered_still,jacobi4,1,35,6.784,7.0E-4
131072,staggered_still,jacobi4,1,36,6.888448,7.0E-4
131072,staggered_still,jacobi4,1,37,6.897664,8.0E-4
131072,staggered_still,jacobi4,1,38,6.883328,8.0E-4
131072,staggered_still,jacobi4,1,39,7.186432,8.0E-4
131072,staggered_still,jacobi4,2,0,5.824512,0.011
131072,staggered_still,jacobi4,2,1,5.906432,0.0011
131072,staggered_still,jacobi4,2,2,5.842944,0.003
131072,staggered_still,jacobi4,2,3,5.86752,0.0011
131072,staggered_still,jacobi4,2,4,6.207488,0.001
131072,staggered_still,jacobi4,2,5,5.938176,0.0011
131072,staggered_still,jacobi4,2,6,5.945344,0.001
131072,staggered_still,jacobi4,2,7,5.9904,0.001
131072,staggered_still,jacobi4,2,8,5.983232,0.001
131072,staggered_still,jacobi4,2,9,5.976064,0.0011
131072,staggered_still,jacobi4,2,10,6.336512,6.0E-4
131072,staggered_still,jacobi4,2,11,6.032384,8.0E-4
131072,staggered_still,jacobi4,2,12,6.047744,7.0E-4
131072,staggered_still,jacobi4,2,13,6.13888,7.0E-4
131072,staggered_still,jacobi4,2,14,6.112256,6.0E-4
131072,staggered_still,jacobi4,2,15,6.516736,7.0E-4
131072,staggered_still,jacobi4,2,16,6.235136,8.0E-4
131072,staggered_still,jacobi4,2,17,6.284288,8.0E-4
131072,staggered_still,jacobi4,2,18,6.18496,7.0E-4
131072,staggered_still,jacobi4,2,19,6.281216,7.0E-4
131072,staggered_still,jacobi4,2,20,6.514688,8.0E-4
131072,staggered_still,jacobi4,2,21,6.258688,7.0E-4
131072,staggered_still,jacobi4,2,22,6.2976,8.0E-4
131072,staggered_still,jacobi4,2,23,6.38464,8.0E-4
131072,staggered_still,jacobi4,2,24,6.449152,7.0E-4
131072,staggered_still,jacobi4,2,25,6.659072,7.0E-4
131072,staggered_still,jacobi4,2,26,6.567936,8.0E-4
131072,staggered_still,jacobi4,2,27,6.513664,7.0E-4
131072,staggered_still,jacobi4,2,28,6.528,8.0E-4
131072,staggered_still,jacobi4,2,29,6.535168,6.0E-4
131072,staggered_still,jacobi4,2,30,6.706176,7.0E-4
131072,staggered_still,jacobi4,2,31,6.92224,6.0E-4
131072,staggered_still,jacobi4,2,32,6.742016,7.0E-4
131072,staggered_still,jacobi4,2,33,6.793216,7.0E-4
131072,staggered_still,jacobi4,2,34,6.750208,8.0E-4
131072,staggered_still,jacobi4,2,35,6.938624,8.0E-4
131072,staggered_still,jacobi4,2,36,6.982656,7.0E-4
131072,staggered_still,jacobi4,2,37,6.91712,8.0E-4
131072,staggered_still,jacobi4,2,38,6.981632,6.0E-4
131072,staggered_still,jacobi4,2,39,7.007232,7.0E-4
131072,staggered_still,jacobi4,3,0,5.850112,0.0118
131072,staggered_still,jacobi4,3,1,5.906432,0.0022
131072,staggered_still,jacobi4,3,2,5.909504,0.0021
131072,staggered_still,jacobi4,3,3,5.960704,8.0E-4
131072,staggered_still,jacobi4,3,4,5.911552,8.0E-4
131072,staggered_still,jacobi4,3,5,6.171648,7.0E-4
131072,staggered_still,jacobi4,3,6,5.892096,7.0E-4
131072,staggered_still,jacobi4,3,7,5.9648,8.0E-4
131072,staggered_still,jacobi4,3,8,5.936128,6.0E-4
131072,staggered_still,jacobi4,3,9,5.94432,8.0E-4
131072,staggered_still,jacobi4,3,10,5.99552,7.0E-4
131072,staggered_still,jacobi4,3,11,6.56384,7.0E-4
131072,staggered_still,jacobi4,3,12,6.063104,7.0E-4
131072,staggered_still,jacobi4,3,13,6.131712,8.0E-4
131072,staggered_still,jacobi4,3,14,6.13888,8.0E-4
131072,staggered_still,jacobi4,3,15,6.160384,8.0E-4
131072,staggered_still,jacobi4,3,16,6.550528,7.0E-4
131072,staggered_still,jacobi4,3,17,6.289408,9.0E-4
131072,staggered_still,jacobi4,3,18,6.2208,7.0E-4
131072,staggered_still,jacobi4,3,19,6.310912,7.0E-4
131072,staggered_still,jacobi4,3,20,6.34368,8.0E-4
131072,staggered_still,jacobi4,3,21,6.670336,8.0E-4
131072,staggered_still,jacobi4,3,22,6.334464,7.0E-4
131072,staggered_still,jacobi4,3,23,6.381568,8.0E-4
131072,staggered_still,jacobi4,3,24,6.426624,9.0E-4
131072,staggered_still,jacobi4,3,25,6.403072,9.0E-4
131072,staggered_still,jacobi4,3,26,6.714368,7.0E-4
131072,staggered_still,jacobi4,3,27,6.537216,8.0E-4
131072,staggered_still,jacobi4,3,28,6.593536,8.0E-4
131072,staggered_still,jacobi4,3,29,6.564864,7.0E-4
131072,staggered_still,jacobi4,3,30,6.730752,8.0E-4
131072,staggered_still,jacobi4,3,31,6.913024,8.0E-4
131072,staggered_still,jacobi4,3,32,6.756352,9.0E-4
131072,staggered_still,jacobi4,3,33,6.779904,7.0E-4
131072,staggered_still,jacobi4,3,34,6.746112,8.0E-4
131072,staggered_still,jacobi4,3,35,6.739968,7.0E-4
131072,staggered_still,jacobi4,3,36,7.166976,6.0E-4
131072,staggered_still,jacobi4,3,37,6.878208,7.0E-4
131072,staggered_still,jacobi4,3,38,6.868992,9.0E-4
131072,staggered_still,jacobi4,3,39,6.897664,7.0E-4
131072,staggered_still,jacobi16,1,0,19.715072,0.0126
131072,staggered_still,jacobi16,1,1,19.646464,0.0049
131072,staggered_still,jacobi16,1,2,19.736576,0.0033
131072,staggered_still,jacobi16,1,3,19.362816,0.0032
131072,staggered_still,jacobi16,1,4,19.680256,0.0032
131072,staggered_still,jacobi16,1,5,19.451904,0.0032
131072,staggered_still,jacobi16,1,6,19.694592,0.0032
131072,staggered_still,jacobi16,1,7,19.65056,0.0033
131072,staggered_still,jacobi16,1,8,19.265536,0.0034
131072,staggered_still,jacobi16,1,9,19.267584,0.0034
131072,staggered_still,jacobi16,1,10,19.113984,0.0031
131072,staggered_still,jacobi16,1,11,19.613696,0.0034
131072,staggered_still,jacobi16,1,12,19.658752,0.0034
131072,staggered_still,jacobi16,1,13,19.490816,0.0034
131072,staggered_still,jacobi16,1,14,19.867648,0.0031
131072,staggered_still,jacobi16,1,15,19.678208,0.0032
131072,staggered_still,jacobi16,1,16,20.035584,0.0032
131072,staggered_still,jacobi16,1,17,20.120576,0.0032
131072,staggered_still,jacobi16,1,18,20.149248,0.0032
131072,staggered_still,jacobi16,1,19,20.533248,0.0032
131072,staggered_still,jacobi16,1,20,20.629504,0.0032
131072,staggered_still,jacobi16,1,21,20.673536,0.0032
131072,staggered_still,jacobi16,1,22,20.70528,0.0032
131072,staggered_still,jacobi16,1,23,20.56192,0.0031
131072,staggered_still,jacobi16,1,24,20.739072,0.0033
131072,staggered_still,jacobi16,1,25,20.349952,0.0034
131072,staggered_still,jacobi16,1,26,20.64896,0.0033
131072,staggered_still,jacobi16,1,27,20.871168,0.0033
131072,staggered_still,jacobi16,1,28,20.630528,0.0032
131072,staggered_still,jacobi16,1,29,20.813824,0.0033
131072,staggered_still,jacobi16,1,30,20.902912,0.0032
131072,staggered_still,jacobi16,1,31,20.739072,0.0035
131072,staggered_still,jacobi16,1,32,20.886528,0.0033
131072,staggered_still,jacobi16,1,33,20.882432,0.0032
131072,staggered_still,jacobi16,1,34,21.400576,0.0031
131072,staggered_still,jacobi16,1,35,21.541888,0.0033
131072,staggered_still,jacobi16,1,36,21.431296,0.0032
131072,staggered_still,jacobi16,1,37,22.044672,0.0034
131072,staggered_still,jacobi16,1,38,21.750784,0.0032
131072,staggered_still,jacobi16,1,39,21.551104,0.0035
131072,staggered_still,jacobi16,2,0,19.426304,0.0114
131072,staggered_still,jacobi16,2,1,19.355648,0.0034
131072,staggered_still,jacobi16,2,2,19.566592,0.0033
131072,staggered_still,jacobi16,2,3,19.59936,0.0033
131072,staggered_still,jacobi16,2,4,19.45088,0.0034
131072,staggered_still,jacobi16,2,5,19.555328,0.0034
131072,staggered_still,jacobi16,2,6,19.304448,0.0033
131072,staggered_still,jacobi16,2,7,19.975168,0.0033
131072,staggered_still,jacobi16,2,8,19.50208,0.0034
131072,staggered_still,jacobi16,2,9,19.06688,0.0033
131072,staggered_still,jacobi16,2,10,19.483648,0.0033
131072,staggered_still,jacobi16,2,11,19.391488,0.0034
131072,staggered_still,jacobi16,2,12,19.653632,0.0033
131072,staggered_still,jacobi16,2,13,19.731456,0.0034
131072,staggered_still,jacobi16,2,14,19.574784,0.0032
131072,staggered_still,jacobi16,2,15,19.842048,0.0034
131072,staggered_still,jacobi16,2,16,19.765248,0.0036
131072,staggered_still,jacobi16,2,17,20.190208,0.0033
131072,staggered_still,jacobi16,2,18,20.226048,0.0032
131072,staggered_still,jacobi16,2,19,20.224,0.0033
131072,staggered_still,jacobi16,2,20,20.728832,0.0032
131072,staggered_still,jacobi16,2,21,20.45952,0.0033
131072,staggered_still,jacobi16,2,22,20.755456,0.0034
131072,staggered_still,jacobi16,2,23,20.933632,0.0033
131072,staggered_still,jacobi16,2,24,20.521984,0.0034
131072,staggered_still,jacobi16,2,25,20.724736,0.0034
131072,staggered_still,jacobi16,2,26,20.555776,0.0032
131072,staggered_still,jacobi16,2,27,20.98176,0.0033
131072,staggered_still,jacobi16,2,28,21.046272,0.0034
131072,staggered_still,jacobi16,2,29,20.73088,0.0032
131072,staggered_still,jacobi16,2,30,20.960256,0.0032
131072,staggered_still,jacobi16,2,31,20.990976,0.0032
131072,staggered_still,jacobi16,2,32,20.739072,0.0032
131072,staggered_still,jacobi16,2,33,21.069824,0.0033
131072,staggered_still,jacobi16,2,34,21.362688,0.0034
131072,staggered_still,jacobi16,2,35,21.318656,0.0033
131072,staggered_still,jacobi16,2,36,21.748736,0.0032
131072,staggered_still,jacobi16,2,37,21.485568,0.0033
131072,staggered_still,jacobi16,2,38,21.753856,0.0034
131072,staggered_still,jacobi16,2,39,21.808128,0.0036
131072,staggered_still,jacobi16,3,0,19.462144,0.0115
131072,staggered_still,jacobi16,3,1,19.7888,0.0035
131072,staggered_still,jacobi16,3,2,19.356672,0.0033
131072,staggered_still,jacobi16,3,3,19.478528,0.0034
131072,staggered_still,jacobi16,3,4,19.523584,0.0033
131072,staggered_still,jacobi16,3,5,19.42528,0.0035
131072,staggered_still,jacobi16,3,6,19.551232,0.0033
131072,staggered_still,jacobi16,3,7,19.405824,0.0033
131072,staggered_still,jacobi16,3,8,19.469312,0.0033
131072,staggered_still,jacobi16,3,9,19.08736,0.0034
131072,staggered_still,jacobi16,3,10,19.501056,0.0033
131072,staggered_still,jacobi16,3,11,19.735552,0.0034
131072,staggered_still,jacobi16,3,12,19.666944,0.0034
131072,staggered_still,jacobi16,3,13,19.702784,0.0034
131072,staggered_still,jacobi16,3,14,19.581952,0.0034
131072,staggered_still,jacobi16,3,15,19.970048,0.0034
131072,staggered_still,jacobi16,3,16,20.219904,0.0034
131072,staggered_still,jacobi16,3,17,19.900416,0.0033
131072,staggered_still,jacobi16,3,18,20.281344,0.0037
131072,staggered_still,jacobi16,3,19,20.202496,0.0035
131072,staggered_still,jacobi16,3,20,20.671488,0.0034
131072,staggered_still,jacobi16,3,21,20.707328,0.0032
131072,staggered_still,jacobi16,3,22,20.4288,0.0033
131072,staggered_still,jacobi16,3,23,20.775936,0.0033
131072,staggered_still,jacobi16,3,24,20.724736,0.0033
131072,staggered_still,jacobi16,3,25,20.39808,0.0033
131072,staggered_still,jacobi16,3,26,20.702208,0.0037
131072,staggered_still,jacobi16,3,27,20.707328,0.0035
131072,staggered_still,jacobi16,3,28,20.98688,0.0034
131072,staggered_still,jacobi16,3,29,20.9408,0.0033
131072,staggered_still,jacobi16,3,30,20.73088,0.0032
131072,staggered_still,jacobi16,3,31,20.989952,0.0033
131072,staggered_still,jacobi16,3,32,20.931584,0.0033
131072,staggered_still,jacobi16,3,33,20.968448,0.0033
131072,staggered_still,jacobi16,3,34,21.548032,0.0034
131072,staggered_still,jacobi16,3,35,21.313536,0.0034
131072,staggered_still,jacobi16,3,36,21.6832,0.0033
131072,staggered_still,jacobi16,3,37,21.72928,0.0033
131072,staggered_still,jacobi16,3,38,21.512192,0.0035
131072,staggered_still,jacobi16,3,39,21.71904,0.0035
131072,staggered_still,support4,1,0,5.291008,0.0125
131072,staggered_still,support4,1,1,5.279744,0.0032
131072,staggered_still,support4,1,2,5.559296,0.0031
131072,staggered_still,support4,1,3,5.279744,0.0031
131072,staggered_still,support4,1,4,5.276672,0.0031
131072,staggered_still,support4,1,5,5.230592,0.0034
131072,staggered_still,support4,1,6,5.226496,0.0034
131072,staggered_still,support4,1,7,5.214208,0.0031
131072,staggered_still,support4,1,8,5.440512,0.0031
131072,staggered_still,support4,1,9,5.274624,0.003
131072,staggered_still,support4,1,10,5.246976,0.003
131072,staggered_still,support4,1,11,5.284864,0.0017
131072,staggered_still,support4,1,12,5.26336,0.0032
131072,staggered_still,support4,1,13,5.249024,0.003
131072,staggered_still,support4,1,14,5.510144,0.0016
131072,staggered_still,support4,1,15,5.251072,0.0031
131072,staggered_still,support4,1,16,5.25312,0.0031
131072,staggered_still,support4,1,17,5.296128,0.0015
131072,staggered_still,support4,1,18,5.295104,0.003
131072,staggered_still,support4,1,19,5.338112,0.0031
131072,staggered_still,support4,1,20,5.444608,0.0032
131072,staggered_still,support4,1,21,5.266432,0.0033
131072,staggered_still,support4,1,22,5.269504,0.0051
131072,staggered_still,support4,1,23,5.250048,0.0043
131072,staggered_still,support4,1,24,5.264384,0.0041
131072,staggered_still,support4,1,25,5.244928,0.0039
131072,staggered_still,support4,1,26,5.262336,0.003
131072,staggered_still,support4,1,27,5.513216,0.0059
131072,staggered_still,support4,1,28,5.312512,0.0031
131072,staggered_still,support4,1,29,5.280768,0.0032
131072,staggered_still,support4,1,30,5.331968,0.0031
131072,staggered_still,support4,1,31,5.298176,0.0031
131072,staggered_still,support4,1,32,5.2736,0.0032
131072,staggered_still,support4,1,33,5.48864,0.0015
131072,staggered_still,support4,1,34,5.29408,0.003
131072,staggered_still,support4,1,35,5.277696,0.0033
131072,staggered_still,support4,1,36,5.241856,0.0015
131072,staggered_still,support4,1,37,5.248,0.003
131072,staggered_still,support4,1,38,5.250048,0.0015
131072,staggered_still,support4,1,39,5.438464,0.0031
131072,staggered_still,support4,2,0,5.291008,0.0135
131072,staggered_still,support4,2,1,5.318656,0.0032
131072,staggered_still,support4,2,2,5.284864,0.0032
131072,staggered_still,support4,2,3,5.504,0.0032
131072,staggered_still,support4,2,4,5.280768,0.0031
131072,staggered_still,support4,2,5,5.53472,0.0031
131072,staggered_still,support4,2,6,5.269504,0.0032
131072,staggered_still,support4,2,7,5.470208,0.0031
131072,staggered_still,support4,2,8,5.260288,0.0031
131072,staggered_still,support4,2,9,5.287936,0.0034
131072,staggered_still,support4,2,10,5.238784,0.0032
131072,staggered_still,support4,2,11,5.57568,0.0031
131072,staggered_still,support4,2,12,5.306368,0.0034
131072,staggered_still,support4,2,13,5.272576,0.0031
131072,staggered_still,support4,2,14,5.313536,0.0031
131072,staggered_still,support4,2,15,5.500928,0.0031
131072,staggered_still,support4,2,16,5.249024,0.0031
131072,staggered_still,support4,2,17,5.46816,0.0031
131072,staggered_still,support4,2,18,5.266432,0.0033
131072,staggered_still,support4,2,19,5.615616,0.0016
131072,staggered_still,support4,2,20,5.271552,0.0031
131072,staggered_still,support4,2,21,5.280768,0.0031
131072,staggered_still,support4,2,22,5.635072,0.0031
131072,staggered_still,support4,2,23,5.53472,0.0031
131072,staggered_still,support4,2,24,5.313536,0.0031
131072,staggered_still,support4,2,25,5.363712,0.003
131072,staggered_still,support4,2,26,5.525504,0.0031
131072,staggered_still,support4,2,27,5.352448,0.0031
131072,staggered_still,support4,2,28,5.35552,0.0015
131072,staggered_still,support4,2,29,5.56032,0.0033
131072,staggered_still,support4,2,30,5.625856,0.0031
131072,staggered_still,support4,2,31,5.366784,0.0031
131072,staggered_still,support4,2,32,5.346304,0.0032
131072,staggered_still,support4,2,33,5.296128,0.003
131072,staggered_still,support4,2,34,5.598208,0.0031
131072,staggered_still,support4,2,35,5.535744,0.0031
131072,staggered_still,support4,2,36,5.352448,0.003
131072,staggered_still,support4,2,37,5.303296,0.0031
131072,staggered_still,support4,2,38,5.572608,0.0031
131072,staggered_still,support4,2,39,5.285888,0.0032
131072,staggered_still,support4,3,0,5.516288,0.012
131072,staggered_still,support4,3,1,5.275648,0.0031
131072,staggered_still,support4,3,2,5.241856,0.003
131072,staggered_still,support4,3,3,5.281792,0.0032
131072,staggered_still,support4,3,4,5.270528,0.0031
131072,staggered_still,support4,3,5,5.27872,0.0031
131072,staggered_still,support4,3,6,5.500928,0.0032
131072,staggered_still,support4,3,7,5.261312,0.0031
131072,staggered_still,support4,3,8,5.275648,0.0031
131072,staggered_still,support4,3,9,5.313536,0.0019
131072,staggered_still,support4,3,10,5.241856,0.0031
131072,staggered_still,support4,3,11,5.297152,0.0032
131072,staggered_still,support4,3,12,5.412864,0.0031
131072,staggered_still,support4,3,13,5.236736,0.0032
131072,staggered_still,support4,3,14,5.249024,0.0015
131072,staggered_still,support4,3,15,5.251072,0.0032
131072,staggered_still,support4,3,16,5.24288,0.0031
131072,staggered_still,support4,3,17,5.342208,0.0031
131072,staggered_still,support4,3,18,5.225472,0.003
131072,staggered_still,support4,3,19,5.57056,0.0017
131072,staggered_still,support4,3,20,5.300224,0.003
131072,staggered_still,support4,3,21,5.280768,0.0032
131072,staggered_still,support4,3,22,5.331968,0.0031
131072,staggered_still,support4,3,23,5.343232,0.003
131072,staggered_still,support4,3,24,5.31456,0.0031
131072,staggered_still,support4,3,25,5.548032,0.0015
131072,staggered_still,support4,3,26,5.323776,0.0031
131072,staggered_still,support4,3,27,5.325824,0.0032
131072,staggered_still,support4,3,28,5.316608,0.003
131072,staggered_still,support4,3,29,5.282816,0.0031
131072,staggered_still,support4,3,30,5.30432,0.0015
131072,staggered_still,support4,3,31,5.505024,0.003
131072,staggered_still,support4,3,32,5.298176,0.0031
131072,staggered_still,support4,3,33,5.297152,0.0031
131072,staggered_still,support4,3,34,5.264384,0.003
131072,staggered_still,support4,3,35,5.266432,0.0033
131072,staggered_still,support4,3,36,5.280768,0.003
131072,staggered_still,support4,3,37,5.486592,0.0031
131072,staggered_still,support4,3,38,5.34528,0.0016
131072,staggered_still,support4,3,39,5.245952,0.0031
131072,staggered_driven,jacobi4,1,0,6.25152,0.0285
131072,staggered_driven,jacobi4,1,1,6.552576,0.0031
131072,staggered_driven,jacobi4,1,2,6.160384,0.0094
131072,staggered_driven,jacobi4,1,3,6.145024,0.0026
131072,staggered_driven,jacobi4,1,4,6.110208,0.0029
131072,staggered_driven,jacobi4,1,5,6.116352,0.0026
131072,staggered_driven,jacobi4,1,6,6.38976,0.0022
131072,staggered_driven,jacobi4,1,7,6.24128,0.0023
131072,staggered_driven,jacobi4,1,8,6.224896,0.0024
131072,staggered_driven,jacobi4,1,9,6.161408,0.0022
131072,staggered_driven,jacobi4,1,10,6.265856,0.0026
131072,staggered_driven,jacobi4,1,11,6.281216,0.0026
131072,staggered_driven,jacobi4,1,12,6.663168,0.0033
131072,staggered_driven,jacobi4,1,13,6.46656,0.0027
131072,staggered_driven,jacobi4,1,14,6.434816,0.0023
131072,staggered_driven,jacobi4,1,15,6.38976,0.0025
131072,staggered_driven,jacobi4,1,16,6.365184,0.0025
131072,staggered_driven,jacobi4,1,17,6.721536,0.0026
131072,staggered_driven,jacobi4,1,18,6.390784,0.0022
131072,staggered_driven,jacobi4,1,19,6.488064,0.0023
131072,staggered_driven,jacobi4,1,20,6.501376,0.0026
131072,staggered_driven,jacobi4,1,21,6.483968,0.0023
131072,staggered_driven,jacobi4,1,22,6.689792,0.0026
131072,staggered_driven,jacobi4,1,23,6.541312,0.0026
131072,staggered_driven,jacobi4,1,24,6.670336,0.0026
131072,staggered_driven,jacobi4,1,25,6.56896,0.0023
131072,staggered_driven,jacobi4,1,26,6.73792,0.0026
131072,staggered_driven,jacobi4,1,27,7.136256,0.0023
131072,staggered_driven,jacobi4,1,28,7.017472,0.0025
131072,staggered_driven,jacobi4,1,29,6.984704,0.0023
131072,staggered_driven,jacobi4,1,30,7.053312,0.0023
131072,staggered_driven,jacobi4,1,31,7.153664,0.0022
131072,staggered_driven,jacobi4,1,32,7.274496,0.0027
131072,staggered_driven,jacobi4,1,33,6.960128,0.0023
131072,staggered_driven,jacobi4,1,34,6.93248,0.0024
131072,staggered_driven,jacobi4,1,35,6.919168,0.0025
131072,staggered_driven,jacobi4,1,36,7.001088,0.0022
131072,staggered_driven,jacobi4,1,37,7.366656,0.0028
131072,staggered_driven,jacobi4,1,38,7.084032,0.0029
131072,staggered_driven,jacobi4,1,39,7.063552,0.0026
131072,staggered_driven,jacobi4,2,0,6.518784,0.0308
131072,staggered_driven,jacobi4,2,1,6.228992,0.0098
131072,staggered_driven,jacobi4,2,2,6.153216,0.003
131072,staggered_driven,jacobi4,2,3,6.132736,0.0027
131072,staggered_driven,jacobi4,2,4,6.162432,0.0037
131072,staggered_driven,jacobi4,2,5,6.363136,0.0034
131072,staggered_driven,jacobi4,2,6,6.162432,0.0026
131072,staggered_driven,jacobi4,2,7,6.183936,0.0027
131072,staggered_driven,jacobi4,2,8,6.193152,0.0026
131072,staggered_driven,jacobi4,2,9,6.171648,0.0023
131072,staggered_driven,jacobi4,2,10,6.22592,0.0025
131072,staggered_driven,jacobi4,2,11,6.648832,0.0022
131072,staggered_driven,jacobi4,2,12,6.397952,0.0034
131072,staggered_driven,jacobi4,2,13,6.526976,0.0026
131072,staggered_driven,jacobi4,2,14,6.495232,0.0026
131072,staggered_driven,jacobi4,2,15,6.447104,0.0023
131072,staggered_driven,jacobi4,2,16,6.70208,0.0026
131072,staggered_driven,jacobi4,2,17,6.498304,0.0026
131072,staggered_driven,jacobi4,2,18,6.498304,0.0027
131072,staggered_driven,jacobi4,2,19,6.431744,0.0029
131072,staggered_driven,jacobi4,2,20,6.458368,0.0023
131072,staggered_driven,jacobi4,2,21,6.667264,0.0026
131072,staggered_driven,jacobi4,2,22,6.38976,0.0051
131072,staggered_driven,jacobi4,2,23,6.46656,0.003
131072,staggered_driven,jacobi4,2,24,6.520832,0.0026
131072,staggered_driven,jacobi4,2,25,6.560768,0.0027
131072,staggered_driven,jacobi4,2,26,7.0144,0.0026
131072,staggered_driven,jacobi4,2,27,6.861824,0.0025
131072,staggered_driven,jacobi4,2,28,6.980608,0.0027
131072,staggered_driven,jacobi4,2,29,6.939648,0.0027
131072,staggered_driven,jacobi4,2,30,7.012352,0.0023
131072,staggered_driven,jacobi4,2,31,7.281664,0.0025
131072,staggered_driven,jacobi4,2,32,6.99904,0.0026
131072,staggered_driven,jacobi4,2,33,6.934528,0.0026
131072,staggered_driven,jacobi4,2,34,6.85568,0.0023
131072,staggered_driven,jacobi4,2,35,7.472128,0.0026
131072,staggered_driven,jacobi4,2,36,7.027712,0.0029
131072,staggered_driven,jacobi4,2,37,7.115776,0.0026
131072,staggered_driven,jacobi4,2,38,7.036928,0.0025
131072,staggered_driven,jacobi4,2,39,7.043072,0.0027
131072,staggered_driven,jacobi4,3,0,6.272,0.0229
131072,staggered_driven,jacobi4,3,1,6.334464,0.0027
131072,staggered_driven,jacobi4,3,2,6.178816,0.0095
131072,staggered_driven,jacobi4,3,3,6.156288,0.0031
131072,staggered_driven,jacobi4,3,4,6.462464,0.0026
131072,staggered_driven,jacobi4,3,5,6.137856,0.0026
131072,staggered_driven,jacobi4,3,6,6.13376,0.0027
131072,staggered_driven,jacobi4,3,7,6.148096,0.0029
131072,staggered_driven,jacobi4,3,8,6.233088,0.0038
131072,staggered_driven,jacobi4,3,9,6.472704,0.0096
131072,staggered_driven,jacobi4,3,10,6.255616,0.0026
131072,staggered_driven,jacobi4,3,11,6.308864,0.0025
131072,staggered_driven,jacobi4,3,12,6.30784,0.0026
131072,staggered_driven,jacobi4,3,13,6.437888,0.0027
131072,staggered_driven,jacobi4,3,14,6.677504,0.0039
131072,staggered_driven,jacobi4,3,15,6.418432,0.0034
131072,staggered_driven,jacobi4,3,16,6.375424,0.0036
131072,staggered_driven,jacobi4,3,17,6.45632,0.0029
131072,staggered_driven,jacobi4,3,18,6.4,0.0031
131072,staggered_driven,jacobi4,3,19,6.714368,0.0054
131072,staggered_driven,jacobi4,3,20,6.547456,0.003
131072,staggered_driven,jacobi4,3,21,6.449152,0.003
131072,staggered_driven,jacobi4,3,22,6.43072,0.0046
131072,staggered_driven,jacobi4,3,23,6.501376,0.0032
131072,staggered_driven,jacobi4,3,24,6.556672,0.0024
131072,staggered_driven,jacobi4,3,25,6.80448,0.0026
131072,staggered_driven,jacobi4,3,26,6.747136,0.0025
131072,staggered_driven,jacobi4,3,27,6.9888,0.0025
131072,staggered_driven,jacobi4,3,28,6.960128,0.0026
131072,staggered_driven,jacobi4,3,29,7.189504,0.0023
131072,staggered_driven,jacobi4,3,30,7.026688,0.0026
131072,staggered_driven,jacobi4,3,31,7.006208,0.0022
131072,staggered_driven,jacobi4,3,32,6.955008,0.0022
131072,staggered_driven,jacobi4,3,33,6.89152,0.0026
131072,staggered_driven,jacobi4,3,34,7.245824,0.0027
131072,staggered_driven,jacobi4,3,35,6.919168,0.0034
131072,staggered_driven,jacobi4,3,36,6.989824,0.0035
131072,staggered_driven,jacobi4,3,37,7.074816,0.003
131072,staggered_driven,jacobi4,3,38,7.038976,0.0026
131072,staggered_driven,jacobi4,3,39,7.396352,0.0028
131072,staggered_driven,jacobi16,1,0,19.33312,0.0322
131072,staggered_driven,jacobi16,1,1,19.079168,0.0238
131072,staggered_driven,jacobi16,1,2,19.707904,0.0111
131072,staggered_driven,jacobi16,1,3,19.356672,0.0113
131072,staggered_driven,jacobi16,1,4,19.55328,0.0106
131072,staggered_driven,jacobi16,1,5,19.605504,0.0114
131072,staggered_driven,jacobi16,1,6,19.745792,0.0107
131072,staggered_driven,jacobi16,1,7,19.618816,0.0107
131072,staggered_driven,jacobi16,1,8,19.56864,0.0107
131072,staggered_driven,jacobi16,1,9,19.975168,0.0105
131072,staggered_driven,jacobi16,1,10,19.480576,0.0107
131072,staggered_driven,jacobi16,1,11,19.662848,0.0103
131072,staggered_driven,jacobi16,1,12,19.895296,0.0107
131072,staggered_driven,jacobi16,1,13,19.820544,0.0103
131072,staggered_driven,jacobi16,1,14,19.99872,0.0107
131072,staggered_driven,jacobi16,1,15,19.940352,0.0107
131072,staggered_driven,jacobi16,1,16,20.236288,0.0104
131072,staggered_driven,jacobi16,1,17,20.49536,0.0108
131072,staggered_driven,jacobi16,1,18,20.205568,0.0107
131072,staggered_driven,jacobi16,1,19,20.489216,0.0108
131072,staggered_driven,jacobi16,1,20,20.263936,0.0107
131072,staggered_driven,jacobi16,1,21,20.963328,0.0103
131072,staggered_driven,jacobi16,1,22,21.036032,0.0109
131072,staggered_driven,jacobi16,1,23,20.79744,0.0106
131072,staggered_driven,jacobi16,1,24,21.10464,0.0105
131072,staggered_driven,jacobi16,1,25,21.44768,0.011
131072,staggered_driven,jacobi16,1,26,20.77184,0.0107
131072,staggered_driven,jacobi16,1,27,21.020672,0.0103
131072,staggered_driven,jacobi16,1,28,20.864,0.0107
131072,staggered_driven,jacobi16,1,29,21.137408,0.0103
131072,staggered_driven,jacobi16,1,30,21.257216,0.0107
131072,staggered_driven,jacobi16,1,31,21.43744,0.0107
131072,staggered_driven,jacobi16,1,32,21.197824,0.0108
131072,staggered_driven,jacobi16,1,33,21.451776,0.0111
131072,staggered_driven,jacobi16,1,34,21.264384,0.0103
131072,staggered_driven,jacobi16,1,35,21.59104,0.0111
131072,staggered_driven,jacobi16,1,36,21.746688,0.0142
131072,staggered_driven,jacobi16,1,37,21.769216,0.0107
131072,staggered_driven,jacobi16,1,38,22.41536,0.0124
131072,staggered_driven,jacobi16,1,39,21.916672,0.0108
131072,staggered_driven,jacobi16,2,0,19.279872,0.0332
131072,staggered_driven,jacobi16,2,1,19.079168,0.0112
131072,staggered_driven,jacobi16,2,2,19.688448,0.0111
131072,staggered_driven,jacobi16,2,3,19.423232,0.0104
131072,staggered_driven,jacobi16,2,4,19.56864,0.0108
131072,staggered_driven,jacobi16,2,5,19.874816,0.0104
131072,staggered_driven,jacobi16,2,6,19.709952,0.0103
131072,staggered_driven,jacobi16,2,7,19.745792,0.0103
131072,staggered_driven,jacobi16,2,8,19.475456,0.0102
131072,staggered_driven,jacobi16,2,9,19.866624,0.0105
131072,staggered_driven,jacobi16,2,10,19.53792,0.0102
131072,staggered_driven,jacobi16,2,11,19.622912,0.0103
131072,staggered_driven,jacobi16,2,12,19.769344,0.0104
131072,staggered_driven,jacobi16,2,13,19.776512,0.0105
131072,staggered_driven,jacobi16,2,14,19.934208,0.0103
131072,staggered_driven,jacobi16,2,15,19.75296,0.0103
131072,staggered_driven,jacobi16,2,16,20.084736,0.0104
131072,staggered_driven,jacobi16,2,17,20.119552,0.017
131072,staggered_driven,jacobi16,2,18,20.18816,0.0104
131072,staggered_driven,jacobi16,2,19,20.48,0.01
131072,staggered_driven,jacobi16,2,20,20.284416,0.0104
131072,staggered_driven,jacobi16,2,21,20.801536,0.01
131072,staggered_driven,jacobi16,2,22,21.0944,0.0103
131072,staggered_driven,jacobi16,2,23,20.918272,0.0107
131072,staggered_driven,jacobi16,2,24,21.281792,0.0104
131072,staggered_driven,jacobi16,2,25,21.379072,0.0108
131072,staggered_driven,jacobi16,2,26,20.849664,0.0104
131072,staggered_driven,jacobi16,2,27,21.15584,0.01
131072,staggered_driven,jacobi16,2,28,21.023744,0.0103
131072,staggered_driven,jacobi16,2,29,21.490688,0.0104
131072,staggered_driven,jacobi16,2,30,21.332992,0.0104
131072,staggered_driven,jacobi16,2,31,21.10464,0.0103
131072,staggered_driven,jacobi16,2,32,21.384192,0.0103
131072,staggered_driven,jacobi16,2,33,21.394432,0.0105
131072,staggered_driven,jacobi16,2,34,21.065728,0.0103
131072,staggered_driven,jacobi16,2,35,21.303296,0.01
131072,staggered_driven,jacobi16,2,36,21.540864,0.0156
131072,staggered_driven,jacobi16,2,37,21.583872,0.0112
131072,staggered_driven,jacobi16,2,38,22.244352,0.0103
131072,staggered_driven,jacobi16,2,39,22.007808,0.0104
131072,staggered_driven,jacobi16,3,0,19.294208,0.0336
131072,staggered_driven,jacobi16,3,1,19.423232,0.0111
131072,staggered_driven,jacobi16,3,2,19.934208,0.0108
131072,staggered_driven,jacobi16,3,3,19.62496,0.0111
131072,staggered_driven,jacobi16,3,4,19.79392,0.0103
131072,staggered_driven,jacobi16,3,5,19.723264,0.0103
131072,staggered_driven,jacobi16,3,6,19.714048,0.0103
131072,staggered_driven,jacobi16,3,7,19.610624,0.0104
131072,staggered_driven,jacobi16,3,8,20.026368,0.0104
131072,staggered_driven,jacobi16,3,9,19.945472,0.0103
131072,staggered_driven,jacobi16,3,10,19.69152,0.0099
131072,staggered_driven,jacobi16,3,11,19.868672,0.0165
131072,staggered_driven,jacobi16,3,12,19.667968,0.0101
131072,staggered_driven,jacobi16,3,13,20.25984,0.0099
131072,staggered_driven,jacobi16,3,14,20.16768,0.0145
131072,staggered_driven,jacobi16,3,15,19.90656,0.0106
131072,staggered_driven,jacobi16,3,16,20.169728,0.0103
131072,staggered_driven,jacobi16,3,17,20.227072,0.01
131072,staggered_driven,jacobi16,3,18,20.1728,0.0099
131072,staggered_driven,jacobi16,3,19,20.337664,0.0103
131072,staggered_driven,jacobi16,3,20,20.281344,0.0103
131072,staggered_driven,jacobi16,3,21,20.784128,0.0103
131072,staggered_driven,jacobi16,3,22,20.841472,0.0105
131072,staggered_driven,jacobi16,3,23,20.8128,0.0103
131072,staggered_driven,jacobi16,3,24,21.071872,0.0104
131072,staggered_driven,jacobi16,3,25,21.081088,0.0103
131072,staggered_driven,jacobi16,3,26,20.767744,0.0102
131072,staggered_driven,jacobi16,3,27,20.93568,0.0103
131072,staggered_driven,jacobi16,3,28,21.01248,0.0102
131072,staggered_driven,jacobi16,3,29,21.323776,0.0103
131072,staggered_driven,jacobi16,3,30,21.354496,0.0103
131072,staggered_driven,jacobi16,3,31,21.008384,0.0099
131072,staggered_driven,jacobi16,3,32,21.325824,0.0099
131072,staggered_driven,jacobi16,3,33,21.408768,0.0104
131072,staggered_driven,jacobi16,3,34,21.02272,0.0103
131072,staggered_driven,jacobi16,3,35,21.459968,0.0105
131072,staggered_driven,jacobi16,3,36,21.603328,0.0099
131072,staggered_driven,jacobi16,3,37,21.595136,0.01
131072,staggered_driven,jacobi16,3,38,21.89312,0.0099
131072,staggered_driven,jacobi16,3,39,21.793792,0.0103
131072,staggered_driven,support4,1,0,5.471232,0.034
131072,staggered_driven,support4,1,1,5.434368,0.0105
131072,staggered_driven,support4,1,2,5.42208,0.0101
131072,staggered_driven,support4,1,3,5.694464,0.0101
131072,staggered_driven,support4,1,4,5.388288,0.0101
131072,staggered_driven,support4,1,5,5.384192,0.0104
131072,staggered_driven,support4,1,6,5.373952,0.0102
131072,staggered_driven,support4,1,7,5.402624,0.0098
131072,staggered_driven,support4,1,8,5.413888,0.0101
131072,staggered_driven,support4,1,9,5.629952,0.0101
131072,staggered_driven,support4,1,10,5.459968,0.0037
131072,staggered_driven,support4,1,11,5.495808,0.0102
131072,staggered_driven,support4,1,12,5.829632,0.0097
131072,staggered_driven,support4,1,13,5.499904,0.0103
131072,staggered_driven,support4,1,14,5.429248,0.0101
131072,staggered_driven,support4,1,15,5.67808,0.013
131072,staggered_driven,support4,1,16,5.490688,0.0114
131072,staggered_driven,support4,1,17,5.433344,0.0121
131072,staggered_driven,support4,1,18,5.455872,0.0102
131072,staggered_driven,support4,1,19,5.728256,0.0098
131072,staggered_driven,support4,1,20,5.472256,0.0102
131072,staggered_driven,support4,1,21,5.67808,0.0097
131072,staggered_driven,support4,1,22,5.459968,0.01
131072,staggered_driven,support4,1,23,5.695488,0.0103
131072,staggered_driven,support4,1,24,5.426176,0.0099
131072,staggered_driven,support4,1,25,5.4784,0.0098
131072,staggered_driven,support4,1,26,5.479424,0.0101
131072,staggered_driven,support4,1,27,5.98016,0.0114
131072,staggered_driven,support4,1,28,5.46304,0.0127
131072,staggered_driven,support4,1,29,5.464064,0.0105
131072,staggered_driven,support4,1,30,5.628928,0.0104
131072,staggered_driven,support4,1,31,5.4784,0.0105
131072,staggered_driven,support4,1,32,5.510144,0.0101
131072,staggered_driven,support4,1,33,5.677056,0.01
131072,staggered_driven,support4,1,34,5.653504,0.0097
131072,staggered_driven,support4,1,35,5.472256,0.01
131072,staggered_driven,support4,1,36,5.474304,0.01
131072,staggered_driven,support4,1,37,5.474304,0.0101
131072,staggered_driven,support4,1,38,5.752832,0.0035
131072,staggered_driven,support4,1,39,5.671936,0.0101
131072,staggered_driven,support4,2,0,5.64224,0.0298
131072,staggered_driven,support4,2,1,5.397504,0.0109
131072,staggered_driven,support4,2,2,5.400576,0.0108
131072,staggered_driven,support4,2,3,5.618688,0.0116
131072,staggered_driven,support4,2,4,5.592064,0.0103
131072,staggered_driven,support4,2,5,5.397504,0.01
131072,staggered_driven,support4,2,6,5.361664,0.0101
131072,staggered_driven,support4,2,7,5.373952,0.0104
131072,staggered_driven,support4,2,8,5.389312,0.0037
131072,staggered_driven,support4,2,9,5.578752,0.0102
131072,staggered_driven,support4,2,10,5.384192,0.0097
131072,staggered_driven,support4,2,11,5.448704,0.0038
131072,staggered_driven,support4,2,12,5.438464,0.01
131072,staggered_driven,support4,2,13,5.373952,0.01
131072,staggered_driven,support4,2,14,5.392384,0.0034
131072,staggered_driven,support4,2,15,5.602304,0.0103
131072,staggered_driven,support4,2,16,5.444608,0.0103
131072,staggered_driven,support4,2,17,5.487616,0.0101
131072,staggered_driven,support4,2,18,5.500928,0.01
131072,staggered_driven,support4,2,19,5.470208,0.0104
131072,staggered_driven,support4,2,20,5.47328,0.0103
131072,staggered_driven,support4,2,21,5.774336,0.0037
131072,staggered_driven,support4,2,22,5.566464,0.0124
131072,staggered_driven,support4,2,23,5.453824,0.0099
131072,staggered_driven,support4,2,24,5.479424,0.0034
131072,staggered_driven,support4,2,25,5.5296,0.01
131072,staggered_driven,support4,2,26,5.453824,0.0099
131072,staggered_driven,support4,2,27,5.774336,0.0038
131072,staggered_driven,support4,2,28,5.549056,0.0159
131072,staggered_driven,support4,2,29,5.464064,0.0101
131072,staggered_driven,support4,2,30,5.495808,0.0037
131072,staggered_driven,support4,2,31,5.436416,0.0104
131072,staggered_driven,support4,2,32,5.409792,0.0103
131072,staggered_driven,support4,2,33,5.472256,0.0037
131072,staggered_driven,support4,2,34,5.702656,0.0151
131072,staggered_driven,support4,2,35,5.436416,0.0101
131072,staggered_driven,support4,2,36,5.467136,0.01
131072,staggered_driven,support4,2,37,5.46816,0.0051
131072,staggered_driven,support4,2,38,5.472256,0.0034
131072,staggered_driven,support4,2,39,5.46816,0.0101
131072,staggered_driven,support4,3,0,5.517312,0.0317
131072,staggered_driven,support4,3,1,5.46816,0.0109
131072,staggered_driven,support4,3,2,5.424128,0.011
131072,staggered_driven,support4,3,3,5.618688,0.0102
131072,staggered_driven,support4,3,4,5.436416,0.0102
131072,staggered_driven,support4,3,5,5.440512,0.0102
131072,staggered_driven,support4,3,6,5.377024,0.0103
131072,staggered_driven,support4,3,7,5.362688,0.0106
131072,staggered_driven,support4,3,8,5.417984,0.0103
131072,staggered_driven,support4,3,9,5.627904,0.0102
131072,staggered_driven,support4,3,10,5.469184,0.0101
131072,staggered_driven,support4,3,11,5.44256,0.011
131072,staggered_driven,support4,3,12,5.694464,0.0106
131072,staggered_driven,support4,3,13,5.460992,0.0102
131072,staggered_driven,support4,3,14,5.453824,0.0101
131072,staggered_driven,support4,3,15,5.669888,0.0102
131072,staggered_driven,support4,3,16,5.480448,0.0105
131072,staggered_driven,support4,3,17,5.505024,0.0102
131072,staggered_driven,support4,3,18,5.470208,0.0101
131072,staggered_driven,support4,3,19,5.527552,0.0098
131072,staggered_driven,support4,3,20,5.494784,0.0098
131072,staggered_driven,support4,3,21,5.485568,0.0098
131072,staggered_driven,support4,3,22,5.710848,0.0101
131072,staggered_driven,support4,3,23,5.49888,0.0097
131072,staggered_driven,support4,3,24,5.480448,0.0102
131072,staggered_driven,support4,3,25,5.494784,0.0102
131072,staggered_driven,support4,3,26,5.484544,0.0102
131072,staggered_driven,support4,3,27,5.505024,0.0126
131072,staggered_driven,support4,3,28,5.753856,0.0102
131072,staggered_driven,support4,3,29,5.459968,0.0102
131072,staggered_driven,support4,3,30,5.454848,0.0102
131072,staggered_driven,support4,3,31,5.445632,0.0101
131072,staggered_driven,support4,3,32,5.484544,0.0102
131072,staggered_driven,support4,3,33,5.475328,0.0098
131072,staggered_driven,support4,3,34,5.576704,0.0102
131072,staggered_driven,support4,3,35,5.464064,0.0102
131072,staggered_driven,support4,3,36,5.451776,0.0127
131072,staggered_driven,support4,3,37,5.414912,0.0102
131072,staggered_driven,support4,3,38,5.456896,0.0105
131072,staggered_driven,support4,3,39,5.410816,0.0104
