count,scenario,repeat,sample,prepare_ms,submit_ms,gpu_ms
10000,sample_publish_motion,1,0,0.014,0.0032,0.10752
10000,sample_publish_motion,1,1,0.0141,0.0032,0.109568
10000,sample_publish_motion,1,2,0.0143,0.0047,2.139136
10000,sample_publish_motion,1,3,0.0208,0.003,0.11264
10000,sample_publish_motion,1,4,0.0141,0.0031,0.10752
10000,sample_publish_motion,1,5,0.014,0.0032,0.10752
10000,sample_publish_motion,1,6,0.0142,0.003,0.106496
10000,sample_publish_motion,1,7,0.0141,0.0032,0.10752
10000,sample_publish_motion,1,8,0.0142,0.003,0.110592
10000,sample_publish_motion,1,9,0.0141,0.0049,0.115712
10000,sample_publish_motion,1,10,0.0141,0.0031,0.104448
10000,sample_publish_motion,1,11,0.014,0.0032,0.109568
10000,sample_publish_motion,1,12,0.014,0.0031,0.101376
10000,sample_publish_motion,1,13,0.0141,0.0032,0.109568
10000,sample_publish_motion,1,14,0.014,0.003,0.103424
10000,sample_publish_motion,1,15,0.0141,0.003,0.109568
10000,sample_publish_motion,1,16,0.0142,0.003,0.105472
10000,sample_publish_motion,1,17,0.0141,0.003,0.106496
10000,sample_publish_motion,1,18,0.014,0.003,0.099328
10000,sample_publish_motion,1,19,0.0142,0.0033,0.106496
10000,sample_publish_motion,1,20,0.014,0.003,0.101376
10000,sample_publish_motion,1,21,0.014,0.003,0.1024
10000,sample_publish_motion,1,22,0.0139,0.0046,0.098304
10000,sample_publish_motion,1,23,0.014,0.003,0.11264
10000,sample_publish_motion,1,24,0.014,0.0029,0.101376
10000,sample_publish_motion,1,25,0.0138,0.003,0.108544
10000,sample_publish_motion,1,26,0.0141,0.0033,0.11264
10000,sample_publish_motion,1,27,0.014,0.003,0.108544
10000,sample_publish_motion,1,28,0.014,0.003,0.10752
10000,sample_publish_motion,1,29,0.014,0.0048,0.10752
10000,sample_publish_motion,1,30,0.0141,0.0031,0.104448
10000,sample_publish_motion,1,31,0.0141,0.0031,0.098304
10000,sample_publish_motion,1,32,0.014,0.0031,0.10752
10000,sample_publish_motion,1,33,0.0182,0.003,0.113664
10000,sample_publish_motion,1,34,0.0141,0.0031,0.099328
10000,sample_publish_motion,1,35,0.014,0.003,0.106496
10000,sample_publish_motion,1,36,0.014,0.003,0.099328
10000,sample_publish_motion,1,37,0.0141,0.003,0.098304
10000,sample_publish_motion,1,38,0.014,0.003,0.09728
10000,sample_publish_motion,1,39,0.0141,0.0031,0.119808
10000,sample_publish_motion,1,40,0.014,0.0031,0.103424
10000,sample_publish_motion,1,41,0.014,0.0031,0.110592
10000,sample_publish_motion,1,42,0.014,0.0031,0.101376
10000,sample_publish_motion,1,43,0.014,0.0031,0.106496
10000,sample_publish_motion,1,44,0.0141,0.003,0.09728
10000,sample_publish_motion,1,45,0.0141,0.0031,0.108544
10000,sample_publish_motion,1,46,0.014,0.003,0.09728
10000,sample_publish_motion,1,47,0.014,0.003,0.098304
10000,sample_publish_motion,1,48,0.0139,0.003,0.110592
10000,sample_publish_motion,1,49,0.014,0.0047,0.106496
10000,sample_publish_motion,1,50,0.014,0.0032,0.098304
10000,sample_publish_motion,1,51,0.014,0.0031,0.108544
10000,sample_publish_motion,1,52,0.0139,0.003,0.09728
10000,sample_publish_motion,1,53,0.0138,0.0033,0.099328
10000,sample_publish_motion,1,54,0.014,0.003,0.100352
10000,sample_publish_motion,1,55,0.014,0.0036,0.12288
10000,sample_publish_motion,1,56,0.0141,0.0046,0.099328
10000,sample_publish_motion,1,57,0.014,0.003,0.11264
10000,sample_publish_motion,1,58,0.0139,0.003,0.099328
10000,sample_publish_motion,1,59,0.0141,0.0031,0.099328
10000,sample_publish_motion,1,60,0.014,0.003,0.108544
10000,sample_publish_motion,1,61,0.014,0.0032,0.105472
10000,sample_publish_motion,1,62,0.014,0.003,0.099328
10000,sample_publish_motion,1,63,0.0139,0.0031,0.109568
10000,sample_publish_motion,1,64,0.0139,0.003,0.098304
10000,sample_publish_motion,1,65,0.014,0.003,0.10752
10000,sample_publish_motion,1,66,0.014,0.003,0.10752
10000,sample_publish_motion,1,67,0.014,0.0031,0.098304
10000,sample_publish_motion,1,68,0.014,0.0031,0.098304
10000,sample_publish_motion,1,69,0.014,0.0031,0.104448
10000,sample_publish_motion,1,70,0.014,0.0031,0.11264
10000,sample_publish_motion,1,71,0.014,0.0032,0.098304
10000,sample_publish_motion,1,72,0.014,0.0031,0.108544
10000,sample_publish_motion,1,73,0.014,0.0031,0.105472
10000,sample_publish_motion,1,74,0.0139,0.0113,0.115712
10000,sample_publish_motion,1,75,0.014,0.0032,0.101376
10000,sample_publish_motion,1,76,0.0138,0.0046,0.109568
10000,sample_publish_motion,1,77,0.0139,0.0031,0.09728
10000,sample_publish_motion,1,78,0.0141,0.003,0.101376
10000,sample_publish_motion,1,79,0.0141,0.0031,0.098304
10000,sample_publish_motion,1,80,0.014,0.003,0.106496
10000,sample_publish_motion,1,81,0.014,0.0032,0.11776
10000,sample_publish_motion,1,82,0.0141,0.003,0.1024
10000,sample_publish_motion,1,83,0.014,0.0046,0.106496
10000,sample_publish_motion,1,84,0.0141,0.003,0.110592
10000,sample_publish_motion,1,85,0.014,0.0031,0.098304
10000,sample_publish_motion,1,86,0.014,0.0034,0.115712
10000,sample_publish_motion,1,87,0.0141,0.0035,0.110592
10000,sample_publish_motion,1,88,0.0231,0.003,0.109568
10000,sample_publish_motion,1,89,0.0141,0.0031,0.115712
10000,sample_publish_motion,1,90,0.0141,0.0031,0.100352
10000,sample_publish_motion,1,91,0.014,0.003,0.099328
10000,sample_publish_motion,1,92,0.014,0.003,0.105472
10000,sample_publish_motion,1,93,0.014,0.0031,0.101376
10000,sample_publish_motion,1,94,0.0141,0.0031,0.099328
10000,sample_publish_motion,1,95,0.0141,0.0032,0.106496
10000,sample_publish_motion,1,96,0.014,0.003,0.101376
10000,sample_publish_motion,1,97,0.014,0.003,0.108544
10000,sample_publish_motion,1,98,0.0141,0.0032,0.106496
10000,sample_publish_motion,1,99,0.014,0.0031,0.101376
10000,sample_publish_motion,1,100,0.0141,0.0031,0.110592
10000,sample_publish_motion,1,101,0.0139,0.003,0.099328
10000,sample_publish_motion,1,102,0.0139,0.0031,0.101376
10000,sample_publish_motion,1,103,0.0141,0.0048,0.098304
10000,sample_publish_motion,1,104,0.014,0.0031,0.101376
10000,sample_publish_motion,1,105,0.0141,0.0031,0.100352
10000,sample_publish_motion,1,106,0.014,0.0033,0.10752
10000,sample_publish_motion,1,107,0.0141,0.003,0.098304
10000,sample_publish_motion,1,108,0.014,0.005,0.114688
10000,sample_publish_motion,1,109,0.014,0.0032,0.1024
10000,sample_publish_motion,1,110,0.0141,0.0049,0.104448
10000,sample_publish_motion,1,111,0.014,0.0031,0.108544
10000,sample_publish_motion,1,112,0.0139,0.003,0.100352
10000,sample_publish_motion,1,113,0.014,0.0032,0.105472
10000,sample_publish_motion,1,114,0.0141,0.0031,0.108544
10000,sample_publish_motion,1,115,0.014,0.0032,0.105472
10000,sample_publish_motion,1,116,0.014,0.003,0.111616
10000,sample_publish_motion,1,117,0.014,0.0035,0.105472
10000,sample_publish_motion,1,118,0.0141,0.003,0.099328
10000,sample_publish_motion,1,119,0.0141,0.0032,0.098304
10000,sample_publish_motion,2,0,0.0148,0.0031,0.111616
10000,sample_publish_motion,2,1,0.0142,0.0031,0.108544
10000,sample_publish_motion,2,2,0.0144,0.0031,0.197632
10000,sample_publish_motion,2,3,0.016,0.0027,0.104448
10000,sample_publish_motion,2,4,0.0142,0.0027,0.099328
10000,sample_publish_motion,2,5,0.0141,0.0027,0.10752
10000,sample_publish_motion,2,6,0.0143,0.0029,0.106496
10000,sample_publish_motion,2,7,0.0143,0.0029,0.106496
10000,sample_publish_motion,2,8,0.0143,0.0028,0.101376
10000,sample_publish_motion,2,9,0.0142,0.0028,0.110592
10000,sample_publish_motion,2,10,0.0141,0.0028,0.098304
10000,sample_publish_motion,2,11,0.0142,0.0028,0.10752
10000,sample_publish_motion,2,12,0.0142,0.0028,0.101376
10000,sample_publish_motion,2,13,0.0143,0.0028,0.1024
10000,sample_publish_motion,2,14,0.0141,0.0029,0.099328
10000,sample_publish_motion,2,15,0.0142,0.0028,0.101376
10000,sample_publish_motion,2,16,0.014,0.0028,0.105472
10000,sample_publish_motion,2,17,0.0142,0.0028,0.10752
10000,sample_publish_motion,2,18,0.0141,0.0028,0.100352
10000,sample_publish_motion,2,19,0.0142,0.0027,0.104448
10000,sample_publish_motion,2,20,0.0142,0.0028,0.105472
10000,sample_publish_motion,2,21,0.014,0.0027,0.101376
10000,sample_publish_motion,2,22,0.0141,0.0028,0.10752
10000,sample_publish_motion,2,23,0.0141,0.0028,0.10752
10000,sample_publish_motion,2,24,0.0141,0.0027,0.109568
10000,sample_publish_motion,2,25,0.0142,0.0027,0.106496
10000,sample_publish_motion,2,26,0.014,0.0029,0.101376
10000,sample_publish_motion,2,27,0.0141,0.0027,0.100352
10000,sample_publish_motion,2,28,0.0142,0.0027,0.099328
10000,sample_publish_motion,2,29,0.014,0.0028,0.103424
10000,sample_publish_motion,2,30,0.0142,0.0027,0.101376
10000,sample_publish_motion,2,31,0.014,0.0028,0.099328
10000,sample_publish_motion,2,32,0.0141,0.0028,0.105472
10000,sample_publish_motion,2,33,0.0141,0.0031,0.10752
10000,sample_publish_motion,2,34,0.0141,0.0028,0.098304
10000,sample_publish_motion,2,35,0.0142,0.0027,0.098304
10000,sample_publish_motion,2,36,0.0142,0.0027,0.108544
10000,sample_publish_motion,2,37,0.0141,0.0028,0.098304
10000,sample_publish_motion,2,38,0.0142,0.0027,0.106496
10000,sample_publish_motion,2,39,0.0144,0.0027,0.100352
10000,sample_publish_motion,2,40,0.0141,0.0029,0.1024
10000,sample_publish_motion,2,41,0.0141,0.0028,0.098304
10000,sample_publish_motion,2,42,0.0141,0.0028,0.101376
10000,sample_publish_motion,2,43,0.0141,0.0027,0.098304
10000,sample_publish_motion,2,44,0.0142,0.0028,0.099328
10000,sample_publish_motion,2,45,0.0141,0.0027,0.101376
10000,sample_publish_motion,2,46,0.0141,0.0028,0.098304
10000,sample_publish_motion,2,47,0.0141,0.0027,0.103424
10000,sample_publish_motion,2,48,0.0142,0.0027,0.101376
10000,sample_publish_motion,2,49,0.0143,0.0027,0.106496
10000,sample_publish_motion,2,50,0.0141,0.0028,0.111616
10000,sample_publish_motion,2,51,0.0142,0.0027,0.108544
10000,sample_publish_motion,2,52,0.0141,0.0027,0.101376
10000,sample_publish_motion,2,53,0.0141,0.0028,0.099328
10000,sample_publish_motion,2,54,0.0142,0.0028,0.104448
10000,sample_publish_motion,2,55,0.0141,0.0027,0.099328
10000,sample_publish_motion,2,56,0.0141,0.0028,0.106496
10000,sample_publish_motion,2,57,0.014,0.0027,0.108544
10000,sample_publish_motion,2,58,0.0141,0.0027,0.10752
10000,sample_publish_motion,2,59,0.014,0.0027,0.105472
10000,sample_publish_motion,2,60,0.0142,0.0027,0.101376
10000,sample_publish_motion,2,61,0.014,0.0027,0.103424
10000,sample_publish_motion,2,62,0.0143,0.0026,0.098304
10000,sample_publish_motion,2,63,0.0141,0.0027,0.109568
10000,sample_publish_motion,2,64,0.0142,0.0027,0.09728
10000,sample_publish_motion,2,65,0.0141,0.003,0.106496
10000,sample_publish_motion,2,66,0.0141,0.0027,0.100352
10000,sample_publish_motion,2,67,0.0141,0.0027,0.105472
10000,sample_publish_motion,2,68,0.0141,0.0028,0.103424
10000,sample_publish_motion,2,69,0.0142,0.0027,0.101376
10000,sample_publish_motion,2,70,0.0142,0.0028,0.098304
10000,sample_publish_motion,2,71,0.0141,0.0027,0.10752
10000,sample_publish_motion,2,72,0.0141,0.0028,0.103424
10000,sample_publish_motion,2,73,0.014,0.0027,0.106496
10000,sample_publish_motion,2,74,0.0141,0.0028,0.098304
10000,sample_publish_motion,2,75,0.0141,0.0028,0.103424
10000,sample_publish_motion,2,76,0.0141,0.0029,0.119808
10000,sample_publish_motion,2,77,0.0141,0.0029,0.099328
10000,sample_publish_motion,2,78,0.0142,0.0028,0.101376
10000,sample_publish_motion,2,79,0.0142,0.0028,0.106496
10000,sample_publish_motion,2,80,0.0142,0.0027,0.099328
10000,sample_publish_motion,2,81,0.0141,0.0027,0.108544
10000,sample_publish_motion,2,82,0.0142,0.0028,0.110592
10000,sample_publish_motion,2,83,0.0142,0.0027,0.100352
10000,sample_publish_motion,2,84,0.0142,0.0028,0.10752
10000,sample_publish_motion,2,85,0.014,0.0027,0.1024
10000,sample_publish_motion,2,86,0.0142,0.0026,0.098304
10000,sample_publish_motion,2,87,0.014,0.0028,0.101376
10000,sample_publish_motion,2,88,0.0142,0.0027,0.105472
10000,sample_publish_motion,2,89,0.0141,0.0028,0.103424
10000,sample_publish_motion,2,90,0.014,0.0029,0.100352
10000,sample_publish_motion,2,91,0.014,0.0026,0.105472
10000,sample_publish_motion,2,92,0.0141,0.0027,0.09728
10000,sample_publish_motion,2,93,0.0141,0.0028,0.10752
10000,sample_publish_motion,2,94,0.0141,0.0028,0.105472
10000,sample_publish_motion,2,95,0.0141,0.0027,0.106496
10000,sample_publish_motion,2,96,0.0141,0.0028,0.104448
10000,sample_publish_motion,2,97,0.0141,0.0027,0.106496
10000,sample_publish_motion,2,98,0.0141,0.0026,0.098304
10000,sample_publish_motion,2,99,0.014,0.0027,0.101376
10000,sample_publish_motion,2,100,0.014,0.0029,0.098304
10000,sample_publish_motion,2,101,0.014,0.0027,0.105472
10000,sample_publish_motion,2,102,0.014,0.003,0.120832
10000,sample_publish_motion,2,103,0.1267,0.0044,0.115712
10000,sample_publish_motion,2,104,0.0157,0.0029,0.124928
10000,sample_publish_motion,2,105,0.0148,0.003,0.124928
10000,sample_publish_motion,2,106,0.0168,0.0032,0.115712
10000,sample_publish_motion,2,107,0.1194,0.0038,0.10752
10000,sample_publish_motion,2,108,0.0148,0.0032,0.115712
10000,sample_publish_motion,2,109,0.0148,0.0028,0.111616
10000,sample_publish_motion,2,110,0.0148,0.003,0.111616
10000,sample_publish_motion,2,111,0.0148,0.0028,0.114688
10000,sample_publish_motion,2,112,0.0148,0.0029,0.110592
10000,sample_publish_motion,2,113,0.0149,0.0029,0.11264
10000,sample_publish_motion,2,114,0.0148,0.0029,0.11264
10000,sample_publish_motion,2,115,0.0146,0.0029,0.115712
10000,sample_publish_motion,2,116,0.0148,0.0045,0.111616
10000,sample_publish_motion,2,117,0.0148,0.0029,0.11264
10000,sample_publish_motion,2,118,0.0148,0.0029,0.11264
10000,sample_publish_motion,2,119,0.0147,0.0028,0.119808
10000,sample_publish_motion,3,0,0.0142,0.0033,0.104448
10000,sample_publish_motion,3,1,0.0155,0.0026,0.108544
10000,sample_publish_motion,3,2,0.0141,0.0027,0.1024
10000,sample_publish_motion,3,3,0.0141,0.0026,0.111616
10000,sample_publish_motion,3,4,0.0141,0.0026,0.100352
10000,sample_publish_motion,3,5,0.0141,0.0029,0.105472
10000,sample_publish_motion,3,6,0.014,0.0026,0.106496
10000,sample_publish_motion,3,7,0.0141,0.0026,0.104448
10000,sample_publish_motion,3,8,0.014,0.0026,0.098304
10000,sample_publish_motion,3,9,0.014,0.0027,0.105472
10000,sample_publish_motion,3,10,0.014,0.0026,0.103424
10000,sample_publish_motion,3,11,0.014,0.0026,0.098304
10000,sample_publish_motion,3,12,0.014,0.0026,0.110592
10000,sample_publish_motion,3,13,0.0141,0.0029,0.1024
10000,sample_publish_motion,3,14,0.0141,0.0026,0.099328
10000,sample_publish_motion,3,15,0.0141,0.0026,0.105472
10000,sample_publish_motion,3,16,0.014,0.0026,0.106496
10000,sample_publish_motion,3,17,0.0181,0.0028,0.104448
10000,sample_publish_motion,3,18,0.0143,0.0026,0.098304
10000,sample_publish_motion,3,19,0.0141,0.0027,0.101376
10000,sample_publish_motion,3,20,0.0143,0.0027,0.118784
10000,sample_publish_motion,3,21,0.0141,0.0027,0.100352
10000,sample_publish_motion,3,22,0.014,0.0026,0.101376
10000,sample_publish_motion,3,23,0.0143,0.0026,0.101376
10000,sample_publish_motion,3,24,0.0142,0.0027,0.1024
10000,sample_publish_motion,3,25,0.0141,0.0026,0.101376
10000,sample_publish_motion,3,26,0.0142,0.0027,0.106496
10000,sample_publish_motion,3,27,0.0142,0.0034,0.091136
10000,sample_publish_motion,3,28,0.026,0.0028,0.08704
10000,sample_publish_motion,3,29,0.0142,0.0029,0.09216
10000,sample_publish_motion,3,30,0.0143,0.0032,0.104448
10000,sample_publish_motion,3,31,0.0143,0.003,0.113664
10000,sample_publish_motion,3,32,0.0245,0.0028,0.110592
10000,sample_publish_motion,3,33,0.0142,0.0027,0.095232
10000,sample_publish_motion,3,34,0.0142,0.0027,0.11264
10000,sample_publish_motion,3,35,0.0143,0.0026,0.109568
10000,sample_publish_motion,3,36,0.0142,0.0027,0.111616
10000,sample_publish_motion,3,37,0.0143,0.0027,0.111616
10000,sample_publish_motion,3,38,0.0143,0.0026,0.111616
10000,sample_publish_motion,3,39,0.0142,0.0027,0.110592
10000,sample_publish_motion,3,40,0.0142,0.0026,0.111616
10000,sample_publish_motion,3,41,0.0142,0.0027,0.109568
10000,sample_publish_motion,3,42,0.0143,0.0026,0.103424
10000,sample_publish_motion,3,43,0.0141,0.0026,0.11264
10000,sample_publish_motion,3,44,0.0142,0.0026,0.109568
10000,sample_publish_motion,3,45,0.0142,0.0029,0.109568
10000,sample_publish_motion,3,46,0.0142,0.0028,0.119808
10000,sample_publish_motion,3,47,0.0142,0.0026,0.113664
10000,sample_publish_motion,3,48,0.0142,0.0027,0.110592
10000,sample_publish_motion,3,49,0.0142,0.0027,0.11264
10000,sample_publish_motion,3,50,0.0143,0.0026,0.114688
10000,sample_publish_motion,3,51,0.0144,0.0026,0.110592
10000,sample_publish_motion,3,52,0.0142,0.0026,0.111616
10000,sample_publish_motion,3,53,0.0143,0.0026,0.109568
10000,sample_publish_motion,3,54,0.0142,0.0027,0.1024
10000,sample_publish_motion,3,55,0.0142,0.0027,0.11264
10000,sample_publish_motion,3,56,0.0141,0.0027,0.110592
10000,sample_publish_motion,3,57,0.0141,0.0028,0.110592
10000,sample_publish_motion,3,58,0.0141,0.0027,0.111616
10000,sample_publish_motion,3,59,0.0142,0.0027,0.110592
10000,sample_publish_motion,3,60,0.0141,0.0027,0.109568
10000,sample_publish_motion,3,61,0.0141,0.0027,0.11264
10000,sample_publish_motion,3,62,0.0142,0.0028,0.110592
10000,sample_publish_motion,3,63,0.0141,0.0026,0.109568
10000,sample_publish_motion,3,64,0.0142,0.0027,0.111616
10000,sample_publish_motion,3,65,0.0141,0.0027,0.110592
10000,sample_publish_motion,3,66,0.0142,0.0026,0.110592
10000,sample_publish_motion,3,67,0.0142,0.0027,0.11264
10000,sample_publish_motion,3,68,0.014,0.0026,0.1024
10000,sample_publish_motion,3,69,0.0142,0.0026,0.110592
10000,sample_publish_motion,3,70,0.0142,0.0026,0.11264
10000,sample_publish_motion,3,71,0.0143,0.0032,0.123904
10000,sample_publish_motion,3,72,0.0142,0.0026,0.111616
10000,sample_publish_motion,3,73,0.0142,0.0026,0.113664
10000,sample_publish_motion,3,74,0.0141,0.0027,0.109568
10000,sample_publish_motion,3,75,0.0141,0.0026,0.110592
10000,sample_publish_motion,3,76,0.0141,0.0026,0.104448
10000,sample_publish_motion,3,77,0.0142,0.0026,0.111616
10000,sample_publish_motion,3,78,0.0142,0.0026,0.109568
10000,sample_publish_motion,3,79,0.0142,0.0027,0.113664
10000,sample_publish_motion,3,80,0.0142,0.0026,0.110592
10000,sample_publish_motion,3,81,0.0142,0.0027,0.109568
10000,sample_publish_motion,3,82,0.0141,0.0026,0.11264
10000,sample_publish_motion,3,83,0.0141,0.0026,0.110592
10000,sample_publish_motion,3,84,0.0141,0.0026,0.110592
10000,sample_publish_motion,3,85,0.0142,0.0027,0.111616
10000,sample_publish_motion,3,86,0.0141,0.0026,0.110592
10000,sample_publish_motion,3,87,0.0143,0.0026,0.109568
10000,sample_publish_motion,3,88,0.0141,0.0026,0.111616
10000,sample_publish_motion,3,89,0.014,0.0027,0.110592
10000,sample_publish_motion,3,90,0.0141,0.0026,0.109568
10000,sample_publish_motion,3,91,0.0141,0.0027,0.110592
10000,sample_publish_motion,3,92,0.0141,0.0026,0.109568
10000,sample_publish_motion,3,93,0.0141,0.0026,0.109568
10000,sample_publish_motion,3,94,0.0142,0.0026,0.11264
10000,sample_publish_motion,3,95,0.0155,0.0028,0.116736
10000,sample_publish_motion,3,96,0.0253,0.0026,0.114688
10000,sample_publish_motion,3,97,0.0141,0.0026,0.111616
10000,sample_publish_motion,3,98,0.0141,0.0026,0.110592
10000,sample_publish_motion,3,99,0.0141,0.0027,0.109568
10000,sample_publish_motion,3,100,0.0141,0.0026,0.104448
10000,sample_publish_motion,3,101,0.0142,0.0026,0.109568
10000,sample_publish_motion,3,102,0.0142,0.0026,0.109568
10000,sample_publish_motion,3,103,0.0141,0.0026,0.11264
10000,sample_publish_motion,3,104,0.0143,0.0026,0.110592
10000,sample_publish_motion,3,105,0.0142,0.0026,0.110592
10000,sample_publish_motion,3,106,0.0142,0.0026,0.111616
10000,sample_publish_motion,3,107,0.0143,0.0027,0.109568
10000,sample_publish_motion,3,108,0.0142,0.0028,0.111616
10000,sample_publish_motion,3,109,0.0142,0.0026,0.11264
10000,sample_publish_motion,3,110,0.0141,0.0026,0.109568
10000,sample_publish_motion,3,111,0.0142,0.0027,0.109568
10000,sample_publish_motion,3,112,0.0143,0.0026,0.11264
10000,sample_publish_motion,3,113,0.0141,0.0026,0.110592
10000,sample_publish_motion,3,114,0.0142,0.0026,0.110592
10000,sample_publish_motion,3,115,0.0141,0.0026,0.11264
10000,sample_publish_motion,3,116,0.0141,0.0027,0.103424
10000,sample_publish_motion,3,117,0.0141,0.0026,0.110592
10000,sample_publish_motion,3,118,0.0142,0.003,0.11264
10000,sample_publish_motion,3,119,0.0141,0.0027,0.110592
10000,delta_sample_publish_motion,1,0,0.0162,0.1977,0.3584
10000,delta_sample_publish_motion,1,1,0.0162,0.1613,0.356352
10000,delta_sample_publish_motion,1,2,0.0162,0.183,0.362496
10000,delta_sample_publish_motion,1,3,0.0161,0.18,0.355328
10000,delta_sample_publish_motion,1,4,0.0163,0.1586,0.357376
10000,delta_sample_publish_motion,1,5,0.0162,0.1863,0.362496
10000,delta_sample_publish_motion,1,6,0.0162,0.1577,0.357376
10000,delta_sample_publish_motion,1,7,0.0163,0.1584,0.365568
10000,delta_sample_publish_motion,1,8,0.0163,0.1521,0.36352
10000,delta_sample_publish_motion,1,9,0.0163,0.1728,0.3584
10000,delta_sample_publish_motion,1,10,0.0163,0.1558,0.3584
10000,delta_sample_publish_motion,1,11,0.0161,0.166,0.36352
10000,delta_sample_publish_motion,1,12,0.0163,0.1641,0.357376
10000,delta_sample_publish_motion,1,13,0.0162,0.1732,0.352256
10000,delta_sample_publish_motion,1,14,0.0162,0.1717,0.36352
10000,delta_sample_publish_motion,1,15,0.0161,0.1719,0.356352
10000,delta_sample_publish_motion,1,16,0.0161,0.166,0.356352
10000,delta_sample_publish_motion,1,17,0.0162,0.1506,0.393216
10000,delta_sample_publish_motion,1,18,0.0164,0.1624,0.360448
10000,delta_sample_publish_motion,1,19,0.0163,0.1734,0.357376
10000,delta_sample_publish_motion,1,20,0.0165,0.1732,0.361472
10000,delta_sample_publish_motion,1,21,0.0163,0.1603,0.355328
10000,delta_sample_publish_motion,1,22,0.0161,0.1484,0.355328
10000,delta_sample_publish_motion,1,23,0.0162,0.1689,0.362496
10000,delta_sample_publish_motion,1,24,0.0163,0.1563,0.3584
10000,delta_sample_publish_motion,1,25,0.0163,0.1613,0.359424
10000,delta_sample_publish_motion,1,26,0.0163,0.1838,0.362496
10000,delta_sample_publish_motion,1,27,0.0163,0.1537,0.357376
10000,delta_sample_publish_motion,1,28,0.0162,0.1748,0.356352
10000,delta_sample_publish_motion,1,29,0.0163,0.1667,0.362496
10000,delta_sample_publish_motion,1,30,0.0164,0.1573,0.357376
10000,delta_sample_publish_motion,1,31,0.0163,0.1621,0.355328
10000,delta_sample_publish_motion,1,32,0.0163,0.1652,0.361472
10000,delta_sample_publish_motion,1,33,0.0162,0.1691,0.357376
10000,delta_sample_publish_motion,1,34,0.0165,0.1926,0.359424
10000,delta_sample_publish_motion,1,35,0.0163,0.1579,0.361472
10000,delta_sample_publish_motion,1,36,0.0163,0.1641,0.356352
10000,delta_sample_publish_motion,1,37,0.0163,0.1554,0.356352
10000,delta_sample_publish_motion,1,38,0.0162,0.1479,0.361472
10000,delta_sample_publish_motion,1,39,0.0164,0.1544,0.356352
10000,delta_sample_publish_motion,1,40,0.0164,0.1959,0.382976
10000,delta_sample_publish_motion,1,41,0.0272,0.1564,0.352256
10000,delta_sample_publish_motion,1,42,0.0167,0.1714,0.362496
10000,delta_sample_publish_motion,1,43,0.0164,0.1503,0.3584
10000,delta_sample_publish_motion,1,44,0.0164,0.1516,0.362496
10000,delta_sample_publish_motion,1,45,0.0163,0.1603,0.352256
10000,delta_sample_publish_motion,1,46,0.0165,0.1594,0.356352
10000,delta_sample_publish_motion,1,47,0.0164,0.165,0.572416
10000,delta_sample_publish_motion,1,48,0.0165,0.1611,0.42496
10000,delta_sample_publish_motion,1,49,0.0164,0.159,0.27136
10000,delta_sample_publish_motion,1,50,0.0164,0.1476,0.268288
10000,delta_sample_publish_motion,1,51,0.0165,0.1607,0.26112
10000,delta_sample_publish_motion,1,52,0.0207,0.1463,0.260096
10000,delta_sample_publish_motion,1,53,0.0163,0.1742,0.272384
10000,delta_sample_publish_motion,1,54,0.0162,0.1488,0.263168
10000,delta_sample_publish_motion,1,55,0.0165,0.1549,0.264192
10000,delta_sample_publish_motion,1,56,0.0162,0.1463,0.26624
10000,delta_sample_publish_motion,1,57,0.0164,0.1518,0.262144
10000,delta_sample_publish_motion,1,58,0.0164,0.1397,0.263168
10000,delta_sample_publish_motion,1,59,0.0162,0.1448,0.264192
10000,delta_sample_publish_motion,1,60,0.0163,0.1418,0.263168
10000,delta_sample_publish_motion,1,61,0.0163,0.1568,0.26624
10000,delta_sample_publish_motion,1,62,0.0162,0.1476,0.287744
10000,delta_sample_publish_motion,1,63,0.0256,0.1565,0.275456
10000,delta_sample_publish_motion,1,64,0.0161,0.157,0.264192
10000,delta_sample_publish_motion,1,65,0.0164,0.1514,0.267264
10000,delta_sample_publish_motion,1,66,0.0163,0.1413,0.26112
10000,delta_sample_publish_motion,1,67,0.0162,0.1501,0.26112
10000,delta_sample_publish_motion,1,68,0.0163,0.1396,0.264192
10000,delta_sample_publish_motion,1,69,0.0163,0.1488,0.26112
10000,delta_sample_publish_motion,1,70,0.0165,0.1349,0.265216
10000,delta_sample_publish_motion,1,71,0.0163,0.1466,0.267264
10000,delta_sample_publish_motion,1,72,0.0162,0.1486,0.288768
10000,delta_sample_publish_motion,1,73,0.1474,0.148,0.253952
10000,delta_sample_publish_motion,1,74,0.0192,0.1485,0.254976
10000,delta_sample_publish_motion,1,75,0.0174,0.1407,0.25088
10000,delta_sample_publish_motion,1,76,0.0174,0.1498,0.252928
10000,delta_sample_publish_motion,1,77,0.0169,0.1403,0.254976
10000,delta_sample_publish_motion,1,78,0.0167,0.141,0.244736
10000,delta_sample_publish_motion,1,79,0.0266,0.1421,0.269312
10000,delta_sample_publish_motion,1,80,0.0251,0.1434,0.257024
10000,delta_sample_publish_motion,1,81,0.0159,0.1504,0.252928
10000,delta_sample_publish_motion,1,82,0.0157,0.152,0.25088
10000,delta_sample_publish_motion,1,83,0.0157,0.1514,0.254976
10000,delta_sample_publish_motion,1,84,0.0158,0.1637,0.251904
10000,delta_sample_publish_motion,1,85,0.0156,0.2483,0.259072
10000,delta_sample_publish_motion,1,86,0.0157,0.3341,0.278528
10000,delta_sample_publish_motion,1,87,0.0231,0.2126,0.264192
10000,delta_sample_publish_motion,1,88,0.0244,0.1226,2.141184
10000,delta_sample_publish_motion,1,89,0.0232,0.1527,0.27136
10000,delta_sample_publish_motion,1,90,0.0154,0.1214,0.252928
10000,delta_sample_publish_motion,1,91,0.0155,0.121,0.249856
10000,delta_sample_publish_motion,1,92,0.0155,0.1289,0.254976
10000,delta_sample_publish_motion,1,93,0.0154,0.1204,0.25088
10000,delta_sample_publish_motion,1,94,0.0154,0.1292,0.25088
10000,delta_sample_publish_motion,1,95,0.0155,0.1208,0.254976
10000,delta_sample_publish_motion,1,96,0.0155,0.1202,0.259072
10000,delta_sample_publish_motion,1,97,0.0154,0.134,0.251904
10000,delta_sample_publish_motion,1,98,0.0154,0.184,0.254976
10000,delta_sample_publish_motion,1,99,0.0154,0.243,0.252928
10000,delta_sample_publish_motion,1,100,0.0154,0.2315,0.251904
10000,delta_sample_publish_motion,1,101,0.0155,0.2244,0.313344
10000,delta_sample_publish_motion,1,102,0.0153,0.1416,0.25088
10000,delta_sample_publish_motion,1,103,0.0153,0.1376,0.331776
10000,delta_sample_publish_motion,1,104,0.0152,0.1254,0.253952
10000,delta_sample_publish_motion,1,105,0.0152,0.1275,0.25088
10000,delta_sample_publish_motion,1,106,0.0153,0.1204,0.259072
10000,delta_sample_publish_motion,1,107,0.0152,0.1208,0.259072
10000,delta_sample_publish_motion,1,108,0.0152,0.1288,0.25088
10000,delta_sample_publish_motion,1,109,0.0152,0.129,0.257024
10000,delta_sample_publish_motion,1,110,0.0161,0.1277,0.275456
10000,delta_sample_publish_motion,1,111,0.0181,0.2429,0.263168
10000,delta_sample_publish_motion,1,112,0.0177,0.1518,0.26112
10000,delta_sample_publish_motion,1,113,0.0238,0.1303,0.254976
10000,delta_sample_publish_motion,1,114,0.015,0.1306,0.25088
10000,delta_sample_publish_motion,1,115,0.0152,0.1288,0.243712
10000,delta_sample_publish_motion,1,116,0.0151,0.1287,0.253952
10000,delta_sample_publish_motion,1,117,0.015,0.1197,0.258048
10000,delta_sample_publish_motion,1,118,0.0152,0.1226,0.25088
10000,delta_sample_publish_motion,1,119,0.0151,0.13,0.253952
10000,delta_sample_publish_motion,2,0,0.0146,0.15,0.249856
10000,delta_sample_publish_motion,2,1,0.0145,0.1521,0.253952
10000,delta_sample_publish_motion,2,2,0.0147,0.1504,0.26112
10000,delta_sample_publish_motion,2,3,0.0146,0.1721,0.260096
10000,delta_sample_publish_motion,2,4,0.0147,0.1589,0.254976
10000,delta_sample_publish_motion,2,5,0.0146,0.155,0.249856
10000,delta_sample_publish_motion,2,6,0.0146,0.1608,0.249856
10000,delta_sample_publish_motion,2,7,0.0146,0.1732,0.239616
10000,delta_sample_publish_motion,2,8,0.0146,0.1664,0.243712
10000,delta_sample_publish_motion,2,9,0.0146,0.1634,0.251904
10000,delta_sample_publish_motion,2,10,0.0146,0.1579,0.254976
10000,delta_sample_publish_motion,2,11,0.0145,0.1581,0.257024
10000,delta_sample_publish_motion,2,12,0.0144,0.1643,0.249856
10000,delta_sample_publish_motion,2,13,0.0147,0.1595,0.254976
10000,delta_sample_publish_motion,2,14,0.0146,0.1565,0.25088
10000,delta_sample_publish_motion,2,15,0.0146,0.1487,0.25088
10000,delta_sample_publish_motion,2,16,0.0145,0.1667,0.253952
10000,delta_sample_publish_motion,2,17,0.0146,0.1599,0.25088
10000,delta_sample_publish_motion,2,18,0.0144,0.1635,0.258048
10000,delta_sample_publish_motion,2,19,0.0146,0.1521,0.252928
10000,delta_sample_publish_motion,2,20,0.0146,0.1653,0.249856
10000,delta_sample_publish_motion,2,21,0.0144,0.1638,0.249856
10000,delta_sample_publish_motion,2,22,0.0146,0.1639,0.252928
10000,delta_sample_publish_motion,2,23,0.0146,0.1506,0.249856
10000,delta_sample_publish_motion,2,24,0.0145,0.1596,0.248832
10000,delta_sample_publish_motion,2,25,0.0146,0.1602,0.26112
10000,delta_sample_publish_motion,2,26,0.0146,0.1816,0.251904
10000,delta_sample_publish_motion,2,27,0.0145,0.1555,0.251904
10000,delta_sample_publish_motion,2,28,0.0146,0.1421,0.275456
10000,delta_sample_publish_motion,2,29,0.0239,0.1734,0.35328
10000,delta_sample_publish_motion,2,30,0.0228,0.1612,0.25088
10000,delta_sample_publish_motion,2,31,0.0145,0.1554,0.249856
10000,delta_sample_publish_motion,2,32,0.0145,0.1628,0.249856
10000,delta_sample_publish_motion,2,33,0.0145,0.1508,0.25088
10000,delta_sample_publish_motion,2,34,0.0145,0.1711,0.254976
10000,delta_sample_publish_motion,2,35,0.0144,0.1644,0.249856
10000,delta_sample_publish_motion,2,36,0.0144,0.1521,0.249856
10000,delta_sample_publish_motion,2,37,0.0145,0.1489,0.254976
10000,delta_sample_publish_motion,2,38,0.0144,0.159,0.244736
10000,delta_sample_publish_motion,2,39,0.0145,0.1683,0.248832
10000,delta_sample_publish_motion,2,40,0.0144,0.1644,0.254976
10000,delta_sample_publish_motion,2,41,0.0145,0.146,0.249856
10000,delta_sample_publish_motion,2,42,0.0144,0.1682,0.249856
10000,delta_sample_publish_motion,2,43,0.0145,0.1564,0.253952
10000,delta_sample_publish_motion,2,44,0.0145,0.1427,0.241664
10000,delta_sample_publish_motion,2,45,0.0143,0.1582,0.25088
10000,delta_sample_publish_motion,2,46,0.0145,0.164,0.260096
10000,delta_sample_publish_motion,2,47,0.0144,0.1712,0.242688
10000,delta_sample_publish_motion,2,48,0.0145,0.1647,0.248832
10000,delta_sample_publish_motion,2,49,0.0144,0.1554,0.254976
10000,delta_sample_publish_motion,2,50,0.0144,0.1584,0.249856
10000,delta_sample_publish_motion,2,51,0.0143,0.1522,0.249856
10000,delta_sample_publish_motion,2,52,0.0145,0.149,0.252928
10000,delta_sample_publish_motion,2,53,0.0145,0.1664,0.254976
10000,delta_sample_publish_motion,2,54,0.0145,0.1718,0.272384
10000,delta_sample_publish_motion,2,55,0.0143,0.1427,0.254976
10000,delta_sample_publish_motion,2,56,0.0143,0.1557,0.249856
10000,delta_sample_publish_motion,2,57,0.0144,0.1678,0.249856
10000,delta_sample_publish_motion,2,58,0.0145,0.1621,0.252928
10000,delta_sample_publish_motion,2,59,0.0143,0.1537,0.249856
10000,delta_sample_publish_motion,2,60,0.0145,0.172,0.244736
10000,delta_sample_publish_motion,2,61,0.0143,0.1582,0.253952
10000,delta_sample_publish_motion,2,62,0.0144,0.1584,0.249856
10000,delta_sample_publish_motion,2,63,0.0143,0.1552,0.249856
10000,delta_sample_publish_motion,2,64,0.0143,0.1511,0.252928
10000,delta_sample_publish_motion,2,65,0.0144,0.1553,0.248832
10000,delta_sample_publish_motion,2,66,0.0144,0.1478,0.247808
10000,delta_sample_publish_motion,2,67,0.0144,0.1674,0.262144
10000,delta_sample_publish_motion,2,68,0.0143,0.1488,0.25088
10000,delta_sample_publish_motion,2,69,0.0144,0.1558,0.248832
10000,delta_sample_publish_motion,2,70,0.0143,0.143,0.252928
10000,delta_sample_publish_motion,2,71,0.0143,0.1573,0.25088
10000,delta_sample_publish_motion,2,72,0.0145,0.1483,0.249856
10000,delta_sample_publish_motion,2,73,0.0144,0.1652,0.253952
10000,delta_sample_publish_motion,2,74,0.0144,0.1564,0.257024
10000,delta_sample_publish_motion,2,75,0.0143,0.1562,0.248832
10000,delta_sample_publish_motion,2,76,0.0143,0.1487,0.248832
10000,delta_sample_publish_motion,2,77,0.0143,0.157,0.25088
10000,delta_sample_publish_motion,2,78,0.0144,0.146,0.248832
10000,delta_sample_publish_motion,2,79,0.0144,0.1618,0.253952
10000,delta_sample_publish_motion,2,80,0.0143,0.1427,0.249856
10000,delta_sample_publish_motion,2,81,0.0143,0.158,0.258048
10000,delta_sample_publish_motion,2,82,0.0144,0.143,0.253952
10000,delta_sample_publish_motion,2,83,0.0143,0.1493,0.25088
10000,delta_sample_publish_motion,2,84,0.0145,0.1586,0.249856
10000,delta_sample_publish_motion,2,85,0.0144,0.1709,0.253952
10000,delta_sample_publish_motion,2,86,0.0143,0.15,0.249856
10000,delta_sample_publish_motion,2,87,0.0144,0.1737,0.249856
10000,delta_sample_publish_motion,2,88,0.0142,0.1545,0.26112
10000,delta_sample_publish_motion,2,89,0.0142,0.1696,0.248832
10000,delta_sample_publish_motion,2,90,0.0143,0.1569,0.249856
10000,delta_sample_publish_motion,2,91,0.0143,0.1582,0.252928
10000,delta_sample_publish_motion,2,92,0.0143,0.1467,0.241664
10000,delta_sample_publish_motion,2,93,0.0143,0.1639,0.248832
10000,delta_sample_publish_motion,2,94,0.0143,0.1495,0.253952
10000,delta_sample_publish_motion,2,95,0.0141,0.1525,0.243712
10000,delta_sample_publish_motion,2,96,0.0217,0.1571,0.263168
10000,delta_sample_publish_motion,2,97,0.0227,0.1494,0.254976
10000,delta_sample_publish_motion,2,98,0.0143,0.1649,0.249856
10000,delta_sample_publish_motion,2,99,0.0144,0.162,0.249856
10000,delta_sample_publish_motion,2,100,0.0143,0.1677,0.253952
10000,delta_sample_publish_motion,2,101,0.0143,0.1663,0.249856
10000,delta_sample_publish_motion,2,102,0.0142,0.1699,0.248832
10000,delta_sample_publish_motion,2,103,0.0142,0.1735,0.273408
10000,delta_sample_publish_motion,2,104,0.0222,0.2,0.253952
10000,delta_sample_publish_motion,2,105,0.0144,0.1609,0.251904
10000,delta_sample_publish_motion,2,106,0.0144,0.1512,2.128896
10000,delta_sample_publish_motion,2,107,0.0142,0.1777,0.252928
10000,delta_sample_publish_motion,2,108,0.0183,0.1584,0.249856
10000,delta_sample_publish_motion,2,109,0.0143,0.159,0.252928
10000,delta_sample_publish_motion,2,110,0.0144,0.1546,0.260096
10000,delta_sample_publish_motion,2,111,0.0246,0.1594,0.256
10000,delta_sample_publish_motion,2,112,0.0144,0.1723,0.262144
10000,delta_sample_publish_motion,2,113,0.0252,0.1719,0.26624
10000,delta_sample_publish_motion,2,114,0.021,0.1633,0.26112
10000,delta_sample_publish_motion,2,115,0.0222,0.1706,0.254976
10000,delta_sample_publish_motion,2,116,0.0141,0.1646,0.249856
10000,delta_sample_publish_motion,2,117,0.0143,0.1626,0.25088
10000,delta_sample_publish_motion,2,118,0.0143,0.1858,0.253952
10000,delta_sample_publish_motion,2,119,0.0144,0.1658,0.249856
10000,delta_sample_publish_motion,3,0,0.0142,0.1281,0.336896
10000,delta_sample_publish_motion,3,1,0.0142,0.1439,0.340992
10000,delta_sample_publish_motion,3,2,0.0143,0.1423,0.335872
10000,delta_sample_publish_motion,3,3,0.0142,0.1361,0.336896
10000,delta_sample_publish_motion,3,4,0.0142,0.1407,0.340992
10000,delta_sample_publish_motion,3,5,0.0142,0.1381,0.361472
10000,delta_sample_publish_motion,3,6,0.0144,0.1639,0.346112
10000,delta_sample_publish_motion,3,7,0.0282,0.1287,0.350208
10000,delta_sample_publish_motion,3,8,0.0176,0.1338,0.344064
10000,delta_sample_publish_motion,3,9,0.0143,0.1508,0.344064
10000,delta_sample_publish_motion,3,10,0.0174,0.1308,0.347136
10000,delta_sample_publish_motion,3,11,0.0175,0.1595,0.351232
10000,delta_sample_publish_motion,3,12,0.0176,0.1577,0.345088
10000,delta_sample_publish_motion,3,13,0.0143,0.153,0.3584
10000,delta_sample_publish_motion,3,14,0.0149,0.1583,0.356352
10000,delta_sample_publish_motion,3,15,0.0143,0.1742,0.334848
10000,delta_sample_publish_motion,3,16,0.0144,0.1544,0.339968
10000,delta_sample_publish_motion,3,17,0.0143,0.143,0.344064
10000,delta_sample_publish_motion,3,18,0.0143,0.1484,0.335872
10000,delta_sample_publish_motion,3,19,0.0144,0.1394,0.347136
10000,delta_sample_publish_motion,3,20,0.0143,0.143,0.336896
10000,delta_sample_publish_motion,3,21,0.0144,0.1376,0.334848
10000,delta_sample_publish_motion,3,22,0.0142,0.1367,0.339968
10000,delta_sample_publish_motion,3,23,0.0142,0.1407,0.34304
10000,delta_sample_publish_motion,3,24,0.0143,0.16,0.336896
10000,delta_sample_publish_motion,3,25,0.0142,0.1602,0.340992
10000,delta_sample_publish_motion,3,26,0.0143,0.1436,0.334848
10000,delta_sample_publish_motion,3,27,0.0142,0.1599,0.335872
10000,delta_sample_publish_motion,3,28,0.0144,0.1498,0.340992
10000,delta_sample_publish_motion,3,29,0.0142,0.1352,0.336896
10000,delta_sample_publish_motion,3,30,0.0143,0.1415,0.340992
10000,delta_sample_publish_motion,3,31,0.0142,0.1262,0.339968
10000,delta_sample_publish_motion,3,32,0.0142,0.1394,0.344064
10000,delta_sample_publish_motion,3,33,0.0142,0.1242,0.336896
10000,delta_sample_publish_motion,3,34,0.0143,0.1295,0.339968
10000,delta_sample_publish_motion,3,35,0.0143,0.1333,0.344064
10000,delta_sample_publish_motion,3,36,0.0142,0.1238,0.344064
10000,delta_sample_publish_motion,3,37,0.0142,0.1442,0.340992
10000,delta_sample_publish_motion,3,38,0.0561,0.1697,0.359424
10000,delta_sample_publish_motion,3,39,0.0231,0.1594,0.336896
10000,delta_sample_publish_motion,3,40,0.0142,0.1616,0.339968
10000,delta_sample_publish_motion,3,41,0.0143,0.1465,0.335872
10000,delta_sample_publish_motion,3,42,0.0142,0.1622,0.342016
10000,delta_sample_publish_motion,3,43,0.0143,0.1495,0.339968
10000,delta_sample_publish_motion,3,44,0.0143,0.1355,0.335872
10000,delta_sample_publish_motion,3,45,0.0143,0.1458,0.336896
10000,delta_sample_publish_motion,3,46,0.0143,0.1253,0.340992
10000,delta_sample_publish_motion,3,47,0.0143,0.1319,0.336896
10000,delta_sample_publish_motion,3,48,0.0141,0.121,0.336896
10000,delta_sample_publish_motion,3,49,0.0142,0.1372,0.3584
10000,delta_sample_publish_motion,3,50,0.0142,0.1327,0.336896
10000,delta_sample_publish_motion,3,51,0.0141,0.1309,0.336896
10000,delta_sample_publish_motion,3,52,0.0143,0.1431,0.342016
10000,delta_sample_publish_motion,3,53,0.0141,0.1454,0.334848
10000,delta_sample_publish_motion,3,54,0.0142,0.1542,0.330752
10000,delta_sample_publish_motion,3,55,0.0142,0.1948,0.352256
10000,delta_sample_publish_motion,3,56,0.0142,0.1374,0.33792
10000,delta_sample_publish_motion,3,57,0.0142,0.1657,0.335872
10000,delta_sample_publish_motion,3,58,0.0143,0.1261,0.340992
10000,delta_sample_publish_motion,3,59,0.0142,0.1398,0.335872
10000,delta_sample_publish_motion,3,60,0.0142,0.1281,0.336896
10000,delta_sample_publish_motion,3,61,0.0143,0.1298,0.34816
10000,delta_sample_publish_motion,3,62,0.0202,0.1345,0.336896
10000,delta_sample_publish_motion,3,63,0.0141,0.1287,0.33792
10000,delta_sample_publish_motion,3,64,0.0143,0.1317,0.34816
10000,delta_sample_publish_motion,3,65,0.0199,0.1464,0.344064
10000,delta_sample_publish_motion,3,66,0.0142,0.1447,0.334848
10000,delta_sample_publish_motion,3,67,0.0142,0.1559,0.347136
10000,delta_sample_publish_motion,3,68,0.0142,0.1624,0.336896
10000,delta_sample_publish_motion,3,69,0.0142,0.1414,0.335872
10000,delta_sample_publish_motion,3,70,0.0143,0.157,0.339968
10000,delta_sample_publish_motion,3,71,0.0143,0.143,0.335872
10000,delta_sample_publish_motion,3,72,0.0142,0.1361,0.335872
10000,delta_sample_publish_motion,3,73,0.0143,0.1389,0.340992
10000,delta_sample_publish_motion,3,74,0.0143,0.1269,0.345088
10000,delta_sample_publish_motion,3,75,0.0143,0.1285,0.336896
10000,delta_sample_publish_motion,3,76,0.0141,0.1441,0.340992
10000,delta_sample_publish_motion,3,77,0.0143,0.1265,0.335872
10000,delta_sample_publish_motion,3,78,0.0143,0.1419,0.345088
10000,delta_sample_publish_motion,3,79,0.0142,0.1407,0.339968
10000,delta_sample_publish_motion,3,80,0.0141,0.1368,0.344064
10000,delta_sample_publish_motion,3,81,0.0141,0.1661,0.335872
10000,delta_sample_publish_motion,3,82,0.0142,0.1398,0.340992
10000,delta_sample_publish_motion,3,83,0.0142,0.1617,0.336896
10000,delta_sample_publish_motion,3,84,0.0142,0.1346,0.335872
10000,delta_sample_publish_motion,3,85,0.0142,0.1502,0.35328
10000,delta_sample_publish_motion,3,86,0.0143,0.1388,0.34304
10000,delta_sample_publish_motion,3,87,0.0141,0.1372,0.335872
10000,delta_sample_publish_motion,3,88,0.0142,0.1344,0.339968
10000,delta_sample_publish_motion,3,89,0.0143,0.138,0.335872
10000,delta_sample_publish_motion,3,90,0.0142,0.1368,0.335872
10000,delta_sample_publish_motion,3,91,0.0142,0.1366,0.340992
10000,delta_sample_publish_motion,3,92,0.0141,0.1348,0.336896
10000,delta_sample_publish_motion,3,93,0.0142,0.1451,0.342016
10000,delta_sample_publish_motion,3,94,0.0142,0.1495,0.339968
10000,delta_sample_publish_motion,3,95,0.0142,0.154,0.335872
10000,delta_sample_publish_motion,3,96,0.0142,0.1596,0.335872
10000,delta_sample_publish_motion,3,97,0.0142,0.1425,0.338944
10000,delta_sample_publish_motion,3,98,0.0142,0.1496,0.335872
10000,delta_sample_publish_motion,3,99,0.0142,0.1663,0.34304
10000,delta_sample_publish_motion,3,100,0.0144,0.1394,0.340992
10000,delta_sample_publish_motion,3,101,0.0142,0.1274,0.334848
10000,delta_sample_publish_motion,3,102,0.0142,0.1302,0.334848
10000,delta_sample_publish_motion,3,103,0.0142,0.1373,0.338944
10000,delta_sample_publish_motion,3,104,0.0141,0.1555,0.336896
10000,delta_sample_publish_motion,3,105,0.0142,0.1441,0.34304
10000,delta_sample_publish_motion,3,106,0.0141,0.1498,0.339968
10000,delta_sample_publish_motion,3,107,0.0142,0.1447,0.336896
10000,delta_sample_publish_motion,3,108,0.0143,0.1684,0.335872
10000,delta_sample_publish_motion,3,109,0.0143,0.1622,0.340992
10000,delta_sample_publish_motion,3,110,0.0142,0.1513,0.397312
10000,delta_sample_publish_motion,3,111,0.0141,0.1519,0.342016
10000,delta_sample_publish_motion,3,112,0.0142,0.1594,0.342016
10000,delta_sample_publish_motion,3,113,0.0141,0.1481,0.335872
10000,delta_sample_publish_motion,3,114,0.0142,0.1504,0.334848
10000,delta_sample_publish_motion,3,115,0.0143,0.1514,0.339968
10000,delta_sample_publish_motion,3,116,0.0143,0.1528,0.335872
10000,delta_sample_publish_motion,3,117,0.0142,0.1445,0.335872
10000,delta_sample_publish_motion,3,118,0.0142,0.17,0.34304
10000,delta_sample_publish_motion,3,119,0.0142,0.1425,0.335872
65536,sample_publish_motion,1,0,0.7788,0.0038,0.275456
65536,sample_publish_motion,1,1,0.1105,0.0023,0.247808
65536,sample_publish_motion,1,2,0.105,0.0025,0.257024
65536,sample_publish_motion,1,3,0.1047,0.0024,0.249856
65536,sample_publish_motion,1,4,0.1052,0.0023,0.248832
65536,sample_publish_motion,1,5,0.1052,0.0025,0.262144
65536,sample_publish_motion,1,6,0.1048,0.0054,0.251904
65536,sample_publish_motion,1,7,0.845,0.0028,0.24064
65536,sample_publish_motion,1,8,0.1082,0.0022,0.242688
65536,sample_publish_motion,1,9,0.1033,0.003,0.242688
65536,sample_publish_motion,1,10,0.2504,0.0028,0.260096
65536,sample_publish_motion,1,11,0.77,0.0028,0.315392
65536,sample_publish_motion,1,12,0.5246,0.0028,0.262144
65536,sample_publish_motion,1,13,0.7401,0.0027,0.258048
65536,sample_publish_motion,1,14,0.6647,0.0033,0.248832
65536,sample_publish_motion,1,15,0.6211,0.0022,0.237568
65536,sample_publish_motion,1,16,0.1386,0.0027,0.244736
65536,sample_publish_motion,1,17,0.8365,0.0028,0.24064
65536,sample_publish_motion,1,18,0.162,0.0025,0.263168
65536,sample_publish_motion,1,19,0.1061,0.0023,0.244736
65536,sample_publish_motion,1,20,0.1044,0.003,0.24576
65536,sample_publish_motion,1,21,0.1299,0.0024,0.239616
65536,sample_publish_motion,1,22,0.1051,0.0023,0.246784
65536,sample_publish_motion,1,23,0.1049,0.0028,0.24576
65536,sample_publish_motion,1,24,0.8304,0.0031,0.246784
65536,sample_publish_motion,1,25,0.2039,0.0022,0.239616
65536,sample_publish_motion,1,26,0.1049,0.0023,0.242688
65536,sample_publish_motion,1,27,0.1039,0.0031,0.241664
65536,sample_publish_motion,1,28,0.1301,0.003,0.263168
65536,sample_publish_motion,1,29,0.7878,0.0024,0.24064
65536,sample_publish_motion,1,30,0.1055,0.0032,0.236544
65536,sample_publish_motion,1,31,0.785,0.0022,0.243712
65536,sample_publish_motion,1,32,0.102,0.0023,0.239616
65536,sample_publish_motion,1,33,0.1074,0.0031,0.244736
65536,sample_publish_motion,1,34,0.1505,0.0026,0.229376
65536,sample_publish_motion,1,35,0.1054,0.0023,0.229376
65536,sample_publish_motion,1,36,0.0995,0.0023,0.234496
65536,sample_publish_motion,1,37,0.0984,0.0023,0.228352
65536,sample_publish_motion,1,38,0.0993,0.0024,0.259072
65536,sample_publish_motion,1,39,0.1002,0.0023,0.233472
65536,sample_publish_motion,1,40,0.0993,0.0031,0.23552
65536,sample_publish_motion,1,41,0.1454,0.0023,0.227328
65536,sample_publish_motion,1,42,0.1032,0.0022,0.238592
65536,sample_publish_motion,1,43,0.0975,0.0023,0.242688
65536,sample_publish_motion,1,44,0.0978,0.0023,0.229376
65536,sample_publish_motion,1,45,0.0968,0.0022,0.229376
65536,sample_publish_motion,1,46,0.0962,0.0024,0.236544
65536,sample_publish_motion,1,47,0.0956,0.0021,0.25088
65536,sample_publish_motion,1,48,0.0956,0.0024,0.233472
65536,sample_publish_motion,1,49,0.0957,0.0021,0.237568
65536,sample_publish_motion,1,50,0.1421,0.0021,0.231424
65536,sample_publish_motion,1,51,0.0955,0.0031,0.236544
65536,sample_publish_motion,1,52,0.141,0.0028,0.244736
65536,sample_publish_motion,1,53,0.1404,0.0021,0.246784
65536,sample_publish_motion,1,54,0.0936,0.0023,0.249856
65536,sample_publish_motion,1,55,0.0992,0.0023,0.231424
65536,sample_publish_motion,1,56,0.1068,0.0023,0.237568
65536,sample_publish_motion,1,57,0.0976,0.002,0.2304
65536,sample_publish_motion,1,58,0.0921,0.0023,0.2304
65536,sample_publish_motion,1,59,0.0925,0.0021,0.2304
65536,sample_publish_motion,1,60,0.1392,0.0021,0.246784
65536,sample_publish_motion,1,61,0.1396,0.002,0.224256
65536,sample_publish_motion,1,62,0.1508,0.0022,0.2304
65536,sample_publish_motion,1,63,0.0958,0.0027,0.231424
65536,sample_publish_motion,1,64,0.1473,0.0025,0.247808
65536,sample_publish_motion,1,65,0.1018,0.0021,0.239616
65536,sample_publish_motion,1,66,0.0968,0.0029,0.224256
65536,sample_publish_motion,1,67,0.1388,0.0023,0.22528
65536,sample_publish_motion,1,68,0.1375,0.0024,0.22528
65536,sample_publish_motion,1,69,0.0921,0.003,0.20992
65536,sample_publish_motion,1,70,0.1381,0.0028,0.22016
65536,sample_publish_motion,1,71,0.1374,0.0021,0.224256
65536,sample_publish_motion,1,72,0.092,0.0021,0.211968
65536,sample_publish_motion,1,73,0.0912,0.0019,0.21504
65536,sample_publish_motion,1,74,0.0906,0.0019,0.22528
65536,sample_publish_motion,1,75,0.0914,0.002,0.205824
65536,sample_publish_motion,1,76,0.0914,0.0023,0.229376
65536,sample_publish_motion,1,77,0.0956,0.0031,0.2304
65536,sample_publish_motion,1,78,0.1391,0.0029,0.219136
65536,sample_publish_motion,1,79,0.1378,0.0022,0.20992
65536,sample_publish_motion,1,80,0.0935,0.0023,0.212992
65536,sample_publish_motion,1,81,0.0922,0.0021,0.22016
65536,sample_publish_motion,1,82,0.0921,0.0021,0.212992
65536,sample_publish_motion,1,83,0.0915,0.0022,0.210944
65536,sample_publish_motion,1,84,0.0921,0.002,0.219136
65536,sample_publish_motion,1,85,0.0904,0.0019,0.216064
65536,sample_publish_motion,1,86,0.0906,0.0024,0.214016
65536,sample_publish_motion,1,87,0.0921,0.0023,0.224256
65536,sample_publish_motion,1,88,0.0938,0.0022,0.239616
65536,sample_publish_motion,1,89,0.0901,0.0021,0.22016
65536,sample_publish_motion,1,90,0.0913,0.0022,0.210944
65536,sample_publish_motion,1,91,0.0917,0.002,0.21504
65536,sample_publish_motion,1,92,0.0905,0.0029,0.221184
65536,sample_publish_motion,1,93,0.1362,0.0022,0.207872
65536,sample_publish_motion,1,94,0.0916,0.002,0.218112
65536,sample_publish_motion,1,95,0.0916,0.0019,0.216064
65536,sample_publish_motion,1,96,0.0909,0.0028,0.22016
65536,sample_publish_motion,1,97,0.1362,0.0022,0.20992
65536,sample_publish_motion,1,98,0.0911,0.002,0.22016
65536,sample_publish_motion,1,99,0.0997,0.0021,0.223232
65536,sample_publish_motion,1,100,0.0907,0.0021,0.210944
65536,sample_publish_motion,1,101,0.0915,0.002,0.219136
65536,sample_publish_motion,1,102,0.0905,0.0021,0.218112
65536,sample_publish_motion,1,103,0.0904,0.0027,0.211968
65536,sample_publish_motion,1,104,0.1363,0.0023,0.217088
65536,sample_publish_motion,1,105,0.1009,0.0024,0.223232
65536,sample_publish_motion,1,106,0.0991,0.0022,0.22016
65536,sample_publish_motion,1,107,0.1055,0.0032,0.214016
65536,sample_publish_motion,1,108,0.139,0.0021,0.214016
65536,sample_publish_motion,1,109,0.0935,0.002,0.223232
65536,sample_publish_motion,1,110,0.0932,0.0021,0.221184
65536,sample_publish_motion,1,111,0.0916,0.0022,0.234496
65536,sample_publish_motion,1,112,0.1381,0.002,0.21504
65536,sample_publish_motion,1,113,0.0919,0.002,0.221184
65536,sample_publish_motion,1,114,0.0955,0.003,0.221184
65536,sample_publish_motion,1,115,0.1381,0.0021,0.216064
65536,sample_publish_motion,1,116,0.0923,0.0023,0.231424
65536,sample_publish_motion,1,117,0.1381,0.002,0.224256
65536,sample_publish_motion,1,118,0.0924,0.0022,0.222208
65536,sample_publish_motion,1,119,0.0917,0.002,0.224256
65536,sample_publish_motion,2,0,0.1775,0.0027,0.237568
65536,sample_publish_motion,2,1,0.1351,0.0026,0.22528
65536,sample_publish_motion,2,2,0.1056,0.0024,0.227328
65536,sample_publish_motion,2,3,0.1054,0.0024,0.24064
65536,sample_publish_motion,2,4,0.1053,0.003,0.232448
65536,sample_publish_motion,2,5,0.1305,0.0024,0.228352
65536,sample_publish_motion,2,6,0.1055,0.0025,0.226304
65536,sample_publish_motion,2,7,0.1045,0.0023,0.22528
65536,sample_publish_motion,2,8,0.105,0.0025,0.227328
65536,sample_publish_motion,2,9,0.1057,0.0025,0.227328
65536,sample_publish_motion,2,10,0.1054,0.0023,0.226304
65536,sample_publish_motion,2,11,0.1054,0.0025,0.224256
65536,sample_publish_motion,2,12,0.105,0.0023,0.229376
65536,sample_publish_motion,2,13,0.1052,0.0025,0.243712
65536,sample_publish_motion,2,14,0.105,0.0023,0.228352
65536,sample_publish_motion,2,15,0.1287,0.0025,0.22528
65536,sample_publish_motion,2,16,0.1047,0.0023,0.227328
65536,sample_publish_motion,2,17,0.1049,0.0025,0.227328
65536,sample_publish_motion,2,18,0.1047,0.0102,0.227328
65536,sample_publish_motion,2,19,0.7753,0.0036,0.226304
65536,sample_publish_motion,2,20,0.1885,0.0028,0.2304
65536,sample_publish_motion,2,21,0.1045,0.0022,0.224256
65536,sample_publish_motion,2,22,0.103,0.003,0.227328
65536,sample_publish_motion,2,23,0.6445,0.0024,0.246784
65536,sample_publish_motion,2,24,0.5002,0.0028,0.24064
65536,sample_publish_motion,2,25,0.3809,0.0029,0.227328
65536,sample_publish_motion,2,26,0.7875,0.0023,0.2304
65536,sample_publish_motion,2,27,0.1169,0.0023,0.227328
65536,sample_publish_motion,2,28,0.1056,0.0025,0.229376
65536,sample_publish_motion,2,29,0.105,0.0026,0.226304
65536,sample_publish_motion,2,30,0.1057,0.0022,0.228352
65536,sample_publish_motion,2,31,0.1047,0.0023,0.226304
65536,sample_publish_motion,2,32,0.1043,0.0025,0.228352
65536,sample_publish_motion,2,33,0.1044,0.0026,0.227328
65536,sample_publish_motion,2,34,0.1042,0.0023,0.251904
65536,sample_publish_motion,2,35,0.1042,0.0028,0.251904
65536,sample_publish_motion,2,36,0.4059,0.0018,0.22528
65536,sample_publish_motion,2,37,0.1081,0.0028,0.23552
65536,sample_publish_motion,2,38,0.7837,0.0023,0.227328
65536,sample_publish_motion,2,39,0.1922,0.0031,0.229376
65536,sample_publish_motion,2,40,0.8041,0.0023,0.228352
65536,sample_publish_motion,2,41,0.1552,0.0023,0.226304
65536,sample_publish_motion,2,42,0.1058,0.0025,0.228352
65536,sample_publish_motion,2,43,0.1054,0.0033,0.227328
65536,sample_publish_motion,2,44,0.7637,0.0024,0.229376
65536,sample_publish_motion,2,45,0.1556,0.0022,0.2304
65536,sample_publish_motion,2,46,0.1028,0.0024,0.221184
65536,sample_publish_motion,2,47,0.1033,0.0022,0.219136
65536,sample_publish_motion,2,48,0.102,0.0024,0.226304
65536,sample_publish_motion,2,49,0.1028,0.0021,0.217088
65536,sample_publish_motion,2,50,0.1003,0.0025,0.212992
65536,sample_publish_motion,2,51,0.1003,0.0022,0.21504
65536,sample_publish_motion,2,52,0.0999,0.0022,0.234496
65536,sample_publish_motion,2,53,0.0995,0.0024,0.211968
65536,sample_publish_motion,2,54,0.0991,0.0022,0.226304
65536,sample_publish_motion,2,55,0.0983,0.0021,0.218112
65536,sample_publish_motion,2,56,0.0976,0.0022,0.229376
65536,sample_publish_motion,2,57,0.0971,0.0024,0.20992
65536,sample_publish_motion,2,58,0.0981,0.0022,0.224256
65536,sample_publish_motion,2,59,0.0977,0.003,0.216064
65536,sample_publish_motion,2,60,0.1442,0.0023,0.208896
65536,sample_publish_motion,2,61,0.0972,0.0024,0.237568
65536,sample_publish_motion,2,62,0.1027,0.002,0.221184
65536,sample_publish_motion,2,63,0.0966,0.002,0.212992
65536,sample_publish_motion,2,64,0.0952,0.0025,0.20992
65536,sample_publish_motion,2,65,0.0962,0.0021,0.222208
65536,sample_publish_motion,2,66,0.0959,0.0021,0.216064
65536,sample_publish_motion,2,67,0.0955,0.0026,0.20992
65536,sample_publish_motion,2,68,0.0966,0.002,0.222208
65536,sample_publish_motion,2,69,0.0954,0.0021,0.217088
65536,sample_publish_motion,2,70,0.0941,0.0029,0.22016
65536,sample_publish_motion,2,71,0.1402,0.0022,0.208896
65536,sample_publish_motion,2,72,0.0937,0.0021,0.231424
65536,sample_publish_motion,2,73,0.0938,0.0028,0.221184
65536,sample_publish_motion,2,74,0.1441,0.0022,0.211968
65536,sample_publish_motion,2,75,0.0995,0.002,0.228352
65536,sample_publish_motion,2,76,0.0967,0.0021,0.242688
65536,sample_publish_motion,2,77,0.0924,0.002,0.219136
65536,sample_publish_motion,2,78,0.1025,0.0021,0.217088
65536,sample_publish_motion,2,79,0.0934,0.0021,0.22016
65536,sample_publish_motion,2,80,0.0929,0.0028,0.22016
65536,sample_publish_motion,2,81,0.1393,0.0022,0.206848
65536,sample_publish_motion,2,82,0.0922,0.0029,0.229376
65536,sample_publish_motion,2,83,0.1378,0.0021,0.226304
65536,sample_publish_motion,2,84,0.0936,0.0021,0.219136
65536,sample_publish_motion,2,85,0.0939,0.0022,0.221184
65536,sample_publish_motion,2,86,0.0933,0.0021,0.223232
65536,sample_publish_motion,2,87,0.094,0.0021,0.223232
65536,sample_publish_motion,2,88,0.0969,0.0022,0.211968
65536,sample_publish_motion,2,89,0.0981,0.002,0.226304
65536,sample_publish_motion,2,90,0.0909,0.0021,0.212992
65536,sample_publish_motion,2,91,0.0916,0.0029,0.214016
65536,sample_publish_motion,2,92,0.137,0.0021,0.210944
65536,sample_publish_motion,2,93,0.0916,0.002,0.234496
65536,sample_publish_motion,2,94,0.0922,0.0027,0.22528
65536,sample_publish_motion,2,95,0.1375,0.0021,0.208896
65536,sample_publish_motion,2,96,0.0919,0.0027,0.23552
65536,sample_publish_motion,2,97,0.1362,0.0021,0.217088
65536,sample_publish_motion,2,98,0.0913,0.002,0.223232
65536,sample_publish_motion,2,99,0.092,0.003,0.214016
65536,sample_publish_motion,2,100,0.1374,0.0029,0.211968
65536,sample_publish_motion,2,101,0.1411,0.002,0.211968
65536,sample_publish_motion,2,102,0.0918,0.0023,0.221184
65536,sample_publish_motion,2,103,0.0923,0.0022,0.219136
65536,sample_publish_motion,2,104,0.0958,0.0022,0.221184
65536,sample_publish_motion,2,105,0.0947,0.002,0.207872
65536,sample_publish_motion,2,106,0.094,0.0031,0.216064
65536,sample_publish_motion,2,107,0.1394,0.002,0.222208
65536,sample_publish_motion,2,108,0.093,0.0031,0.234496
65536,sample_publish_motion,2,109,0.0941,0.0023,0.21504
65536,sample_publish_motion,2,110,0.094,0.0028,0.222208
65536,sample_publish_motion,2,111,0.1395,0.002,0.218112
65536,sample_publish_motion,2,112,0.0924,0.0028,0.222208
65536,sample_publish_motion,2,113,0.1386,0.0025,0.246784
65536,sample_publish_motion,2,114,0.0973,0.0023,0.233472
65536,sample_publish_motion,2,115,0.0976,0.0025,0.228352
65536,sample_publish_motion,2,116,0.1003,0.0023,0.222208
65536,sample_publish_motion,2,117,0.0991,0.0021,0.216064
65536,sample_publish_motion,2,118,0.0984,0.002,0.24064
65536,sample_publish_motion,2,119,0.093,0.002,0.231424
65536,sample_publish_motion,3,0,0.0949,0.0022,0.201728
65536,sample_publish_motion,3,1,0.0971,0.0023,0.216064
65536,sample_publish_motion,3,2,0.0952,0.002,0.208896
65536,sample_publish_motion,3,3,0.0941,0.0022,0.211968
65536,sample_publish_motion,3,4,0.0948,0.0022,0.200704
65536,sample_publish_motion,3,5,0.0944,0.0027,0.205824
65536,sample_publish_motion,3,6,0.0982,0.0021,0.201728
65536,sample_publish_motion,3,7,0.0957,0.0022,0.2048
65536,sample_publish_motion,3,8,0.0952,0.0024,0.210944
65536,sample_publish_motion,3,9,0.0958,0.0021,0.210944
65536,sample_publish_motion,3,10,0.0942,0.0022,0.202752
65536,sample_publish_motion,3,11,0.0949,0.0023,0.2048
65536,sample_publish_motion,3,12,0.0945,0.0024,0.202752
65536,sample_publish_motion,3,13,0.094,0.0021,0.2048
65536,sample_publish_motion,3,14,0.0943,0.0021,0.207872
65536,sample_publish_motion,3,15,0.0935,0.0021,0.212992
65536,sample_publish_motion,3,16,0.0941,0.0021,0.22016
65536,sample_publish_motion,3,17,0.0938,0.0021,0.2048
65536,sample_publish_motion,3,18,0.094,0.0021,0.203776
65536,sample_publish_motion,3,19,0.0942,0.0022,0.208896
65536,sample_publish_motion,3,20,0.0935,0.0022,0.202752
65536,sample_publish_motion,3,21,0.0955,0.0022,0.210944
65536,sample_publish_motion,3,22,0.108,0.0023,0.216064
65536,sample_publish_motion,3,23,0.0939,0.0021,0.212992
65536,sample_publish_motion,3,24,0.0947,0.0023,0.202752
65536,sample_publish_motion,3,25,0.0955,0.0022,0.205824
65536,sample_publish_motion,3,26,0.0943,0.0024,0.2048
65536,sample_publish_motion,3,27,0.0945,0.0022,0.207872
65536,sample_publish_motion,3,28,0.0956,0.0025,0.214016
65536,sample_publish_motion,3,29,0.0949,0.0023,0.210944
65536,sample_publish_motion,3,30,0.0931,0.0022,0.22016
65536,sample_publish_motion,3,31,0.0936,0.0021,0.217088
65536,sample_publish_motion,3,32,0.094,0.0022,0.208896
65536,sample_publish_motion,3,33,0.0943,0.0024,0.20992
65536,sample_publish_motion,3,34,0.0949,0.0022,0.208896
65536,sample_publish_motion,3,35,0.0936,0.0022,0.206848
65536,sample_publish_motion,3,36,0.0936,0.002,0.201728
65536,sample_publish_motion,3,37,0.0929,0.002,0.210944
65536,sample_publish_motion,3,38,0.0923,0.0021,0.21504
65536,sample_publish_motion,3,39,0.0933,0.0021,0.203776
65536,sample_publish_motion,3,40,0.0935,0.0023,0.202752
65536,sample_publish_motion,3,41,0.0932,0.002,0.2048
65536,sample_publish_motion,3,42,0.0931,0.0021,0.22016
65536,sample_publish_motion,3,43,0.0943,0.0023,0.207872
65536,sample_publish_motion,3,44,0.0948,0.0022,0.208896
65536,sample_publish_motion,3,45,0.0918,0.0023,0.206848
65536,sample_publish_motion,3,46,0.0965,0.0023,0.200704
65536,sample_publish_motion,3,47,0.0934,0.0022,0.203776
65536,sample_publish_motion,3,48,0.0934,0.0021,0.226304
65536,sample_publish_motion,3,49,0.0928,0.0021,0.205824
65536,sample_publish_motion,3,50,0.0934,0.0021,0.207872
65536,sample_publish_motion,3,51,0.0932,0.0021,0.216064
65536,sample_publish_motion,3,52,0.0917,0.0022,0.2048
65536,sample_publish_motion,3,53,0.0925,0.002,0.254976
65536,sample_publish_motion,3,54,0.0934,0.0023,0.202752
65536,sample_publish_motion,3,55,0.0969,0.0021,0.214016
65536,sample_publish_motion,3,56,0.0929,0.0022,0.20992
65536,sample_publish_motion,3,57,0.0928,0.002,0.208896
65536,sample_publish_motion,3,58,0.0912,0.002,0.210944
65536,sample_publish_motion,3,59,0.0967,0.002,0.205824
65536,sample_publish_motion,3,60,0.0924,0.0021,0.202752
65536,sample_publish_motion,3,61,0.0928,0.0022,0.2048
65536,sample_publish_motion,3,62,0.0972,0.0021,0.210944
65536,sample_publish_motion,3,63,0.0934,0.0021,0.210944
65536,sample_publish_motion,3,64,0.093,0.002,0.205824
65536,sample_publish_motion,3,65,0.0917,0.0021,0.212992
65536,sample_publish_motion,3,66,0.0929,0.0021,0.201728
65536,sample_publish_motion,3,67,0.0926,0.0021,0.210944
65536,sample_publish_motion,3,68,0.0932,0.0022,0.20992
65536,sample_publish_motion,3,69,0.0931,0.0024,0.224256
65536,sample_publish_motion,3,70,0.1023,0.0024,0.203776
65536,sample_publish_motion,3,71,0.0935,0.0023,0.208896
65536,sample_publish_motion,3,72,0.0929,0.0022,0.207872
65536,sample_publish_motion,3,73,0.0923,0.0021,0.2048
65536,sample_publish_motion,3,74,0.0928,0.0021,0.2048
65536,sample_publish_motion,3,75,0.0931,0.0022,0.2048
65536,sample_publish_motion,3,76,0.0928,0.002,0.208896
65536,sample_publish_motion,3,77,0.0929,0.0025,0.226304
65536,sample_publish_motion,3,78,0.0945,0.0032,0.214016
65536,sample_publish_motion,3,79,0.0924,0.0021,0.231424
65536,sample_publish_motion,3,80,0.0941,0.0021,0.214016
65536,sample_publish_motion,3,81,0.093,0.0022,0.218112
65536,sample_publish_motion,3,82,0.0943,0.0022,0.205824
65536,sample_publish_motion,3,83,0.0926,0.0022,0.210944
65536,sample_publish_motion,3,84,0.0936,0.0021,0.20992
65536,sample_publish_motion,3,85,0.0937,0.0021,0.206848
65536,sample_publish_motion,3,86,0.0926,0.002,0.207872
65536,sample_publish_motion,3,87,0.0917,0.002,0.211968
65536,sample_publish_motion,3,88,0.0928,0.002,0.19968
65536,sample_publish_motion,3,89,0.0929,0.0022,0.205824
65536,sample_publish_motion,3,90,0.0944,0.0021,0.210944
65536,sample_publish_motion,3,91,0.0933,0.0023,0.2048
65536,sample_publish_motion,3,92,0.0925,0.002,0.206848
65536,sample_publish_motion,3,93,0.0916,0.002,0.208896
65536,sample_publish_motion,3,94,0.092,0.002,0.20992
65536,sample_publish_motion,3,95,0.0928,0.0021,0.203776
65536,sample_publish_motion,3,96,0.0926,0.0022,0.22016
65536,sample_publish_motion,3,97,0.0938,0.0021,0.211968
65536,sample_publish_motion,3,98,0.094,0.0021,0.207872
65536,sample_publish_motion,3,99,0.0937,0.0021,0.208896
65536,sample_publish_motion,3,100,0.092,0.0021,0.210944
65536,sample_publish_motion,3,101,0.0922,0.0021,0.206848
65536,sample_publish_motion,3,102,0.0929,0.0021,0.19968
65536,sample_publish_motion,3,103,0.0931,0.0024,0.206848
65536,sample_publish_motion,3,104,0.0935,0.002,0.203776
65536,sample_publish_motion,3,105,0.0929,0.0021,0.210944
65536,sample_publish_motion,3,106,0.0932,0.0021,0.203776
65536,sample_publish_motion,3,107,0.0926,0.0021,0.212992
65536,sample_publish_motion,3,108,0.0922,0.0021,0.202752
65536,sample_publish_motion,3,109,0.0929,0.0021,0.2048
65536,sample_publish_motion,3,110,0.0931,0.0023,0.203776
65536,sample_publish_motion,3,111,0.0933,0.0021,0.205824
65536,sample_publish_motion,3,112,0.0933,0.0021,0.200704
65536,sample_publish_motion,3,113,0.0931,0.0021,0.208896
65536,sample_publish_motion,3,114,0.0919,0.0022,0.216064
65536,sample_publish_motion,3,115,0.0921,0.0022,0.207872
65536,sample_publish_motion,3,116,0.097,0.0021,0.19968
65536,sample_publish_motion,3,117,0.0924,0.0022,0.2048
65536,sample_publish_motion,3,118,0.0935,0.0021,0.208896
65536,sample_publish_motion,3,119,0.0926,0.002,0.205824
65536,delta_sample_publish_motion,1,0,0.1018,1.2408,1.585152
65536,delta_sample_publish_motion,1,1,0.1016,1.2201,1.583104
65536,delta_sample_publish_motion,1,2,0.103,1.2309,1.585152
65536,delta_sample_publish_motion,1,3,0.1029,1.2165,2.054144
65536,delta_sample_publish_motion,1,4,0.1021,1.2324,1.789952
65536,delta_sample_publish_motion,1,5,0.1026,1.2104,1.5872
65536,delta_sample_publish_motion,1,6,0.1033,1.2072,1.714176
65536,delta_sample_publish_motion,1,7,0.104,1.1928,1.709056
65536,delta_sample_publish_motion,1,8,0.1042,1.1805,1.601536
65536,delta_sample_publish_motion,1,9,0.104,1.2042,1.673216
65536,delta_sample_publish_motion,1,10,0.1037,1.1633,1.871872
65536,delta_sample_publish_motion,1,11,0.1039,1.1803,1.789952
65536,delta_sample_publish_motion,1,12,0.1042,1.1791,1.585152
65536,delta_sample_publish_motion,1,13,0.1044,1.1615,1.796096
65536,delta_sample_publish_motion,1,14,0.1043,1.1578,1.723392
65536,delta_sample_publish_motion,1,15,0.1045,1.1534,1.581056
65536,delta_sample_publish_motion,1,16,0.1053,1.1422,1.671168
65536,delta_sample_publish_motion,1,17,0.1053,1.1297,1.954816
65536,delta_sample_publish_motion,1,18,0.1048,1.1284,1.809408
65536,delta_sample_publish_motion,1,19,0.1053,1.1279,1.590272
65536,delta_sample_publish_motion,1,20,0.4358,1.0404,1.83808
65536,delta_sample_publish_motion,1,21,0.6121,1.1472,1.744896
65536,delta_sample_publish_motion,1,22,0.4404,1.0048,1.610752
65536,delta_sample_publish_motion,1,23,0.6806,1.06,1.611776
65536,delta_sample_publish_motion,1,24,0.5183,0.9756,1.897472
65536,delta_sample_publish_motion,1,25,0.6874,1.1829,1.818624
65536,delta_sample_publish_motion,1,26,0.5089,1.1431,1.604608
65536,delta_sample_publish_motion,1,27,0.3024,1.0969,1.713152
65536,delta_sample_publish_motion,1,28,0.4114,1.025,1.741824
65536,delta_sample_publish_motion,1,29,0.6853,0.9258,1.605632
65536,delta_sample_publish_motion,1,30,0.7139,0.9873,1.610752
65536,delta_sample_publish_motion,1,31,0.6921,0.9302,1.795072
65536,delta_sample_publish_motion,1,32,0.6832,1.0327,1.801216
65536,delta_sample_publish_motion,1,33,0.6968,0.9804,1.616896
65536,delta_sample_publish_motion,1,34,0.6191,0.9643,1.878016
65536,delta_sample_publish_motion,1,35,0.6568,1.1029,1.746944
65536,delta_sample_publish_motion,1,36,0.4848,1.0156,1.608704
65536,delta_sample_publish_motion,1,37,0.69,1.063,1.675264
65536,delta_sample_publish_motion,1,38,0.1429,1.0432,1.847296
65536,delta_sample_publish_motion,1,39,0.1047,0.9867,1.805312
65536,delta_sample_publish_motion,1,40,0.1052,0.9675,1.589248
65536,delta_sample_publish_motion,1,41,0.1047,0.9706,1.685504
65536,delta_sample_publish_motion,1,42,0.1047,0.8955,1.73056
65536,delta_sample_publish_motion,1,43,0.104,0.9523,1.583104
65536,delta_sample_publish_motion,1,44,0.1037,0.951,1.661952
65536,delta_sample_publish_motion,1,45,0.1038,0.9496,1.874944
65536,delta_sample_publish_motion,1,46,0.1038,0.9442,1.815552
65536,delta_sample_publish_motion,1,47,0.8063,1.0528,1.583104
65536,delta_sample_publish_motion,1,48,0.1062,1.0235,1.777664
65536,delta_sample_publish_motion,1,49,0.1056,0.9526,1.711104
65536,delta_sample_publish_motion,1,50,0.105,0.9533,1.583104
65536,delta_sample_publish_motion,1,51,0.1058,0.9296,1.76128
65536,delta_sample_publish_motion,1,52,0.1063,0.9282,1.888256
65536,delta_sample_publish_motion,1,53,0.105,0.927,1.806336
65536,delta_sample_publish_motion,1,54,0.1054,0.9231,1.5872
65536,delta_sample_publish_motion,1,55,0.1059,0.9138,1.784832
65536,delta_sample_publish_motion,1,56,0.1052,0.9173,1.72032
65536,delta_sample_publish_motion,1,57,0.1055,1.1059,1.599488
65536,delta_sample_publish_motion,1,58,0.6911,0.9576,1.637376
65536,delta_sample_publish_motion,1,59,0.6888,0.9196,1.825792
65536,delta_sample_publish_motion,1,60,0.6797,0.8916,1.816576
65536,delta_sample_publish_motion,1,61,0.6884,0.9517,1.618944
65536,delta_sample_publish_motion,1,62,0.7598,1.1378,1.836032
65536,delta_sample_publish_motion,1,63,0.1136,0.9434,1.708032
65536,delta_sample_publish_motion,1,64,0.1064,0.8495,1.585152
65536,delta_sample_publish_motion,1,65,0.1051,0.8669,1.703936
65536,delta_sample_publish_motion,1,66,0.1089,0.8428,1.890304
65536,delta_sample_publish_motion,1,67,1.1879,1.2708,1.847296
65536,delta_sample_publish_motion,1,68,0.2701,1.055,1.630208
65536,delta_sample_publish_motion,1,69,0.1098,0.8711,1.847296
65536,delta_sample_publish_motion,1,70,0.1042,0.8612,1.728512
65536,delta_sample_publish_motion,1,71,0.1046,0.8167,1.585152
65536,delta_sample_publish_motion,1,72,0.1045,0.8275,1.726464
65536,delta_sample_publish_motion,1,73,0.1046,0.8263,2.010112
65536,delta_sample_publish_motion,1,74,0.7785,1.0358,1.801216
65536,delta_sample_publish_motion,1,75,0.1077,0.9129,1.585152
65536,delta_sample_publish_motion,1,76,0.1061,0.8297,1.816576
65536,delta_sample_publish_motion,1,77,0.1056,0.8347,1.71008
65536,delta_sample_publish_motion,1,78,0.1057,0.8444,1.601536
65536,delta_sample_publish_motion,1,79,0.1045,0.812,1.700864
65536,delta_sample_publish_motion,1,80,0.1056,0.8462,1.910784
65536,delta_sample_publish_motion,1,81,0.1054,0.8018,1.787904
65536,delta_sample_publish_motion,1,82,0.105,0.8339,1.599488
65536,delta_sample_publish_motion,1,83,0.105,0.8255,1.819648
65536,delta_sample_publish_motion,1,84,0.1053,0.8188,1.733632
65536,delta_sample_publish_motion,1,85,0.1053,0.8323,1.583104
65536,delta_sample_publish_motion,1,86,0.1057,0.807,1.692672
65536,delta_sample_publish_motion,1,87,0.106,0.8417,1.932288
65536,delta_sample_publish_motion,1,88,0.1065,0.7897,1.801216
65536,delta_sample_publish_motion,1,89,0.1056,0.8286,1.600512
65536,delta_sample_publish_motion,1,90,0.1057,1.1018,1.876992
65536,delta_sample_publish_motion,1,91,0.764,1.0295,1.723392
65536,delta_sample_publish_motion,1,92,0.1066,0.8263,1.584128
65536,delta_sample_publish_motion,1,93,0.1031,0.8473,1.686528
65536,delta_sample_publish_motion,1,94,0.1038,0.808,1.8944
65536,delta_sample_publish_motion,1,95,0.1036,0.8282,1.796096
65536,delta_sample_publish_motion,1,96,0.5998,0.83,1.594368
65536,delta_sample_publish_motion,1,97,0.4832,0.8552,1.857536
65536,delta_sample_publish_motion,1,98,0.6979,0.9647,1.75616
65536,delta_sample_publish_motion,1,99,0.7362,0.8783,1.581056
65536,delta_sample_publish_motion,1,100,0.1656,0.883,1.69984
65536,delta_sample_publish_motion,1,101,0.1144,0.8057,1.902592
65536,delta_sample_publish_motion,1,102,0.1121,0.8403,1.821696
65536,delta_sample_publish_motion,1,103,0.1524,0.8956,1.590272
65536,delta_sample_publish_motion,1,104,0.107,0.7957,1.779712
65536,delta_sample_publish_motion,1,105,0.1047,0.8222,1.711104
65536,delta_sample_publish_motion,1,106,0.1039,0.7859,1.586176
65536,delta_sample_publish_motion,1,107,0.104,0.798,1.66912
65536,delta_sample_publish_motion,1,108,0.1042,0.8064,1.910784
65536,delta_sample_publish_motion,1,109,0.1042,0.7833,1.80736
65536,delta_sample_publish_motion,1,110,0.1038,0.8024,1.590272
65536,delta_sample_publish_motion,1,111,0.1038,0.7883,1.795072
65536,delta_sample_publish_motion,1,112,0.1038,0.7864,1.739776
65536,delta_sample_publish_motion,1,113,0.104,0.7796,1.6128
65536,delta_sample_publish_motion,1,114,0.807,1.0084,1.665024
65536,delta_sample_publish_motion,1,115,0.1363,0.8361,1.876992
65536,delta_sample_publish_motion,1,116,0.1061,0.8082,1.790976
65536,delta_sample_publish_motion,1,117,0.1062,0.7253,1.581056
65536,delta_sample_publish_motion,1,118,0.1061,0.7278,1.588224
65536,delta_sample_publish_motion,1,119,0.7844,0.9177,1.686528
65536,delta_sample_publish_motion,2,0,0.1018,1.2545,1.311744
65536,delta_sample_publish_motion,2,1,0.101,1.2355,1.378304
65536,delta_sample_publish_motion,2,2,0.0993,1.2512,1.389568
65536,delta_sample_publish_motion,2,3,0.0988,1.2203,1.56672
65536,delta_sample_publish_motion,2,4,0.7873,1.0537,1.319936
65536,delta_sample_publish_motion,2,5,0.1006,1.2329,1.257472
65536,delta_sample_publish_motion,2,6,0.1007,1.2454,1.453056
65536,delta_sample_publish_motion,2,7,0.1009,1.2397,1.60768
65536,delta_sample_publish_motion,2,8,0.1008,1.2501,1.3824
65536,delta_sample_publish_motion,2,9,0.1014,1.2198,1.34656
65536,delta_sample_publish_motion,2,10,0.7877,1.2494,1.466368
65536,delta_sample_publish_motion,2,11,0.1217,1.2088,1.292288
65536,delta_sample_publish_motion,2,12,0.101,1.1674,1.29536
65536,delta_sample_publish_motion,2,13,0.102,1.1768,1.491968
65536,delta_sample_publish_motion,2,14,0.101,1.1882,1.57696
65536,delta_sample_publish_motion,2,15,0.101,1.1717,1.409024
65536,delta_sample_publish_motion,2,16,0.1014,1.1476,1.340416
65536,delta_sample_publish_motion,2,17,0.1014,1.1681,1.473536
65536,delta_sample_publish_motion,2,18,0.1013,1.141,1.333248
65536,delta_sample_publish_motion,2,19,0.1015,1.1599,1.384448
65536,delta_sample_publish_motion,2,20,0.8134,1.0781,1.43872
65536,delta_sample_publish_motion,2,21,0.1086,1.1838,1.563648
65536,delta_sample_publish_motion,2,22,0.1036,1.1518,1.439744
65536,delta_sample_publish_motion,2,23,0.1039,1.1336,1.350656
65536,delta_sample_publish_motion,2,24,0.1036,1.1234,1.496064
65536,delta_sample_publish_motion,2,25,0.1056,1.1681,1.318912
65536,delta_sample_publish_motion,2,26,0.2575,1.0398,1.37216
65536,delta_sample_publish_motion,2,27,0.6823,1.1328,1.275904
65536,delta_sample_publish_motion,2,28,0.7875,1.0624,1.404928
65536,delta_sample_publish_motion,2,29,0.5268,1.1922,1.240064
65536,delta_sample_publish_motion,2,30,0.1494,1.1037,1.354752
65536,delta_sample_publish_motion,2,31,0.3874,1.1015,1.422336
65536,delta_sample_publish_motion,2,32,0.4599,1.0767,1.219584
65536,delta_sample_publish_motion,2,33,0.5137,1.1003,1.150976
65536,delta_sample_publish_motion,2,34,0.4834,1.0823,1.307648
65536,delta_sample_publish_motion,2,35,0.4993,1.0961,1.588224
65536,delta_sample_publish_motion,2,36,0.105,1.1016,1.455104
65536,delta_sample_publish_motion,2,37,0.1044,1.0394,1.364992
65536,delta_sample_publish_motion,2,38,0.1042,1.0531,1.480704
65536,delta_sample_publish_motion,2,39,0.104,1.0429,1.369088
65536,delta_sample_publish_motion,2,40,0.1044,1.0561,1.316864
65536,delta_sample_publish_motion,2,41,0.1046,1.0479,1.603584
65536,delta_sample_publish_motion,2,42,0.1042,1.0516,1.609728
65536,delta_sample_publish_motion,2,43,0.1039,1.0341,1.498112
65536,delta_sample_publish_motion,2,44,0.1066,1.0478,1.471488
65536,delta_sample_publish_motion,2,45,0.1046,1.017,1.55648
65536,delta_sample_publish_motion,2,46,0.1113,1.0435,1.381376
65536,delta_sample_publish_motion,2,47,0.1037,1.0212,1.330176
65536,delta_sample_publish_motion,2,48,0.1039,0.996,1.478656
65536,delta_sample_publish_motion,2,49,0.1039,1.0038,1.610752
65536,delta_sample_publish_motion,2,50,0.1044,1.0177,1.452032
65536,delta_sample_publish_motion,2,51,0.5397,1.0474,1.4592
65536,delta_sample_publish_motion,2,52,0.448,1.0181,1.552384
65536,delta_sample_publish_motion,2,53,0.1028,0.9716,1.44384
65536,delta_sample_publish_motion,2,54,0.1022,0.9679,1.333248
65536,delta_sample_publish_motion,2,55,0.1022,0.9879,1.487872
65536,delta_sample_publish_motion,2,56,0.1026,0.9566,1.498112
65536,delta_sample_publish_motion,2,57,0.4544,0.9177,1.313792
65536,delta_sample_publish_motion,2,58,0.6662,0.924,1.262592
65536,delta_sample_publish_motion,2,59,0.598,0.9522,1.446912
65536,delta_sample_publish_motion,2,60,0.5995,0.9231,1.439744
65536,delta_sample_publish_motion,2,61,0.5009,0.9588,1.462272
65536,delta_sample_publish_motion,2,62,0.4633,0.933,1.531904
65536,delta_sample_publish_motion,2,63,0.2885,0.8731,1.724416
65536,delta_sample_publish_motion,2,64,0.1881,0.9115,1.569792
65536,delta_sample_publish_motion,2,65,0.4212,0.8991,1.358848
65536,delta_sample_publish_motion,2,66,0.5052,0.9161,1.44384
65536,delta_sample_publish_motion,2,67,0.5286,0.908,1.31584
65536,delta_sample_publish_motion,2,68,0.6148,0.9403,1.246208
65536,delta_sample_publish_motion,2,69,0.6288,0.9306,1.385472
65536,delta_sample_publish_motion,2,70,0.5603,0.9172,1.774592
65536,delta_sample_publish_motion,2,71,0.5925,0.8615,1.409024
65536,delta_sample_publish_motion,2,72,0.2515,0.8525,1.306624
65536,delta_sample_publish_motion,2,73,0.7199,1.0733,1.558528
65536,delta_sample_publish_motion,2,74,0.1063,0.9537,1.401856
65536,delta_sample_publish_motion,2,75,0.1043,0.8754,1.389568
65536,delta_sample_publish_motion,2,76,0.1048,0.8665,1.555456
65536,delta_sample_publish_motion,2,77,0.1049,0.8662,1.673216
65536,delta_sample_publish_motion,2,78,0.6728,1.0028,1.557504
65536,delta_sample_publish_motion,2,79,0.2157,0.9359,1.458176
65536,delta_sample_publish_motion,2,80,0.1029,0.8175,1.606656
65536,delta_sample_publish_motion,2,81,0.103,0.8329,1.451008
65536,delta_sample_publish_motion,2,82,0.1033,0.8254,1.368064
65536,delta_sample_publish_motion,2,83,0.1038,0.8151,1.639424
65536,delta_sample_publish_motion,2,84,0.8072,1.0056,1.750016
65536,delta_sample_publish_motion,2,85,0.1115,0.8988,1.502208
65536,delta_sample_publish_motion,2,86,0.104,0.8369,1.712128
65536,delta_sample_publish_motion,2,87,0.1036,0.8395,1.780736
65536,delta_sample_publish_motion,2,88,0.104,0.8535,1.734656
65536,delta_sample_publish_motion,2,89,0.1143,0.8125,1.586176
65536,delta_sample_publish_motion,2,90,0.1043,0.8379,1.709056
65536,delta_sample_publish_motion,2,91,0.104,0.8216,1.939456
65536,delta_sample_publish_motion,2,92,0.1038,0.8309,1.779712
65536,delta_sample_publish_motion,2,93,0.1034,0.8393,1.5872
65536,delta_sample_publish_motion,2,94,0.1041,0.8012,1.82272
65536,delta_sample_publish_motion,2,95,0.104,0.8427,1.722368
65536,delta_sample_publish_motion,2,96,0.1034,0.8016,1.584128
65536,delta_sample_publish_motion,2,97,0.1042,0.8104,1.72544
65536,delta_sample_publish_motion,2,98,0.1034,0.8184,1.994752
65536,delta_sample_publish_motion,2,99,0.1045,0.8074,1.820672
65536,delta_sample_publish_motion,2,100,0.1034,0.7897,1.586176
65536,delta_sample_publish_motion,2,101,0.1036,0.8362,1.782784
65536,delta_sample_publish_motion,2,102,0.1041,0.7888,1.718272
65536,delta_sample_publish_motion,2,103,0.1043,0.8044,1.58208
65536,delta_sample_publish_motion,2,104,0.1037,0.8077,1.670144
65536,delta_sample_publish_motion,2,105,0.1041,0.7881,2.046976
65536,delta_sample_publish_motion,2,106,0.1039,0.9424,1.779712
65536,delta_sample_publish_motion,2,107,0.375,1.0026,1.605632
65536,delta_sample_publish_motion,2,108,0.5397,0.9911,1.88928
65536,delta_sample_publish_motion,2,109,0.662,0.9585,1.78176
65536,delta_sample_publish_motion,2,110,0.5709,0.9402,1.596416
65536,delta_sample_publish_motion,2,111,0.6555,0.9274,1.676288
65536,delta_sample_publish_motion,2,112,0.17,0.8706,1.931264
65536,delta_sample_publish_motion,2,113,0.1039,0.7946,1.855488
65536,delta_sample_publish_motion,2,114,0.1027,0.7818,1.583104
65536,delta_sample_publish_motion,2,115,0.1028,0.7882,1.773568
65536,delta_sample_publish_motion,2,116,0.1034,0.7866,1.733632
65536,delta_sample_publish_motion,2,117,0.1025,0.7724,1.588224
65536,delta_sample_publish_motion,2,118,0.1024,0.7837,1.666048
65536,delta_sample_publish_motion,2,119,0.1029,0.771,1.88416
65536,delta_sample_publish_motion,3,0,0.0939,0.9597,1.588224
65536,delta_sample_publish_motion,3,1,0.0916,0.9635,1.680384
65536,delta_sample_publish_motion,3,2,0.092,0.96,1.572864
65536,delta_sample_publish_motion,3,3,0.0918,0.9722,1.581056
65536,delta_sample_publish_motion,3,4,0.0916,0.9493,1.629184
65536,delta_sample_publish_motion,3,5,0.091,0.9616,1.77152
65536,delta_sample_publish_motion,3,6,0.0913,0.9624,1.5872
65536,delta_sample_publish_motion,3,7,0.0926,0.9485,1.588224
65536,delta_sample_publish_motion,3,8,0.0914,0.9486,1.681408
65536,delta_sample_publish_motion,3,9,0.0912,0.969,1.586176
65536,delta_sample_publish_motion,3,10,0.0909,0.9589,1.60256
65536,delta_sample_publish_motion,3,11,0.7944,1.3322,1.818624
65536,delta_sample_publish_motion,3,12,0.8081,1.2605,1.808384
65536,delta_sample_publish_motion,3,13,0.1089,1.2552,1.583104
65536,delta_sample_publish_motion,3,14,0.1053,1.2523,1.728512
65536,delta_sample_publish_motion,3,15,0.1023,1.2397,1.719296
65536,delta_sample_publish_motion,3,16,0.8014,1.0262,1.583104
65536,delta_sample_publish_motion,3,17,0.098,1.2343,1.622016
65536,delta_sample_publish_motion,3,18,0.0979,1.2533,1.759232
65536,delta_sample_publish_motion,3,19,0.0981,1.2899,1.787904
65536,delta_sample_publish_motion,3,20,0.0998,1.2374,1.608704
65536,delta_sample_publish_motion,3,21,0.0998,1.2469,1.86368
65536,delta_sample_publish_motion,3,22,0.1002,1.2436,1.712128
65536,delta_sample_publish_motion,3,23,0.1004,1.251,1.58208
65536,delta_sample_publish_motion,3,24,0.1017,1.2066,1.5872
65536,delta_sample_publish_motion,3,25,0.1011,1.2516,1.92
65536,delta_sample_publish_motion,3,26,0.102,1.2215,1.801216
65536,delta_sample_publish_motion,3,27,0.1022,1.1951,1.586176
65536,delta_sample_publish_motion,3,28,0.1022,1.216,1.785856
65536,delta_sample_publish_motion,3,29,0.1024,1.1824,1.717248
65536,delta_sample_publish_motion,3,30,0.1023,1.1806,1.610752
65536,delta_sample_publish_motion,3,31,0.103,1.1152,1.591296
65536,delta_sample_publish_motion,3,32,0.5585,1.2251,1.798144
65536,delta_sample_publish_motion,3,33,0.1036,1.2005,1.782784
65536,delta_sample_publish_motion,3,34,0.1043,1.1732,3.80416
65536,delta_sample_publish_motion,3,35,0.1043,1.1545,1.728512
65536,delta_sample_publish_motion,3,36,0.1042,1.159,1.716224
65536,delta_sample_publish_motion,3,37,0.1044,1.1418,1.590272
65536,delta_sample_publish_motion,3,38,0.1045,1.1515,1.63328
65536,delta_sample_publish_motion,3,39,0.1045,1.137,1.893376
65536,delta_sample_publish_motion,3,40,0.1049,1.1189,1.821696
65536,delta_sample_publish_motion,3,41,0.1049,1.138,1.589248
65536,delta_sample_publish_motion,3,42,0.3312,1.1085,1.671168
65536,delta_sample_publish_motion,3,43,0.535,1.0045,1.805312
65536,delta_sample_publish_motion,3,44,0.6522,1.1096,1.604608
65536,delta_sample_publish_motion,3,45,0.4991,1.1665,1.68448
65536,delta_sample_publish_motion,3,46,0.1051,1.1315,1.828864
65536,delta_sample_publish_motion,3,47,0.1051,1.0931,1.800192
65536,delta_sample_publish_motion,3,48,0.1051,1.0729,1.586176
65536,delta_sample_publish_motion,3,49,0.1051,1.0895,1.985536
65536,delta_sample_publish_motion,3,50,0.7539,1.1362,1.732608
65536,delta_sample_publish_motion,3,51,0.1058,1.1059,1.583104
65536,delta_sample_publish_motion,3,52,0.1032,1.0451,1.625088
65536,delta_sample_publish_motion,3,53,0.1036,1.046,1.819648
65536,delta_sample_publish_motion,3,54,0.1033,1.0863,1.787904
65536,delta_sample_publish_motion,3,55,0.1037,1.0421,1.588224
65536,delta_sample_publish_motion,3,56,0.1038,1.0285,1.779712
65536,delta_sample_publish_motion,3,57,0.1032,1.024,1.717248
65536,delta_sample_publish_motion,3,58,0.1029,1.0221,1.585152
65536,delta_sample_publish_motion,3,59,0.1037,1.0114,1.605632
65536,delta_sample_publish_motion,3,60,0.7942,1.1254,1.902592
65536,delta_sample_publish_motion,3,61,0.1056,1.0274,1.793024
65536,delta_sample_publish_motion,3,62,0.1055,1.0293,1.5872
65536,delta_sample_publish_motion,3,63,0.1057,0.9957,1.750016
65536,delta_sample_publish_motion,3,64,0.1055,1.0592,1.728512
65536,delta_sample_publish_motion,3,65,0.1715,1.0141,1.586176
65536,delta_sample_publish_motion,3,66,0.2105,1.0582,1.619968
65536,delta_sample_publish_motion,3,67,0.2358,1.0728,1.854464
65536,delta_sample_publish_motion,3,68,0.2929,1.0638,1.814528
65536,delta_sample_publish_motion,3,69,0.4799,0.978,1.613824
65536,delta_sample_publish_motion,3,70,0.6413,0.9523,1.626112
65536,delta_sample_publish_motion,3,71,0.7322,0.9149,1.739776
65536,delta_sample_publish_motion,3,72,0.6773,0.9273,1.60256
65536,delta_sample_publish_motion,3,73,0.7522,0.9784,1.609728
65536,delta_sample_publish_motion,3,74,0.6917,0.9404,1.826816
65536,delta_sample_publish_motion,3,75,0.6389,0.9675,1.84832
65536,delta_sample_publish_motion,3,76,0.5733,0.9832,1.608704
65536,delta_sample_publish_motion,3,77,0.7397,0.9694,1.888256
65536,delta_sample_publish_motion,3,78,0.7297,1.2253,1.742848
65536,delta_sample_publish_motion,3,79,0.1598,0.9956,1.585152
65536,delta_sample_publish_motion,3,80,0.1058,0.8926,1.672192
65536,delta_sample_publish_motion,3,81,0.105,0.905,1.882112
65536,delta_sample_publish_motion,3,82,0.1047,0.8792,1.8176
65536,delta_sample_publish_motion,3,83,1.0143,1.2199,1.606656
65536,delta_sample_publish_motion,3,84,0.1959,0.955,1.870848
65536,delta_sample_publish_motion,3,85,0.106,0.9179,1.736704
65536,delta_sample_publish_motion,3,86,0.1031,0.839,1.58208
65536,delta_sample_publish_motion,3,87,0.1028,0.8518,1.711104
65536,delta_sample_publish_motion,3,88,0.1036,0.8547,1.896448
65536,delta_sample_publish_motion,3,89,0.1038,0.848,1.796096
65536,delta_sample_publish_motion,3,90,0.1031,0.8393,1.626112
65536,delta_sample_publish_motion,3,91,0.7994,1.0134,1.833984
65536,delta_sample_publish_motion,3,92,0.1072,0.9294,1.714176
65536,delta_sample_publish_motion,3,93,0.1061,0.8322,1.598464
65536,delta_sample_publish_motion,3,94,0.106,0.8671,1.753088
65536,delta_sample_publish_motion,3,95,0.1057,0.7834,1.8944
65536,delta_sample_publish_motion,3,96,0.1053,0.877,1.828864
65536,delta_sample_publish_motion,3,97,0.1062,0.8077,1.601536
65536,delta_sample_publish_motion,3,98,0.1057,0.9167,1.726464
65536,delta_sample_publish_motion,3,99,0.8103,1.1061,1.72032
65536,delta_sample_publish_motion,3,100,0.1798,0.9416,1.58208
65536,delta_sample_publish_motion,3,101,0.1057,0.8422,1.718272
65536,delta_sample_publish_motion,3,102,0.1036,0.8158,1.90464
65536,delta_sample_publish_motion,3,103,0.1026,0.8044,1.913856
65536,delta_sample_publish_motion,3,104,0.7816,1.1501,1.721344
65536,delta_sample_publish_motion,3,105,0.1118,0.8976,1.923072
65536,delta_sample_publish_motion,3,106,0.1061,0.8357,1.719296
65536,delta_sample_publish_motion,3,107,0.1053,0.8203,1.584128
65536,delta_sample_publish_motion,3,108,0.1056,0.8344,1.803264
65536,delta_sample_publish_motion,3,109,0.1055,0.8254,1.88928
65536,delta_sample_publish_motion,3,110,0.1059,0.8336,1.798144
65536,delta_sample_publish_motion,3,111,0.1048,0.8055,1.586176
65536,delta_sample_publish_motion,3,112,0.1054,0.8006,1.81248
65536,delta_sample_publish_motion,3,113,0.1057,0.8135,1.721344
65536,delta_sample_publish_motion,3,114,0.1135,0.84,1.598464
65536,delta_sample_publish_motion,3,115,0.1041,0.7914,1.687552
65536,delta_sample_publish_motion,3,116,0.1045,0.813,1.892352
65536,delta_sample_publish_motion,3,117,0.1046,0.7905,1.79712
65536,delta_sample_publish_motion,3,118,0.1043,0.8084,1.5872
65536,delta_sample_publish_motion,3,119,0.1057,0.7867,1.893376
131072,sample_publish_motion,1,0,0.2064,0.0031,0.357376
131072,sample_publish_motion,1,1,0.208,0.0022,0.3584
131072,sample_publish_motion,1,2,0.2039,0.0028,0.349184
131072,sample_publish_motion,1,3,0.213,0.0023,0.359424
131072,sample_publish_motion,1,4,0.2055,0.003,0.36864
131072,sample_publish_motion,1,5,0.2262,0.0025,0.34304
131072,sample_publish_motion,1,6,0.2132,0.0023,0.359424
131072,sample_publish_motion,1,7,0.2247,0.0027,0.360448
131072,sample_publish_motion,1,8,0.2297,0.0022,0.371712
131072,sample_publish_motion,1,9,0.2102,0.0027,0.38912
131072,sample_publish_motion,1,10,0.2096,0.0025,0.366592
131072,sample_publish_motion,1,11,0.2074,0.0028,0.38912
131072,sample_publish_motion,1,12,0.2111,0.0085,0.36864
131072,sample_publish_motion,1,13,1.5914,0.0027,0.392192
131072,sample_publish_motion,1,14,1.1452,0.0025,0.376832
131072,sample_publish_motion,1,15,0.3615,0.0083,0.395264
131072,sample_publish_motion,1,16,1.7612,0.0028,0.362496
131072,sample_publish_motion,1,17,1.5817,0.0035,0.398336
131072,sample_publish_motion,1,18,0.5319,0.0028,0.37888
131072,sample_publish_motion,1,19,0.4986,0.0027,0.396288
131072,sample_publish_motion,1,20,1.8267,0.0025,0.387072
131072,sample_publish_motion,1,21,0.2239,0.0053,0.362496
131072,sample_publish_motion,1,22,1.6946,0.003,0.367616
131072,sample_publish_motion,1,23,0.2201,0.0059,0.364544
131072,sample_publish_motion,1,24,1.6019,0.0028,0.376832
131072,sample_publish_motion,1,25,0.2246,0.0028,0.395264
131072,sample_publish_motion,1,26,0.2193,0.0052,0.362496
131072,sample_publish_motion,1,27,1.5676,0.0029,0.38912
131072,sample_publish_motion,1,28,1.6283,0.0036,0.362496
131072,sample_publish_motion,1,29,1.4742,0.0028,0.388096
131072,sample_publish_motion,1,30,0.7198,0.0028,0.37376
131072,sample_publish_motion,1,31,0.8136,0.0028,0.396288
131072,sample_publish_motion,1,32,0.741,0.0028,0.388096
131072,sample_publish_motion,1,33,0.413,0.0029,0.377856
131072,sample_publish_motion,1,34,0.4367,0.0048,0.387072
131072,sample_publish_motion,1,35,0.408,0.0032,0.364544
131072,sample_publish_motion,1,36,1.5972,0.0028,0.38912
131072,sample_publish_motion,1,37,0.2459,0.0033,0.387072
131072,sample_publish_motion,1,38,1.7536,0.0025,0.376832
131072,sample_publish_motion,1,39,0.2944,0.0027,0.386048
131072,sample_publish_motion,1,40,0.219,0.0029,0.361472
131072,sample_publish_motion,1,41,0.2157,0.003,0.402432
131072,sample_publish_motion,1,42,1.6461,0.0027,0.364544
131072,sample_publish_motion,1,43,1.3353,0.0051,0.38912
131072,sample_publish_motion,1,44,1.3871,0.0028,0.362496
131072,sample_publish_motion,1,45,1.3217,0.0027,0.39936
131072,sample_publish_motion,1,46,1.281,0.0026,0.375808
131072,sample_publish_motion,1,47,0.382,0.003,0.365568
131072,sample_publish_motion,1,48,2.1469,0.0028,0.380928
131072,sample_publish_motion,1,49,0.5476,0.0028,0.3584
131072,sample_publish_motion,1,50,1.5559,0.0026,0.380928
131072,sample_publish_motion,1,51,0.245,0.0025,0.393216
131072,sample_publish_motion,1,52,1.6493,0.0027,0.387072
131072,sample_publish_motion,1,53,0.4179,0.0027,0.377856
131072,sample_publish_motion,1,54,0.2302,0.0031,0.356352
131072,sample_publish_motion,1,55,0.2248,0.0029,0.365568
131072,sample_publish_motion,1,56,0.231,0.0029,0.34816
131072,sample_publish_motion,1,57,0.2225,0.0033,0.36352
131072,sample_publish_motion,1,58,0.2186,0.0028,0.34816
131072,sample_publish_motion,1,59,0.2266,0.0027,0.36864
131072,sample_publish_motion,1,60,0.2144,0.0025,0.364544
131072,sample_publish_motion,1,61,0.2114,0.0035,0.359424
131072,sample_publish_motion,1,62,0.2934,0.0029,0.355328
131072,sample_publish_motion,1,63,0.2637,0.0025,0.340992
131072,sample_publish_motion,1,64,0.2448,0.0026,0.366592
131072,sample_publish_motion,1,65,0.2375,0.0026,0.36864
131072,sample_publish_motion,1,66,0.224,0.0025,0.367616
131072,sample_publish_motion,1,67,0.227,0.0027,0.36864
131072,sample_publish_motion,1,68,0.2229,0.0024,0.347136
131072,sample_publish_motion,1,69,0.216,0.0023,0.36352
131072,sample_publish_motion,1,70,0.2115,0.0025,0.339968
131072,sample_publish_motion,1,71,0.2099,0.0023,0.360448
131072,sample_publish_motion,1,72,0.2085,0.0026,0.345088
131072,sample_publish_motion,1,73,0.2126,0.0033,0.36352
131072,sample_publish_motion,1,74,0.2498,0.0026,0.374784
131072,sample_publish_motion,1,75,0.2779,0.0034,0.349184
131072,sample_publish_motion,1,76,0.2339,0.0026,0.350208
131072,sample_publish_motion,1,77,0.2495,0.0025,0.346112
131072,sample_publish_motion,1,78,0.2231,0.0025,0.334848
131072,sample_publish_motion,1,79,0.2102,0.0023,0.346112
131072,sample_publish_motion,1,80,0.2071,0.0025,0.349184
131072,sample_publish_motion,1,81,0.2049,0.0024,0.345088
131072,sample_publish_motion,1,82,0.2,0.0023,0.339968
131072,sample_publish_motion,1,83,0.2021,0.0023,0.340992
131072,sample_publish_motion,1,84,0.2058,0.0023,0.338944
131072,sample_publish_motion,1,85,0.2016,0.0023,0.349184
131072,sample_publish_motion,1,86,0.1997,0.0024,0.342016
131072,sample_publish_motion,1,87,0.198,0.0024,0.356352
131072,sample_publish_motion,1,88,0.2046,0.0025,0.338944
131072,sample_publish_motion,1,89,0.1986,0.0025,0.346112
131072,sample_publish_motion,1,90,0.1985,0.0028,0.356352
131072,sample_publish_motion,1,91,0.2052,0.0027,0.33792
131072,sample_publish_motion,1,92,0.1985,0.0022,0.338944
131072,sample_publish_motion,1,93,0.2,0.0022,0.356352
131072,sample_publish_motion,1,94,0.2186,0.0023,0.339968
131072,sample_publish_motion,1,95,0.211,0.0024,0.34304
131072,sample_publish_motion,1,96,0.2021,0.0022,0.347136
131072,sample_publish_motion,1,97,0.198,0.0025,0.351232
131072,sample_publish_motion,1,98,0.2028,0.0023,0.349184
131072,sample_publish_motion,1,99,0.1972,0.0022,0.344064
131072,sample_publish_motion,1,100,0.1957,0.0026,0.355328
131072,sample_publish_motion,1,101,0.2005,0.0022,0.34304
131072,sample_publish_motion,1,102,0.2005,0.0024,0.342016
131072,sample_publish_motion,1,103,0.1997,0.0023,0.34304
131072,sample_publish_motion,1,104,0.1982,0.0023,0.350208
131072,sample_publish_motion,1,105,0.1974,0.0021,0.344064
131072,sample_publish_motion,1,106,0.1965,0.0021,0.336896
131072,sample_publish_motion,1,107,0.1965,0.0021,0.364544
131072,sample_publish_motion,1,108,0.1985,0.0023,0.344064
131072,sample_publish_motion,1,109,0.1964,0.0023,0.352256
131072,sample_publish_motion,1,110,0.2033,0.003,0.366592
131072,sample_publish_motion,1,111,0.197,0.0026,0.347136
131072,sample_publish_motion,1,112,0.2026,0.0024,0.34816
131072,sample_publish_motion,1,113,0.2009,0.0026,0.339968
131072,sample_publish_motion,1,114,0.2003,0.0025,0.355328
131072,sample_publish_motion,1,115,0.2036,0.0023,0.344064
131072,sample_publish_motion,1,116,0.2002,0.0024,0.34816
131072,sample_publish_motion,1,117,0.1976,0.0025,0.344064
131072,sample_publish_motion,1,118,0.2085,0.0024,0.335872
131072,sample_publish_motion,1,119,0.2032,0.0025,0.345088
131072,sample_publish_motion,2,0,0.2321,0.0029,0.371712
131072,sample_publish_motion,2,1,0.2402,0.0027,0.380928
131072,sample_publish_motion,2,2,0.2638,0.0026,0.374784
131072,sample_publish_motion,2,3,0.2365,0.0028,0.374784
131072,sample_publish_motion,2,4,0.245,0.0023,0.388096
131072,sample_publish_motion,2,5,0.2338,0.0026,0.376832
131072,sample_publish_motion,2,6,0.2305,0.0026,0.393216
131072,sample_publish_motion,2,7,0.2343,0.0026,0.380928
131072,sample_publish_motion,2,8,0.2317,0.0026,0.377856
131072,sample_publish_motion,2,9,0.2387,0.0031,0.39424
131072,sample_publish_motion,2,10,0.3033,0.0026,0.376832
131072,sample_publish_motion,2,11,0.2234,0.0027,0.376832
131072,sample_publish_motion,2,12,0.2251,0.0034,0.392192
131072,sample_publish_motion,2,13,0.2569,0.0027,0.37376
131072,sample_publish_motion,2,14,0.2289,0.0027,0.376832
131072,sample_publish_motion,2,15,0.2397,0.0024,0.390144
131072,sample_publish_motion,2,16,0.2366,0.0025,0.375808
131072,sample_publish_motion,2,17,0.2295,0.0027,0.39424
131072,sample_publish_motion,2,18,0.2311,0.0024,0.37376
131072,sample_publish_motion,2,19,0.2347,0.0025,0.375808
131072,sample_publish_motion,2,20,0.2296,0.0026,0.39936
131072,sample_publish_motion,2,21,0.2315,0.0025,0.375808
131072,sample_publish_motion,2,22,0.2341,0.0025,0.374784
131072,sample_publish_motion,2,23,0.2286,0.0028,0.398336
131072,sample_publish_motion,2,24,0.2318,0.0024,0.37376
131072,sample_publish_motion,2,25,0.2253,0.0089,0.36352
131072,sample_publish_motion,2,26,1.5474,0.0037,0.371712
131072,sample_publish_motion,2,27,0.2733,0.0023,0.364544
131072,sample_publish_motion,2,28,0.2135,0.0024,0.376832
131072,sample_publish_motion,2,29,0.2126,0.0031,0.364544
131072,sample_publish_motion,2,30,0.2079,0.0023,0.359424
131072,sample_publish_motion,2,31,0.2058,0.0025,0.36864
131072,sample_publish_motion,2,32,0.2147,0.0022,0.36352
131072,sample_publish_motion,2,33,0.2064,0.0024,0.357376
131072,sample_publish_motion,2,34,0.2054,0.0034,0.381952
131072,sample_publish_motion,2,35,0.2572,0.0032,0.364544
131072,sample_publish_motion,2,36,0.2387,0.0025,0.372736
131072,sample_publish_motion,2,37,0.229,0.0025,0.36864
131072,sample_publish_motion,2,38,0.2173,0.0022,0.3584
131072,sample_publish_motion,2,39,0.2092,0.0026,0.370688
131072,sample_publish_motion,2,40,0.2088,0.0022,0.366592
131072,sample_publish_motion,2,41,0.205,0.0027,0.37376
131072,sample_publish_motion,2,42,0.2884,0.0022,0.36864
131072,sample_publish_motion,2,43,0.206,0.0022,0.375808
131072,sample_publish_motion,2,44,0.2842,0.0032,0.369664
131072,sample_publish_motion,2,45,0.2587,0.0022,0.370688
131072,sample_publish_motion,2,46,0.1962,0.0022,0.3584
131072,sample_publish_motion,2,47,0.1982,0.0028,0.3584
131072,sample_publish_motion,2,48,0.1975,0.0022,0.372736
131072,sample_publish_motion,2,49,0.1982,0.0021,0.355328
131072,sample_publish_motion,2,50,0.1965,0.0029,0.367616
131072,sample_publish_motion,2,51,0.2814,0.0021,0.366592
131072,sample_publish_motion,2,52,0.1981,0.0021,0.36352
131072,sample_publish_motion,2,53,0.1967,0.003,0.367616
131072,sample_publish_motion,2,54,0.1938,0.0033,0.39424
131072,sample_publish_motion,2,55,0.3088,0.0041,0.36864
131072,sample_publish_motion,2,56,0.2903,0.0032,0.379904
131072,sample_publish_motion,2,57,0.2801,0.0045,0.393216
131072,sample_publish_motion,2,58,0.3093,0.0036,0.372736
131072,sample_publish_motion,2,59,0.2943,0.003,0.369664
131072,sample_publish_motion,2,60,0.2705,0.0025,0.380928
131072,sample_publish_motion,2,61,0.259,0.0031,0.370688
131072,sample_publish_motion,2,62,0.2476,0.0028,0.380928
131072,sample_publish_motion,2,63,0.2682,0.0036,0.37888
131072,sample_publish_motion,2,64,0.2542,0.0027,0.370688
131072,sample_publish_motion,2,65,0.2471,0.0029,0.382976
131072,sample_publish_motion,2,66,0.2347,0.0031,0.372736
131072,sample_publish_motion,2,67,0.2397,0.0029,0.379904
131072,sample_publish_motion,2,68,0.2301,0.0033,0.382976
131072,sample_publish_motion,2,69,0.2509,0.0023,0.382976
131072,sample_publish_motion,2,70,0.2477,0.0022,0.37376
131072,sample_publish_motion,2,71,0.2484,0.0022,0.37888
131072,sample_publish_motion,2,72,0.234,0.0022,0.369664
131072,sample_publish_motion,2,73,0.3112,0.0026,0.374784
131072,sample_publish_motion,2,74,0.2188,0.0023,0.381952
131072,sample_publish_motion,2,75,0.2183,0.0026,0.370688
131072,sample_publish_motion,2,76,0.2292,0.0054,0.365568
131072,sample_publish_motion,2,77,0.3792,0.0028,0.364544
131072,sample_publish_motion,2,78,0.2687,0.0028,0.375808
131072,sample_publish_motion,2,79,0.2509,0.0028,0.376832
131072,sample_publish_motion,2,80,0.262,0.0028,0.377856
131072,sample_publish_motion,2,81,0.2561,0.003,0.371712
131072,sample_publish_motion,2,82,0.2486,0.0025,0.382976
131072,sample_publish_motion,2,83,0.2355,0.0029,0.370688
131072,sample_publish_motion,2,84,0.2422,0.0037,0.4096
131072,sample_publish_motion,2,85,0.3012,0.0035,0.38912
131072,sample_publish_motion,2,86,0.2924,0.0033,0.380928
131072,sample_publish_motion,2,87,0.2944,0.0042,0.38912
131072,sample_publish_motion,2,88,0.2786,0.0048,0.412672
131072,sample_publish_motion,2,89,1.6546,0.0079,0.376832
131072,sample_publish_motion,2,90,1.5086,0.0049,0.364544
131072,sample_publish_motion,2,91,0.382,0.0031,0.365568
131072,sample_publish_motion,2,92,0.2119,0.0026,0.371712
131072,sample_publish_motion,2,93,0.211,0.0022,0.364544
131072,sample_publish_motion,2,94,0.2003,0.0022,0.359424
131072,sample_publish_motion,2,95,0.2009,0.0031,0.388096
131072,sample_publish_motion,2,96,0.1993,0.0023,0.356352
131072,sample_publish_motion,2,97,0.1992,0.0031,0.375808
131072,sample_publish_motion,2,98,0.1976,0.0022,0.369664
131072,sample_publish_motion,2,99,0.2857,0.0029,0.391168
131072,sample_publish_motion,2,100,0.2835,0.0029,0.376832
131072,sample_publish_motion,2,101,0.2414,0.0029,0.36352
131072,sample_publish_motion,2,102,0.1958,0.0023,0.370688
131072,sample_publish_motion,2,103,0.1999,0.0021,0.357376
131072,sample_publish_motion,2,104,0.1979,0.0022,0.388096
131072,sample_publish_motion,2,105,0.2373,0.0022,0.365568
131072,sample_publish_motion,2,106,0.2032,0.0028,0.36352
131072,sample_publish_motion,2,107,0.2855,0.0025,0.367616
131072,sample_publish_motion,2,108,0.2885,0.0021,0.3584
131072,sample_publish_motion,2,109,0.2006,0.0025,0.374784
131072,sample_publish_motion,2,110,0.2867,0.0022,0.360448
131072,sample_publish_motion,2,111,0.207,0.0023,0.385024
131072,sample_publish_motion,2,112,0.2834,0.0022,0.367616
131072,sample_publish_motion,2,113,0.2005,0.0021,0.367616
131072,sample_publish_motion,2,114,0.2826,0.0022,0.365568
131072,sample_publish_motion,2,115,0.1995,0.002,0.355328
131072,sample_publish_motion,2,116,0.2,0.0022,0.37888
131072,sample_publish_motion,2,117,0.1995,0.002,0.36864
131072,sample_publish_motion,2,118,0.1988,0.0022,0.361472
131072,sample_publish_motion,2,119,0.1954,0.0024,0.367616
131072,sample_publish_motion,3,0,0.2607,0.0036,0.333824
131072,sample_publish_motion,3,1,0.2289,0.0029,0.351232
131072,sample_publish_motion,3,2,0.2019,0.0022,0.345088
131072,sample_publish_motion,3,3,0.1985,0.0023,0.338944
131072,sample_publish_motion,3,4,0.2015,0.0025,0.350208
131072,sample_publish_motion,3,5,0.2053,0.0021,0.345088
131072,sample_publish_motion,3,6,0.1994,0.0022,0.342016
131072,sample_publish_motion,3,7,0.2008,0.003,0.346112
131072,sample_publish_motion,3,8,0.195,0.0026,0.359424
131072,sample_publish_motion,3,9,0.2063,0.0023,0.340992
131072,sample_publish_motion,3,10,0.1986,0.0024,0.354304
131072,sample_publish_motion,3,11,0.1999,0.0023,0.342016
131072,sample_publish_motion,3,12,0.203,0.0042,0.349184
131072,sample_publish_motion,3,13,1.6211,0.0048,0.359424
131072,sample_publish_motion,3,14,0.2855,0.0034,0.355328
131072,sample_publish_motion,3,15,0.2585,0.0039,0.371712
131072,sample_publish_motion,3,16,0.2709,0.0035,0.362496
131072,sample_publish_motion,3,17,0.2607,0.0029,0.3584
131072,sample_publish_motion,3,18,0.266,0.003,0.377856
131072,sample_publish_motion,3,19,0.2737,0.003,0.360448
131072,sample_publish_motion,3,20,0.2761,0.003,0.361472
131072,sample_publish_motion,3,21,0.2685,0.0031,0.387072
131072,sample_publish_motion,3,22,0.2813,0.0031,0.361472
131072,sample_publish_motion,3,23,0.2501,0.003,0.37376
131072,sample_publish_motion,3,24,0.2353,0.0033,0.381952
131072,sample_publish_motion,3,25,0.2323,0.003,0.372736
131072,sample_publish_motion,3,26,0.2281,0.0027,0.372736
131072,sample_publish_motion,3,27,0.2318,0.0028,0.380928
131072,sample_publish_motion,3,28,0.2299,0.003,0.376832
131072,sample_publish_motion,3,29,0.2301,0.0031,0.375808
131072,sample_publish_motion,3,30,0.2298,0.003,0.374784
131072,sample_publish_motion,3,31,0.2302,0.0029,0.375808
131072,sample_publish_motion,3,32,0.2259,0.0026,0.357376
131072,sample_publish_motion,3,33,0.2273,0.0028,0.37376
131072,sample_publish_motion,3,34,0.2302,0.0024,0.3584
131072,sample_publish_motion,3,35,0.2343,0.0025,0.3584
131072,sample_publish_motion,3,36,0.2287,0.0027,0.37888
131072,sample_publish_motion,3,37,0.2305,0.0025,0.361472
131072,sample_publish_motion,3,38,0.2298,0.0024,0.3584
131072,sample_publish_motion,3,39,0.2284,0.0024,0.3584
131072,sample_publish_motion,3,40,0.2421,0.0028,0.382976
131072,sample_publish_motion,3,41,0.2285,0.0024,0.361472
131072,sample_publish_motion,3,42,0.2555,0.0026,0.36352
131072,sample_publish_motion,3,43,0.2268,0.0028,0.371712
131072,sample_publish_motion,3,44,0.2436,0.0027,0.359424
131072,sample_publish_motion,3,45,0.2335,0.0024,0.357376
131072,sample_publish_motion,3,46,0.2308,0.003,0.376832
131072,sample_publish_motion,3,47,0.2337,0.003,0.359424
131072,sample_publish_motion,3,48,0.2347,0.003,0.376832
131072,sample_publish_motion,3,49,0.2351,0.0028,0.375808
131072,sample_publish_motion,3,50,0.2318,0.0029,0.372736
131072,sample_publish_motion,3,51,0.2276,0.0026,0.361472
131072,sample_publish_motion,3,52,0.2268,0.0028,0.379904
131072,sample_publish_motion,3,53,0.237,0.0027,0.3584
131072,sample_publish_motion,3,54,0.2373,0.0028,0.34816
131072,sample_publish_motion,3,55,0.2334,0.0024,0.356352
131072,sample_publish_motion,3,56,0.2422,0.0027,0.371712
131072,sample_publish_motion,3,57,0.2774,0.0025,0.357376
131072,sample_publish_motion,3,58,0.2274,0.0025,0.357376
131072,sample_publish_motion,3,59,0.2269,0.0027,0.379904
131072,sample_publish_motion,3,60,0.2415,0.0026,0.360448
131072,sample_publish_motion,3,61,0.2342,0.0025,0.361472
131072,sample_publish_motion,3,62,0.2582,0.0028,0.35328
131072,sample_publish_motion,3,63,0.2455,0.0037,0.351232
131072,sample_publish_motion,3,64,0.2805,0.0027,0.380928
131072,sample_publish_motion,3,65,0.2484,0.0027,0.357376
131072,sample_publish_motion,3,66,0.2377,0.0029,0.359424
131072,sample_publish_motion,3,67,0.2329,0.0025,0.356352
131072,sample_publish_motion,3,68,0.2295,0.0028,0.380928
131072,sample_publish_motion,3,69,0.2338,0.0028,0.359424
131072,sample_publish_motion,3,70,0.2283,0.0031,0.407552
131072,sample_publish_motion,3,71,0.2414,0.0029,0.372736
131072,sample_publish_motion,3,72,0.2265,0.0027,0.362496
131072,sample_publish_motion,3,73,0.2269,0.0029,0.3584
131072,sample_publish_motion,3,74,0.227,0.0028,0.374784
131072,sample_publish_motion,3,75,0.235,0.0025,0.365568
131072,sample_publish_motion,3,76,0.2227,0.0024,0.379904
131072,sample_publish_motion,3,77,0.2208,0.0023,0.357376
131072,sample_publish_motion,3,78,1.6571,0.0026,0.375808
131072,sample_publish_motion,3,79,1.5671,0.0022,0.359424
131072,sample_publish_motion,3,80,0.2433,0.0046,0.359424
131072,sample_publish_motion,3,81,0.318,0.0036,0.35328
131072,sample_publish_motion,3,82,0.6166,0.0024,0.36352
131072,sample_publish_motion,3,83,0.2114,0.0025,0.361472
131072,sample_publish_motion,3,84,0.2177,0.0024,0.375808
131072,sample_publish_motion,3,85,0.21,0.0024,0.362496
131072,sample_publish_motion,3,86,0.232,0.0025,0.360448
131072,sample_publish_motion,3,87,0.2156,0.0028,0.366592
131072,sample_publish_motion,3,88,1.5223,0.0029,0.364544
131072,sample_publish_motion,3,89,1.686,0.0026,0.349184
131072,sample_publish_motion,3,90,0.2284,0.0027,0.372736
131072,sample_publish_motion,3,91,0.3841,0.003,2.429952
131072,sample_publish_motion,3,92,1.435,0.0025,0.372736
131072,sample_publish_motion,3,93,1.6042,0.0022,0.359424
131072,sample_publish_motion,3,94,0.2354,0.0023,0.386048
131072,sample_publish_motion,3,95,0.2602,0.0024,0.360448
131072,sample_publish_motion,3,96,0.2276,0.0025,0.349184
131072,sample_publish_motion,3,97,0.2101,0.0023,0.357376
131072,sample_publish_motion,3,98,0.2224,0.0023,0.374784
131072,sample_publish_motion,3,99,0.3148,0.0023,0.355328
131072,sample_publish_motion,3,100,0.2159,0.0023,0.356352
131072,sample_publish_motion,3,101,0.2198,0.0029,0.370688
131072,sample_publish_motion,3,102,0.4446,0.0023,0.3584
131072,sample_publish_motion,3,103,0.2387,0.0025,0.352256
131072,sample_publish_motion,3,104,0.235,0.0024,0.37376
131072,sample_publish_motion,3,105,0.23,0.0023,0.355328
131072,sample_publish_motion,3,106,0.2205,0.0022,0.356352
131072,sample_publish_motion,3,107,1.6954,0.0027,0.372736
131072,sample_publish_motion,3,108,1.281,0.0028,0.361472
131072,sample_publish_motion,3,109,1.2844,0.0032,0.384
131072,sample_publish_motion,3,110,0.8452,0.0026,0.360448
131072,sample_publish_motion,3,111,1.0911,0.0026,0.355328
131072,sample_publish_motion,3,112,1.2625,0.0027,0.375808
131072,sample_publish_motion,3,113,0.956,0.0034,0.386048
131072,sample_publish_motion,3,114,1.0482,0.0023,0.366592
131072,sample_publish_motion,3,115,0.2421,0.0025,0.362496
131072,sample_publish_motion,3,116,0.2357,0.0036,0.37376
131072,sample_publish_motion,3,117,0.6486,0.0037,0.357376
131072,sample_publish_motion,3,118,1.044,0.0024,0.3584
131072,sample_publish_motion,3,119,0.2261,0.0023,0.35328
131072,delta_sample_publish_motion,1,0,0.1975,2.6319,3.295232
131072,delta_sample_publish_motion,1,1,0.2105,2.6423,3.412992
131072,delta_sample_publish_motion,1,2,0.1988,2.6201,3.295232
131072,delta_sample_publish_motion,1,3,0.1979,2.6455,3.47136
131072,delta_sample_publish_motion,1,4,0.1973,2.6311,3.275776
131072,delta_sample_publish_motion,1,5,0.196,2.6421,3.278848
131072,delta_sample_publish_motion,1,6,0.2007,2.7536,3.324928
131072,delta_sample_publish_motion,1,7,0.1999,2.6397,3.262464
131072,delta_sample_publish_motion,1,8,0.1966,2.6925,3.38432
131072,delta_sample_publish_motion,1,9,0.2031,2.6165,3.26656
131072,delta_sample_publish_motion,1,10,0.2797,2.7254,3.465216
131072,delta_sample_publish_motion,1,11,0.1983,2.6888,3.28192
131072,delta_sample_publish_motion,1,12,0.1995,2.6698,3.268608
131072,delta_sample_publish_motion,1,13,0.1958,2.6583,3.334144
131072,delta_sample_publish_motion,1,14,0.1984,2.6802,3.267584
131072,delta_sample_publish_motion,1,15,0.2,2.6368,3.433472
131072,delta_sample_publish_motion,1,16,0.3264,2.633,3.264512
131072,delta_sample_publish_motion,1,17,0.2309,2.6041,3.475456
131072,delta_sample_publish_motion,1,18,0.2308,2.6536,3.283968
131072,delta_sample_publish_motion,1,19,0.2119,2.6914,3.284992
131072,delta_sample_publish_motion,1,20,0.2075,2.6397,3.330048
131072,delta_sample_publish_motion,1,21,0.2097,2.769,3.28192
131072,delta_sample_publish_motion,1,22,0.2902,2.7171,3.416064
131072,delta_sample_publish_motion,1,23,0.205,2.692,3.270656
131072,delta_sample_publish_motion,1,24,0.2872,2.7002,3.458048
131072,delta_sample_publish_motion,1,25,0.1982,2.6854,3.28704
131072,delta_sample_publish_motion,1,26,0.2036,2.6474,3.268608
131072,delta_sample_publish_motion,1,27,0.2859,2.7576,3.313664
131072,delta_sample_publish_motion,1,28,0.2047,2.6701,3.268608
131072,delta_sample_publish_motion,1,29,0.2832,2.7071,3.386368
131072,delta_sample_publish_motion,1,30,0.1993,2.7125,3.280896
131072,delta_sample_publish_motion,1,31,0.3153,2.706,3.458048
131072,delta_sample_publish_motion,1,32,0.2445,2.6174,3.3024
131072,delta_sample_publish_motion,1,33,1.7911,3.257,3.282944
131072,delta_sample_publish_motion,1,34,0.2164,2.5895,3.36384
131072,delta_sample_publish_motion,1,35,1.6089,3.1155,3.291136
131072,delta_sample_publish_motion,1,36,0.7809,2.564,3.454976
131072,delta_sample_publish_motion,1,37,1.1369,2.4809,3.451904
131072,delta_sample_publish_motion,1,38,0.2048,2.4137,3.475456
131072,delta_sample_publish_motion,1,39,0.2036,2.4641,3.299328
131072,delta_sample_publish_motion,1,40,0.2147,2.3751,3.310592
131072,delta_sample_publish_motion,1,41,0.2067,2.3302,3.398656
131072,delta_sample_publish_motion,1,42,1.6817,3.0522,3.275776
131072,delta_sample_publish_motion,1,43,0.5164,2.8092,5.458944
131072,delta_sample_publish_motion,1,44,0.2442,2.3338,3.304448
131072,delta_sample_publish_motion,1,45,0.215,2.2189,3.489792
131072,delta_sample_publish_motion,1,46,0.2132,2.4645,3.365888
131072,delta_sample_publish_motion,1,47,1.6602,2.2535,3.28192
131072,delta_sample_publish_motion,1,48,0.2146,2.1199,3.3792
131072,delta_sample_publish_motion,1,49,1.5589,2.4979,3.279872
131072,delta_sample_publish_motion,1,50,0.2183,2.119,3.432448
131072,delta_sample_publish_motion,1,51,0.2162,2.2927,3.284992
131072,delta_sample_publish_motion,1,52,1.0321,2.1942,3.515392
131072,delta_sample_publish_motion,1,53,1.0562,2.0532,3.32288
131072,delta_sample_publish_motion,1,54,1.1748,1.9905,3.291136
131072,delta_sample_publish_motion,1,55,0.2118,1.9403,3.357696
131072,delta_sample_publish_motion,1,56,0.2128,1.9174,3.294208
131072,delta_sample_publish_motion,1,57,0.2115,1.8739,3.426304
131072,delta_sample_publish_motion,1,58,0.2103,1.9002,3.298304
131072,delta_sample_publish_motion,1,59,1.5464,2.159,3.492864
131072,delta_sample_publish_motion,1,60,0.2214,1.8784,3.279872
131072,delta_sample_publish_motion,1,61,0.2173,2.1589,3.294208
131072,delta_sample_publish_motion,1,62,1.5228,1.842,3.354624
131072,delta_sample_publish_motion,1,63,0.2133,1.7486,3.295232
131072,delta_sample_publish_motion,1,64,1.5606,2.0683,3.419136
131072,delta_sample_publish_motion,1,65,0.2197,1.7496,3.462144
131072,delta_sample_publish_motion,1,66,0.2141,2.0126,3.493888
131072,delta_sample_publish_motion,1,67,1.5768,1.7082,3.286016
131072,delta_sample_publish_motion,1,68,0.2126,1.662,3.29728
131072,delta_sample_publish_motion,1,69,0.4394,1.6382,3.3792
131072,delta_sample_publish_motion,1,70,0.8189,1.7628,3.311616
131072,delta_sample_publish_motion,1,71,0.7048,1.7511,3.58912
131072,delta_sample_publish_motion,1,72,0.7636,1.8949,3.4048
131072,delta_sample_publish_motion,1,73,0.8323,1.7638,3.516416
131072,delta_sample_publish_motion,1,74,1.5302,1.9487,3.293184
131072,delta_sample_publish_motion,1,75,0.2198,1.6468,3.288064
131072,delta_sample_publish_motion,1,76,0.2147,1.7367,3.406848
131072,delta_sample_publish_motion,1,77,1.7573,1.8944,3.295232
131072,delta_sample_publish_motion,1,78,0.2401,1.6458,3.4816
131072,delta_sample_publish_motion,1,79,1.6307,2.0756,3.439616
131072,delta_sample_publish_motion,1,80,0.2246,1.6289,3.4816
131072,delta_sample_publish_motion,1,81,0.2138,1.696,3.305472
131072,delta_sample_publish_motion,1,82,0.335,1.7556,3.236864
131072,delta_sample_publish_motion,1,83,0.2184,1.6417,3.377152
131072,delta_sample_publish_motion,1,84,0.2164,1.6032,3.275776
131072,delta_sample_publish_motion,1,85,0.4868,1.974,3.424256
131072,delta_sample_publish_motion,1,86,1.2516,1.6235,3.289088
131072,delta_sample_publish_motion,1,87,0.9322,1.6453,3.565568
131072,delta_sample_publish_motion,1,88,0.826,1.6572,3.313664
131072,delta_sample_publish_motion,1,89,0.7745,1.6753,3.309568
131072,delta_sample_publish_motion,1,90,1.469,1.6889,3.360768
131072,delta_sample_publish_motion,1,91,0.2286,1.5181,3.274752
131072,delta_sample_publish_motion,1,92,1.5724,1.591,3.388416
131072,delta_sample_publish_motion,1,93,0.3062,1.4785,3.273728
131072,delta_sample_publish_motion,1,94,0.2169,1.4888,3.47136
131072,delta_sample_publish_motion,1,95,0.2126,1.5596,3.280896
131072,delta_sample_publish_motion,1,96,0.2112,1.5688,3.267584
131072,delta_sample_publish_motion,1,97,0.2046,1.5693,3.357696
131072,delta_sample_publish_motion,1,98,0.2097,1.5775,3.2768
131072,delta_sample_publish_motion,1,99,0.2089,1.6674,3.391488
131072,delta_sample_publish_motion,1,100,0.2056,1.6327,3.278848
131072,delta_sample_publish_motion,1,101,0.2059,1.6426,3.448832
131072,delta_sample_publish_motion,1,102,0.2944,1.7075,3.274752
131072,delta_sample_publish_motion,1,103,0.2026,1.6408,3.284992
131072,delta_sample_publish_motion,1,104,0.2161,1.6558,3.318784
131072,delta_sample_publish_motion,1,105,0.2931,1.688,3.27168
131072,delta_sample_publish_motion,1,106,0.2018,1.6244,3.38944
131072,delta_sample_publish_motion,1,107,0.1993,1.6324,3.272704
131072,delta_sample_publish_motion,1,108,0.2858,1.7,3.274752
131072,delta_sample_publish_motion,1,109,0.1995,1.6585,3.277824
131072,delta_sample_publish_motion,1,110,0.2083,1.6036,3.279872
131072,delta_sample_publish_motion,1,111,0.3073,1.7226,3.289088
131072,delta_sample_publish_motion,1,112,0.2284,1.6503,3.29728
131072,delta_sample_publish_motion,1,113,0.2975,1.6538,3.298304
131072,delta_sample_publish_motion,1,114,0.2945,1.6896,3.277824
131072,delta_sample_publish_motion,1,115,0.2072,1.6134,3.293184
131072,delta_sample_publish_motion,1,116,0.288,1.6929,3.283968
131072,delta_sample_publish_motion,1,117,0.2044,1.5905,3.2768
131072,delta_sample_publish_motion,1,118,0.1999,1.6814,3.282944
131072,delta_sample_publish_motion,1,119,0.2876,1.6928,3.270656
131072,delta_sample_publish_motion,2,0,0.2274,2.3149,2.741248
131072,delta_sample_publish_motion,2,1,0.2323,2.269,2.7392
131072,delta_sample_publish_motion,2,2,0.2297,2.2367,4.55168
131072,delta_sample_publish_motion,2,3,0.2311,2.2205,2.609152
131072,delta_sample_publish_motion,2,4,0.2337,2.1774,2.852864
131072,delta_sample_publish_motion,2,5,0.2333,2.1487,2.88768
131072,delta_sample_publish_motion,2,6,0.2305,2.2244,2.952192
131072,delta_sample_publish_motion,2,7,0.2358,2.3728,2.967552
131072,delta_sample_publish_motion,2,8,0.2329,2.1849,2.671616
131072,delta_sample_publish_motion,2,9,0.2302,2.0757,2.801664
131072,delta_sample_publish_motion,2,10,0.2322,1.9998,2.816
131072,delta_sample_publish_motion,2,11,0.2333,2.0183,2.849792
131072,delta_sample_publish_motion,2,12,0.2309,2.0368,2.833408
131072,delta_sample_publish_motion,2,13,0.2323,1.9381,2.907136
131072,delta_sample_publish_motion,2,14,0.2416,1.9479,3.06688
131072,delta_sample_publish_motion,2,15,0.3244,2.0349,2.789376
131072,delta_sample_publish_motion,2,16,0.3461,1.9705,2.930688
131072,delta_sample_publish_motion,2,17,0.3097,1.957,2.847744
131072,delta_sample_publish_motion,2,18,0.3266,1.934,3.018752
131072,delta_sample_publish_motion,2,19,0.2666,1.9013,2.934784
131072,delta_sample_publish_motion,2,20,0.2415,1.8194,3.004416
131072,delta_sample_publish_motion,2,21,0.2391,1.7984,2.9696
131072,delta_sample_publish_motion,2,22,0.2314,1.8464,2.752512
131072,delta_sample_publish_motion,2,23,0.2353,1.8175,2.835456
131072,delta_sample_publish_motion,2,24,0.2348,1.8487,2.824192
131072,delta_sample_publish_motion,2,25,0.2368,1.8059,2.89792
131072,delta_sample_publish_motion,2,26,0.2338,1.8008,2.917376
131072,delta_sample_publish_motion,2,27,0.2325,1.789,2.965504
131072,delta_sample_publish_motion,2,28,0.231,1.8002,2.881536
131072,delta_sample_publish_motion,2,29,0.2323,1.772,2.686976
131072,delta_sample_publish_motion,2,30,0.2294,1.826,2.794496
131072,delta_sample_publish_motion,2,31,0.2368,1.7871,2.820096
131072,delta_sample_publish_motion,2,32,0.234,1.8221,2.863104
131072,delta_sample_publish_motion,2,33,0.231,1.8198,2.806784
131072,delta_sample_publish_motion,2,34,0.2343,1.7836,2.895872
131072,delta_sample_publish_motion,2,35,0.2341,1.7541,2.8672
131072,delta_sample_publish_motion,2,36,0.2318,1.8011,2.681856
131072,delta_sample_publish_motion,2,37,0.2359,1.7779,2.747392
131072,delta_sample_publish_motion,2,38,0.232,1.735,2.664448
131072,delta_sample_publish_motion,2,39,0.2576,1.775,2.966528
131072,delta_sample_publish_motion,2,40,0.2503,1.7604,2.945024
131072,delta_sample_publish_motion,2,41,0.2411,1.7459,2.996224
131072,delta_sample_publish_motion,2,42,0.2359,1.788,3.526656
131072,delta_sample_publish_motion,2,43,0.2323,1.7464,2.719744
131072,delta_sample_publish_motion,2,44,0.2271,1.7108,2.741248
131072,delta_sample_publish_motion,2,45,0.2302,1.6939,2.87744
131072,delta_sample_publish_motion,2,46,0.2307,1.6984,2.77504
131072,delta_sample_publish_motion,2,47,0.2351,1.7183,2.787328
131072,delta_sample_publish_motion,2,48,0.2351,1.7301,2.982912
131072,delta_sample_publish_motion,2,49,0.3218,1.7045,2.765824
131072,delta_sample_publish_motion,2,50,0.2318,1.6171,2.607104
131072,delta_sample_publish_motion,2,51,0.2265,1.6175,2.747392
131072,delta_sample_publish_motion,2,52,0.23,1.689,2.644992
131072,delta_sample_publish_motion,2,53,0.2426,1.6628,2.751488
131072,delta_sample_publish_motion,2,54,0.2331,1.641,2.70336
131072,delta_sample_publish_motion,2,55,2.3093,2.1201,2.916352
131072,delta_sample_publish_motion,2,56,1.5632,1.5621,2.702336
131072,delta_sample_publish_motion,2,57,1.4894,1.747,2.297856
131072,delta_sample_publish_motion,2,58,0.2235,1.5382,2.244608
131072,delta_sample_publish_motion,2,59,0.2173,1.607,2.274304
131072,delta_sample_publish_motion,2,60,0.211,1.5536,2.335744
131072,delta_sample_publish_motion,2,61,0.2124,1.6682,2.5856
131072,delta_sample_publish_motion,2,62,0.2377,1.6533,2.579456
131072,delta_sample_publish_motion,2,63,0.2261,1.6776,2.541568
131072,delta_sample_publish_motion,2,64,0.217,1.716,2.464768
131072,delta_sample_publish_motion,2,65,0.2128,1.7088,2.547712
131072,delta_sample_publish_motion,2,66,0.2106,1.7025,2.523136
131072,delta_sample_publish_motion,2,67,0.2072,1.6766,2.62144
131072,delta_sample_publish_motion,2,68,0.2184,1.6233,2.627584
131072,delta_sample_publish_motion,2,69,0.2075,1.6667,2.76992
131072,delta_sample_publish_motion,2,70,0.2518,1.7017,2.78528
131072,delta_sample_publish_motion,2,71,0.3193,1.7574,2.429952
131072,delta_sample_publish_motion,2,72,0.2907,1.7481,2.527232
131072,delta_sample_publish_motion,2,73,0.2739,1.6717,2.46272
131072,delta_sample_publish_motion,2,74,0.2707,1.6541,2.576384
131072,delta_sample_publish_motion,2,75,0.2706,1.7189,2.628608
131072,delta_sample_publish_motion,2,76,0.2718,1.6831,2.69312
131072,delta_sample_publish_motion,2,77,0.2652,1.655,2.719744
131072,delta_sample_publish_motion,2,78,0.2616,1.6802,2.48832
131072,delta_sample_publish_motion,2,79,0.2608,1.7161,2.605056
131072,delta_sample_publish_motion,2,80,0.2641,1.7101,2.47296
131072,delta_sample_publish_motion,2,81,0.261,1.6962,2.625536
131072,delta_sample_publish_motion,2,82,0.2676,1.7174,2.589696
131072,delta_sample_publish_motion,2,83,0.2679,1.7062,2.633728
131072,delta_sample_publish_motion,2,84,0.2585,1.6976,2.643968
131072,delta_sample_publish_motion,2,85,0.258,1.6922,2.538496
131072,delta_sample_publish_motion,2,86,0.2572,1.694,2.579456
131072,delta_sample_publish_motion,2,87,0.2701,1.6844,2.485248
131072,delta_sample_publish_motion,2,88,0.2388,1.615,2.422784
131072,delta_sample_publish_motion,2,89,0.1977,1.5498,2.3808
131072,delta_sample_publish_motion,2,90,0.1941,1.6408,2.516992
131072,delta_sample_publish_motion,2,91,0.1955,1.6116,2.738176
131072,delta_sample_publish_motion,2,92,0.2266,1.7047,2.506752
131072,delta_sample_publish_motion,2,93,0.2271,1.665,2.454528
131072,delta_sample_publish_motion,2,94,0.2138,1.6306,2.479104
131072,delta_sample_publish_motion,2,95,0.207,1.6034,2.594816
131072,delta_sample_publish_motion,2,96,0.2015,1.6457,2.499584
131072,delta_sample_publish_motion,2,97,0.2011,1.6454,2.58048
131072,delta_sample_publish_motion,2,98,0.2002,1.688,2.679808
131072,delta_sample_publish_motion,2,99,0.2064,1.6241,2.405376
131072,delta_sample_publish_motion,2,100,0.2005,1.6353,2.52416
131072,delta_sample_publish_motion,2,101,0.2008,1.6031,2.441216
131072,delta_sample_publish_motion,2,102,0.1995,1.6267,2.577408
131072,delta_sample_publish_motion,2,103,0.1987,1.6366,2.54976
131072,delta_sample_publish_motion,2,104,0.1969,1.653,2.658304
131072,delta_sample_publish_motion,2,105,0.1936,1.6697,2.597888
131072,delta_sample_publish_motion,2,106,0.1987,1.6296,2.427904
131072,delta_sample_publish_motion,2,107,0.1966,1.602,2.571264
131072,delta_sample_publish_motion,2,108,0.1953,1.6037,2.531328
131072,delta_sample_publish_motion,2,109,0.1944,1.628,2.664448
131072,delta_sample_publish_motion,2,110,0.1966,1.6653,2.555904
131072,delta_sample_publish_motion,2,111,0.198,1.6497,2.661376
131072,delta_sample_publish_motion,2,112,0.2002,1.7597,2.588672
131072,delta_sample_publish_motion,2,113,0.2054,1.6151,2.410496
131072,delta_sample_publish_motion,2,114,0.2027,1.6522,2.485248
131072,delta_sample_publish_motion,2,115,0.1995,1.6559,2.499584
131072,delta_sample_publish_motion,2,116,0.2031,1.6257,2.62144
131072,delta_sample_publish_motion,2,117,0.2061,1.64,2.597888
131072,delta_sample_publish_motion,2,118,0.2018,1.654,2.57024
131072,delta_sample_publish_motion,2,119,0.1992,1.6595,2.599936
131072,delta_sample_publish_motion,3,0,0.2175,1.6048,3.270656
131072,delta_sample_publish_motion,3,1,0.2126,1.5589,3.349504
131072,delta_sample_publish_motion,3,2,0.2122,1.6068,3.3024
131072,delta_sample_publish_motion,3,3,0.2113,1.5275,3.43552
131072,delta_sample_publish_motion,3,4,0.2107,1.5285,3.29728
131072,delta_sample_publish_motion,3,5,0.2118,1.5844,3.484672
131072,delta_sample_publish_motion,3,6,0.2115,1.4641,3.279872
131072,delta_sample_publish_motion,3,7,0.21,1.5038,3.268608
131072,delta_sample_publish_motion,3,8,0.32,1.54,3.31776
131072,delta_sample_publish_motion,3,9,0.2702,1.6079,3.270656
131072,delta_sample_publish_motion,3,10,0.3259,1.7478,3.427328
131072,delta_sample_publish_motion,3,11,0.237,1.6567,3.26656
131072,delta_sample_publish_motion,3,12,0.2278,1.6331,3.465216
131072,delta_sample_publish_motion,3,13,0.2215,1.6466,3.291136
131072,delta_sample_publish_motion,3,14,0.216,1.6571,3.263488
131072,delta_sample_publish_motion,3,15,0.3036,1.7224,3.314688
131072,delta_sample_publish_motion,3,16,0.2093,1.6768,3.280896
131072,delta_sample_publish_motion,3,17,0.2115,1.6583,3.412992
131072,delta_sample_publish_motion,3,18,0.23,1.6078,3.275776
131072,delta_sample_publish_motion,3,19,0.2009,1.5626,3.473408
131072,delta_sample_publish_motion,3,20,0.207,1.6403,3.28192
131072,delta_sample_publish_motion,3,21,0.2014,1.6668,3.267584
131072,delta_sample_publish_motion,3,22,0.2743,1.685,3.30752
131072,delta_sample_publish_motion,3,23,0.243,1.6106,3.269632
131072,delta_sample_publish_motion,3,24,0.1953,1.5632,3.400704
131072,delta_sample_publish_motion,3,25,0.1992,1.6557,3.294208
131072,delta_sample_publish_motion,3,26,0.2009,1.6494,3.467264
131072,delta_sample_publish_motion,3,27,0.1964,1.6038,3.26656
131072,delta_sample_publish_motion,3,28,0.1981,1.6223,3.277824
131072,delta_sample_publish_motion,3,29,0.2103,1.6292,3.316736
131072,delta_sample_publish_motion,3,30,0.2071,1.6269,3.257344
131072,delta_sample_publish_motion,3,31,0.199,1.636,3.42016
131072,delta_sample_publish_motion,3,32,0.2002,1.6155,3.267584
131072,delta_sample_publish_motion,3,33,0.1963,1.7766,3.419136
131072,delta_sample_publish_motion,3,34,0.2607,1.6637,3.310592
131072,delta_sample_publish_motion,3,35,0.236,1.6324,3.2768
131072,delta_sample_publish_motion,3,36,0.221,1.6319,3.318784
131072,delta_sample_publish_motion,3,37,0.2177,1.6145,3.264512
131072,delta_sample_publish_motion,3,38,0.208,1.6178,3.475456
131072,delta_sample_publish_motion,3,39,0.2078,1.6146,3.27168
131072,delta_sample_publish_motion,3,40,0.2028,1.6338,3.465216
131072,delta_sample_publish_motion,3,41,0.2865,1.7351,3.278848
131072,delta_sample_publish_motion,3,42,0.2145,1.6287,3.265536
131072,delta_sample_publish_motion,3,43,0.2888,1.7093,3.294208
131072,delta_sample_publish_motion,3,44,0.2036,1.6582,3.278848
131072,delta_sample_publish_motion,3,45,0.2008,1.6076,3.378176
131072,delta_sample_publish_motion,3,46,0.2012,1.6322,3.275776
131072,delta_sample_publish_motion,3,47,0.285,1.6759,3.451904
131072,delta_sample_publish_motion,3,48,0.1994,1.6395,3.273728
131072,delta_sample_publish_motion,3,49,0.2011,1.6349,3.279872
131072,delta_sample_publish_motion,3,50,0.2849,1.6729,3.31776
131072,delta_sample_publish_motion,3,51,0.1985,1.6132,3.289088
131072,delta_sample_publish_motion,3,52,0.2168,1.6592,3.403776
131072,delta_sample_publish_motion,3,53,0.2529,1.725,3.279872
131072,delta_sample_publish_motion,3,54,0.2633,1.7278,3.531776
131072,delta_sample_publish_motion,3,55,0.2566,1.7137,3.280896
131072,delta_sample_publish_motion,3,56,0.2438,1.6884,3.269632
131072,delta_sample_publish_motion,3,57,0.3082,1.7605,3.30752
131072,delta_sample_publish_motion,3,58,0.2454,1.6943,3.274752
131072,delta_sample_publish_motion,3,59,0.3077,1.7501,3.392512
131072,delta_sample_publish_motion,3,60,0.244,1.7609,3.299328
131072,delta_sample_publish_motion,3,61,0.3513,1.766,3.508224
131072,delta_sample_publish_motion,3,62,0.2697,1.7132,3.299328
131072,delta_sample_publish_motion,3,63,0.2586,1.7311,3.300352
131072,delta_sample_publish_motion,3,64,0.3457,1.7122,3.335168
131072,delta_sample_publish_motion,3,65,0.2331,1.72,3.29216
131072,delta_sample_publish_motion,3,66,0.225,1.7461,3.405824
131072,delta_sample_publish_motion,3,67,0.3047,1.8151,3.277824
131072,delta_sample_publish_motion,3,68,0.2256,1.754,3.473408
131072,delta_sample_publish_motion,3,69,0.2246,1.8389,3.268608
131072,delta_sample_publish_motion,3,70,0.2203,1.8751,3.267584
131072,delta_sample_publish_motion,3,71,0.222,1.9594,3.331072
131072,delta_sample_publish_motion,3,72,0.2192,2.0266,3.26656
131072,delta_sample_publish_motion,3,73,0.2238,2.0745,3.401728
131072,delta_sample_publish_motion,3,74,0.2218,2.2343,3.279872
131072,delta_sample_publish_motion,3,75,0.2224,2.3041,3.47136
131072,delta_sample_publish_motion,3,76,0.2225,2.413,3.2768
131072,delta_sample_publish_motion,3,77,0.2239,2.5945,3.279872
131072,delta_sample_publish_motion,3,78,0.2276,2.6651,3.373056
131072,delta_sample_publish_motion,3,79,0.2257,2.7217,3.293184
131072,delta_sample_publish_motion,3,80,0.2245,2.7818,3.416064
131072,delta_sample_publish_motion,3,81,0.3018,2.8318,3.283968
131072,delta_sample_publish_motion,3,82,0.2227,2.8715,3.470336
131072,delta_sample_publish_motion,3,83,0.2264,2.9049,3.365888
131072,delta_sample_publish_motion,3,84,0.2275,2.935,3.310592
131072,delta_sample_publish_motion,3,85,0.2289,2.8496,3.350528
131072,delta_sample_publish_motion,3,86,0.3011,2.9531,3.272704
131072,delta_sample_publish_motion,3,87,0.2355,2.9262,3.38432
131072,delta_sample_publish_motion,3,88,0.2292,2.928,3.28704
131072,delta_sample_publish_motion,3,89,0.2296,2.9281,3.525632
131072,delta_sample_publish_motion,3,90,0.2335,2.9296,3.268608
131072,delta_sample_publish_motion,3,91,0.227,2.9408,3.280896
131072,delta_sample_publish_motion,3,92,0.3065,3.0034,3.352576
131072,delta_sample_publish_motion,3,93,0.2293,2.9037,3.284992
131072,delta_sample_publish_motion,3,94,0.2272,2.9573,3.401728
131072,delta_sample_publish_motion,3,95,0.22,2.8704,3.309568
131072,delta_sample_publish_motion,3,96,0.2184,2.9602,3.46112
131072,delta_sample_publish_motion,3,97,0.2149,2.9085,3.273728
131072,delta_sample_publish_motion,3,98,0.2117,2.8491,3.283968
131072,delta_sample_publish_motion,3,99,0.2154,2.807,3.31264
131072,delta_sample_publish_motion,3,100,0.2238,2.8668,3.301376
131072,delta_sample_publish_motion,3,101,0.2438,2.9973,3.419136
131072,delta_sample_publish_motion,3,102,0.2296,2.9102,3.270656
131072,delta_sample_publish_motion,3,103,0.2263,3.0034,3.484672
131072,delta_sample_publish_motion,3,104,0.2287,2.8966,3.284992
131072,delta_sample_publish_motion,3,105,0.2281,3.0308,3.288064
131072,delta_sample_publish_motion,3,106,0.3083,3.0512,3.314688
131072,delta_sample_publish_motion,3,107,0.229,2.8447,3.29728
131072,delta_sample_publish_motion,3,108,0.2254,2.8768,3.392512
131072,delta_sample_publish_motion,3,109,0.2239,2.8759,3.267584
131072,delta_sample_publish_motion,3,110,0.2293,2.9325,3.500032
131072,delta_sample_publish_motion,3,111,0.3237,3.1231,3.267584
131072,delta_sample_publish_motion,3,112,0.2452,2.993,3.29728
131072,delta_sample_publish_motion,3,113,0.2344,2.9233,3.274752
131072,delta_sample_publish_motion,3,114,0.2291,2.9782,3.28192
131072,delta_sample_publish_motion,3,115,0.2345,2.9195,3.3024
131072,delta_sample_publish_motion,3,116,0.9381,3.1284,3.293184
131072,delta_sample_publish_motion,3,117,0.8535,3.0641,3.332096
131072,delta_sample_publish_motion,3,118,1.4064,4.093,3.667968
131072,delta_sample_publish_motion,3,119,0.4587,2.9261,3.280896
