count,mode,run,sample,gpu_ms,cpu_submit_ms
10000,legacy_group_reference,0,0,0.03072,0.003
10000,legacy_group_reference,0,1,0.03072,0.003
10000,legacy_group_reference,0,2,0.031744,0.0031
10000,legacy_group_reference,0,3,0.029696,0.0029
10000,legacy_group_reference,0,4,0.031744,0.0029
10000,legacy_group_reference,0,5,0.03072,0.0029
10000,legacy_group_reference,0,6,0.031744,0.003
10000,legacy_group_reference,0,7,0.03072,0.0029
10000,legacy_group_reference,0,8,0.028672,0.0028
10000,legacy_group_reference,0,9,0.029696,0.0029
10000,legacy_group_reference,0,10,0.03072,0.0028
10000,legacy_group_reference,0,11,0.03072,0.0029
10000,legacy_group_reference,0,12,0.031744,0.003
10000,legacy_group_reference,0,13,0.03072,0.003
10000,legacy_group_reference,0,14,0.03072,0.0029
10000,legacy_group_reference,0,15,0.029696,0.0029
10000,legacy_group_reference,0,16,0.03072,0.0029
10000,legacy_group_reference,0,17,0.03072,0.0029
10000,legacy_group_reference,0,18,0.029696,0.003
10000,legacy_group_reference,0,19,0.029696,0.0028
10000,legacy_group_reference,0,20,0.03072,0.0028
10000,legacy_group_reference,0,21,0.029696,0.003
10000,legacy_group_reference,0,22,0.031744,0.0029
10000,legacy_group_reference,0,23,0.03072,0.0029
10000,legacy_group_reference,0,24,0.03072,0.0028
10000,legacy_group_reference,0,25,0.03072,0.0028
10000,legacy_group_reference,0,26,0.031744,0.0028
10000,legacy_group_reference,0,27,0.03072,0.0028
10000,legacy_group_reference,0,28,0.029696,0.0028
10000,legacy_group_reference,0,29,0.03072,0.0029
10000,legacy_group_reference,0,30,0.031744,0.0028
10000,legacy_group_reference,0,31,0.031744,0.0028
10000,legacy_group_reference,0,32,0.031744,0.0029
10000,legacy_group_reference,0,33,0.03072,0.0028
10000,legacy_group_reference,0,34,0.03072,0.0028
10000,legacy_group_reference,0,35,0.03072,0.0028
10000,legacy_group_reference,0,36,0.03072,0.0028
10000,legacy_group_reference,0,37,0.03072,0.0027
10000,legacy_group_reference,0,38,0.028672,0.0029
10000,legacy_group_reference,0,39,0.03072,0.0029
10000,legacy_group_reference,0,40,0.03072,0.0028
10000,legacy_group_reference,0,41,0.03072,0.0028
10000,legacy_group_reference,0,42,0.03072,0.0028
10000,legacy_group_reference,0,43,0.03072,0.003
10000,legacy_group_reference,0,44,0.03072,0.003
10000,legacy_group_reference,0,45,0.031744,0.0029
10000,legacy_group_reference,0,46,0.03072,0.0029
10000,legacy_group_reference,0,47,0.03072,0.0028
10000,legacy_group_reference,0,48,0.029696,0.0028
10000,legacy_group_reference,0,49,0.03072,0.0028
10000,legacy_group_reference,0,50,0.03072,0.0029
10000,legacy_group_reference,0,51,0.03072,0.0028
10000,legacy_group_reference,0,52,0.031744,0.0028
10000,legacy_group_reference,0,53,0.03072,0.0028
10000,legacy_group_reference,0,54,0.031744,0.0028
10000,legacy_group_reference,0,55,0.03072,0.0028
10000,legacy_group_reference,0,56,0.03072,0.0028
10000,legacy_group_reference,0,57,0.03072,0.0026
10000,legacy_group_reference,0,58,0.028672,0.0028
10000,legacy_group_reference,0,59,0.03072,0.0029
10000,legacy_group_reference,0,60,0.031744,0.0029
10000,legacy_group_reference,0,61,0.03072,0.0027
10000,legacy_group_reference,0,62,0.03072,0.0029
10000,legacy_group_reference,0,63,0.029696,0.0029
10000,legacy_group_reference,0,64,0.03072,0.0029
10000,legacy_group_reference,0,65,0.03072,0.0029
10000,legacy_group_reference,0,66,0.03072,0.0029
10000,legacy_group_reference,0,67,0.03072,0.0028
10000,legacy_group_reference,0,68,0.028672,0.0029
10000,legacy_group_reference,0,69,0.03072,0.0029
10000,legacy_group_reference,0,70,0.03072,0.0029
10000,legacy_group_reference,0,71,0.03072,0.0028
10000,legacy_group_reference,0,72,0.03072,0.0029
10000,legacy_group_reference,0,73,0.03072,0.0029
10000,legacy_group_reference,0,74,0.031744,0.0032
10000,legacy_group_reference,0,75,0.03072,0.003
10000,legacy_group_reference,0,76,0.03072,0.003
10000,legacy_group_reference,0,77,0.03072,0.0028
10000,legacy_group_reference,0,78,0.028672,0.0029
10000,legacy_group_reference,0,79,0.03072,0.0029
10000,legacy_group_reference,0,80,0.031744,0.003
10000,legacy_group_reference,0,81,0.029696,0.0029
10000,legacy_group_reference,0,82,0.03072,0.0029
10000,legacy_group_reference,0,83,0.029696,0.0029
10000,legacy_group_reference,0,84,0.03072,0.0029
10000,legacy_group_reference,0,85,0.03072,0.0029
10000,legacy_group_reference,0,86,0.03072,0.0024
10000,legacy_group_reference,0,87,0.029696,0.0025
10000,legacy_group_reference,0,88,0.028672,0.003
10000,legacy_group_reference,0,89,0.03072,0.0029
10000,legacy_group_reference,0,90,0.03072,0.003
10000,legacy_group_reference,0,91,0.03072,0.0029
10000,legacy_group_reference,0,92,0.03072,0.0029
10000,legacy_group_reference,0,93,0.03072,0.0029
10000,legacy_group_reference,0,94,0.03072,0.0029
10000,legacy_group_reference,0,95,0.03072,0.0029
10000,legacy_group_reference,0,96,0.031744,0.0029
10000,legacy_group_reference,0,97,0.03072,0.0029
10000,legacy_group_reference,0,98,0.028672,0.003
10000,legacy_group_reference,0,99,0.031744,0.0029
10000,legacy_group_reference,0,100,0.028672,0.0029
10000,legacy_group_reference,0,101,0.03072,0.0029
10000,legacy_group_reference,0,102,0.03072,0.0029
10000,legacy_group_reference,0,103,0.03072,0.0028
10000,legacy_group_reference,0,104,0.03072,0.0029
10000,legacy_group_reference,0,105,0.03072,0.003
10000,legacy_group_reference,0,106,0.031744,0.0028
10000,legacy_group_reference,0,107,0.03072,0.0028
10000,legacy_group_reference,0,108,0.029696,0.0028
10000,legacy_group_reference,0,109,0.03072,0.0028
10000,legacy_group_reference,0,110,0.031744,0.0029
10000,legacy_group_reference,0,111,0.03072,0.0029
10000,legacy_group_reference,0,112,0.03072,0.0029
10000,legacy_group_reference,0,113,0.029696,0.0028
10000,legacy_group_reference,0,114,0.03072,0.003
10000,legacy_group_reference,0,115,0.03072,0.0028
10000,legacy_group_reference,0,116,0.03072,0.0028
10000,legacy_group_reference,0,117,0.03072,0.0028
10000,legacy_group_reference,0,118,0.028672,0.0029
10000,legacy_group_reference,0,119,0.03072,0.0029
10000,legacy_group_reference,1,0,0.028672,0.0038
10000,legacy_group_reference,1,1,0.029696,0.0036
10000,legacy_group_reference,1,2,0.031744,0.0032
10000,legacy_group_reference,1,3,0.03072,0.003
10000,legacy_group_reference,1,4,0.03072,0.0029
10000,legacy_group_reference,1,5,0.03072,0.0029
10000,legacy_group_reference,1,6,0.03072,0.003
10000,legacy_group_reference,1,7,0.03072,0.0034
10000,legacy_group_reference,1,8,0.028672,0.0036
10000,legacy_group_reference,1,9,0.03072,0.0039
10000,legacy_group_reference,1,10,0.03072,0.0036
10000,legacy_group_reference,1,11,0.03072,0.0031
10000,legacy_group_reference,1,12,0.03072,0.0031
10000,legacy_group_reference,1,13,0.03072,0.003
10000,legacy_group_reference,1,14,0.03072,0.0031
10000,legacy_group_reference,1,15,0.03072,0.0033
10000,legacy_group_reference,1,16,0.03072,0.003
10000,legacy_group_reference,1,17,0.03072,0.003
10000,legacy_group_reference,1,18,0.028672,0.0031
10000,legacy_group_reference,1,19,0.03072,0.0032
10000,legacy_group_reference,1,20,0.03072,0.0031
10000,legacy_group_reference,1,21,0.031744,0.003
10000,legacy_group_reference,1,22,0.03072,0.003
10000,legacy_group_reference,1,23,0.031744,0.0031
10000,legacy_group_reference,1,24,0.03072,0.0031
10000,legacy_group_reference,1,25,0.03072,0.003
10000,legacy_group_reference,1,26,0.03072,0.003
10000,legacy_group_reference,1,27,0.03072,0.0031
10000,legacy_group_reference,1,28,0.028672,0.0031
10000,legacy_group_reference,1,29,0.03072,0.003
10000,legacy_group_reference,1,30,0.03072,0.003
10000,legacy_group_reference,1,31,0.031744,0.0031
10000,legacy_group_reference,1,32,0.029696,0.0031
10000,legacy_group_reference,1,33,0.03072,0.003
10000,legacy_group_reference,1,34,0.03072,0.003
10000,legacy_group_reference,1,35,0.03072,0.0031
10000,legacy_group_reference,1,36,0.03072,0.0032
10000,legacy_group_reference,1,37,0.03072,0.003
10000,legacy_group_reference,1,38,0.028672,0.003
10000,legacy_group_reference,1,39,0.03072,0.0031
10000,legacy_group_reference,1,40,0.031744,0.0031
10000,legacy_group_reference,1,41,0.03072,0.003
10000,legacy_group_reference,1,42,0.03072,0.0031
10000,legacy_group_reference,1,43,0.03072,0.003
10000,legacy_group_reference,1,44,0.03072,0.0032
10000,legacy_group_reference,1,45,0.031744,0.0029
10000,legacy_group_reference,1,46,0.03072,0.0029
10000,legacy_group_reference,1,47,0.03072,0.003
10000,legacy_group_reference,1,48,0.028672,0.0031
10000,legacy_group_reference,1,49,0.03072,0.003
10000,legacy_group_reference,1,50,0.03072,0.003
10000,legacy_group_reference,1,51,0.031744,0.0032
10000,legacy_group_reference,1,52,0.03072,0.003
10000,legacy_group_reference,1,53,0.03072,0.003
10000,legacy_group_reference,1,54,0.03072,0.003
10000,legacy_group_reference,1,55,0.03072,0.003
10000,legacy_group_reference,1,56,0.03072,0.0031
10000,legacy_group_reference,1,57,0.03072,0.003
10000,legacy_group_reference,1,58,0.028672,0.003
10000,legacy_group_reference,1,59,0.031744,0.0031
10000,legacy_group_reference,1,60,0.029696,0.0031
10000,legacy_group_reference,1,61,0.03072,0.003
10000,legacy_group_reference,1,62,0.03072,0.003
10000,legacy_group_reference,1,63,0.03072,0.0031
10000,legacy_group_reference,1,64,0.03072,0.0035
10000,legacy_group_reference,1,65,0.031744,0.0034
10000,legacy_group_reference,1,66,0.03072,0.0031
10000,legacy_group_reference,1,67,0.031744,0.0032
10000,legacy_group_reference,1,68,0.028672,0.0032
10000,legacy_group_reference,1,69,0.03072,0.003
10000,legacy_group_reference,1,70,0.03072,0.0031
10000,legacy_group_reference,1,71,0.03072,0.0045
10000,legacy_group_reference,1,72,0.03072,0.0034
10000,legacy_group_reference,1,73,0.03072,0.003
10000,legacy_group_reference,1,74,0.03072,0.0036
10000,legacy_group_reference,1,75,0.031744,0.0033
10000,legacy_group_reference,1,76,0.03072,0.0032
10000,legacy_group_reference,1,77,0.031744,0.0031
10000,legacy_group_reference,1,78,0.028672,0.0034
10000,legacy_group_reference,1,79,0.03072,0.0037
10000,legacy_group_reference,1,80,0.029696,0.0034
10000,legacy_group_reference,1,81,0.031744,0.0035
10000,legacy_group_reference,1,82,0.03072,0.0032
10000,legacy_group_reference,1,83,0.031744,0.003
10000,legacy_group_reference,1,84,0.03072,0.0033
10000,legacy_group_reference,1,85,0.031744,0.0034
10000,legacy_group_reference,1,86,0.03072,0.0032
10000,legacy_group_reference,1,87,0.03072,0.0029
10000,legacy_group_reference,1,88,0.029696,0.0033
10000,legacy_group_reference,1,89,0.031744,0.0039
10000,legacy_group_reference,1,90,0.03072,0.0033
10000,legacy_group_reference,1,91,0.031744,0.0036
10000,legacy_group_reference,1,92,0.03072,0.0035
10000,legacy_group_reference,1,93,0.031744,0.0035
10000,legacy_group_reference,1,94,0.03072,0.0031
10000,legacy_group_reference,1,95,0.03072,0.003
10000,legacy_group_reference,1,96,0.03072,0.0033
10000,legacy_group_reference,1,97,0.03072,0.0035
10000,legacy_group_reference,1,98,0.028672,0.0033
10000,legacy_group_reference,1,99,0.03072,0.003
10000,legacy_group_reference,1,100,0.03072,0.0039
10000,legacy_group_reference,1,101,0.03072,0.003
10000,legacy_group_reference,1,102,0.029696,0.0031
10000,legacy_group_reference,1,103,0.03072,0.003
10000,legacy_group_reference,1,104,0.03072,0.0031
10000,legacy_group_reference,1,105,0.03072,0.0031
10000,legacy_group_reference,1,106,0.03072,0.0031
10000,legacy_group_reference,1,107,0.03072,0.003
10000,legacy_group_reference,1,108,0.031744,0.0031
10000,legacy_group_reference,1,109,0.029696,0.003
10000,legacy_group_reference,1,110,0.03072,0.003
10000,legacy_group_reference,1,111,0.03072,0.003
10000,legacy_group_reference,1,112,0.03072,0.003
10000,legacy_group_reference,1,113,0.031744,0.003
10000,legacy_group_reference,1,114,0.03072,0.003
10000,legacy_group_reference,1,115,0.03072,0.003
10000,legacy_group_reference,1,116,0.03072,0.003
10000,legacy_group_reference,1,117,0.031744,0.003
10000,legacy_group_reference,1,118,0.028672,0.003
10000,legacy_group_reference,1,119,0.031744,0.003
10000,legacy_group_reference,2,0,0.028672,0.0037
10000,legacy_group_reference,2,1,0.027648,0.0032
10000,legacy_group_reference,2,2,0.03072,0.0031
10000,legacy_group_reference,2,3,0.029696,0.0031
10000,legacy_group_reference,2,4,0.031744,0.0029
10000,legacy_group_reference,2,5,0.03072,0.003
10000,legacy_group_reference,2,6,0.03072,0.0031
10000,legacy_group_reference,2,7,0.03072,0.003
10000,legacy_group_reference,2,8,0.028672,0.003
10000,legacy_group_reference,2,9,0.03072,0.0031
10000,legacy_group_reference,2,10,0.03072,0.003
10000,legacy_group_reference,2,11,0.03072,0.003
10000,legacy_group_reference,2,12,0.031744,0.0026
10000,legacy_group_reference,2,13,0.03072,0.003
10000,legacy_group_reference,2,14,0.03072,0.0031
10000,legacy_group_reference,2,15,0.03072,0.0031
10000,legacy_group_reference,2,16,0.031744,0.0032
10000,legacy_group_reference,2,17,0.03072,0.0031
10000,legacy_group_reference,2,18,0.028672,0.0032
10000,legacy_group_reference,2,19,0.03072,0.0041
10000,legacy_group_reference,2,20,0.03072,0.0031
10000,legacy_group_reference,2,21,0.03072,0.0031
10000,legacy_group_reference,2,22,0.03072,0.0039
10000,legacy_group_reference,2,23,0.031744,0.0036
10000,legacy_group_reference,2,24,0.031744,0.004
10000,legacy_group_reference,2,25,0.03072,0.0042
10000,legacy_group_reference,2,26,0.03072,0.0031
10000,legacy_group_reference,2,27,0.03072,0.0035
10000,legacy_group_reference,2,28,0.029696,0.0038
10000,legacy_group_reference,2,29,0.03072,0.004
10000,legacy_group_reference,2,30,0.03072,0.004
10000,legacy_group_reference,2,31,0.031744,0.0037
10000,legacy_group_reference,2,32,0.03072,0.003
10000,legacy_group_reference,2,33,0.03072,0.0034
10000,legacy_group_reference,2,34,0.03072,0.0035
10000,legacy_group_reference,2,35,0.03072,0.0032
10000,legacy_group_reference,2,36,0.03072,0.0032
10000,legacy_group_reference,2,37,0.029696,0.0033
10000,legacy_group_reference,2,38,0.029696,0.0034
10000,legacy_group_reference,2,39,0.029696,0.0032
10000,legacy_group_reference,2,40,0.03072,0.003
10000,legacy_group_reference,2,41,0.03072,0.0032
10000,legacy_group_reference,2,42,0.031744,0.0034
10000,legacy_group_reference,2,43,0.03072,0.0032
10000,legacy_group_reference,2,44,0.03072,0.0031
10000,legacy_group_reference,2,45,0.03072,0.0033
10000,legacy_group_reference,2,46,0.03072,0.0033
10000,legacy_group_reference,2,47,0.03072,0.0031
10000,legacy_group_reference,2,48,0.028672,0.0029
10000,legacy_group_reference,2,49,0.03072,0.0033
10000,legacy_group_reference,2,50,0.031744,0.0034
10000,legacy_group_reference,2,51,0.03072,0.0034
10000,legacy_group_reference,2,52,0.031744,0.003
10000,legacy_group_reference,2,53,0.03072,0.0032
10000,legacy_group_reference,2,54,0.031744,0.0035
10000,legacy_group_reference,2,55,0.031744,0.0032
10000,legacy_group_reference,2,56,0.031744,0.003
10000,legacy_group_reference,2,57,0.029696,0.0033
10000,legacy_group_reference,2,58,0.028672,0.0032
10000,legacy_group_reference,2,59,0.03072,0.0032
10000,legacy_group_reference,2,60,0.031744,0.0036
10000,legacy_group_reference,2,61,0.03072,0.0034
10000,legacy_group_reference,2,62,0.031744,0.0032
10000,legacy_group_reference,2,63,0.03072,0.0031
10000,legacy_group_reference,2,64,0.031744,0.0033
10000,legacy_group_reference,2,65,0.03072,0.0033
10000,legacy_group_reference,2,66,0.031744,0.0031
10000,legacy_group_reference,2,67,0.03072,0.003
10000,legacy_group_reference,2,68,0.028672,0.0032
10000,legacy_group_reference,2,69,0.03072,0.0034
10000,legacy_group_reference,2,70,0.03072,0.0032
10000,legacy_group_reference,2,71,0.03072,0.0029
10000,legacy_group_reference,2,72,0.031744,0.0033
10000,legacy_group_reference,2,73,0.03072,0.0067
10000,legacy_group_reference,2,74,0.03072,0.0046
10000,legacy_group_reference,2,75,0.03072,0.0035
10000,legacy_group_reference,2,76,0.03072,0.0034
10000,legacy_group_reference,2,77,0.03072,0.0033
10000,legacy_group_reference,2,78,0.028672,0.0031
10000,legacy_group_reference,2,79,0.03072,0.0032
10000,legacy_group_reference,2,80,0.03072,0.0034
10000,legacy_group_reference,2,81,0.03072,0.0032
10000,legacy_group_reference,2,82,0.03072,0.003
10000,legacy_group_reference,2,83,0.03072,0.0033
10000,legacy_group_reference,2,84,0.03072,0.0036
10000,legacy_group_reference,2,85,0.03072,0.0032
10000,legacy_group_reference,2,86,0.03072,0.003
10000,legacy_group_reference,2,87,0.03072,0.0031
10000,legacy_group_reference,2,88,0.028672,0.0032
10000,legacy_group_reference,2,89,0.03072,0.0031
10000,legacy_group_reference,2,90,0.031744,0.0031
10000,legacy_group_reference,2,91,0.03072,0.0033
10000,legacy_group_reference,2,92,0.03072,0.0033
10000,legacy_group_reference,2,93,0.029696,0.0033
10000,legacy_group_reference,2,94,0.03072,0.003
10000,legacy_group_reference,2,95,0.03072,0.0033
10000,legacy_group_reference,2,96,0.03072,0.0034
10000,legacy_group_reference,2,97,0.03072,0.0032
10000,legacy_group_reference,2,98,0.028672,0.0032
10000,legacy_group_reference,2,99,0.03072,0.0033
10000,legacy_group_reference,2,100,0.03072,0.0035
10000,legacy_group_reference,2,101,0.03072,0.0032
10000,legacy_group_reference,2,102,0.031744,0.0031
10000,legacy_group_reference,2,103,0.03072,0.0032
10000,legacy_group_reference,2,104,0.03072,0.0033
10000,legacy_group_reference,2,105,0.03072,0.0033
10000,legacy_group_reference,2,106,0.031744,0.003
10000,legacy_group_reference,2,107,0.03072,0.0032
10000,legacy_group_reference,2,108,0.029696,0.0033
10000,legacy_group_reference,2,109,0.029696,0.0033
10000,legacy_group_reference,2,110,0.03072,0.0029
10000,legacy_group_reference,2,111,0.03072,0.0033
10000,legacy_group_reference,2,112,0.03072,0.0033
10000,legacy_group_reference,2,113,0.029696,0.0031
10000,legacy_group_reference,2,114,0.03072,0.003
10000,legacy_group_reference,2,115,0.03072,0.0033
10000,legacy_group_reference,2,116,0.028672,0.0033
10000,legacy_group_reference,2,117,0.03072,0.0032
10000,legacy_group_reference,2,118,0.029696,0.003
10000,legacy_group_reference,2,119,0.03072,0.003
10000,current_group,0,0,0.03072,0.0044
10000,current_group,0,1,0.028672,0.004
10000,current_group,0,2,0.03072,0.0042
10000,current_group,0,3,0.036864,0.0044
10000,current_group,0,4,0.037888,0.0044
10000,current_group,0,5,0.028672,0.0042
10000,current_group,0,6,0.034816,0.0045
10000,current_group,0,7,0.028672,0.0034
10000,current_group,0,8,0.03072,0.0042
10000,current_group,0,9,0.03584,0.0041
10000,current_group,0,10,0.031744,0.0052
10000,current_group,0,11,0.036864,0.0049
10000,current_group,0,12,0.03072,0.0111
10000,current_group,0,13,0.029696,0.005
10000,current_group,0,14,0.031744,0.0042
10000,current_group,0,15,0.029696,0.0069
10000,current_group,0,16,0.03072,0.0059
10000,current_group,0,17,0.028672,0.0043
10000,current_group,0,18,0.03072,0.0038
10000,current_group,0,19,0.03584,0.004
10000,current_group,0,20,0.03072,0.0043
10000,current_group,0,21,0.029696,0.0045
10000,current_group,0,22,0.03072,0.0045
10000,current_group,0,23,0.03584,0.0045
10000,current_group,0,24,0.037888,0.0041
10000,current_group,0,25,0.03584,0.0044
10000,current_group,0,26,0.03072,0.0043
10000,current_group,0,27,0.03584,0.0035
10000,current_group,0,28,0.03072,0.0033
10000,current_group,0,29,0.03584,0.0032
10000,current_group,0,30,0.03072,0.0037
10000,current_group,0,31,0.03584,0.0036
10000,current_group,0,32,0.027648,0.0037
10000,current_group,0,33,0.036864,0.0043
10000,current_group,0,34,0.037888,0.0039
10000,current_group,0,35,0.029696,0.0064
10000,current_group,0,36,0.031744,0.0053
10000,current_group,0,37,0.03584,0.0034
10000,current_group,0,38,0.03072,0.0058
10000,current_group,0,39,0.036864,0.0053
10000,current_group,0,40,0.03072,0.0042
10000,current_group,0,41,0.029696,0.005
10000,current_group,0,42,0.03072,0.0041
10000,current_group,0,43,0.03584,0.0049
10000,current_group,0,44,0.037888,0.0049
10000,current_group,0,45,0.036864,0.0032
10000,current_group,0,46,0.03072,0.0035
10000,current_group,0,47,0.028672,0.0035
10000,current_group,0,48,0.029696,0.0038
10000,current_group,0,49,0.028672,0.0032
10000,current_group,0,50,0.031744,0.0035
10000,current_group,0,51,0.036864,0.0043
10000,current_group,0,52,0.03072,0.0036
10000,current_group,0,53,0.03584,0.0032
10000,current_group,0,54,0.038912,0.0038
10000,current_group,0,55,0.029696,0.0037
10000,current_group,0,56,0.03072,0.0034
10000,current_group,0,57,0.03584,0.0032
10000,current_group,0,58,0.03072,0.0034
10000,current_group,0,59,0.03584,0.0037
10000,current_group,0,60,0.03072,0.0045
10000,current_group,0,61,0.028672,0.0033
10000,current_group,0,62,0.03072,0.0032
10000,current_group,0,63,0.03584,0.0032
10000,current_group,0,64,0.037888,0.0033
10000,current_group,0,65,0.03584,0.0042
10000,current_group,0,66,0.03072,0.0036
10000,current_group,0,67,0.03584,0.0034
10000,current_group,0,68,0.029696,0.0034
10000,current_group,0,69,0.028672,0.0032
10000,current_group,0,70,0.03072,0.0034
10000,current_group,0,71,0.036864,0.0037
10000,current_group,0,72,0.03072,0.0034
10000,current_group,0,73,0.03584,0.0032
10000,current_group,0,74,0.038912,0.0037
10000,current_group,0,75,0.036864,0.0043
10000,current_group,0,76,0.03072,0.0059
10000,current_group,0,77,0.03584,0.0044
10000,current_group,0,78,0.029696,0.0062
10000,current_group,0,79,0.029696,0.0066
10000,current_group,0,80,0.031744,0.0064
10000,current_group,0,81,0.036864,0.0052
10000,current_group,0,82,0.03072,0.0044
10000,current_group,0,83,0.028672,0.0044
10000,current_group,0,84,0.037888,0.0067
10000,current_group,0,85,0.03584,0.0047
10000,current_group,0,86,0.03072,0.0033
10000,current_group,0,87,0.028672,0.0034
10000,current_group,0,88,0.03072,0.0033
10000,current_group,0,89,0.028672,0.0033
10000,current_group,0,90,0.03072,0.0054
10000,current_group,0,91,0.036864,0.0054
10000,current_group,0,92,0.033792,0.004
10000,current_group,0,93,0.031744,0.0045
10000,current_group,0,94,0.031744,0.0048
10000,current_group,0,95,0.031744,0.0043
10000,current_group,0,96,0.031744,0.0044
10000,current_group,0,97,0.031744,0.0034
10000,current_group,0,98,0.031744,0.0032
10000,current_group,0,99,0.031744,0.0032
10000,current_group,0,100,0.031744,0.0031
10000,current_group,0,101,0.031744,0.0035
10000,current_group,0,102,0.031744,0.0044
10000,current_group,0,103,0.03072,0.0044
10000,current_group,0,104,0.031744,0.0041
10000,current_group,0,105,0.031744,0.004
10000,current_group,0,106,0.031744,0.0041
10000,current_group,0,107,0.031744,0.0038
10000,current_group,0,108,0.032768,0.0046
10000,current_group,0,109,0.031744,0.0042
10000,current_group,0,110,0.031744,0.0033
10000,current_group,0,111,0.031744,0.0036
10000,current_group,0,112,0.031744,0.0033
10000,current_group,0,113,0.031744,0.0036
10000,current_group,0,114,0.037888,0.0045
10000,current_group,0,115,0.036864,0.0049
10000,current_group,0,116,0.037888,0.0046
10000,current_group,0,117,0.032768,0.0036
10000,current_group,0,118,0.037888,0.0046
10000,current_group,0,119,0.032768,0.0043
10000,current_group,1,0,0.03072,0.0039
10000,current_group,1,1,0.033792,0.0045
10000,current_group,1,2,0.037888,0.0044
10000,current_group,1,3,0.031744,0.0043
10000,current_group,1,4,0.037888,0.0041
10000,current_group,1,5,0.03584,0.0034
10000,current_group,1,6,0.037888,0.0034
10000,current_group,1,7,0.032768,0.005
10000,current_group,1,8,0.037888,0.0035
10000,current_group,1,9,0.032768,0.0043
10000,current_group,1,10,0.037888,0.0044
10000,current_group,1,11,0.03584,0.0044
10000,current_group,1,12,0.037888,0.0046
10000,current_group,1,13,0.031744,0.0044
10000,current_group,1,14,0.037888,0.0034
10000,current_group,1,15,0.03584,0.0035
10000,current_group,1,16,0.03072,0.0033
10000,current_group,1,17,0.032768,0.0045
10000,current_group,1,18,0.036864,0.0037
10000,current_group,1,19,0.031744,0.004
10000,current_group,1,20,0.037888,0.0045
10000,current_group,1,21,0.03584,0.0041
10000,current_group,1,22,0.037888,0.0039
10000,current_group,1,23,0.034816,0.0036
10000,current_group,1,24,0.037888,0.004
10000,current_group,1,25,0.03584,0.0033
10000,current_group,1,26,0.03072,0.0033
10000,current_group,1,27,0.031744,0.0033
10000,current_group,1,28,0.037888,0.0034
10000,current_group,1,29,0.032768,0.0046
10000,current_group,1,30,0.037888,0.0068
10000,current_group,1,31,0.036864,0.0047
10000,current_group,1,32,0.03072,0.0034
10000,current_group,1,33,0.032768,0.0067
10000,current_group,1,34,0.037888,0.0052
10000,current_group,1,35,0.031744,0.0042
10000,current_group,1,36,0.03072,0.0045
10000,current_group,1,37,0.03072,0.0041
10000,current_group,1,38,0.03072,0.0039
10000,current_group,1,39,0.03072,0.0036
10000,current_group,1,40,0.03072,0.0049
10000,current_group,1,41,0.03072,0.0043
10000,current_group,1,42,0.03072,0.0045
10000,current_group,1,43,0.03072,0.0038
10000,current_group,1,44,0.03072,0.0033
10000,current_group,1,45,0.03072,0.0033
10000,current_group,1,46,0.031744,0.0033
10000,current_group,1,47,0.03072,0.0037
10000,current_group,1,48,0.039936,0.0033
10000,current_group,1,49,0.032768,0.0042
10000,current_group,1,50,0.03072,0.0039
10000,current_group,1,51,0.03584,0.0043
10000,current_group,1,52,0.037888,0.0035
10000,current_group,1,53,0.032768,0.0044
10000,current_group,1,54,0.036864,0.0037
10000,current_group,1,55,0.03584,0.0035
10000,current_group,1,56,0.038912,0.0033
10000,current_group,1,57,0.032768,0.0032
10000,current_group,1,58,0.031744,0.0038
10000,current_group,1,59,0.032768,0.0037
10000,current_group,1,60,0.031744,0.0042
10000,current_group,1,61,0.03584,0.0047
10000,current_group,1,62,0.037888,0.0044
10000,current_group,1,63,0.031744,0.0034
10000,current_group,1,64,0.037888,0.0045
10000,current_group,1,65,0.028672,0.0036
10000,current_group,1,66,0.036864,0.0038
10000,current_group,1,67,0.032768,0.0042
10000,current_group,1,68,0.037888,0.0035
10000,current_group,1,69,0.031744,0.0037
10000,current_group,1,70,0.03072,0.0037
10000,current_group,1,71,0.03584,0.0037
10000,current_group,1,72,0.037888,0.0044
10000,current_group,1,73,0.032768,0.0059
10000,current_group,1,74,0.037888,0.0055
10000,current_group,1,75,0.03584,0.0045
10000,current_group,1,76,0.038912,0.0045
10000,current_group,1,77,0.032768,0.0045
10000,current_group,1,78,0.03072,0.0037
10000,current_group,1,79,0.032768,0.0038
10000,current_group,1,80,0.031744,0.0035
10000,current_group,1,81,0.03584,0.0033
10000,current_group,1,82,0.037888,0.0033
10000,current_group,1,83,0.031744,0.0048
10000,current_group,1,84,0.036864,0.0044
10000,current_group,1,85,0.03584,0.0034
10000,current_group,1,86,0.037888,0.0033
10000,current_group,1,87,0.031744,0.0034
10000,current_group,1,88,0.036864,0.0033
10000,current_group,1,89,0.031744,0.0033
10000,current_group,1,90,0.037888,0.0033
10000,current_group,1,91,0.03584,0.0036
10000,current_group,1,92,0.037888,0.0034
10000,current_group,1,93,0.031744,0.0032
10000,current_group,1,94,0.027648,0.0033
10000,current_group,1,95,0.034816,0.0041
10000,current_group,1,96,0.037888,0.0044
10000,current_group,1,97,0.031744,0.0056
10000,current_group,1,98,0.031744,0.0036
10000,current_group,1,99,0.031744,0.0037
10000,current_group,1,100,0.037888,0.0036
10000,current_group,1,101,0.03584,0.0034
10000,current_group,1,102,0.037888,0.0036
10000,current_group,1,103,0.031744,0.0035
10000,current_group,1,104,0.037888,0.0035
10000,current_group,1,105,0.03584,0.0033
10000,current_group,1,106,0.03072,0.0035
10000,current_group,1,107,0.031744,0.0034
10000,current_group,1,108,0.036864,0.0035
10000,current_group,1,109,0.031744,0.0035
10000,current_group,1,110,0.037888,0.0034
10000,current_group,1,111,0.03072,0.0034
10000,current_group,1,112,0.037888,0.0034
10000,current_group,1,113,0.032768,0.0034
10000,current_group,1,114,0.036864,0.0033
10000,current_group,1,115,0.03584,0.0046
10000,current_group,1,116,0.029696,0.0044
10000,current_group,1,117,0.032768,0.0034
10000,current_group,1,118,0.037888,0.0056
10000,current_group,1,119,0.032768,0.005
10000,current_group,2,0,0.028672,0.0038
10000,current_group,2,1,0.033792,0.0045
10000,current_group,2,2,0.03072,0.0039
10000,current_group,2,3,0.032768,0.0035
10000,current_group,2,4,0.037888,0.0049
10000,current_group,2,5,0.03584,0.0034
10000,current_group,2,6,0.029696,0.0035
10000,current_group,2,7,0.032768,0.0034
10000,current_group,2,8,0.036864,0.0063
10000,current_group,2,9,0.031744,0.0034
10000,current_group,2,10,0.03072,0.0034
10000,current_group,2,11,0.03584,0.0034
10000,current_group,2,12,0.036864,0.0036
10000,current_group,2,13,0.032768,0.0035
10000,current_group,2,14,0.037888,0.0035
10000,current_group,2,15,0.03584,0.006
10000,current_group,2,16,0.03072,0.0035
10000,current_group,2,17,0.032768,0.0036
10000,current_group,2,18,0.037888,0.0034
10000,current_group,2,19,0.032768,0.0039
10000,current_group,2,20,0.037888,0.0034
10000,current_group,2,21,0.03584,0.0034
10000,current_group,2,22,0.037888,0.0035
10000,current_group,2,23,0.032768,0.0038
10000,current_group,2,24,0.037888,0.0034
10000,current_group,2,25,0.036864,0.0035
10000,current_group,2,26,0.037888,0.0035
10000,current_group,2,27,0.032768,0.0037
10000,current_group,2,28,0.037888,0.0035
10000,current_group,2,29,0.031744,0.0036
10000,current_group,2,30,0.037888,0.0035
10000,current_group,2,31,0.028672,0.0034
10000,current_group,2,32,0.036864,0.0055
10000,current_group,2,33,0.032768,0.0037
10000,current_group,2,34,0.037888,0.0037
10000,current_group,2,35,0.03584,0.0036
10000,current_group,2,36,0.03072,0.0068
10000,current_group,2,37,0.03584,0.0044
10000,current_group,2,38,0.03072,0.0046
10000,current_group,2,39,0.027648,0.0044
10000,current_group,2,40,0.03072,0.0057
10000,current_group,2,41,0.028672,0.0118
10000,current_group,2,42,0.03072,0.0038
10000,current_group,2,43,0.03584,0.0055
10000,current_group,2,44,0.037888,0.0037
10000,current_group,2,45,0.036864,0.0039
10000,current_group,2,46,0.03072,0.0037
10000,current_group,2,47,0.028672,0.0036
10000,current_group,2,48,0.03072,0.0037
10000,current_group,2,49,0.028672,0.0036
10000,current_group,2,50,0.03072,0.0035
10000,current_group,2,51,0.028672,0.0035
10000,current_group,2,52,0.03072,0.0036
10000,current_group,2,53,0.028672,0.0036
10000,current_group,2,54,0.037888,0.0037
10000,current_group,2,55,0.029696,0.0035
10000,current_group,2,56,0.03072,0.0036
10000,current_group,2,57,0.03584,0.0035
10000,current_group,2,58,0.03072,0.0035
10000,current_group,2,59,0.028672,0.0035
10000,current_group,2,60,0.03072,0.0036
10000,current_group,2,61,0.03584,0.0036
10000,current_group,2,62,0.03072,0.0034
10000,current_group,2,63,0.028672,0.0036
10000,current_group,2,64,0.037888,0.0038
10000,current_group,2,65,0.036864,0.0037
10000,current_group,2,66,0.03072,0.0035
10000,current_group,2,67,0.036864,0.0035
10000,current_group,2,68,0.03072,0.0035
10000,current_group,2,69,0.03584,0.0035
10000,current_group,2,70,0.031744,0.0036
10000,current_group,2,71,0.028672,0.0035
10000,current_group,2,72,0.03072,0.0035
10000,current_group,2,73,0.029696,0.0036
10000,current_group,2,74,0.038912,0.0036
10000,current_group,2,75,0.036864,0.0035
10000,current_group,2,76,0.03072,0.0036
10000,current_group,2,77,0.03584,0.0035
10000,current_group,2,78,0.029696,0.0035
10000,current_group,2,79,0.03584,0.0038
10000,current_group,2,80,0.031744,0.0038
10000,current_group,2,81,0.028672,0.0037
10000,current_group,2,82,0.03072,0.0037
10000,current_group,2,83,0.028672,0.0035
10000,current_group,2,84,0.038912,0.0036
10000,current_group,2,85,0.036864,0.0035
10000,current_group,2,86,0.03072,0.0036
10000,current_group,2,87,0.028672,0.0037
10000,current_group,2,88,0.03072,0.0037
10000,current_group,2,89,0.03584,0.0035
10000,current_group,2,90,0.03072,0.0035
10000,current_group,2,91,0.029696,0.0035
10000,current_group,2,92,0.03072,0.0035
10000,current_group,2,93,0.036864,0.0036
10000,current_group,2,94,0.037888,0.0037
10000,current_group,2,95,0.028672,0.0036
10000,current_group,2,96,0.03072,0.0036
10000,current_group,2,97,0.03584,0.0035
10000,current_group,2,98,0.03072,0.0036
10000,current_group,2,99,0.028672,0.0035
10000,current_group,2,100,0.03072,0.0035
10000,current_group,2,101,0.03584,0.0038
10000,current_group,2,102,0.03072,0.0035
10000,current_group,2,103,0.036864,0.0035
10000,current_group,2,104,0.037888,0.0036
10000,current_group,2,105,0.03584,0.0037
10000,current_group,2,106,0.03072,0.0036
10000,current_group,2,107,0.029696,0.0048
10000,current_group,2,108,0.03072,0.0033
10000,current_group,2,109,0.03584,0.0034
10000,current_group,2,110,0.03072,0.0036
10000,current_group,2,111,0.036864,0.0037
10000,current_group,2,112,0.03072,0.0035
10000,current_group,2,113,0.028672,0.0036
10000,current_group,2,114,0.037888,0.0036
10000,current_group,2,115,0.036864,0.0036
10000,current_group,2,116,0.03072,0.0035
10000,current_group,2,117,0.03584,0.0035
10000,current_group,2,118,0.03072,0.0036
10000,current_group,2,119,0.028672,0.0036
10000,split_pass,0,0,0.023552,7.0E-4
10000,split_pass,0,1,0.022528,0.0026
10000,split_pass,0,2,0.0256,0.0026
10000,split_pass,0,3,0.022528,0.0026
10000,split_pass,0,4,0.023552,0.0027
10000,split_pass,0,5,0.022528,0.0027
10000,split_pass,0,6,0.026624,0.0026
10000,split_pass,0,7,0.022528,0.0026
10000,split_pass,0,8,0.023552,0.0026
10000,split_pass,0,9,0.022528,0.0026
10000,split_pass,0,10,0.0256,0.0026
10000,split_pass,0,11,0.022528,0.0026
10000,split_pass,0,12,0.023552,0.0025
10000,split_pass,0,13,0.022528,0.0026
10000,split_pass,0,14,0.0256,0.0026
10000,split_pass,0,15,0.022528,0.0026
10000,split_pass,0,16,0.023552,0.0026
10000,split_pass,0,17,0.022528,0.0026
10000,split_pass,0,18,0.026624,0.0026
10000,split_pass,0,19,0.022528,0.0026
10000,split_pass,0,20,0.023552,0.0026
10000,split_pass,0,21,0.023552,0.0026
10000,split_pass,0,22,0.026624,0.0027
10000,split_pass,0,23,0.023552,0.0026
10000,split_pass,0,24,0.022528,0.0027
10000,split_pass,0,25,0.022528,0.0026
10000,split_pass,0,26,0.0256,0.0026
10000,split_pass,0,27,0.022528,0.0027
10000,split_pass,0,28,0.023552,0.0025
10000,split_pass,0,29,0.022528,0.0026
10000,split_pass,0,30,0.026624,0.0026
10000,split_pass,0,31,0.023552,0.0026
10000,split_pass,0,32,0.022528,0.0026
10000,split_pass,0,33,0.022528,0.0026
10000,split_pass,0,34,0.0256,0.0026
10000,split_pass,0,35,0.023552,0.0026
10000,split_pass,0,36,0.023552,0.0026
10000,split_pass,0,37,0.023552,0.0026
10000,split_pass,0,38,0.026624,0.0026
10000,split_pass,0,39,0.023552,0.0026
10000,split_pass,0,40,0.023552,0.0027
10000,split_pass,0,41,0.022528,0.0027
10000,split_pass,0,42,0.026624,0.0027
10000,split_pass,0,43,0.022528,0.0026
10000,split_pass,0,44,0.023552,0.0025
10000,split_pass,0,45,0.023552,0.0026
10000,split_pass,0,46,0.026624,0.0026
10000,split_pass,0,47,0.023552,0.0026
10000,split_pass,0,48,0.023552,0.0026
10000,split_pass,0,49,0.022528,0.0026
10000,split_pass,0,50,0.0256,0.0026
10000,split_pass,0,51,0.022528,0.0026
10000,split_pass,0,52,0.023552,0.0026
10000,split_pass,0,53,0.022528,0.0027
10000,split_pass,0,54,0.0256,0.0026
10000,split_pass,0,55,0.023552,0.0026
10000,split_pass,0,56,0.023552,0.0026
10000,split_pass,0,57,0.022528,0.0026
10000,split_pass,0,58,0.026624,0.0027
10000,split_pass,0,59,0.022528,0.0029
10000,split_pass,0,60,0.023552,0.0039
10000,split_pass,0,61,0.023552,0.0038
10000,split_pass,0,62,0.026624,0.0039
10000,split_pass,0,63,0.022528,0.0038
10000,split_pass,0,64,0.022528,0.0038
10000,split_pass,0,65,0.022528,0.0038
10000,split_pass,0,66,0.026624,0.0038
10000,split_pass,0,67,0.023552,0.0038
10000,split_pass,0,68,0.023552,0.0038
10000,split_pass,0,69,0.022528,0.0038
10000,split_pass,0,70,0.0256,0.0038
10000,split_pass,0,71,0.022528,0.0039
10000,split_pass,0,72,0.023552,0.0026
10000,split_pass,0,73,0.022528,0.0026
10000,split_pass,0,74,0.026624,0.0026
10000,split_pass,0,75,0.022528,0.0027
10000,split_pass,0,76,0.023552,0.0026
10000,split_pass,0,77,0.023552,0.0026
10000,split_pass,0,78,0.026624,0.0025
10000,split_pass,0,79,0.022528,0.0025
10000,split_pass,0,80,0.023552,0.0026
10000,split_pass,0,81,0.022528,0.0027
10000,split_pass,0,82,0.0256,0.0026
10000,split_pass,0,83,0.022528,0.0026
10000,split_pass,0,84,0.023552,0.0025
10000,split_pass,0,85,0.022528,0.0026
10000,split_pass,0,86,0.0256,0.0026
10000,split_pass,0,87,0.023552,0.0026
10000,split_pass,0,88,0.023552,0.0026
10000,split_pass,0,89,0.023552,0.0028
10000,split_pass,0,90,0.0256,0.0026
10000,split_pass,0,91,0.022528,0.0025
10000,split_pass,0,92,0.023552,0.0026
10000,split_pass,0,93,0.022528,0.0027
10000,split_pass,0,94,0.026624,0.0027
10000,split_pass,0,95,0.022528,0.0026
10000,split_pass,0,96,0.023552,0.0027
10000,split_pass,0,97,0.022528,0.0026
10000,split_pass,0,98,0.026624,0.0026
10000,split_pass,0,99,0.022528,0.0026
10000,split_pass,0,100,0.022528,0.0025
10000,split_pass,0,101,0.023552,0.0026
10000,split_pass,0,102,0.0256,0.0026
10000,split_pass,0,103,0.022528,0.0025
10000,split_pass,0,104,0.023552,0.0025
10000,split_pass,0,105,0.022528,0.0026
10000,split_pass,0,106,0.0256,0.0026
10000,split_pass,0,107,0.022528,0.0025
10000,split_pass,0,108,0.022528,0.0026
10000,split_pass,0,109,0.022528,0.0026
10000,split_pass,0,110,0.0256,0.0026
10000,split_pass,0,111,0.022528,0.0027
10000,split_pass,0,112,0.023552,0.0026
10000,split_pass,0,113,0.023552,0.0025
10000,split_pass,0,114,0.026624,0.0026
10000,split_pass,0,115,0.022528,0.0026
10000,split_pass,0,116,0.023552,0.0026
10000,split_pass,0,117,0.022528,0.0026
10000,split_pass,0,118,0.026624,0.0026
10000,split_pass,0,119,0.022528,0.0026
10000,split_pass,1,0,0.0256,0.0029
10000,split_pass,1,1,0.0256,0.0031
10000,split_pass,1,2,0.022528,0.0027
10000,split_pass,1,3,0.023552,0.0027
10000,split_pass,1,4,0.023552,0.0026
10000,split_pass,1,5,0.026624,0.0027
10000,split_pass,1,6,0.022528,0.0035
10000,split_pass,1,7,0.023552,0.0039
10000,split_pass,1,8,0.022528,0.0028
10000,split_pass,1,9,0.0256,0.0026
10000,split_pass,1,10,0.022528,0.0029
10000,split_pass,1,11,0.023552,0.003
10000,split_pass,1,12,0.023552,0.0028
10000,split_pass,1,13,0.026624,0.0027
10000,split_pass,1,14,0.022528,0.003
10000,split_pass,1,15,0.023552,0.0029
10000,split_pass,1,16,0.023552,0.0027
10000,split_pass,1,17,0.0256,0.0026
10000,split_pass,1,18,0.022528,0.0029
10000,split_pass,1,19,0.023552,0.0029
10000,split_pass,1,20,0.022528,0.0028
10000,split_pass,1,21,0.0256,0.0027
10000,split_pass,1,22,0.022528,0.0029
10000,split_pass,1,23,0.023552,0.0034
10000,split_pass,1,24,0.022528,0.0027
10000,split_pass,1,25,0.026624,0.0026
10000,split_pass,1,26,0.022528,0.0026
10000,split_pass,1,27,0.023552,0.0026
10000,split_pass,1,28,0.022528,0.0027
10000,split_pass,1,29,0.026624,0.0026
10000,split_pass,1,30,0.022528,0.0026
10000,split_pass,1,31,0.022528,0.0026
10000,split_pass,1,32,0.022528,0.0027
10000,split_pass,1,33,0.026624,0.0025
10000,split_pass,1,34,0.022528,0.0026
10000,split_pass,1,35,0.023552,0.0026
10000,split_pass,1,36,0.023552,0.0026
10000,split_pass,1,37,0.0256,0.0026
10000,split_pass,1,38,0.023552,0.0027
10000,split_pass,1,39,0.023552,0.0026
10000,split_pass,1,40,0.022528,0.0027
10000,split_pass,1,41,0.0256,0.0026
10000,split_pass,1,42,0.022528,0.0027
10000,split_pass,1,43,0.023552,0.0027
10000,split_pass,1,44,0.023552,0.0026
10000,split_pass,1,45,0.0256,0.0026
10000,split_pass,1,46,0.022528,0.0026
10000,split_pass,1,47,0.023552,0.0026
10000,split_pass,1,48,0.023552,0.0026
10000,split_pass,1,49,0.0256,0.0026
10000,split_pass,1,50,0.022528,0.0026
10000,split_pass,1,51,0.023552,0.0026
10000,split_pass,1,52,0.022528,0.0025
10000,split_pass,1,53,0.026624,0.0026
10000,split_pass,1,54,0.022528,0.0027
10000,split_pass,1,55,0.023552,0.0027
10000,split_pass,1,56,0.022528,0.0026
10000,split_pass,1,57,0.0256,0.0027
10000,split_pass,1,58,0.022528,0.0026
10000,split_pass,1,59,0.023552,0.0026
10000,split_pass,1,60,0.023552,0.0026
10000,split_pass,1,61,0.0256,0.0026
10000,split_pass,1,62,0.022528,0.0036
10000,split_pass,1,63,0.023552,0.0027
10000,split_pass,1,64,0.022528,0.0026
10000,split_pass,1,65,0.0256,0.0026
10000,split_pass,1,66,0.023552,0.0026
10000,split_pass,1,67,0.023552,0.0026
10000,split_pass,1,68,0.023552,0.0026
10000,split_pass,1,69,0.0256,0.0026
10000,split_pass,1,70,0.022528,0.0026
10000,split_pass,1,71,0.023552,0.0025
10000,split_pass,1,72,0.022528,0.0026
10000,split_pass,1,73,0.0256,0.0028
10000,split_pass,1,74,0.023552,0.0026
10000,split_pass,1,75,0.023552,0.0026
10000,split_pass,1,76,0.022528,0.0026
10000,split_pass,1,77,0.026624,0.0026
10000,split_pass,1,78,0.023552,0.0026
10000,split_pass,1,79,0.023552,0.0025
10000,split_pass,1,80,0.022528,0.0027
10000,split_pass,1,81,0.026624,0.0026
10000,split_pass,1,82,0.023552,0.0026
10000,split_pass,1,83,0.023552,0.0026
10000,split_pass,1,84,0.022528,0.0026
10000,split_pass,1,85,0.026624,0.0027
10000,split_pass,1,86,0.022528,0.0026
10000,split_pass,1,87,0.022528,0.0026
10000,split_pass,1,88,0.023552,0.0026
10000,split_pass,1,89,0.026624,0.0045
10000,split_pass,1,90,0.023552,0.0026
10000,split_pass,1,91,0.023552,0.0027
10000,split_pass,1,92,0.023552,0.0026
10000,split_pass,1,93,0.0256,0.0026
10000,split_pass,1,94,0.023552,0.0026
10000,split_pass,1,95,0.023552,0.0026
10000,split_pass,1,96,0.023552,0.0025
10000,split_pass,1,97,0.0256,0.0026
10000,split_pass,1,98,0.023552,0.0026
10000,split_pass,1,99,0.023552,0.0026
10000,split_pass,1,100,0.023552,0.0026
10000,split_pass,1,101,0.026624,0.0026
10000,split_pass,1,102,0.023552,0.0026
10000,split_pass,1,103,0.023552,0.0026
10000,split_pass,1,104,0.022528,0.0026
10000,split_pass,1,105,0.026624,0.0027
10000,split_pass,1,106,0.023552,0.0026
10000,split_pass,1,107,0.023552,0.0025
10000,split_pass,1,108,0.023552,0.0026
10000,split_pass,1,109,0.026624,0.0026
10000,split_pass,1,110,0.022528,0.0026
10000,split_pass,1,111,0.022528,0.0026
10000,split_pass,1,112,0.022528,0.0037
10000,split_pass,1,113,0.0256,0.0027
10000,split_pass,1,114,0.023552,0.0027
10000,split_pass,1,115,0.023552,0.0026
10000,split_pass,1,116,0.022528,0.0026
10000,split_pass,1,117,0.026624,0.0026
10000,split_pass,1,118,0.022528,0.0026
10000,split_pass,1,119,0.023552,0.0027
10000,split_pass,2,0,0.0256,0.0034
10000,split_pass,2,1,0.023552,0.0027
10000,split_pass,2,2,0.022528,0.0027
10000,split_pass,2,3,0.023552,0.0027
10000,split_pass,2,4,0.0256,0.0026
10000,split_pass,2,5,0.022528,0.0026
10000,split_pass,2,6,0.023552,0.0026
10000,split_pass,2,7,0.022528,0.0026
10000,split_pass,2,8,0.0256,0.0026
10000,split_pass,2,9,0.022528,0.0026
10000,split_pass,2,10,0.023552,0.0026
10000,split_pass,2,11,0.022528,0.0026
10000,split_pass,2,12,0.0256,0.0026
10000,split_pass,2,13,0.022528,0.0026
10000,split_pass,2,14,0.023552,0.0025
10000,split_pass,2,15,0.023552,0.0026
10000,split_pass,2,16,0.0256,0.0026
10000,split_pass,2,17,0.022528,0.0026
10000,split_pass,2,18,0.023552,0.0026
10000,split_pass,2,19,0.023552,0.0026
10000,split_pass,2,20,0.026624,0.0026
10000,split_pass,2,21,0.023552,0.0026
10000,split_pass,2,22,0.023552,0.0026
10000,split_pass,2,23,0.022528,0.0026
10000,split_pass,2,24,0.026624,0.0026
10000,split_pass,2,25,0.022528,0.0026
10000,split_pass,2,26,0.023552,0.0026
10000,split_pass,2,27,0.022528,0.0026
10000,split_pass,2,28,0.0256,0.0026
10000,split_pass,2,29,0.022528,0.0027
10000,split_pass,2,30,0.023552,0.0026
10000,split_pass,2,31,0.022528,0.0026
10000,split_pass,2,32,0.0256,0.0026
10000,split_pass,2,33,0.022528,0.0026
10000,split_pass,2,34,0.023552,0.0026
10000,split_pass,2,35,0.022528,0.0026
10000,split_pass,2,36,0.026624,0.0026
10000,split_pass,2,37,0.022528,0.0026
10000,split_pass,2,38,0.022528,0.0026
10000,split_pass,2,39,0.022528,0.0026
10000,split_pass,2,40,0.0256,0.0026
10000,split_pass,2,41,0.022528,0.0027
10000,split_pass,2,42,0.022528,0.0026
10000,split_pass,2,43,0.022528,0.0026
10000,split_pass,2,44,0.0256,0.0027
10000,split_pass,2,45,0.022528,0.0026
10000,split_pass,2,46,0.023552,0.0026
10000,split_pass,2,47,0.022528,0.0026
10000,split_pass,2,48,0.0256,0.0027
10000,split_pass,2,49,0.022528,0.0026
10000,split_pass,2,50,0.023552,0.0026
10000,split_pass,2,51,0.022528,0.0026
10000,split_pass,2,52,0.026624,0.0026
10000,split_pass,2,53,0.023552,0.0026
10000,split_pass,2,54,0.023552,0.0026
10000,split_pass,2,55,0.022528,0.0026
10000,split_pass,2,56,0.0256,0.0026
10000,split_pass,2,57,0.022528,0.0026
10000,split_pass,2,58,0.023552,0.0026
10000,split_pass,2,59,0.022528,0.0026
10000,split_pass,2,60,0.026624,0.0026
10000,split_pass,2,61,0.022528,0.0027
10000,split_pass,2,62,0.023552,0.0025
10000,split_pass,2,63,0.022528,0.0026
10000,split_pass,2,64,0.0256,0.0027
10000,split_pass,2,65,0.023552,0.0026
10000,split_pass,2,66,0.023552,0.0026
10000,split_pass,2,67,0.022528,0.0026
10000,split_pass,2,68,0.0256,0.0026
10000,split_pass,2,69,0.023552,0.0026
10000,split_pass,2,70,0.023552,0.0026
10000,split_pass,2,71,0.022528,0.0026
10000,split_pass,2,72,0.0256,0.0026
10000,split_pass,2,73,0.023552,0.0026
10000,split_pass,2,74,0.023552,0.0026
10000,split_pass,2,75,0.022528,0.0026
10000,split_pass,2,76,0.0256,0.0025
10000,split_pass,2,77,0.022528,0.0027
10000,split_pass,2,78,0.023552,0.0026
10000,split_pass,2,79,0.022528,0.0026
10000,split_pass,2,80,0.0256,0.0026
10000,split_pass,2,81,0.023552,0.0026
10000,split_pass,2,82,0.023552,0.0026
10000,split_pass,2,83,0.022528,0.0026
10000,split_pass,2,84,0.0256,0.0027
10000,split_pass,2,85,0.022528,0.0027
10000,split_pass,2,86,0.023552,0.0026
10000,split_pass,2,87,0.023552,0.0026
10000,split_pass,2,88,0.0256,0.0026
10000,split_pass,2,89,0.022528,0.0026
10000,split_pass,2,90,0.022528,0.0026
10000,split_pass,2,91,0.022528,0.0027
10000,split_pass,2,92,0.026624,0.0026
10000,split_pass,2,93,0.022528,0.0026
10000,split_pass,2,94,0.023552,0.0026
10000,split_pass,2,95,0.023552,0.0026
10000,split_pass,2,96,0.026624,0.0025
10000,split_pass,2,97,0.022528,0.0026
10000,split_pass,2,98,0.023552,0.0027
10000,split_pass,2,99,0.023552,0.0026
10000,split_pass,2,100,0.0256,0.0026
10000,split_pass,2,101,0.022528,0.0026
10000,split_pass,2,102,0.022528,0.0026
10000,split_pass,2,103,0.023552,0.0027
10000,split_pass,2,104,0.0256,0.0026
10000,split_pass,2,105,0.022528,0.0025
10000,split_pass,2,106,0.023552,0.0026
10000,split_pass,2,107,0.022528,0.0026
10000,split_pass,2,108,0.0256,0.0026
10000,split_pass,2,109,0.022528,0.0026
10000,split_pass,2,110,0.022528,0.0036
10000,split_pass,2,111,0.023552,0.0029
10000,split_pass,2,112,0.026624,0.0027
10000,split_pass,2,113,0.023552,0.0026
10000,split_pass,2,114,0.023552,0.0026
10000,split_pass,2,115,0.022528,0.0026
10000,split_pass,2,116,0.026624,0.0026
10000,split_pass,2,117,0.023552,0.0026
10000,split_pass,2,118,0.023552,0.0026
10000,split_pass,2,119,0.022528,0.0026
65536,legacy_group_reference,0,0,0.073728,0.0031
65536,legacy_group_reference,0,1,0.079872,0.0031
65536,legacy_group_reference,0,2,0.072704,0.0029
65536,legacy_group_reference,0,3,0.077824,0.003
65536,legacy_group_reference,0,4,0.072704,0.0031
65536,legacy_group_reference,0,5,0.078848,0.0035
65536,legacy_group_reference,0,6,0.074752,0.003
65536,legacy_group_reference,0,7,0.077824,0.003
65536,legacy_group_reference,0,8,0.073728,0.0033
65536,legacy_group_reference,0,9,0.0768,0.0054
65536,legacy_group_reference,0,10,0.072704,0.0034
65536,legacy_group_reference,0,11,0.077824,0.0034
65536,legacy_group_reference,0,12,0.072704,0.0034
65536,legacy_group_reference,0,13,0.078848,0.0032
65536,legacy_group_reference,0,14,0.072704,0.0034
65536,legacy_group_reference,0,15,0.078848,0.0032
65536,legacy_group_reference,0,16,0.072704,0.0034
65536,legacy_group_reference,0,17,0.074752,0.0034
65536,legacy_group_reference,0,18,0.072704,0.0033
65536,legacy_group_reference,0,19,0.077824,0.0032
65536,legacy_group_reference,0,20,0.072704,0.0033
65536,legacy_group_reference,0,21,0.077824,0.0035
65536,legacy_group_reference,0,22,0.073728,0.0052
65536,legacy_group_reference,0,23,0.077824,0.0035
65536,legacy_group_reference,0,24,0.072704,0.0031
65536,legacy_group_reference,0,25,0.077824,0.0035
65536,legacy_group_reference,0,26,0.072704,0.0031
65536,legacy_group_reference,0,27,0.078848,0.0033
65536,legacy_group_reference,0,28,0.072704,0.0034
65536,legacy_group_reference,0,29,0.077824,0.0033
65536,legacy_group_reference,0,30,0.072704,0.0033
65536,legacy_group_reference,0,31,0.077824,0.0036
65536,legacy_group_reference,0,32,0.073728,0.0032
65536,legacy_group_reference,0,33,0.077824,0.003
65536,legacy_group_reference,0,34,0.072704,0.0033
65536,legacy_group_reference,0,35,0.077824,0.0035
65536,legacy_group_reference,0,36,0.072704,0.0032
65536,legacy_group_reference,0,37,0.077824,0.003
65536,legacy_group_reference,0,38,0.072704,0.0032
65536,legacy_group_reference,0,39,0.073728,0.0121
65536,legacy_group_reference,0,40,0.073728,0.0037
65536,legacy_group_reference,0,41,0.075776,0.0037
65536,legacy_group_reference,0,42,0.073728,0.0031
65536,legacy_group_reference,0,43,0.077824,0.003
65536,legacy_group_reference,0,44,0.073728,0.0031
65536,legacy_group_reference,0,45,0.077824,0.0032
65536,legacy_group_reference,0,46,0.073728,0.0035
65536,legacy_group_reference,0,47,0.077824,0.0032
65536,legacy_group_reference,0,48,0.072704,0.0029
65536,legacy_group_reference,0,49,0.077824,0.0033
65536,legacy_group_reference,0,50,0.073728,0.0033
65536,legacy_group_reference,0,51,0.077824,0.0031
65536,legacy_group_reference,0,52,0.073728,0.0032
65536,legacy_group_reference,0,53,0.078848,0.0033
65536,legacy_group_reference,0,54,0.072704,0.0037
65536,legacy_group_reference,0,55,0.077824,0.0034
65536,legacy_group_reference,0,56,0.072704,0.0032
65536,legacy_group_reference,0,57,0.077824,0.003
65536,legacy_group_reference,0,58,0.072704,0.0028
65536,legacy_group_reference,0,59,0.078848,0.0031
65536,legacy_group_reference,0,60,0.072704,0.0033
65536,legacy_group_reference,0,61,0.078848,0.0031
65536,legacy_group_reference,0,62,0.072704,0.0029
65536,legacy_group_reference,0,63,0.078848,0.0046
65536,legacy_group_reference,0,64,0.072704,0.0034
65536,legacy_group_reference,0,65,0.078848,0.0033
65536,legacy_group_reference,0,66,0.072704,0.0033
65536,legacy_group_reference,0,67,0.077824,0.0033
65536,legacy_group_reference,0,68,0.072704,0.0033
65536,legacy_group_reference,0,69,0.077824,0.0032
65536,legacy_group_reference,0,70,0.073728,0.0033
65536,legacy_group_reference,0,71,0.078848,0.0032
65536,legacy_group_reference,0,72,0.072704,0.0033
65536,legacy_group_reference,0,73,0.077824,0.0035
65536,legacy_group_reference,0,74,0.072704,0.0032
65536,legacy_group_reference,0,75,0.078848,0.0035
65536,legacy_group_reference,0,76,0.07168,0.0033
65536,legacy_group_reference,0,77,0.077824,0.0033
65536,legacy_group_reference,0,78,0.072704,0.0033
65536,legacy_group_reference,0,79,0.077824,0.0031
65536,legacy_group_reference,0,80,0.072704,0.0032
65536,legacy_group_reference,0,81,0.077824,0.0034
65536,legacy_group_reference,0,82,0.072704,0.0033
65536,legacy_group_reference,0,83,0.077824,0.0033
65536,legacy_group_reference,0,84,0.073728,0.0035
65536,legacy_group_reference,0,85,0.077824,0.0032
65536,legacy_group_reference,0,86,0.073728,0.0032
65536,legacy_group_reference,0,87,0.077824,0.0033
65536,legacy_group_reference,0,88,0.072704,0.0034
65536,legacy_group_reference,0,89,0.078848,0.0033
65536,legacy_group_reference,0,90,0.073728,0.0032
65536,legacy_group_reference,0,91,0.077824,0.0033
65536,legacy_group_reference,0,92,0.072704,0.0036
65536,legacy_group_reference,0,93,0.078848,0.0032
65536,legacy_group_reference,0,94,0.072704,0.0034
65536,legacy_group_reference,0,95,0.077824,0.0032
65536,legacy_group_reference,0,96,0.072704,0.0032
65536,legacy_group_reference,0,97,0.077824,0.0033
65536,legacy_group_reference,0,98,0.073728,0.0032
65536,legacy_group_reference,0,99,0.077824,0.0033
65536,legacy_group_reference,0,100,0.072704,0.0032
65536,legacy_group_reference,0,101,0.077824,0.0032
65536,legacy_group_reference,0,102,0.073728,0.0033
65536,legacy_group_reference,0,103,0.077824,0.0031
65536,legacy_group_reference,0,104,0.072704,0.0032
65536,legacy_group_reference,0,105,0.077824,0.0033
65536,legacy_group_reference,0,106,0.072704,0.0033
65536,legacy_group_reference,0,107,0.077824,0.0034
65536,legacy_group_reference,0,108,0.073728,0.0032
65536,legacy_group_reference,0,109,0.077824,0.0035
65536,legacy_group_reference,0,110,0.073728,0.0033
65536,legacy_group_reference,0,111,0.078848,0.0032
65536,legacy_group_reference,0,112,0.072704,0.0032
65536,legacy_group_reference,0,113,0.075776,0.0034
65536,legacy_group_reference,0,114,0.072704,0.0035
65536,legacy_group_reference,0,115,0.078848,0.0033
65536,legacy_group_reference,0,116,0.072704,0.0032
65536,legacy_group_reference,0,117,0.077824,0.0033
65536,legacy_group_reference,0,118,0.072704,0.0033
65536,legacy_group_reference,0,119,0.077824,0.0032
65536,legacy_group_reference,1,0,0.069632,0.0039
65536,legacy_group_reference,1,1,0.069632,0.0038
65536,legacy_group_reference,1,2,0.073728,0.0034
65536,legacy_group_reference,1,3,0.077824,0.0033
65536,legacy_group_reference,1,4,0.072704,0.0032
65536,legacy_group_reference,1,5,0.078848,0.0033
65536,legacy_group_reference,1,6,0.072704,0.0031
65536,legacy_group_reference,1,7,0.077824,0.0034
65536,legacy_group_reference,1,8,0.072704,0.0033
65536,legacy_group_reference,1,9,0.078848,0.0032
65536,legacy_group_reference,1,10,0.072704,0.0031
65536,legacy_group_reference,1,11,0.078848,0.0035
65536,legacy_group_reference,1,12,0.07168,0.0033
65536,legacy_group_reference,1,13,0.077824,0.0033
65536,legacy_group_reference,1,14,0.072704,0.0034
65536,legacy_group_reference,1,15,0.078848,0.0032
65536,legacy_group_reference,1,16,0.073728,0.0032
65536,legacy_group_reference,1,17,0.077824,0.0035
65536,legacy_group_reference,1,18,0.072704,0.0044
65536,legacy_group_reference,1,19,0.078848,0.0034
65536,legacy_group_reference,1,20,0.072704,0.0032
65536,legacy_group_reference,1,21,0.078848,0.0033
65536,legacy_group_reference,1,22,0.072704,0.0031
65536,legacy_group_reference,1,23,0.078848,0.0033
65536,legacy_group_reference,1,24,0.072704,0.0032
65536,legacy_group_reference,1,25,0.078848,0.0033
65536,legacy_group_reference,1,26,0.07168,0.0034
65536,legacy_group_reference,1,27,0.077824,0.0033
65536,legacy_group_reference,1,28,0.072704,0.0033
65536,legacy_group_reference,1,29,0.078848,0.0033
65536,legacy_group_reference,1,30,0.07168,0.0031
65536,legacy_group_reference,1,31,0.077824,0.0032
65536,legacy_group_reference,1,32,0.07168,0.0033
65536,legacy_group_reference,1,33,0.078848,0.0032
65536,legacy_group_reference,1,34,0.072704,0.0033
65536,legacy_group_reference,1,35,0.077824,0.0032
65536,legacy_group_reference,1,36,0.073728,0.0033
65536,legacy_group_reference,1,37,0.077824,0.0032
65536,legacy_group_reference,1,38,0.072704,0.0032
65536,legacy_group_reference,1,39,0.077824,0.0049
65536,legacy_group_reference,1,40,0.072704,0.0052
65536,legacy_group_reference,1,41,0.077824,0.0033
65536,legacy_group_reference,1,42,0.073728,0.0033
65536,legacy_group_reference,1,43,0.077824,0.0034
65536,legacy_group_reference,1,44,0.073728,0.0036
65536,legacy_group_reference,1,45,0.077824,0.0033
65536,legacy_group_reference,1,46,0.072704,0.0034
65536,legacy_group_reference,1,47,0.077824,0.0032
65536,legacy_group_reference,1,48,0.072704,0.0033
65536,legacy_group_reference,1,49,0.078848,0.0033
65536,legacy_group_reference,1,50,0.072704,0.0033
65536,legacy_group_reference,1,51,0.078848,0.0033
65536,legacy_group_reference,1,52,0.072704,0.0033
65536,legacy_group_reference,1,53,0.078848,0.0033
65536,legacy_group_reference,1,54,0.073728,0.0032
65536,legacy_group_reference,1,55,0.078848,0.0032
65536,legacy_group_reference,1,56,0.07168,0.0034
65536,legacy_group_reference,1,57,0.077824,0.0033
65536,legacy_group_reference,1,58,0.073728,0.0033
65536,legacy_group_reference,1,59,0.079872,0.0033
65536,legacy_group_reference,1,60,0.07168,0.0033
65536,legacy_group_reference,1,61,0.077824,0.0032
65536,legacy_group_reference,1,62,0.072704,0.0032
65536,legacy_group_reference,1,63,0.077824,0.0032
65536,legacy_group_reference,1,64,0.072704,0.003
65536,legacy_group_reference,1,65,0.078848,0.0031
65536,legacy_group_reference,1,66,0.072704,0.0032
65536,legacy_group_reference,1,67,0.079872,0.0033
65536,legacy_group_reference,1,68,0.072704,0.0032
65536,legacy_group_reference,1,69,0.078848,0.0032
65536,legacy_group_reference,1,70,0.07168,0.0031
65536,legacy_group_reference,1,71,0.077824,0.0033
65536,legacy_group_reference,1,72,0.072704,0.0033
65536,legacy_group_reference,1,73,0.078848,0.0035
65536,legacy_group_reference,1,74,0.07168,0.0033
65536,legacy_group_reference,1,75,0.077824,0.0034
65536,legacy_group_reference,1,76,0.072704,0.0036
65536,legacy_group_reference,1,77,0.077824,0.0035
65536,legacy_group_reference,1,78,0.07168,0.0032
65536,legacy_group_reference,1,79,0.078848,0.0032
65536,legacy_group_reference,1,80,0.072704,0.0033
65536,legacy_group_reference,1,81,0.078848,0.0032
65536,legacy_group_reference,1,82,0.072704,0.003
65536,legacy_group_reference,1,83,0.077824,0.0033
65536,legacy_group_reference,1,84,0.07168,0.0033
65536,legacy_group_reference,1,85,0.077824,0.0032
65536,legacy_group_reference,1,86,0.072704,0.0032
65536,legacy_group_reference,1,87,0.078848,0.0032
65536,legacy_group_reference,1,88,0.072704,0.0034
65536,legacy_group_reference,1,89,0.078848,0.0032
65536,legacy_group_reference,1,90,0.07168,0.0034
65536,legacy_group_reference,1,91,0.078848,0.0033
65536,legacy_group_reference,1,92,0.07168,0.0033
65536,legacy_group_reference,1,93,0.077824,0.0032
65536,legacy_group_reference,1,94,0.072704,0.0031
65536,legacy_group_reference,1,95,0.078848,0.0032
65536,legacy_group_reference,1,96,0.073728,0.0032
65536,legacy_group_reference,1,97,0.077824,0.0033
65536,legacy_group_reference,1,98,0.07168,0.0033
65536,legacy_group_reference,1,99,0.078848,0.0031
65536,legacy_group_reference,1,100,0.07168,0.0031
65536,legacy_group_reference,1,101,0.079872,0.0033
65536,legacy_group_reference,1,102,0.074752,0.0031
65536,legacy_group_reference,1,103,0.078848,0.0033
65536,legacy_group_reference,1,104,0.072704,0.0033
65536,legacy_group_reference,1,105,0.077824,0.0032
65536,legacy_group_reference,1,106,0.073728,0.0033
65536,legacy_group_reference,1,107,0.078848,0.0035
65536,legacy_group_reference,1,108,0.072704,0.0033
65536,legacy_group_reference,1,109,0.078848,0.0032
65536,legacy_group_reference,1,110,0.073728,0.0031
65536,legacy_group_reference,1,111,0.078848,0.0034
65536,legacy_group_reference,1,112,0.072704,0.0035
65536,legacy_group_reference,1,113,0.079872,0.0032
65536,legacy_group_reference,1,114,0.073728,0.0035
65536,legacy_group_reference,1,115,0.078848,0.0033
65536,legacy_group_reference,1,116,0.072704,0.0031
65536,legacy_group_reference,1,117,0.078848,0.0031
65536,legacy_group_reference,1,118,0.072704,0.0032
65536,legacy_group_reference,1,119,0.078848,0.0032
65536,legacy_group_reference,2,0,0.070656,0.0039
65536,legacy_group_reference,2,1,0.069632,0.0038
65536,legacy_group_reference,2,2,0.07168,0.0032
65536,legacy_group_reference,2,3,0.077824,0.0033
65536,legacy_group_reference,2,4,0.073728,0.0031
65536,legacy_group_reference,2,5,0.077824,0.0032
65536,legacy_group_reference,2,6,0.073728,0.0033
65536,legacy_group_reference,2,7,0.077824,0.0029
65536,legacy_group_reference,2,8,0.072704,0.0031
65536,legacy_group_reference,2,9,0.078848,0.0034
65536,legacy_group_reference,2,10,0.070656,0.0032
65536,legacy_group_reference,2,11,0.078848,0.0035
65536,legacy_group_reference,2,12,0.073728,0.0035
65536,legacy_group_reference,2,13,0.077824,0.0032
65536,legacy_group_reference,2,14,0.073728,0.0032
65536,legacy_group_reference,2,15,0.077824,0.0032
65536,legacy_group_reference,2,16,0.072704,0.0032
65536,legacy_group_reference,2,17,0.077824,0.0032
65536,legacy_group_reference,2,18,0.072704,0.0033
65536,legacy_group_reference,2,19,0.077824,0.0033
65536,legacy_group_reference,2,20,0.07168,0.0033
65536,legacy_group_reference,2,21,0.077824,0.0038
65536,legacy_group_reference,2,22,0.072704,0.0032
65536,legacy_group_reference,2,23,0.077824,0.0031
65536,legacy_group_reference,2,24,0.073728,0.0033
65536,legacy_group_reference,2,25,0.078848,0.0032
65536,legacy_group_reference,2,26,0.073728,0.0057
65536,legacy_group_reference,2,27,0.077824,0.0055
65536,legacy_group_reference,2,28,0.072704,0.003
65536,legacy_group_reference,2,29,0.077824,0.0032
65536,legacy_group_reference,2,30,0.073728,0.0032
65536,legacy_group_reference,2,31,0.078848,0.0034
65536,legacy_group_reference,2,32,0.072704,0.0031
65536,legacy_group_reference,2,33,0.077824,0.003
65536,legacy_group_reference,2,34,0.072704,0.0031
65536,legacy_group_reference,2,35,0.077824,0.0034
65536,legacy_group_reference,2,36,0.073728,0.0033
65536,legacy_group_reference,2,37,0.0768,0.0031
65536,legacy_group_reference,2,38,0.072704,0.0035
65536,legacy_group_reference,2,39,0.077824,0.0034
65536,legacy_group_reference,2,40,0.072704,0.0031
65536,legacy_group_reference,2,41,0.077824,0.0028
65536,legacy_group_reference,2,42,0.073728,0.0032
65536,legacy_group_reference,2,43,0.077824,0.0032
65536,legacy_group_reference,2,44,0.072704,0.0035
65536,legacy_group_reference,2,45,0.077824,0.0031
65536,legacy_group_reference,2,46,0.072704,0.003
65536,legacy_group_reference,2,47,0.077824,0.0036
65536,legacy_group_reference,2,48,0.072704,0.003
65536,legacy_group_reference,2,49,0.077824,0.0029
65536,legacy_group_reference,2,50,0.073728,0.0033
65536,legacy_group_reference,2,51,0.077824,0.0033
65536,legacy_group_reference,2,52,0.073728,0.0031
65536,legacy_group_reference,2,53,0.077824,0.003
65536,legacy_group_reference,2,54,0.072704,0.0033
65536,legacy_group_reference,2,55,0.078848,0.0033
65536,legacy_group_reference,2,56,0.072704,0.003
65536,legacy_group_reference,2,57,0.077824,0.003
65536,legacy_group_reference,2,58,0.072704,0.0031
65536,legacy_group_reference,2,59,0.077824,0.0035
65536,legacy_group_reference,2,60,0.072704,0.003
65536,legacy_group_reference,2,61,0.077824,0.0031
65536,legacy_group_reference,2,62,0.073728,0.0031
65536,legacy_group_reference,2,63,0.077824,0.0036
65536,legacy_group_reference,2,64,0.072704,0.003
65536,legacy_group_reference,2,65,0.077824,0.0029
65536,legacy_group_reference,2,66,0.072704,0.0031
65536,legacy_group_reference,2,67,0.077824,0.0034
65536,legacy_group_reference,2,68,0.072704,0.0031
65536,legacy_group_reference,2,69,0.078848,0.0031
65536,legacy_group_reference,2,70,0.072704,0.0031
65536,legacy_group_reference,2,71,0.077824,0.0029
65536,legacy_group_reference,2,72,0.072704,0.0032
65536,legacy_group_reference,2,73,0.078848,0.0035
65536,legacy_group_reference,2,74,0.072704,0.0031
65536,legacy_group_reference,2,75,0.077824,0.003
65536,legacy_group_reference,2,76,0.072704,0.0031
65536,legacy_group_reference,2,77,0.077824,0.0035
65536,legacy_group_reference,2,78,0.072704,0.0033
65536,legacy_group_reference,2,79,0.077824,0.003
65536,legacy_group_reference,2,80,0.073728,0.0031
65536,legacy_group_reference,2,81,0.077824,0.0035
65536,legacy_group_reference,2,82,0.073728,0.003
65536,legacy_group_reference,2,83,0.077824,0.0029
65536,legacy_group_reference,2,84,0.072704,0.0032
65536,legacy_group_reference,2,85,0.077824,0.0033
65536,legacy_group_reference,2,86,0.072704,0.0032
65536,legacy_group_reference,2,87,0.077824,0.0029
65536,legacy_group_reference,2,88,0.073728,0.0032
65536,legacy_group_reference,2,89,0.078848,0.0033
65536,legacy_group_reference,2,90,0.072704,0.003
65536,legacy_group_reference,2,91,0.078848,0.0029
65536,legacy_group_reference,2,92,0.072704,0.0034
65536,legacy_group_reference,2,93,0.077824,0.0034
65536,legacy_group_reference,2,94,0.073728,0.003
65536,legacy_group_reference,2,95,0.077824,0.0029
65536,legacy_group_reference,2,96,0.073728,0.0031
65536,legacy_group_reference,2,97,0.077824,0.0033
65536,legacy_group_reference,2,98,0.072704,0.003
65536,legacy_group_reference,2,99,0.077824,0.0031
65536,legacy_group_reference,2,100,0.073728,0.0032
65536,legacy_group_reference,2,101,0.077824,0.003
65536,legacy_group_reference,2,102,0.072704,0.0029
65536,legacy_group_reference,2,103,0.078848,0.0031
65536,legacy_group_reference,2,104,0.072704,0.0033
65536,legacy_group_reference,2,105,0.0768,0.003
65536,legacy_group_reference,2,106,0.073728,0.003
65536,legacy_group_reference,2,107,0.077824,0.0031
65536,legacy_group_reference,2,108,0.073728,0.003
65536,legacy_group_reference,2,109,0.077824,0.003
65536,legacy_group_reference,2,110,0.072704,0.0031
65536,legacy_group_reference,2,111,0.078848,0.0034
65536,legacy_group_reference,2,112,0.072704,0.0031
65536,legacy_group_reference,2,113,0.078848,0.003
65536,legacy_group_reference,2,114,0.072704,0.0031
65536,legacy_group_reference,2,115,0.077824,0.0036
65536,legacy_group_reference,2,116,0.072704,0.0031
65536,legacy_group_reference,2,117,0.077824,0.003
65536,legacy_group_reference,2,118,0.073728,0.0032
65536,legacy_group_reference,2,119,0.078848,0.0034
65536,current_group,0,0,0.073728,0.0048
65536,current_group,0,1,0.079872,0.0036
65536,current_group,0,2,0.07168,0.0037
65536,current_group,0,3,0.078848,0.0039
65536,current_group,0,4,0.072704,0.0057
65536,current_group,0,5,0.078848,0.0049
65536,current_group,0,6,0.072704,0.003
65536,current_group,0,7,0.077824,0.0032
65536,current_group,0,8,0.07168,0.0031
65536,current_group,0,9,0.077824,0.005
65536,current_group,0,10,0.073728,0.0034
65536,current_group,0,11,0.078848,0.0038
65536,current_group,0,12,0.07168,0.0032
65536,current_group,0,13,0.078848,0.0033
65536,current_group,0,14,0.072704,0.0035
65536,current_group,0,15,0.077824,0.0037
65536,current_group,0,16,0.072704,0.0034
65536,current_group,0,17,0.078848,0.0032
65536,current_group,0,18,0.072704,0.0033
65536,current_group,0,19,0.078848,0.0037
65536,current_group,0,20,0.072704,0.0035
65536,current_group,0,21,0.077824,0.0033
65536,current_group,0,22,0.07168,0.0036
65536,current_group,0,23,0.078848,0.0038
65536,current_group,0,24,0.072704,0.0033
65536,current_group,0,25,0.079872,0.003
65536,current_group,0,26,0.072704,0.0032
65536,current_group,0,27,0.073728,0.0035
65536,current_group,0,28,0.07168,0.0035
65536,current_group,0,29,0.078848,0.0036
65536,current_group,0,30,0.073728,0.0039
65536,current_group,0,31,0.078848,0.0031
65536,current_group,0,32,0.072704,0.0032
65536,current_group,0,33,0.077824,0.0036
65536,current_group,0,34,0.07168,0.004
65536,current_group,0,35,0.078848,0.0031
65536,current_group,0,36,0.072704,0.0034
65536,current_group,0,37,0.077824,0.0039
65536,current_group,0,38,0.072704,0.0034
65536,current_group,0,39,0.077824,0.003
65536,current_group,0,40,0.072704,0.0034
65536,current_group,0,41,0.077824,0.0036
65536,current_group,0,42,0.07168,0.0032
65536,current_group,0,43,0.077824,0.0032
65536,current_group,0,44,0.072704,0.0032
65536,current_group,0,45,0.077824,0.0037
65536,current_group,0,46,0.073728,0.0031
65536,current_group,0,47,0.078848,0.0031
65536,current_group,0,48,0.07168,0.0034
65536,current_group,0,49,0.077824,0.0034
65536,current_group,0,50,0.072704,0.0031
65536,current_group,0,51,0.078848,0.0029
65536,current_group,0,52,0.072704,0.0034
65536,current_group,0,53,0.078848,0.0037
65536,current_group,0,54,0.072704,0.0035
65536,current_group,0,55,0.077824,0.0032
65536,current_group,0,56,0.073728,0.0033
65536,current_group,0,57,0.077824,0.0033
65536,current_group,0,58,0.072704,0.0032
65536,current_group,0,59,0.077824,0.0031
65536,current_group,0,60,0.07168,0.0034
65536,current_group,0,61,0.077824,0.0039
65536,current_group,0,62,0.072704,0.0033
65536,current_group,0,63,0.078848,0.0029
65536,current_group,0,64,0.07168,0.0028
65536,current_group,0,65,0.072704,0.003
65536,current_group,0,66,0.072704,0.0034
65536,current_group,0,67,0.078848,0.003
65536,current_group,0,68,0.072704,0.0039
65536,current_group,0,69,0.078848,0.0039
65536,current_group,0,70,0.072704,0.0039
65536,current_group,0,71,0.078848,0.0039
65536,current_group,0,72,0.072704,0.0033
65536,current_group,0,73,0.077824,0.0038
65536,current_group,0,74,0.072704,0.0032
65536,current_group,0,75,0.078848,0.0032
65536,current_group,0,76,0.072704,0.0034
65536,current_group,0,77,0.078848,0.0034
65536,current_group,0,78,0.072704,0.0031
65536,current_group,0,79,0.078848,0.003
65536,current_group,0,80,0.07168,0.0033
65536,current_group,0,81,0.078848,0.0037
65536,current_group,0,82,0.073728,0.0034
65536,current_group,0,83,0.078848,0.0033
65536,current_group,0,84,0.072704,0.0035
65536,current_group,0,85,0.078848,0.0037
65536,current_group,0,86,0.072704,0.0031
65536,current_group,0,87,0.078848,0.0031
65536,current_group,0,88,0.072704,0.0033
65536,current_group,0,89,0.078848,0.0037
65536,current_group,0,90,0.072704,0.0033
65536,current_group,0,91,0.078848,0.0031
65536,current_group,0,92,0.07168,0.0033
65536,current_group,0,93,0.073728,0.0062
65536,current_group,0,94,0.069632,0.0044
65536,current_group,0,95,0.072704,0.0035
65536,current_group,0,96,0.072704,0.0038
65536,current_group,0,97,0.078848,0.0032
65536,current_group,0,98,0.073728,0.0031
65536,current_group,0,99,0.077824,0.0034
65536,current_group,0,100,0.072704,0.005
65536,current_group,0,101,0.079872,0.0031
65536,current_group,0,102,0.072704,0.0032
65536,current_group,0,103,0.077824,0.0032
65536,current_group,0,104,0.072704,0.0032
65536,current_group,0,105,0.077824,0.0031
65536,current_group,0,106,0.072704,0.003
65536,current_group,0,107,0.078848,0.0032
65536,current_group,0,108,0.072704,0.0032
65536,current_group,0,109,0.078848,0.003
65536,current_group,0,110,0.07168,0.0045
65536,current_group,0,111,0.074752,0.0033
65536,current_group,0,112,0.072704,0.003
65536,current_group,0,113,0.07168,0.0032
65536,current_group,0,114,0.07168,0.0035
65536,current_group,0,115,0.078848,0.0033
65536,current_group,0,116,0.072704,0.0033
65536,current_group,0,117,0.078848,0.0036
65536,current_group,0,118,0.072704,0.0031
65536,current_group,0,119,0.078848,0.0029
65536,current_group,1,0,0.070656,0.0039
65536,current_group,1,1,0.069632,0.0031
65536,current_group,1,2,0.072704,0.0053
65536,current_group,1,3,0.078848,0.003
65536,current_group,1,4,0.072704,0.0032
65536,current_group,1,5,0.078848,0.0034
65536,current_group,1,6,0.073728,0.0032
65536,current_group,1,7,0.077824,0.003
65536,current_group,1,8,0.072704,0.0031
65536,current_group,1,9,0.077824,0.0034
65536,current_group,1,10,0.073728,0.0049
65536,current_group,1,11,0.078848,0.0045
65536,current_group,1,12,0.073728,0.0033
65536,current_group,1,13,0.077824,0.003
65536,current_group,1,14,0.072704,0.0034
65536,current_group,1,15,0.078848,0.0031
65536,current_group,1,16,0.07168,0.0029
65536,current_group,1,17,0.077824,0.0033
65536,current_group,1,18,0.073728,0.0034
65536,current_group,1,19,0.0768,0.0031
65536,current_group,1,20,0.072704,0.0029
65536,current_group,1,21,0.078848,0.0032
65536,current_group,1,22,0.073728,0.0035
65536,current_group,1,23,0.077824,0.0032
65536,current_group,1,24,0.072704,0.0031
65536,current_group,1,25,0.077824,0.0033
65536,current_group,1,26,0.072704,0.0031
65536,current_group,1,27,0.078848,0.0029
65536,current_group,1,28,0.072704,0.0033
65536,current_group,1,29,0.078848,0.0039
65536,current_group,1,30,0.072704,0.0035
65536,current_group,1,31,0.077824,0.0035
65536,current_group,1,32,0.072704,0.0032
65536,current_group,1,33,0.077824,0.003
65536,current_group,1,34,0.073728,0.0031
65536,current_group,1,35,0.077824,0.0034
65536,current_group,1,36,0.072704,0.003
65536,current_group,1,37,0.079872,0.0029
65536,current_group,1,38,0.073728,0.0033
65536,current_group,1,39,0.077824,0.0065
65536,current_group,1,40,0.073728,0.0045
65536,current_group,1,41,0.077824,0.0044
65536,current_group,1,42,0.072704,0.0033
65536,current_group,1,43,0.077824,0.0032
65536,current_group,1,44,0.07168,0.003
65536,current_group,1,45,0.078848,0.0031
65536,current_group,1,46,0.072704,0.0043
65536,current_group,1,47,0.078848,0.0032
65536,current_group,1,48,0.073728,0.0034
65536,current_group,1,49,0.0768,0.0039
65536,current_group,1,50,0.072704,0.0033
65536,current_group,1,51,0.077824,0.0032
65536,current_group,1,52,0.072704,0.0049
65536,current_group,1,53,0.077824,0.0034
65536,current_group,1,54,0.072704,0.0032
65536,current_group,1,55,0.077824,0.0033
65536,current_group,1,56,0.073728,0.0031
65536,current_group,1,57,0.078848,0.0032
65536,current_group,1,58,0.072704,0.0031
65536,current_group,1,59,0.078848,0.0031
65536,current_group,1,60,0.072704,0.0033
65536,current_group,1,61,0.078848,0.0032
65536,current_group,1,62,0.073728,0.0032
65536,current_group,1,63,0.077824,0.0031
65536,current_group,1,64,0.073728,0.003
65536,current_group,1,65,0.077824,0.003
65536,current_group,1,66,0.072704,0.005
65536,current_group,1,67,0.078848,0.0058
65536,current_group,1,68,0.073728,0.0037
65536,current_group,1,69,0.078848,0.0036
65536,current_group,1,70,0.073728,0.0035
65536,current_group,1,71,0.078848,0.0033
65536,current_group,1,72,0.072704,0.003
65536,current_group,1,73,0.077824,0.0033
65536,current_group,1,74,0.072704,0.0036
65536,current_group,1,75,0.078848,0.0032
65536,current_group,1,76,0.073728,0.0033
65536,current_group,1,77,0.0768,0.0037
65536,current_group,1,78,0.073728,0.0032
65536,current_group,1,79,0.078848,0.0029
65536,current_group,1,80,0.072704,0.0034
65536,current_group,1,81,0.077824,0.0037
65536,current_group,1,82,0.072704,0.0032
65536,current_group,1,83,0.078848,0.003
65536,current_group,1,84,0.073728,0.0037
65536,current_group,1,85,0.077824,0.0038
65536,current_group,1,86,0.073728,0.0033
65536,current_group,1,87,0.077824,0.0032
65536,current_group,1,88,0.072704,0.0033
65536,current_group,1,89,0.078848,0.0036
65536,current_group,1,90,0.072704,0.0032
65536,current_group,1,91,0.078848,0.0032
65536,current_group,1,92,0.072704,0.0033
65536,current_group,1,93,0.077824,0.0035
65536,current_group,1,94,0.072704,0.003
65536,current_group,1,95,0.077824,0.003
65536,current_group,1,96,0.073728,0.0065
65536,current_group,1,97,0.077824,0.0041
65536,current_group,1,98,0.072704,0.0034
65536,current_group,1,99,0.077824,0.0039
65536,current_group,1,100,0.072704,0.0035
65536,current_group,1,101,0.078848,0.0033
65536,current_group,1,102,0.073728,0.0035
65536,current_group,1,103,0.077824,0.0036
65536,current_group,1,104,0.07168,0.0032
65536,current_group,1,105,0.077824,0.0032
65536,current_group,1,106,0.072704,0.0035
65536,current_group,1,107,0.077824,0.004
65536,current_group,1,108,0.072704,0.0034
65536,current_group,1,109,0.077824,0.0034
65536,current_group,1,110,0.072704,0.0035
65536,current_group,1,111,0.078848,0.0035
65536,current_group,1,112,0.07168,0.0033
65536,current_group,1,113,0.078848,0.003
65536,current_group,1,114,0.073728,0.0033
65536,current_group,1,115,0.077824,0.0034
65536,current_group,1,116,0.073728,0.0031
65536,current_group,1,117,0.077824,0.003
65536,current_group,1,118,0.072704,0.0033
65536,current_group,1,119,0.077824,0.0035
65536,current_group,2,0,0.070656,0.0038
65536,current_group,2,1,0.07168,0.0032
65536,current_group,2,2,0.072704,0.005
65536,current_group,2,3,0.078848,0.0034
65536,current_group,2,4,0.072704,0.0031
65536,current_group,2,5,0.077824,0.0034
65536,current_group,2,6,0.072704,0.0034
65536,current_group,2,7,0.077824,0.0033
65536,current_group,2,8,0.072704,0.0032
65536,current_group,2,9,0.077824,0.0037
65536,current_group,2,10,0.072704,0.0032
65536,current_group,2,11,0.078848,0.0031
65536,current_group,2,12,0.072704,0.0033
65536,current_group,2,13,0.078848,0.0032
65536,current_group,2,14,0.072704,0.0034
65536,current_group,2,15,0.079872,0.0027
65536,current_group,2,16,0.07168,0.0032
65536,current_group,2,17,0.077824,0.003
65536,current_group,2,18,0.072704,0.0032
65536,current_group,2,19,0.078848,0.003
65536,current_group,2,20,0.072704,0.0033
65536,current_group,2,21,0.078848,0.0031
65536,current_group,2,22,0.072704,0.0033
65536,current_group,2,23,0.078848,0.0036
65536,current_group,2,24,0.072704,0.0034
65536,current_group,2,25,0.077824,0.0032
65536,current_group,2,26,0.072704,0.0031
65536,current_group,2,27,0.077824,0.0029
65536,current_group,2,28,0.072704,0.0031
65536,current_group,2,29,0.077824,0.0043
65536,current_group,2,30,0.073728,0.0057
65536,current_group,2,31,0.077824,0.004
65536,current_group,2,32,0.07168,0.0036
65536,current_group,2,33,0.077824,0.0031
65536,current_group,2,34,0.072704,0.0049
65536,current_group,2,35,0.073728,0.0061
65536,current_group,2,36,0.073728,0.0036
65536,current_group,2,37,0.074752,0.0035
65536,current_group,2,38,0.073728,0.0039
65536,current_group,2,39,0.073728,0.0032
65536,current_group,2,40,0.074752,0.0031
65536,current_group,2,41,0.074752,0.0035
65536,current_group,2,42,0.073728,0.0037
65536,current_group,2,43,0.08192,0.0034
65536,current_group,2,44,0.073728,0.0035
65536,current_group,2,45,0.073728,0.0038
65536,current_group,2,46,0.072704,0.0032
65536,current_group,2,47,0.075776,0.0031
65536,current_group,2,48,0.072704,0.0034
65536,current_group,2,49,0.078848,0.0036
65536,current_group,2,50,0.07168,0.0033
65536,current_group,2,51,0.079872,0.0031
65536,current_group,2,52,0.074752,0.0034
65536,current_group,2,53,0.075776,0.0038
65536,current_group,2,54,0.070656,0.0032
65536,current_group,2,55,0.077824,0.0032
65536,current_group,2,56,0.070656,0.0035
65536,current_group,2,57,0.075776,0.0066
65536,current_group,2,58,0.069632,0.0755
65536,current_group,2,59,0.075776,0.0035
65536,current_group,2,60,0.070656,0.0033
65536,current_group,2,61,0.074752,0.0032
65536,current_group,2,62,0.070656,0.0031
65536,current_group,2,63,0.075776,0.0037
65536,current_group,2,64,0.070656,0.0034
65536,current_group,2,65,0.075776,0.003
65536,current_group,2,66,0.070656,0.0034
65536,current_group,2,67,0.0768,0.0033
65536,current_group,2,68,0.070656,0.0032
65536,current_group,2,69,0.075776,0.003
65536,current_group,2,70,0.070656,0.0033
65536,current_group,2,71,0.075776,0.0034
65536,current_group,2,72,0.070656,0.0031
65536,current_group,2,73,0.075776,0.003
65536,current_group,2,74,0.070656,0.0033
65536,current_group,2,75,0.077824,0.0033
65536,current_group,2,76,0.07168,0.003
65536,current_group,2,77,0.075776,0.0032
65536,current_group,2,78,0.068608,0.0038
65536,current_group,2,79,0.075776,0.004
65536,current_group,2,80,0.069632,0.0034
65536,current_group,2,81,0.075776,0.0033
65536,current_group,2,82,0.070656,0.0034
65536,current_group,2,83,0.074752,0.0064
65536,current_group,2,84,0.068608,0.0059
65536,current_group,2,85,0.075776,0.0057
65536,current_group,2,86,0.069632,0.0061
65536,current_group,2,87,0.074752,0.0057
65536,current_group,2,88,0.069632,0.0057
65536,current_group,2,89,0.0768,0.0044
65536,current_group,2,90,0.070656,0.0058
65536,current_group,2,91,0.072704,0.0057
65536,current_group,2,92,0.069632,0.0057
65536,current_group,2,93,0.074752,0.0043
65536,current_group,2,94,0.069632,0.0033
65536,current_group,2,95,0.075776,0.0033
65536,current_group,2,96,0.069632,0.0031
65536,current_group,2,97,0.075776,0.003
65536,current_group,2,98,0.070656,0.0032
65536,current_group,2,99,0.075776,0.0032
65536,current_group,2,100,0.068608,0.0042
65536,current_group,2,101,0.078848,0.0043
65536,current_group,2,102,0.069632,0.0057
65536,current_group,2,103,0.075776,0.0032
65536,current_group,2,104,0.069632,0.0035
65536,current_group,2,105,0.074752,0.0042
65536,current_group,2,106,0.069632,0.0032
65536,current_group,2,107,0.074752,0.0035
65536,current_group,2,108,0.070656,0.0035
65536,current_group,2,109,0.075776,0.0035
65536,current_group,2,110,0.069632,0.0033
65536,current_group,2,111,0.075776,0.0033
65536,current_group,2,112,0.069632,0.0036
65536,current_group,2,113,0.075776,0.0034
65536,current_group,2,114,0.070656,0.0033
65536,current_group,2,115,0.074752,0.0033
65536,current_group,2,116,0.069632,0.0066
65536,current_group,2,117,0.074752,0.0042
65536,current_group,2,118,0.069632,0.0037
65536,current_group,2,119,0.075776,0.0037
65536,split_pass,0,0,0.09728,0.0107
65536,split_pass,0,1,0.096256,0.0021
65536,split_pass,0,2,0.096256,0.0027
65536,split_pass,0,3,0.099328,0.0025
65536,split_pass,0,4,0.096256,0.0026
65536,split_pass,0,5,0.096256,0.0026
65536,split_pass,0,6,0.096256,0.0026
65536,split_pass,0,7,0.098304,0.0028
65536,split_pass,0,8,0.09728,0.0026
65536,split_pass,0,9,0.096256,0.0024
65536,split_pass,0,10,0.09728,0.0026
65536,split_pass,0,11,0.098304,0.0027
65536,split_pass,0,12,0.09728,0.0025
65536,split_pass,0,13,0.096256,0.0024
65536,split_pass,0,14,0.096256,0.0025
65536,split_pass,0,15,0.098304,0.0026
65536,split_pass,0,16,0.096256,0.0026
65536,split_pass,0,17,0.096256,0.0025
65536,split_pass,0,18,0.096256,0.0026
65536,split_pass,0,19,0.098304,0.0024
65536,split_pass,0,20,0.096256,0.0028
65536,split_pass,0,21,0.096256,0.0025
65536,split_pass,0,22,0.096256,0.0024
65536,split_pass,0,23,0.099328,0.0026
65536,split_pass,0,24,0.096256,0.0025
65536,split_pass,0,25,0.096256,0.0025
65536,split_pass,0,26,0.09728,0.0025
65536,split_pass,0,27,0.099328,0.0024
65536,split_pass,0,28,0.096256,0.0025
65536,split_pass,0,29,0.095232,0.0027
65536,split_pass,0,30,0.096256,0.0025
65536,split_pass,0,31,0.099328,0.0024
65536,split_pass,0,32,0.095232,0.0027
65536,split_pass,0,33,0.095232,0.0024
65536,split_pass,0,34,0.096256,0.0025
65536,split_pass,0,35,0.098304,0.0024
65536,split_pass,0,36,0.096256,0.0025
65536,split_pass,0,37,0.095232,0.0024
65536,split_pass,0,38,0.096256,0.0026
65536,split_pass,0,39,0.098304,0.0024
65536,split_pass,0,40,0.09728,0.0025
65536,split_pass,0,41,0.096256,0.0025
65536,split_pass,0,42,0.09728,0.0027
65536,split_pass,0,43,0.098304,0.0025
65536,split_pass,0,44,0.096256,0.0026
65536,split_pass,0,45,0.096256,0.0023
65536,split_pass,0,46,0.096256,0.0024
65536,split_pass,0,47,0.099328,0.0024
65536,split_pass,0,48,0.09728,0.0024
65536,split_pass,0,49,0.096256,0.0024
65536,split_pass,0,50,0.09728,0.0025
65536,split_pass,0,51,0.099328,0.0025
65536,split_pass,0,52,0.096256,0.0027
65536,split_pass,0,53,0.096256,0.0026
65536,split_pass,0,54,0.096256,0.0024
65536,split_pass,0,55,0.099328,0.0025
65536,split_pass,0,56,0.096256,0.0026
65536,split_pass,0,57,0.096256,0.0026
65536,split_pass,0,58,0.09728,0.0026
65536,split_pass,0,59,0.099328,0.0025
65536,split_pass,0,60,0.096256,0.0025
65536,split_pass,0,61,0.096256,0.0024
65536,split_pass,0,62,0.096256,0.0024
65536,split_pass,0,63,0.099328,0.0025
65536,split_pass,0,64,0.096256,0.0026
65536,split_pass,0,65,0.096256,0.0025
65536,split_pass,0,66,0.09728,0.0025
65536,split_pass,0,67,0.098304,0.0025
65536,split_pass,0,68,0.096256,0.0026
65536,split_pass,0,69,0.096256,0.0024
65536,split_pass,0,70,0.096256,0.0024
65536,split_pass,0,71,0.098304,0.0024
65536,split_pass,0,72,0.096256,0.0023
65536,split_pass,0,73,0.096256,0.0025
65536,split_pass,0,74,0.096256,0.0024
65536,split_pass,0,75,0.098304,0.0024
65536,split_pass,0,76,0.096256,0.0025
65536,split_pass,0,77,0.095232,0.0024
65536,split_pass,0,78,0.09728,0.0025
65536,split_pass,0,79,0.099328,0.0023
65536,split_pass,0,80,0.096256,0.0024
65536,split_pass,0,81,0.096256,0.0026
65536,split_pass,0,82,0.096256,0.0025
65536,split_pass,0,83,0.098304,0.0025
65536,split_pass,0,84,0.096256,0.0025
65536,split_pass,0,85,0.096256,0.0025
65536,split_pass,0,86,0.096256,0.0026
65536,split_pass,0,87,0.098304,0.0025
65536,split_pass,0,88,0.096256,0.0025
65536,split_pass,0,89,0.09728,0.0024
65536,split_pass,0,90,0.096256,0.0026
65536,split_pass,0,91,0.098304,0.0032
65536,split_pass,0,92,0.096256,0.0034
65536,split_pass,0,93,0.096256,0.0024
65536,split_pass,0,94,0.096256,0.0025
65536,split_pass,0,95,0.098304,0.0025
65536,split_pass,0,96,0.096256,0.0027
65536,split_pass,0,97,0.095232,0.0025
65536,split_pass,0,98,0.09728,0.0026
65536,split_pass,0,99,0.099328,0.0025
65536,split_pass,0,100,0.096256,0.0025
65536,split_pass,0,101,0.095232,0.0025
65536,split_pass,0,102,0.096256,0.0026
65536,split_pass,0,103,0.098304,0.0025
65536,split_pass,0,104,0.096256,0.0026
65536,split_pass,0,105,0.096256,0.0025
65536,split_pass,0,106,0.09728,0.0024
65536,split_pass,0,107,0.098304,0.0023
65536,split_pass,0,108,0.09728,0.0024
65536,split_pass,0,109,0.096256,0.0023
65536,split_pass,0,110,0.096256,0.0023
65536,split_pass,0,111,0.098304,0.0023
65536,split_pass,0,112,0.096256,0.0028
65536,split_pass,0,113,0.096256,0.004
65536,split_pass,0,114,0.09728,0.0027
65536,split_pass,0,115,0.098304,0.0025
65536,split_pass,0,116,0.096256,0.0027
65536,split_pass,0,117,0.096256,0.0024
65536,split_pass,0,118,0.096256,0.0026
65536,split_pass,0,119,0.099328,0.0024
65536,split_pass,1,0,0.096256,0.0032
65536,split_pass,1,1,0.098304,0.0028
65536,split_pass,1,2,0.099328,0.0026
65536,split_pass,1,3,0.096256,0.0025
65536,split_pass,1,4,0.096256,0.0026
65536,split_pass,1,5,0.096256,0.0025
65536,split_pass,1,6,0.098304,0.0027
65536,split_pass,1,7,0.096256,0.0025
65536,split_pass,1,8,0.096256,0.0026
65536,split_pass,1,9,0.096256,0.0025
65536,split_pass,1,10,0.099328,0.0025
65536,split_pass,1,11,0.096256,0.0026
65536,split_pass,1,12,0.096256,0.0026
65536,split_pass,1,13,0.096256,0.0025
65536,split_pass,1,14,0.099328,0.0026
65536,split_pass,1,15,0.096256,0.0024
65536,split_pass,1,16,0.095232,0.0026
65536,split_pass,1,17,0.096256,0.0025
65536,split_pass,1,18,0.098304,0.0026
65536,split_pass,1,19,0.096256,0.0025
65536,split_pass,1,20,0.096256,0.0025
65536,split_pass,1,21,0.096256,0.0025
65536,split_pass,1,22,0.098304,0.0027
65536,split_pass,1,23,0.09728,0.0024
65536,split_pass,1,24,0.096256,0.0025
65536,split_pass,1,25,0.096256,0.0024
65536,split_pass,1,26,0.099328,0.0025
65536,split_pass,1,27,0.09728,0.0025
65536,split_pass,1,28,0.096256,0.0028
65536,split_pass,1,29,0.096256,0.0023
65536,split_pass,1,30,0.099328,0.0024
65536,split_pass,1,31,0.096256,0.0024
65536,split_pass,1,32,0.096256,0.0026
65536,split_pass,1,33,0.096256,0.0025
65536,split_pass,1,34,0.098304,0.0025
65536,split_pass,1,35,0.09728,0.0024
65536,split_pass,1,36,0.096256,0.0025
65536,split_pass,1,37,0.096256,0.0024
65536,split_pass,1,38,0.099328,0.0024
65536,split_pass,1,39,0.096256,0.0023
65536,split_pass,1,40,0.096256,0.0027
65536,split_pass,1,41,0.096256,0.0027
65536,split_pass,1,42,0.099328,0.0024
65536,split_pass,1,43,0.096256,0.0024
65536,split_pass,1,44,0.095232,0.0025
65536,split_pass,1,45,0.096256,0.0024
65536,split_pass,1,46,0.098304,0.0025
65536,split_pass,1,47,0.096256,0.0023
65536,split_pass,1,48,0.09728,0.0026
65536,split_pass,1,49,0.096256,0.0025
65536,split_pass,1,50,0.099328,0.0027
65536,split_pass,1,51,0.09728,0.0024
65536,split_pass,1,52,0.096256,0.0026
65536,split_pass,1,53,0.096256,0.0023
65536,split_pass,1,54,0.099328,0.0026
65536,split_pass,1,55,0.09728,0.0024
65536,split_pass,1,56,0.096256,0.0026
65536,split_pass,1,57,0.096256,0.0024
65536,split_pass,1,58,0.098304,0.0025
65536,split_pass,1,59,0.096256,0.0026
65536,split_pass,1,60,0.096256,0.0026
65536,split_pass,1,61,0.09728,0.0026
65536,split_pass,1,62,0.098304,0.0025
65536,split_pass,1,63,0.096256,0.0025
65536,split_pass,1,64,0.096256,0.0027
65536,split_pass,1,65,0.096256,0.0025
65536,split_pass,1,66,0.099328,0.0025
65536,split_pass,1,67,0.09728,0.0054
65536,split_pass,1,68,0.096256,0.0031
65536,split_pass,1,69,0.096256,0.0025
65536,split_pass,1,70,0.098304,0.0025
65536,split_pass,1,71,0.096256,0.0024
65536,split_pass,1,72,0.095232,0.0025
65536,split_pass,1,73,0.096256,0.0024
65536,split_pass,1,74,0.099328,0.0024
65536,split_pass,1,75,0.096256,0.0024
65536,split_pass,1,76,0.096256,0.0024
65536,split_pass,1,77,0.09728,0.0025
65536,split_pass,1,78,0.098304,0.0024
65536,split_pass,1,79,0.096256,0.0023
65536,split_pass,1,80,0.096256,0.0023
65536,split_pass,1,81,0.096256,0.0023
65536,split_pass,1,82,0.098304,0.0023
65536,split_pass,1,83,0.09728,0.0025
65536,split_pass,1,84,0.096256,0.0026
65536,split_pass,1,85,0.096256,0.0024
65536,split_pass,1,86,0.098304,0.0025
65536,split_pass,1,87,0.096256,0.0024
65536,split_pass,1,88,0.096256,0.0026
65536,split_pass,1,89,0.096256,0.0026
65536,split_pass,1,90,0.098304,0.0025
65536,split_pass,1,91,0.096256,0.0025
65536,split_pass,1,92,0.096256,0.0026
65536,split_pass,1,93,0.096256,0.0024
65536,split_pass,1,94,0.098304,0.0026
65536,split_pass,1,95,0.096256,0.0026
65536,split_pass,1,96,0.096256,0.0026
65536,split_pass,1,97,0.096256,0.0025
65536,split_pass,1,98,0.099328,0.0024
65536,split_pass,1,99,0.096256,0.0026
65536,split_pass,1,100,0.096256,0.0025
65536,split_pass,1,101,0.096256,0.0025
65536,split_pass,1,102,0.098304,0.0026
65536,split_pass,1,103,0.096256,0.0027
65536,split_pass,1,104,0.096256,0.0025
65536,split_pass,1,105,0.096256,0.0024
65536,split_pass,1,106,0.099328,0.0026
65536,split_pass,1,107,0.096256,0.0026
65536,split_pass,1,108,0.096256,0.0024
65536,split_pass,1,109,0.096256,0.0025
65536,split_pass,1,110,0.099328,0.0027
65536,split_pass,1,111,0.09728,0.0026
65536,split_pass,1,112,0.096256,0.0027
65536,split_pass,1,113,0.096256,0.0026
65536,split_pass,1,114,0.099328,0.0026
65536,split_pass,1,115,0.096256,0.0026
65536,split_pass,1,116,0.096256,0.0026
65536,split_pass,1,117,0.096256,0.0025
65536,split_pass,1,118,0.098304,0.0027
65536,split_pass,1,119,0.09728,0.0025
65536,split_pass,2,0,0.098304,0.0037
65536,split_pass,2,1,0.099328,0.0028
65536,split_pass,2,2,0.096256,0.0043
65536,split_pass,2,3,0.096256,0.003
65536,split_pass,2,4,0.096256,0.003
65536,split_pass,2,5,0.099328,0.0028
65536,split_pass,2,6,0.09728,0.0028
65536,split_pass,2,7,0.096256,0.0028
65536,split_pass,2,8,0.09728,0.003
65536,split_pass,2,9,0.098304,0.0027
65536,split_pass,2,10,0.096256,0.0025
65536,split_pass,2,11,0.096256,0.0028
65536,split_pass,2,12,0.096256,0.0029
65536,split_pass,2,13,0.099328,0.0026
65536,split_pass,2,14,0.096256,0.0024
65536,split_pass,2,15,0.096256,0.0026
65536,split_pass,2,16,0.096256,0.0028
65536,split_pass,2,17,0.099328,0.0026
65536,split_pass,2,18,0.096256,0.0024
65536,split_pass,2,19,0.096256,0.0025
65536,split_pass,2,20,0.096256,0.0027
65536,split_pass,2,21,0.098304,0.0027
65536,split_pass,2,22,0.096256,0.0026
65536,split_pass,2,23,0.095232,0.0026
65536,split_pass,2,24,0.096256,0.0028
65536,split_pass,2,25,0.099328,0.0025
65536,split_pass,2,26,0.09728,0.0025
65536,split_pass,2,27,0.096256,0.0027
65536,split_pass,2,28,0.09728,0.003
65536,split_pass,2,29,0.099328,0.0026
65536,split_pass,2,30,0.096256,0.0024
65536,split_pass,2,31,0.096256,0.0026
65536,split_pass,2,32,0.096256,0.0029
65536,split_pass,2,33,0.098304,0.0027
65536,split_pass,2,34,0.096256,0.0026
65536,split_pass,2,35,0.096256,0.0026
65536,split_pass,2,36,0.096256,0.003
65536,split_pass,2,37,0.099328,0.0026
65536,split_pass,2,38,0.09728,0.0024
65536,split_pass,2,39,0.096256,0.0026
65536,split_pass,2,40,0.095232,0.0028
65536,split_pass,2,41,0.098304,0.0026
65536,split_pass,2,42,0.096256,0.0026
65536,split_pass,2,43,0.095232,0.0027
65536,split_pass,2,44,0.096256,0.0028
65536,split_pass,2,45,0.098304,0.0053
65536,split_pass,2,46,0.096256,0.0048
65536,split_pass,2,47,0.096256,0.0047
65536,split_pass,2,48,0.096256,0.0047
65536,split_pass,2,49,0.098304,0.0048
65536,split_pass,2,50,0.09728,0.0039
65536,split_pass,2,51,0.095232,0.0031
65536,split_pass,2,52,0.096256,0.0029
65536,split_pass,2,53,0.098304,0.0027
65536,split_pass,2,54,0.096256,0.0039
65536,split_pass,2,55,0.096256,0.0048
65536,split_pass,2,56,0.09728,0.0032
65536,split_pass,2,57,0.099328,0.004
65536,split_pass,2,58,0.096256,0.0039
65536,split_pass,2,59,0.096256,0.003
65536,split_pass,2,60,0.096256,0.0025
65536,split_pass,2,61,0.098304,0.0033
65536,split_pass,2,62,0.096256,0.0034
65536,split_pass,2,63,0.095232,0.0029
65536,split_pass,2,64,0.096256,0.0028
65536,split_pass,2,65,0.098304,0.0027
65536,split_pass,2,66,0.09728,0.0107
65536,split_pass,2,67,0.096256,0.0029
65536,split_pass,2,68,0.09728,0.0026
65536,split_pass,2,69,0.099328,0.0026
65536,split_pass,2,70,0.096256,0.0038
65536,split_pass,2,71,0.096256,0.0028
65536,split_pass,2,72,0.09728,0.0025
65536,split_pass,2,73,0.100352,0.0028
65536,split_pass,2,74,0.09728,0.0028
65536,split_pass,2,75,0.095232,0.0027
65536,split_pass,2,76,0.09728,0.0025
65536,split_pass,2,77,0.098304,0.0027
65536,split_pass,2,78,0.09728,0.0031
65536,split_pass,2,79,0.095232,0.0027
65536,split_pass,2,80,0.096256,0.0028
65536,split_pass,2,81,0.099328,0.0026
65536,split_pass,2,82,0.095232,0.0034
65536,split_pass,2,83,0.095232,0.0026
65536,split_pass,2,84,0.096256,0.0024
65536,split_pass,2,85,0.098304,0.0024
65536,split_pass,2,86,0.096256,0.0028
65536,split_pass,2,87,0.096256,0.0051
65536,split_pass,2,88,0.096256,0.0036
65536,split_pass,2,89,0.099328,0.0039
65536,split_pass,2,90,0.096256,0.0053
65536,split_pass,2,91,0.098304,0.0052
65536,split_pass,2,92,0.098304,0.0049
65536,split_pass,2,93,0.098304,0.0047
65536,split_pass,2,94,0.098304,0.0027
65536,split_pass,2,95,0.098304,0.0026
65536,split_pass,2,96,0.098304,0.0029
65536,split_pass,2,97,0.098304,0.0027
65536,split_pass,2,98,0.098304,0.0023
65536,split_pass,2,99,0.096256,0.0027
65536,split_pass,2,100,0.096256,0.0029
65536,split_pass,2,101,0.100352,0.0024
65536,split_pass,2,102,0.09728,0.0026
65536,split_pass,2,103,0.096256,0.0028
65536,split_pass,2,104,0.096256,0.0026
65536,split_pass,2,105,0.098304,0.0025
65536,split_pass,2,106,0.096256,0.0028
65536,split_pass,2,107,0.096256,0.0025
65536,split_pass,2,108,0.09728,0.0029
65536,split_pass,2,109,0.099328,0.0028
65536,split_pass,2,110,0.096256,0.0028
65536,split_pass,2,111,0.096256,0.0024
65536,split_pass,2,112,0.096256,0.0027
65536,split_pass,2,113,0.099328,0.0026
65536,split_pass,2,114,0.096256,0.0026
65536,split_pass,2,115,0.096256,0.0028
65536,split_pass,2,116,0.096256,0.0027
65536,split_pass,2,117,0.099328,0.0027
65536,split_pass,2,118,0.096256,0.0027
65536,split_pass,2,119,0.095232,0.0027
131072,legacy_group_reference,0,0,0.2816,0.0293
131072,legacy_group_reference,0,1,0.282624,0.0032
131072,legacy_group_reference,0,2,0.283648,0.0033
131072,legacy_group_reference,0,3,0.279552,0.0029
131072,legacy_group_reference,0,4,0.284672,0.0027
131072,legacy_group_reference,0,5,0.2816,0.0032
131072,legacy_group_reference,0,6,0.285696,0.0033
131072,legacy_group_reference,0,7,0.279552,0.003
131072,legacy_group_reference,0,8,0.285696,0.0029
131072,legacy_group_reference,0,9,0.278528,0.0027
131072,legacy_group_reference,0,10,0.285696,0.0029
131072,legacy_group_reference,0,11,0.280576,0.0032
131072,legacy_group_reference,0,12,0.282624,0.0028
131072,legacy_group_reference,0,13,0.280576,0.0029
131072,legacy_group_reference,0,14,0.2816,0.003
131072,legacy_group_reference,0,15,0.279552,0.0033
131072,legacy_group_reference,0,16,0.284672,0.003
131072,legacy_group_reference,0,17,0.278528,0.0028
131072,legacy_group_reference,0,18,0.284672,0.0029
131072,legacy_group_reference,0,19,0.2816,0.0031
131072,legacy_group_reference,0,20,0.280576,0.0029
131072,legacy_group_reference,0,21,0.283648,0.0028
131072,legacy_group_reference,0,22,0.284672,0.0029
131072,legacy_group_reference,0,23,0.283648,0.0031
131072,legacy_group_reference,0,24,0.28672,0.0029
131072,legacy_group_reference,0,25,0.279552,0.0026
131072,legacy_group_reference,0,26,0.284672,0.003
131072,legacy_group_reference,0,27,0.280576,0.0032
131072,legacy_group_reference,0,28,0.284672,0.0028
131072,legacy_group_reference,0,29,0.280576,0.0027
131072,legacy_group_reference,0,30,0.284672,0.0028
131072,legacy_group_reference,0,31,0.280576,0.0031
131072,legacy_group_reference,0,32,0.280576,0.003
131072,legacy_group_reference,0,33,0.284672,0.0026
131072,legacy_group_reference,0,34,0.2816,0.0028
131072,legacy_group_reference,0,35,0.283648,0.0033
131072,legacy_group_reference,0,36,0.285696,0.0029
131072,legacy_group_reference,0,37,0.280576,0.0028
131072,legacy_group_reference,0,38,0.283648,0.0031
131072,legacy_group_reference,0,39,0.282624,0.0032
131072,legacy_group_reference,0,40,0.282624,0.0029
131072,legacy_group_reference,0,41,0.278528,0.0026
131072,legacy_group_reference,0,42,0.2816,0.003
131072,legacy_group_reference,0,43,0.2816,0.0034
131072,legacy_group_reference,0,44,0.285696,0.0027
131072,legacy_group_reference,0,45,0.2816,0.0026
131072,legacy_group_reference,0,46,0.284672,0.0027
131072,legacy_group_reference,0,47,0.283648,0.0029
131072,legacy_group_reference,0,48,0.285696,0.0038
131072,legacy_group_reference,0,49,0.279552,0.0048
131072,legacy_group_reference,0,50,0.284672,0.0036
131072,legacy_group_reference,0,51,0.282624,0.0035
131072,legacy_group_reference,0,52,0.283648,0.0029
131072,legacy_group_reference,0,53,0.280576,0.0027
131072,legacy_group_reference,0,54,0.284672,0.003
131072,legacy_group_reference,0,55,0.282624,0.0032
131072,legacy_group_reference,0,56,0.283648,0.0029
131072,legacy_group_reference,0,57,0.280576,0.0026
131072,legacy_group_reference,0,58,0.284672,0.0027
131072,legacy_group_reference,0,59,0.280576,0.0029
131072,legacy_group_reference,0,60,0.288768,0.0035
131072,legacy_group_reference,0,61,0.279552,0.0028
131072,legacy_group_reference,0,62,0.282624,0.0028
131072,legacy_group_reference,0,63,0.279552,0.0029
131072,legacy_group_reference,0,64,0.284672,0.0123
131072,legacy_group_reference,0,65,0.279552,0.0033
131072,legacy_group_reference,0,66,0.28672,0.0029
131072,legacy_group_reference,0,67,0.280576,0.0036
131072,legacy_group_reference,0,68,0.282624,0.0031
131072,legacy_group_reference,0,69,0.280576,0.003
131072,legacy_group_reference,0,70,0.285696,0.0028
131072,legacy_group_reference,0,71,0.2816,0.003
131072,legacy_group_reference,0,72,0.279552,0.0031
131072,legacy_group_reference,0,73,0.279552,0.0029
131072,legacy_group_reference,0,74,0.287744,0.0031
131072,legacy_group_reference,0,75,0.283648,0.0031
131072,legacy_group_reference,0,76,0.282624,0.0028
131072,legacy_group_reference,0,77,0.279552,0.0031
131072,legacy_group_reference,0,78,0.28672,0.003
131072,legacy_group_reference,0,79,0.283648,0.0031
131072,legacy_group_reference,0,80,0.284672,0.0028
131072,legacy_group_reference,0,81,0.2816,0.0026
131072,legacy_group_reference,0,82,0.283648,0.0026
131072,legacy_group_reference,0,83,0.282624,0.0028
131072,legacy_group_reference,0,84,0.284672,0.0032
131072,legacy_group_reference,0,85,0.284672,0.0028
131072,legacy_group_reference,0,86,0.284672,0.0027
131072,legacy_group_reference,0,87,0.285696,0.0029
131072,legacy_group_reference,0,88,0.28672,0.0033
131072,legacy_group_reference,0,89,0.2816,0.0028
131072,legacy_group_reference,0,90,0.284672,0.0028
131072,legacy_group_reference,0,91,0.2816,0.0032
131072,legacy_group_reference,0,92,0.284672,0.0026
131072,legacy_group_reference,0,93,0.2816,0.0027
131072,legacy_group_reference,0,94,0.280576,0.0026
131072,legacy_group_reference,0,95,0.282624,0.003
131072,legacy_group_reference,0,96,0.282624,0.0031
131072,legacy_group_reference,0,97,0.279552,0.0029
131072,legacy_group_reference,0,98,0.283648,0.0028
131072,legacy_group_reference,0,99,0.2816,0.0028
131072,legacy_group_reference,0,100,0.283648,0.0031
131072,legacy_group_reference,0,101,0.283648,0.0029
131072,legacy_group_reference,0,102,0.285696,0.0028
131072,legacy_group_reference,0,103,0.280576,0.0029
131072,legacy_group_reference,0,104,0.285696,0.0033
131072,legacy_group_reference,0,105,0.278528,0.0028
131072,legacy_group_reference,0,106,0.284672,0.0027
131072,legacy_group_reference,0,107,0.280576,0.0029
131072,legacy_group_reference,0,108,0.284672,0.0033
131072,legacy_group_reference,0,109,0.282624,0.0029
131072,legacy_group_reference,0,110,0.284672,0.0027
131072,legacy_group_reference,0,111,0.280576,0.003
131072,legacy_group_reference,0,112,0.2816,0.0032
131072,legacy_group_reference,0,113,0.2816,0.0028
131072,legacy_group_reference,0,114,0.282624,0.0028
131072,legacy_group_reference,0,115,0.2816,0.0029
131072,legacy_group_reference,0,116,0.28672,0.0032
131072,legacy_group_reference,0,117,0.284672,0.0027
131072,legacy_group_reference,0,118,0.285696,0.0028
131072,legacy_group_reference,0,119,0.280576,0.0029
131072,legacy_group_reference,1,0,0.277504,0.004
131072,legacy_group_reference,1,1,0.279552,0.0049
131072,legacy_group_reference,1,2,0.283648,0.0038
131072,legacy_group_reference,1,3,0.285696,0.0031
131072,legacy_group_reference,1,4,0.283648,0.0029
131072,legacy_group_reference,1,5,0.279552,0.0028
131072,legacy_group_reference,1,6,0.287744,0.0045
131072,legacy_group_reference,1,7,0.280576,0.004
131072,legacy_group_reference,1,8,0.282624,0.0034
131072,legacy_group_reference,1,9,0.283648,0.0029
131072,legacy_group_reference,1,10,0.284672,0.0028
131072,legacy_group_reference,1,11,0.278528,0.0028
131072,legacy_group_reference,1,12,0.282624,0.0031
131072,legacy_group_reference,1,13,0.282624,0.0027
131072,legacy_group_reference,1,14,0.2816,0.0029
131072,legacy_group_reference,1,15,0.277504,0.003
131072,legacy_group_reference,1,16,0.285696,0.006
131072,legacy_group_reference,1,17,0.2816,0.0044
131072,legacy_group_reference,1,18,0.283648,0.0028
131072,legacy_group_reference,1,19,0.279552,0.0031
131072,legacy_group_reference,1,20,0.282624,0.0032
131072,legacy_group_reference,1,21,0.280576,0.0029
131072,legacy_group_reference,1,22,0.287744,0.0028
131072,legacy_group_reference,1,23,0.282624,0.0031
131072,legacy_group_reference,1,24,0.282624,0.0033
131072,legacy_group_reference,1,25,0.2816,0.0029
131072,legacy_group_reference,1,26,0.28672,0.0029
131072,legacy_group_reference,1,27,0.282624,0.003
131072,legacy_group_reference,1,28,0.283648,0.0028
131072,legacy_group_reference,1,29,0.285696,0.0027
131072,legacy_group_reference,1,30,0.282624,0.0026
131072,legacy_group_reference,1,31,0.279552,0.0028
131072,legacy_group_reference,1,32,0.284672,0.003
131072,legacy_group_reference,1,33,0.280576,0.0032
131072,legacy_group_reference,1,34,0.283648,0.0028
131072,legacy_group_reference,1,35,0.2816,0.0029
131072,legacy_group_reference,1,36,0.283648,0.003
131072,legacy_group_reference,1,37,0.2816,0.003
131072,legacy_group_reference,1,38,0.2816,0.0028
131072,legacy_group_reference,1,39,0.2816,0.0027
131072,legacy_group_reference,1,40,0.283648,0.003
131072,legacy_group_reference,1,41,0.2816,0.0033
131072,legacy_group_reference,1,42,0.288768,0.0028
131072,legacy_group_reference,1,43,0.282624,0.0029
131072,legacy_group_reference,1,44,0.284672,0.0029
131072,legacy_group_reference,1,45,0.283648,0.0032
131072,legacy_group_reference,1,46,0.283648,0.0027
131072,legacy_group_reference,1,47,0.283648,0.0027
131072,legacy_group_reference,1,48,0.283648,0.0028
131072,legacy_group_reference,1,49,0.280576,0.0033
131072,legacy_group_reference,1,50,0.285696,0.0029
131072,legacy_group_reference,1,51,0.279552,0.0027
131072,legacy_group_reference,1,52,0.283648,0.0028
131072,legacy_group_reference,1,53,0.283648,0.0032
131072,legacy_group_reference,1,54,0.2816,0.003
131072,legacy_group_reference,1,55,0.284672,0.0028
131072,legacy_group_reference,1,56,0.284672,0.0028
131072,legacy_group_reference,1,57,0.282624,0.0032
131072,legacy_group_reference,1,58,0.284672,0.0029
131072,legacy_group_reference,1,59,0.32768,0.0028
131072,legacy_group_reference,1,60,0.273408,0.0047
131072,legacy_group_reference,1,61,0.282624,0.003
131072,legacy_group_reference,1,62,0.282624,0.0039
131072,legacy_group_reference,1,63,0.284672,0.0035
131072,legacy_group_reference,1,64,0.283648,0.0031
131072,legacy_group_reference,1,65,0.280576,0.0029
131072,legacy_group_reference,1,66,0.28672,0.0027
131072,legacy_group_reference,1,67,0.282624,0.0027
131072,legacy_group_reference,1,68,0.289792,0.0029
131072,legacy_group_reference,1,69,0.287744,0.0032
131072,legacy_group_reference,1,70,0.282624,0.0029
131072,legacy_group_reference,1,71,0.280576,0.0027
131072,legacy_group_reference,1,72,0.282624,0.003
131072,legacy_group_reference,1,73,0.2816,0.0032
131072,legacy_group_reference,1,74,0.285696,0.0029
131072,legacy_group_reference,1,75,0.2816,0.0028
131072,legacy_group_reference,1,76,0.283648,0.0029
131072,legacy_group_reference,1,77,0.2816,0.0031
131072,legacy_group_reference,1,78,0.283648,0.0029
131072,legacy_group_reference,1,79,0.2816,0.0028
131072,legacy_group_reference,1,80,0.285696,0.003
131072,legacy_group_reference,1,81,0.282624,0.0031
131072,legacy_group_reference,1,82,0.28672,0.0028
131072,legacy_group_reference,1,83,0.2816,0.0026
131072,legacy_group_reference,1,84,0.282624,0.0028
131072,legacy_group_reference,1,85,0.279552,0.0045
131072,legacy_group_reference,1,86,0.2816,0.003
131072,legacy_group_reference,1,87,0.2816,0.0029
131072,legacy_group_reference,1,88,0.285696,0.0048
131072,legacy_group_reference,1,89,0.283648,0.0032
131072,legacy_group_reference,1,90,0.282624,0.0027
131072,legacy_group_reference,1,91,0.280576,0.0028
131072,legacy_group_reference,1,92,0.2816,0.003
131072,legacy_group_reference,1,93,0.282624,0.0036
131072,legacy_group_reference,1,94,0.284672,0.0032
131072,legacy_group_reference,1,95,0.279552,0.0028
131072,legacy_group_reference,1,96,0.284672,0.0032
131072,legacy_group_reference,1,97,0.2816,0.0029
131072,legacy_group_reference,1,98,0.289792,0.003
131072,legacy_group_reference,1,99,0.282624,0.0027
131072,legacy_group_reference,1,100,0.283648,0.0029
131072,legacy_group_reference,1,101,0.278528,0.0034
131072,legacy_group_reference,1,102,0.2816,0.0029
131072,legacy_group_reference,1,103,0.2816,0.0027
131072,legacy_group_reference,1,104,0.283648,0.0028
131072,legacy_group_reference,1,105,0.280576,0.0033
131072,legacy_group_reference,1,106,0.2816,0.003
131072,legacy_group_reference,1,107,0.282624,0.0026
131072,legacy_group_reference,1,108,0.279552,0.003
131072,legacy_group_reference,1,109,0.282624,0.0033
131072,legacy_group_reference,1,110,0.282624,0.0028
131072,legacy_group_reference,1,111,0.282624,0.0027
131072,legacy_group_reference,1,112,0.2816,0.0029
131072,legacy_group_reference,1,113,0.2816,0.0032
131072,legacy_group_reference,1,114,0.287744,0.0095
131072,legacy_group_reference,1,115,0.284672,0.004
131072,legacy_group_reference,1,116,0.284672,0.003
131072,legacy_group_reference,1,117,0.280576,0.0038
131072,legacy_group_reference,1,118,0.283648,0.0028
131072,legacy_group_reference,1,119,0.283648,0.0031
131072,legacy_group_reference,2,0,0.279552,0.0041
131072,legacy_group_reference,2,1,0.2816,0.0048
131072,legacy_group_reference,2,2,0.285696,0.003
131072,legacy_group_reference,2,3,0.280576,0.0039
131072,legacy_group_reference,2,4,0.284672,0.003
131072,legacy_group_reference,2,5,0.282624,0.0029
131072,legacy_group_reference,2,6,0.284672,0.0032
131072,legacy_group_reference,2,7,0.280576,0.0029
131072,legacy_group_reference,2,8,0.283648,0.0028
131072,legacy_group_reference,2,9,0.2816,0.0031
131072,legacy_group_reference,2,10,0.285696,0.0029
131072,legacy_group_reference,2,11,0.279552,0.0029
131072,legacy_group_reference,2,12,0.285696,0.0029
131072,legacy_group_reference,2,13,0.278528,0.0032
131072,legacy_group_reference,2,14,0.284672,0.0028
131072,legacy_group_reference,2,15,0.2816,0.0029
131072,legacy_group_reference,2,16,0.282624,0.0028
131072,legacy_group_reference,2,17,0.283648,0.0031
131072,legacy_group_reference,2,18,0.285696,0.0033
131072,legacy_group_reference,2,19,0.280576,0.0029
131072,legacy_group_reference,2,20,0.284672,0.0029
131072,legacy_group_reference,2,21,0.2816,0.0032
131072,legacy_group_reference,2,22,0.284672,0.0028
131072,legacy_group_reference,2,23,0.279552,0.0026
131072,legacy_group_reference,2,24,0.284672,0.003
131072,legacy_group_reference,2,25,0.280576,0.0032
131072,legacy_group_reference,2,26,0.285696,0.0028
131072,legacy_group_reference,2,27,0.278528,0.0027
131072,legacy_group_reference,2,28,0.285696,0.0026
131072,legacy_group_reference,2,29,0.282624,0.003
131072,legacy_group_reference,2,30,0.285696,0.0031
131072,legacy_group_reference,2,31,0.282624,0.0027
131072,legacy_group_reference,2,32,0.2816,0.0062
131072,legacy_group_reference,2,33,0.283648,0.0042
131072,legacy_group_reference,2,34,0.28672,0.0058
131072,legacy_group_reference,2,35,0.283648,0.0046
131072,legacy_group_reference,2,36,0.28672,0.0045
131072,legacy_group_reference,2,37,0.279552,0.0048
131072,legacy_group_reference,2,38,0.285696,0.0047
131072,legacy_group_reference,2,39,0.282624,0.0035
131072,legacy_group_reference,2,40,0.280576,0.0046
131072,legacy_group_reference,2,41,0.282624,0.0037
131072,legacy_group_reference,2,42,0.282624,0.0036
131072,legacy_group_reference,2,43,0.279552,0.0031
131072,legacy_group_reference,2,44,0.28672,0.0028
131072,legacy_group_reference,2,45,0.2816,0.0032
131072,legacy_group_reference,2,46,0.283648,0.0045
131072,legacy_group_reference,2,47,0.345088,0.0034
131072,legacy_group_reference,2,48,0.301056,0.0038
131072,legacy_group_reference,2,49,0.241664,0.0036
131072,legacy_group_reference,2,50,0.288768,0.0038
131072,legacy_group_reference,2,51,0.288768,0.0031
131072,legacy_group_reference,2,52,0.292864,0.0033
131072,legacy_group_reference,2,53,0.277504,0.003
131072,legacy_group_reference,2,54,0.283648,0.0032
131072,legacy_group_reference,2,55,0.283648,0.0033
131072,legacy_group_reference,2,56,0.284672,0.0028
131072,legacy_group_reference,2,57,0.277504,0.0029
131072,legacy_group_reference,2,58,0.282624,0.0031
131072,legacy_group_reference,2,59,0.283648,0.0032
131072,legacy_group_reference,2,60,0.284672,0.0027
131072,legacy_group_reference,2,61,0.2816,0.0029
131072,legacy_group_reference,2,62,0.278528,0.0034
131072,legacy_group_reference,2,63,0.282624,0.0032
131072,legacy_group_reference,2,64,0.28672,0.003
131072,legacy_group_reference,2,65,0.283648,0.0033
131072,legacy_group_reference,2,66,0.285696,0.003
131072,legacy_group_reference,2,67,0.283648,0.0028
131072,legacy_group_reference,2,68,0.28672,0.0056
131072,legacy_group_reference,2,69,0.284672,0.0032
131072,legacy_group_reference,2,70,0.283648,0.0029
131072,legacy_group_reference,2,71,0.2816,0.0041
131072,legacy_group_reference,2,72,0.282624,0.0033
131072,legacy_group_reference,2,73,0.282624,0.0029
131072,legacy_group_reference,2,74,0.288768,0.0027
131072,legacy_group_reference,2,75,0.283648,0.0031
131072,legacy_group_reference,2,76,0.282624,0.0031
131072,legacy_group_reference,2,77,0.280576,0.0032
131072,legacy_group_reference,2,78,0.280576,0.0029
131072,legacy_group_reference,2,79,0.283648,0.0031
131072,legacy_group_reference,2,80,0.283648,0.0031
131072,legacy_group_reference,2,81,0.280576,0.003
131072,legacy_group_reference,2,82,0.283648,0.0027
131072,legacy_group_reference,2,83,0.2816,0.0031
131072,legacy_group_reference,2,84,0.2816,0.0031
131072,legacy_group_reference,2,85,0.280576,0.0028
131072,legacy_group_reference,2,86,0.28672,0.0028
131072,legacy_group_reference,2,87,0.282624,0.0028
131072,legacy_group_reference,2,88,0.284672,0.0033
131072,legacy_group_reference,2,89,0.279552,0.0031
131072,legacy_group_reference,2,90,0.285696,0.0028
131072,legacy_group_reference,2,91,0.283648,0.0045
131072,legacy_group_reference,2,92,0.284672,0.003
131072,legacy_group_reference,2,93,0.278528,0.003
131072,legacy_group_reference,2,94,0.283648,0.0031
131072,legacy_group_reference,2,95,0.283648,0.0031
131072,legacy_group_reference,2,96,0.284672,0.0032
131072,legacy_group_reference,2,97,0.279552,0.0032
131072,legacy_group_reference,2,98,0.288768,0.0032
131072,legacy_group_reference,2,99,0.279552,0.0029
131072,legacy_group_reference,2,100,0.287744,0.003
131072,legacy_group_reference,2,101,0.279552,0.0031
131072,legacy_group_reference,2,102,0.282624,0.0038
131072,legacy_group_reference,2,103,0.282624,0.0045
131072,legacy_group_reference,2,104,0.282624,0.0028
131072,legacy_group_reference,2,105,0.279552,0.0032
131072,legacy_group_reference,2,106,0.283648,0.0028
131072,legacy_group_reference,2,107,0.279552,0.0031
131072,legacy_group_reference,2,108,0.284672,0.0028
131072,legacy_group_reference,2,109,0.280576,0.0028
131072,legacy_group_reference,2,110,0.285696,0.0029
131072,legacy_group_reference,2,111,0.283648,0.0032
131072,legacy_group_reference,2,112,0.283648,0.0028
131072,legacy_group_reference,2,113,0.2816,0.0029
131072,legacy_group_reference,2,114,0.285696,0.0027
131072,legacy_group_reference,2,115,0.279552,0.0029
131072,legacy_group_reference,2,116,0.283648,0.0029
131072,legacy_group_reference,2,117,0.282624,0.003
131072,legacy_group_reference,2,118,0.287744,0.0027
131072,legacy_group_reference,2,119,0.279552,0.0028
131072,current_group,0,0,0.28672,0.0031
131072,current_group,0,1,0.283648,0.0028
131072,current_group,0,2,0.287744,0.0029
131072,current_group,0,3,0.2816,0.003
131072,current_group,0,4,0.284672,0.0033
131072,current_group,0,5,0.2816,0.0028
131072,current_group,0,6,0.283648,0.0027
131072,current_group,0,7,0.282624,0.003
131072,current_group,0,8,0.284672,0.0032
131072,current_group,0,9,0.28672,0.003
131072,current_group,0,10,0.287744,0.0028
131072,current_group,0,11,0.282624,0.0029
131072,current_group,0,12,0.28672,0.0035
131072,current_group,0,13,0.284672,0.0029
131072,current_group,0,14,0.288768,0.0047
131072,current_group,0,15,0.285696,0.0031
131072,current_group,0,16,0.283648,0.003
131072,current_group,0,17,0.283648,0.0036
131072,current_group,0,18,0.288768,0.0031
131072,current_group,0,19,0.283648,0.0031
131072,current_group,0,20,0.285696,0.0033
131072,current_group,0,21,0.282624,0.0029
131072,current_group,0,22,0.287744,0.0031
131072,current_group,0,23,0.282624,0.0032
131072,current_group,0,24,0.28672,0.0028
131072,current_group,0,25,0.2816,0.0027
131072,current_group,0,26,0.284672,0.0029
131072,current_group,0,27,0.2816,0.003
131072,current_group,0,28,0.285696,0.0034
131072,current_group,0,29,0.284672,0.003
131072,current_group,0,30,0.284672,0.003
131072,current_group,0,31,0.284672,0.0031
131072,current_group,0,32,0.285696,0.0033
131072,current_group,0,33,0.282624,0.003
131072,current_group,0,34,0.285696,0.0028
131072,current_group,0,35,0.285696,0.003
131072,current_group,0,36,0.285696,0.0034
131072,current_group,0,37,0.282624,0.003
131072,current_group,0,38,0.28672,0.0029
131072,current_group,0,39,0.280576,0.003
131072,current_group,0,40,0.285696,0.0034
131072,current_group,0,41,0.282624,0.003
131072,current_group,0,42,0.28672,0.0028
131072,current_group,0,43,0.284672,0.0031
131072,current_group,0,44,0.285696,0.0034
131072,current_group,0,45,0.283648,0.003
131072,current_group,0,46,0.287744,0.0028
131072,current_group,0,47,0.283648,0.0029
131072,current_group,0,48,0.282624,0.0033
131072,current_group,0,49,0.282624,0.0029
131072,current_group,0,50,0.285696,0.0048
131072,current_group,0,51,0.285696,0.003
131072,current_group,0,52,0.284672,0.0031
131072,current_group,0,53,0.288768,0.0034
131072,current_group,0,54,0.28672,0.0028
131072,current_group,0,55,0.280576,0.003
131072,current_group,0,56,0.283648,0.003
131072,current_group,0,57,0.284672,0.003
131072,current_group,0,58,0.285696,0.0028
131072,current_group,0,59,0.282624,0.0027
131072,current_group,0,60,0.287744,0.003
131072,current_group,0,61,0.283648,0.0028
131072,current_group,0,62,0.285696,0.004
131072,current_group,0,63,0.282624,0.0029
131072,current_group,0,64,0.285696,0.0031
131072,current_group,0,65,0.283648,0.0032
131072,current_group,0,66,0.284672,0.0032
131072,current_group,0,67,0.2816,0.003
131072,current_group,0,68,0.284672,0.0032
131072,current_group,0,69,0.285696,0.0035
131072,current_group,0,70,0.283648,0.0031
131072,current_group,0,71,0.284672,0.003
131072,current_group,0,72,0.284672,0.0033
131072,current_group,0,73,0.284672,0.0029
131072,current_group,0,74,0.28672,0.003
131072,current_group,0,75,0.2816,0.003
131072,current_group,0,76,0.282624,0.0034
131072,current_group,0,77,0.284672,0.003
131072,current_group,0,78,0.290816,0.0031
131072,current_group,0,79,0.285696,0.0036
131072,current_group,0,80,0.282624,0.0028
131072,current_group,0,81,0.283648,0.0026
131072,current_group,0,82,0.285696,0.0029
131072,current_group,0,83,0.282624,0.0032
131072,current_group,0,84,0.285696,0.003
131072,current_group,0,85,0.2816,0.0029
131072,current_group,0,86,0.282624,0.0028
131072,current_group,0,87,0.283648,0.0029
131072,current_group,0,88,0.285696,0.0031
131072,current_group,0,89,0.285696,0.0034
131072,current_group,0,90,0.282624,0.0029
131072,current_group,0,91,0.283648,0.0029
131072,current_group,0,92,0.285696,0.0032
131072,current_group,0,93,0.283648,0.0034
131072,current_group,0,94,0.28672,0.0032
131072,current_group,0,95,0.2816,0.0029
131072,current_group,0,96,0.285696,0.0029
131072,current_group,0,97,0.282624,0.0032
131072,current_group,0,98,0.285696,0.0027
131072,current_group,0,99,0.280576,0.0028
131072,current_group,0,100,0.285696,0.0031
131072,current_group,0,101,0.280576,0.0035
131072,current_group,0,102,0.287744,0.0029
131072,current_group,0,103,0.282624,0.0028
131072,current_group,0,104,0.283648,0.003
131072,current_group,0,105,0.284672,0.0034
131072,current_group,0,106,0.285696,0.003
131072,current_group,0,107,0.287744,0.0031
131072,current_group,0,108,0.285696,0.0037
131072,current_group,0,109,0.280576,0.0035
131072,current_group,0,110,0.285696,0.0031
131072,current_group,0,111,0.282624,0.003
131072,current_group,0,112,0.28672,0.003
131072,current_group,0,113,0.280576,0.0031
131072,current_group,0,114,0.28672,0.0029
131072,current_group,0,115,0.285696,0.0027
131072,current_group,0,116,0.284672,0.0031
131072,current_group,0,117,0.285696,0.0033
131072,current_group,0,118,0.285696,0.003
131072,current_group,0,119,0.2816,0.0029
131072,current_group,1,0,0.278528,0.0041
131072,current_group,1,1,0.282624,0.0047
131072,current_group,1,2,0.28672,0.0031
131072,current_group,1,3,0.282624,0.0035
131072,current_group,1,4,0.284672,0.0031
131072,current_group,1,5,0.282624,0.003
131072,current_group,1,6,0.284672,0.0029
131072,current_group,1,7,0.287744,0.0032
131072,current_group,1,8,0.28672,0.0032
131072,current_group,1,9,0.280576,0.003
131072,current_group,1,10,0.284672,0.003
131072,current_group,1,11,0.283648,0.0029
131072,current_group,1,12,0.284672,0.0028
131072,current_group,1,13,0.283648,0.003
131072,current_group,1,14,0.283648,0.0029
131072,current_group,1,15,0.284672,0.0028
131072,current_group,1,16,0.285696,0.003
131072,current_group,1,17,0.283648,0.0029
131072,current_group,1,18,0.288768,0.0029
131072,current_group,1,19,0.2816,0.0029
131072,current_group,1,20,0.287744,0.0028
131072,current_group,1,21,0.284672,0.0029
131072,current_group,1,22,0.282624,0.0036
131072,current_group,1,23,0.283648,0.0028
131072,current_group,1,24,0.285696,0.0028
131072,current_group,1,25,0.2816,0.0029
131072,current_group,1,26,0.287744,0.0027
131072,current_group,1,27,0.283648,0.0029
131072,current_group,1,28,0.284672,0.005
131072,current_group,1,29,0.283648,0.0044
131072,current_group,1,30,0.282624,0.0031
131072,current_group,1,31,0.283648,0.0028
131072,current_group,1,32,0.283648,0.0033
131072,current_group,1,33,0.282624,0.0032
131072,current_group,1,34,0.283648,0.0029
131072,current_group,1,35,0.284672,0.0028
131072,current_group,1,36,0.28672,0.0033
131072,current_group,1,37,0.2816,0.0034
131072,current_group,1,38,0.283648,0.003
131072,current_group,1,39,0.283648,0.0029
131072,current_group,1,40,0.283648,0.0031
131072,current_group,1,41,0.280576,0.0031
131072,current_group,1,42,0.283648,0.003
131072,current_group,1,43,0.2816,0.0027
131072,current_group,1,44,0.282624,0.0028
131072,current_group,1,45,0.285696,0.0032
131072,current_group,1,46,0.284672,0.0029
131072,current_group,1,47,0.285696,0.003
131072,current_group,1,48,0.285696,0.0033
131072,current_group,1,49,0.2816,0.0032
131072,current_group,1,50,0.2816,0.0032
131072,current_group,1,51,0.284672,0.0028
131072,current_group,1,52,0.283648,0.0031
131072,current_group,1,53,0.284672,0.0032
131072,current_group,1,54,0.284672,0.003
131072,current_group,1,55,0.285696,0.0028
131072,current_group,1,56,0.284672,0.0032
131072,current_group,1,57,0.284672,0.0036
131072,current_group,1,58,0.28672,0.0032
131072,current_group,1,59,0.283648,0.0028
131072,current_group,1,60,0.285696,0.0033
131072,current_group,1,61,0.283648,0.0032
131072,current_group,1,62,0.284672,0.0037
131072,current_group,1,63,0.28672,0.0027
131072,current_group,1,64,0.284672,0.003
131072,current_group,1,65,0.288768,0.0032
131072,current_group,1,66,0.283648,0.0031
131072,current_group,1,67,0.283648,0.003
131072,current_group,1,68,0.280576,0.003
131072,current_group,1,69,0.284672,0.0031
131072,current_group,1,70,0.285696,0.0061
131072,current_group,1,71,0.284672,0.0036
131072,current_group,1,72,0.282624,0.0032
131072,current_group,1,73,0.285696,0.0036
131072,current_group,1,74,0.287744,0.0034
131072,current_group,1,75,0.2816,0.0029
131072,current_group,1,76,0.28672,0.0029
131072,current_group,1,77,0.282624,0.0029
131072,current_group,1,78,0.284672,0.0031
131072,current_group,1,79,0.282624,0.0031
131072,current_group,1,80,0.284672,0.0028
131072,current_group,1,81,0.283648,0.0027
131072,current_group,1,82,0.285696,0.0029
131072,current_group,1,83,0.288768,0.0028
131072,current_group,1,84,0.28672,0.0029
131072,current_group,1,85,0.282624,0.003
131072,current_group,1,86,0.284672,0.0029
131072,current_group,1,87,0.285696,0.0029
131072,current_group,1,88,0.282624,0.0031
131072,current_group,1,89,0.279552,0.003
131072,current_group,1,90,0.285696,0.0029
131072,current_group,1,91,0.283648,0.0028
131072,current_group,1,92,0.285696,0.0031
131072,current_group,1,93,0.28672,0.0033
131072,current_group,1,94,0.287744,0.0029
131072,current_group,1,95,0.282624,0.0028
131072,current_group,1,96,0.284672,0.003
131072,current_group,1,97,0.280576,0.0046
131072,current_group,1,98,0.285696,0.0031
131072,current_group,1,99,0.2816,0.003
131072,current_group,1,100,0.28672,0.0029
131072,current_group,1,101,0.284672,0.003
131072,current_group,1,102,0.283648,0.0032
131072,current_group,1,103,0.285696,0.003
131072,current_group,1,104,0.284672,0.0029
131072,current_group,1,105,0.28672,0.003
131072,current_group,1,106,0.285696,0.003
131072,current_group,1,107,0.28672,0.0029
131072,current_group,1,108,0.28672,0.0027
131072,current_group,1,109,0.2816,0.0029
131072,current_group,1,110,0.284672,0.003
131072,current_group,1,111,0.283648,0.003
131072,current_group,1,112,0.284672,0.0028
131072,current_group,1,113,0.28672,0.003
131072,current_group,1,114,0.284672,0.0031
131072,current_group,1,115,0.284672,0.0029
131072,current_group,1,116,0.283648,0.0029
131072,current_group,1,117,0.283648,0.0031
131072,current_group,1,118,0.28672,0.0031
131072,current_group,1,119,0.288768,0.0031
131072,current_group,2,0,0.2816,0.004
131072,current_group,2,1,0.283648,0.0034
131072,current_group,2,2,0.287744,0.0028
131072,current_group,2,3,0.2816,0.0027
131072,current_group,2,4,0.288768,0.0027
131072,current_group,2,5,0.2816,0.0027
131072,current_group,2,6,0.283648,0.003
131072,current_group,2,7,0.284672,0.003
131072,current_group,2,8,0.2816,0.0029
131072,current_group,2,9,0.282624,0.0029
131072,current_group,2,10,0.28672,0.0028
131072,current_group,2,11,0.282624,0.0027
131072,current_group,2,12,0.287744,0.0029
131072,current_group,2,13,0.2816,0.0029
131072,current_group,2,14,0.287744,0.0028
131072,current_group,2,15,0.283648,0.0028
131072,current_group,2,16,0.287744,0.0046
131072,current_group,2,17,0.28672,0.0035
131072,current_group,2,18,0.284672,0.0033
131072,current_group,2,19,0.284672,0.0032
131072,current_group,2,20,0.285696,0.0028
131072,current_group,2,21,0.285696,0.0031
131072,current_group,2,22,0.28672,0.0034
131072,current_group,2,23,0.288768,0.0031
131072,current_group,2,24,0.285696,0.003
131072,current_group,2,25,0.283648,0.0031
131072,current_group,2,26,0.28672,0.0031
131072,current_group,2,27,0.282624,0.0032
131072,current_group,2,28,0.28672,0.0027
131072,current_group,2,29,0.282624,0.0032
131072,current_group,2,30,0.285696,0.0036
131072,current_group,2,31,0.284672,0.0031
131072,current_group,2,32,0.284672,0.0028
131072,current_group,2,33,0.284672,0.003
131072,current_group,2,34,0.288768,0.0031
131072,current_group,2,35,0.282624,0.0029
131072,current_group,2,36,0.28672,0.0028
131072,current_group,2,37,0.285696,0.0029
131072,current_group,2,38,0.28672,0.0032
131072,current_group,2,39,0.283648,0.0029
131072,current_group,2,40,0.285696,0.0029
131072,current_group,2,41,0.283648,0.0032
131072,current_group,2,42,0.287744,0.003
131072,current_group,2,43,0.2816,0.0028
131072,current_group,2,44,0.284672,0.0026
131072,current_group,2,45,0.282624,0.0028
131072,current_group,2,46,0.285696,0.0035
131072,current_group,2,47,0.2816,0.0031
131072,current_group,2,48,0.283648,0.0027
131072,current_group,2,49,0.283648,0.0029
131072,current_group,2,50,0.288768,0.0029
131072,current_group,2,51,0.2816,0.0029
131072,current_group,2,52,0.284672,0.0028
131072,current_group,2,53,0.282624,0.0027
131072,current_group,2,54,0.283648,0.0031
131072,current_group,2,55,0.282624,0.0028
131072,current_group,2,56,0.285696,0.0027
131072,current_group,2,57,0.287744,0.003
131072,current_group,2,58,0.28672,0.0031
131072,current_group,2,59,0.280576,0.0028
131072,current_group,2,60,0.287744,0.0028
131072,current_group,2,61,0.283648,0.0032
131072,current_group,2,62,0.287744,0.0028
131072,current_group,2,63,0.284672,0.0027
131072,current_group,2,64,0.289792,0.003
131072,current_group,2,65,0.2816,0.0033
131072,current_group,2,66,0.285696,0.0029
131072,current_group,2,67,0.285696,0.0029
131072,current_group,2,68,0.283648,0.0027
131072,current_group,2,69,0.285696,0.0029
131072,current_group,2,70,0.284672,0.0029
131072,current_group,2,71,0.284672,0.0028
131072,current_group,2,72,0.287744,0.003
131072,current_group,2,73,0.283648,0.003
131072,current_group,2,74,0.285696,0.0032
131072,current_group,2,75,0.28672,0.0027
131072,current_group,2,76,0.283648,0.0026
131072,current_group,2,77,0.284672,0.0029
131072,current_group,2,78,0.284672,0.0033
131072,current_group,2,79,0.284672,0.0029
131072,current_group,2,80,0.28672,0.0029
131072,current_group,2,81,0.287744,0.0031
131072,current_group,2,82,0.285696,0.003
131072,current_group,2,83,0.284672,0.0033
131072,current_group,2,84,0.285696,0.0027
131072,current_group,2,85,0.280576,0.0029
131072,current_group,2,86,0.284672,0.0031
131072,current_group,2,87,0.284672,0.0029
131072,current_group,2,88,0.284672,0.0028
131072,current_group,2,89,0.285696,0.0029
131072,current_group,2,90,0.284672,0.0033
131072,current_group,2,91,0.285696,0.0027
131072,current_group,2,92,0.285696,0.0027
131072,current_group,2,93,0.284672,0.003
131072,current_group,2,94,0.285696,0.0031
131072,current_group,2,95,0.284672,0.0028
131072,current_group,2,96,0.285696,0.0028
131072,current_group,2,97,0.285696,0.0029
131072,current_group,2,98,0.285696,0.003
131072,current_group,2,99,0.283648,0.0028
131072,current_group,2,100,0.284672,0.0027
131072,current_group,2,101,0.285696,0.0029
131072,current_group,2,102,0.287744,0.0032
131072,current_group,2,103,0.285696,0.003
131072,current_group,2,104,0.284672,0.0049
131072,current_group,2,105,0.283648,0.0034
131072,current_group,2,106,0.284672,0.006
131072,current_group,2,107,0.284672,0.0027
131072,current_group,2,108,0.28672,0.0029
131072,current_group,2,109,0.283648,0.0029
131072,current_group,2,110,0.285696,0.0033
131072,current_group,2,111,0.283648,0.003
131072,current_group,2,112,0.285696,0.0029
131072,current_group,2,113,0.285696,0.0034
131072,current_group,2,114,0.283648,0.0032
131072,current_group,2,115,0.280576,0.0028
131072,current_group,2,116,0.284672,0.0029
131072,current_group,2,117,0.285696,0.003
131072,current_group,2,118,0.28672,0.003
131072,current_group,2,119,0.283648,0.0027
131072,split_pass,0,0,0.181248,0.0029
131072,split_pass,0,1,0.180224,0.0023
131072,split_pass,0,2,0.181248,0.0025
131072,split_pass,0,3,0.180224,0.0102
131072,split_pass,0,4,0.181248,0.003
131072,split_pass,0,5,0.180224,0.0025
131072,split_pass,0,6,0.181248,0.0027
131072,split_pass,0,7,0.180224,0.0027
131072,split_pass,0,8,0.181248,0.0034
131072,split_pass,0,9,0.180224,0.0025
131072,split_pass,0,10,0.180224,0.0027
131072,split_pass,0,11,0.180224,0.0028
131072,split_pass,0,12,0.180224,0.0026
131072,split_pass,0,13,0.181248,0.0026
131072,split_pass,0,14,0.181248,0.0027
131072,split_pass,0,15,0.180224,0.0028
131072,split_pass,0,16,0.182272,0.0024
131072,split_pass,0,17,0.181248,0.0024
131072,split_pass,0,18,0.181248,0.0027
131072,split_pass,0,19,0.181248,0.0027
131072,split_pass,0,20,0.181248,0.0024
131072,split_pass,0,21,0.181248,0.0023
131072,split_pass,0,22,0.181248,0.0026
131072,split_pass,0,23,0.180224,0.0028
131072,split_pass,0,24,0.181248,0.0025
131072,split_pass,0,25,0.180224,0.0023
131072,split_pass,0,26,0.181248,0.0023
131072,split_pass,0,27,0.180224,0.0023
131072,split_pass,0,28,0.181248,0.0026
131072,split_pass,0,29,0.180224,0.0028
131072,split_pass,0,30,0.181248,0.0025
131072,split_pass,0,31,0.181248,0.0024
131072,split_pass,0,32,0.181248,0.0025
131072,split_pass,0,33,0.180224,0.0026
131072,split_pass,0,34,0.180224,0.0024
131072,split_pass,0,35,0.180224,0.0025
131072,split_pass,0,36,0.181248,0.0028
131072,split_pass,0,37,0.181248,0.0026
131072,split_pass,0,38,0.181248,0.0026
131072,split_pass,0,39,0.180224,0.0024
131072,split_pass,0,40,0.181248,0.0026
131072,split_pass,0,41,0.181248,0.0027
131072,split_pass,0,42,0.181248,0.0025
131072,split_pass,0,43,0.180224,0.0024
131072,split_pass,0,44,0.180224,0.0023
131072,split_pass,0,45,0.181248,0.0025
131072,split_pass,0,46,0.181248,0.0026
131072,split_pass,0,47,0.180224,0.0027
131072,split_pass,0,48,0.181248,0.0024
131072,split_pass,0,49,0.181248,0.0025
131072,split_pass,0,50,0.181248,0.0027
131072,split_pass,0,51,0.180224,0.0026
131072,split_pass,0,52,0.181248,0.0023
131072,split_pass,0,53,0.181248,0.0027
131072,split_pass,0,54,0.181248,0.0027
131072,split_pass,0,55,0.181248,0.0026
131072,split_pass,0,56,0.180224,0.0024
131072,split_pass,0,57,0.181248,0.0028
131072,split_pass,0,58,0.181248,0.0028
131072,split_pass,0,59,0.181248,0.0026
131072,split_pass,0,60,0.180224,0.0024
131072,split_pass,0,61,0.180224,0.0024
131072,split_pass,0,62,0.181248,0.0042
131072,split_pass,0,63,0.180224,0.0027
131072,split_pass,0,64,0.181248,0.0026
131072,split_pass,0,65,0.180224,0.0027
131072,split_pass,0,66,0.181248,0.0027
131072,split_pass,0,67,0.181248,0.0025
131072,split_pass,0,68,0.181248,0.0027
131072,split_pass,0,69,0.181248,0.0025
131072,split_pass,0,70,0.180224,0.0025
131072,split_pass,0,71,0.181248,0.0025
131072,split_pass,0,72,0.181248,0.0027
131072,split_pass,0,73,0.180224,0.0024
131072,split_pass,0,74,0.180224,0.0024
131072,split_pass,0,75,0.180224,0.0027
131072,split_pass,0,76,0.181248,0.0024
131072,split_pass,0,77,0.181248,0.0025
131072,split_pass,0,78,0.181248,0.0025
131072,split_pass,0,79,0.180224,0.0042
131072,split_pass,0,80,0.180224,0.0024
131072,split_pass,0,81,0.180224,0.0024
131072,split_pass,0,82,0.181248,0.0024
131072,split_pass,0,83,0.180224,0.0038
131072,split_pass,0,84,0.180224,0.0037
131072,split_pass,0,85,0.180224,0.0028
131072,split_pass,0,86,0.181248,0.0027
131072,split_pass,0,87,0.180224,0.0027
131072,split_pass,0,88,0.181248,0.0025
131072,split_pass,0,89,0.180224,0.0026
131072,split_pass,0,90,0.180224,0.0026
131072,split_pass,0,91,0.180224,0.0026
131072,split_pass,0,92,0.181248,0.0028
131072,split_pass,0,93,0.181248,0.0028
131072,split_pass,0,94,0.181248,0.0025
131072,split_pass,0,95,0.180224,0.0027
131072,split_pass,0,96,0.181248,0.0026
131072,split_pass,0,97,0.180224,0.0025
131072,split_pass,0,98,0.181248,0.0024
131072,split_pass,0,99,0.180224,0.0026
131072,split_pass,0,100,0.187392,0.0028
131072,split_pass,0,101,0.181248,0.0025
131072,split_pass,0,102,0.181248,0.0023
131072,split_pass,0,103,0.180224,0.0024
131072,split_pass,0,104,0.181248,0.003
131072,split_pass,0,105,0.180224,0.0024
131072,split_pass,0,106,0.181248,0.0024
131072,split_pass,0,107,0.181248,0.0025
131072,split_pass,0,108,0.180224,0.0026
131072,split_pass,0,109,0.180224,0.0025
131072,split_pass,0,110,0.181248,0.0024
131072,split_pass,0,111,0.180224,0.0027
131072,split_pass,0,112,0.181248,0.0028
131072,split_pass,0,113,0.180224,0.0027
131072,split_pass,0,114,0.181248,0.0024
131072,split_pass,0,115,0.181248,0.0025
131072,split_pass,0,116,0.181248,0.0024
131072,split_pass,0,117,0.180224,0.0026
131072,split_pass,0,118,0.181248,0.0026
131072,split_pass,0,119,0.180224,0.0024
131072,split_pass,1,0,0.181248,0.0037
131072,split_pass,1,1,0.181248,0.0045
131072,split_pass,1,2,0.180224,0.0026
131072,split_pass,1,3,0.180224,0.0027
131072,split_pass,1,4,0.180224,0.0026
131072,split_pass,1,5,0.181248,0.0025
131072,split_pass,1,6,0.181248,0.0025
131072,split_pass,1,7,0.180224,0.0026
131072,split_pass,1,8,0.180224,0.0026
131072,split_pass,1,9,0.181248,0.0024
131072,split_pass,1,10,0.180224,0.0025
131072,split_pass,1,11,0.181248,0.0026
131072,split_pass,1,12,0.181248,0.0025
131072,split_pass,1,13,0.180224,0.0026
131072,split_pass,1,14,0.181248,0.0023
131072,split_pass,1,15,0.181248,0.0028
131072,split_pass,1,16,0.180224,0.0025
131072,split_pass,1,17,0.180224,0.0024
131072,split_pass,1,18,0.180224,0.0025
131072,split_pass,1,19,0.181248,0.0025
131072,split_pass,1,20,0.180224,0.0024
131072,split_pass,1,21,0.182272,0.0024
131072,split_pass,1,22,0.181248,0.0025
131072,split_pass,1,23,0.181248,0.0025
131072,split_pass,1,24,0.180224,0.0038
131072,split_pass,1,25,0.180224,0.0027
131072,split_pass,1,26,0.181248,0.0025
131072,split_pass,1,27,0.181248,0.0023
131072,split_pass,1,28,0.180224,0.004
131072,split_pass,1,29,0.181248,0.0027
131072,split_pass,1,30,0.181248,0.0037
131072,split_pass,1,31,0.181248,0.0027
131072,split_pass,1,32,0.181248,0.0029
131072,split_pass,1,33,0.181248,0.0029
131072,split_pass,1,34,0.180224,0.0026
131072,split_pass,1,35,0.181248,0.0024
131072,split_pass,1,36,0.180224,0.0025
131072,split_pass,1,37,0.180224,0.0028
131072,split_pass,1,38,0.180224,0.0027
131072,split_pass,1,39,0.180224,0.0024
131072,split_pass,1,40,0.180224,0.0028
131072,split_pass,1,41,0.181248,0.0028
131072,split_pass,1,42,0.180224,0.0026
131072,split_pass,1,43,0.180224,0.0024
131072,split_pass,1,44,0.181248,0.0025
131072,split_pass,1,45,0.181248,0.0027
131072,split_pass,1,46,0.181248,0.0025
131072,split_pass,1,47,0.181248,0.0027
131072,split_pass,1,48,0.181248,0.0028
131072,split_pass,1,49,0.181248,0.0025
131072,split_pass,1,50,0.181248,0.0023
131072,split_pass,1,51,0.181248,0.0026
131072,split_pass,1,52,0.181248,0.0028
131072,split_pass,1,53,0.182272,0.0025
131072,split_pass,1,54,0.180224,0.0024
131072,split_pass,1,55,0.181248,0.0026
131072,split_pass,1,56,0.180224,0.0026
131072,split_pass,1,57,0.180224,0.0025
131072,split_pass,1,58,0.180224,0.0024
131072,split_pass,1,59,0.181248,0.0025
131072,split_pass,1,60,0.180224,0.0023
131072,split_pass,1,61,0.181248,0.0026
131072,split_pass,1,62,0.180224,0.0028
131072,split_pass,1,63,0.181248,0.0025
131072,split_pass,1,64,0.180224,0.0025
131072,split_pass,1,65,0.180224,0.0027
131072,split_pass,1,66,0.180224,0.0027
131072,split_pass,1,67,0.181248,0.0024
131072,split_pass,1,68,0.180224,0.0024
131072,split_pass,1,69,0.180224,0.0026
131072,split_pass,1,70,0.180224,0.0026
131072,split_pass,1,71,0.181248,0.0024
131072,split_pass,1,72,0.181248,0.0024
131072,split_pass,1,73,0.181248,0.0026
131072,split_pass,1,74,0.180224,0.0027
131072,split_pass,1,75,0.181248,0.0025
131072,split_pass,1,76,0.180224,0.0024
131072,split_pass,1,77,0.181248,0.0023
131072,split_pass,1,78,0.181248,0.0024
131072,split_pass,1,79,0.181248,0.0025
131072,split_pass,1,80,0.180224,0.0027
131072,split_pass,1,81,0.181248,0.0027
131072,split_pass,1,82,0.181248,0.0024
131072,split_pass,1,83,0.181248,0.0025
131072,split_pass,1,84,0.180224,0.0027
131072,split_pass,1,85,0.180224,0.0027
131072,split_pass,1,86,0.180224,0.0024
131072,split_pass,1,87,0.187392,0.0026
131072,split_pass,1,88,0.180224,0.0028
131072,split_pass,1,89,0.181248,0.0025
131072,split_pass,1,90,0.180224,0.0026
131072,split_pass,1,91,0.181248,0.0043
131072,split_pass,1,92,0.180224,0.0035
131072,split_pass,1,93,0.181248,0.0042
131072,split_pass,1,94,0.180224,0.003
131072,split_pass,1,95,0.181248,0.0024
131072,split_pass,1,96,0.180224,0.0024
131072,split_pass,1,97,0.181248,0.0027
131072,split_pass,1,98,0.180224,0.0026
131072,split_pass,1,99,0.181248,0.0025
131072,split_pass,1,100,0.181248,0.0024
131072,split_pass,1,101,0.181248,0.0026
131072,split_pass,1,102,0.181248,0.0027
131072,split_pass,1,103,0.180224,0.0025
131072,split_pass,1,104,0.180224,0.0024
131072,split_pass,1,105,0.180224,0.0026
131072,split_pass,1,106,0.180224,0.0028
131072,split_pass,1,107,0.181248,0.0024
131072,split_pass,1,108,0.181248,0.0025
131072,split_pass,1,109,0.181248,0.0026
131072,split_pass,1,110,0.180224,0.0027
131072,split_pass,1,111,0.181248,0.0026
131072,split_pass,1,112,0.180224,0.0024
131072,split_pass,1,113,0.180224,0.0024
131072,split_pass,1,114,0.180224,0.0024
131072,split_pass,1,115,0.181248,0.0026
131072,split_pass,1,116,0.180224,0.0039
131072,split_pass,1,117,0.180224,0.0026
131072,split_pass,1,118,0.180224,0.0025
131072,split_pass,1,119,0.180224,0.0041
131072,split_pass,2,0,0.180224,0.0041
131072,split_pass,2,1,0.1792,0.0044
131072,split_pass,2,2,0.180224,0.0026
131072,split_pass,2,3,0.181248,0.0033
131072,split_pass,2,4,0.181248,0.0026
131072,split_pass,2,5,0.180224,0.0027
131072,split_pass,2,6,0.181248,0.0024
131072,split_pass,2,7,0.180224,0.0025
131072,split_pass,2,8,0.181248,0.0047
131072,split_pass,2,9,0.180224,0.0027
131072,split_pass,2,10,0.180224,0.0025
131072,split_pass,2,11,0.180224,0.003
131072,split_pass,2,12,0.180224,0.0025
131072,split_pass,2,13,0.180224,0.0024
131072,split_pass,2,14,0.181248,0.0027
131072,split_pass,2,15,0.180224,0.0028
131072,split_pass,2,16,0.180224,0.0025
131072,split_pass,2,17,0.180224,0.0024
131072,split_pass,2,18,0.181248,0.0026
131072,split_pass,2,19,0.180224,0.0028
131072,split_pass,2,20,0.181248,0.0056
131072,split_pass,2,21,0.180224,0.0039
131072,split_pass,2,22,0.181248,0.0038
131072,split_pass,2,23,0.180224,0.0039
131072,split_pass,2,24,0.181248,0.0038
131072,split_pass,2,25,0.180224,0.0025
131072,split_pass,2,26,0.180224,0.0027
131072,split_pass,2,27,0.181248,0.0025
131072,split_pass,2,28,0.180224,0.0029
131072,split_pass,2,29,0.180224,0.0028
131072,split_pass,2,30,0.181248,0.0025
131072,split_pass,2,31,0.181248,0.0025
131072,split_pass,2,32,0.182272,0.0037
131072,split_pass,2,33,0.180224,0.0032
131072,split_pass,2,34,0.181248,0.0043
131072,split_pass,2,35,0.181248,0.0029
131072,split_pass,2,36,0.180224,0.0027
131072,split_pass,2,37,0.180224,0.0025
131072,split_pass,2,38,0.180224,0.0028
131072,split_pass,2,39,0.180224,0.0028
131072,split_pass,2,40,0.180224,0.0027
131072,split_pass,2,41,0.180224,0.0029
131072,split_pass,2,42,0.181248,0.0025
131072,split_pass,2,43,0.180224,0.0027
131072,split_pass,2,44,0.181248,0.0024
131072,split_pass,2,45,0.180224,0.0025
131072,split_pass,2,46,0.180224,0.0024
131072,split_pass,2,47,0.181248,0.0042
131072,split_pass,2,48,0.180224,0.0029
131072,split_pass,2,49,0.181248,0.0053
131072,split_pass,2,50,0.180224,0.0027
131072,split_pass,2,51,0.181248,0.0026
131072,split_pass,2,52,0.180224,0.0025
131072,split_pass,2,53,0.180224,0.0026
131072,split_pass,2,54,0.181248,0.0025
131072,split_pass,2,55,0.180224,0.0026
131072,split_pass,2,56,0.180224,0.0026
131072,split_pass,2,57,0.180224,0.0026
131072,split_pass,2,58,0.181248,0.0032
131072,split_pass,2,59,0.181248,0.0025
131072,split_pass,2,60,0.181248,0.0026
131072,split_pass,2,61,0.180224,0.0025
131072,split_pass,2,62,0.181248,0.0028
131072,split_pass,2,63,0.180224,0.0024
131072,split_pass,2,64,0.180224,0.0025
131072,split_pass,2,65,0.180224,0.0027
131072,split_pass,2,66,0.180224,0.0025
131072,split_pass,2,67,0.180224,0.0024
131072,split_pass,2,68,0.181248,0.0026
131072,split_pass,2,69,0.181248,0.0025
131072,split_pass,2,70,0.180224,0.0025
131072,split_pass,2,71,0.181248,0.0028
131072,split_pass,2,72,0.180224,0.0025
131072,split_pass,2,73,0.180224,0.0025
131072,split_pass,2,74,0.180224,0.0028
131072,split_pass,2,75,0.181248,0.0025
131072,split_pass,2,76,0.181248,0.003
131072,split_pass,2,77,0.180224,0.0026
131072,split_pass,2,78,0.180224,0.0026
131072,split_pass,2,79,0.180224,0.0043
131072,split_pass,2,80,0.181248,0.0044
131072,split_pass,2,81,0.181248,0.0025
131072,split_pass,2,82,0.180224,0.0024
131072,split_pass,2,83,0.180224,0.0025
131072,split_pass,2,84,0.181248,0.0025
131072,split_pass,2,85,0.180224,0.0025
131072,split_pass,2,86,0.180224,0.0024
131072,split_pass,2,87,0.181248,0.0023
131072,split_pass,2,88,0.181248,0.0024
131072,split_pass,2,89,0.180224,0.0025
131072,split_pass,2,90,0.180224,0.0024
131072,split_pass,2,91,0.181248,0.0026
131072,split_pass,2,92,0.180224,0.0024
131072,split_pass,2,93,0.181248,0.0025
131072,split_pass,2,94,0.180224,0.0028
131072,split_pass,2,95,0.180224,0.0025
131072,split_pass,2,96,0.181248,0.0024
131072,split_pass,2,97,0.180224,0.0024
131072,split_pass,2,98,0.181248,0.0025
131072,split_pass,2,99,0.181248,0.003
131072,split_pass,2,100,0.180224,0.0026
131072,split_pass,2,101,0.180224,0.0025
131072,split_pass,2,102,0.181248,0.0024
131072,split_pass,2,103,0.180224,0.0025
131072,split_pass,2,104,0.181248,0.0027
131072,split_pass,2,105,0.181248,0.0025
131072,split_pass,2,106,0.180224,0.0024
131072,split_pass,2,107,0.180224,0.0025
131072,split_pass,2,108,0.181248,0.0024
131072,split_pass,2,109,0.181248,0.0024
131072,split_pass,2,110,0.181248,0.0025
131072,split_pass,2,111,0.180224,0.0026
131072,split_pass,2,112,0.181248,0.0025
131072,split_pass,2,113,0.180224,0.0024
131072,split_pass,2,114,0.180224,0.0025
131072,split_pass,2,115,0.180224,0.0024
131072,split_pass,2,116,0.181248,0.0024
131072,split_pass,2,117,0.181248,0.0023
131072,split_pass,2,118,0.181248,0.0024
131072,split_pass,2,119,0.180224,0.0024
