count,scenario,index,run,sample,gpu_ms,cpu_submit_ms
10000,aligned_still,linked,1,0,1.03424,0.0227
10000,aligned_still,linked,1,1,0.994304,0.0039
10000,aligned_still,linked,1,2,1.043456,0.0038
10000,aligned_still,linked,1,3,0.995328,0.0078
10000,aligned_still,linked,1,4,1.006592,0.0018
10000,aligned_still,linked,1,5,0.994304,0.0038
10000,aligned_still,linked,1,6,1.196032,0.0017
10000,aligned_still,linked,1,7,0.996352,0.0038
10000,aligned_still,linked,1,8,1.014784,0.0036
10000,aligned_still,linked,1,9,1.000448,0.0039
10000,aligned_still,linked,1,10,1.022976,0.0016
10000,aligned_still,linked,1,11,1.00864,0.0039
10000,aligned_still,linked,1,12,1.012736,0.0035
10000,aligned_still,linked,1,13,0.996352,0.0016
10000,aligned_still,linked,1,14,1.005568,0.0025
10000,aligned_still,linked,1,15,1.001472,0.0027
10000,aligned_still,linked,1,16,1.014784,0.0066
10000,aligned_still,linked,1,17,1.000448,0.0073
10000,aligned_still,linked,1,18,0.98816,0.0027
10000,aligned_still,linked,1,19,1.038336,0.0029
10000,aligned_still,linked,1,20,0.997376,0.0024
10000,aligned_still,linked,1,21,1.030144,0.0025
10000,aligned_still,linked,1,22,0.994304,0.0025
10000,aligned_still,linked,1,23,1.00864,0.0027
10000,aligned_still,linked,1,24,0.991232,0.0027
10000,aligned_still,linked,1,25,1.006592,0.0016
10000,aligned_still,linked,1,26,0.990208,0.0032
10000,aligned_still,linked,1,27,1.006592,0.0025
10000,aligned_still,linked,1,28,0.994304,0.0057
10000,aligned_still,linked,1,29,1.012736,0.0018
10000,aligned_still,linked,1,30,0.996352,0.0061
10000,aligned_still,linked,1,31,1.006592,0.0029
10000,aligned_still,linked,1,32,0.991232,0.0025
10000,aligned_still,linked,1,33,1.005568,0.0016
10000,aligned_still,linked,1,34,0.99328,0.0054
10000,aligned_still,linked,1,35,1.016832,0.0059
10000,aligned_still,linked,1,36,1.005568,0.0075
10000,aligned_still,linked,1,37,0.969728,0.0017
10000,aligned_still,linked,1,38,1.036288,0.0026
10000,aligned_still,linked,1,39,1.179648,0.0075
10000,aligned_still,exact_ranges,1,0,1.139712,0.0543
10000,aligned_still,exact_ranges,1,1,1.125376,0.0121
10000,aligned_still,exact_ranges,1,2,1.313792,0.0073
10000,aligned_still,exact_ranges,1,3,1.113088,0.0057
10000,aligned_still,exact_ranges,1,4,1.110016,0.0054
10000,aligned_still,exact_ranges,1,5,1.154048,0.0071
10000,aligned_still,exact_ranges,1,6,1.127424,0.0071
10000,aligned_still,exact_ranges,1,7,1.134592,0.0056
10000,aligned_still,exact_ranges,1,8,1.129472,0.0055
10000,aligned_still,exact_ranges,1,9,1.11616,0.0076
10000,aligned_still,exact_ranges,1,10,1.123328,0.0055
10000,aligned_still,exact_ranges,1,11,1.145856,0.0055
10000,aligned_still,exact_ranges,1,12,1.134592,0.0096
10000,aligned_still,exact_ranges,1,13,1.125376,0.0055
10000,aligned_still,exact_ranges,1,14,1.117184,0.0054
10000,aligned_still,exact_ranges,1,15,1.1264,0.0054
10000,aligned_still,exact_ranges,1,16,1.122304,0.0075
10000,aligned_still,exact_ranges,1,17,1.117184,0.0055
10000,aligned_still,exact_ranges,1,18,1.113088,0.0054
10000,aligned_still,exact_ranges,1,19,1.13664,0.0072
10000,aligned_still,exact_ranges,1,20,1.134592,0.0055
10000,aligned_still,exact_ranges,1,21,1.122304,0.0055
10000,aligned_still,exact_ranges,1,22,1.119232,0.0071
10000,aligned_still,exact_ranges,1,23,1.114112,0.0056
10000,aligned_still,exact_ranges,1,24,1.144832,0.0054
10000,aligned_still,exact_ranges,1,25,1.129472,0.0056
10000,aligned_still,exact_ranges,1,26,1.128448,0.0072
10000,aligned_still,exact_ranges,1,27,1.11616,0.0056
10000,aligned_still,exact_ranges,1,28,1.118208,0.0054
10000,aligned_still,exact_ranges,1,29,1.137664,0.0076
10000,aligned_still,exact_ranges,1,30,1.127424,0.0055
10000,aligned_still,exact_ranges,1,31,1.313792,0.0054
10000,aligned_still,exact_ranges,1,32,1.11616,0.007
10000,aligned_still,exact_ranges,1,33,1.12128,0.0054
10000,aligned_still,exact_ranges,1,34,1.147904,0.0056
10000,aligned_still,exact_ranges,1,35,1.117184,0.0055
10000,aligned_still,exact_ranges,1,36,1.134592,0.0075
10000,aligned_still,exact_ranges,1,37,1.128448,0.0056
10000,aligned_still,exact_ranges,1,38,1.142784,0.0054
10000,aligned_still,exact_ranges,1,39,1.159168,0.0091
10000,aligned_still,exact_ranges,2,0,1.148928,0.0168
10000,aligned_still,exact_ranges,2,1,1.14176,0.0082
10000,aligned_still,exact_ranges,2,2,1.153024,0.0055
10000,aligned_still,exact_ranges,2,3,1.124352,0.0054
10000,aligned_still,exact_ranges,2,4,1.122304,0.0071
10000,aligned_still,exact_ranges,2,5,1.154048,0.0054
10000,aligned_still,exact_ranges,2,6,1.127424,0.0054
10000,aligned_still,exact_ranges,2,7,1.14176,0.0054
10000,aligned_still,exact_ranges,2,8,1.122304,0.0056
10000,aligned_still,exact_ranges,2,9,1.122304,0.0054
10000,aligned_still,exact_ranges,2,10,1.122304,0.0053
10000,aligned_still,exact_ranges,2,11,1.12128,0.0071
10000,aligned_still,exact_ranges,2,12,1.124352,0.0053
10000,aligned_still,exact_ranges,2,13,1.130496,0.0054
10000,aligned_still,exact_ranges,2,14,1.11104,0.0118
10000,aligned_still,exact_ranges,2,15,1.12128,0.007
10000,aligned_still,exact_ranges,2,16,1.138688,0.0057
10000,aligned_still,exact_ranges,2,17,1.114112,0.0054
10000,aligned_still,exact_ranges,2,18,1.11616,0.0062
10000,aligned_still,exact_ranges,2,19,1.14688,0.0054
10000,aligned_still,exact_ranges,2,20,1.304576,0.0054
10000,aligned_still,exact_ranges,2,21,1.115136,0.0073
10000,aligned_still,exact_ranges,2,22,1.125376,0.0061
10000,aligned_still,exact_ranges,2,23,1.11616,0.0059
10000,aligned_still,exact_ranges,2,24,1.159168,0.0073
10000,aligned_still,exact_ranges,2,25,1.143808,0.0055
10000,aligned_still,exact_ranges,2,26,1.14176,0.0054
10000,aligned_still,exact_ranges,2,27,1.13664,0.0095
10000,aligned_still,exact_ranges,2,28,1.127424,0.0057
10000,aligned_still,exact_ranges,2,29,1.124352,0.0055
10000,aligned_still,exact_ranges,2,30,1.155072,0.0053
10000,aligned_still,exact_ranges,2,31,1.134592,0.0077
10000,aligned_still,exact_ranges,2,32,1.117184,0.0054
10000,aligned_still,exact_ranges,2,33,1.117184,0.0054
10000,aligned_still,exact_ranges,2,34,1.12128,0.0091
10000,aligned_still,exact_ranges,2,35,1.132544,0.0055
10000,aligned_still,exact_ranges,2,36,1.125376,0.0054
10000,aligned_still,exact_ranges,2,37,1.125376,0.007
10000,aligned_still,exact_ranges,2,38,1.142784,0.0054
10000,aligned_still,exact_ranges,2,39,1.140736,0.0055
10000,aligned_still,linked,2,0,1.030144,0.0097
10000,aligned_still,linked,2,1,0.997376,0.0077
10000,aligned_still,linked,2,2,1.025024,0.0039
10000,aligned_still,linked,2,3,0.999424,0.0037
10000,aligned_still,linked,2,4,1.017856,0.0039
10000,aligned_still,linked,2,5,0.990208,0.0037
10000,aligned_still,linked,2,6,1.012736,0.0039
10000,aligned_still,linked,2,7,0.99328,0.004
10000,aligned_still,linked,2,8,1.012736,0.0039
10000,aligned_still,linked,2,9,0.995328,0.0038
10000,aligned_still,linked,2,10,1.004544,0.0034
10000,aligned_still,linked,2,11,0.989184,0.0016
10000,aligned_still,linked,2,12,1.005568,0.0037
10000,aligned_still,linked,2,13,0.990208,0.0017
10000,aligned_still,linked,2,14,1.012736,0.0016
10000,aligned_still,linked,2,15,1.001472,0.0056
10000,aligned_still,linked,2,16,1.012736,0.0016
10000,aligned_still,linked,2,17,1.006592,0.0017
10000,aligned_still,linked,2,18,0.966656,0.0016
10000,aligned_still,linked,2,19,1.02912,0.0027
10000,aligned_still,linked,2,20,0.997376,0.0038
10000,aligned_still,linked,2,21,1.026048,0.0018
10000,aligned_still,linked,2,22,0.99328,0.0016
10000,aligned_still,linked,2,23,1.012736,0.0015
10000,aligned_still,linked,2,24,0.997376,0.0053
10000,aligned_still,linked,2,25,1.19296,0.0018
10000,aligned_still,linked,2,26,0.989184,0.0037
10000,aligned_still,linked,2,27,1.007616,0.0017
10000,aligned_still,linked,2,28,0.997376,0.0054
10000,aligned_still,linked,2,29,1.024,0.0017
10000,aligned_still,linked,2,30,1.005568,0.0037
10000,aligned_still,linked,2,31,1.019904,0.0017
10000,aligned_still,linked,2,32,1.001472,0.0016
10000,aligned_still,linked,2,33,1.00864,0.0032
10000,aligned_still,linked,2,34,0.991232,0.0038
10000,aligned_still,linked,2,35,1.021952,0.0018
10000,aligned_still,linked,2,36,1.010688,0.0038
10000,aligned_still,linked,2,37,0.976896,0.0017
10000,aligned_still,linked,2,38,1.036288,0.0019
10000,aligned_still,linked,2,39,1.004544,0.0037
10000,aligned_still,linked,3,0,1.20832,0.0068
10000,aligned_still,linked,3,1,0.9984,0.0038
10000,aligned_still,linked,3,2,1.026048,0.0039
10000,aligned_still,linked,3,3,1.000448,0.0062
10000,aligned_still,linked,3,4,1.006592,0.0037
10000,aligned_still,linked,3,5,0.997376,0.0038
10000,aligned_still,linked,3,6,1.017856,0.005
10000,aligned_still,linked,3,7,0.999424,0.0055
10000,aligned_still,linked,3,8,1.006592,0.0038
10000,aligned_still,linked,3,9,0.995328,0.0041
10000,aligned_still,linked,3,10,1.010688,0.0033
10000,aligned_still,linked,3,11,1.006592,0.004
10000,aligned_still,linked,3,12,1.012736,0.0052
10000,aligned_still,linked,3,13,0.999424,0.0027
10000,aligned_still,linked,3,14,1.009664,0.0039
10000,aligned_still,linked,3,15,1.001472,0.0038
10000,aligned_still,linked,3,16,1.010688,0.0016
10000,aligned_still,linked,3,17,1.00352,0.0021
10000,aligned_still,linked,3,18,0.9728,0.0031
10000,aligned_still,linked,3,19,1.038336,0.0027
10000,aligned_still,linked,3,20,1.000448,0.0051
10000,aligned_still,linked,3,21,1.033216,0.005
10000,aligned_still,linked,3,22,0.995328,0.0024
10000,aligned_still,linked,3,23,1.015808,0.0035
10000,aligned_still,linked,3,24,0.995328,0.0041
10000,aligned_still,linked,3,25,1.014784,0.004
10000,aligned_still,linked,3,26,0.985088,0.0042
10000,aligned_still,linked,3,27,1.017856,0.0029
10000,aligned_still,linked,3,28,0.995328,0.0051
10000,aligned_still,linked,3,29,1.006592,0.0041
10000,aligned_still,linked,3,30,0.996352,0.0077
10000,aligned_still,linked,3,31,1.006592,0.0034
10000,aligned_still,linked,3,32,0.992256,0.0044
10000,aligned_still,linked,3,33,1.190912,0.0032
10000,aligned_still,linked,3,34,0.99328,0.0031
10000,aligned_still,linked,3,35,1.019904,0.0076
10000,aligned_still,linked,3,36,1.009664,0.0051
10000,aligned_still,linked,3,37,0.987136,0.0033
10000,aligned_still,linked,3,38,1.041408,0.0041
10000,aligned_still,linked,3,39,1.006592,0.0055
10000,aligned_still,exact_ranges,3,0,1.13664,0.0069
10000,aligned_still,exact_ranges,3,1,1.327104,0.0054
10000,aligned_still,exact_ranges,3,2,1.122304,0.0075
10000,aligned_still,exact_ranges,3,3,1.123328,0.0052
10000,aligned_still,exact_ranges,3,4,1.130496,0.0055
10000,aligned_still,exact_ranges,3,5,1.150976,0.007
10000,aligned_still,exact_ranges,3,6,1.142784,0.0056
10000,aligned_still,exact_ranges,3,7,1.135616,0.0054
10000,aligned_still,exact_ranges,3,8,1.138688,0.0053
10000,aligned_still,exact_ranges,3,9,1.115136,0.0077
10000,aligned_still,exact_ranges,3,10,1.13152,0.0053
10000,aligned_still,exact_ranges,3,11,1.14176,0.0054
10000,aligned_still,exact_ranges,3,12,1.14688,0.007
10000,aligned_still,exact_ranges,3,13,1.130496,0.0059
10000,aligned_still,exact_ranges,3,14,1.112064,0.0053
10000,aligned_still,exact_ranges,3,15,1.1264,0.0073
10000,aligned_still,exact_ranges,3,16,1.130496,0.0053
10000,aligned_still,exact_ranges,3,17,1.114112,0.0068
10000,aligned_still,exact_ranges,3,18,1.115136,0.0069
10000,aligned_still,exact_ranges,3,19,1.143808,0.0077
10000,aligned_still,exact_ranges,3,20,1.128448,0.0054
10000,aligned_still,exact_ranges,3,21,1.13152,0.0055
10000,aligned_still,exact_ranges,3,22,1.127424,0.007
10000,aligned_still,exact_ranges,3,23,1.118208,0.0056
10000,aligned_still,exact_ranges,3,24,1.144832,0.0054
10000,aligned_still,exact_ranges,3,25,1.119232,0.0099
10000,aligned_still,exact_ranges,3,26,1.133568,0.0054
10000,aligned_still,exact_ranges,3,27,1.127424,0.0053
10000,aligned_still,exact_ranges,3,28,1.10592,0.0054
10000,aligned_still,exact_ranges,3,29,1.122304,0.0084
10000,aligned_still,exact_ranges,3,30,1.304576,0.0054
10000,aligned_still,exact_ranges,3,31,1.181696,0.0054
10000,aligned_still,exact_ranges,3,32,1.118208,0.0072
10000,aligned_still,exact_ranges,3,33,1.128448,0.0053
10000,aligned_still,exact_ranges,3,34,1.139712,0.0054
10000,aligned_still,exact_ranges,3,35,1.113088,0.0073
10000,aligned_still,exact_ranges,3,36,1.142784,0.0053
10000,aligned_still,exact_ranges,3,37,1.13152,0.0053
10000,aligned_still,exact_ranges,3,38,1.137664,0.0054
10000,aligned_still,exact_ranges,3,39,1.153024,0.007
10000,staggered_still,linked,1,0,1.040384,0.0081
10000,staggered_still,linked,1,1,1.00352,0.0038
10000,staggered_still,linked,1,2,1.035264,0.0062
10000,staggered_still,linked,1,3,0.996352,0.0037
10000,staggered_still,linked,1,4,1.202176,0.0017
10000,staggered_still,linked,1,5,1.00352,0.0038
10000,staggered_still,linked,1,6,1.021952,0.0018
10000,staggered_still,linked,1,7,1.001472,0.0054
10000,staggered_still,linked,1,8,1.017856,0.0019
10000,staggered_still,linked,1,9,1.006592,0.0037
10000,staggered_still,linked,1,10,1.025024,0.0018
10000,staggered_still,linked,1,11,1.01376,0.0033
10000,staggered_still,linked,1,12,1.011712,0.0016
10000,staggered_still,linked,1,13,0.996352,0.0015
10000,staggered_still,linked,1,14,1.012736,0.0016
10000,staggered_still,linked,1,15,0.997376,0.0039
10000,staggered_still,linked,1,16,1.017856,0.0059
10000,staggered_still,linked,1,17,1.01888,0.004
10000,staggered_still,linked,1,18,0.973824,0.0016
10000,staggered_still,linked,1,19,1.043456,0.0017
10000,staggered_still,linked,1,20,1.001472,0.0033
10000,staggered_still,linked,1,21,1.033216,0.0018
10000,staggered_still,linked,1,22,0.999424,0.0017
10000,staggered_still,linked,1,23,1.017856,0.0106
10000,staggered_still,linked,1,24,0.995328,0.0041
10000,staggered_still,linked,1,25,1.022976,0.0057
10000,staggered_still,linked,1,26,0.997376,0.0038
10000,staggered_still,linked,1,27,1.020928,0.0017
10000,staggered_still,linked,1,28,0.996352,0.0039
10000,staggered_still,linked,1,29,1.012736,0.0017
10000,staggered_still,linked,1,30,0.994304,0.0146
10000,staggered_still,linked,1,31,1.011712,0.0053
10000,staggered_still,linked,1,32,0.999424,0.0015
10000,staggered_still,linked,1,33,1.01376,0.0017
10000,staggered_still,linked,1,34,0.999424,0.0031
10000,staggered_still,linked,1,35,1.021952,0.0016
10000,staggered_still,linked,1,36,1.18272,0.0039
10000,staggered_still,linked,1,37,0.970752,0.0017
10000,staggered_still,linked,1,38,1.052672,0.0015
10000,staggered_still,linked,1,39,1.010688,0.0033
10000,staggered_still,exact_ranges,1,0,1.137664,0.013
10000,staggered_still,exact_ranges,1,1,1.125376,0.0067
10000,staggered_still,exact_ranges,1,2,1.113088,0.0054
10000,staggered_still,exact_ranges,1,3,1.114112,0.0053
10000,staggered_still,exact_ranges,1,4,1.29536,0.0072
10000,staggered_still,exact_ranges,1,5,1.171456,0.0053
10000,staggered_still,exact_ranges,1,6,1.14688,0.0053
10000,staggered_still,exact_ranges,1,7,1.134592,0.007
10000,staggered_still,exact_ranges,1,8,1.124352,0.0054
10000,staggered_still,exact_ranges,1,9,1.112064,0.0053
10000,staggered_still,exact_ranges,1,10,1.129472,0.0091
10000,staggered_still,exact_ranges,1,11,1.132544,0.0055
10000,staggered_still,exact_ranges,1,12,1.138688,0.0054
10000,staggered_still,exact_ranges,1,13,1.125376,0.0057
10000,staggered_still,exact_ranges,1,14,1.128448,0.0075
10000,staggered_still,exact_ranges,1,15,1.130496,0.0054
10000,staggered_still,exact_ranges,1,16,1.1264,0.006
10000,staggered_still,exact_ranges,1,17,1.110016,0.0069
10000,staggered_still,exact_ranges,1,18,1.103872,0.0054
10000,staggered_still,exact_ranges,1,19,1.139712,0.0055
10000,staggered_still,exact_ranges,1,20,1.115136,0.0068
10000,staggered_still,exact_ranges,1,21,1.119232,0.0053
10000,staggered_still,exact_ranges,1,22,1.119232,0.0054
10000,staggered_still,exact_ranges,1,23,1.110016,0.0054
10000,staggered_still,exact_ranges,1,24,1.134592,0.007
10000,staggered_still,exact_ranges,1,25,1.127424,0.0053
10000,staggered_still,exact_ranges,1,26,1.115136,0.0053
10000,staggered_still,exact_ranges,1,27,1.106944,0.0072
10000,staggered_still,exact_ranges,1,28,1.102848,0.0053
10000,staggered_still,exact_ranges,1,29,1.127424,0.0053
10000,staggered_still,exact_ranges,1,30,1.117184,0.007
10000,staggered_still,exact_ranges,1,31,1.11104,0.0054
10000,staggered_still,exact_ranges,1,32,1.097728,0.0057
10000,staggered_still,exact_ranges,1,33,1.294336,0.0053
10000,staggered_still,exact_ranges,1,34,1.1264,0.0071
10000,staggered_still,exact_ranges,1,35,1.119232,0.0054
10000,staggered_still,exact_ranges,1,36,1.138688,0.0053
10000,staggered_still,exact_ranges,1,37,1.120256,0.0073
10000,staggered_still,exact_ranges,1,38,1.135616,0.0054
10000,staggered_still,exact_ranges,1,39,1.153024,0.0054
10000,staggered_still,exact_ranges,2,0,1.130496,0.0075
10000,staggered_still,exact_ranges,2,1,1.318912,0.0054
10000,staggered_still,exact_ranges,2,2,1.114112,0.0053
10000,staggered_still,exact_ranges,2,3,1.118208,0.0056
10000,staggered_still,exact_ranges,2,4,1.129472,0.0052
10000,staggered_still,exact_ranges,2,5,1.156096,0.0054
10000,staggered_still,exact_ranges,2,6,1.13152,0.0072
10000,staggered_still,exact_ranges,2,7,1.129472,0.0053
10000,staggered_still,exact_ranges,2,8,1.125376,0.0054
10000,staggered_still,exact_ranges,2,9,1.108992,0.0071
10000,staggered_still,exact_ranges,2,10,1.129472,0.0055
10000,staggered_still,exact_ranges,2,11,1.145856,0.0055
10000,staggered_still,exact_ranges,2,12,1.130496,0.0077
10000,staggered_still,exact_ranges,2,13,1.120256,0.0054
10000,staggered_still,exact_ranges,2,14,1.110016,0.0053
10000,staggered_still,exact_ranges,2,15,1.117184,0.0097
10000,staggered_still,exact_ranges,2,16,1.122304,0.0104
10000,staggered_still,exact_ranges,2,17,1.117184,0.0067
10000,staggered_still,exact_ranges,2,18,1.110016,0.0054
10000,staggered_still,exact_ranges,2,19,1.138688,0.0074
10000,staggered_still,exact_ranges,2,20,1.122304,0.0054
10000,staggered_still,exact_ranges,2,21,1.117184,0.0054
10000,staggered_still,exact_ranges,2,22,1.11104,0.0071
10000,staggered_still,exact_ranges,2,23,1.122304,0.0057
10000,staggered_still,exact_ranges,2,24,1.143808,0.0055
10000,staggered_still,exact_ranges,2,25,1.1264,0.0054
10000,staggered_still,exact_ranges,2,26,1.127424,0.007
10000,staggered_still,exact_ranges,2,27,1.127424,0.0053
10000,staggered_still,exact_ranges,2,28,1.099776,0.0053
10000,staggered_still,exact_ranges,2,29,1.1264,0.0071
10000,staggered_still,exact_ranges,2,30,1.117184,0.0053
10000,staggered_still,exact_ranges,2,31,1.318912,0.0053
10000,staggered_still,exact_ranges,2,32,1.094656,0.0069
10000,staggered_still,exact_ranges,2,33,1.130496,0.0054
10000,staggered_still,exact_ranges,2,34,1.14688,0.0053
10000,staggered_still,exact_ranges,2,35,1.128448,0.0058
10000,staggered_still,exact_ranges,2,36,1.13152,0.007
10000,staggered_still,exact_ranges,2,37,1.119232,0.0054
10000,staggered_still,exact_ranges,2,38,1.139712,0.0059
10000,staggered_still,exact_ranges,2,39,1.140736,0.0072
10000,staggered_still,linked,2,0,1.048576,0.011
10000,staggered_still,linked,2,1,1.00352,0.0039
10000,staggered_still,linked,2,2,1.046528,0.0016
10000,staggered_still,linked,2,3,0.997376,0.0037
10000,staggered_still,linked,2,4,1.211392,0.0054
10000,staggered_still,linked,2,5,0.9984,0.0039
10000,staggered_still,linked,2,6,1.01888,0.0016
10000,staggered_still,linked,2,7,1.002496,0.0037
10000,staggered_still,linked,2,8,1.017856,0.0018
10000,staggered_still,linked,2,9,1.004544,0.0056
10000,staggered_still,linked,2,10,1.017856,0.0016
10000,staggered_still,linked,2,11,1.001472,0.0017
10000,staggered_still,linked,2,12,1.014784,0.0017
10000,staggered_still,linked,2,13,1.002496,0.0016
10000,staggered_still,linked,2,14,1.016832,0.0027
10000,staggered_still,linked,2,15,1.009664,0.0016
10000,staggered_still,linked,2,16,1.009664,0.0016
10000,staggered_still,linked,2,17,1.009664,0.0017
10000,staggered_still,linked,2,18,0.973824,0.0027
10000,staggered_still,linked,2,19,1.037312,0.0016
10000,staggered_still,linked,2,20,0.992256,0.0016
10000,staggered_still,linked,2,21,1.03424,0.0016
10000,staggered_still,linked,2,22,0.994304,0.0015
10000,staggered_still,linked,2,23,1.01888,0.0024
10000,staggered_still,linked,2,24,0.995328,0.02
10000,staggered_still,linked,2,25,1.014784,0.0038
10000,staggered_still,linked,2,26,0.992256,0.0039
10000,staggered_still,linked,2,27,1.017856,0.0035
10000,staggered_still,linked,2,28,0.999424,0.0037
10000,staggered_still,linked,2,29,1.006592,0.0018
10000,staggered_still,linked,2,30,0.994304,0.0016
10000,staggered_still,linked,2,31,1.01376,0.0016
10000,staggered_still,linked,2,32,0.991232,0.0033
10000,staggered_still,linked,2,33,1.016832,0.0016
10000,staggered_still,linked,2,34,1.004544,0.0015
10000,staggered_still,linked,2,35,1.019904,0.0015
10000,staggered_still,linked,2,36,1.007616,0.0026
10000,staggered_still,linked,2,37,1.145856,0.0017
10000,staggered_still,linked,2,38,1.072128,0.0015
10000,staggered_still,linked,2,39,1.010688,0.0016
10000,staggered_still,linked,3,0,1.037312,0.0152
10000,staggered_still,linked,3,1,0.999424,0.0056
10000,staggered_still,linked,3,2,1.036288,0.0085
10000,staggered_still,linked,3,3,0.997376,0.0057
10000,staggered_still,linked,3,4,1.017856,0.0026
10000,staggered_still,linked,3,5,0.996352,0.0056
10000,staggered_still,linked,3,6,1.021952,0.0048
10000,staggered_still,linked,3,7,1.000448,0.0057
10000,staggered_still,linked,3,8,1.01376,0.0024
10000,staggered_still,linked,3,9,0.995328,0.0057
10000,staggered_still,linked,3,10,1.009664,0.0025
10000,staggered_still,linked,3,11,1.197056,0.0047
10000,staggered_still,linked,3,12,1.019904,0.0024
10000,staggered_still,linked,3,13,0.995328,0.0058
10000,staggered_still,linked,3,14,1.026048,0.0039
10000,staggered_still,linked,3,15,0.994304,0.0055
10000,staggered_still,linked,3,16,1.012736,0.0017
10000,staggered_still,linked,3,17,1.00864,0.0017
10000,staggered_still,linked,3,18,0.982016,0.0016
10000,staggered_still,linked,3,19,1.041408,0.0015
10000,staggered_still,linked,3,20,1.007616,0.0028
10000,staggered_still,linked,3,21,1.035264,0.0016
10000,staggered_still,linked,3,22,1.005568,0.0017
10000,staggered_still,linked,3,23,1.021952,0.0017
10000,staggered_still,linked,3,24,0.995328,0.0015
10000,staggered_still,linked,3,25,1.00864,0.0023
10000,staggered_still,linked,3,26,0.994304,0.0039
10000,staggered_still,linked,3,27,1.007616,0.0019
10000,staggered_still,linked,3,28,0.99328,0.0038
10000,staggered_still,linked,3,29,1.012736,0.0035
10000,staggered_still,linked,3,30,0.995328,0.0083
10000,staggered_still,linked,3,31,1.020928,0.0027
10000,staggered_still,linked,3,32,1.001472,0.004
10000,staggered_still,linked,3,33,1.012736,0.0018
10000,staggered_still,linked,3,34,1.005568,0.0057
10000,staggered_still,linked,3,35,1.017856,0.0017
10000,staggered_still,linked,3,36,1.005568,0.0017
10000,staggered_still,linked,3,37,0.973824,0.0015
10000,staggered_still,linked,3,38,1.043456,0.003
10000,staggered_still,linked,3,39,1.006592,0.0038
10000,staggered_still,exact_ranges,3,0,1.134592,0.0222
10000,staggered_still,exact_ranges,3,1,1.119232,0.008
10000,staggered_still,exact_ranges,3,2,1.117184,0.0054
10000,staggered_still,exact_ranges,3,3,1.123328,0.0053
10000,staggered_still,exact_ranges,3,4,1.115136,0.0076
10000,staggered_still,exact_ranges,3,5,1.134592,0.0053
10000,staggered_still,exact_ranges,3,6,1.114112,0.0056
10000,staggered_still,exact_ranges,3,7,1.128448,0.0071
10000,staggered_still,exact_ranges,3,8,1.11104,0.0054
10000,staggered_still,exact_ranges,3,9,1.1008,0.0054
10000,staggered_still,exact_ranges,3,10,1.122304,0.007
10000,staggered_still,exact_ranges,3,11,1.304576,0.0053
10000,staggered_still,exact_ranges,3,12,1.1264,0.0054
10000,staggered_still,exact_ranges,3,13,1.114112,0.0053
10000,staggered_still,exact_ranges,3,14,1.129472,0.0072
10000,staggered_still,exact_ranges,3,15,1.14176,0.0053
10000,staggered_still,exact_ranges,3,16,1.106944,0.0053
10000,staggered_still,exact_ranges,3,17,1.134592,0.0078
10000,staggered_still,exact_ranges,3,18,1.124352,0.0055
10000,staggered_still,exact_ranges,3,19,1.144832,0.0056
10000,staggered_still,exact_ranges,3,20,1.139712,0.007
10000,staggered_still,exact_ranges,3,21,1.140736,0.0055
10000,staggered_still,exact_ranges,3,22,1.113088,0.0054
10000,staggered_still,exact_ranges,3,23,1.1264,0.0054
10000,staggered_still,exact_ranges,3,24,1.13664,0.0072
10000,staggered_still,exact_ranges,3,25,1.124352,0.007
10000,staggered_still,exact_ranges,3,26,1.135616,0.0055
10000,staggered_still,exact_ranges,3,27,1.115136,0.0072
10000,staggered_still,exact_ranges,3,28,1.101824,0.0053
10000,staggered_still,exact_ranges,3,29,1.132544,0.0055
10000,staggered_still,exact_ranges,3,30,1.120256,0.0127
10000,staggered_still,exact_ranges,3,31,1.119232,0.0101
10000,staggered_still,exact_ranges,3,32,1.110016,0.0054
10000,staggered_still,exact_ranges,3,33,1.108992,0.0053
10000,staggered_still,exact_ranges,3,34,1.122304,0.0083
10000,staggered_still,exact_ranges,3,35,1.118208,0.0067
10000,staggered_still,exact_ranges,3,36,1.13152,0.007
10000,staggered_still,exact_ranges,3,37,1.28512,0.0074
10000,staggered_still,exact_ranges,3,38,1.158144,0.0053
10000,staggered_still,exact_ranges,3,39,1.133568,0.0064
10000,staggered_driven,linked,1,0,1.061888,0.03
10000,staggered_driven,linked,1,1,1.084416,0.0039
10000,staggered_driven,linked,1,2,1.081344,0.0038
10000,staggered_driven,linked,1,3,1.077248,0.0062
10000,staggered_driven,linked,1,4,1.088512,0.0017
10000,staggered_driven,linked,1,5,1.072128,0.0039
10000,staggered_driven,linked,1,6,1.288192,0.0016
10000,staggered_driven,linked,1,7,1.079296,0.0055
10000,staggered_driven,linked,1,8,1.09568,0.0017
10000,staggered_driven,linked,1,9,1.078272,0.0017
10000,staggered_driven,linked,1,10,1.093632,0.0017
10000,staggered_driven,linked,1,11,1.067008,0.0017
10000,staggered_driven,linked,1,12,1.097728,0.0026
10000,staggered_driven,linked,1,13,1.093632,0.0038
10000,staggered_driven,linked,1,14,1.124352,0.0016
10000,staggered_driven,linked,1,15,1.107968,0.0038
10000,staggered_driven,linked,1,16,1.130496,0.0035
10000,staggered_driven,linked,1,17,1.106944,0.0039
10000,staggered_driven,linked,1,18,1.1264,0.0017
10000,staggered_driven,linked,1,19,1.076224,0.0017
10000,staggered_driven,linked,1,20,1.135616,0.0016
10000,staggered_driven,linked,1,21,1.098752,0.0054
10000,staggered_driven,linked,1,22,1.087488,0.0038
10000,staggered_driven,linked,1,23,1.097728,0.0016
10000,staggered_driven,linked,1,24,1.094656,0.0038
10000,staggered_driven,linked,1,25,1.106944,0.0018
10000,staggered_driven,linked,1,26,1.08032,0.0058
10000,staggered_driven,linked,1,27,1.11104,0.0019
10000,staggered_driven,linked,1,28,1.083392,0.0038
10000,staggered_driven,linked,1,29,1.094656,0.0016
10000,staggered_driven,linked,1,30,1.079296,0.0032
10000,staggered_driven,linked,1,31,1.123328,0.0016
10000,staggered_driven,linked,1,32,1.107968,0.0037
10000,staggered_driven,linked,1,33,1.129472,0.0017
10000,staggered_driven,linked,1,34,1.074176,0.0038
10000,staggered_driven,linked,1,35,1.104896,0.0034
10000,staggered_driven,linked,1,36,1.256448,0.0038
10000,staggered_driven,linked,1,37,1.081344,0.0016
10000,staggered_driven,linked,1,38,1.030144,0.0017
10000,staggered_driven,linked,1,39,1.099776,0.0054
10000,staggered_driven,exact_ranges,1,0,1.193984,0.0181
10000,staggered_driven,exact_ranges,1,1,1.175552,0.0092
10000,staggered_driven,exact_ranges,1,2,1.190912,0.0056
10000,staggered_driven,exact_ranges,1,3,1.396736,0.0056
10000,staggered_driven,exact_ranges,1,4,1.199104,0.0097
10000,staggered_driven,exact_ranges,1,5,1.204224,0.0058
10000,staggered_driven,exact_ranges,1,6,1.191936,0.0056
10000,staggered_driven,exact_ranges,1,7,1.197056,0.0076
10000,staggered_driven,exact_ranges,1,8,1.221632,0.0059
10000,staggered_driven,exact_ranges,1,9,1.19808,0.0058
10000,staggered_driven,exact_ranges,1,10,1.20832,0.0055
10000,staggered_driven,exact_ranges,1,11,1.199104,0.0075
10000,staggered_driven,exact_ranges,1,12,1.206272,0.0056
10000,staggered_driven,exact_ranges,1,13,1.215488,0.0055
10000,staggered_driven,exact_ranges,1,14,1.209344,0.0074
10000,staggered_driven,exact_ranges,1,15,1.232896,0.0056
10000,staggered_driven,exact_ranges,1,16,1.225728,0.0056
10000,staggered_driven,exact_ranges,1,17,1.217536,0.0073
10000,staggered_driven,exact_ranges,1,18,1.217536,0.0056
10000,staggered_driven,exact_ranges,1,19,1.21344,0.0056
10000,staggered_driven,exact_ranges,1,20,1.404928,0.0055
10000,staggered_driven,exact_ranges,1,21,1.226752,0.0073
10000,staggered_driven,exact_ranges,1,22,1.235968,0.0056
10000,staggered_driven,exact_ranges,1,23,1.230848,0.0056
10000,staggered_driven,exact_ranges,1,24,1.212416,0.0073
10000,staggered_driven,exact_ranges,1,25,1.211392,0.0056
10000,staggered_driven,exact_ranges,1,26,1.230848,0.0058
10000,staggered_driven,exact_ranges,1,27,1.439744,0.0073
10000,staggered_driven,exact_ranges,1,28,1.215488,0.0055
10000,staggered_driven,exact_ranges,1,29,1.219584,0.0055
10000,staggered_driven,exact_ranges,1,30,1.225728,0.0055
10000,staggered_driven,exact_ranges,1,31,1.225728,0.0075
10000,staggered_driven,exact_ranges,1,32,1.21856,0.0055
10000,staggered_driven,exact_ranges,1,33,1.222656,0.0058
10000,staggered_driven,exact_ranges,1,34,1.222656,0.0073
10000,staggered_driven,exact_ranges,1,35,1.197056,0.0056
10000,staggered_driven,exact_ranges,1,36,1.186816,0.0055
10000,staggered_driven,exact_ranges,1,37,1.408,0.0074
10000,staggered_driven,exact_ranges,1,38,1.170432,0.0056
10000,staggered_driven,exact_ranges,1,39,1.19296,0.0055
10000,staggered_driven,exact_ranges,2,0,1.217536,0.0518
10000,staggered_driven,exact_ranges,2,1,1.174528,0.0138
10000,staggered_driven,exact_ranges,2,2,1.18272,0.0067
10000,staggered_driven,exact_ranges,2,3,1.188864,0.0077
10000,staggered_driven,exact_ranges,2,4,1.209344,0.0053
10000,staggered_driven,exact_ranges,2,5,1.206272,0.0052
10000,staggered_driven,exact_ranges,2,6,1.188864,0.0053
10000,staggered_driven,exact_ranges,2,7,1.193984,0.0071
10000,staggered_driven,exact_ranges,2,8,1.210368,0.0053
10000,staggered_driven,exact_ranges,2,9,1.202176,0.0055
10000,staggered_driven,exact_ranges,2,10,1.185792,0.0053
10000,staggered_driven,exact_ranges,2,11,1.189888,0.0069
10000,staggered_driven,exact_ranges,2,12,1.189888,0.0055
10000,staggered_driven,exact_ranges,2,13,1.214464,0.0053
10000,staggered_driven,exact_ranges,2,14,1.391616,0.0053
10000,staggered_driven,exact_ranges,2,15,1.234944,0.0052
10000,staggered_driven,exact_ranges,2,16,1.255424,0.0069
10000,staggered_driven,exact_ranges,2,17,1.415168,0.0053
10000,staggered_driven,exact_ranges,2,18,1.222656,0.0054
10000,staggered_driven,exact_ranges,2,19,1.22368,0.0052
10000,staggered_driven,exact_ranges,2,20,1.214464,0.0071
10000,staggered_driven,exact_ranges,2,21,1.214464,0.0052
10000,staggered_driven,exact_ranges,2,22,1.240064,0.0053
10000,staggered_driven,exact_ranges,2,23,1.24416,0.0052
10000,staggered_driven,exact_ranges,2,24,1.238016,0.007
10000,staggered_driven,exact_ranges,2,25,1.220608,0.0052
10000,staggered_driven,exact_ranges,2,26,1.209344,0.0053
10000,staggered_driven,exact_ranges,2,27,1.235968,0.0053
10000,staggered_driven,exact_ranges,2,28,1.231872,0.0056
10000,staggered_driven,exact_ranges,2,29,1.227776,0.0068
10000,staggered_driven,exact_ranges,2,30,1.217536,0.0052
10000,staggered_driven,exact_ranges,2,31,1.412096,0.0052
10000,staggered_driven,exact_ranges,2,32,1.214464,0.0054
10000,staggered_driven,exact_ranges,2,33,1.227776,0.007
10000,staggered_driven,exact_ranges,2,34,1.221632,0.0052
10000,staggered_driven,exact_ranges,2,35,1.205248,0.0053
10000,staggered_driven,exact_ranges,2,36,1.186816,0.0052
10000,staggered_driven,exact_ranges,2,37,1.202176,0.0072
10000,staggered_driven,exact_ranges,2,38,1.19808,0.0052
10000,staggered_driven,exact_ranges,2,39,1.19296,0.0052
10000,staggered_driven,linked,2,0,1.077248,0.0111
10000,staggered_driven,linked,2,1,1.071104,0.0038
10000,staggered_driven,linked,2,2,1.060864,0.004
10000,staggered_driven,linked,2,3,1.074176,0.0062
10000,staggered_driven,linked,2,4,1.067008,0.0038
10000,staggered_driven,linked,2,5,1.079296,0.0017
10000,staggered_driven,linked,2,6,1.088512,0.0039
10000,staggered_driven,linked,2,7,1.10592,0.0055
10000,staggered_driven,linked,2,8,1.084416,0.0038
10000,staggered_driven,linked,2,9,1.09056,0.0017
10000,staggered_driven,linked,2,10,1.06496,0.0016
10000,staggered_driven,linked,2,11,1.094656,0.0018
10000,staggered_driven,linked,2,12,1.071104,0.0057
10000,staggered_driven,linked,2,13,1.115136,0.0016
10000,staggered_driven,linked,2,14,1.317888,0.0019
10000,staggered_driven,linked,2,15,1.139712,0.0017
10000,staggered_driven,linked,2,16,1.107968,0.0016
10000,staggered_driven,linked,2,17,1.13152,0.0017
10000,staggered_driven,linked,2,18,1.081344,0.0016
10000,staggered_driven,linked,2,19,1.129472,0.0018
10000,staggered_driven,linked,2,20,1.120256,0.0015
10000,staggered_driven,linked,2,21,1.091584,0.0056
10000,staggered_driven,linked,2,22,1.096704,0.0017
10000,staggered_driven,linked,2,23,1.098752,0.004
10000,staggered_driven,linked,2,24,1.098752,0.0017
10000,staggered_driven,linked,2,25,1.096704,0.0016
10000,staggered_driven,linked,2,26,1.098752,0.0033
10000,staggered_driven,linked,2,27,1.082368,0.0038
10000,staggered_driven,linked,2,28,1.09568,0.0017
10000,staggered_driven,linked,2,29,1.08032,0.0038
10000,staggered_driven,linked,2,30,1.11104,0.0035
10000,staggered_driven,linked,2,31,1.103872,0.0039
10000,staggered_driven,linked,2,32,1.118208,0.0017
10000,staggered_driven,linked,2,33,1.308672,0.0038
10000,staggered_driven,linked,2,34,1.113088,0.0038
10000,staggered_driven,linked,2,35,1.0752,0.0056
10000,staggered_driven,linked,2,36,1.118208,0.0018
10000,staggered_driven,linked,2,37,1.02912,0.0038
10000,staggered_driven,linked,2,38,1.094656,0.0017
10000,staggered_driven,linked,2,39,1.087488,0.0056
10000,staggered_driven,linked,3,0,1.082368,0.0082
10000,staggered_driven,linked,3,1,1.073152,0.0073
10000,staggered_driven,linked,3,2,1.05984,0.0039
10000,staggered_driven,linked,3,3,1.086464,0.0039
10000,staggered_driven,linked,3,4,1.076224,0.0039
10000,staggered_driven,linked,3,5,1.08544,0.0058
10000,staggered_driven,linked,3,6,1.088512,0.0039
10000,staggered_driven,linked,3,7,1.096704,0.0038
10000,staggered_driven,linked,3,8,1.081344,0.0038
10000,staggered_driven,linked,3,9,1.09568,0.0017
10000,staggered_driven,linked,3,10,1.073152,0.0058
10000,staggered_driven,linked,3,11,1.091584,0.0016
10000,staggered_driven,linked,3,12,1.0752,0.0039
10000,staggered_driven,linked,3,13,1.299456,0.0017
10000,staggered_driven,linked,3,14,1.091584,0.0056
10000,staggered_driven,linked,3,15,1.14176,0.0038
10000,staggered_driven,linked,3,16,1.1008,0.0038
10000,staggered_driven,linked,3,17,1.334272,0.0038
10000,staggered_driven,linked,3,18,1.0752,0.0059
10000,staggered_driven,linked,3,19,1.125376,0.0065
10000,staggered_driven,linked,3,20,1.117184,0.0041
10000,staggered_driven,linked,3,21,1.089536,0.0039
10000,staggered_driven,linked,3,22,1.093632,0.0017
10000,staggered_driven,linked,3,23,1.101824,0.0055
10000,staggered_driven,linked,3,24,1.096704,0.0017
10000,staggered_driven,linked,3,25,1.094656,0.004
10000,staggered_driven,linked,3,26,1.09568,0.0017
10000,staggered_driven,linked,3,27,1.088512,0.0017
10000,staggered_driven,linked,3,28,1.108992,0.0032
10000,staggered_driven,linked,3,29,1.083392,0.0039
10000,staggered_driven,linked,3,30,1.098752,0.0017
10000,staggered_driven,linked,3,31,1.108992,0.0038
10000,staggered_driven,linked,3,32,1.128448,0.0045
10000,staggered_driven,linked,3,33,1.108992,0.0056
10000,staggered_driven,linked,3,34,1.106944,0.0016
10000,staggered_driven,linked,3,35,1.267712,0.0016
10000,staggered_driven,linked,3,36,1.11104,0.0016
10000,staggered_driven,linked,3,37,1.024,0.0058
10000,staggered_driven,linked,3,38,1.089536,0.0017
10000,staggered_driven,linked,3,39,1.088512,0.0037
10000,staggered_driven,exact_ranges,3,0,1.217536,0.0215
10000,staggered_driven,exact_ranges,3,1,1.169408,0.0053
10000,staggered_driven,exact_ranges,3,2,1.180672,0.0053
10000,staggered_driven,exact_ranges,3,3,1.224704,0.0053
10000,staggered_driven,exact_ranges,3,4,1.209344,0.0073
10000,staggered_driven,exact_ranges,3,5,1.18272,0.0053
10000,staggered_driven,exact_ranges,3,6,1.408,0.0053
10000,staggered_driven,exact_ranges,3,7,1.1776,0.0052
10000,staggered_driven,exact_ranges,3,8,1.186816,0.011
10000,staggered_driven,exact_ranges,3,9,1.206272,0.0056
10000,staggered_driven,exact_ranges,3,10,1.201152,0.0053
10000,staggered_driven,exact_ranges,3,11,1.211392,0.0053
10000,staggered_driven,exact_ranges,3,12,1.200128,0.0053
10000,staggered_driven,exact_ranges,3,13,1.20832,0.0054
10000,staggered_driven,exact_ranges,3,14,1.220608,0.0053
10000,staggered_driven,exact_ranges,3,15,1.242112,0.0053
10000,staggered_driven,exact_ranges,3,16,1.222656,0.0054
10000,staggered_driven,exact_ranges,3,17,1.22368,0.0071
10000,staggered_driven,exact_ranges,3,18,1.216512,0.0053
10000,staggered_driven,exact_ranges,3,19,1.227776,0.0066
10000,staggered_driven,exact_ranges,3,20,1.211392,0.0054
10000,staggered_driven,exact_ranges,3,21,1.201152,0.0073
10000,staggered_driven,exact_ranges,3,22,1.24416,0.0053
10000,staggered_driven,exact_ranges,3,23,1.23392,0.0053
10000,staggered_driven,exact_ranges,3,24,1.221632,0.0054
10000,staggered_driven,exact_ranges,3,25,1.214464,0.007
10000,staggered_driven,exact_ranges,3,26,1.211392,0.0054
10000,staggered_driven,exact_ranges,3,27,1.212416,0.0054
10000,staggered_driven,exact_ranges,3,28,1.22368,0.0055
10000,staggered_driven,exact_ranges,3,29,1.2288,0.0053
10000,staggered_driven,exact_ranges,3,30,1.220608,0.0074
10000,staggered_driven,exact_ranges,3,31,1.234944,0.0069
10000,staggered_driven,exact_ranges,3,32,1.219584,0.0054
10000,staggered_driven,exact_ranges,3,33,1.39776,0.0053
10000,staggered_driven,exact_ranges,3,34,1.219584,0.0076
10000,staggered_driven,exact_ranges,3,35,1.199104,0.0068
10000,staggered_driven,exact_ranges,3,36,1.202176,0.0053
10000,staggered_driven,exact_ranges,3,37,1.193984,0.0053
10000,staggered_driven,exact_ranges,3,38,1.199104,0.0073
10000,staggered_driven,exact_ranges,3,39,1.184768,0.0061
65536,aligned_still,linked,1,0,3.149824,0.0146
65536,aligned_still,linked,1,1,3.150848,0.0037
65536,aligned_still,linked,1,2,3.135488,0.0036
65536,aligned_still,linked,1,3,3.289088,0.0054
65536,aligned_still,linked,1,4,3.158016,0.0038
65536,aligned_still,linked,1,5,3.10272,0.0036
65536,aligned_still,linked,1,6,3.142656,0.0038
65536,aligned_still,linked,1,7,3.115008,0.0037
65536,aligned_still,linked,1,8,3.117056,0.0037
65536,aligned_still,linked,1,9,3.14368,0.0017
65536,aligned_still,linked,1,10,3.116032,0.0038
65536,aligned_still,linked,1,11,3.117056,0.0018
65536,aligned_still,linked,1,12,3.113984,0.0053
65536,aligned_still,linked,1,13,3.149824,0.0016
65536,aligned_still,linked,1,14,3.407872,0.0037
65536,aligned_still,linked,1,15,3.106816,0.0037
65536,aligned_still,linked,1,16,3.117056,0.0034
65536,aligned_still,linked,1,17,3.132416,0.0036
65536,aligned_still,linked,1,18,3.139584,0.0016
65536,aligned_still,linked,1,19,3.134464,0.0036
65536,aligned_still,linked,1,20,3.144704,0.0034
65536,aligned_still,linked,1,21,3.134464,0.0037
65536,aligned_still,linked,1,22,3.122176,0.0036
65536,aligned_still,linked,1,23,3.145728,0.0037
65536,aligned_still,linked,1,24,3.331072,0.0053
65536,aligned_still,linked,1,25,3.15904,0.0018
65536,aligned_still,linked,1,26,3.106816,0.0036
65536,aligned_still,linked,1,27,3.111936,0.0036
65536,aligned_still,linked,1,28,3.155968,0.0034
65536,aligned_still,linked,1,29,3.120128,0.0037
65536,aligned_still,linked,1,30,3.13344,0.0018
65536,aligned_still,linked,1,31,3.103744,0.0037
65536,aligned_still,linked,1,32,3.168256,0.0054
65536,aligned_still,linked,1,33,3.14368,0.0037
65536,aligned_still,linked,1,34,3.091456,0.0037
65536,aligned_still,linked,1,35,3.421184,0.0017
65536,aligned_still,linked,1,36,3.120128,0.0058
65536,aligned_still,linked,1,37,3.144704,0.0016
65536,aligned_still,linked,1,38,3.140608,0.0037
65536,aligned_still,linked,1,39,3.140608,0.0017
65536,aligned_still,exact_ranges,1,0,3.922944,0.0179
65536,aligned_still,exact_ranges,1,1,3.857408,0.0056
65536,aligned_still,exact_ranges,1,2,3.863552,0.0058
65536,aligned_still,exact_ranges,1,3,3.874816,0.0074
65536,aligned_still,exact_ranges,1,4,4.072448,0.0056
65536,aligned_still,exact_ranges,1,5,3.9168,0.0056
65536,aligned_still,exact_ranges,1,6,3.859456,0.0056
65536,aligned_still,exact_ranges,1,7,3.8912,0.0075
65536,aligned_still,exact_ranges,1,8,3.900416,0.0056
65536,aligned_still,exact_ranges,1,9,3.892224,0.0057
65536,aligned_still,exact_ranges,1,10,3.851264,0.0055
65536,aligned_still,exact_ranges,1,11,3.872768,0.0072
65536,aligned_still,exact_ranges,1,12,3.871744,0.0056
65536,aligned_still,exact_ranges,1,13,4.064256,0.0056
65536,aligned_still,exact_ranges,1,14,3.862528,0.0055
65536,aligned_still,exact_ranges,1,15,3.8912,0.0073
65536,aligned_still,exact_ranges,1,16,3.934208,0.0055
65536,aligned_still,exact_ranges,1,17,3.858432,0.0058
65536,aligned_still,exact_ranges,1,18,3.873792,0.0075
65536,aligned_still,exact_ranges,1,19,3.858432,0.0056
65536,aligned_still,exact_ranges,1,20,3.856384,0.0055
65536,aligned_still,exact_ranges,1,21,3.879936,0.0056
65536,aligned_still,exact_ranges,1,22,4.069376,0.0073
65536,aligned_still,exact_ranges,1,23,3.923968,0.0056
65536,aligned_still,exact_ranges,1,24,3.858432,0.0056
65536,aligned_still,exact_ranges,1,25,3.872768,0.0056
65536,aligned_still,exact_ranges,1,26,3.86048,0.0073
65536,aligned_still,exact_ranges,1,27,3.885056,0.0056
65536,aligned_still,exact_ranges,1,28,3.885056,0.0056
65536,aligned_still,exact_ranges,1,29,3.862528,0.0055
65536,aligned_still,exact_ranges,1,30,4.074496,0.0092
65536,aligned_still,exact_ranges,1,31,3.874816,0.0055
65536,aligned_still,exact_ranges,1,32,3.888128,0.0056
65536,aligned_still,exact_ranges,1,33,3.883008,0.0056
65536,aligned_still,exact_ranges,1,34,3.887104,0.0074
65536,aligned_still,exact_ranges,1,35,3.907584,0.0055
65536,aligned_still,exact_ranges,1,36,3.867648,0.0055
65536,aligned_still,exact_ranges,1,37,3.905536,0.0056
65536,aligned_still,exact_ranges,1,38,3.871744,0.0073
65536,aligned_still,exact_ranges,1,39,4.166656,0.0055
65536,aligned_still,exact_ranges,2,0,3.926016,0.016
65536,aligned_still,exact_ranges,2,1,3.866624,0.008
65536,aligned_still,exact_ranges,2,2,3.884032,0.0056
65536,aligned_still,exact_ranges,2,3,3.877888,0.0055
65536,aligned_still,exact_ranges,2,4,3.883008,0.0054
65536,aligned_still,exact_ranges,2,5,3.858432,0.0073
65536,aligned_still,exact_ranges,2,6,3.876864,0.0055
65536,aligned_still,exact_ranges,2,7,3.869696,0.0056
65536,aligned_still,exact_ranges,2,8,4.058112,0.0054
65536,aligned_still,exact_ranges,2,9,3.873792,0.0076
65536,aligned_still,exact_ranges,2,10,3.895296,0.0054
65536,aligned_still,exact_ranges,2,11,3.910656,0.0055
65536,aligned_still,exact_ranges,2,12,3.872768,0.0054
65536,aligned_still,exact_ranges,2,13,3.894272,0.0073
65536,aligned_still,exact_ranges,2,14,3.885056,0.0055
65536,aligned_still,exact_ranges,2,15,3.866624,0.0054
65536,aligned_still,exact_ranges,2,16,4.06528,0.0073
65536,aligned_still,exact_ranges,2,17,3.902464,0.0055
65536,aligned_still,exact_ranges,2,18,3.922944,0.0056
65536,aligned_still,exact_ranges,2,19,3.887104,0.0054
65536,aligned_still,exact_ranges,2,20,3.869696,0.0131
65536,aligned_still,exact_ranges,2,21,3.879936,0.0059
65536,aligned_still,exact_ranges,2,22,3.88096,0.0054
65536,aligned_still,exact_ranges,2,23,3.876864,0.0055
65536,aligned_still,exact_ranges,2,24,3.881984,0.0074
65536,aligned_still,exact_ranges,2,25,4.094976,0.0056
65536,aligned_still,exact_ranges,2,26,3.8656,0.0058
65536,aligned_still,exact_ranges,2,27,3.883008,0.0055
65536,aligned_still,exact_ranges,2,28,3.890176,0.007
65536,aligned_still,exact_ranges,2,29,3.868672,0.0055
65536,aligned_still,exact_ranges,2,30,3.899392,0.0054
65536,aligned_still,exact_ranges,2,31,3.853312,0.0056
65536,aligned_still,exact_ranges,2,32,3.903488,0.0072
65536,aligned_still,exact_ranges,2,33,3.867648,0.0054
65536,aligned_still,exact_ranges,2,34,4.134912,0.0054
65536,aligned_still,exact_ranges,2,35,3.89632,0.0054
65536,aligned_still,exact_ranges,2,36,3.888128,0.0072
65536,aligned_still,exact_ranges,2,37,3.888128,0.0054
65536,aligned_still,exact_ranges,2,38,3.869696,0.0055
65536,aligned_still,exact_ranges,2,39,3.88608,0.0054
65536,aligned_still,linked,2,0,3.149824,0.0152
65536,aligned_still,linked,2,1,3.150848,0.0085
65536,aligned_still,linked,2,2,3.117056,0.0053
65536,aligned_still,linked,2,3,3.1232,0.0052
65536,aligned_still,linked,2,4,3.336192,0.0024
65536,aligned_still,linked,2,5,3.156992,0.0081
65536,aligned_still,linked,2,6,3.166208,0.0024
65536,aligned_still,linked,2,7,3.119104,0.0053
65536,aligned_still,linked,2,8,3.163136,0.0017
65536,aligned_still,linked,2,9,3.129344,0.0053
65536,aligned_still,linked,2,10,3.111936,0.0036
65536,aligned_still,linked,2,11,3.158016,0.0016
65536,aligned_still,linked,2,12,3.088384,0.0015
65536,aligned_still,linked,2,13,3.130368,0.0052
65536,aligned_still,linked,2,14,3.105792,0.0035
65536,aligned_still,linked,2,15,3.428352,0.0035
65536,aligned_still,linked,2,16,3.154944,0.0016
65536,aligned_still,linked,2,17,3.106816,0.0055
65536,aligned_still,linked,2,18,3.158016,0.0016
65536,aligned_still,linked,2,19,3.094528,0.0015
65536,aligned_still,linked,2,20,3.180544,0.0016
65536,aligned_still,linked,2,21,3.155968,0.0199
65536,aligned_still,linked,2,22,3.111936,0.0062
65536,aligned_still,linked,2,23,3.1488,0.0044
65536,aligned_still,linked,2,24,3.117056,0.0036
65536,aligned_still,linked,2,25,3.142656,0.004
65536,aligned_still,linked,2,26,3.403776,0.0035
65536,aligned_still,linked,2,27,3.126272,0.0016
65536,aligned_still,linked,2,28,3.158016,0.0035
65536,aligned_still,linked,2,29,3.101696,0.0051
65536,aligned_still,linked,2,30,3.16416,0.0015
65536,aligned_still,linked,2,31,3.094528,0.0016
65536,aligned_still,linked,2,32,3.120128,0.0016
65536,aligned_still,linked,2,33,3.117056,0.0025
65536,aligned_still,linked,2,34,3.119104,0.0036
65536,aligned_still,linked,2,35,3.163136,0.0036
65536,aligned_still,linked,2,36,3.378176,0.0036
65536,aligned_still,linked,2,37,3.154944,0.0034
65536,aligned_still,linked,2,38,3.117056,0.0035
65536,aligned_still,linked,2,39,3.168256,0.0017
65536,aligned_still,linked,3,0,3.145728,0.0112
65536,aligned_still,linked,3,1,3.14368,0.0035
65536,aligned_still,linked,3,2,3.099648,0.0035
65536,aligned_still,linked,3,3,3.145728,0.0036
65536,aligned_still,linked,3,4,3.116032,0.0055
65536,aligned_still,linked,3,5,3.108864,0.0036
65536,aligned_still,linked,3,6,3.129344,0.0035
65536,aligned_still,linked,3,7,3.10272,0.0035
65536,aligned_still,linked,3,8,3.382272,0.0036
65536,aligned_still,linked,3,9,3.10784,0.0036
65536,aligned_still,linked,3,10,3.161088,0.0016
65536,aligned_still,linked,3,11,3.135488,0.0035
65536,aligned_still,linked,3,12,3.1232,0.0054
65536,aligned_still,linked,3,13,3.137536,0.0017
65536,aligned_still,linked,3,14,3.134464,0.0036
65536,aligned_still,linked,3,15,3.144704,0.0016
65536,aligned_still,linked,3,16,3.122176,0.0034
65536,aligned_still,linked,3,17,3.149824,0.0017
65536,aligned_still,linked,3,18,3.141632,0.0036
65536,aligned_still,linked,3,19,3.383296,0.0037
65536,aligned_still,linked,3,20,3.142656,0.0037
65536,aligned_still,linked,3,21,3.106816,0.0036
65536,aligned_still,linked,3,22,3.15904,0.0017
65536,aligned_still,linked,3,23,3.135488,0.0035
65536,aligned_still,linked,3,24,3.10784,0.0052
65536,aligned_still,linked,3,25,3.151872,0.0015
65536,aligned_still,linked,3,26,3.110912,0.0015
65536,aligned_still,linked,3,27,3.132416,0.0017
65536,aligned_still,linked,3,28,3.278848,0.0029
65536,aligned_still,linked,3,29,3.172352,0.0015
65536,aligned_still,linked,3,30,3.156992,0.0037
65536,aligned_still,linked,3,31,3.130368,0.0037
65536,aligned_still,linked,3,32,3.158016,0.0052
65536,aligned_still,linked,3,33,3.108864,0.0075
65536,aligned_still,linked,3,34,3.13856,0.0026
65536,aligned_still,linked,3,35,3.100672,0.0051
65536,aligned_still,linked,3,36,3.163136,0.0045
65536,aligned_still,linked,3,37,3.1232,0.0036
65536,aligned_still,linked,3,38,3.106816,0.0035
65536,aligned_still,linked,3,39,3.360768,0.0016
65536,aligned_still,exact_ranges,3,0,4.0704,0.0187
65536,aligned_still,exact_ranges,3,1,3.89632,0.0109
65536,aligned_still,exact_ranges,3,2,3.909632,0.0056
65536,aligned_still,exact_ranges,3,3,3.869696,0.0075
65536,aligned_still,exact_ranges,3,4,3.87584,0.0055
65536,aligned_still,exact_ranges,3,5,3.87584,0.0055
65536,aligned_still,exact_ranges,3,6,3.879936,0.0056
65536,aligned_still,exact_ranges,3,7,3.898368,0.008
65536,aligned_still,exact_ranges,3,8,4.079616,0.0058
65536,aligned_still,exact_ranges,3,9,3.873792,0.0055
65536,aligned_still,exact_ranges,3,10,3.88608,0.0055
65536,aligned_still,exact_ranges,3,11,3.903488,0.008
65536,aligned_still,exact_ranges,3,12,3.888128,0.0054
65536,aligned_still,exact_ranges,3,13,3.838976,0.0056
65536,aligned_still,exact_ranges,3,14,3.890176,0.0056
65536,aligned_still,exact_ranges,3,15,3.854336,0.0075
65536,aligned_still,exact_ranges,3,16,3.887104,0.0055
65536,aligned_still,exact_ranges,3,17,4.077568,0.0055
65536,aligned_still,exact_ranges,3,18,3.89632,0.0058
65536,aligned_still,exact_ranges,3,19,3.931136,0.0072
65536,aligned_still,exact_ranges,3,20,3.858432,0.0054
65536,aligned_still,exact_ranges,3,21,3.881984,0.0054
65536,aligned_still,exact_ranges,3,22,3.863552,0.0054
65536,aligned_still,exact_ranges,3,23,3.861504,0.0071
65536,aligned_still,exact_ranges,3,24,3.873792,0.0062
65536,aligned_still,exact_ranges,3,25,4.086784,0.0054
65536,aligned_still,exact_ranges,3,26,3.926016,0.0071
65536,aligned_still,exact_ranges,3,27,3.88608,0.0056
65536,aligned_still,exact_ranges,3,28,3.890176,0.0056
65536,aligned_still,exact_ranges,3,29,3.871744,0.0054
65536,aligned_still,exact_ranges,3,30,3.895296,0.0072
65536,aligned_still,exact_ranges,3,31,3.884032,0.0055
65536,aligned_still,exact_ranges,3,32,3.831808,0.0056
65536,aligned_still,exact_ranges,3,33,3.884032,0.0055
65536,aligned_still,exact_ranges,3,34,4.040704,0.0073
65536,aligned_still,exact_ranges,3,35,3.89632,0.0055
65536,aligned_still,exact_ranges,3,36,3.862528,0.0056
65536,aligned_still,exact_ranges,3,37,3.889152,0.0056
65536,aligned_still,exact_ranges,3,38,3.898368,0.0072
65536,aligned_still,exact_ranges,3,39,3.885056,0.0055
65536,staggered_still,linked,1,0,3.3792,0.0161
65536,staggered_still,linked,1,1,3.17952,0.0041
65536,staggered_still,linked,1,2,3.119104,0.004
65536,staggered_still,linked,1,3,3.132416,0.006
65536,staggered_still,linked,1,4,3.086336,0.004
65536,staggered_still,linked,1,5,3.3792,0.0066
65536,staggered_still,linked,1,6,3.11296,0.005
65536,staggered_still,linked,1,7,3.106816,0.0062
65536,staggered_still,linked,1,8,3.125248,0.004
65536,staggered_still,linked,1,9,3.085312,0.004
65536,staggered_still,linked,1,10,3.103744,0.004
65536,staggered_still,linked,1,11,3.134464,0.0058
65536,staggered_still,linked,1,12,3.080192,0.0041
65536,staggered_still,linked,1,13,3.120128,0.004
65536,staggered_still,linked,1,14,3.073024,0.004
65536,staggered_still,linked,1,15,3.29728,0.006
65536,staggered_still,linked,1,16,3.137536,0.006
65536,staggered_still,linked,1,17,3.151872,0.0042
65536,staggered_still,linked,1,18,3.139584,0.0056
65536,staggered_still,linked,1,19,3.08736,0.0069
65536,staggered_still,linked,1,20,3.142656,0.0041
65536,staggered_still,linked,1,21,3.100672,0.005
65536,staggered_still,linked,1,22,3.125248,0.0071
65536,staggered_still,linked,1,23,3.106816,0.0066
65536,staggered_still,linked,1,24,3.111936,0.016
65536,staggered_still,linked,1,25,3.116032,0.0079
65536,staggered_still,linked,1,26,3.347456,0.0041
65536,staggered_still,linked,1,27,3.158016,0.0068
65536,staggered_still,linked,1,28,3.111936,0.0056
65536,staggered_still,linked,1,29,3.187712,0.0043
65536,staggered_still,linked,1,30,3.13344,0.004
65536,staggered_still,linked,1,31,3.124224,0.0042
65536,staggered_still,linked,1,32,3.183616,0.0042
65536,staggered_still,linked,1,33,3.108864,0.0044
65536,staggered_still,linked,1,34,3.166208,0.0059
65536,staggered_still,linked,1,35,3.127296,0.0041
65536,staggered_still,linked,1,36,3.428352,0.0082
65536,staggered_still,linked,1,37,3.162112,0.0057
65536,staggered_still,linked,1,38,3.134464,0.0044
65536,staggered_still,linked,1,39,3.15904,0.0041
65536,staggered_still,exact_ranges,1,0,3.977216,0.0184
65536,staggered_still,exact_ranges,1,1,3.933184,0.0082
65536,staggered_still,exact_ranges,1,2,3.964928,0.0111
65536,staggered_still,exact_ranges,1,3,3.915776,0.008
65536,staggered_still,exact_ranges,1,4,3.929088,0.0081
65536,staggered_still,exact_ranges,1,5,4.165632,0.0081
65536,staggered_still,exact_ranges,1,6,4.006912,0.0105
65536,staggered_still,exact_ranges,1,7,3.95776,0.0055
65536,staggered_still,exact_ranges,1,8,3.954688,0.0055
65536,staggered_still,exact_ranges,1,9,3.963904,0.0054
65536,staggered_still,exact_ranges,1,10,3.929088,0.0072
65536,staggered_still,exact_ranges,1,11,3.940352,0.0054
65536,staggered_still,exact_ranges,1,12,3.931136,0.0056
65536,staggered_still,exact_ranges,1,13,3.944448,0.0056
65536,staggered_still,exact_ranges,1,14,4.130816,0.0077
65536,staggered_still,exact_ranges,1,15,3.99872,0.0058
65536,staggered_still,exact_ranges,1,16,3.977216,0.0055
65536,staggered_still,exact_ranges,1,17,3.980288,0.0055
65536,staggered_still,exact_ranges,1,18,3.963904,0.0075
65536,staggered_still,exact_ranges,1,19,3.990528,0.0056
65536,staggered_still,exact_ranges,1,20,3.904512,0.0055
65536,staggered_still,exact_ranges,1,21,3.951616,0.0071
65536,staggered_still,exact_ranges,1,22,4.113408,0.0054
65536,staggered_still,exact_ranges,1,23,3.959808,0.0055
65536,staggered_still,exact_ranges,1,24,3.969024,0.0055
65536,staggered_still,exact_ranges,1,25,3.991552,0.0073
65536,staggered_still,exact_ranges,1,26,3.97824,0.0056
65536,staggered_still,exact_ranges,1,27,3.917824,0.0055
65536,staggered_still,exact_ranges,1,28,3.935232,0.0059
65536,staggered_still,exact_ranges,1,29,3.93216,0.0074
65536,staggered_still,exact_ranges,1,30,3.951616,0.0055
65536,staggered_still,exact_ranges,1,31,4.091904,0.0055
65536,staggered_still,exact_ranges,1,32,3.933184,0.0053
65536,staggered_still,exact_ranges,1,33,3.951616,0.0071
65536,staggered_still,exact_ranges,1,34,3.909632,0.0056
65536,staggered_still,exact_ranges,1,35,3.95264,0.0056
65536,staggered_still,exact_ranges,1,36,3.912704,0.0055
65536,staggered_still,exact_ranges,1,37,3.933184,0.0073
65536,staggered_still,exact_ranges,1,38,3.968,0.0055
65536,staggered_still,exact_ranges,1,39,4.120576,0.0053
65536,staggered_still,exact_ranges,2,0,3.980288,0.017
65536,staggered_still,exact_ranges,2,1,3.934208,0.0054
65536,staggered_still,exact_ranges,2,2,3.933184,0.0054
65536,staggered_still,exact_ranges,2,3,3.949568,0.0071
65536,staggered_still,exact_ranges,2,4,3.955712,0.0055
65536,staggered_still,exact_ranges,2,5,3.895296,0.0053
65536,staggered_still,exact_ranges,2,6,3.915776,0.007
65536,staggered_still,exact_ranges,2,7,3.881984,0.0053
65536,staggered_still,exact_ranges,2,8,4.122624,0.0053
65536,staggered_still,exact_ranges,2,9,3.909632,0.0053
65536,staggered_still,exact_ranges,2,10,3.915776,0.0071
65536,staggered_still,exact_ranges,2,11,3.9424,0.0054
65536,staggered_still,exact_ranges,2,12,3.914752,0.0055
65536,staggered_still,exact_ranges,2,13,3.93728,0.0054
65536,staggered_still,exact_ranges,2,14,3.907584,0.0073
65536,staggered_still,exact_ranges,2,15,3.954688,0.0054
65536,staggered_still,exact_ranges,2,16,4.135936,0.0106
65536,staggered_still,exact_ranges,2,17,3.95264,0.0065
65536,staggered_still,exact_ranges,2,18,3.948544,0.0075
65536,staggered_still,exact_ranges,2,19,3.943424,0.0053
65536,staggered_still,exact_ranges,2,20,3.943424,0.0058
65536,staggered_still,exact_ranges,2,21,3.94752,0.0053
65536,staggered_still,exact_ranges,2,22,3.917824,0.0073
65536,staggered_still,exact_ranges,2,23,3.96288,0.0054
65536,staggered_still,exact_ranges,2,24,4.175872,0.0054
65536,staggered_still,exact_ranges,2,25,3.969024,0.0054
65536,staggered_still,exact_ranges,2,26,3.928064,0.0072
65536,staggered_still,exact_ranges,2,27,3.931136,0.0055
65536,staggered_still,exact_ranges,2,28,3.950592,0.0053
65536,staggered_still,exact_ranges,2,29,3.92192,0.0053
65536,staggered_still,exact_ranges,2,30,3.922944,0.0058
65536,staggered_still,exact_ranges,2,31,3.881984,0.0056
65536,staggered_still,exact_ranges,2,32,3.899392,0.0054
65536,staggered_still,exact_ranges,2,33,4.064256,0.007
65536,staggered_still,exact_ranges,2,34,3.95264,0.0054
65536,staggered_still,exact_ranges,2,35,3.943424,0.0053
65536,staggered_still,exact_ranges,2,36,3.93216,0.0054
65536,staggered_still,exact_ranges,2,37,3.898368,0.0073
65536,staggered_still,exact_ranges,2,38,3.91168,0.0054
65536,staggered_still,exact_ranges,2,39,3.945472,0.0055
65536,staggered_still,linked,2,0,3.1488,0.0133
65536,staggered_still,linked,2,1,3.160064,0.0035
65536,staggered_still,linked,2,2,3.130368,0.006
65536,staggered_still,linked,2,3,3.121152,0.006
65536,staggered_still,linked,2,4,3.438592,0.0039
65536,staggered_still,linked,2,5,3.113984,0.0037
65536,staggered_still,linked,2,6,3.141632,0.0054
65536,staggered_still,linked,2,7,3.105792,0.0036
65536,staggered_still,linked,2,8,3.132416,0.0037
65536,staggered_still,linked,2,9,3.108864,0.0036
65536,staggered_still,linked,2,10,3.085312,0.0055
65536,staggered_still,linked,2,11,3.117056,0.0018
65536,staggered_still,linked,2,12,3.088384,0.0035
65536,staggered_still,linked,2,13,3.12832,0.0017
65536,staggered_still,linked,2,14,3.33824,0.0053
65536,staggered_still,linked,2,15,3.163136,0.0017
65536,staggered_still,linked,2,16,3.122176,0.0036
65536,staggered_still,linked,2,17,3.113984,0.0036
65536,staggered_still,linked,2,18,3.134464,0.0035
65536,staggered_still,linked,2,19,3.083264,0.0036
65536,staggered_still,linked,2,20,3.131392,0.002
65536,staggered_still,linked,2,21,3.1488,0.0036
65536,staggered_still,linked,2,22,3.177472,0.0038
65536,staggered_still,linked,2,23,3.125248,0.0036
65536,staggered_still,linked,2,24,3.1232,0.0037
65536,staggered_still,linked,2,25,3.3792,0.0018
65536,staggered_still,linked,2,26,3.104768,0.0053
65536,staggered_still,linked,2,27,3.155968,0.0017
65536,staggered_still,linked,2,28,3.089408,0.0035
65536,staggered_still,linked,2,29,3.08736,0.0036
65536,staggered_still,linked,2,30,3.129344,0.0034
65536,staggered_still,linked,2,31,3.086336,0.0036
65536,staggered_still,linked,2,32,3.130368,0.0017
65536,staggered_still,linked,2,33,3.085312,0.0036
65536,staggered_still,linked,2,34,3.154944,0.0035
65536,staggered_still,linked,2,35,3.12832,0.0037
65536,staggered_still,linked,2,36,3.405824,0.0036
65536,staggered_still,linked,2,37,3.149824,0.0017
65536,staggered_still,linked,2,38,3.105792,0.0033
65536,staggered_still,linked,2,39,3.172352,0.0036
65536,staggered_still,linked,3,0,3.176448,0.0162
65536,staggered_still,linked,3,1,3.15904,0.0038
65536,staggered_still,linked,3,2,3.113984,0.0037
65536,staggered_still,linked,3,3,3.16416,0.0085
65536,staggered_still,linked,3,4,3.125248,0.0037
65536,staggered_still,linked,3,5,3.150848,0.0038
65536,staggered_still,linked,3,6,3.13856,0.0037
65536,staggered_still,linked,3,7,3.10272,0.0056
65536,staggered_still,linked,3,8,3.34336,0.0038
65536,staggered_still,linked,3,9,3.111936,0.0037
65536,staggered_still,linked,3,10,3.147776,0.0047
65536,staggered_still,linked,3,11,3.131392,0.008
65536,staggered_still,linked,3,12,3.136512,0.002
65536,staggered_still,linked,3,13,3.115008,0.0037
65536,staggered_still,linked,3,14,3.096576,0.0039
65536,staggered_still,linked,3,15,3.117056,0.0055
65536,staggered_still,linked,3,16,3.110912,0.0037
65536,staggered_still,linked,3,17,3.149824,0.0038
65536,staggered_still,linked,3,18,3.115008,0.0038
65536,staggered_still,linked,3,19,3.38432,0.0059
65536,staggered_still,linked,3,20,3.162112,0.0038
65536,staggered_still,linked,3,21,3.125248,0.0039
65536,staggered_still,linked,3,22,3.18464,0.0038
65536,staggered_still,linked,3,23,3.120128,0.0117
65536,staggered_still,linked,3,24,3.134464,0.0059
65536,staggered_still,linked,3,25,3.124224,0.0039
65536,staggered_still,linked,3,26,3.103744,0.0039
65536,staggered_still,linked,3,27,3.137536,0.0059
65536,staggered_still,linked,3,28,3.094528,0.0038
65536,staggered_still,linked,3,29,3.134464,0.0038
65536,staggered_still,linked,3,30,3.14368,0.0038
65536,staggered_still,linked,3,31,4.252672,0.0076
65536,staggered_still,linked,3,32,3.226624,0.0037
65536,staggered_still,linked,3,33,3.129344,0.0038
65536,staggered_still,linked,3,34,3.167232,0.0038
65536,staggered_still,linked,3,35,3.120128,0.0054
65536,staggered_still,linked,3,36,3.508224,0.0018
65536,staggered_still,linked,3,37,3.109888,0.0038
65536,staggered_still,linked,3,38,3.091456,0.0039
65536,staggered_still,linked,3,39,3.130368,0.0057
65536,staggered_still,exact_ranges,3,0,3.954688,0.0263
65536,staggered_still,exact_ranges,3,1,3.922944,0.0214
65536,staggered_still,exact_ranges,3,2,3.900416,0.0057
65536,staggered_still,exact_ranges,3,3,4.103168,0.0059
65536,staggered_still,exact_ranges,3,4,3.876864,0.0058
65536,staggered_still,exact_ranges,3,5,3.9168,0.0076
65536,staggered_still,exact_ranges,3,6,4.159488,0.0058
65536,staggered_still,exact_ranges,3,7,3.90144,0.006
65536,staggered_still,exact_ranges,3,8,4.046848,0.006
65536,staggered_still,exact_ranges,3,9,3.930112,0.006
65536,staggered_still,exact_ranges,3,10,3.883008,0.0057
65536,staggered_still,exact_ranges,3,11,3.940352,0.0057
65536,staggered_still,exact_ranges,3,12,3.93728,0.0075
65536,staggered_still,exact_ranges,3,13,3.963904,0.0058
65536,staggered_still,exact_ranges,3,14,4.18816,0.0058
65536,staggered_still,exact_ranges,3,15,4.186112,0.0059
65536,staggered_still,exact_ranges,3,16,3.946496,0.0076
65536,staggered_still,exact_ranges,3,17,3.95776,0.0058
65536,staggered_still,exact_ranges,3,18,4.026368,0.006
65536,staggered_still,exact_ranges,3,19,4.221952,0.0063
65536,staggered_still,exact_ranges,3,20,3.912704,0.0077
65536,staggered_still,exact_ranges,3,21,3.892224,0.0061
65536,staggered_still,exact_ranges,3,22,3.903488,0.0058
65536,staggered_still,exact_ranges,3,23,4.133888,0.0058
65536,staggered_still,exact_ranges,3,24,4.149248,0.0076
65536,staggered_still,exact_ranges,3,25,3.949568,0.0059
65536,staggered_still,exact_ranges,3,26,3.912704,0.0057
65536,staggered_still,exact_ranges,3,27,3.899392,0.0057
65536,staggered_still,exact_ranges,3,28,3.899392,0.0077
65536,staggered_still,exact_ranges,3,29,4.067328,0.0057
65536,staggered_still,exact_ranges,3,30,3.93216,0.0058
65536,staggered_still,exact_ranges,3,31,4.20864,0.0058
65536,staggered_still,exact_ranges,3,32,3.977216,0.0079
65536,staggered_still,exact_ranges,3,33,3.959808,0.0058
65536,staggered_still,exact_ranges,3,34,4.129792,0.0039
65536,staggered_still,exact_ranges,3,35,3.933184,0.0079
65536,staggered_still,exact_ranges,3,36,3.924992,0.0058
65536,staggered_still,exact_ranges,3,37,3.930112,0.0059
65536,staggered_still,exact_ranges,3,38,3.892224,0.0057
65536,staggered_still,exact_ranges,3,39,3.914752,0.0076
65536,staggered_driven,linked,1,0,3.468288,0.0162
65536,staggered_driven,linked,1,1,3.273728,0.0039
65536,staggered_driven,linked,1,2,3.25632,0.0039
65536,staggered_driven,linked,1,3,3.278848,0.004
65536,staggered_driven,linked,1,4,3.23584,0.0056
65536,staggered_driven,linked,1,5,3.221504,0.0038
65536,staggered_driven,linked,1,6,3.239936,0.0038
65536,staggered_driven,linked,1,7,3.198976,0.0039
65536,staggered_driven,linked,1,8,3.193856,0.0056
65536,staggered_driven,linked,1,9,3.226624,0.0019
65536,staggered_driven,linked,1,10,3.418112,0.0038
65536,staggered_driven,linked,1,11,3.208192,0.004
65536,staggered_driven,linked,1,12,3.231744,0.0039
65536,staggered_driven,linked,1,13,3.21024,0.0041
65536,staggered_driven,linked,1,14,3.247104,0.0039
65536,staggered_driven,linked,1,15,3.224576,0.0038
65536,staggered_driven,linked,1,16,3.552256,0.0056
65536,staggered_driven,linked,1,17,3.2256,0.0022
65536,staggered_driven,linked,1,18,3.227648,0.0039
65536,staggered_driven,linked,1,19,3.21024,0.0039
65536,staggered_driven,linked,1,20,3.483648,0.0066
65536,staggered_driven,linked,1,21,3.234816,0.0045
65536,staggered_driven,linked,1,22,3.2768,0.0018
65536,staggered_driven,linked,1,23,3.216384,0.0038
65536,staggered_driven,linked,1,24,3.196928,0.0042
65536,staggered_driven,linked,1,25,3.247104,0.002
65536,staggered_driven,linked,1,26,3.201024,0.0039
65536,staggered_driven,linked,1,27,3.175424,0.0039
65536,staggered_driven,linked,1,28,3.188736,0.0017
65536,staggered_driven,linked,1,29,3.166208,0.0058
65536,staggered_driven,linked,1,30,3.1744,0.0038
65536,staggered_driven,linked,1,31,3.432448,0.0018
65536,staggered_driven,linked,1,32,3.166208,0.0039
65536,staggered_driven,linked,1,33,3.213312,0.0035
65536,staggered_driven,linked,1,34,3.191808,0.0038
65536,staggered_driven,linked,1,35,3.121152,0.0039
65536,staggered_driven,linked,1,36,3.182592,0.0018
65536,staggered_driven,linked,1,37,3.185664,0.0055
65536,staggered_driven,linked,1,38,3.1744,0.0038
65536,staggered_driven,linked,1,39,3.21536,0.0017
65536,staggered_driven,exact_ranges,1,0,4.314112,0.0197
65536,staggered_driven,exact_ranges,1,1,4.059136,0.0084
65536,staggered_driven,exact_ranges,1,2,4.057088,0.0117
65536,staggered_driven,exact_ranges,1,3,4.038656,0.011
65536,staggered_driven,exact_ranges,1,4,4.001792,0.0084
65536,staggered_driven,exact_ranges,1,5,3.989504,0.0057
65536,staggered_driven,exact_ranges,1,6,3.97824,0.0057
65536,staggered_driven,exact_ranges,1,7,3.971072,0.0075
65536,staggered_driven,exact_ranges,1,8,4.204544,0.0057
65536,staggered_driven,exact_ranges,1,9,4.01408,0.0057
65536,staggered_driven,exact_ranges,1,10,4.06016,0.0056
65536,staggered_driven,exact_ranges,1,11,4.0192,0.0059
65536,staggered_driven,exact_ranges,1,12,4.04992,0.0056
65536,staggered_driven,exact_ranges,1,13,4.012032,0.0057
65536,staggered_driven,exact_ranges,1,14,4.054016,0.0073
65536,staggered_driven,exact_ranges,1,15,4.013056,0.0057
65536,staggered_driven,exact_ranges,1,16,4.228096,0.0058
65536,staggered_driven,exact_ranges,1,17,4.01408,0.0056
65536,staggered_driven,exact_ranges,1,18,4.050944,0.0075
65536,staggered_driven,exact_ranges,1,19,3.982336,0.0057
65536,staggered_driven,exact_ranges,1,20,4.005888,0.0056
65536,staggered_driven,exact_ranges,1,21,3.977216,0.0058
65536,staggered_driven,exact_ranges,1,22,4.02944,0.0077
65536,staggered_driven,exact_ranges,1,23,3.999744,0.0056
65536,staggered_driven,exact_ranges,1,24,3.979264,0.006
65536,staggered_driven,exact_ranges,1,25,4.205568,0.0058
65536,staggered_driven,exact_ranges,1,26,4.056064,0.0076
65536,staggered_driven,exact_ranges,1,27,4.632576,0.0057
65536,staggered_driven,exact_ranges,1,28,4.0192,0.0056
65536,staggered_driven,exact_ranges,1,29,4.073472,0.0056
65536,staggered_driven,exact_ranges,1,30,4.009984,0.0078
65536,staggered_driven,exact_ranges,1,31,4.045824,0.0057
65536,staggered_driven,exact_ranges,1,32,3.980288,0.0058
65536,staggered_driven,exact_ranges,1,33,4.352,0.0057
65536,staggered_driven,exact_ranges,1,34,4.02432,0.0073
65536,staggered_driven,exact_ranges,1,35,4.007936,0.0079
65536,staggered_driven,exact_ranges,1,36,3.985408,0.0124
65536,staggered_driven,exact_ranges,1,37,3.98848,0.0093
65536,staggered_driven,exact_ranges,1,38,3.999744,0.0057
65536,staggered_driven,exact_ranges,1,39,4.00896,0.0059
65536,staggered_driven,exact_ranges,2,0,4.238336,0.0208
65536,staggered_driven,exact_ranges,2,1,4.043776,0.0087
65536,staggered_driven,exact_ranges,2,2,4.046848,0.0084
65536,staggered_driven,exact_ranges,2,3,4.015104,0.0058
65536,staggered_driven,exact_ranges,2,4,4.052992,0.0058
65536,staggered_driven,exact_ranges,2,5,3.991552,0.0057
65536,staggered_driven,exact_ranges,2,6,4.059136,0.0076
65536,staggered_driven,exact_ranges,2,7,3.987456,0.0058
65536,staggered_driven,exact_ranges,2,8,4.267008,0.0058
65536,staggered_driven,exact_ranges,2,9,4.06528,0.0057
65536,staggered_driven,exact_ranges,2,10,4.062208,0.0111
65536,staggered_driven,exact_ranges,2,11,4.063232,0.0078
65536,staggered_driven,exact_ranges,2,12,4.081664,0.0058
65536,staggered_driven,exact_ranges,2,13,4.036608,0.0057
65536,staggered_driven,exact_ranges,2,14,4.005888,0.0082
65536,staggered_driven,exact_ranges,2,15,4.023296,0.0059
65536,staggered_driven,exact_ranges,2,16,4.21888,0.0058
65536,staggered_driven,exact_ranges,2,17,4.041728,0.0057
65536,staggered_driven,exact_ranges,2,18,4.062208,0.0075
65536,staggered_driven,exact_ranges,2,19,4.06016,0.0058
65536,staggered_driven,exact_ranges,2,20,4.074496,0.0057
65536,staggered_driven,exact_ranges,2,21,4.04992,0.0092
65536,staggered_driven,exact_ranges,2,22,4.04992,0.009
65536,staggered_driven,exact_ranges,2,23,4.104192,0.006
65536,staggered_driven,exact_ranges,2,24,4.018176,0.0057
65536,staggered_driven,exact_ranges,2,25,4.29056,0.0077
65536,staggered_driven,exact_ranges,2,26,4.02944,0.006
65536,staggered_driven,exact_ranges,2,27,4.035584,0.0058
65536,staggered_driven,exact_ranges,2,28,3.99872,0.0057
65536,staggered_driven,exact_ranges,2,29,3.966976,0.0075
65536,staggered_driven,exact_ranges,2,30,3.984384,0.0057
65536,staggered_driven,exact_ranges,2,31,4.016128,0.0058
65536,staggered_driven,exact_ranges,2,32,4.004864,0.0058
65536,staggered_driven,exact_ranges,2,33,4.182016,0.0074
65536,staggered_driven,exact_ranges,2,34,4.028416,0.0057
65536,staggered_driven,exact_ranges,2,35,4.040704,0.0058
65536,staggered_driven,exact_ranges,2,36,4.011008,0.0058
65536,staggered_driven,exact_ranges,2,37,4.007936,0.0075
65536,staggered_driven,exact_ranges,2,38,4.025344,0.006
65536,staggered_driven,exact_ranges,2,39,4.054016,0.0058
65536,staggered_driven,linked,2,0,3.258368,0.0118
65536,staggered_driven,linked,2,1,3.233792,0.004
65536,staggered_driven,linked,2,2,3.53792,0.0041
65536,staggered_driven,linked,2,3,3.273728,0.0041
65536,staggered_driven,linked,2,4,3.255296,0.0038
65536,staggered_driven,linked,2,5,3.226624,0.0056
65536,staggered_driven,linked,2,6,3.250176,0.0018
65536,staggered_driven,linked,2,7,3.216384,0.0038
65536,staggered_driven,linked,2,8,3.57888,0.0038
65536,staggered_driven,linked,2,9,3.232768,0.0062
65536,staggered_driven,linked,2,10,3.227648,0.0037
65536,staggered_driven,linked,2,11,3.245056,0.0018
65536,staggered_driven,linked,2,12,3.401728,0.0039
65536,staggered_driven,linked,2,13,3.227648,0.0053
65536,staggered_driven,linked,2,14,3.26144,0.0017
65536,staggered_driven,linked,2,15,3.238912,0.0017
65536,staggered_driven,linked,2,16,3.203072,0.0038
65536,staggered_driven,linked,2,17,3.21536,0.0037
65536,staggered_driven,linked,2,18,3.172352,0.0037
65536,staggered_driven,linked,2,19,3.208192,0.0016
65536,staggered_driven,linked,2,20,3.211264,0.0041
65536,staggered_driven,linked,2,21,3.190784,0.0056
65536,staggered_driven,linked,2,22,3.44064,0.0018
65536,staggered_driven,linked,2,23,3.232768,0.0037
65536,staggered_driven,linked,2,24,3.211264,0.0038
65536,staggered_driven,linked,2,25,3.198976,0.0033
65536,staggered_driven,linked,2,26,3.18464,0.0038
65536,staggered_driven,linked,2,27,3.167232,0.0038
65536,staggered_driven,linked,2,28,3.217408,0.0017
65536,staggered_driven,linked,2,29,3.18464,0.0056
65536,staggered_driven,linked,2,30,3.228672,0.0016
65536,staggered_driven,linked,2,31,3.213312,0.0039
65536,staggered_driven,linked,2,32,3.354624,0.0038
65536,staggered_driven,linked,2,33,3.2512,0.0033
65536,staggered_driven,linked,2,34,3.21536,0.0038
65536,staggered_driven,linked,2,35,3.146752,0.0038
65536,staggered_driven,linked,2,36,3.212288,0.0017
65536,staggered_driven,linked,2,37,3.181568,0.0055
65536,staggered_driven,linked,2,38,3.214336,0.002
65536,staggered_driven,linked,2,39,3.188736,0.0072
65536,staggered_driven,linked,3,0,4.07552,0.0133
65536,staggered_driven,linked,3,1,3.255296,0.0084
65536,staggered_driven,linked,3,2,3.234816,0.0065
65536,staggered_driven,linked,3,3,3.433472,0.0041
65536,staggered_driven,linked,3,4,3.24096,0.0039
65536,staggered_driven,linked,3,5,3.2256,0.006
65536,staggered_driven,linked,3,6,3.221504,0.0038
65536,staggered_driven,linked,3,7,3.245056,0.0039
65536,staggered_driven,linked,3,8,3.188736,0.0038
65536,staggered_driven,linked,3,9,3.208192,0.0038
65536,staggered_driven,linked,3,10,3.213312,0.0039
65536,staggered_driven,linked,3,11,3.227648,0.0018
65536,staggered_driven,linked,3,12,3.233792,0.0017
65536,staggered_driven,linked,3,13,3.18976,0.0056
65536,staggered_driven,linked,3,14,3.457024,0.0043
65536,staggered_driven,linked,3,15,3.254272,0.0039
65536,staggered_driven,linked,3,16,3.283968,0.0039
65536,staggered_driven,linked,3,17,3.272704,0.0017
65536,staggered_driven,linked,3,18,3.250176,0.004
65536,staggered_driven,linked,3,19,3.236864,0.0038
65536,staggered_driven,linked,3,20,3.29216,0.0038
65536,staggered_driven,linked,3,21,3.255296,0.0039
65536,staggered_driven,linked,3,22,3.275776,0.0073
65536,staggered_driven,linked,3,23,3.267584,0.0043
65536,staggered_driven,linked,3,24,3.509248,0.0041
65536,staggered_driven,linked,3,25,3.273728,0.0039
65536,staggered_driven,linked,3,26,3.260416,0.0058
65536,staggered_driven,linked,3,27,3.219456,0.004
65536,staggered_driven,linked,3,28,3.250176,0.0039
65536,staggered_driven,linked,3,29,3.24608,0.0039
65536,staggered_driven,linked,3,30,3.259392,0.0083
65536,staggered_driven,linked,3,31,3.234816,0.0041
65536,staggered_driven,linked,3,32,3.191808,0.0039
65536,staggered_driven,linked,3,33,3.25632,0.0018
65536,staggered_driven,linked,3,34,3.514368,0.0056
65536,staggered_driven,linked,3,35,3.209216,0.0038
65536,staggered_driven,linked,3,36,3.218432,0.0017
65536,staggered_driven,linked,3,37,3.196928,0.0038
65536,staggered_driven,linked,3,38,3.223552,0.0059
65536,staggered_driven,linked,3,39,3.254272,0.0018
65536,staggered_driven,exact_ranges,3,0,4.048896,0.016
65536,staggered_driven,exact_ranges,3,1,4.0192,0.0058
65536,staggered_driven,exact_ranges,3,2,4.051968,0.0057
65536,staggered_driven,exact_ranges,3,3,4.227072,0.0076
65536,staggered_driven,exact_ranges,3,4,4.020224,0.0057
65536,staggered_driven,exact_ranges,3,5,4.037632,0.0057
65536,staggered_driven,exact_ranges,3,6,4.00384,0.0058
65536,staggered_driven,exact_ranges,3,7,4.000768,0.0076
65536,staggered_driven,exact_ranges,3,8,4.061184,0.0059
65536,staggered_driven,exact_ranges,3,9,4.041728,0.0096
65536,staggered_driven,exact_ranges,3,10,4.079616,0.0059
65536,staggered_driven,exact_ranges,3,11,4.230144,0.0077
65536,staggered_driven,exact_ranges,3,12,4.07552,0.0057
65536,staggered_driven,exact_ranges,3,13,4.041728,0.0059
65536,staggered_driven,exact_ranges,3,14,4.033536,0.0058
65536,staggered_driven,exact_ranges,3,15,4.03456,0.0078
65536,staggered_driven,exact_ranges,3,16,4.030464,0.0057
65536,staggered_driven,exact_ranges,3,17,4.013056,0.006
65536,staggered_driven,exact_ranges,3,18,4.045824,0.0073
65536,staggered_driven,exact_ranges,3,19,4.261888,0.0058
65536,staggered_driven,exact_ranges,3,20,4.071424,0.0058
65536,staggered_driven,exact_ranges,3,21,4.0704,0.0058
65536,staggered_driven,exact_ranges,3,22,4.045824,0.0076
65536,staggered_driven,exact_ranges,3,23,4.040704,0.0057
65536,staggered_driven,exact_ranges,3,24,4.05504,0.0057
65536,staggered_driven,exact_ranges,3,25,4.035584,0.0059
65536,staggered_driven,exact_ranges,3,26,4.038656,0.0081
65536,staggered_driven,exact_ranges,3,27,4.31104,0.0057
65536,staggered_driven,exact_ranges,3,28,4.064256,0.006
65536,staggered_driven,exact_ranges,3,29,4.066304,0.006
65536,staggered_driven,exact_ranges,3,30,4.069376,0.0075
65536,staggered_driven,exact_ranges,3,31,4.097024,0.0058
65536,staggered_driven,exact_ranges,3,32,4.035584,0.0058
65536,staggered_driven,exact_ranges,3,33,4.043776,0.0058
65536,staggered_driven,exact_ranges,3,34,4.011008,0.0075
65536,staggered_driven,exact_ranges,3,35,4.240384,0.0058
65536,staggered_driven,exact_ranges,3,36,4.021248,0.0057
65536,staggered_driven,exact_ranges,3,37,4.031488,0.0058
65536,staggered_driven,exact_ranges,3,38,4.035584,0.0074
65536,staggered_driven,exact_ranges,3,39,4.026368,0.0057
131072,aligned_still,linked,1,0,5.51424,0.0156
131072,aligned_still,linked,1,1,5.681152,0.0036
131072,aligned_still,linked,1,2,5.397504,0.0087
131072,aligned_still,linked,1,3,5.470208,0.0036
131072,aligned_still,linked,1,4,5.429248,0.0036
131072,aligned_still,linked,1,5,5.398528,0.004
131072,aligned_still,linked,1,6,5.423104,0.0077
131072,aligned_still,linked,1,7,5.689344,0.0036
131072,aligned_still,linked,1,8,5.42208,0.0036
131072,aligned_still,linked,1,9,5.48352,0.0036
131072,aligned_still,linked,1,10,5.434368,0.0076
131072,aligned_still,linked,1,11,5.49376,0.0035
131072,aligned_still,linked,1,12,5.428224,0.0036
131072,aligned_still,linked,1,13,5.393408,0.0037
131072,aligned_still,linked,1,14,5.62176,0.0019
131072,aligned_still,linked,1,15,5.446656,0.0036
131072,aligned_still,linked,1,16,5.402624,0.0036
131072,aligned_still,linked,1,17,5.459968,0.0033
131072,aligned_still,linked,1,18,5.48352,0.0036
131072,aligned_still,linked,1,19,5.450752,0.0041
131072,aligned_still,linked,1,20,5.720064,0.0016
131072,aligned_still,linked,1,21,5.491712,0.0071
131072,aligned_still,linked,1,22,5.49888,0.0036
131072,aligned_still,linked,1,23,5.505024,0.0036
131072,aligned_still,linked,1,24,5.43744,0.0036
131072,aligned_still,linked,1,25,5.476352,0.0033
131072,aligned_still,linked,1,26,5.748736,0.0036
131072,aligned_still,linked,1,27,5.46304,0.0035
131072,aligned_still,linked,1,28,5.464064,0.0017
131072,aligned_still,linked,1,29,5.450752,0.0053
131072,aligned_still,linked,1,30,5.499904,0.0016
131072,aligned_still,linked,1,31,5.484544,0.0038
131072,aligned_still,linked,1,32,5.726208,0.0037
131072,aligned_still,linked,1,33,5.44768,0.005
131072,aligned_still,linked,1,34,5.465088,0.0039
131072,aligned_still,linked,1,35,5.4528,0.0036
131072,aligned_still,linked,1,36,5.481472,0.0035
131072,aligned_still,linked,1,37,5.446656,0.0053
131072,aligned_still,linked,1,38,5.752832,0.0036
131072,aligned_still,linked,1,39,5.505024,0.0016
131072,aligned_still,exact_ranges,1,0,7.95648,0.0186
131072,aligned_still,exact_ranges,1,1,7.892992,0.0054
131072,aligned_still,exact_ranges,1,2,7.885824,0.0084
131072,aligned_still,exact_ranges,1,3,8.059904,0.008
131072,aligned_still,exact_ranges,1,4,7.917568,0.0055
131072,aligned_still,exact_ranges,1,5,7.922688,0.0053
131072,aligned_still,exact_ranges,1,6,7.936,0.0074
131072,aligned_still,exact_ranges,1,7,8.114176,0.0054
131072,aligned_still,exact_ranges,1,8,8.011776,0.0054
131072,aligned_still,exact_ranges,1,9,7.922688,0.0073
131072,aligned_still,exact_ranges,1,10,7.943168,0.0054
131072,aligned_still,exact_ranges,1,11,8.01792,0.0055
131072,aligned_still,exact_ranges,1,12,8.003584,0.0054
131072,aligned_still,exact_ranges,1,13,7.945216,0.0071
131072,aligned_still,exact_ranges,1,14,7.94112,0.0055
131072,aligned_still,exact_ranges,1,15,7.851008,0.0055
131072,aligned_still,exact_ranges,1,16,8.129536,0.0054
131072,aligned_still,exact_ranges,1,17,7.849984,0.0074
131072,aligned_still,exact_ranges,1,18,7.923712,0.0054
131072,aligned_still,exact_ranges,1,19,7.902208,0.0054
131072,aligned_still,exact_ranges,1,20,8.009728,0.0073
131072,aligned_still,exact_ranges,1,21,7.866368,0.0054
131072,aligned_still,exact_ranges,1,22,7.909376,0.0055
131072,aligned_still,exact_ranges,1,23,7.890944,0.0054
131072,aligned_still,exact_ranges,1,24,8.061952,0.0071
131072,aligned_still,exact_ranges,1,25,7.870464,0.0054
131072,aligned_still,exact_ranges,1,26,7.872512,0.0055
131072,aligned_still,exact_ranges,1,27,7.923712,0.0056
131072,aligned_still,exact_ranges,1,28,8.025088,0.0072
131072,aligned_still,exact_ranges,1,29,7.922688,0.0061
131072,aligned_still,exact_ranges,1,30,7.79264,0.0054
131072,aligned_still,exact_ranges,1,31,7.808,0.0073
131072,aligned_still,exact_ranges,1,32,8.04352,0.0056
131072,aligned_still,exact_ranges,1,33,7.812096,0.0054
131072,aligned_still,exact_ranges,1,34,7.805952,0.0055
131072,aligned_still,exact_ranges,1,35,7.773184,0.0073
131072,aligned_still,exact_ranges,1,36,7.812096,0.0055
131072,aligned_still,exact_ranges,1,37,7.914496,0.0055
131072,aligned_still,exact_ranges,1,38,7.752704,0.0053
131072,aligned_still,exact_ranges,1,39,7.972864,0.0057
131072,aligned_still,exact_ranges,2,0,8.046592,0.0206
131072,aligned_still,exact_ranges,2,1,7.689216,0.0114
131072,aligned_still,exact_ranges,2,2,7.876608,0.0081
131072,aligned_still,exact_ranges,2,3,7.94624,0.0055
131072,aligned_still,exact_ranges,2,4,7.76192,0.007
131072,aligned_still,exact_ranges,2,5,7.913472,0.0055
131072,aligned_still,exact_ranges,2,6,7.918592,0.0054
131072,aligned_still,exact_ranges,2,7,7.682048,0.0053
131072,aligned_still,exact_ranges,2,8,8.036352,0.0073
131072,aligned_still,exact_ranges,2,9,7.76192,0.0053
131072,aligned_still,exact_ranges,2,10,7.904256,0.0054
131072,aligned_still,exact_ranges,2,11,7.95136,0.0054
131072,aligned_still,exact_ranges,2,12,7.749632,0.007
131072,aligned_still,exact_ranges,2,13,7.835648,0.0054
131072,aligned_still,exact_ranges,2,14,7.880704,0.0053
131072,aligned_still,exact_ranges,2,15,7.788544,0.007
131072,aligned_still,exact_ranges,2,16,7.886848,0.0054
131072,aligned_still,exact_ranges,2,17,7.762944,0.0053
131072,aligned_still,exact_ranges,2,18,7.75168,0.0053
131072,aligned_still,exact_ranges,2,19,7.916544,0.0072
131072,aligned_still,exact_ranges,2,20,7.743488,0.0055
131072,aligned_still,exact_ranges,2,21,7.825408,0.0054
131072,aligned_still,exact_ranges,2,22,7.748608,0.0053
131072,aligned_still,exact_ranges,2,23,7.972864,0.0072
131072,aligned_still,exact_ranges,2,24,8.015872,0.0055
131072,aligned_still,exact_ranges,2,25,7.853056,0.0054
131072,aligned_still,exact_ranges,2,26,7.84384,0.0071
131072,aligned_still,exact_ranges,2,27,8.199168,0.0054
131072,aligned_still,exact_ranges,2,28,7.888896,0.0054
131072,aligned_still,exact_ranges,2,29,8.061952,0.0055
131072,aligned_still,exact_ranges,2,30,7.87968,0.0075
131072,aligned_still,exact_ranges,2,31,8.022016,0.0054
131072,aligned_still,exact_ranges,2,32,8.105984,0.0054
131072,aligned_still,exact_ranges,2,33,7.8848,0.0055
131072,aligned_still,exact_ranges,2,34,8.123392,0.0081
131072,aligned_still,exact_ranges,2,35,8.228864,0.0057
131072,aligned_still,exact_ranges,2,36,8.049664,0.0057
131072,aligned_still,exact_ranges,2,37,8.18688,0.0076
131072,aligned_still,exact_ranges,2,38,7.954432,0.0054
131072,aligned_still,exact_ranges,2,39,7.939072,0.0054
131072,aligned_still,linked,2,0,5.566464,0.0147
131072,aligned_still,linked,2,1,5.508096,0.0035
131072,aligned_still,linked,2,2,5.762048,0.0063
131072,aligned_still,linked,2,3,5.53472,0.0036
131072,aligned_still,linked,2,4,5.508096,0.0035
131072,aligned_still,linked,2,5,5.4784,0.0035
131072,aligned_still,linked,2,6,5.403648,0.0053
131072,aligned_still,linked,2,7,5.446656,0.0036
131072,aligned_still,linked,2,8,5.660672,0.0035
131072,aligned_still,linked,2,9,5.512192,0.0035
131072,aligned_still,linked,2,10,5.48864,0.012
131072,aligned_still,linked,2,11,5.512192,0.0036
131072,aligned_still,linked,2,12,5.502976,0.004
131072,aligned_still,linked,2,13,5.506048,0.0054
131072,aligned_still,linked,2,14,5.769216,0.0036
131072,aligned_still,linked,2,15,5.491712,0.0037
131072,aligned_still,linked,2,16,5.482496,0.0035
131072,aligned_still,linked,2,17,5.52448,0.0033
131072,aligned_still,linked,2,18,5.450752,0.0035
131072,aligned_still,linked,2,19,5.487616,0.0035
131072,aligned_still,linked,2,20,5.747712,0.0035
131072,aligned_still,linked,2,21,5.474304,0.0052
131072,aligned_still,linked,2,22,5.466112,0.0017
131072,aligned_still,linked,2,23,5.4784,0.0035
131072,aligned_still,linked,2,24,5.46304,0.0035
131072,aligned_still,linked,2,25,5.466112,0.0033
131072,aligned_still,linked,2,26,5.70368,0.0035
131072,aligned_still,linked,2,27,5.472256,0.0035
131072,aligned_still,linked,2,28,5.469184,0.0035
131072,aligned_still,linked,2,29,5.443584,0.0056
131072,aligned_still,linked,2,30,5.492736,0.0016
131072,aligned_still,linked,2,31,5.46816,0.0035
131072,aligned_still,linked,2,32,5.796864,0.0036
131072,aligned_still,linked,2,33,5.535744,0.0056
131072,aligned_still,linked,2,34,5.480448,0.0036
131072,aligned_still,linked,2,35,5.490688,0.0036
131072,aligned_still,linked,2,36,5.470208,0.0016
131072,aligned_still,linked,2,37,5.44768,0.0036
131072,aligned_still,linked,2,38,5.74464,0.0016
131072,aligned_still,linked,2,39,5.4784,0.0035
131072,aligned_still,linked,3,0,5.4784,0.0144
131072,aligned_still,linked,3,1,5.60128,0.0036
131072,aligned_still,linked,3,2,5.41696,0.0059
131072,aligned_still,linked,3,3,5.43744,0.0036
131072,aligned_still,linked,3,4,5.4528,0.0035
131072,aligned_still,linked,3,5,5.453824,0.0037
131072,aligned_still,linked,3,6,5.4272,0.0053
131072,aligned_still,linked,3,7,5.673984,0.0035
131072,aligned_still,linked,3,8,5.482496,0.0035
131072,aligned_still,linked,3,9,5.497856,0.0017
131072,aligned_still,linked,3,10,5.500928,0.0053
131072,aligned_still,linked,3,11,5.495808,0.0062
131072,aligned_still,linked,3,12,5.547008,0.0047
131072,aligned_still,linked,3,13,5.671936,0.0056
131072,aligned_still,linked,3,14,5.563392,0.0016
131072,aligned_still,linked,3,15,5.538816,0.0036
131072,aligned_still,linked,3,16,5.500928,0.0035
131072,aligned_still,linked,3,17,5.516288,0.0034
131072,aligned_still,linked,3,18,5.520384,0.0038
131072,aligned_still,linked,3,19,5.788672,0.0036
131072,aligned_still,linked,3,20,5.573632,0.0016
131072,aligned_still,linked,3,21,5.520384,0.0036
131072,aligned_still,linked,3,22,5.53984,0.0015
131072,aligned_still,linked,3,23,5.52448,0.0036
131072,aligned_still,linked,3,24,5.598208,0.0036
131072,aligned_still,linked,3,25,5.863424,0.0033
131072,aligned_still,linked,3,26,5.605376,0.0037
131072,aligned_still,linked,3,27,5.61152,0.0035
131072,aligned_still,linked,3,28,5.605376,0.0016
131072,aligned_still,linked,3,29,5.594112,0.0034
131072,aligned_still,linked,3,30,5.58592,0.0035
131072,aligned_still,linked,3,31,5.793792,0.0016
131072,aligned_still,linked,3,32,5.532672,0.0035
131072,aligned_still,linked,3,33,5.603328,0.0055
131072,aligned_still,linked,3,34,5.564416,0.0035
131072,aligned_still,linked,3,35,5.56032,0.0035
131072,aligned_still,linked,3,36,5.61152,0.0015
131072,aligned_still,linked,3,37,5.76512,0.0035
131072,aligned_still,linked,3,38,5.604352,0.0035
131072,aligned_still,linked,3,39,5.604352,0.0017
131072,aligned_still,exact_ranges,3,0,7.892992,0.02
131072,aligned_still,exact_ranges,3,1,7.878656,0.0082
131072,aligned_still,exact_ranges,3,2,8.008704,0.0056
131072,aligned_still,exact_ranges,3,3,7.831552,0.0103
131072,aligned_still,exact_ranges,3,4,7.801856,0.0055
131072,aligned_still,exact_ranges,3,5,7.7312,0.0056
131072,aligned_still,exact_ranges,3,6,7.760896,0.0055
131072,aligned_still,exact_ranges,3,7,8.06912,0.0072
131072,aligned_still,exact_ranges,3,8,7.831552,0.0055
131072,aligned_still,exact_ranges,3,9,7.870464,0.0056
131072,aligned_still,exact_ranges,3,10,7.856128,0.0075
131072,aligned_still,exact_ranges,3,11,7.996416,0.0057
131072,aligned_still,exact_ranges,3,12,7.866368,0.0054
131072,aligned_still,exact_ranges,3,13,7.778304,0.0055
131072,aligned_still,exact_ranges,3,14,7.699456,0.0075
131072,aligned_still,exact_ranges,3,15,7.891968,0.0057
131072,aligned_still,exact_ranges,3,16,7.75168,0.0055
131072,aligned_still,exact_ranges,3,17,7.769088,0.0054
131072,aligned_still,exact_ranges,3,18,7.742464,0.0072
131072,aligned_still,exact_ranges,3,19,7.839744,0.0055
131072,aligned_still,exact_ranges,3,20,7.865344,0.0055
131072,aligned_still,exact_ranges,3,21,7.873536,0.0076
131072,aligned_still,exact_ranges,3,22,7.817216,0.0056
131072,aligned_still,exact_ranges,3,23,7.862272,0.0055
131072,aligned_still,exact_ranges,3,24,8.008704,0.0054
131072,aligned_still,exact_ranges,3,25,7.788544,0.0073
131072,aligned_still,exact_ranges,3,26,7.82336,0.0054
131072,aligned_still,exact_ranges,3,27,7.800832,0.0055
131072,aligned_still,exact_ranges,3,28,7.877632,0.0054
131072,aligned_still,exact_ranges,3,29,7.779328,0.0056
131072,aligned_still,exact_ranges,3,30,7.82848,0.0056
131072,aligned_still,exact_ranges,3,31,7.819264,0.0057
131072,aligned_still,exact_ranges,3,32,8.035328,0.0074
131072,aligned_still,exact_ranges,3,33,7.830528,0.0058
131072,aligned_still,exact_ranges,3,34,7.811072,0.0098
131072,aligned_still,exact_ranges,3,35,7.840768,0.0066
131072,aligned_still,exact_ranges,3,36,7.916544,0.0078
131072,aligned_still,exact_ranges,3,37,7.855104,0.0055
131072,aligned_still,exact_ranges,3,38,7.892992,0.0054
131072,aligned_still,exact_ranges,3,39,7.675904,0.0071
131072,staggered_still,linked,1,0,5.622784,0.0158
131072,staggered_still,linked,1,1,5.592064,0.0036
131072,staggered_still,linked,1,2,5.554176,0.0036
131072,staggered_still,linked,1,3,5.848064,0.0039
131072,staggered_still,linked,1,4,5.61664,0.0054
131072,staggered_still,linked,1,5,5.59104,0.0036
131072,staggered_still,linked,1,6,5.579776,0.0035
131072,staggered_still,linked,1,7,5.57056,0.0036
131072,staggered_still,linked,1,8,5.561344,0.0053
131072,staggered_still,linked,1,9,5.869568,0.0036
131072,staggered_still,linked,1,10,5.587968,0.0037
131072,staggered_still,linked,1,11,5.663744,0.0039
131072,staggered_still,linked,1,12,5.60128,0.0052
131072,staggered_still,linked,1,13,5.602304,0.0036
131072,staggered_still,linked,1,14,5.58592,0.0017
131072,staggered_still,linked,1,15,5.814272,0.0036
131072,staggered_still,linked,1,16,5.594112,0.0054
131072,staggered_still,linked,1,17,5.639168,0.0036
131072,staggered_still,linked,1,18,5.610496,0.0035
131072,staggered_still,linked,1,19,5.669888,0.0037
131072,staggered_still,linked,1,20,5.640192,0.0039
131072,staggered_still,linked,1,21,5.909504,0.0037
131072,staggered_still,linked,1,22,5.649408,0.006
131072,staggered_still,linked,1,23,5.63712,0.0059
131072,staggered_still,linked,1,24,5.622784,0.0036
131072,staggered_still,linked,1,25,5.605376,0.0036
131072,staggered_still,linked,1,26,5.574656,0.0036
131072,staggered_still,linked,1,27,5.889024,0.0055
131072,staggered_still,linked,1,28,5.656576,0.0035
131072,staggered_still,linked,1,29,5.594112,0.0036
131072,staggered_still,linked,1,30,5.633024,0.0036
131072,staggered_still,linked,1,31,5.604352,0.0053
131072,staggered_still,linked,1,32,5.559296,0.0036
131072,staggered_still,linked,1,33,5.858304,0.0036
131072,staggered_still,linked,1,34,5.640192,0.0036
131072,staggered_still,linked,1,35,5.63712,0.0054
131072,staggered_still,linked,1,36,5.645312,0.0017
131072,staggered_still,linked,1,37,5.640192,0.0036
131072,staggered_still,linked,1,38,5.660672,0.0036
131072,staggered_still,linked,1,39,5.906432,0.0053
131072,staggered_still,exact_ranges,1,0,7.964672,0.0183
131072,staggered_still,exact_ranges,1,1,7.904256,0.0081
131072,staggered_still,exact_ranges,1,2,8.118272,0.0054
131072,staggered_still,exact_ranges,1,3,7.923712,0.0054
131072,staggered_still,exact_ranges,1,4,7.861248,0.0054
131072,staggered_still,exact_ranges,1,5,7.894016,0.0071
131072,staggered_still,exact_ranges,1,6,7.877632,0.0054
131072,staggered_still,exact_ranges,1,7,8.147968,0.0057
131072,staggered_still,exact_ranges,1,8,7.892992,0.01
131072,staggered_still,exact_ranges,1,9,7.845888,0.0074
131072,staggered_still,exact_ranges,1,10,7.866368,0.0054
131072,staggered_still,exact_ranges,1,11,8.030208,0.0054
131072,staggered_still,exact_ranges,1,12,7.945216,0.0075
131072,staggered_still,exact_ranges,1,13,7.899136,0.0054
131072,staggered_still,exact_ranges,1,14,7.886848,0.0054
131072,staggered_still,exact_ranges,1,15,8.075264,0.0054
131072,staggered_still,exact_ranges,1,16,8.035328,0.0072
131072,staggered_still,exact_ranges,1,17,7.97696,0.0055
131072,staggered_still,exact_ranges,1,18,7.954432,0.0055
131072,staggered_still,exact_ranges,1,19,8.050688,0.0069
131072,staggered_still,exact_ranges,1,20,7.906304,0.0054
131072,staggered_still,exact_ranges,1,21,7.968768,0.0055
131072,staggered_still,exact_ranges,1,22,8.014848,0.0057
131072,staggered_still,exact_ranges,1,23,8.011776,0.0074
131072,staggered_still,exact_ranges,1,24,7.967744,0.0053
131072,staggered_still,exact_ranges,1,25,7.954432,0.0053
131072,staggered_still,exact_ranges,1,26,7.959552,0.0054
131072,staggered_still,exact_ranges,1,27,7.950336,0.0074
131072,staggered_still,exact_ranges,1,28,8.141824,0.0053
131072,staggered_still,exact_ranges,1,29,8.004608,0.0054
131072,staggered_still,exact_ranges,1,30,7.929856,0.0072
131072,staggered_still,exact_ranges,1,31,8.03328,0.0054
131072,staggered_still,exact_ranges,1,32,8.23808,0.0054
131072,staggered_still,exact_ranges,1,33,8.019968,0.0057
131072,staggered_still,exact_ranges,1,34,7.995392,0.0071
131072,staggered_still,exact_ranges,1,35,7.9616,0.0057
131072,staggered_still,exact_ranges,1,36,8.107008,0.0053
131072,staggered_still,exact_ranges,1,37,8.001536,0.0053
131072,staggered_still,exact_ranges,1,38,7.993344,0.0072
131072,staggered_still,exact_ranges,1,39,8.004608,0.0054
131072,staggered_still,exact_ranges,2,0,8.138752,0.0237
131072,staggered_still,exact_ranges,2,1,7.945216,0.0081
131072,staggered_still,exact_ranges,2,2,7.897088,0.0079
131072,staggered_still,exact_ranges,2,3,7.887872,0.0104
131072,staggered_still,exact_ranges,2,4,8.155136,0.008
131072,staggered_still,exact_ranges,2,5,7.940096,0.008
131072,staggered_still,exact_ranges,2,6,7.949312,0.0082
131072,staggered_still,exact_ranges,2,7,7.839744,0.0072
131072,staggered_still,exact_ranges,2,8,8.126464,0.0054
131072,staggered_still,exact_ranges,2,9,7.912448,0.0056
131072,staggered_still,exact_ranges,2,10,7.969792,0.0054
131072,staggered_still,exact_ranges,2,11,7.882752,0.0071
131072,staggered_still,exact_ranges,2,12,8.141824,0.0055
131072,staggered_still,exact_ranges,2,13,7.94112,0.0081
131072,staggered_still,exact_ranges,2,14,7.90016,0.0079
131072,staggered_still,exact_ranges,2,15,7.86944,0.0054
131072,staggered_still,exact_ranges,2,16,8.0384,0.0056
131072,staggered_still,exact_ranges,2,17,7.945216,0.0057
131072,staggered_still,exact_ranges,2,18,7.969792,0.0073
131072,staggered_still,exact_ranges,2,19,7.931904,0.0055
131072,staggered_still,exact_ranges,2,20,7.94112,0.0054
131072,staggered_still,exact_ranges,2,21,8.165376,0.0055
131072,staggered_still,exact_ranges,2,22,7.906304,0.0075
131072,staggered_still,exact_ranges,2,23,7.98208,0.0054
131072,staggered_still,exact_ranges,2,24,7.943168,0.0054
131072,staggered_still,exact_ranges,2,25,8.131584,0.007
131072,staggered_still,exact_ranges,2,26,7.8848,0.0054
131072,staggered_still,exact_ranges,2,27,7.922688,0.0053
131072,staggered_still,exact_ranges,2,28,7.924736,0.0053
131072,staggered_still,exact_ranges,2,29,8.057856,0.007
131072,staggered_still,exact_ranges,2,30,7.912448,0.0056
131072,staggered_still,exact_ranges,2,31,7.959552,0.0054
131072,staggered_still,exact_ranges,2,32,7.8592,0.0054
131072,staggered_still,exact_ranges,2,33,8.047616,0.0071
131072,staggered_still,exact_ranges,2,34,7.883776,0.0054
131072,staggered_still,exact_ranges,2,35,7.93088,0.0054
131072,staggered_still,exact_ranges,2,36,7.911424,0.0074
131072,staggered_still,exact_ranges,2,37,8.137728,0.0055
131072,staggered_still,exact_ranges,2,38,8.470528,0.0055
131072,staggered_still,exact_ranges,2,39,8.589312,0.0053
131072,staggered_still,linked,2,0,5.625856,0.017
131072,staggered_still,linked,2,1,5.80096,0.0062
131072,staggered_still,linked,2,2,5.53472,0.0036
131072,staggered_still,linked,2,3,5.543936,0.0036
131072,staggered_still,linked,2,4,5.756928,0.0035
131072,staggered_still,linked,2,5,5.854208,0.0053
131072,staggered_still,linked,2,6,5.5808,0.0036
131072,staggered_still,linked,2,7,5.603328,0.0035
131072,staggered_still,linked,2,8,5.562368,0.0035
131072,staggered_still,linked,2,9,5.812224,0.006
131072,staggered_still,linked,2,10,5.741568,0.0035
131072,staggered_still,linked,2,11,5.583872,0.0036
131072,staggered_still,linked,2,12,5.827584,0.0056
131072,staggered_still,linked,2,13,5.56032,0.0035
131072,staggered_still,linked,2,14,5.600256,0.0016
131072,staggered_still,linked,2,15,5.547008,0.0035
131072,staggered_still,linked,2,16,5.981184,0.0053
131072,staggered_still,linked,2,17,5.604352,0.0017
131072,staggered_still,linked,2,18,5.604352,0.0036
131072,staggered_still,linked,2,19,5.625856,0.0017
131072,staggered_still,linked,2,20,5.921792,0.0053
131072,staggered_still,linked,2,21,5.613568,0.0036
131072,staggered_still,linked,2,22,5.895168,0.0016
131072,staggered_still,linked,2,23,5.87776,0.0035
131072,staggered_still,linked,2,24,5.635072,0.0054
131072,staggered_still,linked,2,25,5.641216,0.0016
131072,staggered_still,linked,2,26,5.599232,0.0036
131072,staggered_still,linked,2,27,5.8368,0.0036
131072,staggered_still,linked,2,28,5.892096,0.0037
131072,staggered_still,linked,2,29,5.600256,0.0039
131072,staggered_still,linked,2,30,5.644288,0.0016
131072,staggered_still,linked,2,31,5.630976,0.0035
131072,staggered_still,linked,2,32,5.623808,0.0052
131072,staggered_still,linked,2,33,5.808128,0.0017
131072,staggered_still,linked,2,34,5.590016,0.0038
131072,staggered_still,linked,2,35,5.604352,0.0051
131072,staggered_still,linked,2,36,5.61152,0.0018
131072,staggered_still,linked,2,37,5.612544,0.0035
131072,staggered_still,linked,2,38,5.676032,0.0017
131072,staggered_still,linked,2,39,5.848064,0.0051
131072,staggered_still,linked,3,0,5.620736,0.0151
131072,staggered_still,linked,3,1,5.557248,0.0036
131072,staggered_still,linked,3,2,5.757952,0.0036
131072,staggered_still,linked,3,3,5.614592,0.0037
131072,staggered_still,linked,3,4,5.5808,0.0072
131072,staggered_still,linked,3,5,5.578752,0.0037
131072,staggered_still,linked,3,6,5.523456,0.0036
131072,staggered_still,linked,3,7,5.583872,0.0036
131072,staggered_still,linked,3,8,5.77024,0.0054
131072,staggered_still,linked,3,9,5.56032,0.0036
131072,staggered_still,linked,3,10,5.567488,0.0036
131072,staggered_still,linked,3,11,5.618688,0.0036
131072,staggered_still,linked,3,12,5.632,0.0034
131072,staggered_still,linked,3,13,5.61664,0.0036
131072,staggered_still,linked,3,14,5.897216,0.0017
131072,staggered_still,linked,3,15,5.628928,0.0036
131072,staggered_still,linked,3,16,5.640192,0.0075
131072,staggered_still,linked,3,17,5.64736,0.0017
131072,staggered_still,linked,3,18,5.629952,0.0037
131072,staggered_still,linked,3,19,5.660672,0.0036
131072,staggered_still,linked,3,20,5.890048,0.0052
131072,staggered_still,linked,3,21,5.619712,0.0064
131072,staggered_still,linked,3,22,5.64736,0.0048
131072,staggered_still,linked,3,23,5.630976,0.0036
131072,staggered_still,linked,3,24,5.608448,0.0078
131072,staggered_still,linked,3,25,5.586944,0.0017
131072,staggered_still,linked,3,26,5.824512,0.0037
131072,staggered_still,linked,3,27,5.56032,0.0051
131072,staggered_still,linked,3,28,5.579776,0.0018
131072,staggered_still,linked,3,29,5.526528,0.0036
131072,staggered_still,linked,3,30,5.526528,0.0036
131072,staggered_still,linked,3,31,5.56032,0.0036
131072,staggered_still,linked,3,32,5.82656,0.0037
131072,staggered_still,linked,3,33,6.28736,0.0016
131072,staggered_still,linked,3,34,5.590016,0.0036
131072,staggered_still,linked,3,35,5.576704,0.0057
131072,staggered_still,linked,3,36,5.57568,0.0036
131072,staggered_still,linked,3,37,5.56544,0.0035
131072,staggered_still,linked,3,38,5.906432,0.0036
131072,staggered_still,linked,3,39,5.588992,0.0055
131072,staggered_still,exact_ranges,3,0,8.08448,0.0199
131072,staggered_still,exact_ranges,3,1,8.05888,0.0081
131072,staggered_still,exact_ranges,3,2,8.004608,0.0112
131072,staggered_still,exact_ranges,3,3,7.943168,0.0081
131072,staggered_still,exact_ranges,3,4,7.897088,0.008
131072,staggered_still,exact_ranges,3,5,7.871488,0.0054
131072,staggered_still,exact_ranges,3,6,8.121344,0.0073
131072,staggered_still,exact_ranges,3,7,7.873536,0.0054
131072,staggered_still,exact_ranges,3,8,7.943168,0.0055
131072,staggered_still,exact_ranges,3,9,7.892992,0.0056
131072,staggered_still,exact_ranges,3,10,8.111104,0.0072
131072,staggered_still,exact_ranges,3,11,7.928832,0.0055
131072,staggered_still,exact_ranges,3,12,7.8848,0.0055
131072,staggered_still,exact_ranges,3,13,7.860224,0.0071
131072,staggered_still,exact_ranges,3,14,8.025088,0.0054
131072,staggered_still,exact_ranges,3,15,7.903232,0.0055
131072,staggered_still,exact_ranges,3,16,7.942144,0.0055
131072,staggered_still,exact_ranges,3,17,7.896064,0.0073
131072,staggered_still,exact_ranges,3,18,8.014848,0.0054
131072,staggered_still,exact_ranges,3,19,7.911424,0.0056
131072,staggered_still,exact_ranges,3,20,7.918592,0.0055
131072,staggered_still,exact_ranges,3,21,8.035328,0.0072
131072,staggered_still,exact_ranges,3,22,7.958528,0.0055
131072,staggered_still,exact_ranges,3,23,7.852032,0.0056
131072,staggered_still,exact_ranges,3,24,7.80288,0.0072
131072,staggered_still,exact_ranges,3,25,7.811072,0.0055
131072,staggered_still,exact_ranges,3,26,7.80288,0.0057
131072,staggered_still,exact_ranges,3,27,7.852032,0.0054
131072,staggered_still,exact_ranges,3,28,7.81312,0.0072
131072,staggered_still,exact_ranges,3,29,7.858176,0.0055
131072,staggered_still,exact_ranges,3,30,7.867392,0.0054
131072,staggered_still,exact_ranges,3,31,8.12544,0.0055
131072,staggered_still,exact_ranges,3,32,7.907328,0.0071
131072,staggered_still,exact_ranges,3,33,7.872512,0.0057
131072,staggered_still,exact_ranges,3,34,7.867392,0.0054
131072,staggered_still,exact_ranges,3,35,7.994368,0.0072
131072,staggered_still,exact_ranges,3,36,7.95648,0.0056
131072,staggered_still,exact_ranges,3,37,7.867392,0.0057
131072,staggered_still,exact_ranges,3,38,7.902208,0.0055
131072,staggered_still,exact_ranges,3,39,7.985152,0.0075
131072,staggered_driven,linked,1,0,5.787648,0.0164
131072,staggered_driven,linked,1,1,5.941248,0.0042
131072,staggered_driven,linked,1,2,5.75488,0.0066
131072,staggered_driven,linked,1,3,5.742592,0.006
131072,staggered_driven,linked,1,4,5.690368,0.0038
131072,staggered_driven,linked,1,5,5.72928,0.004
131072,staggered_driven,linked,1,6,5.860352,0.0038
131072,staggered_driven,linked,1,7,5.675008,0.0055
131072,staggered_driven,linked,1,8,5.777408,0.0039
131072,staggered_driven,linked,1,9,5.697536,0.0039
131072,staggered_driven,linked,1,10,5.766144,0.0038
131072,staggered_driven,linked,1,11,5.7856,0.0041
131072,staggered_driven,linked,1,12,5.997568,0.0038
131072,staggered_driven,linked,1,13,5.73952,0.0038
131072,staggered_driven,linked,1,14,5.786624,0.0057
131072,staggered_driven,linked,1,15,5.762048,0.0039
131072,staggered_driven,linked,1,16,5.764096,0.0039
131072,staggered_driven,linked,1,17,5.787648,0.0039
131072,staggered_driven,linked,1,18,6.033408,0.0057
131072,staggered_driven,linked,1,19,5.8112,0.0039
131072,staggered_driven,linked,1,20,5.827584,0.0039
131072,staggered_driven,linked,1,21,5.81632,0.0038
131072,staggered_driven,linked,1,22,5.880832,0.0057
131072,staggered_driven,linked,1,23,5.832704,0.004
131072,staggered_driven,linked,1,24,6.076416,0.0018
131072,staggered_driven,linked,1,25,5.839872,0.0038
131072,staggered_driven,linked,1,26,5.767168,0.0057
131072,staggered_driven,linked,1,27,5.80096,0.0038
131072,staggered_driven,linked,1,28,5.794816,0.0038
131072,staggered_driven,linked,1,29,5.901312,0.0038
131072,staggered_driven,linked,1,30,5.82144,0.0056
131072,staggered_driven,linked,1,31,5.79072,0.0038
131072,staggered_driven,linked,1,32,5.751808,0.0195
131072,staggered_driven,linked,1,33,5.876736,0.0041
131072,staggered_driven,linked,1,34,5.723136,0.0107
131072,staggered_driven,linked,1,35,5.951488,0.0039
131072,staggered_driven,linked,1,36,5.721088,0.0039
131072,staggered_driven,linked,1,37,5.742592,0.0055
131072,staggered_driven,linked,1,38,5.702656,0.0042
131072,staggered_driven,linked,1,39,5.691392,0.0039
131072,staggered_driven,exact_ranges,1,0,8.237056,0.0236
131072,staggered_driven,exact_ranges,1,1,8.029184,0.0059
131072,staggered_driven,exact_ranges,1,2,7.927808,0.0058
131072,staggered_driven,exact_ranges,1,3,8.114176,0.0081
131072,staggered_driven,exact_ranges,1,4,8.086528,0.0058
131072,staggered_driven,exact_ranges,1,5,8.011776,0.0057
131072,staggered_driven,exact_ranges,1,6,7.998464,0.0057
131072,staggered_driven,exact_ranges,1,7,8.00256,0.0084
131072,staggered_driven,exact_ranges,1,8,8.160256,0.0058
131072,staggered_driven,exact_ranges,1,9,8.039424,0.0058
131072,staggered_driven,exact_ranges,1,10,7.962624,0.0076
131072,staggered_driven,exact_ranges,1,11,8.022016,0.0059
131072,staggered_driven,exact_ranges,1,12,8.224768,0.0058
131072,staggered_driven,exact_ranges,1,13,8.039424,0.0061
131072,staggered_driven,exact_ranges,1,14,8.056832,0.0077
131072,staggered_driven,exact_ranges,1,15,8.113152,0.0057
131072,staggered_driven,exact_ranges,1,16,8.18176,0.0058
131072,staggered_driven,exact_ranges,1,17,8.085504,0.006
131072,staggered_driven,exact_ranges,1,18,8.065024,0.0139
131072,staggered_driven,exact_ranges,1,19,8.071168,0.0082
131072,staggered_driven,exact_ranges,1,20,8.223744,0.006
131072,staggered_driven,exact_ranges,1,21,8.086528,0.0082
131072,staggered_driven,exact_ranges,1,22,8.062976,0.006
131072,staggered_driven,exact_ranges,1,23,8.020992,0.0058
131072,staggered_driven,exact_ranges,1,24,8.20736,0.0058
131072,staggered_driven,exact_ranges,1,25,8.061952,0.0078
131072,staggered_driven,exact_ranges,1,26,7.993344,0.0058
131072,staggered_driven,exact_ranges,1,27,8.013824,0.0058
131072,staggered_driven,exact_ranges,1,28,8.205312,0.0058
131072,staggered_driven,exact_ranges,1,29,8.001536,0.0075
131072,staggered_driven,exact_ranges,1,30,8.009728,0.0057
131072,staggered_driven,exact_ranges,1,31,7.958528,0.0057
131072,staggered_driven,exact_ranges,1,32,8.307712,0.0076
131072,staggered_driven,exact_ranges,1,33,8.09984,0.0059
131072,staggered_driven,exact_ranges,1,34,8.030208,0.0058
131072,staggered_driven,exact_ranges,1,35,7.890944,0.0057
131072,staggered_driven,exact_ranges,1,36,7.995392,0.0077
131072,staggered_driven,exact_ranges,1,37,8.329216,0.006
131072,staggered_driven,exact_ranges,1,38,8.107008,0.006
131072,staggered_driven,exact_ranges,1,39,8.09472,0.006
131072,staggered_driven,exact_ranges,2,0,8.159232,0.0184
131072,staggered_driven,exact_ranges,2,1,8.041472,0.0084
131072,staggered_driven,exact_ranges,2,2,7.921664,0.0061
131072,staggered_driven,exact_ranges,2,3,8.170496,0.0057
131072,staggered_driven,exact_ranges,2,4,7.947264,0.0057
131072,staggered_driven,exact_ranges,2,5,7.955456,0.0074
131072,staggered_driven,exact_ranges,2,6,7.988224,0.0057
131072,staggered_driven,exact_ranges,2,7,8.142848,0.0057
131072,staggered_driven,exact_ranges,2,8,8.109056,0.0056
131072,staggered_driven,exact_ranges,2,9,8.02304,0.0075
131072,staggered_driven,exact_ranges,2,10,7.984128,0.0056
131072,staggered_driven,exact_ranges,2,11,8.105984,0.0058
131072,staggered_driven,exact_ranges,2,12,8.020992,0.0073
131072,staggered_driven,exact_ranges,2,13,8.07424,0.0057
131072,staggered_driven,exact_ranges,2,14,8.018944,0.0056
131072,staggered_driven,exact_ranges,2,15,8.051712,0.0057
131072,staggered_driven,exact_ranges,2,16,8.157184,0.0075
131072,staggered_driven,exact_ranges,2,17,8.027136,0.0057
131072,staggered_driven,exact_ranges,2,18,7.993344,0.0058
131072,staggered_driven,exact_ranges,2,19,7.990272,0.0056
131072,staggered_driven,exact_ranges,2,20,8.313856,0.0073
131072,staggered_driven,exact_ranges,2,21,8.05376,0.0056
131072,staggered_driven,exact_ranges,2,22,8.240128,0.0058
131072,staggered_driven,exact_ranges,2,23,8.041472,0.0106
131072,staggered_driven,exact_ranges,2,24,8.177664,0.0081
131072,staggered_driven,exact_ranges,2,25,8.00256,0.0064
131072,staggered_driven,exact_ranges,2,26,7.995392,0.0057
131072,staggered_driven,exact_ranges,2,27,8.01792,0.0078
131072,staggered_driven,exact_ranges,2,28,8.173568,0.0056
131072,staggered_driven,exact_ranges,2,29,7.994368,0.0056
131072,staggered_driven,exact_ranges,2,30,8.065024,0.0057
131072,staggered_driven,exact_ranges,2,31,8.073216,0.0075
131072,staggered_driven,exact_ranges,2,32,8.199168,0.0056
131072,staggered_driven,exact_ranges,2,33,8.057856,0.0056
131072,staggered_driven,exact_ranges,2,34,8.080384,0.0072
131072,staggered_driven,exact_ranges,2,35,7.98208,0.0058
131072,staggered_driven,exact_ranges,2,36,8.195072,0.0056
131072,staggered_driven,exact_ranges,2,37,8.06912,0.0057
131072,staggered_driven,exact_ranges,2,38,8.12544,0.0077
131072,staggered_driven,exact_ranges,2,39,8.056832,0.0057
131072,staggered_driven,linked,2,0,5.77024,0.0391
131072,staggered_driven,linked,2,1,5.706752,0.0039
131072,staggered_driven,linked,2,2,5.997568,0.0063
131072,staggered_driven,linked,2,3,5.98016,0.0038
131072,staggered_driven,linked,2,4,5.69856,0.0068
131072,staggered_driven,linked,2,5,5.6832,0.005
131072,staggered_driven,linked,2,6,5.924864,0.0075
131072,staggered_driven,linked,2,7,5.691392,0.0038
131072,staggered_driven,linked,2,8,6.011904,0.0039
131072,staggered_driven,linked,2,9,5.711872,0.0039
131072,staggered_driven,linked,2,10,5.956608,0.0037
131072,staggered_driven,linked,2,11,5.723136,0.0039
131072,staggered_driven,linked,2,12,5.715968,0.0038
131072,staggered_driven,linked,2,13,6.030336,0.0018
131072,staggered_driven,linked,2,14,5.758976,0.0059
131072,staggered_driven,linked,2,15,5.709824,0.0038
131072,staggered_driven,linked,2,16,5.793792,0.0017
131072,staggered_driven,linked,2,17,5.993472,0.004
131072,staggered_driven,linked,2,18,5.787648,0.0057
131072,staggered_driven,linked,2,19,6.075392,0.0018
131072,staggered_driven,linked,2,20,6.008832,0.0038
131072,staggered_driven,linked,2,21,5.757952,0.0038
131072,staggered_driven,linked,2,22,5.736448,0.0055
131072,staggered_driven,linked,2,23,5.715968,0.0018
131072,staggered_driven,linked,2,24,5.948416,0.0038
131072,staggered_driven,linked,2,25,5.978112,0.0038
131072,staggered_driven,linked,2,26,5.74464,0.0018
131072,staggered_driven,linked,2,27,5.721088,0.0038
131072,staggered_driven,linked,2,28,6.030336,0.0038
131072,staggered_driven,linked,2,29,5.735424,0.0035
131072,staggered_driven,linked,2,30,5.90336,0.0038
131072,staggered_driven,linked,2,31,6.037504,0.0038
131072,staggered_driven,linked,2,32,5.74976,0.0017
131072,staggered_driven,linked,2,33,5.77536,0.0055
131072,staggered_driven,linked,2,34,5.723136,0.0037
131072,staggered_driven,linked,2,35,6.007808,0.0018
131072,staggered_driven,linked,2,36,5.963776,0.0039
131072,staggered_driven,linked,2,37,5.702656,0.0058
131072,staggered_driven,linked,2,38,5.94944,0.0021
131072,staggered_driven,linked,2,39,5.704704,0.0038
131072,staggered_driven,linked,3,0,5.718016,0.0141
131072,staggered_driven,linked,3,1,5.686272,0.0038
131072,staggered_driven,linked,3,2,5.639168,0.0065
131072,staggered_driven,linked,3,3,5.832704,0.0039
131072,staggered_driven,linked,3,4,5.627904,0.0038
131072,staggered_driven,linked,3,5,5.614592,0.004
131072,staggered_driven,linked,3,6,5.889024,0.0058
131072,staggered_driven,linked,3,7,5.666816,0.0039
131072,staggered_driven,linked,3,8,5.68832,0.0039
131072,staggered_driven,linked,3,9,5.929984,0.0071
131072,staggered_driven,linked,3,10,5.675008,0.0056
131072,staggered_driven,linked,3,11,5.702656,0.0039
131072,staggered_driven,linked,3,12,5.697536,0.0038
131072,staggered_driven,linked,3,13,5.673984,0.0039
131072,staggered_driven,linked,3,14,5.697536,0.0041
131072,staggered_driven,linked,3,15,5.991424,0.0038
131072,staggered_driven,linked,3,16,5.699584,0.0038
131072,staggered_driven,linked,3,17,5.747712,0.0056
131072,staggered_driven,linked,3,18,5.685248,0.0039
131072,staggered_driven,linked,3,19,5.67808,0.004
131072,staggered_driven,linked,3,20,5.718016,0.0038
131072,staggered_driven,linked,3,21,5.933056,0.006
131072,staggered_driven,linked,3,22,5.7088,0.0038
131072,staggered_driven,linked,3,23,5.723136,0.0038
131072,staggered_driven,linked,3,24,5.732352,0.0041
131072,staggered_driven,linked,3,25,5.709824,0.0057
131072,staggered_driven,linked,3,26,5.695488,0.0038
131072,staggered_driven,linked,3,27,6.023168,0.002
131072,staggered_driven,linked,3,28,5.680128,0.0038
131072,staggered_driven,linked,3,29,5.664768,0.0056
131072,staggered_driven,linked,3,30,5.67296,0.004
131072,staggered_driven,linked,3,31,5.675008,0.0038
131072,staggered_driven,linked,3,32,5.82144,0.0039
131072,staggered_driven,linked,3,33,5.736448,0.0056
131072,staggered_driven,linked,3,34,5.710848,0.0039
131072,staggered_driven,linked,3,35,5.633024,0.0038
131072,staggered_driven,linked,3,36,5.722112,0.0038
131072,staggered_driven,linked,3,37,5.687296,0.0055
131072,staggered_driven,linked,3,38,5.981184,0.0039
131072,staggered_driven,linked,3,39,5.791744,0.004
131072,staggered_driven,exact_ranges,3,0,8.144896,0.0181
131072,staggered_driven,exact_ranges,3,1,8.169472,0.0057
131072,staggered_driven,exact_ranges,3,2,8.056832,0.0058
131072,staggered_driven,exact_ranges,3,3,8.003584,0.0075
131072,staggered_driven,exact_ranges,3,4,7.969792,0.0059
131072,staggered_driven,exact_ranges,3,5,8.33024,0.0057
131072,staggered_driven,exact_ranges,3,6,8.0896,0.0075
131072,staggered_driven,exact_ranges,3,7,8.085504,0.0059
131072,staggered_driven,exact_ranges,3,8,8.075264,0.0057
131072,staggered_driven,exact_ranges,3,9,8.057856,0.0057
131072,staggered_driven,exact_ranges,3,10,8.342528,0.0075
131072,staggered_driven,exact_ranges,3,11,8.116224,0.0058
131072,staggered_driven,exact_ranges,3,12,8.035328,0.0057
131072,staggered_driven,exact_ranges,3,13,8.088576,0.0057
131072,staggered_driven,exact_ranges,3,14,8.192,0.0058
131072,staggered_driven,exact_ranges,3,15,8.042496,0.0057
131072,staggered_driven,exact_ranges,3,16,7.974912,0.0057
131072,staggered_driven,exact_ranges,3,17,8.05888,0.0077
131072,staggered_driven,exact_ranges,3,18,8.18688,0.0057
131072,staggered_driven,exact_ranges,3,19,8.018944,0.0057
131072,staggered_driven,exact_ranges,3,20,8.078336,0.006
131072,staggered_driven,exact_ranges,3,21,8.034304,0.0073
131072,staggered_driven,exact_ranges,3,22,8.187904,0.0059
131072,staggered_driven,exact_ranges,3,23,7.970816,0.0058
131072,staggered_driven,exact_ranges,3,24,7.922688,0.0058
131072,staggered_driven,exact_ranges,3,25,7.959552,0.006
131072,staggered_driven,exact_ranges,3,26,8.136704,0.0058
131072,staggered_driven,exact_ranges,3,27,7.918592,0.0061
131072,staggered_driven,exact_ranges,3,28,8.073216,0.0075
131072,staggered_driven,exact_ranges,3,29,8.047616,0.0057
131072,staggered_driven,exact_ranges,3,30,8.203264,0.0057
131072,staggered_driven,exact_ranges,3,31,8.071168,0.0058
131072,staggered_driven,exact_ranges,3,32,8.040448,0.0077
131072,staggered_driven,exact_ranges,3,33,8.024064,0.0058
131072,staggered_driven,exact_ranges,3,34,8.101888,0.0049
131072,staggered_driven,exact_ranges,3,35,8.008704,0.0076
131072,staggered_driven,exact_ranges,3,36,8.011776,0.0057
131072,staggered_driven,exact_ranges,3,37,8.109056,0.0061
131072,staggered_driven,exact_ranges,3,38,8.080384,0.0061
131072,staggered_driven,exact_ranges,3,39,8.30976,0.0076
