count,scenario,index,run,sample,gpu_ms,cpu_submit_ms
10000,aligned_still,linked,1,0,1.145856,0.0132
10000,aligned_still,linked,1,1,0.955392,0.0031
10000,aligned_still,linked,1,2,1.1264,0.0042
10000,aligned_still,linked,1,3,1.110016,0.0024
10000,aligned_still,linked,1,4,0.945152,0.0025
10000,aligned_still,linked,1,5,1.154048,0.0024
10000,aligned_still,linked,1,6,1.03936,0.0024
10000,aligned_still,linked,1,7,1.099776,0.0043
10000,aligned_still,linked,1,8,0.98304,0.0101
10000,aligned_still,linked,1,9,1.137664,0.0129
10000,aligned_still,linked,1,10,0.960512,0.0123
10000,aligned_still,linked,1,11,1.108992,0.0137
10000,aligned_still,linked,1,12,0.963584,0.0127
10000,aligned_still,linked,1,13,0.940032,0.0122
10000,aligned_still,linked,1,14,1.178624,0.0119
10000,aligned_still,linked,1,15,1.093632,0.0125
10000,aligned_still,linked,1,16,0.95744,0.0121
10000,aligned_still,linked,1,17,0.953344,0.0145
10000,aligned_still,linked,1,18,1.207296,0.0118
10000,aligned_still,linked,1,19,1.174528,0.0034
10000,aligned_still,linked,1,20,0.95744,0.0036
10000,aligned_still,linked,1,21,0.949248,0.0046
10000,aligned_still,linked,1,22,1.240064,0.0031
10000,aligned_still,linked,1,23,0.95744,0.0125
10000,aligned_still,linked,1,24,1.083392,0.0132
10000,aligned_still,linked,1,25,1.2544,0.0149
10000,aligned_still,linked,1,26,1.12128,0.0167
10000,aligned_still,linked,1,27,0.971776,0.0153
10000,aligned_still,linked,1,28,0.943104,0.0165
10000,aligned_still,linked,1,29,1.138688,0.0145
10000,aligned_still,linked,1,30,0.989184,0.0229
10000,aligned_still,linked,1,31,0.960512,0.0132
10000,aligned_still,linked,1,32,1.102848,0.0126
10000,aligned_still,linked,1,33,0.974848,0.0078
10000,aligned_still,linked,1,34,1.289216,0.0132
10000,aligned_still,linked,1,35,0.946176,0.0123
10000,aligned_still,linked,1,36,0.950272,0.0126
10000,aligned_still,linked,1,37,1.14176,0.0124
10000,aligned_still,linked,1,38,1.027072,0.0134
10000,aligned_still,linked,1,39,1.13152,0.0127
10000,aligned_still,bounded_linked,1,0,1.021952,0.0109
10000,aligned_still,bounded_linked,1,1,0.97792,0.0096
10000,aligned_still,bounded_linked,1,2,1.122304,0.0104
10000,aligned_still,bounded_linked,1,3,1.171456,0.0088
10000,aligned_still,bounded_linked,1,4,0.968704,0.0132
10000,aligned_still,bounded_linked,1,5,1.129472,0.0092
10000,aligned_still,bounded_linked,1,6,0.95744,0.0086
10000,aligned_still,bounded_linked,1,7,1.159168,0.0115
10000,aligned_still,bounded_linked,1,8,0.969728,0.011
10000,aligned_still,bounded_linked,1,9,1.118208,0.0091
10000,aligned_still,bounded_linked,1,10,0.956416,0.0093
10000,aligned_still,bounded_linked,1,11,1.16224,0.0092
10000,aligned_still,bounded_linked,1,12,0.968704,0.0098
10000,aligned_still,bounded_linked,1,13,1.125376,0.009
10000,aligned_still,bounded_linked,1,14,0.965632,0.0104
10000,aligned_still,bounded_linked,1,15,1.170432,0.0195
10000,aligned_still,bounded_linked,1,16,1.127424,0.016
10000,aligned_still,bounded_linked,1,17,0.996352,0.0102
10000,aligned_still,bounded_linked,1,18,0.954368,0.0091
10000,aligned_still,bounded_linked,1,19,1.204224,0.0104
10000,aligned_still,bounded_linked,1,20,1.14688,0.008
10000,aligned_still,bounded_linked,1,21,0.969728,0.016
10000,aligned_still,bounded_linked,1,22,0.986112,0.0096
10000,aligned_still,bounded_linked,1,23,1.168384,0.0097
10000,aligned_still,bounded_linked,1,24,1.134592,0.0091
10000,aligned_still,bounded_linked,1,25,0.965632,0.0087
10000,aligned_still,bounded_linked,1,26,0.973824,0.0089
10000,aligned_still,bounded_linked,1,27,1.220608,0.0095
10000,aligned_still,bounded_linked,1,28,0.994304,0.009
10000,aligned_still,bounded_linked,1,29,1.117184,0.0097
10000,aligned_still,bounded_linked,1,30,1.000448,0.0098
10000,aligned_still,bounded_linked,1,31,1.210368,0.0083
10000,aligned_still,bounded_linked,1,32,1.127424,0.0094
10000,aligned_still,bounded_linked,1,33,0.963584,0.0089
10000,aligned_still,bounded_linked,1,34,0.980992,0.0094
10000,aligned_still,bounded_linked,1,35,1.150976,0.0086
10000,aligned_still,bounded_linked,1,36,1.175552,0.0086
10000,aligned_still,bounded_linked,1,37,0.96768,0.0083
10000,aligned_still,bounded_linked,1,38,1.000448,0.0096
10000,aligned_still,bounded_linked,1,39,1.156096,0.0091
10000,aligned_still,exact_ranges,1,0,1.092608,0.0101
10000,aligned_still,exact_ranges,1,1,1.224704,0.0146
10000,aligned_still,exact_ranges,1,2,1.1264,0.0085
10000,aligned_still,exact_ranges,1,3,1.281024,0.0084
10000,aligned_still,exact_ranges,1,4,1.078272,0.0085
10000,aligned_still,exact_ranges,1,5,1.266688,0.0083
10000,aligned_still,exact_ranges,1,6,1.25952,0.008
10000,aligned_still,exact_ranges,1,7,1.05472,0.0081
10000,aligned_still,exact_ranges,1,8,1.276928,0.0072
10000,aligned_still,exact_ranges,1,9,1.089536,0.0081
10000,aligned_still,exact_ranges,1,10,1.257472,0.0076
10000,aligned_still,exact_ranges,1,11,1.08032,0.0072
10000,aligned_still,exact_ranges,1,12,1.256448,0.0082
10000,aligned_still,exact_ranges,1,13,1.256448,0.0218
10000,aligned_still,exact_ranges,1,14,1.056768,0.0112
10000,aligned_still,exact_ranges,1,15,1.081344,0.0136
10000,aligned_still,exact_ranges,1,16,1.266688,0.0072
10000,aligned_still,exact_ranges,1,17,1.060864,0.0081
10000,aligned_still,exact_ranges,1,18,1.216512,0.0085
10000,aligned_still,exact_ranges,1,19,1.297408,0.008
10000,aligned_still,exact_ranges,1,20,1.221632,0.0076
10000,aligned_still,exact_ranges,1,21,1.089536,0.0081
10000,aligned_still,exact_ranges,1,22,1.087488,0.0082
10000,aligned_still,exact_ranges,1,23,1.34144,0.0084
10000,aligned_still,exact_ranges,1,24,1.227776,0.0081
10000,aligned_still,exact_ranges,1,25,1.078272,0.0079
10000,aligned_still,exact_ranges,1,26,1.238016,0.0083
10000,aligned_still,exact_ranges,1,27,1.2544,0.0072
10000,aligned_still,exact_ranges,1,28,1.069056,0.0085
10000,aligned_still,exact_ranges,1,29,1.103872,0.0084
10000,aligned_still,exact_ranges,1,30,1.294336,0.0079
10000,aligned_still,exact_ranges,1,31,1.205248,0.0083
10000,aligned_still,exact_ranges,1,32,1.052672,0.0074
10000,aligned_still,exact_ranges,1,33,1.256448,0.0201
10000,aligned_still,exact_ranges,1,34,1.267712,0.0124
10000,aligned_still,exact_ranges,1,35,1.069056,0.0081
10000,aligned_still,exact_ranges,1,36,1.061888,0.0136
10000,aligned_still,exact_ranges,1,37,1.251328,0.0079
10000,aligned_still,exact_ranges,1,38,1.0496,0.0085
10000,aligned_still,exact_ranges,1,39,1.216512,0.0087
10000,aligned_still,bounded_linked,2,0,0.994304,0.0057
10000,aligned_still,bounded_linked,2,1,0.974848,0.0055
10000,aligned_still,bounded_linked,2,2,1.138688,0.0055
10000,aligned_still,bounded_linked,2,3,1.134592,0.0051
10000,aligned_still,bounded_linked,2,4,0.966656,0.0049
10000,aligned_still,bounded_linked,2,5,0.969728,0.0045
10000,aligned_still,bounded_linked,2,6,1.152,0.0044
10000,aligned_still,bounded_linked,2,7,1.12128,0.0048
10000,aligned_still,bounded_linked,2,8,0.96256,0.0051
10000,aligned_still,bounded_linked,2,9,0.966656,0.0045
10000,aligned_still,bounded_linked,2,10,1.135616,0.0048
10000,aligned_still,bounded_linked,2,11,0.994304,0.0047
10000,aligned_still,bounded_linked,2,12,1.149952,0.0055
10000,aligned_still,bounded_linked,2,13,0.975872,0.0046
10000,aligned_still,bounded_linked,2,14,1.138688,0.0049
10000,aligned_still,bounded_linked,2,15,1.19296,0.0046
10000,aligned_still,bounded_linked,2,16,0.963584,0.0044
10000,aligned_still,bounded_linked,2,17,1.001472,0.0049
10000,aligned_still,bounded_linked,2,18,1.195008,0.0044
10000,aligned_still,bounded_linked,2,19,1.02912,0.0047
10000,aligned_still,bounded_linked,2,20,1.133568,0.0054
10000,aligned_still,bounded_linked,2,21,0.96256,0.0045
10000,aligned_still,bounded_linked,2,22,1.2032,0.0044
10000,aligned_still,bounded_linked,2,23,1.113088,0.0077
10000,aligned_still,bounded_linked,2,24,0.97792,0.0097
10000,aligned_still,bounded_linked,2,25,0.970752,0.0056
10000,aligned_still,bounded_linked,2,26,1.159168,0.0052
10000,aligned_still,bounded_linked,2,27,1.115136,0.0043
10000,aligned_still,bounded_linked,2,28,0.963584,0.0047
10000,aligned_still,bounded_linked,2,29,0.963584,0.0056
10000,aligned_still,bounded_linked,2,30,1.15712,0.0055
10000,aligned_still,bounded_linked,2,31,1.129472,0.0051
10000,aligned_still,bounded_linked,2,32,0.976896,0.0051
10000,aligned_still,bounded_linked,2,33,0.96256,0.0049
10000,aligned_still,bounded_linked,2,34,1.316864,0.0053
10000,aligned_still,bounded_linked,2,35,1.015808,0.0046
10000,aligned_still,bounded_linked,2,36,1.002496,0.0054
10000,aligned_still,bounded_linked,2,37,1.127424,0.0053
10000,aligned_still,bounded_linked,2,38,1.027072,0.0044
10000,aligned_still,bounded_linked,2,39,0.979968,0.0055
10000,aligned_still,exact_ranges,2,0,1.30048,0.0326
10000,aligned_still,exact_ranges,2,1,1.047552,0.0077
10000,aligned_still,exact_ranges,2,2,1.230848,0.0078
10000,aligned_still,exact_ranges,2,3,1.317888,0.0078
10000,aligned_still,exact_ranges,2,4,1.088512,0.0077
10000,aligned_still,exact_ranges,2,5,1.06496,0.0075
10000,aligned_still,exact_ranges,2,6,1.301504,0.0077
10000,aligned_still,exact_ranges,2,7,1.209344,0.0111
10000,aligned_still,exact_ranges,2,8,1.062912,0.0071
10000,aligned_still,exact_ranges,2,9,1.225728,0.0075
10000,aligned_still,exact_ranges,2,10,1.11104,0.0074
10000,aligned_still,exact_ranges,2,11,1.094656,0.0112
10000,aligned_still,exact_ranges,2,12,1.2032,0.0073
10000,aligned_still,exact_ranges,2,13,1.312768,0.0072
10000,aligned_still,exact_ranges,2,14,1.231872,0.0076
10000,aligned_still,exact_ranges,2,15,1.08032,0.0079
10000,aligned_still,exact_ranges,2,16,1.062912,0.0113
10000,aligned_still,exact_ranges,2,17,1.41312,0.0085
10000,aligned_still,exact_ranges,2,18,1.231872,0.0082
10000,aligned_still,exact_ranges,2,19,1.050624,0.0118
10000,aligned_still,exact_ranges,2,20,1.304576,0.0087
10000,aligned_still,exact_ranges,2,21,1.222656,0.0077
10000,aligned_still,exact_ranges,2,22,1.104896,0.0076
10000,aligned_still,exact_ranges,2,23,1.072128,0.0084
10000,aligned_still,exact_ranges,2,24,1.26464,0.0067
10000,aligned_still,exact_ranges,2,25,1.216512,0.0077
10000,aligned_still,exact_ranges,2,26,1.04448,0.0073
10000,aligned_still,exact_ranges,2,27,1.292288,0.0077
10000,aligned_still,exact_ranges,2,28,1.236992,0.0072
10000,aligned_still,exact_ranges,2,29,1.09568,0.0073
10000,aligned_still,exact_ranges,2,30,1.092608,0.0071
10000,aligned_still,exact_ranges,2,31,1.24928,0.0073
10000,aligned_still,exact_ranges,2,32,1.078272,0.0073
10000,aligned_still,exact_ranges,2,33,1.219584,0.0079
10000,aligned_still,exact_ranges,2,34,1.262592,0.0071
10000,aligned_still,exact_ranges,2,35,1.212416,0.013
10000,aligned_still,exact_ranges,2,36,1.063936,0.0079
10000,aligned_still,exact_ranges,2,37,1.072128,0.0076
10000,aligned_still,exact_ranges,2,38,1.281024,0.0077
10000,aligned_still,exact_ranges,2,39,1.23904,0.0079
10000,aligned_still,linked,2,0,0.984064,0.0175
10000,aligned_still,linked,2,1,0.966656,0.011
10000,aligned_still,linked,2,2,1.293312,0.0067
10000,aligned_still,linked,2,3,0.944128,0.0065
10000,aligned_still,linked,2,4,0.943104,0.0059
10000,aligned_still,linked,2,5,1.132544,0.0067
10000,aligned_still,linked,2,6,0.965632,0.0058
10000,aligned_still,linked,2,7,0.928768,0.0068
10000,aligned_still,linked,2,8,1.134592,0.0065
10000,aligned_still,linked,2,9,1.120256,0.0155
10000,aligned_still,linked,2,10,1.160192,0.008
10000,aligned_still,linked,2,11,0.945152,0.0079
10000,aligned_still,linked,2,12,0.949248,0.008
10000,aligned_still,linked,2,13,1.184768,0.0045
10000,aligned_still,linked,2,14,0.986112,0.0068
10000,aligned_still,linked,2,15,1.14176,0.0036
10000,aligned_still,linked,2,16,0.959488,0.002
10000,aligned_still,linked,2,17,1.204224,0.0045
10000,aligned_still,linked,2,18,1.135616,0.0062
10000,aligned_still,linked,2,19,0.9472,0.0048
10000,aligned_still,linked,2,20,0.953344,0.0048
10000,aligned_still,linked,2,21,1.132544,0.0057
10000,aligned_still,linked,2,22,1.117184,0.0115
10000,aligned_still,linked,2,23,0.933888,0.0052
10000,aligned_still,linked,2,24,0.950272,0.0047
10000,aligned_still,linked,2,25,1.135616,0.0054
10000,aligned_still,linked,2,26,1.087488,0.0046
10000,aligned_still,linked,2,27,0.97792,0.0055
10000,aligned_still,linked,2,28,0.943104,0.0048
10000,aligned_still,linked,2,29,1.171456,0.0047
10000,aligned_still,linked,2,30,1.099776,0.0048
10000,aligned_still,linked,2,31,0.950272,0.0048
10000,aligned_still,linked,2,32,0.933888,0.0046
10000,aligned_still,linked,2,33,1.123328,0.0049
10000,aligned_still,linked,2,34,0.948224,0.0043
10000,aligned_still,linked,2,35,0.95744,0.0049
10000,aligned_still,linked,2,36,1.103872,0.0046
10000,aligned_still,linked,2,37,1.130496,0.0048
10000,aligned_still,linked,2,38,1.098752,0.0046
10000,aligned_still,linked,2,39,0.960512,0.0053
10000,aligned_still,exact_ranges,3,0,1.092608,0.009
10000,aligned_still,exact_ranges,3,1,1.077248,0.0082
10000,aligned_still,exact_ranges,3,2,1.287168,0.0073
10000,aligned_still,exact_ranges,3,3,1.229824,0.024
10000,aligned_still,exact_ranges,3,4,1.056768,0.0084
10000,aligned_still,exact_ranges,3,5,1.052672,0.0079
10000,aligned_still,exact_ranges,3,6,1.304576,0.0073
10000,aligned_still,exact_ranges,3,7,1.220608,0.0079
10000,aligned_still,exact_ranges,3,8,1.092608,0.0076
10000,aligned_still,exact_ranges,3,9,1.297408,0.007
10000,aligned_still,exact_ranges,3,10,1.056768,0.0079
10000,aligned_still,exact_ranges,3,11,1.074176,0.0074
10000,aligned_still,exact_ranges,3,12,1.221632,0.0076
10000,aligned_still,exact_ranges,3,13,1.355776,0.0077
10000,aligned_still,exact_ranges,3,14,1.21856,0.0076
10000,aligned_still,exact_ranges,3,15,1.097728,0.0112
10000,aligned_still,exact_ranges,3,16,1.251328,0.0102
10000,aligned_still,exact_ranges,3,17,1.221632,0.0106
10000,aligned_still,exact_ranges,3,18,1.097728,0.0102
10000,aligned_still,exact_ranges,3,19,1.050624,0.0089
10000,aligned_still,exact_ranges,3,20,1.275904,0.0074
10000,aligned_still,exact_ranges,3,21,1.221632,0.0079
10000,aligned_still,exact_ranges,3,22,1.0752,0.0083
10000,aligned_still,exact_ranges,3,23,1.2544,0.0114
10000,aligned_still,exact_ranges,3,24,1.235968,0.0077
10000,aligned_still,exact_ranges,3,25,1.051648,0.008
10000,aligned_still,exact_ranges,3,26,1.065984,0.0074
10000,aligned_still,exact_ranges,3,27,1.265664,0.0078
10000,aligned_still,exact_ranges,3,28,1.061888,0.0073
10000,aligned_still,exact_ranges,3,29,1.20832,0.0077
10000,aligned_still,exact_ranges,3,30,1.273856,0.0738
10000,aligned_still,exact_ranges,3,31,1.210368,0.0074
10000,aligned_still,exact_ranges,3,32,1.094656,0.0079
10000,aligned_still,exact_ranges,3,33,1.076224,0.0178
10000,aligned_still,exact_ranges,3,34,1.28512,0.0038
10000,aligned_still,exact_ranges,3,35,1.245184,0.0037
10000,aligned_still,exact_ranges,3,36,1.05472,0.0034
10000,aligned_still,exact_ranges,3,37,1.072128,0.0038
10000,aligned_still,exact_ranges,3,38,1.379328,0.0037
10000,aligned_still,exact_ranges,3,39,1.24928,0.0038
10000,aligned_still,linked,3,0,0.971776,0.0063
10000,aligned_still,linked,3,1,1.114112,0.0052
10000,aligned_still,linked,3,2,1.005568,0.0039
10000,aligned_still,linked,3,3,1.096704,0.0044
10000,aligned_still,linked,3,4,0.976896,0.0043
10000,aligned_still,linked,3,5,1.125376,0.0044
10000,aligned_still,linked,3,6,1.104896,0.0042
10000,aligned_still,linked,3,7,0.932864,0.004
10000,aligned_still,linked,3,8,0.963584,0.0043
10000,aligned_still,linked,3,9,1.169408,0.0042
10000,aligned_still,linked,3,10,0.955392,0.0041
10000,aligned_still,linked,3,11,1.106944,0.0052
10000,aligned_still,linked,3,12,0.95232,0.0112
10000,aligned_still,linked,3,13,1.176576,0.0049
10000,aligned_still,linked,3,14,1.115136,0.0039
10000,aligned_still,linked,3,15,0.930816,0.0047
10000,aligned_still,linked,3,16,0.953344,0.0045
10000,aligned_still,linked,3,17,1.144832,0.0044
10000,aligned_still,linked,3,18,1.0752,0.0042
10000,aligned_still,linked,3,19,0.971776,0.0041
10000,aligned_still,linked,3,20,0.943104,0.0043
10000,aligned_still,linked,3,21,1.183744,0.0045
10000,aligned_still,linked,3,22,1.098752,0.0044
10000,aligned_still,linked,3,23,0.950272,0.0049
10000,aligned_still,linked,3,24,0.939008,0.0038
10000,aligned_still,linked,3,25,1.145856,0.0046
10000,aligned_still,linked,3,26,1.09568,0.0038
10000,aligned_still,linked,3,27,0.953344,0.0041
10000,aligned_still,linked,3,28,0.945152,0.0046
10000,aligned_still,linked,3,29,1.127424,0.0038
10000,aligned_still,linked,3,30,0.945152,0.0042
10000,aligned_still,linked,3,31,0.959488,0.0049
10000,aligned_still,linked,3,32,1.103872,0.0041
10000,aligned_still,linked,3,33,1.135616,0.0039
10000,aligned_still,linked,3,34,1.09568,0.0098
10000,aligned_still,linked,3,35,0.960512,0.0018
10000,aligned_still,linked,3,36,0.951296,0.004
10000,aligned_still,linked,3,37,1.076224,0.0032
10000,aligned_still,linked,3,38,1.18272,0.0032
10000,aligned_still,linked,3,39,0.9472,0.0021
10000,aligned_still,bounded_linked,3,0,0.992256,0.0059
10000,aligned_still,bounded_linked,3,1,1.158144,0.0055
10000,aligned_still,bounded_linked,3,2,1.13152,0.0045
10000,aligned_still,bounded_linked,3,3,0.982016,0.0049
10000,aligned_still,bounded_linked,3,4,0.966656,0.006
10000,aligned_still,bounded_linked,3,5,1.309696,0.0047
10000,aligned_still,bounded_linked,3,6,1.012736,0.0047
10000,aligned_still,bounded_linked,3,7,0.975872,0.0105
10000,aligned_still,bounded_linked,3,8,1.133568,0.0064
10000,aligned_still,bounded_linked,3,9,1.032192,0.0054
10000,aligned_still,bounded_linked,3,10,0.954368,0.0055
10000,aligned_still,bounded_linked,3,11,1.122304,0.0044
10000,aligned_still,bounded_linked,3,12,1.210368,0.006
10000,aligned_still,bounded_linked,3,13,1.130496,0.0057
10000,aligned_still,bounded_linked,3,14,0.95744,0.006
10000,aligned_still,bounded_linked,3,15,0.975872,0.0043
10000,aligned_still,bounded_linked,3,16,1.1776,0.0053
10000,aligned_still,bounded_linked,3,17,1.181696,0.0051
10000,aligned_still,bounded_linked,3,18,0.991232,0.0055
10000,aligned_still,bounded_linked,3,19,0.98816,0.0044
10000,aligned_still,bounded_linked,3,20,1.148928,0.01
10000,aligned_still,bounded_linked,3,21,1.128448,0.0061
10000,aligned_still,bounded_linked,3,22,0.976896,0.0054
10000,aligned_still,bounded_linked,3,23,0.964608,0.0059
10000,aligned_still,bounded_linked,3,24,1.163264,0.0047
10000,aligned_still,bounded_linked,3,25,1.120256,0.0045
10000,aligned_still,bounded_linked,3,26,0.97792,0.0054
10000,aligned_still,bounded_linked,3,27,0.955392,0.0044
10000,aligned_still,bounded_linked,3,28,1.166336,0.0045
10000,aligned_still,bounded_linked,3,29,1.106944,0.0045
10000,aligned_still,bounded_linked,3,30,0.9728,0.0049
10000,aligned_still,bounded_linked,3,31,0.955392,0.0054
10000,aligned_still,bounded_linked,3,32,1.152,0.0054
10000,aligned_still,bounded_linked,3,33,0.959488,0.0046
10000,aligned_still,bounded_linked,3,34,1.135616,0.0044
10000,aligned_still,bounded_linked,3,35,0.98304,0.0046
10000,aligned_still,bounded_linked,3,36,1.185792,0.0045
10000,aligned_still,bounded_linked,3,37,1.127424,0.0047
10000,aligned_still,bounded_linked,3,38,1.000448,0.0058
10000,aligned_still,bounded_linked,3,39,0.974848,0.0044
10000,staggered_still,linked,1,0,1.180672,0.0059
10000,staggered_still,linked,1,1,1.10592,0.0049
10000,staggered_still,linked,1,2,0.979968,0.0048
10000,staggered_still,linked,1,3,0.953344,0.0101
10000,staggered_still,linked,1,4,1.147904,0.0054
10000,staggered_still,linked,1,5,1.11104,0.004
10000,staggered_still,linked,1,6,0.970752,0.0049
10000,staggered_still,linked,1,7,0.935936,0.0038
10000,staggered_still,linked,1,8,1.150976,0.0058
10000,staggered_still,linked,1,9,1.108992,0.0039
10000,staggered_still,linked,1,10,0.961536,0.0046
10000,staggered_still,linked,1,11,0.95232,0.0051
10000,staggered_still,linked,1,12,1.134592,0.004
10000,staggered_still,linked,1,13,0.9472,0.0047
10000,staggered_still,linked,1,14,1.119232,0.0042
10000,staggered_still,linked,1,15,0.98816,0.0039
10000,staggered_still,linked,1,16,0.969728,0.004
10000,staggered_still,linked,1,17,1.41824,0.0052
10000,staggered_still,linked,1,18,0.930816,0.004
10000,staggered_still,linked,1,19,0.987136,0.0047
10000,staggered_still,linked,1,20,1.219584,0.0087
10000,staggered_still,linked,1,21,1.181696,0.0052
10000,staggered_still,linked,1,22,0.951296,0.0038
10000,staggered_still,linked,1,23,1.125376,0.0049
10000,staggered_still,linked,1,24,1.025024,0.005
10000,staggered_still,linked,1,25,1.120256,0.0043
10000,staggered_still,linked,1,26,0.948224,0.0046
10000,staggered_still,linked,1,27,1.140736,0.0037
10000,staggered_still,linked,1,28,0.956416,0.0071
10000,staggered_still,linked,1,29,1.114112,0.0056
10000,staggered_still,linked,1,30,0.953344,0.0038
10000,staggered_still,linked,1,31,1.142784,0.0048
10000,staggered_still,linked,1,32,0.956416,0.0052
10000,staggered_still,linked,1,33,1.108992,0.0042
10000,staggered_still,linked,1,34,0.958464,0.0045
10000,staggered_still,linked,1,35,1.13664,0.0043
10000,staggered_still,linked,1,36,0.954368,0.0043
10000,staggered_still,linked,1,37,0.922624,0.0039
10000,staggered_still,linked,1,38,1.161216,0.0121
10000,staggered_still,linked,1,39,0.964608,0.0041
10000,staggered_still,bounded_linked,1,0,1.190912,0.0067
10000,staggered_still,bounded_linked,1,1,0.9728,0.0063
10000,staggered_still,bounded_linked,1,2,1.133568,0.0049
10000,staggered_still,bounded_linked,1,3,1.045504,0.016
10000,staggered_still,bounded_linked,1,4,1.124352,0.0029
10000,staggered_still,bounded_linked,1,5,0.984064,0.0032
10000,staggered_still,bounded_linked,1,6,1.14688,0.0021
10000,staggered_still,bounded_linked,1,7,0.990208,0.0021
10000,staggered_still,bounded_linked,1,8,1.132544,0.0019
10000,staggered_still,bounded_linked,1,9,0.97792,0.0022
10000,staggered_still,bounded_linked,1,10,1.150976,0.0028
10000,staggered_still,bounded_linked,1,11,1.159168,0.0026
10000,staggered_still,bounded_linked,1,12,0.997376,0.0018
10000,staggered_still,bounded_linked,1,13,0.97792,0.002
10000,staggered_still,bounded_linked,1,14,1.14176,0.0019
10000,staggered_still,bounded_linked,1,15,0.971776,0.0071
10000,staggered_still,bounded_linked,1,16,0.96768,0.0047
10000,staggered_still,bounded_linked,1,17,1.16736,0.0044
10000,staggered_still,bounded_linked,1,18,1.212416,0.0048
10000,staggered_still,bounded_linked,1,19,1.18784,0.0049
10000,staggered_still,bounded_linked,1,20,0.975872,0.0044
10000,staggered_still,bounded_linked,1,21,0.963584,0.0054
10000,staggered_still,bounded_linked,1,22,1.207296,0.0054
10000,staggered_still,bounded_linked,1,23,1.117184,0.005
10000,staggered_still,bounded_linked,1,24,0.974848,0.0051
10000,staggered_still,bounded_linked,1,25,0.968704,0.01
10000,staggered_still,bounded_linked,1,26,1.174528,0.0052
10000,staggered_still,bounded_linked,1,27,1.12128,0.0052
10000,staggered_still,bounded_linked,1,28,0.978944,0.0043
10000,staggered_still,bounded_linked,1,29,0.96768,0.005
10000,staggered_still,bounded_linked,1,30,1.17248,0.0052
10000,staggered_still,bounded_linked,1,31,1.125376,0.0048
10000,staggered_still,bounded_linked,1,32,0.98304,0.0058
10000,staggered_still,bounded_linked,1,33,0.965632,0.0049
10000,staggered_still,bounded_linked,1,34,1.159168,0.0056
10000,staggered_still,bounded_linked,1,35,1.134592,0.0053
10000,staggered_still,bounded_linked,1,36,1.014784,0.0048
10000,staggered_still,bounded_linked,1,37,0.976896,0.0052
10000,staggered_still,bounded_linked,1,38,1.204224,0.0044
10000,staggered_still,bounded_linked,1,39,0.984064,0.0053
10000,staggered_still,exact_ranges,1,0,1.272832,0.0097
10000,staggered_still,exact_ranges,1,1,1.079296,0.0077
10000,staggered_still,exact_ranges,1,2,1.23904,0.0124
10000,staggered_still,exact_ranges,1,3,1.31072,0.0083
10000,staggered_still,exact_ranges,1,4,1.089536,0.0087
10000,staggered_still,exact_ranges,1,5,1.08032,0.0187
10000,staggered_still,exact_ranges,1,6,1.307648,0.0077
10000,staggered_still,exact_ranges,1,7,1.219584,0.0072
10000,staggered_still,exact_ranges,1,8,1.055744,0.0075
10000,staggered_still,exact_ranges,1,9,1.231872,0.007
10000,staggered_still,exact_ranges,1,10,1.1264,0.0074
10000,staggered_still,exact_ranges,1,11,1.089536,0.0069
10000,staggered_still,exact_ranges,1,12,1.231872,0.0077
10000,staggered_still,exact_ranges,1,13,1.339392,0.0071
10000,staggered_still,exact_ranges,1,14,1.227776,0.007
10000,staggered_still,exact_ranges,1,15,1.077248,0.0122
10000,staggered_still,exact_ranges,1,16,1.096704,0.0125
10000,staggered_still,exact_ranges,1,17,1.531904,0.0078
10000,staggered_still,exact_ranges,1,18,1.08032,0.0076
10000,staggered_still,exact_ranges,1,19,1.063936,0.0083
10000,staggered_still,exact_ranges,1,20,1.289216,0.0139
10000,staggered_still,exact_ranges,1,21,1.222656,0.0079
10000,staggered_still,exact_ranges,1,22,1.081344,0.0072
10000,staggered_still,exact_ranges,1,23,1.266688,0.0077
10000,staggered_still,exact_ranges,1,24,1.09056,0.0077
10000,staggered_still,exact_ranges,1,25,1.270784,0.0073
10000,staggered_still,exact_ranges,1,26,1.060864,0.0074
10000,staggered_still,exact_ranges,1,27,1.26976,0.007
10000,staggered_still,exact_ranges,1,28,1.069056,0.0077
10000,staggered_still,exact_ranges,1,29,1.278976,0.0071
10000,staggered_still,exact_ranges,1,30,1.304576,0.0078
10000,staggered_still,exact_ranges,1,31,1.224704,0.0075
10000,staggered_still,exact_ranges,1,32,1.068032,0.007
10000,staggered_still,exact_ranges,1,33,1.060864,0.0074
10000,staggered_still,exact_ranges,1,34,1.29536,0.007
10000,staggered_still,exact_ranges,1,35,1.093632,0.0076
10000,staggered_still,exact_ranges,1,36,1.267712,0.0102
10000,staggered_still,exact_ranges,1,37,1.09056,0.0414
10000,staggered_still,exact_ranges,1,38,1.463296,0.0106
10000,staggered_still,exact_ranges,1,39,1.093632,0.0148
10000,staggered_still,bounded_linked,2,0,1.055744,0.0063
10000,staggered_still,bounded_linked,2,1,1.138688,0.0105
10000,staggered_still,bounded_linked,2,2,0.974848,0.0056
10000,staggered_still,bounded_linked,2,3,0.986112,0.0047
10000,staggered_still,bounded_linked,2,4,1.150976,0.0051
10000,staggered_still,bounded_linked,2,5,1.14176,0.0057
10000,staggered_still,bounded_linked,2,6,0.9728,0.0051
10000,staggered_still,bounded_linked,2,7,0.982016,0.0053
10000,staggered_still,bounded_linked,2,8,1.148928,0.0051
10000,staggered_still,bounded_linked,2,9,0.984064,0.0049
10000,staggered_still,bounded_linked,2,10,1.112064,0.0059
10000,staggered_still,bounded_linked,2,11,0.989184,0.0047
10000,staggered_still,bounded_linked,2,12,1.363968,0.0045
10000,staggered_still,bounded_linked,2,13,1.02912,0.0057
10000,staggered_still,bounded_linked,2,14,0.968704,0.0044
10000,staggered_still,bounded_linked,2,15,1.211392,0.0053
10000,staggered_still,bounded_linked,2,16,1.196032,0.0044
10000,staggered_still,bounded_linked,2,17,1.005568,0.0044
10000,staggered_still,bounded_linked,2,18,0.964608,0.0047
10000,staggered_still,bounded_linked,2,19,1.179648,0.006
10000,staggered_still,bounded_linked,2,20,1.13664,0.0046
10000,staggered_still,bounded_linked,2,21,0.964608,0.0043
10000,staggered_still,bounded_linked,2,22,0.987136,0.0053
10000,staggered_still,bounded_linked,2,23,1.15712,0.0045
10000,staggered_still,bounded_linked,2,24,1.130496,0.0046
10000,staggered_still,bounded_linked,2,25,0.968704,0.0054
10000,staggered_still,bounded_linked,2,26,0.98304,0.0045
10000,staggered_still,bounded_linked,2,27,1.159168,0.0047
10000,staggered_still,bounded_linked,2,28,1.119232,0.0046
10000,staggered_still,bounded_linked,2,29,0.948224,0.0046
10000,staggered_still,bounded_linked,2,30,0.970752,0.0055
10000,staggered_still,bounded_linked,2,31,1.13152,0.0051
10000,staggered_still,bounded_linked,2,32,0.965632,0.0058
10000,staggered_still,bounded_linked,2,33,1.101824,0.0044
10000,staggered_still,bounded_linked,2,34,1.005568,0.0053
10000,staggered_still,bounded_linked,2,35,1.144832,0.0047
10000,staggered_still,bounded_linked,2,36,1.180672,0.0048
10000,staggered_still,bounded_linked,2,37,0.973824,0.0046
10000,staggered_still,bounded_linked,2,38,1.002496,0.0045
10000,staggered_still,bounded_linked,2,39,1.169408,0.0084
10000,staggered_still,exact_ranges,2,0,1.323008,0.0268
10000,staggered_still,exact_ranges,2,1,1.073152,0.0109
10000,staggered_still,exact_ranges,2,2,1.087488,0.0142
10000,staggered_still,exact_ranges,2,3,1.50528,0.0085
10000,staggered_still,exact_ranges,2,4,1.08032,0.0088
10000,staggered_still,exact_ranges,2,5,1.071104,0.0085
10000,staggered_still,exact_ranges,2,6,1.342464,0.0082
10000,staggered_still,exact_ranges,2,7,1.088512,0.0082
10000,staggered_still,exact_ranges,2,8,1.248256,0.0089
10000,staggered_still,exact_ranges,2,9,1.079296,0.0098
10000,staggered_still,exact_ranges,2,10,1.363968,0.0083
10000,staggered_still,exact_ranges,2,11,1.301504,0.0088
10000,staggered_still,exact_ranges,2,12,1.093632,0.0094
10000,staggered_still,exact_ranges,2,13,1.283072,0.0066
10000,staggered_still,exact_ranges,2,14,1.229824,0.009
10000,staggered_still,exact_ranges,2,15,1.081344,0.009
10000,staggered_still,exact_ranges,2,16,1.2544,0.0089
10000,staggered_still,exact_ranges,2,17,1.263616,0.01
10000,staggered_still,exact_ranges,2,18,1.09056,0.0091
10000,staggered_still,exact_ranges,2,19,1.068032,0.0081
10000,staggered_still,exact_ranges,2,20,1.293312,0.0081
10000,staggered_still,exact_ranges,2,21,1.245184,0.0085
10000,staggered_still,exact_ranges,2,22,1.094656,0.0079
10000,staggered_still,exact_ranges,2,23,1.261568,0.0085
10000,staggered_still,exact_ranges,2,24,1.079296,0.0073
10000,staggered_still,exact_ranges,2,25,1.092608,0.0085
10000,staggered_still,exact_ranges,2,26,1.226752,0.0083
10000,staggered_still,exact_ranges,2,27,1.271808,0.0089
10000,staggered_still,exact_ranges,2,28,1.227776,0.0087
10000,staggered_still,exact_ranges,2,29,1.101824,0.0084
10000,staggered_still,exact_ranges,2,30,1.089536,0.0086
10000,staggered_still,exact_ranges,2,31,1.284096,0.0089
10000,staggered_still,exact_ranges,2,32,1.245184,0.0087
10000,staggered_still,exact_ranges,2,33,1.069056,0.0087
10000,staggered_still,exact_ranges,2,34,1.378304,0.0083
10000,staggered_still,exact_ranges,2,35,1.256448,0.0084
10000,staggered_still,exact_ranges,2,36,1.132544,0.0084
10000,staggered_still,exact_ranges,2,37,1.319936,0.008
10000,staggered_still,exact_ranges,2,38,1.24928,0.0076
10000,staggered_still,exact_ranges,2,39,1.132544,0.0101
10000,staggered_still,linked,2,0,1.161216,0.0077
10000,staggered_still,linked,2,1,0.984064,0.0059
10000,staggered_still,linked,2,2,1.112064,0.0048
10000,staggered_still,linked,2,3,0.98816,0.0052
10000,staggered_still,linked,2,4,1.175552,0.0053
10000,staggered_still,linked,2,5,0.963584,0.0049
10000,staggered_still,linked,2,6,1.099776,0.0159
10000,staggered_still,linked,2,7,0.92672,0.002
10000,staggered_still,linked,2,8,1.205248,0.003
10000,staggered_still,linked,2,9,0.95744,0.0027
10000,staggered_still,linked,2,10,1.152,0.0033
10000,staggered_still,linked,2,11,0.94208,0.0024
10000,staggered_still,linked,2,12,1.133568,0.0021
10000,staggered_still,linked,2,13,0.96256,0.0023
10000,staggered_still,linked,2,14,1.112064,0.0027
10000,staggered_still,linked,2,15,0.943104,0.0022
10000,staggered_still,linked,2,16,1.217536,0.0021
10000,staggered_still,linked,2,17,1.137664,0.0061
10000,staggered_still,linked,2,18,0.996352,0.0033
10000,staggered_still,linked,2,19,0.953344,0.0019
10000,staggered_still,linked,2,20,1.150976,0.0025
10000,staggered_still,linked,2,21,1.120256,0.0037
10000,staggered_still,linked,2,22,0.964608,0.0122
10000,staggered_still,linked,2,23,0.951296,0.0047
10000,staggered_still,linked,2,24,1.130496,0.0051
10000,staggered_still,linked,2,25,0.950272,0.0059
10000,staggered_still,linked,2,26,1.102848,0.0046
10000,staggered_still,linked,2,27,0.979968,0.0048
10000,staggered_still,linked,2,28,1.130496,0.006
10000,staggered_still,linked,2,29,1.170432,0.0044
10000,staggered_still,linked,2,30,0.95232,0.0055
10000,staggered_still,linked,2,31,0.956416,0.0045
10000,staggered_still,linked,2,32,1.125376,0.0048
10000,staggered_still,linked,2,33,1.107968,0.0049
10000,staggered_still,linked,2,34,0.944128,0.0049
10000,staggered_still,linked,2,35,0.965632,0.0108
10000,staggered_still,linked,2,36,1.18272,0.0048
10000,staggered_still,linked,2,37,1.189888,0.0056
10000,staggered_still,linked,2,38,0.953344,0.0043
10000,staggered_still,linked,2,39,0.961536,0.0057
10000,staggered_still,exact_ranges,3,0,1.13152,0.0085
10000,staggered_still,exact_ranges,3,1,1.534976,0.0075
10000,staggered_still,exact_ranges,3,2,1.09056,0.0076
10000,staggered_still,exact_ranges,3,3,1.11616,0.0082
10000,staggered_still,exact_ranges,3,4,1.3568,0.0117
10000,staggered_still,exact_ranges,3,5,1.22368,0.0165
10000,staggered_still,exact_ranges,3,6,1.079296,0.0082
10000,staggered_still,exact_ranges,3,7,1.263616,0.0076
10000,staggered_still,exact_ranges,3,8,1.27488,0.0132
10000,staggered_still,exact_ranges,3,9,1.13152,0.0081
10000,staggered_still,exact_ranges,3,10,1.069056,0.0081
10000,staggered_still,exact_ranges,3,11,1.286144,0.0074
10000,staggered_still,exact_ranges,3,12,1.2288,0.0076
10000,staggered_still,exact_ranges,3,13,1.061888,0.0083
10000,staggered_still,exact_ranges,3,14,1.23904,0.0079
10000,staggered_still,exact_ranges,3,15,1.333248,0.0072
10000,staggered_still,exact_ranges,3,16,1.078272,0.0126
10000,staggered_still,exact_ranges,3,17,1.073152,0.0075
10000,staggered_still,exact_ranges,3,18,1.26464,0.0078
10000,staggered_still,exact_ranges,3,19,1.061888,0.0077
10000,staggered_still,exact_ranges,3,20,1.240064,0.0071
10000,staggered_still,exact_ranges,3,21,1.287168,0.0124
10000,staggered_still,exact_ranges,3,22,1.302528,0.0076
10000,staggered_still,exact_ranges,3,23,1.091584,0.0076
10000,staggered_still,exact_ranges,3,24,1.068032,0.0075
10000,staggered_still,exact_ranges,3,25,1.24928,0.0084
10000,staggered_still,exact_ranges,3,26,1.226752,0.0082
10000,staggered_still,exact_ranges,3,27,1.08544,0.0081
10000,staggered_still,exact_ranges,3,28,1.084416,0.0087
10000,staggered_still,exact_ranges,3,29,1.342464,0.0088
10000,staggered_still,exact_ranges,3,30,1.230848,0.0084
10000,staggered_still,exact_ranges,3,31,1.076224,0.0077
10000,staggered_still,exact_ranges,3,32,1.340416,0.0078
10000,staggered_still,exact_ranges,3,33,1.23904,0.0103
10000,staggered_still,exact_ranges,3,34,1.107968,0.0126
10000,staggered_still,exact_ranges,3,35,1.267712,0.008
10000,staggered_still,exact_ranges,3,36,1.24928,0.0077
10000,staggered_still,exact_ranges,3,37,1.088512,0.0206
10000,staggered_still,exact_ranges,3,38,1.0752,0.0078
10000,staggered_still,exact_ranges,3,39,1.261568,0.0075
10000,staggered_still,linked,3,0,1.156096,0.0052
10000,staggered_still,linked,3,1,0.949248,0.0049
10000,staggered_still,linked,3,2,1.185792,0.0053
10000,staggered_still,linked,3,3,1.021952,0.0043
10000,staggered_still,linked,3,4,1.112064,0.005
10000,staggered_still,linked,3,5,0.940032,0.004
10000,staggered_still,linked,3,6,1.155072,0.0043
10000,staggered_still,linked,3,7,0.956416,0.0051
10000,staggered_still,linked,3,8,1.104896,0.0046
10000,staggered_still,linked,3,9,0.933888,0.005
10000,staggered_still,linked,3,10,1.173504,0.0053
10000,staggered_still,linked,3,11,0.96256,0.0054
10000,staggered_still,linked,3,12,1.118208,0.006
10000,staggered_still,linked,3,13,0.953344,0.0054
10000,staggered_still,linked,3,14,1.148928,0.0057
10000,staggered_still,linked,3,15,0.96256,0.0049
10000,staggered_still,linked,3,16,1.118208,0.0051
10000,staggered_still,linked,3,17,0.944128,0.0057
10000,staggered_still,linked,3,18,1.13152,0.0063
10000,staggered_still,linked,3,19,1.016832,0.0069
10000,staggered_still,linked,3,20,0.953344,0.0061
10000,staggered_still,linked,3,21,1.155072,0.0054
10000,staggered_still,linked,3,22,1.138688,0.005
10000,staggered_still,linked,3,23,0.968704,0.004
10000,staggered_still,linked,3,24,1.102848,0.0049
10000,staggered_still,linked,3,25,0.953344,0.0042
10000,staggered_still,linked,3,26,1.132544,0.0043
10000,staggered_still,linked,3,27,0.964608,0.0105
10000,staggered_still,linked,3,28,1.101824,0.0052
10000,staggered_still,linked,3,29,0.960512,0.0038
10000,staggered_still,linked,3,30,0.954368,0.0049
10000,staggered_still,linked,3,31,1.195008,0.0039
10000,staggered_still,linked,3,32,1.114112,0.0042
10000,staggered_still,linked,3,33,0.95232,0.0038
10000,staggered_still,linked,3,34,1.179648,0.0045
10000,staggered_still,linked,3,35,0.966656,0.004
10000,staggered_still,linked,3,36,1.108992,0.0043
10000,staggered_still,linked,3,37,0.920576,0.0079
10000,staggered_still,linked,3,38,1.18272,0.004
10000,staggered_still,linked,3,39,1.112064,0.0042
10000,staggered_still,bounded_linked,3,0,1.164288,0.0081
10000,staggered_still,bounded_linked,3,1,1.002496,0.0072
10000,staggered_still,bounded_linked,3,2,1.364992,0.0053
10000,staggered_still,bounded_linked,3,3,1.019904,0.0045
10000,staggered_still,bounded_linked,3,4,0.974848,0.0046
10000,staggered_still,bounded_linked,3,5,1.19808,0.0048
10000,staggered_still,bounded_linked,3,6,1.20832,0.0054
10000,staggered_still,bounded_linked,3,7,0.974848,0.0129
10000,staggered_still,bounded_linked,3,8,0.978944,0.0035
10000,staggered_still,bounded_linked,3,9,1.15712,0.0035
10000,staggered_still,bounded_linked,3,10,1.13152,0.0041
10000,staggered_still,bounded_linked,3,11,0.963584,0.0045
10000,staggered_still,bounded_linked,3,12,0.985088,0.0048
10000,staggered_still,bounded_linked,3,13,1.164288,0.0029
10000,staggered_still,bounded_linked,3,14,1.137664,0.0024
10000,staggered_still,bounded_linked,3,15,0.96768,0.0043
10000,staggered_still,bounded_linked,3,16,0.986112,0.0037
10000,staggered_still,bounded_linked,3,17,1.165312,0.0046
10000,staggered_still,bounded_linked,3,18,1.186816,0.0084
10000,staggered_still,bounded_linked,3,19,0.96256,0.0047
10000,staggered_still,bounded_linked,3,20,0.9984,0.0059
10000,staggered_still,bounded_linked,3,21,1.161216,0.0055
10000,staggered_still,bounded_linked,3,22,0.963584,0.0055
10000,staggered_still,bounded_linked,3,23,1.153024,0.0052
10000,staggered_still,bounded_linked,3,24,0.970752,0.0052
10000,staggered_still,bounded_linked,3,25,1.163264,0.005
10000,staggered_still,bounded_linked,3,26,1.129472,0.0051
10000,staggered_still,bounded_linked,3,27,0.989184,0.0042
10000,staggered_still,bounded_linked,3,28,1.137664,0.0053
10000,staggered_still,bounded_linked,3,29,1.041408,0.0053
10000,staggered_still,bounded_linked,3,30,1.12128,0.0057
10000,staggered_still,bounded_linked,3,31,0.97792,0.0052
10000,staggered_still,bounded_linked,3,32,0.982016,0.0046
10000,staggered_still,bounded_linked,3,33,1.215488,0.0089
10000,staggered_still,bounded_linked,3,34,1.1264,0.0045
10000,staggered_still,bounded_linked,3,35,0.984064,0.005
10000,staggered_still,bounded_linked,3,36,1.21856,0.0044
10000,staggered_still,bounded_linked,3,37,1.202176,0.005
10000,staggered_still,bounded_linked,3,38,1.007616,0.0045
10000,staggered_still,bounded_linked,3,39,1.014784,0.0046
10000,staggered_driven,linked,1,0,1.256448,0.0079
10000,staggered_driven,linked,1,1,1.017856,0.0067
10000,staggered_driven,linked,1,2,1.166336,0.0045
10000,staggered_driven,linked,1,3,1.2544,0.0042
10000,staggered_driven,linked,1,4,1.028096,0.0057
10000,staggered_driven,linked,1,5,1.178624,0.0056
10000,staggered_driven,linked,1,6,1.022976,0.0053
10000,staggered_driven,linked,1,7,1.227776,0.0055
10000,staggered_driven,linked,1,8,1.180672,0.0057
10000,staggered_driven,linked,1,9,1.030144,0.0055
10000,staggered_driven,linked,1,10,1.01888,0.0045
10000,staggered_driven,linked,1,11,1.217536,0.0052
10000,staggered_driven,linked,1,12,1.180672,0.0047
10000,staggered_driven,linked,1,13,1.053696,0.005
10000,staggered_driven,linked,1,14,1.210368,0.0053
10000,staggered_driven,linked,1,15,1.089536,0.0044
10000,staggered_driven,linked,1,16,1.19808,0.0052
10000,staggered_driven,linked,1,17,1.067008,0.0046
10000,staggered_driven,linked,1,18,1.185792,0.0055
10000,staggered_driven,linked,1,19,1.078272,0.0065
10000,staggered_driven,linked,1,20,1.21856,0.0108
10000,staggered_driven,linked,1,21,1.07008,0.0063
10000,staggered_driven,linked,1,22,1.230848,0.0054
10000,staggered_driven,linked,1,23,1.185792,0.0044
10000,staggered_driven,linked,1,24,1.041408,0.0054
10000,staggered_driven,linked,1,25,1.23904,0.0054
10000,staggered_driven,linked,1,26,1.050624,0.0053
10000,staggered_driven,linked,1,27,1.185792,0.0055
10000,staggered_driven,linked,1,28,1.047552,0.0043
10000,staggered_driven,linked,1,29,1.26464,0.0049
10000,staggered_driven,linked,1,30,1.257472,0.0043
10000,staggered_driven,linked,1,31,1.072128,0.0052
10000,staggered_driven,linked,1,32,1.07008,0.0046
10000,staggered_driven,linked,1,33,1.451008,0.0048
10000,staggered_driven,linked,1,34,1.050624,0.0041
10000,staggered_driven,linked,1,35,1.01376,0.0048
10000,staggered_driven,linked,1,36,1.2544,0.0064
10000,staggered_driven,linked,1,37,0.963584,0.0065
10000,staggered_driven,linked,1,38,1.19808,0.0034
10000,staggered_driven,linked,1,39,1.025024,0.0057
10000,staggered_driven,bounded_linked,1,0,1.078272,0.017
10000,staggered_driven,bounded_linked,1,1,1.196032,0.0087
10000,staggered_driven,bounded_linked,1,2,1.215488,0.0065
10000,staggered_driven,bounded_linked,1,3,1.222656,0.0065
10000,staggered_driven,bounded_linked,1,4,1.062912,0.0064
10000,staggered_driven,bounded_linked,1,5,1.040384,0.0051
10000,staggered_driven,bounded_linked,1,6,1.2544,0.0106
10000,staggered_driven,bounded_linked,1,7,1.206272,0.0068
10000,staggered_driven,bounded_linked,1,8,1.060864,0.0064
10000,staggered_driven,bounded_linked,1,9,1.2032,0.0061
10000,staggered_driven,bounded_linked,1,10,1.079296,0.0061
10000,staggered_driven,bounded_linked,1,11,1.201152,0.0063
10000,staggered_driven,bounded_linked,1,12,1.030144,0.0097
10000,staggered_driven,bounded_linked,1,13,1.258496,0.0065
10000,staggered_driven,bounded_linked,1,14,1.063936,0.0061
10000,staggered_driven,bounded_linked,1,15,1.245184,0.006
10000,staggered_driven,bounded_linked,1,16,1.1008,0.0054
10000,staggered_driven,bounded_linked,1,17,1.411072,0.0063
10000,staggered_driven,bounded_linked,1,18,1.068032,0.0058
10000,staggered_driven,bounded_linked,1,19,1.056768,0.0062
10000,staggered_driven,bounded_linked,1,20,1.260544,0.0059
10000,staggered_driven,bounded_linked,1,21,1.067008,0.005
10000,staggered_driven,bounded_linked,1,22,1.241088,0.0063
10000,staggered_driven,bounded_linked,1,23,1.06496,0.0072
10000,staggered_driven,bounded_linked,1,24,1.3056,0.0055
10000,staggered_driven,bounded_linked,1,25,1.224704,0.0061
10000,staggered_driven,bounded_linked,1,26,1.057792,0.0063
10000,staggered_driven,bounded_linked,1,27,1.309696,0.0055
10000,staggered_driven,bounded_linked,1,28,1.205248,0.0061
10000,staggered_driven,bounded_linked,1,29,1.071104,0.0063
10000,staggered_driven,bounded_linked,1,30,1.061888,0.0056
10000,staggered_driven,bounded_linked,1,31,1.29536,0.0055
10000,staggered_driven,bounded_linked,1,32,1.251328,0.0054
10000,staggered_driven,bounded_linked,1,33,1.071104,0.0053
10000,staggered_driven,bounded_linked,1,34,1.24416,0.0097
10000,staggered_driven,bounded_linked,1,35,1.08544,0.0068
10000,staggered_driven,bounded_linked,1,36,1.052672,0.0059
10000,staggered_driven,bounded_linked,1,37,1.186816,0.005
10000,staggered_driven,bounded_linked,1,38,1.214464,0.0057
10000,staggered_driven,bounded_linked,1,39,1.211392,0.0054
10000,staggered_driven,exact_ranges,1,0,1.160192,0.0087
10000,staggered_driven,exact_ranges,1,1,1.144832,0.0083
10000,staggered_driven,exact_ranges,1,2,1.342464,0.012
10000,staggered_driven,exact_ranges,1,3,1.155072,0.0081
10000,staggered_driven,exact_ranges,1,4,1.309696,0.0076
10000,staggered_driven,exact_ranges,1,5,1.357824,0.0081
10000,staggered_driven,exact_ranges,1,6,1.350656,0.008
10000,staggered_driven,exact_ranges,1,7,1.164288,0.0108
10000,staggered_driven,exact_ranges,1,8,1.32608,0.0081
10000,staggered_driven,exact_ranges,1,9,1.217536,0.0081
10000,staggered_driven,exact_ranges,1,10,1.317888,0.0074
10000,staggered_driven,exact_ranges,1,11,1.154048,0.0074
10000,staggered_driven,exact_ranges,1,12,1.416192,0.0082
10000,staggered_driven,exact_ranges,1,13,1.354752,0.0078
10000,staggered_driven,exact_ranges,1,14,1.205248,0.0084
10000,staggered_driven,exact_ranges,1,15,1.41824,0.0094
10000,staggered_driven,exact_ranges,1,16,1.338368,0.0081
10000,staggered_driven,exact_ranges,1,17,1.214464,0.0079
10000,staggered_driven,exact_ranges,1,18,1.404928,0.008
10000,staggered_driven,exact_ranges,1,19,1.330176,0.0083
10000,staggered_driven,exact_ranges,1,20,1.190912,0.0073
10000,staggered_driven,exact_ranges,1,21,1.373184,0.0083
10000,staggered_driven,exact_ranges,1,22,1.186816,0.0125
10000,staggered_driven,exact_ranges,1,23,1.34656,0.0076
10000,staggered_driven,exact_ranges,1,24,1.359872,0.008
10000,staggered_driven,exact_ranges,1,25,1.378304,0.0132
10000,staggered_driven,exact_ranges,1,26,1.1776,0.008
10000,staggered_driven,exact_ranges,1,27,1.174528,0.0081
10000,staggered_driven,exact_ranges,1,28,1.395712,0.0078
10000,staggered_driven,exact_ranges,1,29,1.339392,0.0081
10000,staggered_driven,exact_ranges,1,30,1.165312,0.0074
10000,staggered_driven,exact_ranges,1,31,1.396736,0.045
10000,staggered_driven,exact_ranges,1,32,1.36192,0.0064
10000,staggered_driven,exact_ranges,1,33,1.188864,0.0074
10000,staggered_driven,exact_ranges,1,34,1.36704,0.0066
10000,staggered_driven,exact_ranges,1,35,1.293312,0.0229
10000,staggered_driven,exact_ranges,1,36,1.176576,0.0158
10000,staggered_driven,exact_ranges,1,37,1.179648,0.0044
10000,staggered_driven,exact_ranges,1,38,1.564672,0.0047
10000,staggered_driven,exact_ranges,1,39,1.166336,0.0043
10000,staggered_driven,bounded_linked,2,0,1.057792,0.0137
10000,staggered_driven,bounded_linked,2,1,1.200128,0.0057
10000,staggered_driven,bounded_linked,2,2,1.042432,0.0053
10000,staggered_driven,bounded_linked,2,3,1.29024,0.0051
10000,staggered_driven,bounded_linked,2,4,1.193984,0.0055
10000,staggered_driven,bounded_linked,2,5,1.060864,0.0052
10000,staggered_driven,bounded_linked,2,6,1.277952,0.0055
10000,staggered_driven,bounded_linked,2,7,1.0496,0.0053
10000,staggered_driven,bounded_linked,2,8,1.211392,0.005
10000,staggered_driven,bounded_linked,2,9,1.031168,0.0057
10000,staggered_driven,bounded_linked,2,10,1.240064,0.0049
10000,staggered_driven,bounded_linked,2,11,1.195008,0.0059
10000,staggered_driven,bounded_linked,2,12,1.056768,0.0052
10000,staggered_driven,bounded_linked,2,13,1.073152,0.0049
10000,staggered_driven,bounded_linked,2,14,1.236992,0.0051
10000,staggered_driven,bounded_linked,2,15,1.072128,0.0054
10000,staggered_driven,bounded_linked,2,16,1.22368,0.0053
10000,staggered_driven,bounded_linked,2,17,1.271808,0.0056
10000,staggered_driven,bounded_linked,2,18,1.21856,0.0049
10000,staggered_driven,bounded_linked,2,19,1.076224,0.0086
10000,staggered_driven,bounded_linked,2,20,1.076224,0.006
10000,staggered_driven,bounded_linked,2,21,1.229824,0.0057
10000,staggered_driven,bounded_linked,2,22,1.06496,0.0051
10000,staggered_driven,bounded_linked,2,23,1.211392,0.0054
10000,staggered_driven,bounded_linked,2,24,1.261568,0.0053
10000,staggered_driven,bounded_linked,2,25,1.073152,0.0049
10000,staggered_driven,bounded_linked,2,26,1.232896,0.0051
10000,staggered_driven,bounded_linked,2,27,1.063936,0.0051
10000,staggered_driven,bounded_linked,2,28,1.241088,0.005
10000,staggered_driven,bounded_linked,2,29,1.217536,0.0056
10000,staggered_driven,bounded_linked,2,30,1.058816,0.0052
10000,staggered_driven,bounded_linked,2,31,1.106944,0.0051
10000,staggered_driven,bounded_linked,2,32,1.476608,0.0056
10000,staggered_driven,bounded_linked,2,33,1.089536,0.0069
10000,staggered_driven,bounded_linked,2,34,1.048576,0.0057
10000,staggered_driven,bounded_linked,2,35,1.251328,0.0064
10000,staggered_driven,bounded_linked,2,36,1.05472,0.005
10000,staggered_driven,bounded_linked,2,37,1.025024,0.0052
10000,staggered_driven,bounded_linked,2,38,1.216512,0.0049
10000,staggered_driven,bounded_linked,2,39,1.3824,0.0049
10000,staggered_driven,exact_ranges,2,0,1.363968,0.0104
10000,staggered_driven,exact_ranges,2,1,1.164288,0.0089
10000,staggered_driven,exact_ranges,2,2,1.325056,0.0074
10000,staggered_driven,exact_ranges,2,3,1.190912,0.0078
10000,staggered_driven,exact_ranges,2,4,1.190912,0.0082
10000,staggered_driven,exact_ranges,2,5,1.308672,0.008
10000,staggered_driven,exact_ranges,2,6,1.537024,0.0072
10000,staggered_driven,exact_ranges,2,7,1.179648,0.0076
10000,staggered_driven,exact_ranges,2,8,1.158144,0.0073
10000,staggered_driven,exact_ranges,2,9,1.353728,0.0076
10000,staggered_driven,exact_ranges,2,10,1.158144,0.0119
10000,staggered_driven,exact_ranges,2,11,1.332224,0.0079
10000,staggered_driven,exact_ranges,2,12,1.349632,0.0076
10000,staggered_driven,exact_ranges,2,13,1.319936,0.0076
10000,staggered_driven,exact_ranges,2,14,1.201152,0.0079
10000,staggered_driven,exact_ranges,2,15,1.371136,0.0077
10000,staggered_driven,exact_ranges,2,16,1.359872,0.0082
10000,staggered_driven,exact_ranges,2,17,1.173504,0.0119
10000,staggered_driven,exact_ranges,2,18,1.20832,0.0162
10000,staggered_driven,exact_ranges,2,19,1.675264,0.008
10000,staggered_driven,exact_ranges,2,20,1.163264,0.0075
10000,staggered_driven,exact_ranges,2,21,1.183744,0.007
10000,staggered_driven,exact_ranges,2,22,1.44384,0.008
10000,staggered_driven,exact_ranges,2,23,1.206272,0.0073
10000,staggered_driven,exact_ranges,2,24,1.332224,0.008
10000,staggered_driven,exact_ranges,2,25,1.585152,0.0081
10000,staggered_driven,exact_ranges,2,26,1.2032,0.0073
10000,staggered_driven,exact_ranges,2,27,1.188864,0.0077
10000,staggered_driven,exact_ranges,2,28,1.360896,0.0077
10000,staggered_driven,exact_ranges,2,29,1.195008,0.0081
10000,staggered_driven,exact_ranges,2,30,1.373184,0.0075
10000,staggered_driven,exact_ranges,2,31,1.364992,0.0083
10000,staggered_driven,exact_ranges,2,32,1.3312,0.0076
10000,staggered_driven,exact_ranges,2,33,1.185792,0.0078
10000,staggered_driven,exact_ranges,2,34,1.3312,0.0123
10000,staggered_driven,exact_ranges,2,35,1.188864,0.0071
10000,staggered_driven,exact_ranges,2,36,1.283072,0.0084
10000,staggered_driven,exact_ranges,2,37,1.16736,0.0064
10000,staggered_driven,exact_ranges,2,38,1.384448,0.0085
10000,staggered_driven,exact_ranges,2,39,1.32096,0.0072
10000,staggered_driven,linked,2,0,1.024,0.0082
10000,staggered_driven,linked,2,1,1.22368,0.0067
10000,staggered_driven,linked,2,2,1.184768,0.0049
10000,staggered_driven,linked,2,3,1.027072,0.0043
10000,staggered_driven,linked,2,4,1.170432,0.0048
10000,staggered_driven,linked,2,5,1.062912,0.0048
10000,staggered_driven,linked,2,6,1.191936,0.0047
10000,staggered_driven,linked,2,7,1.040384,0.0042
10000,staggered_driven,linked,2,8,1.214464,0.0051
10000,staggered_driven,linked,2,9,1.189888,0.0043
10000,staggered_driven,linked,2,10,1.015808,0.0052
10000,staggered_driven,linked,2,11,1.024,0.0041
10000,staggered_driven,linked,2,12,1.3056,0.0046
10000,staggered_driven,linked,2,13,1.202176,0.0043
10000,staggered_driven,linked,2,14,1.047552,0.0054
10000,staggered_driven,linked,2,15,1.288192,0.0053
10000,staggered_driven,linked,2,16,1.084416,0.0041
10000,staggered_driven,linked,2,17,1.08032,0.0049
10000,staggered_driven,linked,2,18,1.18272,0.0174
10000,staggered_driven,linked,2,19,1.245184,0.0094
10000,staggered_driven,linked,2,20,1.21344,0.006
10000,staggered_driven,linked,2,21,1.042432,0.0049
10000,staggered_driven,linked,2,22,1.215488,0.0047
10000,staggered_driven,linked,2,23,1.081344,0.0044
10000,staggered_driven,linked,2,24,1.199104,0.0053
10000,staggered_driven,linked,2,25,1.050624,0.0044
10000,staggered_driven,linked,2,26,1.21856,0.0052
10000,staggered_driven,linked,2,27,1.195008,0.0051
10000,staggered_driven,linked,2,28,1.042432,0.0041
10000,staggered_driven,linked,2,29,1.025024,0.0055
10000,staggered_driven,linked,2,30,1.23392,0.0051
10000,staggered_driven,linked,2,31,1.209344,0.0051
10000,staggered_driven,linked,2,32,1.069056,0.0041
10000,staggered_driven,linked,2,33,1.0496,0.0045
10000,staggered_driven,linked,2,34,1.229824,0.0047
10000,staggered_driven,linked,2,35,1.176576,0.0043
10000,staggered_driven,linked,2,36,1.052672,0.0045
10000,staggered_driven,linked,2,37,1.129472,0.0056
10000,staggered_driven,linked,2,38,1.03424,0.0054
10000,staggered_driven,linked,2,39,1.02912,0.0049
10000,staggered_driven,exact_ranges,3,0,1.174528,0.0085
10000,staggered_driven,exact_ranges,3,1,1.170432,0.0079
10000,staggered_driven,exact_ranges,3,2,1.580032,0.0077
10000,staggered_driven,exact_ranges,3,3,1.197056,0.0078
10000,staggered_driven,exact_ranges,3,4,1.404928,0.0074
10000,staggered_driven,exact_ranges,3,5,1.174528,0.0077
10000,staggered_driven,exact_ranges,3,6,1.174528,0.0077
10000,staggered_driven,exact_ranges,3,7,1.358848,0.0076
10000,staggered_driven,exact_ranges,3,8,1.529856,0.0077
10000,staggered_driven,exact_ranges,3,9,1.152,0.0127
10000,staggered_driven,exact_ranges,3,10,1.133568,0.0086
10000,staggered_driven,exact_ranges,3,11,1.378304,0.0081
10000,staggered_driven,exact_ranges,3,12,1.165312,0.0082
10000,staggered_driven,exact_ranges,3,13,1.33632,0.0071
10000,staggered_driven,exact_ranges,3,14,1.398784,0.0081
10000,staggered_driven,exact_ranges,3,15,1.364992,0.0075
10000,staggered_driven,exact_ranges,3,16,1.1776,0.0078
10000,staggered_driven,exact_ranges,3,17,1.34656,0.008
10000,staggered_driven,exact_ranges,3,18,1.229824,0.0079
10000,staggered_driven,exact_ranges,3,19,1.378304,0.0078
10000,staggered_driven,exact_ranges,3,20,1.185792,0.0077
10000,staggered_driven,exact_ranges,3,21,1.391616,0.0116
10000,staggered_driven,exact_ranges,3,22,1.384448,0.0077
10000,staggered_driven,exact_ranges,3,23,1.195008,0.0076
10000,staggered_driven,exact_ranges,3,24,1.3568,0.0075
10000,staggered_driven,exact_ranges,3,25,1.200128,0.0076
10000,staggered_driven,exact_ranges,3,26,1.345536,0.0071
10000,staggered_driven,exact_ranges,3,27,1.442816,0.0075
10000,staggered_driven,exact_ranges,3,28,1.343488,0.0077
10000,staggered_driven,exact_ranges,3,29,1.179648,0.0076
10000,staggered_driven,exact_ranges,3,30,1.462272,0.0132
10000,staggered_driven,exact_ranges,3,31,1.2032,0.0112
10000,staggered_driven,exact_ranges,3,32,1.338368,0.0082
10000,staggered_driven,exact_ranges,3,33,1.379328,0.0073
10000,staggered_driven,exact_ranges,3,34,1.32608,0.0073
10000,staggered_driven,exact_ranges,3,35,1.161216,0.0081
10000,staggered_driven,exact_ranges,3,36,1.156096,0.0071
10000,staggered_driven,exact_ranges,3,37,1.335296,0.0079
10000,staggered_driven,exact_ranges,3,38,1.349632,0.0081
10000,staggered_driven,exact_ranges,3,39,1.166336,0.0089
10000,staggered_driven,linked,3,0,1.205248,0.0271
10000,staggered_driven,linked,3,1,1.015808,0.0086
10000,staggered_driven,linked,3,2,1.010688,0.0096
10000,staggered_driven,linked,3,3,1.19808,0.0096
10000,staggered_driven,linked,3,4,1.017856,0.0077
10000,staggered_driven,linked,3,5,1.191936,0.0085
10000,staggered_driven,linked,3,6,1.186816,0.0084
10000,staggered_driven,linked,3,7,1.071104,0.0123
10000,staggered_driven,linked,3,8,1.178624,0.0092
10000,staggered_driven,linked,3,9,1.040384,0.0084
10000,staggered_driven,linked,3,10,1.195008,0.0085
10000,staggered_driven,linked,3,11,1.188864,0.0229
10000,staggered_driven,linked,3,12,1.012736,0.0086
10000,staggered_driven,linked,3,13,1.056768,0.0091
10000,staggered_driven,linked,3,14,1.238016,0.008
10000,staggered_driven,linked,3,15,1.247232,0.0082
10000,staggered_driven,linked,3,16,1.0496,0.0086
10000,staggered_driven,linked,3,17,1.073152,0.008
10000,staggered_driven,linked,3,18,1.18272,0.0073
10000,staggered_driven,linked,3,19,1.076224,0.0083
10000,staggered_driven,linked,3,20,1.221632,0.0078
10000,staggered_driven,linked,3,21,1.294336,0.0067
10000,staggered_driven,linked,3,22,1.215488,0.0088
10000,staggered_driven,linked,3,23,1.040384,0.008
10000,staggered_driven,linked,3,24,1.047552,0.0075
10000,staggered_driven,linked,3,25,1.287168,0.0083
10000,staggered_driven,linked,3,26,1.045504,0.0069
10000,staggered_driven,linked,3,27,1.190912,0.0079
10000,staggered_driven,linked,3,28,1.22368,0.0075
10000,staggered_driven,linked,3,29,1.193984,0.0088
10000,staggered_driven,linked,3,30,1.058816,0.0077
10000,staggered_driven,linked,3,31,1.047552,0.0181
10000,staggered_driven,linked,3,32,1.243136,0.0033
10000,staggered_driven,linked,3,33,1.207296,0.0033
10000,staggered_driven,linked,3,34,1.050624,0.0063
10000,staggered_driven,linked,3,35,1.021952,0.0054
10000,staggered_driven,linked,3,36,1.24416,0.0051
10000,staggered_driven,linked,3,37,1.130496,0.0053
10000,staggered_driven,linked,3,38,1.033216,0.0048
10000,staggered_driven,linked,3,39,1.033216,0.0052
10000,staggered_driven,bounded_linked,3,0,1.212416,0.0154
10000,staggered_driven,bounded_linked,3,1,1.04448,0.0135
10000,staggered_driven,bounded_linked,3,2,1.22368,0.01
10000,staggered_driven,bounded_linked,3,3,1.232896,0.0088
10000,staggered_driven,bounded_linked,3,4,1.0496,0.0059
10000,staggered_driven,bounded_linked,3,5,1.02912,0.005
10000,staggered_driven,bounded_linked,3,6,1.260544,0.0057
10000,staggered_driven,bounded_linked,3,7,1.201152,0.005
10000,staggered_driven,bounded_linked,3,8,1.062912,0.0053
10000,staggered_driven,bounded_linked,3,9,1.229824,0.005
10000,staggered_driven,bounded_linked,3,10,1.226752,0.0049
10000,staggered_driven,bounded_linked,3,11,1.042432,0.0053
10000,staggered_driven,bounded_linked,3,12,1.037312,0.0057
10000,staggered_driven,bounded_linked,3,13,1.245184,0.0056
10000,staggered_driven,bounded_linked,3,14,1.05984,0.0051
10000,staggered_driven,bounded_linked,3,15,1.252352,0.0049
10000,staggered_driven,bounded_linked,3,16,1.088512,0.0056
10000,staggered_driven,bounded_linked,3,17,1.480704,0.0119
10000,staggered_driven,bounded_linked,3,18,1.0752,0.0049
10000,staggered_driven,bounded_linked,3,19,1.05984,0.0052
10000,staggered_driven,bounded_linked,3,20,1.304576,0.0049
10000,staggered_driven,bounded_linked,3,21,1.058816,0.0049
10000,staggered_driven,bounded_linked,3,22,1.241088,0.005
10000,staggered_driven,bounded_linked,3,23,1.251328,0.0056
10000,staggered_driven,bounded_linked,3,24,1.205248,0.0048
10000,staggered_driven,bounded_linked,3,25,1.081344,0.005
10000,staggered_driven,bounded_linked,3,26,1.046528,0.0057
10000,staggered_driven,bounded_linked,3,27,1.270784,0.0056
10000,staggered_driven,bounded_linked,3,28,1.219584,0.0049
10000,staggered_driven,bounded_linked,3,29,1.07008,0.0047
10000,staggered_driven,bounded_linked,3,30,1.248256,0.0051
10000,staggered_driven,bounded_linked,3,31,1.234944,0.0049
10000,staggered_driven,bounded_linked,3,32,1.099776,0.0055
10000,staggered_driven,bounded_linked,3,33,1.072128,0.0062
10000,staggered_driven,bounded_linked,3,34,1.253376,0.0063
10000,staggered_driven,bounded_linked,3,35,1.052672,0.0056
10000,staggered_driven,bounded_linked,3,36,1.042432,0.0054
10000,staggered_driven,bounded_linked,3,37,1.3568,0.0093
10000,staggered_driven,bounded_linked,3,38,1.241088,0.0049
10000,staggered_driven,bounded_linked,3,39,1.055744,0.0051
65536,aligned_still,linked,1,0,3.362816,0.022
65536,aligned_still,linked,1,1,3.195904,0.0019
65536,aligned_still,linked,1,2,3.376128,0.0023
65536,aligned_still,linked,1,3,3.341312,0.0019
65536,aligned_still,linked,1,4,3.067904,0.0026
65536,aligned_still,linked,1,5,3.089408,0.0033
65536,aligned_still,linked,1,6,3.457024,0.0018
65536,aligned_still,linked,1,7,3.478528,0.0019
65536,aligned_still,linked,1,8,3.19488,0.0022
65536,aligned_still,linked,1,9,3.395584,0.0026
65536,aligned_still,linked,1,10,3.137536,0.003
65536,aligned_still,linked,1,11,3.400704,0.0019
65536,aligned_still,linked,1,12,3.503104,0.0023
65536,aligned_still,linked,1,13,3.264512,0.0028
65536,aligned_still,linked,1,14,3.063808,0.0029
65536,aligned_still,linked,1,15,3.0976,0.0025
65536,aligned_still,linked,1,16,3.267584,0.0017
65536,aligned_still,linked,1,17,3.328,0.002
65536,aligned_still,linked,1,18,3.3536,0.0026
65536,aligned_still,linked,1,19,3.411968,0.0032
65536,aligned_still,linked,1,20,3.300352,0.0023
65536,aligned_still,linked,1,21,3.54304,0.0016
65536,aligned_still,linked,1,22,3.181568,0.0024
65536,aligned_still,linked,1,23,3.492864,0.0031
65536,aligned_still,linked,1,24,2.914304,0.0026
65536,aligned_still,linked,1,25,3.375104,0.003
65536,aligned_still,linked,1,26,3.391488,0.0042
65536,aligned_still,linked,1,27,3.39968,0.0043
65536,aligned_still,linked,1,28,3.085312,0.0058
65536,aligned_still,linked,1,29,3.239936,0.0055
65536,aligned_still,linked,1,30,3.351552,0.003
65536,aligned_still,linked,1,31,3.43552,0.0021
65536,aligned_still,linked,1,32,3.108864,0.0029
65536,aligned_still,linked,1,33,3.283968,0.0032
65536,aligned_still,linked,1,34,3.12832,0.0038
65536,aligned_still,linked,1,35,3.3792,0.0141
65536,aligned_still,linked,1,36,3.515392,0.0076
65536,aligned_still,linked,1,37,3.22048,0.0093
65536,aligned_still,linked,1,38,3.354624,0.0087
65536,aligned_still,linked,1,39,3.224576,0.0082
65536,aligned_still,bounded_linked,1,0,3.232768,0.016
65536,aligned_still,bounded_linked,1,1,3.439616,0.0069
65536,aligned_still,bounded_linked,1,2,3.388416,0.0052
65536,aligned_still,bounded_linked,1,3,3.361792,0.0052
65536,aligned_still,bounded_linked,1,4,3.555328,0.0055
65536,aligned_still,bounded_linked,1,5,3.155968,0.0052
65536,aligned_still,bounded_linked,1,6,3.56864,0.0046
65536,aligned_still,bounded_linked,1,7,3.422208,0.0066
65536,aligned_still,bounded_linked,1,8,3.339264,0.005
65536,aligned_still,bounded_linked,1,9,3.24608,0.0048
65536,aligned_still,bounded_linked,1,10,3.206144,0.0065
65536,aligned_still,bounded_linked,1,11,3.462144,0.0054
65536,aligned_still,bounded_linked,1,12,3.217408,0.0044
65536,aligned_still,bounded_linked,1,13,3.666944,0.005
65536,aligned_still,bounded_linked,1,14,3.325952,0.0043
65536,aligned_still,bounded_linked,1,15,3.196928,0.0051
65536,aligned_still,bounded_linked,1,16,3.431424,0.0055
65536,aligned_still,bounded_linked,1,17,3.38944,0.0051
65536,aligned_still,bounded_linked,1,18,3.561472,0.0047
65536,aligned_still,bounded_linked,1,19,3.207168,0.0053
65536,aligned_still,bounded_linked,1,20,3.390464,0.0045
65536,aligned_still,bounded_linked,1,21,3.25632,0.0053
65536,aligned_still,bounded_linked,1,22,3.402752,0.0048
65536,aligned_still,bounded_linked,1,23,3.43552,0.0051
65536,aligned_still,bounded_linked,1,24,3.247104,0.0049
65536,aligned_still,bounded_linked,1,25,3.470336,0.0046
65536,aligned_still,bounded_linked,1,26,3.253248,0.0048
65536,aligned_still,bounded_linked,1,27,3.211264,0.0049
65536,aligned_still,bounded_linked,1,28,3.646464,0.0049
65536,aligned_still,bounded_linked,1,29,3.222528,0.0088
65536,aligned_still,bounded_linked,1,30,3.493888,0.0057
65536,aligned_still,bounded_linked,1,31,3.381248,0.0048
65536,aligned_still,bounded_linked,1,32,3.500032,0.0049
65536,aligned_still,bounded_linked,1,33,3.536896,0.0048
65536,aligned_still,bounded_linked,1,34,3.257344,0.0056
65536,aligned_still,bounded_linked,1,35,3.574784,0.0056
65536,aligned_still,bounded_linked,1,36,3.084288,0.0035
65536,aligned_still,bounded_linked,1,37,3.49184,0.0059
65536,aligned_still,bounded_linked,1,38,3.433472,0.005
65536,aligned_still,bounded_linked,1,39,3.525632,0.0091
65536,aligned_still,exact_ranges,1,0,4.604928,0.0224
65536,aligned_still,exact_ranges,1,1,4.460544,0.0119
65536,aligned_still,exact_ranges,1,2,4.335616,0.0081
65536,aligned_still,exact_ranges,1,3,4.42368,0.0073
65536,aligned_still,exact_ranges,1,4,4.386816,0.0082
65536,aligned_still,exact_ranges,1,5,4.369408,0.0078
65536,aligned_still,exact_ranges,1,6,4.38784,0.0078
65536,aligned_still,exact_ranges,1,7,4.435968,0.0076
65536,aligned_still,exact_ranges,1,8,4.166656,0.0073
65536,aligned_still,exact_ranges,1,9,4.699136,0.0072
65536,aligned_still,exact_ranges,1,10,4.338688,0.0076
65536,aligned_still,exact_ranges,1,11,4.492288,0.0077
65536,aligned_still,exact_ranges,1,12,4.51072,0.0074
65536,aligned_still,exact_ranges,1,13,4.319232,0.0071
65536,aligned_still,exact_ranges,1,14,4.369408,0.0073
65536,aligned_still,exact_ranges,1,15,4.434944,0.0075
65536,aligned_still,exact_ranges,1,16,4.40832,0.0072
65536,aligned_still,exact_ranges,1,17,4.637696,0.0073
65536,aligned_still,exact_ranges,1,18,4.463616,0.0111
65536,aligned_still,exact_ranges,1,19,4.553728,0.0076
65536,aligned_still,exact_ranges,1,20,4.35712,0.0072
65536,aligned_still,exact_ranges,1,21,4.3008,0.0082
65536,aligned_still,exact_ranges,1,22,4.594688,0.0083
65536,aligned_still,exact_ranges,1,23,4.216832,0.012
65536,aligned_still,exact_ranges,1,24,4.59264,0.0082
65536,aligned_still,exact_ranges,1,25,4.476928,0.0085
65536,aligned_still,exact_ranges,1,26,4.615168,0.0078
65536,aligned_still,exact_ranges,1,27,4.455424,0.0113
65536,aligned_still,exact_ranges,1,28,4.45952,0.0087
65536,aligned_still,exact_ranges,1,29,4.40832,0.0077
65536,aligned_still,exact_ranges,1,30,4.352,0.0081
65536,aligned_still,exact_ranges,1,31,4.29056,0.007
65536,aligned_still,exact_ranges,1,32,4.54656,0.0075
65536,aligned_still,exact_ranges,1,33,4.612096,0.0073
65536,aligned_still,exact_ranges,1,34,4.4544,0.0072
65536,aligned_still,exact_ranges,1,35,4.64384,0.007
65536,aligned_still,exact_ranges,1,36,4.251648,0.0069
65536,aligned_still,exact_ranges,1,37,4.58752,0.0075
65536,aligned_still,exact_ranges,1,38,4.375552,0.0071
65536,aligned_still,exact_ranges,1,39,4.430848,0.0069
65536,aligned_still,bounded_linked,2,0,3.340288,0.0118
65536,aligned_still,bounded_linked,2,1,3.433472,0.0061
65536,aligned_still,bounded_linked,2,2,3.24608,0.0054
65536,aligned_still,bounded_linked,2,3,3.456,0.0049
65536,aligned_still,bounded_linked,2,4,3.462144,0.0051
65536,aligned_still,bounded_linked,2,5,3.400704,0.0051
65536,aligned_still,bounded_linked,2,6,3.279872,0.0055
65536,aligned_still,bounded_linked,2,7,3.204096,0.005
65536,aligned_still,bounded_linked,2,8,3.508224,0.0052
65536,aligned_still,bounded_linked,2,9,3.284992,0.005
65536,aligned_still,bounded_linked,2,10,3.575808,0.005
65536,aligned_still,bounded_linked,2,11,3.247104,0.0045
65536,aligned_still,bounded_linked,2,12,3.241984,0.0053
65536,aligned_still,bounded_linked,2,13,3.533824,0.0046
65536,aligned_still,bounded_linked,2,14,3.567616,0.0047
65536,aligned_still,bounded_linked,2,15,3.294208,0.005
65536,aligned_still,bounded_linked,2,16,3.56864,0.0044
65536,aligned_still,bounded_linked,2,17,3.196928,0.005
65536,aligned_still,bounded_linked,2,18,3.320832,0.0044
65536,aligned_still,bounded_linked,2,19,3.571712,0.005
65536,aligned_still,bounded_linked,2,20,3.605504,0.0084
65536,aligned_still,bounded_linked,2,21,3.398656,0.0061
65536,aligned_still,bounded_linked,2,22,3.272704,0.0057
65536,aligned_still,bounded_linked,2,23,3.20512,0.0057
65536,aligned_still,bounded_linked,2,24,3.503104,0.0045
65536,aligned_still,bounded_linked,2,25,3.462144,0.0052
65536,aligned_still,bounded_linked,2,26,3.50208,0.0049
65536,aligned_still,bounded_linked,2,27,3.191808,0.0054
65536,aligned_still,bounded_linked,2,28,3.295232,0.0046
65536,aligned_still,bounded_linked,2,29,3.494912,0.0148
65536,aligned_still,bounded_linked,2,30,3.521536,0.0075
65536,aligned_still,bounded_linked,2,31,3.542016,0.0058
65536,aligned_still,bounded_linked,2,32,3.236864,0.0055
65536,aligned_still,bounded_linked,2,33,3.474432,0.0048
65536,aligned_still,bounded_linked,2,34,3.295232,0.006
65536,aligned_still,bounded_linked,2,35,3.516416,0.0048
65536,aligned_still,bounded_linked,2,36,3.61472,0.0053
65536,aligned_still,bounded_linked,2,37,3.526656,0.005
65536,aligned_still,bounded_linked,2,38,3.320832,0.0093
65536,aligned_still,bounded_linked,2,39,3.674112,0.0056
65536,aligned_still,exact_ranges,2,0,4.465664,0.0284
65536,aligned_still,exact_ranges,2,1,4.51584,0.0079
65536,aligned_still,exact_ranges,2,2,4.492288,0.0073
65536,aligned_still,exact_ranges,2,3,4.374528,0.0077
65536,aligned_still,exact_ranges,2,4,4.170752,0.0075
65536,aligned_still,exact_ranges,2,5,4.645888,0.0071
65536,aligned_still,exact_ranges,2,6,4.371456,0.0079
65536,aligned_still,exact_ranges,2,7,4.430848,0.0074
65536,aligned_still,exact_ranges,2,8,4.5056,0.0072
65536,aligned_still,exact_ranges,2,9,4.491264,0.0073
65536,aligned_still,exact_ranges,2,10,4.655104,0.0082
65536,aligned_still,exact_ranges,2,11,4.385792,0.007
65536,aligned_still,exact_ranges,2,12,4.39808,0.0077
65536,aligned_still,exact_ranges,2,13,4.3776,0.0156
65536,aligned_still,exact_ranges,2,14,4.513792,0.0085
65536,aligned_still,exact_ranges,2,15,4.347904,0.0083
65536,aligned_still,exact_ranges,2,16,4.682752,0.0077
65536,aligned_still,exact_ranges,2,17,4.440064,0.0083
65536,aligned_still,exact_ranges,2,18,4.393984,0.008
65536,aligned_still,exact_ranges,2,19,4.466688,0.0073
65536,aligned_still,exact_ranges,2,20,4.355072,0.0077
65536,aligned_still,exact_ranges,2,21,4.344832,0.0072
65536,aligned_still,exact_ranges,2,22,4.317184,0.0078
65536,aligned_still,exact_ranges,2,23,4.436992,0.0071
65536,aligned_still,exact_ranges,2,24,4.453376,0.0072
65536,aligned_still,exact_ranges,2,25,4.327424,0.0069
65536,aligned_still,exact_ranges,2,26,4.67456,0.0074
65536,aligned_still,exact_ranges,2,27,4.426752,0.0072
65536,aligned_still,exact_ranges,2,28,4.262912,0.0073
65536,aligned_still,exact_ranges,2,29,4.373504,0.0074
65536,aligned_still,exact_ranges,2,30,4.426752,0.0069
65536,aligned_still,exact_ranges,2,31,4.4032,0.0074
65536,aligned_still,exact_ranges,2,32,4.550656,0.007
65536,aligned_still,exact_ranges,2,33,4.170752,0.0078
65536,aligned_still,exact_ranges,2,34,4.509696,0.0082
65536,aligned_still,exact_ranges,2,35,4.5056,0.0081
65536,aligned_still,exact_ranges,2,36,4.436992,0.0079
65536,aligned_still,exact_ranges,2,37,4.47488,0.0085
65536,aligned_still,exact_ranges,2,38,4.48,0.0092
65536,aligned_still,exact_ranges,2,39,4.552704,0.0081
65536,aligned_still,linked,2,0,3.187712,0.0053
65536,aligned_still,linked,2,1,3.57376,0.0056
65536,aligned_still,linked,2,2,3.155968,0.0045
65536,aligned_still,linked,2,3,3.213312,0.0042
65536,aligned_still,linked,2,4,3.39968,0.0047
65536,aligned_still,linked,2,5,3.424256,0.005
65536,aligned_still,linked,2,6,3.263488,0.0042
65536,aligned_still,linked,2,7,3.341312,0.0043
65536,aligned_still,linked,2,8,3.20512,0.0046
65536,aligned_still,linked,2,9,3.337216,0.0048
65536,aligned_still,linked,2,10,3.403776,0.0048
65536,aligned_still,linked,2,11,3.146752,0.0042
65536,aligned_still,linked,2,12,3.55328,0.0046
65536,aligned_still,linked,2,13,3.207168,0.0043
65536,aligned_still,linked,2,14,3.3536,0.0043
65536,aligned_still,linked,2,15,3.13856,0.0059
65536,aligned_still,linked,2,16,3.530752,0.0041
65536,aligned_still,linked,2,17,3.26144,0.0044
65536,aligned_still,linked,2,18,3.459072,0.0044
65536,aligned_still,linked,2,19,3.443712,0.0042
65536,aligned_still,linked,2,20,3.2,0.0044
65536,aligned_still,linked,2,21,3.552256,0.0041
65536,aligned_still,linked,2,22,3.120128,0.0044
65536,aligned_still,linked,2,23,3.236864,0.0049
65536,aligned_still,linked,2,24,3.34848,0.0053
65536,aligned_still,linked,2,25,3.291136,0.0041
65536,aligned_still,linked,2,26,3.21536,0.0061
65536,aligned_still,linked,2,27,3.197952,0.0051
65536,aligned_still,linked,2,28,3.484672,0.0043
65536,aligned_still,linked,2,29,3.221504,0.0047
65536,aligned_still,linked,2,30,3.699712,0.0042
65536,aligned_still,linked,2,31,3.172352,0.0048
65536,aligned_still,linked,2,32,3.324928,0.0042
65536,aligned_still,linked,2,33,3.175424,0.0043
65536,aligned_still,linked,2,34,3.414016,0.0049
65536,aligned_still,linked,2,35,3.098624,0.0042
65536,aligned_still,linked,2,36,3.361792,0.0042
65536,aligned_still,linked,2,37,3.20512,0.0089
65536,aligned_still,linked,2,38,3.459072,0.005
65536,aligned_still,linked,2,39,3.419136,0.0043
65536,aligned_still,exact_ranges,3,0,4.558848,0.0134
65536,aligned_still,exact_ranges,3,1,4.447232,0.0077
65536,aligned_still,exact_ranges,3,2,4.465664,0.0073
65536,aligned_still,exact_ranges,3,3,4.4032,0.0076
65536,aligned_still,exact_ranges,3,4,4.286464,0.0072
65536,aligned_still,exact_ranges,3,5,4.288512,0.0071
65536,aligned_still,exact_ranges,3,6,4.296704,0.0082
65536,aligned_still,exact_ranges,3,7,4.785152,0.0076
65536,aligned_still,exact_ranges,3,8,4.588544,0.011
65536,aligned_still,exact_ranges,3,9,4.212736,0.0117
65536,aligned_still,exact_ranges,3,10,4.348928,0.0082
65536,aligned_still,exact_ranges,3,11,4.314112,0.0075
65536,aligned_still,exact_ranges,3,12,4.672512,0.0084
65536,aligned_still,exact_ranges,3,13,4.369408,0.0078
65536,aligned_still,exact_ranges,3,14,4.222976,0.0078
65536,aligned_still,exact_ranges,3,15,4.575232,0.0077
65536,aligned_still,exact_ranges,3,16,4.41856,0.0075
65536,aligned_still,exact_ranges,3,17,4.457472,0.0078
65536,aligned_still,exact_ranges,3,18,4.360192,0.0073
65536,aligned_still,exact_ranges,3,19,4.406272,0.007
65536,aligned_still,exact_ranges,3,20,4.339712,0.0074
65536,aligned_still,exact_ranges,3,21,4.436992,0.0077
65536,aligned_still,exact_ranges,3,22,4.412416,0.0076
65536,aligned_still,exact_ranges,3,23,4.642816,0.0072
65536,aligned_still,exact_ranges,3,24,4.511744,0.0078
65536,aligned_still,exact_ranges,3,25,4.401152,0.0073
65536,aligned_still,exact_ranges,3,26,4.36224,0.0074
65536,aligned_still,exact_ranges,3,27,4.329472,0.0071
65536,aligned_still,exact_ranges,3,28,4.291584,0.0102
65536,aligned_still,exact_ranges,3,29,4.666368,0.0079
65536,aligned_still,exact_ranges,3,30,4.465664,0.0071
65536,aligned_still,exact_ranges,3,31,4.235264,0.0082
65536,aligned_still,exact_ranges,3,32,4.579328,0.0079
65536,aligned_still,exact_ranges,3,33,4.179968,0.0074
65536,aligned_still,exact_ranges,3,34,4.642816,0.007
65536,aligned_still,exact_ranges,3,35,4.409344,0.0079
65536,aligned_still,exact_ranges,3,36,4.373504,0.0074
65536,aligned_still,exact_ranges,3,37,4.462592,0.0071
65536,aligned_still,exact_ranges,3,38,4.516864,0.0078
65536,aligned_still,exact_ranges,3,39,4.573184,0.0078
65536,aligned_still,linked,3,0,3.16928,0.0066
65536,aligned_still,linked,3,1,3.47136,0.0059
65536,aligned_still,linked,3,2,3.329024,0.0044
65536,aligned_still,linked,3,3,3.12832,0.005
65536,aligned_still,linked,3,4,3.149824,0.0042
65536,aligned_still,linked,3,5,3.340288,0.0047
65536,aligned_still,linked,3,6,3.636224,0.0056
65536,aligned_still,linked,3,7,3.136512,0.0042
65536,aligned_still,linked,3,8,3.337216,0.0054
65536,aligned_still,linked,3,9,3.182592,0.0043
65536,aligned_still,linked,3,10,3.406848,0.0052
65536,aligned_still,linked,3,11,3.385344,0.0041
65536,aligned_still,linked,3,12,3.18464,0.0043
65536,aligned_still,linked,3,13,3.288064,0.0051
65536,aligned_still,linked,3,14,3.15904,0.0039
65536,aligned_still,linked,3,15,3.513344,0.0048
65536,aligned_still,linked,3,16,3.390464,0.0051
65536,aligned_still,linked,3,17,3.13344,0.0042
65536,aligned_still,linked,3,18,3.218432,0.0041
65536,aligned_still,linked,3,19,3.478528,0.0042
65536,aligned_still,linked,3,20,3.198976,0.0043
65536,aligned_still,linked,3,21,3.590144,0.0043
65536,aligned_still,linked,3,22,3.1232,0.0042
65536,aligned_still,linked,3,23,3.237888,0.0045
65536,aligned_still,linked,3,24,3.42016,0.0041
65536,aligned_still,linked,3,25,3.493888,0.0043
65536,aligned_still,linked,3,26,3.488768,0.0052
65536,aligned_still,linked,3,27,3.193856,0.0039
65536,aligned_still,linked,3,28,3.27168,0.0044
65536,aligned_still,linked,3,29,3.20512,0.0041
65536,aligned_still,linked,3,30,3.310592,0.0047
65536,aligned_still,linked,3,31,3.339264,0.0048
65536,aligned_still,linked,3,32,3.212288,0.0043
65536,aligned_still,linked,3,33,3.137536,0.0041
65536,aligned_still,linked,3,34,3.44064,0.0043
65536,aligned_still,linked,3,35,3.191808,0.0044
65536,aligned_still,linked,3,36,3.750912,0.0041
65536,aligned_still,linked,3,37,3.135488,0.0054
65536,aligned_still,linked,3,38,3.185664,0.0039
65536,aligned_still,linked,3,39,3.359744,0.0049
65536,aligned_still,bounded_linked,3,0,3.46112,0.0066
65536,aligned_still,bounded_linked,3,1,3.428352,0.0053
65536,aligned_still,bounded_linked,3,2,3.367936,0.0051
65536,aligned_still,bounded_linked,3,3,3.238912,0.0053
65536,aligned_still,bounded_linked,3,4,3.615744,0.0046
65536,aligned_still,bounded_linked,3,5,3.396608,0.0051
65536,aligned_still,bounded_linked,3,6,3.362816,0.0044
65536,aligned_still,bounded_linked,3,7,3.221504,0.005
65536,aligned_still,bounded_linked,3,8,3.214336,0.0049
65536,aligned_still,bounded_linked,3,9,3.528704,0.0047
65536,aligned_still,bounded_linked,3,10,3.31264,0.0051
65536,aligned_still,bounded_linked,3,11,3.79392,0.0052
65536,aligned_still,bounded_linked,3,12,3.328,0.0063
65536,aligned_still,bounded_linked,3,13,3.494912,0.0054
65536,aligned_still,bounded_linked,3,14,3.300352,0.0053
65536,aligned_still,bounded_linked,3,15,3.49696,0.0055
65536,aligned_still,bounded_linked,3,16,3.497984,0.0074
65536,aligned_still,bounded_linked,3,17,3.213312,0.0046
65536,aligned_still,bounded_linked,3,18,3.367936,0.0052
65536,aligned_still,bounded_linked,3,19,3.259392,0.0051
65536,aligned_still,bounded_linked,3,20,3.51232,0.0055
65536,aligned_still,bounded_linked,3,21,3.521536,0.0057
65536,aligned_still,bounded_linked,3,22,3.661824,0.0054
65536,aligned_still,bounded_linked,3,23,3.485696,0.0046
65536,aligned_still,bounded_linked,3,24,3.273728,0.0046
65536,aligned_still,bounded_linked,3,25,3.24096,0.0086
65536,aligned_still,bounded_linked,3,26,3.542016,0.0054
65536,aligned_still,bounded_linked,3,27,3.493888,0.0055
65536,aligned_still,bounded_linked,3,28,3.373056,0.0048
65536,aligned_still,bounded_linked,3,29,3.250176,0.0057
65536,aligned_still,bounded_linked,3,30,3.286016,0.0048
65536,aligned_still,bounded_linked,3,31,3.48672,0.0052
65536,aligned_still,bounded_linked,3,32,3.521536,0.0047
65536,aligned_still,bounded_linked,3,33,3.313664,0.0047
65536,aligned_still,bounded_linked,3,34,3.515392,0.0056
65536,aligned_still,bounded_linked,3,35,3.366912,0.0044
65536,aligned_still,bounded_linked,3,36,3.231744,0.0049
65536,aligned_still,bounded_linked,3,37,3.500032,0.0047
65536,aligned_still,bounded_linked,3,38,3.447808,0.0049
65536,aligned_still,bounded_linked,3,39,3.186688,0.0046
65536,staggered_still,linked,1,0,3.419136,0.0111
65536,staggered_still,linked,1,1,3.38432,0.0146
65536,staggered_still,linked,1,2,3.156992,0.01
65536,staggered_still,linked,1,3,3.352576,0.0091
65536,staggered_still,linked,1,4,3.293184,0.0043
65536,staggered_still,linked,1,5,3.354624,0.0046
65536,staggered_still,linked,1,6,3.31264,0.0067
65536,staggered_still,linked,1,7,3.10784,0.0047
65536,staggered_still,linked,1,8,3.178496,0.0055
65536,staggered_still,linked,1,9,3.42016,0.0191
65536,staggered_still,linked,1,10,3.31264,0.0056
65536,staggered_still,linked,1,11,3.216384,0.0115
65536,staggered_still,linked,1,12,3.330048,0.0098
65536,staggered_still,linked,1,13,3.2,0.0053
65536,staggered_still,linked,1,14,3.458048,0.0041
65536,staggered_still,linked,1,15,3.31776,0.0084
65536,staggered_still,linked,1,16,3.139584,0.0054
65536,staggered_still,linked,1,17,3.259392,0.0041
65536,staggered_still,linked,1,18,3.188736,0.0044
65536,staggered_still,linked,1,19,3.336192,0.0041
65536,staggered_still,linked,1,20,3.140608,0.0085
65536,staggered_still,linked,1,21,3.523584,0.0051
65536,staggered_still,linked,1,22,3.452928,0.0099
65536,staggered_still,linked,1,23,3.195904,0.006
65536,staggered_still,linked,1,24,3.339264,0.0046
65536,staggered_still,linked,1,25,3.127296,0.0049
65536,staggered_still,linked,1,26,3.28704,0.0057
65536,staggered_still,linked,1,27,3.154944,0.0056
65536,staggered_still,linked,1,28,3.365888,0.0049
65536,staggered_still,linked,1,29,3.52768,0.0075
65536,staggered_still,linked,1,30,3.357696,0.0079
65536,staggered_still,linked,1,31,3.211264,0.0085
65536,staggered_still,linked,1,32,3.23072,0.0041
65536,staggered_still,linked,1,33,3.523584,0.0053
65536,staggered_still,linked,1,34,3.16416,0.0052
65536,staggered_still,linked,1,35,3.33824,0.0045
65536,staggered_still,linked,1,36,3.344384,0.0051
65536,staggered_still,linked,1,37,3.226624,0.0041
65536,staggered_still,linked,1,38,3.421184,0.0063
65536,staggered_still,linked,1,39,3.182592,0.0048
65536,staggered_still,bounded_linked,1,0,3.495936,0.0152
65536,staggered_still,bounded_linked,1,1,3.530752,0.006
65536,staggered_still,bounded_linked,1,2,3.234816,0.006
65536,staggered_still,bounded_linked,1,3,3.44576,0.006
65536,staggered_still,bounded_linked,1,4,3.250176,0.0062
65536,staggered_still,bounded_linked,1,5,3.556352,0.0041
65536,staggered_still,bounded_linked,1,6,3.59936,0.0062
65536,staggered_still,bounded_linked,1,7,3.35872,0.006
65536,staggered_still,bounded_linked,1,8,3.125248,0.0059
65536,staggered_still,bounded_linked,1,9,3.156992,0.005
65536,staggered_still,bounded_linked,1,10,3.611648,0.0046
65536,staggered_still,bounded_linked,1,11,3.644416,0.005
65536,staggered_still,bounded_linked,1,12,3.484672,0.0059
65536,staggered_still,bounded_linked,1,13,3.383296,0.0047
65536,staggered_still,bounded_linked,1,14,3.321856,0.0056
65536,staggered_still,bounded_linked,1,15,3.224576,0.0049
65536,staggered_still,bounded_linked,1,16,3.46112,0.0063
65536,staggered_still,bounded_linked,1,17,3.480576,0.0051
65536,staggered_still,bounded_linked,1,18,3.354624,0.0062
65536,staggered_still,bounded_linked,1,19,3.365888,0.0051
65536,staggered_still,bounded_linked,1,20,3.288064,0.0058
65536,staggered_still,bounded_linked,1,21,3.670016,0.0052
65536,staggered_still,bounded_linked,1,22,3.414016,0.0058
65536,staggered_still,bounded_linked,1,23,3.427328,0.0062
65536,staggered_still,bounded_linked,1,24,3.323904,0.0061
65536,staggered_still,bounded_linked,1,25,3.501056,0.0053
65536,staggered_still,bounded_linked,1,26,3.321856,0.0053
65536,staggered_still,bounded_linked,1,27,3.557376,0.0061
65536,staggered_still,bounded_linked,1,28,3.622912,0.0112
65536,staggered_still,bounded_linked,1,29,3.361792,0.0062
65536,staggered_still,bounded_linked,1,30,3.64032,0.0059
65536,staggered_still,bounded_linked,1,31,3.359744,0.0051
65536,staggered_still,bounded_linked,1,32,3.203072,0.0059
65536,staggered_still,bounded_linked,1,33,3.531776,0.006
65536,staggered_still,bounded_linked,1,34,3.45088,0.0051
65536,staggered_still,bounded_linked,1,35,3.351552,0.0062
65536,staggered_still,bounded_linked,1,36,3.357696,0.0047
65536,staggered_still,bounded_linked,1,37,3.2,0.0057
65536,staggered_still,bounded_linked,1,38,3.511296,0.0057
65536,staggered_still,bounded_linked,1,39,3.47136,0.0101
65536,staggered_still,exact_ranges,1,0,4.263936,0.0086
65536,staggered_still,exact_ranges,1,1,4.740096,0.0079
65536,staggered_still,exact_ranges,1,2,4.375552,0.0119
65536,staggered_still,exact_ranges,1,3,4.30592,0.0078
65536,staggered_still,exact_ranges,1,4,4.441088,0.0086
65536,staggered_still,exact_ranges,1,5,4.369408,0.0098
65536,staggered_still,exact_ranges,1,6,4.608,0.0079
65536,staggered_still,exact_ranges,1,7,4.360192,0.0077
65536,staggered_still,exact_ranges,1,8,4.306944,0.0079
65536,staggered_still,exact_ranges,1,9,4.67968,0.0072
65536,staggered_still,exact_ranges,1,10,4.487168,0.0076
65536,staggered_still,exact_ranges,1,11,4.364288,0.0072
65536,staggered_still,exact_ranges,1,12,4.47488,0.0075
65536,staggered_still,exact_ranges,1,13,4.399104,0.0074
65536,staggered_still,exact_ranges,1,14,4.412416,0.0065
65536,staggered_still,exact_ranges,1,15,4.38272,0.0077
65536,staggered_still,exact_ranges,1,16,4.831232,0.0072
65536,staggered_still,exact_ranges,1,17,4.36736,0.0072
65536,staggered_still,exact_ranges,1,18,4.317184,0.007
65536,staggered_still,exact_ranges,1,19,4.427776,0.0072
65536,staggered_still,exact_ranges,1,20,4.569088,0.0076
65536,staggered_still,exact_ranges,1,21,4.379648,0.0066
65536,staggered_still,exact_ranges,1,22,4.460544,0.0082
65536,staggered_still,exact_ranges,1,23,4.473856,0.0075
65536,staggered_still,exact_ranges,1,24,4.557824,0.0072
65536,staggered_still,exact_ranges,1,25,4.42368,0.0089
65536,staggered_still,exact_ranges,1,26,4.440064,0.0077
65536,staggered_still,exact_ranges,1,27,4.481024,0.0075
65536,staggered_still,exact_ranges,1,28,4.384768,0.0073
65536,staggered_still,exact_ranges,1,29,4.6592,0.0076
65536,staggered_still,exact_ranges,1,30,4.553728,0.0119
65536,staggered_still,exact_ranges,1,31,4.547584,0.0083
65536,staggered_still,exact_ranges,1,32,4.350976,0.0072
65536,staggered_still,exact_ranges,1,33,4.374528,0.0076
65536,staggered_still,exact_ranges,1,34,4.563968,0.007
65536,staggered_still,exact_ranges,1,35,4.409344,0.0072
65536,staggered_still,exact_ranges,1,36,4.274176,0.0069
65536,staggered_still,exact_ranges,1,37,4.566016,0.0071
65536,staggered_still,exact_ranges,1,38,4.56704,0.007
65536,staggered_still,exact_ranges,1,39,4.470784,0.0071
65536,staggered_still,bounded_linked,2,0,3.258368,0.0109
65536,staggered_still,bounded_linked,2,1,3.42528,0.0061
65536,staggered_still,bounded_linked,2,2,3.250176,0.0063
65536,staggered_still,bounded_linked,2,3,3.21536,0.0047
65536,staggered_still,bounded_linked,2,4,3.69664,0.0052
65536,staggered_still,bounded_linked,2,5,3.249152,0.0055
65536,staggered_still,bounded_linked,2,6,3.559424,0.0049
65536,staggered_still,bounded_linked,2,7,3.37408,0.005
65536,staggered_still,bounded_linked,2,8,3.54304,0.0052
65536,staggered_still,bounded_linked,2,9,3.421184,0.0049
65536,staggered_still,bounded_linked,2,10,3.185664,0.0052
65536,staggered_still,bounded_linked,2,11,3.34336,0.0052
65536,staggered_still,bounded_linked,2,12,3.252224,0.005
65536,staggered_still,bounded_linked,2,13,3.419136,0.0044
65536,staggered_still,bounded_linked,2,14,3.421184,0.0052
65536,staggered_still,bounded_linked,2,15,3.250176,0.0054
65536,staggered_still,bounded_linked,2,16,3.501056,0.0045
65536,staggered_still,bounded_linked,2,17,3.197952,0.005
65536,staggered_still,bounded_linked,2,18,3.511296,0.0055
65536,staggered_still,bounded_linked,2,19,3.414016,0.0047
65536,staggered_still,bounded_linked,2,20,3.352576,0.0046
65536,staggered_still,bounded_linked,2,21,3.232768,0.0053
65536,staggered_still,bounded_linked,2,22,3.20512,0.0055
65536,staggered_still,bounded_linked,2,23,3.782656,0.0058
65536,staggered_still,bounded_linked,2,24,3.44064,0.0052
65536,staggered_still,bounded_linked,2,25,3.33824,0.0058
65536,staggered_still,bounded_linked,2,26,3.71712,0.0047
65536,staggered_still,bounded_linked,2,27,3.1744,0.006
65536,staggered_still,bounded_linked,2,28,3.21024,0.0055
65536,staggered_still,bounded_linked,2,29,3.429376,0.0063
65536,staggered_still,bounded_linked,2,30,3.390464,0.0047
65536,staggered_still,bounded_linked,2,31,3.410944,0.0053
65536,staggered_still,bounded_linked,2,32,3.29728,0.0057
65536,staggered_still,bounded_linked,2,33,3.2,0.0063
65536,staggered_still,bounded_linked,2,34,3.544064,0.0046
65536,staggered_still,bounded_linked,2,35,3.468288,0.0049
65536,staggered_still,bounded_linked,2,36,3.28704,0.0055
65536,staggered_still,bounded_linked,2,37,3.449856,0.0049
65536,staggered_still,bounded_linked,2,38,3.202048,0.0046
65536,staggered_still,bounded_linked,2,39,3.52256,0.0059
65536,staggered_still,exact_ranges,2,0,4.3776,0.0484
65536,staggered_still,exact_ranges,2,1,4.711424,0.0228
65536,staggered_still,exact_ranges,2,2,4.509696,0.0189
65536,staggered_still,exact_ranges,2,3,4.411392,0.0186
65536,staggered_still,exact_ranges,2,4,4.363264,0.0178
65536,staggered_still,exact_ranges,2,5,4.304896,0.0181
65536,staggered_still,exact_ranges,2,6,4.795392,0.018
65536,staggered_still,exact_ranges,2,7,4.353024,0.0174
65536,staggered_still,exact_ranges,2,8,4.472832,0.0169
65536,staggered_still,exact_ranges,2,9,4.655104,0.0073
65536,staggered_still,exact_ranges,2,10,4.445184,0.0075
65536,staggered_still,exact_ranges,2,11,4.482048,0.007
65536,staggered_still,exact_ranges,2,12,4.507648,0.0071
65536,staggered_still,exact_ranges,2,13,4.450304,0.007
65536,staggered_still,exact_ranges,2,14,4.564992,0.0074
65536,staggered_still,exact_ranges,2,15,4.432896,0.0112
65536,staggered_still,exact_ranges,2,16,4.411392,0.0074
65536,staggered_still,exact_ranges,2,17,4.283392,0.0077
65536,staggered_still,exact_ranges,2,18,4.635648,0.0077
65536,staggered_still,exact_ranges,2,19,4.391936,0.0073
65536,staggered_still,exact_ranges,2,20,4.52096,0.0069
65536,staggered_still,exact_ranges,2,21,4.535296,0.0069
65536,staggered_still,exact_ranges,2,22,4.378624,0.0087
65536,staggered_still,exact_ranges,2,23,4.35712,0.0072
65536,staggered_still,exact_ranges,2,24,4.52608,0.0076
65536,staggered_still,exact_ranges,2,25,4.509696,0.007
65536,staggered_still,exact_ranges,2,26,4.43392,0.0072
65536,staggered_still,exact_ranges,2,27,4.588544,0.0071
65536,staggered_still,exact_ranges,2,28,4.4032,0.0077
65536,staggered_still,exact_ranges,2,29,4.626432,0.0156
65536,staggered_still,exact_ranges,2,30,4.417536,0.0074
65536,staggered_still,exact_ranges,2,31,4.436992,0.007
65536,staggered_still,exact_ranges,2,32,4.432896,0.0077
65536,staggered_still,exact_ranges,2,33,4.410368,0.007
65536,staggered_still,exact_ranges,2,34,4.36224,0.0073
65536,staggered_still,exact_ranges,2,35,4.579328,0.007
65536,staggered_still,exact_ranges,2,36,4.497408,0.01
65536,staggered_still,exact_ranges,2,37,4.337664,0.0057
65536,staggered_still,exact_ranges,2,38,4.691968,0.0054
65536,staggered_still,exact_ranges,2,39,4.471808,0.0052
65536,staggered_still,linked,2,0,3.191808,0.0052
65536,staggered_still,linked,2,1,3.29216,0.0048
65536,staggered_still,linked,2,2,3.161088,0.0047
65536,staggered_still,linked,2,3,3.473408,0.0042
65536,staggered_still,linked,2,4,3.514368,0.0042
65536,staggered_still,linked,2,5,3.393536,0.0047
65536,staggered_still,linked,2,6,3.197952,0.004
65536,staggered_still,linked,2,7,3.336192,0.0044
65536,staggered_still,linked,2,8,3.2256,0.0043
65536,staggered_still,linked,2,9,3.402752,0.0049
65536,staggered_still,linked,2,10,3.145728,0.0039
65536,staggered_still,linked,2,11,3.352576,0.0048
65536,staggered_still,linked,2,12,3.129344,0.0046
65536,staggered_still,linked,2,13,3.51744,0.0047
65536,staggered_still,linked,2,14,3.438592,0.0087
65536,staggered_still,linked,2,15,3.131392,0.0051
65536,staggered_still,linked,2,16,3.25632,0.004
65536,staggered_still,linked,2,17,3.208192,0.0051
65536,staggered_still,linked,2,18,3.421184,0.0044
65536,staggered_still,linked,2,19,3.316736,0.0044
65536,staggered_still,linked,2,20,3.120128,0.0041
65536,staggered_still,linked,2,21,3.217408,0.004
65536,staggered_still,linked,2,22,3.448832,0.0048
65536,staggered_still,linked,2,23,3.536896,0.0044
65536,staggered_still,linked,2,24,3.173376,0.0051
65536,staggered_still,linked,2,25,3.365888,0.0041
65536,staggered_still,linked,2,26,3.20512,0.0043
65536,staggered_still,linked,2,27,3.46624,0.0043
65536,staggered_still,linked,2,28,3.408896,0.0051
65536,staggered_still,linked,2,29,3.443712,0.004
65536,staggered_still,linked,2,30,3.16928,0.0051
65536,staggered_still,linked,2,31,3.286016,0.0041
65536,staggered_still,linked,2,32,3.197952,0.0044
65536,staggered_still,linked,2,33,3.434496,0.0042
65536,staggered_still,linked,2,34,3.375104,0.0054
65536,staggered_still,linked,2,35,3.067904,0.0041
65536,staggered_still,linked,2,36,3.21024,0.0048
65536,staggered_still,linked,2,37,3.44576,0.0047
65536,staggered_still,linked,2,38,3.17952,0.0042
65536,staggered_still,linked,2,39,3.495936,0.0041
65536,staggered_still,exact_ranges,3,0,4.498432,0.0092
65536,staggered_still,exact_ranges,3,1,4.404224,0.0073
65536,staggered_still,exact_ranges,3,2,4.48512,0.0072
65536,staggered_still,exact_ranges,3,3,4.711424,0.0073
65536,staggered_still,exact_ranges,3,4,4.621312,0.0082
65536,staggered_still,exact_ranges,3,5,4.441088,0.0085
65536,staggered_still,exact_ranges,3,6,4.386816,0.0077
65536,staggered_still,exact_ranges,3,7,4.527104,0.0071
65536,staggered_still,exact_ranges,3,8,4.41344,0.0073
65536,staggered_still,exact_ranges,3,9,4.134912,0.0126
65536,staggered_still,exact_ranges,3,10,4.538368,0.0082
65536,staggered_still,exact_ranges,3,11,4.450304,0.0072
65536,staggered_still,exact_ranges,3,12,4.61312,0.0074
65536,staggered_still,exact_ranges,3,13,4.438016,0.0076
65536,staggered_still,exact_ranges,3,14,4.473856,0.0101
65536,staggered_still,exact_ranges,3,15,4.364288,0.0118
65536,staggered_still,exact_ranges,3,16,4.432896,0.0075
65536,staggered_still,exact_ranges,3,17,4.435968,0.007
65536,staggered_still,exact_ranges,3,18,4.355072,0.0069
65536,staggered_still,exact_ranges,3,19,4.82304,0.0074
65536,staggered_still,exact_ranges,3,20,4.36736,0.0072
65536,staggered_still,exact_ranges,3,21,4.588544,0.0071
65536,staggered_still,exact_ranges,3,22,4.29056,0.0075
65536,staggered_still,exact_ranges,3,23,4.576256,0.0076
65536,staggered_still,exact_ranges,3,24,4.44416,0.0078
65536,staggered_still,exact_ranges,3,25,4.380672,0.008
65536,staggered_still,exact_ranges,3,26,4.57216,0.0077
65536,staggered_still,exact_ranges,3,27,4.58752,0.0078
65536,staggered_still,exact_ranges,3,28,4.54656,0.0072
65536,staggered_still,exact_ranges,3,29,4.434944,0.0075
65536,staggered_still,exact_ranges,3,30,4.653056,0.0071
65536,staggered_still,exact_ranges,3,31,4.5056,0.0077
65536,staggered_still,exact_ranges,3,32,4.379648,0.0075
65536,staggered_still,exact_ranges,3,33,4.491264,0.0075
65536,staggered_still,exact_ranges,3,34,4.620288,0.008
65536,staggered_still,exact_ranges,3,35,4.5568,0.0075
65536,staggered_still,exact_ranges,3,36,4.4032,0.0071
65536,staggered_still,exact_ranges,3,37,4.28544,0.0071
65536,staggered_still,exact_ranges,3,38,4.595712,0.0068
65536,staggered_still,exact_ranges,3,39,4.36736,0.0105
65536,staggered_still,linked,3,0,3.18976,0.0309
65536,staggered_still,linked,3,1,3.1488,0.0087
65536,staggered_still,linked,3,2,3.443712,0.009
65536,staggered_still,linked,3,3,3.434496,0.0082
65536,staggered_still,linked,3,4,3.352576,0.0085
65536,staggered_still,linked,3,5,3.335168,0.0079
65536,staggered_still,linked,3,6,3.165184,0.0082
65536,staggered_still,linked,3,7,3.167232,0.0084
65536,staggered_still,linked,3,8,3.575808,0.0051
65536,staggered_still,linked,3,9,3.196928,0.0042
65536,staggered_still,linked,3,10,3.116032,0.0041
65536,staggered_still,linked,3,11,3.586048,0.0041
65536,staggered_still,linked,3,12,3.529728,0.0048
65536,staggered_still,linked,3,13,3.23072,0.0039
65536,staggered_still,linked,3,14,3.595264,0.0048
65536,staggered_still,linked,3,15,3.084288,0.0039
65536,staggered_still,linked,3,16,3.079168,0.0045
65536,staggered_still,linked,3,17,3.36896,0.0047
65536,staggered_still,linked,3,18,3.260416,0.0131
65536,staggered_still,linked,3,19,3.13344,0.0052
65536,staggered_still,linked,3,20,3.18464,0.004
65536,staggered_still,linked,3,21,3.245056,0.0042
65536,staggered_still,linked,3,22,3.80416,0.0041
65536,staggered_still,linked,3,23,3.110912,0.0045
65536,staggered_still,linked,3,24,3.316736,0.004
65536,staggered_still,linked,3,25,3.131392,0.0049
65536,staggered_still,linked,3,26,3.410944,0.0054
65536,staggered_still,linked,3,27,3.427328,0.0055
65536,staggered_still,linked,3,28,3.328,0.0051
65536,staggered_still,linked,3,29,3.237888,0.004
65536,staggered_still,linked,3,30,3.19488,0.0042
65536,staggered_still,linked,3,31,3.547136,0.0046
65536,staggered_still,linked,3,32,3.438592,0.0039
65536,staggered_still,linked,3,33,3.34336,0.0052
65536,staggered_still,linked,3,34,3.19488,0.0057
65536,staggered_still,linked,3,35,3.175424,0.0041
65536,staggered_still,linked,3,36,3.193856,0.0041
65536,staggered_still,linked,3,37,3.625984,0.005
65536,staggered_still,linked,3,38,3.160064,0.0055
65536,staggered_still,linked,3,39,3.503104,0.0038
65536,staggered_still,bounded_linked,3,0,3.478528,0.0066
65536,staggered_still,bounded_linked,3,1,3.260416,0.0054
65536,staggered_still,bounded_linked,3,2,3.206144,0.0047
65536,staggered_still,bounded_linked,3,3,3.479552,0.0045
65536,staggered_still,bounded_linked,3,4,3.254272,0.005
65536,staggered_still,bounded_linked,3,5,3.554304,0.0054
65536,staggered_still,bounded_linked,3,6,3.16928,0.0052
65536,staggered_still,bounded_linked,3,7,3.180544,0.0051
65536,staggered_still,bounded_linked,3,8,3.477504,0.0055
65536,staggered_still,bounded_linked,3,9,3.513344,0.0045
65536,staggered_still,bounded_linked,3,10,3.52768,0.0048
65536,staggered_still,bounded_linked,3,11,3.195904,0.0044
65536,staggered_still,bounded_linked,3,12,3.221504,0.0049
65536,staggered_still,bounded_linked,3,13,3.478528,0.0044
65536,staggered_still,bounded_linked,3,14,3.396608,0.0049
65536,staggered_still,bounded_linked,3,15,3.331072,0.006
65536,staggered_still,bounded_linked,3,16,3.255296,0.0063
65536,staggered_still,bounded_linked,3,17,3.3536,0.0122
65536,staggered_still,bounded_linked,3,18,3.222528,0.006
65536,staggered_still,bounded_linked,3,19,3.263488,0.0045
65536,staggered_still,bounded_linked,3,20,3.838976,0.0059
65536,staggered_still,bounded_linked,3,21,3.196928,0.005
65536,staggered_still,bounded_linked,3,22,3.460096,0.0056
65536,staggered_still,bounded_linked,3,23,3.378176,0.0054
65536,staggered_still,bounded_linked,3,24,3.538944,0.0054
65536,staggered_still,bounded_linked,3,25,3.536896,0.0047
65536,staggered_still,bounded_linked,3,26,3.19488,0.0051
65536,staggered_still,bounded_linked,3,27,3.550208,0.0052
65536,staggered_still,bounded_linked,3,28,3.05152,0.0042
65536,staggered_still,bounded_linked,3,29,3.538944,0.0055
65536,staggered_still,bounded_linked,3,30,3.56352,0.005
65536,staggered_still,bounded_linked,3,31,3.506176,0.0048
65536,staggered_still,bounded_linked,3,32,3.19488,0.0057
65536,staggered_still,bounded_linked,3,33,3.437568,0.0055
65536,staggered_still,bounded_linked,3,34,3.226624,0.005
65536,staggered_still,bounded_linked,3,35,3.416064,0.0048
65536,staggered_still,bounded_linked,3,36,3.222528,0.0052
65536,staggered_still,bounded_linked,3,37,3.501056,0.0051
65536,staggered_still,bounded_linked,3,38,3.705856,0.0045
65536,staggered_still,bounded_linked,3,39,3.28704,0.005
65536,staggered_driven,linked,1,0,3.397632,0.0067
65536,staggered_driven,linked,1,1,3.3024,0.0054
65536,staggered_driven,linked,1,2,3.503104,0.0048
65536,staggered_driven,linked,1,3,3.243008,0.0047
65536,staggered_driven,linked,1,4,3.520512,0.0045
65536,staggered_driven,linked,1,5,3.4304,0.0048
65536,staggered_driven,linked,1,6,3.49696,0.0044
65536,staggered_driven,linked,1,7,3.391488,0.005
65536,staggered_driven,linked,1,8,3.345408,0.0047
65536,staggered_driven,linked,1,9,3.524608,0.0045
65536,staggered_driven,linked,1,10,3.46112,0.0046
65536,staggered_driven,linked,1,11,3.243008,0.0045
65536,staggered_driven,linked,1,12,3.497984,0.0118
65536,staggered_driven,linked,1,13,3.465216,0.0067
65536,staggered_driven,linked,1,14,3.345408,0.0058
65536,staggered_driven,linked,1,15,3.542016,0.0044
65536,staggered_driven,linked,1,16,3.54816,0.0048
65536,staggered_driven,linked,1,17,3.393536,0.0048
65536,staggered_driven,linked,1,18,3.488768,0.005
65536,staggered_driven,linked,1,19,3.503104,0.0139
65536,staggered_driven,linked,1,20,3.295232,0.0053
65536,staggered_driven,linked,1,21,3.518464,0.0044
65536,staggered_driven,linked,1,22,3.452928,0.0053
65536,staggered_driven,linked,1,23,3.24096,0.0043
65536,staggered_driven,linked,1,24,3.38432,0.0053
65536,staggered_driven,linked,1,25,3.263488,0.0047
65536,staggered_driven,linked,1,26,3.544064,0.0045
65536,staggered_driven,linked,1,27,3.555328,0.0054
65536,staggered_driven,linked,1,28,3.44576,0.0043
65536,staggered_driven,linked,1,29,3.193856,0.005
65536,staggered_driven,linked,1,30,3.636224,0.0052
65536,staggered_driven,linked,1,31,3.406848,0.0052
65536,staggered_driven,linked,1,32,3.329024,0.0081
65536,staggered_driven,linked,1,33,3.72736,0.0044
65536,staggered_driven,linked,1,34,3.547136,0.0048
65536,staggered_driven,linked,1,35,3.321856,0.0045
65536,staggered_driven,linked,1,36,3.306496,0.0043
65536,staggered_driven,linked,1,37,3.56352,0.0049
65536,staggered_driven,linked,1,38,3.248128,0.0045
65536,staggered_driven,linked,1,39,3.72736,0.0047
65536,staggered_driven,bounded_linked,1,0,3.611648,0.0321
65536,staggered_driven,bounded_linked,1,1,3.644416,0.0057
65536,staggered_driven,bounded_linked,1,2,3.692544,0.0092
65536,staggered_driven,bounded_linked,1,3,3.33312,0.0082
65536,staggered_driven,bounded_linked,1,4,3.462144,0.0087
65536,staggered_driven,bounded_linked,1,5,3.500032,0.0091
65536,staggered_driven,bounded_linked,1,6,3.26656,0.0097
65536,staggered_driven,bounded_linked,1,7,3.45088,0.0128
65536,staggered_driven,bounded_linked,1,8,3.278848,0.0102
65536,staggered_driven,bounded_linked,1,9,3.582976,0.0091
65536,staggered_driven,bounded_linked,1,10,3.564544,0.0086
65536,staggered_driven,bounded_linked,1,11,3.339264,0.0054
65536,staggered_driven,bounded_linked,1,12,3.836928,0.0056
65536,staggered_driven,bounded_linked,1,13,3.3536,0.0054
65536,staggered_driven,bounded_linked,1,14,3.329024,0.0046
65536,staggered_driven,bounded_linked,1,15,3.634176,0.0054
65536,staggered_driven,bounded_linked,1,16,3.65056,0.009
65536,staggered_driven,bounded_linked,1,17,3.469312,0.0106
65536,staggered_driven,bounded_linked,1,18,3.29216,0.0045
65536,staggered_driven,bounded_linked,1,19,3.74784,0.0096
65536,staggered_driven,bounded_linked,1,20,3.156992,0.0062
65536,staggered_driven,bounded_linked,1,21,3.662848,0.0051
65536,staggered_driven,bounded_linked,1,22,3.658752,0.005
65536,staggered_driven,bounded_linked,1,23,3.494912,0.005
65536,staggered_driven,bounded_linked,1,24,3.457024,0.0059
65536,staggered_driven,bounded_linked,1,25,3.391488,0.0058
65536,staggered_driven,bounded_linked,1,26,3.567616,0.0052
65536,staggered_driven,bounded_linked,1,27,3.3024,0.0051
65536,staggered_driven,bounded_linked,1,28,3.520512,0.0059
65536,staggered_driven,bounded_linked,1,29,3.518464,0.0061
65536,staggered_driven,bounded_linked,1,30,3.369984,0.0061
65536,staggered_driven,bounded_linked,1,31,3.734528,0.0068
65536,staggered_driven,bounded_linked,1,32,3.51744,0.0055
65536,staggered_driven,bounded_linked,1,33,3.326976,0.0049
65536,staggered_driven,bounded_linked,1,34,3.65568,0.0056
65536,staggered_driven,bounded_linked,1,35,3.373056,0.0052
65536,staggered_driven,bounded_linked,1,36,3.757056,0.0053
65536,staggered_driven,bounded_linked,1,37,3.347456,0.0056
65536,staggered_driven,bounded_linked,1,38,3.484672,0.005
65536,staggered_driven,bounded_linked,1,39,3.304448,0.0059
65536,staggered_driven,exact_ranges,1,0,4.706304,0.027
65536,staggered_driven,exact_ranges,1,1,4.508672,0.0114
65536,staggered_driven,exact_ranges,1,2,4.508672,0.0138
65536,staggered_driven,exact_ranges,1,3,4.477952,0.0107
65536,staggered_driven,exact_ranges,1,4,4.571136,0.0093
65536,staggered_driven,exact_ranges,1,5,4.47488,0.0089
65536,staggered_driven,exact_ranges,1,6,4.711424,0.0094
65536,staggered_driven,exact_ranges,1,7,4.504576,0.0097
65536,staggered_driven,exact_ranges,1,8,4.48,0.0212
65536,staggered_driven,exact_ranges,1,9,4.374528,0.0141
65536,staggered_driven,exact_ranges,1,10,4.473856,0.01
65536,staggered_driven,exact_ranges,1,11,4.649984,0.0094
65536,staggered_driven,exact_ranges,1,12,4.451328,0.0092
65536,staggered_driven,exact_ranges,1,13,4.491264,0.0092
65536,staggered_driven,exact_ranges,1,14,4.558848,0.009
65536,staggered_driven,exact_ranges,1,15,4.606976,0.0105
65536,staggered_driven,exact_ranges,1,16,4.51584,0.0097
65536,staggered_driven,exact_ranges,1,17,4.513792,0.0093
65536,staggered_driven,exact_ranges,1,18,4.871168,0.0097
65536,staggered_driven,exact_ranges,1,19,4.509696,0.0087
65536,staggered_driven,exact_ranges,1,20,4.363264,0.009
65536,staggered_driven,exact_ranges,1,21,4.451328,0.009
65536,staggered_driven,exact_ranges,1,22,4.7104,0.0093
65536,staggered_driven,exact_ranges,1,23,4.552704,0.0096
65536,staggered_driven,exact_ranges,1,24,4.46464,0.0099
65536,staggered_driven,exact_ranges,1,25,4.56704,0.0093
65536,staggered_driven,exact_ranges,1,26,4.455424,0.0087
65536,staggered_driven,exact_ranges,1,27,4.484096,0.0163
65536,staggered_driven,exact_ranges,1,28,4.483072,0.0095
65536,staggered_driven,exact_ranges,1,29,4.65408,0.0101
65536,staggered_driven,exact_ranges,1,30,4.921344,0.0107
65536,staggered_driven,exact_ranges,1,31,4.400128,0.0091
65536,staggered_driven,exact_ranges,1,32,4.46464,0.0094
65536,staggered_driven,exact_ranges,1,33,4.662272,0.023
65536,staggered_driven,exact_ranges,1,34,4.475904,0.0091
65536,staggered_driven,exact_ranges,1,35,4.432896,0.0092
65536,staggered_driven,exact_ranges,1,36,4.553728,0.0095
65536,staggered_driven,exact_ranges,1,37,4.501504,0.0086
65536,staggered_driven,exact_ranges,1,38,4.543488,0.0207
65536,staggered_driven,exact_ranges,1,39,4.524032,0.0081
65536,staggered_driven,bounded_linked,2,0,3.56864,0.0246
65536,staggered_driven,bounded_linked,2,1,3.569664,0.0242
65536,staggered_driven,bounded_linked,2,2,3.566592,0.0182
65536,staggered_driven,bounded_linked,2,3,3.457024,0.0135
65536,staggered_driven,bounded_linked,2,4,3.426304,0.0152
65536,staggered_driven,bounded_linked,2,5,3.5584,0.0182
65536,staggered_driven,bounded_linked,2,6,3.3792,0.009
65536,staggered_driven,bounded_linked,2,7,3.519488,0.007
65536,staggered_driven,bounded_linked,2,8,3.562496,0.0078
65536,staggered_driven,bounded_linked,2,9,3.567616,0.0183
65536,staggered_driven,bounded_linked,2,10,3.273728,0.0034
65536,staggered_driven,bounded_linked,2,11,3.286016,0.014
65536,staggered_driven,bounded_linked,2,12,3.591168,0.0077
65536,staggered_driven,bounded_linked,2,13,3.621888,0.0067
65536,staggered_driven,bounded_linked,2,14,3.524608,0.0071
65536,staggered_driven,bounded_linked,2,15,3.453952,0.0066
65536,staggered_driven,bounded_linked,2,16,3.323904,0.0084
65536,staggered_driven,bounded_linked,2,17,3.252224,0.0063
65536,staggered_driven,bounded_linked,2,18,3.488768,0.0066
65536,staggered_driven,bounded_linked,2,19,3.487744,0.007
65536,staggered_driven,bounded_linked,2,20,3.575808,0.0119
65536,staggered_driven,bounded_linked,2,21,3.451904,0.0079
65536,staggered_driven,bounded_linked,2,22,3.518464,0.007
65536,staggered_driven,bounded_linked,2,23,3.536896,0.0075
65536,staggered_driven,bounded_linked,2,24,3.34848,0.0069
65536,staggered_driven,bounded_linked,2,25,3.499008,0.0089
65536,staggered_driven,bounded_linked,2,26,3.470336,0.0056
65536,staggered_driven,bounded_linked,2,27,3.342336,0.0119
65536,staggered_driven,bounded_linked,2,28,3.473408,0.0083
65536,staggered_driven,bounded_linked,2,29,3.259392,0.0068
65536,staggered_driven,bounded_linked,2,30,3.518464,0.0076
65536,staggered_driven,bounded_linked,2,31,3.627008,0.0072
65536,staggered_driven,bounded_linked,2,32,3.427328,0.0073
65536,staggered_driven,bounded_linked,2,33,3.552256,0.008
65536,staggered_driven,bounded_linked,2,34,3.429376,0.0072
65536,staggered_driven,bounded_linked,2,35,3.252224,0.0068
65536,staggered_driven,bounded_linked,2,36,3.588096,0.0066
65536,staggered_driven,bounded_linked,2,37,3.570688,0.0071
65536,staggered_driven,bounded_linked,2,38,3.4816,0.0066
65536,staggered_driven,bounded_linked,2,39,3.262464,0.0068
65536,staggered_driven,exact_ranges,2,0,4.509696,0.0213
65536,staggered_driven,exact_ranges,2,1,4.589568,0.0094
65536,staggered_driven,exact_ranges,2,2,4.624384,0.0079
65536,staggered_driven,exact_ranges,2,3,4.591616,0.0077
65536,staggered_driven,exact_ranges,2,4,4.468736,0.0077
65536,staggered_driven,exact_ranges,2,5,4.570112,0.008
65536,staggered_driven,exact_ranges,2,6,4.4288,0.0078
65536,staggered_driven,exact_ranges,2,7,4.399104,0.0072
65536,staggered_driven,exact_ranges,2,8,4.785152,0.0075
65536,staggered_driven,exact_ranges,2,9,4.431872,0.0081
65536,staggered_driven,exact_ranges,2,10,4.724736,0.0081
65536,staggered_driven,exact_ranges,2,11,4.455424,0.0073
65536,staggered_driven,exact_ranges,2,12,4.5824,0.0075
65536,staggered_driven,exact_ranges,2,13,4.477952,0.0117
65536,staggered_driven,exact_ranges,2,14,4.411392,0.0083
65536,staggered_driven,exact_ranges,2,15,4.466688,0.0081
65536,staggered_driven,exact_ranges,2,16,4.538368,0.0076
65536,staggered_driven,exact_ranges,2,17,4.777984,0.0074
65536,staggered_driven,exact_ranges,2,18,4.406272,0.0075
65536,staggered_driven,exact_ranges,2,19,4.390912,0.0079
65536,staggered_driven,exact_ranges,2,20,4.728832,0.008
65536,staggered_driven,exact_ranges,2,21,4.304896,0.0113
65536,staggered_driven,exact_ranges,2,22,4.652032,0.0081
65536,staggered_driven,exact_ranges,2,23,4.537344,0.0074
65536,staggered_driven,exact_ranges,2,24,4.511744,0.008
65536,staggered_driven,exact_ranges,2,25,4.524032,0.0073
65536,staggered_driven,exact_ranges,2,26,4.43392,0.0077
65536,staggered_driven,exact_ranges,2,27,4.388864,0.0075
65536,staggered_driven,exact_ranges,2,28,4.471808,0.0073
65536,staggered_driven,exact_ranges,2,29,4.739072,0.0086
65536,staggered_driven,exact_ranges,2,30,4.366336,0.0081
65536,staggered_driven,exact_ranges,2,31,5.086208,0.0089
65536,staggered_driven,exact_ranges,2,32,4.308992,0.0079
65536,staggered_driven,exact_ranges,2,33,4.714496,0.0087
65536,staggered_driven,exact_ranges,2,34,4.499456,0.0085
65536,staggered_driven,exact_ranges,2,35,4.514816,0.0084
65536,staggered_driven,exact_ranges,2,36,4.41344,0.0082
65536,staggered_driven,exact_ranges,2,37,4.488192,0.0077
65536,staggered_driven,exact_ranges,2,38,4.548608,0.0072
65536,staggered_driven,exact_ranges,2,39,4.57216,0.0079
65536,staggered_driven,linked,2,0,3.37408,0.0089
65536,staggered_driven,linked,2,1,3.262464,0.0059
65536,staggered_driven,linked,2,2,3.218432,0.0096
65536,staggered_driven,linked,2,3,3.519488,0.006
65536,staggered_driven,linked,2,4,3.284992,0.0056
65536,staggered_driven,linked,2,5,3.740672,0.0044
65536,staggered_driven,linked,2,6,3.255296,0.0042
65536,staggered_driven,linked,2,7,3.42528,0.0056
65536,staggered_driven,linked,2,8,3.224576,0.0098
65536,staggered_driven,linked,2,9,3.439616,0.0062
65536,staggered_driven,linked,2,10,3.431424,0.0085
65536,staggered_driven,linked,2,11,3.234816,0.006
65536,staggered_driven,linked,2,12,3.495936,0.0098
65536,staggered_driven,linked,2,13,3.137536,0.0083
65536,staggered_driven,linked,2,14,3.426304,0.0049
65536,staggered_driven,linked,2,15,3.469312,0.0102
65536,staggered_driven,linked,2,16,3.529728,0.0069
65536,staggered_driven,linked,2,17,3.245056,0.0067
65536,staggered_driven,linked,2,18,3.168256,0.0047
65536,staggered_driven,linked,2,19,3.475456,0.0049
65536,staggered_driven,linked,2,20,3.453952,0.0061
65536,staggered_driven,linked,2,21,3.542016,0.0044
65536,staggered_driven,linked,2,22,3.216384,0.0044
65536,staggered_driven,linked,2,23,3.501056,0.0059
65536,staggered_driven,linked,2,24,3.20512,0.0059
65536,staggered_driven,linked,2,25,3.544064,0.0054
65536,staggered_driven,linked,2,26,3.612672,0.0043
65536,staggered_driven,linked,2,27,3.192832,0.006
65536,staggered_driven,linked,2,28,3.50208,0.0052
65536,staggered_driven,linked,2,29,3.250176,0.0044
65536,staggered_driven,linked,2,30,3.51232,0.0049
65536,staggered_driven,linked,2,31,3.456,0.006
65536,staggered_driven,linked,2,32,3.395584,0.0055
65536,staggered_driven,linked,2,33,3.280896,0.0046
65536,staggered_driven,linked,2,34,3.204096,0.0051
65536,staggered_driven,linked,2,35,3.469312,0.0052
65536,staggered_driven,linked,2,36,3.44064,0.0044
65536,staggered_driven,linked,2,37,3.161088,0.0047
65536,staggered_driven,linked,2,38,3.422208,0.0049
65536,staggered_driven,linked,2,39,3.23072,0.0041
65536,staggered_driven,exact_ranges,3,0,4.65408,0.025
65536,staggered_driven,exact_ranges,3,1,4.48,0.0083
65536,staggered_driven,exact_ranges,3,2,4.462592,0.0122
65536,staggered_driven,exact_ranges,3,3,4.422656,0.0077
65536,staggered_driven,exact_ranges,3,4,4.601856,0.0074
65536,staggered_driven,exact_ranges,3,5,4.502528,0.0081
65536,staggered_driven,exact_ranges,3,6,4.54144,0.0076
65536,staggered_driven,exact_ranges,3,7,4.43392,0.0077
65536,staggered_driven,exact_ranges,3,8,4.717568,0.0071
65536,staggered_driven,exact_ranges,3,9,4.441088,0.0077
65536,staggered_driven,exact_ranges,3,10,4.487168,0.008
65536,staggered_driven,exact_ranges,3,11,4.506624,0.0072
65536,staggered_driven,exact_ranges,3,12,4.514816,0.0096
65536,staggered_driven,exact_ranges,3,13,4.690944,0.0116
65536,staggered_driven,exact_ranges,3,14,4.470784,0.0084
65536,staggered_driven,exact_ranges,3,15,4.481024,0.0077
65536,staggered_driven,exact_ranges,3,16,4.507648,0.0073
65536,staggered_driven,exact_ranges,3,17,4.41856,0.0073
65536,staggered_driven,exact_ranges,3,18,4.458496,0.0113
65536,staggered_driven,exact_ranges,3,19,4.535296,0.0083
65536,staggered_driven,exact_ranges,3,20,4.570112,0.0078
65536,staggered_driven,exact_ranges,3,21,4.973568,0.0154
65536,staggered_driven,exact_ranges,3,22,4.282368,0.0083
65536,staggered_driven,exact_ranges,3,23,4.550656,0.0072
65536,staggered_driven,exact_ranges,3,24,4.716544,0.0082
65536,staggered_driven,exact_ranges,3,25,4.458496,0.0072
65536,staggered_driven,exact_ranges,3,26,4.564992,0.0073
65536,staggered_driven,exact_ranges,3,27,4.574208,0.0076
65536,staggered_driven,exact_ranges,3,28,4.56704,0.0078
65536,staggered_driven,exact_ranges,3,29,4.47488,0.0076
65536,staggered_driven,exact_ranges,3,30,4.451328,0.0071
65536,staggered_driven,exact_ranges,3,31,4.90496,0.0072
65536,staggered_driven,exact_ranges,3,32,4.543488,0.0072
65536,staggered_driven,exact_ranges,3,33,4.471808,0.008
65536,staggered_driven,exact_ranges,3,34,4.883456,0.0083
65536,staggered_driven,exact_ranges,3,35,4.614144,0.0074
65536,staggered_driven,exact_ranges,3,36,4.525056,0.0072
65536,staggered_driven,exact_ranges,3,37,4.467712,0.008
65536,staggered_driven,exact_ranges,3,38,4.379648,0.0124
65536,staggered_driven,exact_ranges,3,39,4.508672,0.0079
65536,staggered_driven,linked,3,0,3.531776,0.0089
65536,staggered_driven,linked,3,1,3.408896,0.009
65536,staggered_driven,linked,3,2,3.253248,0.0047
65536,staggered_driven,linked,3,3,3.247104,0.0062
65536,staggered_driven,linked,3,4,3.458048,0.0049
65536,staggered_driven,linked,3,5,3.313664,0.0044
65536,staggered_driven,linked,3,6,3.675136,0.0043
65536,staggered_driven,linked,3,7,3.141632,0.0049
65536,staggered_driven,linked,3,8,3.146752,0.0057
65536,staggered_driven,linked,3,9,3.5072,0.0043
65536,staggered_driven,linked,3,10,3.50208,0.005
65536,staggered_driven,linked,3,11,3.25632,0.0061
65536,staggered_driven,linked,3,12,3.354624,0.0051
65536,staggered_driven,linked,3,13,3.46112,0.0047
65536,staggered_driven,linked,3,14,3.380224,0.0058
65536,staggered_driven,linked,3,15,3.494912,0.005
65536,staggered_driven,linked,3,16,3.472384,0.0048
65536,staggered_driven,linked,3,17,3.24608,0.0045
65536,staggered_driven,linked,3,18,3.556352,0.0047
65536,staggered_driven,linked,3,19,3.24096,0.0044
65536,staggered_driven,linked,3,20,3.315712,0.0053
65536,staggered_driven,linked,3,21,3.75808,0.0046
65536,staggered_driven,linked,3,22,3.398656,0.0044
65536,staggered_driven,linked,3,23,3.263488,0.0048
65536,staggered_driven,linked,3,24,3.213312,0.0053
65536,staggered_driven,linked,3,25,3.423232,0.0046
65536,staggered_driven,linked,3,26,3.398656,0.0047
65536,staggered_driven,linked,3,27,3.245056,0.0086
65536,staggered_driven,linked,3,28,3.530752,0.0044
65536,staggered_driven,linked,3,29,3.181568,0.0059
65536,staggered_driven,linked,3,30,3.447808,0.0043
65536,staggered_driven,linked,3,31,3.489792,0.0059
65536,staggered_driven,linked,3,32,3.405824,0.005
65536,staggered_driven,linked,3,33,3.24608,0.0042
65536,staggered_driven,linked,3,34,3.495936,0.0045
65536,staggered_driven,linked,3,35,3.209216,0.0048
65536,staggered_driven,linked,3,36,3.464192,0.0045
65536,staggered_driven,linked,3,37,3.477504,0.0049
65536,staggered_driven,linked,3,38,3.473408,0.0042
65536,staggered_driven,linked,3,39,3.437568,0.005
65536,staggered_driven,bounded_linked,3,0,3.526656,0.0068
65536,staggered_driven,bounded_linked,3,1,3.62496,0.0057
65536,staggered_driven,bounded_linked,3,2,3.26656,0.0054
65536,staggered_driven,bounded_linked,3,3,3.23584,0.0052
65536,staggered_driven,bounded_linked,3,4,3.54304,0.0053
65536,staggered_driven,bounded_linked,3,5,3.662848,0.0053
65536,staggered_driven,bounded_linked,3,6,3.51744,0.0054
65536,staggered_driven,bounded_linked,3,7,3.499008,0.0052
65536,staggered_driven,bounded_linked,3,8,3.326976,0.006
65536,staggered_driven,bounded_linked,3,9,3.367936,0.0086
65536,staggered_driven,bounded_linked,3,10,3.504128,0.0067
65536,staggered_driven,bounded_linked,3,11,3.580928,0.0049
65536,staggered_driven,bounded_linked,3,12,3.489792,0.0062
65536,staggered_driven,bounded_linked,3,13,3.37408,0.006
65536,staggered_driven,bounded_linked,3,14,3.693568,0.0056
65536,staggered_driven,bounded_linked,3,15,3.713024,0.0061
65536,staggered_driven,bounded_linked,3,16,3.296256,0.0056
65536,staggered_driven,bounded_linked,3,17,3.61472,0.0057
65536,staggered_driven,bounded_linked,3,18,3.625984,0.0061
65536,staggered_driven,bounded_linked,3,19,3.6352,0.006
65536,staggered_driven,bounded_linked,3,20,3.634176,0.0051
65536,staggered_driven,bounded_linked,3,21,3.428352,0.0059
65536,staggered_driven,bounded_linked,3,22,3.59936,0.0052
65536,staggered_driven,bounded_linked,3,23,3.531776,0.0052
65536,staggered_driven,bounded_linked,3,24,3.590144,0.0059
65536,staggered_driven,bounded_linked,3,25,3.631104,0.0051
65536,staggered_driven,bounded_linked,3,26,3.592192,0.0052
65536,staggered_driven,bounded_linked,3,27,3.295232,0.0057
65536,staggered_driven,bounded_linked,3,28,3.618816,0.0082
65536,staggered_driven,bounded_linked,3,29,3.294208,0.0054
65536,staggered_driven,bounded_linked,3,30,3.65568,0.005
65536,staggered_driven,bounded_linked,3,31,3.56352,0.0053
65536,staggered_driven,bounded_linked,3,32,3.520512,0.0053
65536,staggered_driven,bounded_linked,3,33,3.587072,0.0051
65536,staggered_driven,bounded_linked,3,34,3.367936,0.0051
65536,staggered_driven,bounded_linked,3,35,3.315712,0.0049
65536,staggered_driven,bounded_linked,3,36,3.559424,0.0051
65536,staggered_driven,bounded_linked,3,37,3.304448,0.0052
65536,staggered_driven,bounded_linked,3,38,3.810304,0.0056
65536,staggered_driven,bounded_linked,3,39,3.330048,0.0059
131072,aligned_still,linked,1,0,6.007808,0.0124
131072,aligned_still,linked,1,1,5.767168,0.0123
131072,aligned_still,linked,1,2,5.892096,0.0097
131072,aligned_still,linked,1,3,5.632,0.0059
131072,aligned_still,linked,1,4,5.76,0.0054
131072,aligned_still,linked,1,5,5.786624,0.0059
131072,aligned_still,linked,1,6,5.786624,0.0059
131072,aligned_still,linked,1,7,5.59104,0.0054
131072,aligned_still,linked,1,8,6.040576,0.0052
131072,aligned_still,linked,1,9,5.573632,0.0041
131072,aligned_still,linked,1,10,5.727232,0.0042
131072,aligned_still,linked,1,11,5.878784,0.0041
131072,aligned_still,linked,1,12,5.634048,0.0038
131072,aligned_still,linked,1,13,5.772288,0.0043
131072,aligned_still,linked,1,14,5.714944,0.0043
131072,aligned_still,linked,1,15,5.538816,0.0145
131072,aligned_still,linked,1,16,5.947392,0.0017
131072,aligned_still,linked,1,17,5.645312,0.0021
131072,aligned_still,linked,1,18,5.809152,0.0017
131072,aligned_still,linked,1,19,5.812224,0.0029
131072,aligned_still,linked,1,20,5.557248,0.0026
131072,aligned_still,linked,1,21,5.727232,0.0018
131072,aligned_still,linked,1,22,5.66784,0.0018
131072,aligned_still,linked,1,23,5.613568,0.0018
131072,aligned_still,linked,1,24,5.83168,0.0024
131072,aligned_still,linked,1,25,5.819392,0.0031
131072,aligned_still,linked,1,26,5.844992,0.0058
131072,aligned_still,linked,1,27,5.592064,0.002
131072,aligned_still,linked,1,28,5.82144,0.0022
131072,aligned_still,linked,1,29,6.11328,0.0028
131072,aligned_still,linked,1,30,5.613568,0.0029
131072,aligned_still,linked,1,31,5.5296,0.0022
131072,aligned_still,linked,1,32,5.98016,0.0021
131072,aligned_still,linked,1,33,5.595136,0.0018
131072,aligned_still,linked,1,34,5.840896,0.0024
131072,aligned_still,linked,1,35,5.658624,0.0029
131072,aligned_still,linked,1,36,5.791744,0.0018
131072,aligned_still,linked,1,37,5.79584,0.0024
131072,aligned_still,linked,1,38,5.649408,0.0102
131072,aligned_still,linked,1,39,5.716992,0.0042
131072,aligned_still,bounded_linked,1,0,6.0672,0.0095
131072,aligned_still,bounded_linked,1,1,5.991424,0.0057
131072,aligned_still,bounded_linked,1,2,5.924864,0.0049
131072,aligned_still,bounded_linked,1,3,5.7344,0.0056
131072,aligned_still,bounded_linked,1,4,5.881856,0.0051
131072,aligned_still,bounded_linked,1,5,6.127616,0.0052
131072,aligned_still,bounded_linked,1,6,6.078464,0.0086
131072,aligned_still,bounded_linked,1,7,5.907456,0.006
131072,aligned_still,bounded_linked,1,8,5.970944,0.0052
131072,aligned_still,bounded_linked,1,9,6.120448,0.0051
131072,aligned_still,bounded_linked,1,10,5.73952,0.0086
131072,aligned_still,bounded_linked,1,11,6.373376,0.0048
131072,aligned_still,bounded_linked,1,12,5.870592,0.0049
131072,aligned_still,bounded_linked,1,13,6.194176,0.0048
131072,aligned_still,bounded_linked,1,14,6.102016,0.0048
131072,aligned_still,bounded_linked,1,15,6.08256,0.005
131072,aligned_still,bounded_linked,1,16,6.345728,0.0056
131072,aligned_still,bounded_linked,1,17,6.17984,0.0046
131072,aligned_still,bounded_linked,1,18,6.207488,0.005
131072,aligned_still,bounded_linked,1,19,6.193152,0.0083
131072,aligned_still,bounded_linked,1,20,6.075392,0.0081
131072,aligned_still,bounded_linked,1,21,6.202368,0.009
131072,aligned_still,bounded_linked,1,22,6.295552,0.0089
131072,aligned_still,bounded_linked,1,23,6.247424,0.0091
131072,aligned_still,bounded_linked,1,24,6.038528,0.0092
131072,aligned_still,bounded_linked,1,25,6.170624,0.0081
131072,aligned_still,bounded_linked,1,26,5.96992,0.01
131072,aligned_still,bounded_linked,1,27,6.146048,0.0108
131072,aligned_still,bounded_linked,1,28,6.441984,0.0092
131072,aligned_still,bounded_linked,1,29,5.987328,0.009
131072,aligned_still,bounded_linked,1,30,6.391808,0.0055
131072,aligned_still,bounded_linked,1,31,5.843968,0.0047
131072,aligned_still,bounded_linked,1,32,6.447104,0.0044
131072,aligned_still,bounded_linked,1,33,6.089728,0.0055
131072,aligned_still,bounded_linked,1,34,6.385664,0.0059
131072,aligned_still,bounded_linked,1,35,5.915648,0.0058
131072,aligned_still,bounded_linked,1,36,6.289408,0.0055
131072,aligned_still,bounded_linked,1,37,6.166528,0.0046
131072,aligned_still,bounded_linked,1,38,6.244352,0.0051
131072,aligned_still,bounded_linked,1,39,6.084608,0.0047
131072,aligned_still,exact_ranges,1,0,8.356864,0.0218
131072,aligned_still,exact_ranges,1,1,8.351744,0.0081
131072,aligned_still,exact_ranges,1,2,8.013824,0.0116
131072,aligned_still,exact_ranges,1,3,8.155136,0.0074
131072,aligned_still,exact_ranges,1,4,8.351744,0.0072
131072,aligned_still,exact_ranges,1,5,8.291328,0.0071
131072,aligned_still,exact_ranges,1,6,8.042496,0.0073
131072,aligned_still,exact_ranges,1,7,8.265728,0.0073
131072,aligned_still,exact_ranges,1,8,8.346624,0.0075
131072,aligned_still,exact_ranges,1,9,8.178688,0.0069
131072,aligned_still,exact_ranges,1,10,8.254464,0.0185
131072,aligned_still,exact_ranges,1,11,8.159232,0.0074
131072,aligned_still,exact_ranges,1,12,8.395776,0.0091
131072,aligned_still,exact_ranges,1,13,8.175616,0.0086
131072,aligned_still,exact_ranges,1,14,7.936,0.0071
131072,aligned_still,exact_ranges,1,15,8.230912,0.0073
131072,aligned_still,exact_ranges,1,16,8.2176,0.0104
131072,aligned_still,exact_ranges,1,17,8.278016,0.0071
131072,aligned_still,exact_ranges,1,18,8.250368,0.0072
131072,aligned_still,exact_ranges,1,19,8.349696,0.0075
131072,aligned_still,exact_ranges,1,20,8.2432,0.0072
131072,aligned_still,exact_ranges,1,21,8.210432,0.0072
131072,aligned_still,exact_ranges,1,22,8.236032,0.007
131072,aligned_still,exact_ranges,1,23,8.143872,0.0074
131072,aligned_still,exact_ranges,1,24,8.17664,0.0108
131072,aligned_still,exact_ranges,1,25,8.13056,0.0079
131072,aligned_still,exact_ranges,1,26,8.105984,0.0071
131072,aligned_still,exact_ranges,1,27,8.211456,0.007
131072,aligned_still,exact_ranges,1,28,8.2944,0.007
131072,aligned_still,exact_ranges,1,29,8.328192,0.007
131072,aligned_still,exact_ranges,1,30,8.091648,0.0124
131072,aligned_still,exact_ranges,1,31,8.260608,0.0113
131072,aligned_still,exact_ranges,1,32,8.229888,0.0077
131072,aligned_still,exact_ranges,1,33,8.295424,0.0076
131072,aligned_still,exact_ranges,1,34,7.962624,0.0118
131072,aligned_still,exact_ranges,1,35,8.339456,0.0084
131072,aligned_still,exact_ranges,1,36,8.329216,0.0074
131072,aligned_still,exact_ranges,1,37,8.19712,0.0075
131072,aligned_still,exact_ranges,1,38,8.221696,0.0076
131072,aligned_still,exact_ranges,1,39,8.41216,0.0115
131072,aligned_still,bounded_linked,2,0,6.131712,0.0133
131072,aligned_still,bounded_linked,2,1,5.965824,0.006
131072,aligned_still,bounded_linked,2,2,6.30784,0.0047
131072,aligned_still,bounded_linked,2,3,6.052864,0.0049
131072,aligned_still,bounded_linked,2,4,6.182912,0.0058
131072,aligned_still,bounded_linked,2,5,6.211584,0.0056
131072,aligned_still,bounded_linked,2,6,5.95456,0.0064
131072,aligned_still,bounded_linked,2,7,5.900288,0.0048
131072,aligned_still,bounded_linked,2,8,5.864448,0.0044
131072,aligned_still,bounded_linked,2,9,5.978112,0.005
131072,aligned_still,bounded_linked,2,10,6.06208,0.0045
131072,aligned_still,bounded_linked,2,11,6.060032,0.0055
131072,aligned_still,bounded_linked,2,12,5.943296,0.0049
131072,aligned_still,bounded_linked,2,13,5.9648,0.0061
131072,aligned_still,bounded_linked,2,14,6.070272,0.006
131072,aligned_still,bounded_linked,2,15,5.752832,0.0049
131072,aligned_still,bounded_linked,2,16,6.370304,0.005
131072,aligned_still,bounded_linked,2,17,5.815296,0.0049
131072,aligned_still,bounded_linked,2,18,5.982208,0.0044
131072,aligned_still,bounded_linked,2,19,6.00064,0.0056
131072,aligned_still,bounded_linked,2,20,5.996544,0.0044
131072,aligned_still,bounded_linked,2,21,6.230016,0.0048
131072,aligned_still,bounded_linked,2,22,5.79584,0.0057
131072,aligned_still,bounded_linked,2,23,6.034432,0.0056
131072,aligned_still,bounded_linked,2,24,5.956608,0.0049
131072,aligned_still,bounded_linked,2,25,5.899264,0.005
131072,aligned_still,bounded_linked,2,26,5.805056,0.0048
131072,aligned_still,bounded_linked,2,27,6.13376,0.0046
131072,aligned_still,bounded_linked,2,28,5.978112,0.0044
131072,aligned_still,bounded_linked,2,29,5.783552,0.0051
131072,aligned_still,bounded_linked,2,30,6.219776,0.0049
131072,aligned_still,bounded_linked,2,31,5.834752,0.0048
131072,aligned_still,bounded_linked,2,32,6.151168,0.0045
131072,aligned_still,bounded_linked,2,33,6.166528,0.0103
131072,aligned_still,bounded_linked,2,34,6.273024,0.0053
131072,aligned_still,bounded_linked,2,35,5.82144,0.0053
131072,aligned_still,bounded_linked,2,36,6.03136,0.0048
131072,aligned_still,bounded_linked,2,37,6.063104,0.0046
131072,aligned_still,bounded_linked,2,38,6.26688,0.0049
131072,aligned_still,bounded_linked,2,39,6.035456,0.0049
131072,aligned_still,exact_ranges,2,0,8.333312,0.012
131072,aligned_still,exact_ranges,2,1,8.240128,0.008
131072,aligned_still,exact_ranges,2,2,8.240128,0.0071
131072,aligned_still,exact_ranges,2,3,8.23296,0.0077
131072,aligned_still,exact_ranges,2,4,8.051712,0.0069
131072,aligned_still,exact_ranges,2,5,8.649728,0.007
131072,aligned_still,exact_ranges,2,6,8.317952,0.0069
131072,aligned_still,exact_ranges,2,7,8.343552,0.0073
131072,aligned_still,exact_ranges,2,8,8.49408,0.0069
131072,aligned_still,exact_ranges,2,9,8.589312,0.0068
131072,aligned_still,exact_ranges,2,10,8.159232,0.0069
131072,aligned_still,exact_ranges,2,11,8.311808,0.0077
131072,aligned_still,exact_ranges,2,12,8.38656,0.0069
131072,aligned_still,exact_ranges,2,13,8.457216,0.0073
131072,aligned_still,exact_ranges,2,14,8.291328,0.0072
131072,aligned_still,exact_ranges,2,15,8.230912,0.0082
131072,aligned_still,exact_ranges,2,16,8.413184,0.0111
131072,aligned_still,exact_ranges,2,17,8.449024,0.0078
131072,aligned_still,exact_ranges,2,18,8.489984,0.0081
131072,aligned_still,exact_ranges,2,19,8.124416,0.008
131072,aligned_still,exact_ranges,2,20,8.495104,0.0076
131072,aligned_still,exact_ranges,2,21,8.31488,0.0068
131072,aligned_still,exact_ranges,2,22,8.33024,0.0078
131072,aligned_still,exact_ranges,2,23,8.296448,0.0095
131072,aligned_still,exact_ranges,2,24,8.322048,0.0079
131072,aligned_still,exact_ranges,2,25,8.354816,0.0069
131072,aligned_still,exact_ranges,2,26,8.361984,0.0073
131072,aligned_still,exact_ranges,2,27,8.54016,0.0073
131072,aligned_still,exact_ranges,2,28,8.146944,0.0076
131072,aligned_still,exact_ranges,2,29,8.375296,0.0071
131072,aligned_still,exact_ranges,2,30,8.213504,0.007
131072,aligned_still,exact_ranges,2,31,8.475648,0.0068
131072,aligned_still,exact_ranges,2,32,8.354816,0.0069
131072,aligned_still,exact_ranges,2,33,8.372224,0.017
131072,aligned_still,exact_ranges,2,34,8.31488,0.005
131072,aligned_still,exact_ranges,2,35,8.270848,0.0038
131072,aligned_still,exact_ranges,2,36,8.390656,0.0036
131072,aligned_still,exact_ranges,2,37,8.361984,0.0037
131072,aligned_still,exact_ranges,2,38,8.354816,0.0044
131072,aligned_still,exact_ranges,2,39,8.385536,0.0038
131072,aligned_still,linked,2,0,5.582848,0.0159
131072,aligned_still,linked,2,1,5.573632,0.0056
131072,aligned_still,linked,2,2,6.08256,0.0079
131072,aligned_still,linked,2,3,5.530624,0.006
131072,aligned_still,linked,2,4,5.748736,0.0043
131072,aligned_still,linked,2,5,5.681152,0.0041
131072,aligned_still,linked,2,6,5.533696,0.0043
131072,aligned_still,linked,2,7,6.040576,0.0043
131072,aligned_still,linked,2,8,5.694464,0.0041
131072,aligned_still,linked,2,9,5.818368,0.0044
131072,aligned_still,linked,2,10,5.71904,0.0043
131072,aligned_still,linked,2,11,5.572608,0.0043
131072,aligned_still,linked,2,12,5.851136,0.0042
131072,aligned_still,linked,2,13,5.746688,0.0064
131072,aligned_still,linked,2,14,5.90848,0.0039
131072,aligned_still,linked,2,15,6.061056,0.0043
131072,aligned_still,linked,2,16,5.54496,0.0043
131072,aligned_still,linked,2,17,5.824512,0.004
131072,aligned_still,linked,2,18,5.78048,0.0044
131072,aligned_still,linked,2,19,5.687296,0.0042
131072,aligned_still,linked,2,20,5.907456,0.0039
131072,aligned_still,linked,2,21,5.82144,0.0047
131072,aligned_still,linked,2,22,5.704704,0.0042
131072,aligned_still,linked,2,23,5.76,0.004
131072,aligned_still,linked,2,24,5.487616,0.0043
131072,aligned_still,linked,2,25,5.938176,0.0049
131072,aligned_still,linked,2,26,5.578752,0.0042
131072,aligned_still,linked,2,27,5.737472,0.0041
131072,aligned_still,linked,2,28,5.824512,0.0052
131072,aligned_still,linked,2,29,5.814272,0.0061
131072,aligned_still,linked,2,30,6.012928,0.0041
131072,aligned_still,linked,2,31,5.819392,0.005
131072,aligned_still,linked,2,32,5.628928,0.0064
131072,aligned_still,linked,2,33,5.726208,0.0052
131072,aligned_still,linked,2,34,5.833728,0.0039
131072,aligned_still,linked,2,35,5.685248,0.005
131072,aligned_still,linked,2,36,5.9904,0.0052
131072,aligned_still,linked,2,37,5.663744,0.0043
131072,aligned_still,linked,2,38,5.881856,0.0045
131072,aligned_still,linked,2,39,5.81632,0.0056
131072,aligned_still,exact_ranges,3,0,8.384512,0.0174
131072,aligned_still,exact_ranges,3,1,8.142848,0.0075
131072,aligned_still,exact_ranges,3,2,8.102912,0.0069
131072,aligned_still,exact_ranges,3,3,8.0896,0.0152
131072,aligned_still,exact_ranges,3,4,8.394752,0.0083
131072,aligned_still,exact_ranges,3,5,8.123392,0.0076
131072,aligned_still,exact_ranges,3,6,8.276992,0.0075
131072,aligned_still,exact_ranges,3,7,8.27392,0.0076
131072,aligned_still,exact_ranges,3,8,8.288256,0.0212
131072,aligned_still,exact_ranges,3,9,8.16128,0.0056
131072,aligned_still,exact_ranges,3,10,8.22272,0.0045
131072,aligned_still,exact_ranges,3,11,8.214528,0.0038
131072,aligned_still,exact_ranges,3,12,8.288256,0.0051
131072,aligned_still,exact_ranges,3,13,7.989248,0.0042
131072,aligned_still,exact_ranges,3,14,8.177664,0.0161
131072,aligned_still,exact_ranges,3,15,8.460288,0.0095
131072,aligned_still,exact_ranges,3,16,8.261632,0.0069
131072,aligned_still,exact_ranges,3,17,8.254464,0.007
131072,aligned_still,exact_ranges,3,18,8.198144,0.0076
131072,aligned_still,exact_ranges,3,19,8.429568,0.0075
131072,aligned_still,exact_ranges,3,20,8.385536,0.0077
131072,aligned_still,exact_ranges,3,21,8.270848,0.0068
131072,aligned_still,exact_ranges,3,22,8.363008,0.0069
131072,aligned_still,exact_ranges,3,23,8.446976,0.0071
131072,aligned_still,exact_ranges,3,24,8.16128,0.007
131072,aligned_still,exact_ranges,3,25,8.292352,0.0156
131072,aligned_still,exact_ranges,3,26,8.356864,0.0114
131072,aligned_still,exact_ranges,3,27,8.544256,0.0077
131072,aligned_still,exact_ranges,3,28,8.414208,0.0081
131072,aligned_still,exact_ranges,3,29,8.318976,0.0133
131072,aligned_still,exact_ranges,3,30,8.244224,0.0074
131072,aligned_still,exact_ranges,3,31,8.38144,0.0122
131072,aligned_still,exact_ranges,3,32,8.286208,0.0074
131072,aligned_still,exact_ranges,3,33,8.196096,0.007
131072,aligned_still,exact_ranges,3,34,8.305664,0.0071
131072,aligned_still,exact_ranges,3,35,8.359936,0.0074
131072,aligned_still,exact_ranges,3,36,8.451072,0.007
131072,aligned_still,exact_ranges,3,37,8.247296,0.0071
131072,aligned_still,exact_ranges,3,38,8.15616,0.007
131072,aligned_still,exact_ranges,3,39,8.237056,0.0071
131072,aligned_still,linked,3,0,5.994496,0.0072
131072,aligned_still,linked,3,1,5.894144,0.0047
131072,aligned_still,linked,3,2,5.901312,0.0055
131072,aligned_still,linked,3,3,5.82656,0.0053
131072,aligned_still,linked,3,4,5.604352,0.004
131072,aligned_still,linked,3,5,5.868544,0.0043
131072,aligned_still,linked,3,6,5.971968,0.0037
131072,aligned_still,linked,3,7,5.946368,0.0055
131072,aligned_still,linked,3,8,5.874688,0.0047
131072,aligned_still,linked,3,9,5.608448,0.0049
131072,aligned_still,linked,3,10,5.921792,0.0041
131072,aligned_still,linked,3,11,5.910528,0.0049
131072,aligned_still,linked,3,12,5.951488,0.004
131072,aligned_still,linked,3,13,5.531648,0.0046
131072,aligned_still,linked,3,14,5.695488,0.004
131072,aligned_still,linked,3,15,5.796864,0.0071
131072,aligned_still,linked,3,16,5.741568,0.004
131072,aligned_still,linked,3,17,5.572608,0.0044
131072,aligned_still,linked,3,18,6.151168,0.004
131072,aligned_still,linked,3,19,5.624832,0.0054
131072,aligned_still,linked,3,20,5.878784,0.0039
131072,aligned_still,linked,3,21,5.808128,0.0051
131072,aligned_still,linked,3,22,5.579776,0.0084
131072,aligned_still,linked,3,23,5.880832,0.0042
131072,aligned_still,linked,3,24,5.915648,0.0044
131072,aligned_still,linked,3,25,5.84704,0.0049
131072,aligned_still,linked,3,26,5.619712,0.0039
131072,aligned_still,linked,3,27,5.803008,0.0042
131072,aligned_still,linked,3,28,5.77024,0.0043
131072,aligned_still,linked,3,29,5.869568,0.0043
131072,aligned_still,linked,3,30,5.93408,0.0041
131072,aligned_still,linked,3,31,5.773312,0.004
131072,aligned_still,linked,3,32,5.639168,0.0045
131072,aligned_still,linked,3,33,5.83168,0.0042
131072,aligned_still,linked,3,34,5.767168,0.0042
131072,aligned_still,linked,3,35,5.681152,0.0052
131072,aligned_still,linked,3,36,5.89312,0.0041
131072,aligned_still,linked,3,37,5.779456,0.0045
131072,aligned_still,linked,3,38,5.881856,0.004
131072,aligned_still,linked,3,39,5.722112,0.0042
131072,aligned_still,bounded_linked,3,0,5.967872,0.0095
131072,aligned_still,bounded_linked,3,1,6.080512,0.0056
131072,aligned_still,bounded_linked,3,2,5.830656,0.006
131072,aligned_still,bounded_linked,3,3,6.194176,0.0046
131072,aligned_still,bounded_linked,3,4,5.9648,0.005
131072,aligned_still,bounded_linked,3,5,5.948416,0.0055
131072,aligned_still,bounded_linked,3,6,6.151168,0.0055
131072,aligned_still,bounded_linked,3,7,5.984256,0.005
131072,aligned_still,bounded_linked,3,8,6.183936,0.005
131072,aligned_still,bounded_linked,3,9,5.830656,0.0051
131072,aligned_still,bounded_linked,3,10,6.183936,0.005
131072,aligned_still,bounded_linked,3,11,6.193152,0.0051
131072,aligned_still,bounded_linked,3,12,6.157312,0.0048
131072,aligned_still,bounded_linked,3,13,6.048768,0.0049
131072,aligned_still,bounded_linked,3,14,6.090752,0.0048
131072,aligned_still,bounded_linked,3,15,5.892096,0.005
131072,aligned_still,bounded_linked,3,16,6.130688,0.0045
131072,aligned_still,bounded_linked,3,17,6.321152,0.0046
131072,aligned_still,bounded_linked,3,18,5.817344,0.0047
131072,aligned_still,bounded_linked,3,19,6.249472,0.0053
131072,aligned_still,bounded_linked,3,20,5.793792,0.005
131072,aligned_still,bounded_linked,3,21,6.175744,0.005
131072,aligned_still,bounded_linked,3,22,6.07232,0.0046
131072,aligned_still,bounded_linked,3,23,6.033408,0.0047
131072,aligned_still,bounded_linked,3,24,6.023168,0.0088
131072,aligned_still,bounded_linked,3,25,6.094848,0.0063
131072,aligned_still,bounded_linked,3,26,6.16448,0.0056
131072,aligned_still,bounded_linked,3,27,5.850112,0.0052
131072,aligned_still,bounded_linked,3,28,6.2208,0.0048
131072,aligned_still,bounded_linked,3,29,5.8112,0.0056
131072,aligned_still,bounded_linked,3,30,6.004736,0.0044
131072,aligned_still,bounded_linked,3,31,5.962752,0.005
131072,aligned_still,bounded_linked,3,32,6.093824,0.0056
131072,aligned_still,bounded_linked,3,33,6.199296,0.0045
131072,aligned_still,bounded_linked,3,34,6.060032,0.005
131072,aligned_still,bounded_linked,3,35,5.904384,0.0055
131072,aligned_still,bounded_linked,3,36,6.003712,0.0045
131072,aligned_still,bounded_linked,3,37,6.183936,0.005
131072,aligned_still,bounded_linked,3,38,5.899264,0.0054
131072,aligned_still,bounded_linked,3,39,6.043648,0.0048
131072,staggered_still,linked,1,0,5.87776,0.0145
131072,staggered_still,linked,1,1,5.840896,0.0056
131072,staggered_still,linked,1,2,5.89824,0.0045
131072,staggered_still,linked,1,3,5.659648,0.004
131072,staggered_still,linked,1,4,6.173696,0.0045
131072,staggered_still,linked,1,5,5.641216,0.0053
131072,staggered_still,linked,1,6,5.935104,0.0042
131072,staggered_still,linked,1,7,5.902336,0.01
131072,staggered_still,linked,1,8,5.874688,0.0051
131072,staggered_still,linked,1,9,5.833728,0.004
131072,staggered_still,linked,1,10,6.045696,0.0043
131072,staggered_still,linked,1,11,6.310912,0.0041
131072,staggered_still,linked,1,12,5.709824,0.0078
131072,staggered_still,linked,1,13,5.92896,0.0054
131072,staggered_still,linked,1,14,5.950464,0.0039
131072,staggered_still,linked,1,15,6.109184,0.0044
131072,staggered_still,linked,1,16,5.960704,0.0042
131072,staggered_still,linked,1,17,5.756928,0.0039
131072,staggered_still,linked,1,18,6.173696,0.0053
131072,staggered_still,linked,1,19,5.68832,0.0039
131072,staggered_still,linked,1,20,6.037504,0.004
131072,staggered_still,linked,1,21,5.951488,0.0039
131072,staggered_still,linked,1,22,6.020096,0.006
131072,staggered_still,linked,1,23,5.974016,0.0038
131072,staggered_still,linked,1,24,5.69856,0.0044
131072,staggered_still,linked,1,25,6.066176,0.0041
131072,staggered_still,linked,1,26,5.868544,0.0055
131072,staggered_still,linked,1,27,6.030336,0.0084
131072,staggered_still,linked,1,28,5.85216,0.0046
131072,staggered_still,linked,1,29,5.6064,0.0043
131072,staggered_still,linked,1,30,5.89824,0.0082
131072,staggered_still,linked,1,31,5.897216,0.0042
131072,staggered_still,linked,1,32,6.091776,0.0045
131072,staggered_still,linked,1,33,5.865472,0.0048
131072,staggered_still,linked,1,34,5.643264,0.0041
131072,staggered_still,linked,1,35,6.1184,0.0042
131072,staggered_still,linked,1,36,5.677056,0.0051
131072,staggered_still,linked,1,37,5.858304,0.0039
131072,staggered_still,linked,1,38,6.043648,0.0093
131072,staggered_still,linked,1,39,5.855232,0.0043
131072,staggered_still,bounded_linked,1,0,6.303744,0.0126
131072,staggered_still,bounded_linked,1,1,6.079488,0.0061
131072,staggered_still,bounded_linked,1,2,6.085632,0.0101
131072,staggered_still,bounded_linked,1,3,6.069248,0.0056
131072,staggered_still,bounded_linked,1,4,5.8112,0.0045
131072,staggered_still,bounded_linked,1,5,6.413312,0.0052
131072,staggered_still,bounded_linked,1,6,5.940224,0.0052
131072,staggered_still,bounded_linked,1,7,6.591488,0.0123
131072,staggered_still,bounded_linked,1,8,5.881856,0.0058
131072,staggered_still,bounded_linked,1,9,6.175744,0.0056
131072,staggered_still,bounded_linked,1,10,6.10304,0.0103
131072,staggered_still,bounded_linked,1,11,6.309888,0.0048
131072,staggered_still,bounded_linked,1,12,5.987328,0.0051
131072,staggered_still,bounded_linked,1,13,6.347776,0.0118
131072,staggered_still,bounded_linked,1,14,6.15424,0.0057
131072,staggered_still,bounded_linked,1,15,6.079488,0.0047
131072,staggered_still,bounded_linked,1,16,6.172672,0.0049
131072,staggered_still,bounded_linked,1,17,6.294528,0.0048
131072,staggered_still,bounded_linked,1,18,6.177792,0.0044
131072,staggered_still,bounded_linked,1,19,6.043648,0.0049
131072,staggered_still,bounded_linked,1,20,6.100992,0.0058
131072,staggered_still,bounded_linked,1,21,6.12864,0.0048
131072,staggered_still,bounded_linked,1,22,6.121472,0.0047
131072,staggered_still,bounded_linked,1,23,6.07232,0.0051
131072,staggered_still,bounded_linked,1,24,6.342656,0.0049
131072,staggered_still,bounded_linked,1,25,6.347776,0.0051
131072,staggered_still,bounded_linked,1,26,6.130688,0.0085
131072,staggered_still,bounded_linked,1,27,6.016,0.0054
131072,staggered_still,bounded_linked,1,28,6.001664,0.005
131072,staggered_still,bounded_linked,1,29,6.146048,0.0054
131072,staggered_still,bounded_linked,1,30,6.310912,0.0046
131072,staggered_still,bounded_linked,1,31,5.96992,0.0046
131072,staggered_still,bounded_linked,1,32,6.182912,0.0052
131072,staggered_still,bounded_linked,1,33,6.185984,0.0047
131072,staggered_still,bounded_linked,1,34,6.2208,0.0043
131072,staggered_still,bounded_linked,1,35,6.148096,0.0049
131072,staggered_still,bounded_linked,1,36,6.130688,0.0052
131072,staggered_still,bounded_linked,1,37,6.030336,0.0044
131072,staggered_still,bounded_linked,1,38,6.096896,0.0047
131072,staggered_still,bounded_linked,1,39,6.135808,0.0085
131072,staggered_still,exact_ranges,1,0,8.192,0.0238
131072,staggered_still,exact_ranges,1,1,8.534016,0.0078
131072,staggered_still,exact_ranges,1,2,8.210432,0.0078
131072,staggered_still,exact_ranges,1,3,8.025088,0.0116
131072,staggered_still,exact_ranges,1,4,8.501248,0.0075
131072,staggered_still,exact_ranges,1,5,8.574976,0.0107
131072,staggered_still,exact_ranges,1,6,8.23296,0.0175
131072,staggered_still,exact_ranges,1,7,8.231936,0.0078
131072,staggered_still,exact_ranges,1,8,8.34048,0.0073
131072,staggered_still,exact_ranges,1,9,8.6272,0.0073
131072,staggered_still,exact_ranges,1,10,8.22272,0.0135
131072,staggered_still,exact_ranges,1,11,8.097792,0.0076
131072,staggered_still,exact_ranges,1,12,8.184832,0.0155
131072,staggered_still,exact_ranges,1,13,8.576,0.0076
131072,staggered_still,exact_ranges,1,14,8.136704,0.0074
131072,staggered_still,exact_ranges,1,15,8.276992,0.0114
131072,staggered_still,exact_ranges,1,16,8.477696,0.0082
131072,staggered_still,exact_ranges,1,17,8.28928,0.0086
131072,staggered_still,exact_ranges,1,18,8.454144,0.0078
131072,staggered_still,exact_ranges,1,19,8.307712,0.007
131072,staggered_still,exact_ranges,1,20,8.244224,0.0081
131072,staggered_still,exact_ranges,1,21,8.4224,0.0162
131072,staggered_still,exact_ranges,1,22,8.419328,0.0081
131072,staggered_still,exact_ranges,1,23,8.123392,0.0073
131072,staggered_still,exact_ranges,1,24,8.347648,0.0121
131072,staggered_still,exact_ranges,1,25,8.481792,0.0076
131072,staggered_still,exact_ranges,1,26,8.0896,0.0071
131072,staggered_still,exact_ranges,1,27,8.280064,0.0071
131072,staggered_still,exact_ranges,1,28,8.275968,0.0074
131072,staggered_still,exact_ranges,1,29,8.480768,0.0072
131072,staggered_still,exact_ranges,1,30,8.245248,0.0071
131072,staggered_still,exact_ranges,1,31,8.251392,0.0073
131072,staggered_still,exact_ranges,1,32,8.270848,0.0073
131072,staggered_still,exact_ranges,1,33,8.559616,0.0082
131072,staggered_still,exact_ranges,1,34,8.530944,0.0082
131072,staggered_still,exact_ranges,1,35,8.20736,0.0074
131072,staggered_still,exact_ranges,1,36,8.301568,0.007
131072,staggered_still,exact_ranges,1,37,8.491008,0.012
131072,staggered_still,exact_ranges,1,38,8.365056,0.0076
131072,staggered_still,exact_ranges,1,39,8.266752,0.0114
131072,staggered_still,bounded_linked,2,0,6.226944,0.0202
131072,staggered_still,bounded_linked,2,1,6.042624,0.006
131072,staggered_still,bounded_linked,2,2,5.89312,0.0095
131072,staggered_still,bounded_linked,2,3,5.958656,0.0057
131072,staggered_still,bounded_linked,2,4,6.008832,0.0049
131072,staggered_still,bounded_linked,2,5,6.12864,0.0048
131072,staggered_still,bounded_linked,2,6,6.076416,0.0061
131072,staggered_still,bounded_linked,2,7,6.011904,0.0054
131072,staggered_still,bounded_linked,2,8,6.165504,0.0054
131072,staggered_still,bounded_linked,2,9,6.075392,0.0053
131072,staggered_still,bounded_linked,2,10,5.825536,0.0048
131072,staggered_still,bounded_linked,2,11,6.473728,0.0062
131072,staggered_still,bounded_linked,2,12,5.79584,0.0061
131072,staggered_still,bounded_linked,2,13,6.250496,0.0047
131072,staggered_still,bounded_linked,2,14,5.968896,0.0052
131072,staggered_still,bounded_linked,2,15,6.260736,0.006
131072,staggered_still,bounded_linked,2,16,5.953536,0.0045
131072,staggered_still,bounded_linked,2,17,6.197248,0.005
131072,staggered_still,bounded_linked,2,18,6.043648,0.0055
131072,staggered_still,bounded_linked,2,19,6.403072,0.0049
131072,staggered_still,bounded_linked,2,20,5.988352,0.0045
131072,staggered_still,bounded_linked,2,21,6.262784,0.0046
131072,staggered_still,bounded_linked,2,22,6.224896,0.005
131072,staggered_still,bounded_linked,2,23,5.989376,0.0045
131072,staggered_still,bounded_linked,2,24,6.052864,0.0051
131072,staggered_still,bounded_linked,2,25,5.84704,0.0054
131072,staggered_still,bounded_linked,2,26,6.285312,0.0053
131072,staggered_still,bounded_linked,2,27,6.042624,0.0046
131072,staggered_still,bounded_linked,2,28,6.26688,0.0049
131072,staggered_still,bounded_linked,2,29,6.152192,0.0052
131072,staggered_still,bounded_linked,2,30,6.381568,0.0045
131072,staggered_still,bounded_linked,2,31,6.060032,0.0045
131072,staggered_still,bounded_linked,2,32,6.147072,0.0052
131072,staggered_still,bounded_linked,2,33,6.233088,0.0063
131072,staggered_still,bounded_linked,2,34,6.264832,0.0061
131072,staggered_still,bounded_linked,2,35,5.875712,0.0059
131072,staggered_still,bounded_linked,2,36,6.160384,0.0043
131072,staggered_still,bounded_linked,2,37,6.110208,0.0062
131072,staggered_still,bounded_linked,2,38,6.187008,0.0063
131072,staggered_still,bounded_linked,2,39,6.085632,0.0049
131072,staggered_still,exact_ranges,2,0,8.27904,0.0203
131072,staggered_still,exact_ranges,2,1,8.231936,0.0082
131072,staggered_still,exact_ranges,2,2,8.245248,0.009
131072,staggered_still,exact_ranges,2,3,8.451072,0.0199
131072,staggered_still,exact_ranges,2,4,8.356864,0.006
131072,staggered_still,exact_ranges,2,5,8.276992,0.0085
131072,staggered_still,exact_ranges,2,6,8.246272,0.0074
131072,staggered_still,exact_ranges,2,7,8.4224,0.0122
131072,staggered_still,exact_ranges,2,8,8.487936,0.0077
131072,staggered_still,exact_ranges,2,9,8.420352,0.0076
131072,staggered_still,exact_ranges,2,10,8.28416,0.0073
131072,staggered_still,exact_ranges,2,11,8.365056,0.007
131072,staggered_still,exact_ranges,2,12,8.3712,0.0081
131072,staggered_still,exact_ranges,2,13,8.343552,0.0087
131072,staggered_still,exact_ranges,2,14,8.211456,0.0094
131072,staggered_still,exact_ranges,2,15,8.390656,0.01
131072,staggered_still,exact_ranges,2,16,8.317952,0.0111
131072,staggered_still,exact_ranges,2,17,8.413184,0.0084
131072,staggered_still,exact_ranges,2,18,8.16128,0.0073
131072,staggered_still,exact_ranges,2,19,8.368128,0.0076
131072,staggered_still,exact_ranges,2,20,8.479744,0.008
131072,staggered_still,exact_ranges,2,21,8.27392,0.0085
131072,staggered_still,exact_ranges,2,22,8.25344,0.0085
131072,staggered_still,exact_ranges,2,23,8.390656,0.0074
131072,staggered_still,exact_ranges,2,24,8.316928,0.0073
131072,staggered_still,exact_ranges,2,25,8.389632,0.0079
131072,staggered_still,exact_ranges,2,26,8.363008,0.007
131072,staggered_still,exact_ranges,2,27,8.558592,0.0074
131072,staggered_still,exact_ranges,2,28,8.315904,0.0077
131072,staggered_still,exact_ranges,2,29,8.23296,0.0066
131072,staggered_still,exact_ranges,2,30,8.28416,0.008
131072,staggered_still,exact_ranges,2,31,8.54016,0.0078
131072,staggered_still,exact_ranges,2,32,8.280064,0.0075
131072,staggered_still,exact_ranges,2,33,8.311808,0.0115
131072,staggered_still,exact_ranges,2,34,8.358912,0.0083
131072,staggered_still,exact_ranges,2,35,8.3968,0.0073
131072,staggered_still,exact_ranges,2,36,8.38656,0.0068
131072,staggered_still,exact_ranges,2,37,8.292352,0.0076
131072,staggered_still,exact_ranges,2,38,8.272896,0.0113
131072,staggered_still,exact_ranges,2,39,8.247296,0.0089
131072,staggered_still,linked,2,0,6.160384,0.0125
131072,staggered_still,linked,2,1,5.663744,0.0082
131072,staggered_still,linked,2,2,5.80608,0.0061
131072,staggered_still,linked,2,3,5.66784,0.0066
131072,staggered_still,linked,2,4,6.006784,0.0053
131072,staggered_still,linked,2,5,5.883904,0.0053
131072,staggered_still,linked,2,6,5.84704,0.0054
131072,staggered_still,linked,2,7,5.799936,0.0041
131072,staggered_still,linked,2,8,5.916672,0.0049
131072,staggered_still,linked,2,9,5.8368,0.0044
131072,staggered_still,linked,2,10,5.817344,0.0048
131072,staggered_still,linked,2,11,5.822464,0.004
131072,staggered_still,linked,2,12,5.900288,0.0053
131072,staggered_still,linked,2,13,5.927936,0.0042
131072,staggered_still,linked,2,14,5.883904,0.0046
131072,staggered_still,linked,2,15,5.854208,0.0124
131072,staggered_still,linked,2,16,5.634048,0.0057
131072,staggered_still,linked,2,17,6.355968,0.005
131072,staggered_still,linked,2,18,5.679104,0.0039
131072,staggered_still,linked,2,19,5.950464,0.0047
131072,staggered_still,linked,2,20,5.64736,0.0041
131072,staggered_still,linked,2,21,5.962752,0.0042
131072,staggered_still,linked,2,22,6.13376,0.0053
131072,staggered_still,linked,2,23,5.702656,0.0039
131072,staggered_still,linked,2,24,5.771264,0.0049
131072,staggered_still,linked,2,25,5.838848,0.004
131072,staggered_still,linked,2,26,5.950464,0.0043
131072,staggered_still,linked,2,27,5.957632,0.005
131072,staggered_still,linked,2,28,5.76512,0.004
131072,staggered_still,linked,2,29,5.977088,0.0042
131072,staggered_still,linked,2,30,5.96992,0.0042
131072,staggered_still,linked,2,31,5.884928,0.0049
131072,staggered_still,linked,2,32,5.892096,0.0042
131072,staggered_still,linked,2,33,5.696512,0.0046
131072,staggered_still,linked,2,34,6.002688,0.0042
131072,staggered_still,linked,2,35,5.886976,0.0096
131072,staggered_still,linked,2,36,5.921792,0.0054
131072,staggered_still,linked,2,37,5.689344,0.0038
131072,staggered_still,linked,2,38,5.865472,0.0102
131072,staggered_still,linked,2,39,6.167552,0.0075
131072,staggered_still,exact_ranges,3,0,8.172544,0.0374
131072,staggered_still,exact_ranges,3,1,8.307712,0.0079
131072,staggered_still,exact_ranges,3,2,8.247296,0.0076
131072,staggered_still,exact_ranges,3,3,8.214528,0.0076
131072,staggered_still,exact_ranges,3,4,8.214528,0.0124
131072,staggered_still,exact_ranges,3,5,8.332288,0.0071
131072,staggered_still,exact_ranges,3,6,8.254464,0.007
131072,staggered_still,exact_ranges,3,7,8.365056,0.0071
131072,staggered_still,exact_ranges,3,8,8.334336,0.0071
131072,staggered_still,exact_ranges,3,9,8.551424,0.0069
131072,staggered_still,exact_ranges,3,10,8.392704,0.0116
131072,staggered_still,exact_ranges,3,11,8.298496,0.0072
131072,staggered_still,exact_ranges,3,12,8.293376,0.007
131072,staggered_still,exact_ranges,3,13,8.472576,0.007
131072,staggered_still,exact_ranges,3,14,8.285184,0.0078
131072,staggered_still,exact_ranges,3,15,8.193024,0.0112
131072,staggered_still,exact_ranges,3,16,8.213504,0.0082
131072,staggered_still,exact_ranges,3,17,8.574976,0.0071
131072,staggered_still,exact_ranges,3,18,8.373248,0.0068
131072,staggered_still,exact_ranges,3,19,8.310784,0.0087
131072,staggered_still,exact_ranges,3,20,8.3456,0.0078
131072,staggered_still,exact_ranges,3,21,8.557568,0.007
131072,staggered_still,exact_ranges,3,22,8.25856,0.0075
131072,staggered_still,exact_ranges,3,23,8.251392,0.0076
131072,staggered_still,exact_ranges,3,24,8.329216,0.007
131072,staggered_still,exact_ranges,3,25,8.428544,0.0072
131072,staggered_still,exact_ranges,3,26,8.322048,0.0071
131072,staggered_still,exact_ranges,3,27,8.300544,0.0073
131072,staggered_still,exact_ranges,3,28,8.392704,0.0069
131072,staggered_still,exact_ranges,3,29,8.431616,0.007
131072,staggered_still,exact_ranges,3,30,8.37632,0.0068
131072,staggered_still,exact_ranges,3,31,8.317952,0.007
131072,staggered_still,exact_ranges,3,32,8.393728,0.0071
131072,staggered_still,exact_ranges,3,33,8.444928,0.0076
131072,staggered_still,exact_ranges,3,34,8.242176,0.0074
131072,staggered_still,exact_ranges,3,35,8.351744,0.0075
131072,staggered_still,exact_ranges,3,36,8.380416,0.0079
131072,staggered_still,exact_ranges,3,37,8.500224,0.0073
131072,staggered_still,exact_ranges,3,38,8.424448,0.008
131072,staggered_still,exact_ranges,3,39,8.282112,0.0071
131072,staggered_still,linked,3,0,5.970944,0.0188
131072,staggered_still,linked,3,1,5.638144,0.0022
131072,staggered_still,linked,3,2,5.981184,0.0024
131072,staggered_still,linked,3,3,5.866496,0.0111
131072,staggered_still,linked,3,4,5.619712,0.0041
131072,staggered_still,linked,3,5,5.819392,0.0044
131072,staggered_still,linked,3,6,5.912576,0.0047
131072,staggered_still,linked,3,7,6.00576,0.0043
131072,staggered_still,linked,3,8,5.942272,0.0049
131072,staggered_still,linked,3,9,5.839872,0.004
131072,staggered_still,linked,3,10,5.832704,0.0042
131072,staggered_still,linked,3,11,5.778432,0.0051
131072,staggered_still,linked,3,12,5.940224,0.0053
131072,staggered_still,linked,3,13,5.952512,0.004
131072,staggered_still,linked,3,14,5.9392,0.0043
131072,staggered_still,linked,3,15,5.87776,0.005
131072,staggered_still,linked,3,16,5.805056,0.0041
131072,staggered_still,linked,3,17,6.161408,0.0043
131072,staggered_still,linked,3,18,5.750784,0.0043
131072,staggered_still,linked,3,19,6.112256,0.0039
131072,staggered_still,linked,3,20,5.833728,0.0044
131072,staggered_still,linked,3,21,5.895168,0.004
131072,staggered_still,linked,3,22,5.735424,0.0054
131072,staggered_still,linked,3,23,5.93408,0.0042
131072,staggered_still,linked,3,24,5.976064,0.004
131072,staggered_still,linked,3,25,5.982208,0.0045
131072,staggered_still,linked,3,26,5.885952,0.0041
131072,staggered_still,linked,3,27,5.92896,0.0051
131072,staggered_still,linked,3,28,5.64224,0.0047
131072,staggered_still,linked,3,29,5.843968,0.0039
131072,staggered_still,linked,3,30,5.922816,0.0059
131072,staggered_still,linked,3,31,5.976064,0.0049
131072,staggered_still,linked,3,32,5.938176,0.0048
131072,staggered_still,linked,3,33,5.736448,0.004
131072,staggered_still,linked,3,34,6.148096,0.0047
131072,staggered_still,linked,3,35,5.725184,0.0039
131072,staggered_still,linked,3,36,6.124544,0.0042
131072,staggered_still,linked,3,37,5.87264,0.0043
131072,staggered_still,linked,3,38,5.910528,0.0058
131072,staggered_still,linked,3,39,5.676032,0.0056
131072,staggered_still,bounded_linked,3,0,6.217728,0.01
131072,staggered_still,bounded_linked,3,1,6.064128,0.0067
131072,staggered_still,bounded_linked,3,2,6.042624,0.0058
131072,staggered_still,bounded_linked,3,3,5.803008,0.0059
131072,staggered_still,bounded_linked,3,4,6.330368,0.0048
131072,staggered_still,bounded_linked,3,5,5.935104,0.0052
131072,staggered_still,bounded_linked,3,6,6.423552,0.0055
131072,staggered_still,bounded_linked,3,7,6.028288,0.0047
131072,staggered_still,bounded_linked,3,8,6.121472,0.005
131072,staggered_still,bounded_linked,3,9,6.198272,0.0049
131072,staggered_still,bounded_linked,3,10,6.249472,0.0056
131072,staggered_still,bounded_linked,3,11,6.212608,0.0054
131072,staggered_still,bounded_linked,3,12,6.099968,0.0082
131072,staggered_still,bounded_linked,3,13,6.102016,0.0056
131072,staggered_still,bounded_linked,3,14,6.423552,0.0049
131072,staggered_still,bounded_linked,3,15,5.938176,0.005
131072,staggered_still,bounded_linked,3,16,6.362112,0.0047
131072,staggered_still,bounded_linked,3,17,6.112256,0.0051
131072,staggered_still,bounded_linked,3,18,6.114304,0.0045
131072,staggered_still,bounded_linked,3,19,6.12864,0.0053
131072,staggered_still,bounded_linked,3,20,6.098944,0.0046
131072,staggered_still,bounded_linked,3,21,6.050816,0.0052
131072,staggered_still,bounded_linked,3,22,5.919744,0.0045
131072,staggered_still,bounded_linked,3,23,6.016,0.0051
131072,staggered_still,bounded_linked,3,24,6.144,0.0049
131072,staggered_still,bounded_linked,3,25,6.069248,0.0044
131072,staggered_still,bounded_linked,3,26,6.004736,0.0052
131072,staggered_still,bounded_linked,3,27,6.203392,0.0047
131072,staggered_still,bounded_linked,3,28,6.047744,0.0044
131072,staggered_still,bounded_linked,3,29,6.152192,0.0089
131072,staggered_still,bounded_linked,3,30,6.12864,0.0155
131072,staggered_still,bounded_linked,3,31,6.040576,0.0064
131072,staggered_still,bounded_linked,3,32,6.242304,0.0073
131072,staggered_still,bounded_linked,3,33,6.15424,0.0122
131072,staggered_still,bounded_linked,3,34,6.119424,0.0048
131072,staggered_still,bounded_linked,3,35,5.936128,0.0048
131072,staggered_still,bounded_linked,3,36,6.347776,0.0052
131072,staggered_still,bounded_linked,3,37,5.95456,0.005
131072,staggered_still,bounded_linked,3,38,6.32832,0.0055
131072,staggered_still,bounded_linked,3,39,6.137856,0.006
131072,staggered_driven,linked,1,0,5.834752,0.0086
131072,staggered_driven,linked,1,1,6.075392,0.0052
131072,staggered_driven,linked,1,2,6.094848,0.0048
131072,staggered_driven,linked,1,3,5.993472,0.0052
131072,staggered_driven,linked,1,4,6.01088,0.0044
131072,staggered_driven,linked,1,5,6.047744,0.0049
131072,staggered_driven,linked,1,6,6.03136,0.0046
131072,staggered_driven,linked,1,7,5.77536,0.0044
131072,staggered_driven,linked,1,8,6.503424,0.0045
131072,staggered_driven,linked,1,9,5.859328,0.0046
131072,staggered_driven,linked,1,10,6.199296,0.0042
131072,staggered_driven,linked,1,11,5.869568,0.005
131072,staggered_driven,linked,1,12,6.1952,0.0045
131072,staggered_driven,linked,1,13,5.897216,0.0045
131072,staggered_driven,linked,1,14,6.372352,0.0046
131072,staggered_driven,linked,1,15,5.842944,0.0045
131072,staggered_driven,linked,1,16,6.05696,0.0043
131072,staggered_driven,linked,1,17,6.055936,0.0119
131072,staggered_driven,linked,1,18,5.77024,0.0054
131072,staggered_driven,linked,1,19,6.170624,0.0045
131072,staggered_driven,linked,1,20,6.069248,0.0044
131072,staggered_driven,linked,1,21,5.97504,0.0046
131072,staggered_driven,linked,1,22,6.09792,0.0046
131072,staggered_driven,linked,1,23,6.06208,0.0114
131072,staggered_driven,linked,1,24,6.131712,0.0082
131072,staggered_driven,linked,1,25,6.130688,0.0054
131072,staggered_driven,linked,1,26,5.87776,0.0048
131072,staggered_driven,linked,1,27,6.238208,0.0049
131072,staggered_driven,linked,1,28,5.98016,0.0052
131072,staggered_driven,linked,1,29,5.859328,0.0044
131072,staggered_driven,linked,1,30,6.263808,0.005
131072,staggered_driven,linked,1,31,6.079488,0.0042
131072,staggered_driven,linked,1,32,6.030336,0.005
131072,staggered_driven,linked,1,33,6.104064,0.0058
131072,staggered_driven,linked,1,34,5.951488,0.0045
131072,staggered_driven,linked,1,35,6.089728,0.0082
131072,staggered_driven,linked,1,36,6.156288,0.0056
131072,staggered_driven,linked,1,37,6.053888,0.0046
131072,staggered_driven,linked,1,38,5.971968,0.0045
131072,staggered_driven,linked,1,39,6.016,0.0047
131072,staggered_driven,bounded_linked,1,0,6.52288,0.0151
131072,staggered_driven,bounded_linked,1,1,5.997568,0.0051
131072,staggered_driven,bounded_linked,1,2,6.49216,0.0066
131072,staggered_driven,bounded_linked,1,3,6.204416,0.0054
131072,staggered_driven,bounded_linked,1,4,6.285312,0.0054
131072,staggered_driven,bounded_linked,1,5,6.265856,0.0052
131072,staggered_driven,bounded_linked,1,6,6.51776,0.0056
131072,staggered_driven,bounded_linked,1,7,5.977088,0.006
131072,staggered_driven,bounded_linked,1,8,6.523904,0.0051
131072,staggered_driven,bounded_linked,1,9,6.124544,0.0051
131072,staggered_driven,bounded_linked,1,10,6.447104,0.0053
131072,staggered_driven,bounded_linked,1,11,6.173696,0.0056
131072,staggered_driven,bounded_linked,1,12,6.212608,0.0053
131072,staggered_driven,bounded_linked,1,13,6.00064,0.0055
131072,staggered_driven,bounded_linked,1,14,6.623232,0.0051
131072,staggered_driven,bounded_linked,1,15,5.967872,0.0052
131072,staggered_driven,bounded_linked,1,16,6.557696,0.0057
131072,staggered_driven,bounded_linked,1,17,6.100992,0.0054
131072,staggered_driven,bounded_linked,1,18,6.47168,0.0094
131072,staggered_driven,bounded_linked,1,19,5.937152,0.0115
131072,staggered_driven,bounded_linked,1,20,6.398976,0.0046
131072,staggered_driven,bounded_linked,1,21,6.018048,0.005
131072,staggered_driven,bounded_linked,1,22,6.51264,0.0054
131072,staggered_driven,bounded_linked,1,23,6.135808,0.0061
131072,staggered_driven,bounded_linked,1,24,6.479872,0.0055
131072,staggered_driven,bounded_linked,1,25,6.242304,0.0052
131072,staggered_driven,bounded_linked,1,26,6.51264,0.0053
131072,staggered_driven,bounded_linked,1,27,6.240256,0.005
131072,staggered_driven,bounded_linked,1,28,6.240256,0.0107
131072,staggered_driven,bounded_linked,1,29,6.37952,0.0076
131072,staggered_driven,bounded_linked,1,30,6.351872,0.006
131072,staggered_driven,bounded_linked,1,31,6.207488,0.0051
131072,staggered_driven,bounded_linked,1,32,6.233088,0.0049
131072,staggered_driven,bounded_linked,1,33,6.30272,0.005
131072,staggered_driven,bounded_linked,1,34,6.267904,0.0052
131072,staggered_driven,bounded_linked,1,35,6.370304,0.005
131072,staggered_driven,bounded_linked,1,36,6.267904,0.0047
131072,staggered_driven,bounded_linked,1,37,6.249472,0.0045
131072,staggered_driven,bounded_linked,1,38,6.289408,0.0061
131072,staggered_driven,bounded_linked,1,39,6.188032,0.0056
131072,staggered_driven,exact_ranges,1,0,8.261632,0.0239
131072,staggered_driven,exact_ranges,1,1,8.983552,0.0083
131072,staggered_driven,exact_ranges,1,2,8.32512,0.0122
131072,staggered_driven,exact_ranges,1,3,8.413184,0.0081
131072,staggered_driven,exact_ranges,1,4,8.60672,0.0075
131072,staggered_driven,exact_ranges,1,5,8.573952,0.0073
131072,staggered_driven,exact_ranges,1,6,8.312832,0.0076
131072,staggered_driven,exact_ranges,1,7,8.419328,0.0071
131072,staggered_driven,exact_ranges,1,8,8.31488,0.0071
131072,staggered_driven,exact_ranges,1,9,8.808448,0.0076
131072,staggered_driven,exact_ranges,1,10,8.292352,0.007
131072,staggered_driven,exact_ranges,1,11,8.1664,0.007
131072,staggered_driven,exact_ranges,1,12,8.50432,0.0079
131072,staggered_driven,exact_ranges,1,13,8.62208,0.011
131072,staggered_driven,exact_ranges,1,14,8.481792,0.0082
131072,staggered_driven,exact_ranges,1,15,8.36096,0.0083
131072,staggered_driven,exact_ranges,1,16,8.419328,0.0145
131072,staggered_driven,exact_ranges,1,17,8.625152,0.0076
131072,staggered_driven,exact_ranges,1,18,8.434688,0.0074
131072,staggered_driven,exact_ranges,1,19,8.390656,0.0077
131072,staggered_driven,exact_ranges,1,20,8.341504,0.0123
131072,staggered_driven,exact_ranges,1,21,8.55552,0.0083
131072,staggered_driven,exact_ranges,1,22,8.446976,0.0076
131072,staggered_driven,exact_ranges,1,23,8.27904,0.0114
131072,staggered_driven,exact_ranges,1,24,8.421376,0.0085
131072,staggered_driven,exact_ranges,1,25,8.96,0.0077
131072,staggered_driven,exact_ranges,1,26,8.537088,0.0081
131072,staggered_driven,exact_ranges,1,27,8.439808,0.0073
131072,staggered_driven,exact_ranges,1,28,8.321024,0.0073
131072,staggered_driven,exact_ranges,1,29,9.00608,0.008
131072,staggered_driven,exact_ranges,1,30,8.127488,0.0076
131072,staggered_driven,exact_ranges,1,31,8.312832,0.0128
131072,staggered_driven,exact_ranges,1,32,8.484864,0.0182
131072,staggered_driven,exact_ranges,1,33,8.310784,0.004
131072,staggered_driven,exact_ranges,1,34,8.287232,0.0038
131072,staggered_driven,exact_ranges,1,35,8.328192,0.0044
131072,staggered_driven,exact_ranges,1,36,8.554496,0.0042
131072,staggered_driven,exact_ranges,1,37,8.68352,0.0087
131072,staggered_driven,exact_ranges,1,38,8.383488,0.0061
131072,staggered_driven,exact_ranges,1,39,8.495104,0.0045
131072,staggered_driven,bounded_linked,2,0,6.397952,0.0202
131072,staggered_driven,bounded_linked,2,1,6.28736,0.0067
131072,staggered_driven,bounded_linked,2,2,6.153216,0.0068
131072,staggered_driven,bounded_linked,2,3,6.413312,0.0225
131072,staggered_driven,bounded_linked,2,4,6.089728,0.0107
131072,staggered_driven,bounded_linked,2,5,6.171648,0.0068
131072,staggered_driven,bounded_linked,2,6,6.114304,0.0075
131072,staggered_driven,bounded_linked,2,7,6.366208,0.006
131072,staggered_driven,bounded_linked,2,8,6.331392,0.0065
131072,staggered_driven,bounded_linked,2,9,6.305792,0.0061
131072,staggered_driven,bounded_linked,2,10,6.135808,0.006
131072,staggered_driven,bounded_linked,2,11,6.160384,0.006
131072,staggered_driven,bounded_linked,2,12,6.203392,0.0055
131072,staggered_driven,bounded_linked,2,13,6.257664,0.0103
131072,staggered_driven,bounded_linked,2,14,6.291456,0.0057
131072,staggered_driven,bounded_linked,2,15,6.206464,0.0064
131072,staggered_driven,bounded_linked,2,16,6.162432,0.0063
131072,staggered_driven,bounded_linked,2,17,6.155264,0.0061
131072,staggered_driven,bounded_linked,2,18,6.180864,0.0062
131072,staggered_driven,bounded_linked,2,19,6.444032,0.0059
131072,staggered_driven,bounded_linked,2,20,6.301696,0.006
131072,staggered_driven,bounded_linked,2,21,6.306816,0.006
131072,staggered_driven,bounded_linked,2,22,6.289408,0.0056
131072,staggered_driven,bounded_linked,2,23,6.260736,0.0072
131072,staggered_driven,bounded_linked,2,24,6.299648,0.0054
131072,staggered_driven,bounded_linked,2,25,6.358016,0.0078
131072,staggered_driven,bounded_linked,2,26,6.289408,0.0061
131072,staggered_driven,bounded_linked,2,27,6.381568,0.006
131072,staggered_driven,bounded_linked,2,28,6.254592,0.0066
131072,staggered_driven,bounded_linked,2,29,6.311936,0.0061
131072,staggered_driven,bounded_linked,2,30,6.319104,0.0072
131072,staggered_driven,bounded_linked,2,31,6.35392,0.0061
131072,staggered_driven,bounded_linked,2,32,6.22592,0.0066
131072,staggered_driven,bounded_linked,2,33,6.253568,0.0068
131072,staggered_driven,bounded_linked,2,34,6.291456,0.0057
131072,staggered_driven,bounded_linked,2,35,6.378496,0.0103
131072,staggered_driven,bounded_linked,2,36,6.32832,0.0057
131072,staggered_driven,bounded_linked,2,37,6.539264,0.0057
131072,staggered_driven,bounded_linked,2,38,6.180864,0.0068
131072,staggered_driven,bounded_linked,2,39,6.754304,0.0055
131072,staggered_driven,exact_ranges,2,0,8.597504,0.023
131072,staggered_driven,exact_ranges,2,1,8.2688,0.0127
131072,staggered_driven,exact_ranges,2,2,8.4992,0.0103
131072,staggered_driven,exact_ranges,2,3,8.295424,0.0097
131072,staggered_driven,exact_ranges,2,4,8.28416,0.0092
131072,staggered_driven,exact_ranges,2,5,8.631296,0.008
131072,staggered_driven,exact_ranges,2,6,8.42752,0.0101
131072,staggered_driven,exact_ranges,2,7,8.220672,0.0095
131072,staggered_driven,exact_ranges,2,8,8.684544,0.0098
131072,staggered_driven,exact_ranges,2,9,8.477696,0.0108
131072,staggered_driven,exact_ranges,2,10,8.472576,0.0107
131072,staggered_driven,exact_ranges,2,11,8.416256,0.0115
131072,staggered_driven,exact_ranges,2,12,8.510464,0.0093
131072,staggered_driven,exact_ranges,2,13,8.433664,0.0095
131072,staggered_driven,exact_ranges,2,14,8.3968,0.0092
131072,staggered_driven,exact_ranges,2,15,8.365056,0.0093
131072,staggered_driven,exact_ranges,2,16,8.448,0.0092
131072,staggered_driven,exact_ranges,2,17,8.365056,0.0098
131072,staggered_driven,exact_ranges,2,18,8.367104,0.009
131072,staggered_driven,exact_ranges,2,19,8.625152,0.0094
131072,staggered_driven,exact_ranges,2,20,8.428544,0.0104
131072,staggered_driven,exact_ranges,2,21,8.48384,0.0099
131072,staggered_driven,exact_ranges,2,22,8.546304,0.0101
131072,staggered_driven,exact_ranges,2,23,8.51456,0.0103
131072,staggered_driven,exact_ranges,2,24,8.558592,0.0109
131072,staggered_driven,exact_ranges,2,25,8.423424,0.0132
131072,staggered_driven,exact_ranges,2,26,8.423424,0.0096
131072,staggered_driven,exact_ranges,2,27,8.341504,0.009
131072,staggered_driven,exact_ranges,2,28,8.589312,0.0096
131072,staggered_driven,exact_ranges,2,29,8.48896,0.0098
131072,staggered_driven,exact_ranges,2,30,8.530944,0.0091
131072,staggered_driven,exact_ranges,2,31,8.17664,0.0097
131072,staggered_driven,exact_ranges,2,32,8.541184,0.0148
131072,staggered_driven,exact_ranges,2,33,8.431616,0.0096
131072,staggered_driven,exact_ranges,2,34,8.397824,0.009
131072,staggered_driven,exact_ranges,2,35,8.68864,0.0098
131072,staggered_driven,exact_ranges,2,36,8.324096,0.009
131072,staggered_driven,exact_ranges,2,37,8.443904,0.0102
131072,staggered_driven,exact_ranges,2,38,8.544256,0.0197
131072,staggered_driven,exact_ranges,2,39,8.40704,0.0204
131072,staggered_driven,linked,2,0,6.132736,0.0152
131072,staggered_driven,linked,2,1,6.07744,0.0053
131072,staggered_driven,linked,2,2,5.881856,0.0048
131072,staggered_driven,linked,2,3,6.163456,0.0046
131072,staggered_driven,linked,2,4,5.869568,0.0047
131072,staggered_driven,linked,2,5,6.25664,0.0055
131072,staggered_driven,linked,2,6,5.858304,0.0047
131072,staggered_driven,linked,2,7,5.94432,0.0044
131072,staggered_driven,linked,2,8,6.007808,0.0049
131072,staggered_driven,linked,2,9,6.096896,0.0048
131072,staggered_driven,linked,2,10,6.08256,0.0044
131072,staggered_driven,linked,2,11,5.858304,0.0041
131072,staggered_driven,linked,2,12,6.187008,0.0063
131072,staggered_driven,linked,2,13,5.814272,0.0057
131072,staggered_driven,linked,2,14,5.963776,0.0102
131072,staggered_driven,linked,2,15,5.920768,0.0057
131072,staggered_driven,linked,2,16,6.35392,0.0046
131072,staggered_driven,linked,2,17,6.007808,0.0047
131072,staggered_driven,linked,2,18,6.105088,0.0045
131072,staggered_driven,linked,2,19,5.829632,0.0055
131072,staggered_driven,linked,2,20,6.025216,0.0046
131072,staggered_driven,linked,2,21,6.428672,0.005
131072,staggered_driven,linked,2,22,5.875712,0.0045
131072,staggered_driven,linked,2,23,6.075392,0.005
131072,staggered_driven,linked,2,24,6.01088,0.0042
131072,staggered_driven,linked,2,25,6.102016,0.0051
131072,staggered_driven,linked,2,26,6.06208,0.0065
131072,staggered_driven,linked,2,27,6.194176,0.0044
131072,staggered_driven,linked,2,28,5.92896,0.0049
131072,staggered_driven,linked,2,29,6.057984,0.0043
131072,staggered_driven,linked,2,30,6.07744,0.0054
131072,staggered_driven,linked,2,31,5.82656,0.0059
131072,staggered_driven,linked,2,32,6.376448,0.0048
131072,staggered_driven,linked,2,33,5.839872,0.0055
131072,staggered_driven,linked,2,34,6.065152,0.0045
131072,staggered_driven,linked,2,35,6.109184,0.005
131072,staggered_driven,linked,2,36,6.027264,0.0055
131072,staggered_driven,linked,2,37,6.063104,0.0042
131072,staggered_driven,linked,2,38,6.250496,0.0052
131072,staggered_driven,linked,2,39,6.105088,0.0043
131072,staggered_driven,exact_ranges,3,0,8.562688,0.0245
131072,staggered_driven,exact_ranges,3,1,8.643584,0.0085
131072,staggered_driven,exact_ranges,3,2,8.50944,0.0089
131072,staggered_driven,exact_ranges,3,3,8.730624,0.0074
131072,staggered_driven,exact_ranges,3,4,8.399872,0.0081
131072,staggered_driven,exact_ranges,3,5,8.236032,0.0078
131072,staggered_driven,exact_ranges,3,6,8.670208,0.0071
131072,staggered_driven,exact_ranges,3,7,8.452096,0.0077
131072,staggered_driven,exact_ranges,3,8,8.410112,0.0071
131072,staggered_driven,exact_ranges,3,9,8.307712,0.0114
131072,staggered_driven,exact_ranges,3,10,8.521728,0.0084
131072,staggered_driven,exact_ranges,3,11,8.53504,0.0076
131072,staggered_driven,exact_ranges,3,12,8.43264,0.0079
131072,staggered_driven,exact_ranges,3,13,8.433664,0.0076
131072,staggered_driven,exact_ranges,3,14,8.510464,0.0078
131072,staggered_driven,exact_ranges,3,15,8.77056,0.0072
131072,staggered_driven,exact_ranges,3,16,8.339456,0.0079
131072,staggered_driven,exact_ranges,3,17,8.767488,0.0071
131072,staggered_driven,exact_ranges,3,18,8.713216,0.007
131072,staggered_driven,exact_ranges,3,19,8.528896,0.0075
131072,staggered_driven,exact_ranges,3,20,8.506368,0.0128
131072,staggered_driven,exact_ranges,3,21,8.224768,0.009
131072,staggered_driven,exact_ranges,3,22,8.651776,0.0073
131072,staggered_driven,exact_ranges,3,23,8.461312,0.0117
131072,staggered_driven,exact_ranges,3,24,8.271872,0.008
131072,staggered_driven,exact_ranges,3,25,8.66816,0.0112
131072,staggered_driven,exact_ranges,3,26,8.388608,0.0078
131072,staggered_driven,exact_ranges,3,27,8.377344,0.0073
131072,staggered_driven,exact_ranges,3,28,8.387584,0.0082
131072,staggered_driven,exact_ranges,3,29,8.281088,0.0088
131072,staggered_driven,exact_ranges,3,30,8.675328,0.0139
131072,staggered_driven,exact_ranges,3,31,8.383488,0.0086
131072,staggered_driven,exact_ranges,3,32,8.439808,0.0078
131072,staggered_driven,exact_ranges,3,33,8.44288,0.008
131072,staggered_driven,exact_ranges,3,34,8.619008,0.0075
131072,staggered_driven,exact_ranges,3,35,8.40192,0.0075
131072,staggered_driven,exact_ranges,3,36,8.274944,0.008
131072,staggered_driven,exact_ranges,3,37,8.383488,0.0074
131072,staggered_driven,exact_ranges,3,38,8.538112,0.0232
131072,staggered_driven,exact_ranges,3,39,8.31488,0.0089
131072,staggered_driven,linked,3,0,6.141952,0.0152
131072,staggered_driven,linked,3,1,6.126592,0.0054
131072,staggered_driven,linked,3,2,6.088704,0.0044
131072,staggered_driven,linked,3,3,6.00064,0.0048
131072,staggered_driven,linked,3,4,5.8368,0.0045
131072,staggered_driven,linked,3,5,6.305792,0.0051
131072,staggered_driven,linked,3,6,5.855232,0.0029
131072,staggered_driven,linked,3,7,6.38464,0.003
131072,staggered_driven,linked,3,8,5.936128,0.0038
131072,staggered_driven,linked,3,9,6.12352,0.0036
131072,staggered_driven,linked,3,10,5.966848,0.0025
131072,staggered_driven,linked,3,11,6.100992,0.0029
131072,staggered_driven,linked,3,12,6.070272,0.0078
131072,staggered_driven,linked,3,13,6.137856,0.0027
131072,staggered_driven,linked,3,14,6.06208,0.0026
131072,staggered_driven,linked,3,15,5.843968,0.0028
131072,staggered_driven,linked,3,16,6.08256,0.0023
131072,staggered_driven,linked,3,17,6.032384,0.0026
131072,staggered_driven,linked,3,18,6.223872,0.0024
131072,staggered_driven,linked,3,19,6.07232,0.0028
131072,staggered_driven,linked,3,20,6.048768,0.0025
131072,staggered_driven,linked,3,21,6.030336,0.0025
131072,staggered_driven,linked,3,22,6.121472,0.0024
131072,staggered_driven,linked,3,23,6.10816,0.0025
131072,staggered_driven,linked,3,24,6.208512,0.0023
131072,staggered_driven,linked,3,25,6.069248,0.0043
131072,staggered_driven,linked,3,26,5.72416,0.0027
131072,staggered_driven,linked,3,27,6.21568,0.0029
131072,staggered_driven,linked,3,28,5.799936,0.0024
131072,staggered_driven,linked,3,29,6.130688,0.0025
131072,staggered_driven,linked,3,30,6.069248,0.0025
131072,staggered_driven,linked,3,31,6.014976,0.0026
131072,staggered_driven,linked,3,32,6.019072,0.0026
131072,staggered_driven,linked,3,33,6.216704,0.0027
131072,staggered_driven,linked,3,34,6.100992,0.0028
131072,staggered_driven,linked,3,35,5.904384,0.0024
131072,staggered_driven,linked,3,36,6.265856,0.0025
131072,staggered_driven,linked,3,37,5.839872,0.0048
131072,staggered_driven,linked,3,38,6.078464,0.0026
131072,staggered_driven,linked,3,39,5.91872,0.0045
131072,staggered_driven,bounded_linked,3,0,6.299648,0.0109
131072,staggered_driven,bounded_linked,3,1,6.500352,0.0062
131072,staggered_driven,bounded_linked,3,2,6.228992,0.006
131072,staggered_driven,bounded_linked,3,3,6.397952,0.005
131072,staggered_driven,bounded_linked,3,4,6.276096,0.005
131072,staggered_driven,bounded_linked,3,5,6.6048,0.0055
131072,staggered_driven,bounded_linked,3,6,6.086656,0.005
131072,staggered_driven,bounded_linked,3,7,6.320128,0.005
131072,staggered_driven,bounded_linked,3,8,6.670336,0.0052
131072,staggered_driven,bounded_linked,3,9,6.227968,0.0052
131072,staggered_driven,bounded_linked,3,10,6.265856,0.0052
131072,staggered_driven,bounded_linked,3,11,6.20544,0.0056
131072,staggered_driven,bounded_linked,3,12,6.309888,0.0058
131072,staggered_driven,bounded_linked,3,13,6.341632,0.0052
131072,staggered_driven,bounded_linked,3,14,6.265856,0.0053
131072,staggered_driven,bounded_linked,3,15,6.209536,0.0052
131072,staggered_driven,bounded_linked,3,16,6.28224,0.0051
131072,staggered_driven,bounded_linked,3,17,6.230016,0.0052
131072,staggered_driven,bounded_linked,3,18,6.168576,0.005
131072,staggered_driven,bounded_linked,3,19,6.580224,0.0048
131072,staggered_driven,bounded_linked,3,20,6.308864,0.0052
131072,staggered_driven,bounded_linked,3,21,6.242304,0.005
131072,staggered_driven,bounded_linked,3,22,6.414336,0.005
131072,staggered_driven,bounded_linked,3,23,6.219776,0.0067
131072,staggered_driven,bounded_linked,3,24,6.489088,0.0064
131072,staggered_driven,bounded_linked,3,25,6.275072,0.0085
131072,staggered_driven,bounded_linked,3,26,6.529024,0.006
131072,staggered_driven,bounded_linked,3,27,6.139904,0.0055
131072,staggered_driven,bounded_linked,3,28,6.32832,0.0057
131072,staggered_driven,bounded_linked,3,29,6.315008,0.0051
131072,staggered_driven,bounded_linked,3,30,6.36928,0.0061
131072,staggered_driven,bounded_linked,3,31,6.05184,0.006
131072,staggered_driven,bounded_linked,3,32,6.319104,0.0066
131072,staggered_driven,bounded_linked,3,33,6.24128,0.0056
131072,staggered_driven,bounded_linked,3,34,6.526976,0.006
131072,staggered_driven,bounded_linked,3,35,6.027264,0.0052
131072,staggered_driven,bounded_linked,3,36,6.301696,0.0054
131072,staggered_driven,bounded_linked,3,37,6.258688,0.0057
131072,staggered_driven,bounded_linked,3,38,6.372352,0.0049
131072,staggered_driven,bounded_linked,3,39,6.116352,0.0051
