count,scenario,solver,run,sample,gpu_ms,cpu_submit_ms
10000,aligned_still,jacobi4,1,0,0.718848,0.005
10000,aligned_still,jacobi4,1,1,0.68608,0.0011
10000,aligned_still,jacobi4,1,2,0.677888,0.0029
10000,aligned_still,jacobi4,1,3,0.690176,0.0011
10000,aligned_still,jacobi4,1,4,0.674816,9.0E-4
10000,aligned_still,jacobi4,1,5,0.68608,0.001
10000,aligned_still,jacobi4,1,6,0.678912,9.0E-4
10000,aligned_still,jacobi4,1,7,0.689152,0.0011
10000,aligned_still,jacobi4,1,8,0.67584,9.0E-4
10000,aligned_still,jacobi4,1,9,0.687104,9.0E-4
10000,aligned_still,jacobi4,1,10,0.672768,9.0E-4
10000,aligned_still,jacobi4,1,11,0.687104,9.0E-4
10000,aligned_still,jacobi4,1,12,0.674816,0.0042
10000,aligned_still,jacobi4,1,13,0.688128,0.0012
10000,aligned_still,jacobi4,1,14,0.67584,0.001
10000,aligned_still,jacobi4,1,15,0.687104,0.0011
10000,aligned_still,jacobi4,1,16,0.672768,0.0011
10000,aligned_still,jacobi4,1,17,0.709632,9.0E-4
10000,aligned_still,jacobi4,1,18,0.674816,9.0E-4
10000,aligned_still,jacobi4,1,19,0.717824,9.0E-4
10000,aligned_still,jacobi4,1,20,0.685056,0.001
10000,aligned_still,jacobi4,1,21,0.678912,0.001
10000,aligned_still,jacobi4,1,22,0.689152,0.0029
10000,aligned_still,jacobi4,1,23,0.673792,0.0011
10000,aligned_still,jacobi4,1,24,0.684032,0.001
10000,aligned_still,jacobi4,1,25,0.677888,9.0E-4
10000,aligned_still,jacobi4,1,26,0.688128,0.0011
10000,aligned_still,jacobi4,1,27,0.676864,9.0E-4
10000,aligned_still,jacobi4,1,28,0.684032,9.0E-4
10000,aligned_still,jacobi4,1,29,0.676864,9.0E-4
10000,aligned_still,jacobi4,1,30,0.689152,0.0011
10000,aligned_still,jacobi4,1,31,0.676864,9.0E-4
10000,aligned_still,jacobi4,1,32,0.6912,0.0011
10000,aligned_still,jacobi4,1,33,0.673792,9.0E-4
10000,aligned_still,jacobi4,1,34,0.688128,9.0E-4
10000,aligned_still,jacobi4,1,35,0.677888,9.0E-4
10000,aligned_still,jacobi4,1,36,0.7168,9.0E-4
10000,aligned_still,jacobi4,1,37,0.673792,9.0E-4
10000,aligned_still,jacobi4,1,38,0.715776,0.0011
10000,aligned_still,jacobi4,1,39,0.688128,9.0E-4
10000,aligned_still,jacobi4,2,0,0.710656,0.0062
10000,aligned_still,jacobi4,2,1,0.68608,0.001
10000,aligned_still,jacobi4,2,2,0.677888,0.0028
10000,aligned_still,jacobi4,2,3,0.687104,0.0011
10000,aligned_still,jacobi4,2,4,0.67584,9.0E-4
10000,aligned_still,jacobi4,2,5,0.687104,8.0E-4
10000,aligned_still,jacobi4,2,6,0.674816,9.0E-4
10000,aligned_still,jacobi4,2,7,0.687104,9.0E-4
10000,aligned_still,jacobi4,2,8,0.674816,9.0E-4
10000,aligned_still,jacobi4,2,9,0.687104,9.0E-4
10000,aligned_still,jacobi4,2,10,0.67584,9.0E-4
10000,aligned_still,jacobi4,2,11,0.68608,9.0E-4
10000,aligned_still,jacobi4,2,12,0.67584,8.0E-4
10000,aligned_still,jacobi4,2,13,0.690176,0.001
10000,aligned_still,jacobi4,2,14,0.671744,8.0E-4
10000,aligned_still,jacobi4,2,15,0.689152,8.0E-4
10000,aligned_still,jacobi4,2,16,0.67584,9.0E-4
10000,aligned_still,jacobi4,2,17,0.712704,0.001
10000,aligned_still,jacobi4,2,18,0.672768,0.001
10000,aligned_still,jacobi4,2,19,0.719872,8.0E-4
10000,aligned_still,jacobi4,2,20,0.685056,9.0E-4
10000,aligned_still,jacobi4,2,21,0.678912,9.0E-4
10000,aligned_still,jacobi4,2,22,0.687104,0.001
10000,aligned_still,jacobi4,2,23,0.673792,9.0E-4
10000,aligned_still,jacobi4,2,24,0.687104,0.001
10000,aligned_still,jacobi4,2,25,0.677888,8.0E-4
10000,aligned_still,jacobi4,2,26,0.68608,8.0E-4
10000,aligned_still,jacobi4,2,27,0.676864,8.0E-4
10000,aligned_still,jacobi4,2,28,0.685056,9.0E-4
10000,aligned_still,jacobi4,2,29,0.678912,8.0E-4
10000,aligned_still,jacobi4,2,30,0.688128,9.0E-4
10000,aligned_still,jacobi4,2,31,0.677888,0.0028
10000,aligned_still,jacobi4,2,32,0.690176,8.0E-4
10000,aligned_still,jacobi4,2,33,0.67584,9.0E-4
10000,aligned_still,jacobi4,2,34,0.687104,8.0E-4
10000,aligned_still,jacobi4,2,35,0.676864,9.0E-4
10000,aligned_still,jacobi4,2,36,0.713728,0.001
10000,aligned_still,jacobi4,2,37,0.673792,0.001
10000,aligned_still,jacobi4,2,38,0.717824,9.0E-4
10000,aligned_still,jacobi4,2,39,0.683008,0.001
10000,aligned_still,jacobi4,3,0,0.708608,0.0359
10000,aligned_still,jacobi4,3,1,0.68608,0.0071
10000,aligned_still,jacobi4,3,2,0.677888,0.0025
10000,aligned_still,jacobi4,3,3,0.689152,9.0E-4
10000,aligned_still,jacobi4,3,4,0.67584,0.001
10000,aligned_still,jacobi4,3,5,0.690176,9.0E-4
10000,aligned_still,jacobi4,3,6,0.677888,7.0E-4
10000,aligned_still,jacobi4,3,7,0.687104,8.0E-4
10000,aligned_still,jacobi4,3,8,0.674816,8.0E-4
10000,aligned_still,jacobi4,3,9,0.6912,8.0E-4
10000,aligned_still,jacobi4,3,10,0.674816,8.0E-4
10000,aligned_still,jacobi4,3,11,0.690176,8.0E-4
10000,aligned_still,jacobi4,3,12,0.672768,7.0E-4
10000,aligned_still,jacobi4,3,13,0.689152,8.0E-4
10000,aligned_still,jacobi4,3,14,0.676864,7.0E-4
10000,aligned_still,jacobi4,3,15,0.687104,9.0E-4
10000,aligned_still,jacobi4,3,16,0.674816,8.0E-4
10000,aligned_still,jacobi4,3,17,0.718848,8.0E-4
10000,aligned_still,jacobi4,3,18,0.67584,8.0E-4
10000,aligned_still,jacobi4,3,19,0.718848,9.0E-4
10000,aligned_still,jacobi4,3,20,0.685056,8.0E-4
10000,aligned_still,jacobi4,3,21,0.677888,7.0E-4
10000,aligned_still,jacobi4,3,22,0.690176,8.0E-4
10000,aligned_still,jacobi4,3,23,0.677888,8.0E-4
10000,aligned_still,jacobi4,3,24,0.687104,7.0E-4
10000,aligned_still,jacobi4,3,25,0.679936,9.0E-4
10000,aligned_still,jacobi4,3,26,0.688128,9.0E-4
10000,aligned_still,jacobi4,3,27,0.676864,8.0E-4
10000,aligned_still,jacobi4,3,28,0.687104,8.0E-4
10000,aligned_still,jacobi4,3,29,0.672768,7.0E-4
10000,aligned_still,jacobi4,3,30,0.687104,8.0E-4
10000,aligned_still,jacobi4,3,31,0.676864,8.0E-4
10000,aligned_still,jacobi4,3,32,0.689152,0.001
10000,aligned_still,jacobi4,3,33,0.67584,8.0E-4
10000,aligned_still,jacobi4,3,34,0.68608,8.0E-4
10000,aligned_still,jacobi4,3,35,0.674816,8.0E-4
10000,aligned_still,jacobi4,3,36,0.71168,8.0E-4
10000,aligned_still,jacobi4,3,37,0.676864,8.0E-4
10000,aligned_still,jacobi4,3,38,0.7168,7.0E-4
10000,aligned_still,jacobi4,3,39,0.68608,9.0E-4
10000,aligned_still,jacobi16,1,0,2.576384,0.0044
10000,aligned_still,jacobi16,1,1,2.548736,0.0037
10000,aligned_still,jacobi16,1,2,2.548736,0.0036
10000,aligned_still,jacobi16,1,3,2.548736,0.0036
10000,aligned_still,jacobi16,1,4,2.5344,0.0036
10000,aligned_still,jacobi16,1,5,2.579456,0.0036
10000,aligned_still,jacobi16,1,6,2.550784,0.0037
10000,aligned_still,jacobi16,1,7,2.543616,0.0038
10000,aligned_still,jacobi16,1,8,2.54976,0.0038
10000,aligned_still,jacobi16,1,9,2.53952,0.0036
10000,aligned_still,jacobi16,1,10,2.54464,0.0036
10000,aligned_still,jacobi16,1,11,2.548736,0.0037
10000,aligned_still,jacobi16,1,12,2.545664,0.0036
10000,aligned_still,jacobi16,1,13,2.543616,0.0036
10000,aligned_still,jacobi16,1,14,2.537472,0.0037
10000,aligned_still,jacobi16,1,15,2.54976,0.0037
10000,aligned_still,jacobi16,1,16,2.54976,0.0036
10000,aligned_still,jacobi16,1,17,2.552832,0.0035
10000,aligned_still,jacobi16,1,18,2.537472,0.0036
10000,aligned_still,jacobi16,1,19,2.57536,0.0038
10000,aligned_still,jacobi16,1,20,2.54976,0.0038
10000,aligned_still,jacobi16,1,21,2.54976,0.0036
10000,aligned_still,jacobi16,1,22,2.545664,0.0037
10000,aligned_still,jacobi16,1,23,2.53952,0.0036
10000,aligned_still,jacobi16,1,24,2.576384,0.0036
10000,aligned_still,jacobi16,1,25,2.548736,0.0036
10000,aligned_still,jacobi16,1,26,2.54976,0.0035
10000,aligned_still,jacobi16,1,27,2.553856,0.0036
10000,aligned_still,jacobi16,1,28,2.5344,0.0037
10000,aligned_still,jacobi16,1,29,2.54976,0.004
10000,aligned_still,jacobi16,1,30,2.54976,0.005
10000,aligned_still,jacobi16,1,31,2.543616,0.0036
10000,aligned_still,jacobi16,1,32,2.546688,0.0036
10000,aligned_still,jacobi16,1,33,2.536448,0.0036
10000,aligned_still,jacobi16,1,34,2.561024,0.0038
10000,aligned_still,jacobi16,1,35,2.551808,0.0037
10000,aligned_still,jacobi16,1,36,2.53952,0.0036
10000,aligned_still,jacobi16,1,37,2.543616,0.0037
10000,aligned_still,jacobi16,1,38,2.574336,0.0037
10000,aligned_still,jacobi16,1,39,2.552832,0.0037
10000,aligned_still,jacobi16,2,0,2.578432,0.0043
10000,aligned_still,jacobi16,2,1,2.548736,0.0036
10000,aligned_still,jacobi16,2,2,2.54976,0.0038
10000,aligned_still,jacobi16,2,3,2.547712,0.0051
10000,aligned_still,jacobi16,2,4,2.54464,0.0035
10000,aligned_still,jacobi16,2,5,2.581504,0.0037
10000,aligned_still,jacobi16,2,6,2.553856,0.0041
10000,aligned_still,jacobi16,2,7,2.556928,0.0037
10000,aligned_still,jacobi16,2,8,2.556928,0.0056
10000,aligned_still,jacobi16,2,9,2.536448,0.0043
10000,aligned_still,jacobi16,2,10,2.54976,0.0039
10000,aligned_still,jacobi16,2,11,2.555904,0.0037
10000,aligned_still,jacobi16,2,12,2.54976,0.0035
10000,aligned_still,jacobi16,2,13,2.548736,0.0036
10000,aligned_still,jacobi16,2,14,2.53952,0.0036
10000,aligned_still,jacobi16,2,15,2.550784,0.0037
10000,aligned_still,jacobi16,2,16,2.553856,0.0037
10000,aligned_still,jacobi16,2,17,2.550784,0.0037
10000,aligned_still,jacobi16,2,18,2.535424,0.0036
10000,aligned_still,jacobi16,2,19,2.581504,0.0037
10000,aligned_still,jacobi16,2,20,2.557952,0.0037
10000,aligned_still,jacobi16,2,21,2.557952,0.0035
10000,aligned_still,jacobi16,2,22,2.548736,0.0036
10000,aligned_still,jacobi16,2,23,2.542592,0.0035
10000,aligned_still,jacobi16,2,24,2.582528,0.0036
10000,aligned_still,jacobi16,2,25,2.556928,0.0036
10000,aligned_still,jacobi16,2,26,2.552832,0.0036
10000,aligned_still,jacobi16,2,27,2.54976,0.0035
10000,aligned_still,jacobi16,2,28,2.541568,0.0037
10000,aligned_still,jacobi16,2,29,2.54976,0.0037
10000,aligned_still,jacobi16,2,30,2.556928,0.0038
10000,aligned_still,jacobi16,2,31,2.555904,0.0036
10000,aligned_still,jacobi16,2,32,2.555904,0.0037
10000,aligned_still,jacobi16,2,33,2.547712,0.0038
10000,aligned_still,jacobi16,2,34,2.547712,0.0037
10000,aligned_still,jacobi16,2,35,2.551808,0.0037
10000,aligned_still,jacobi16,2,36,2.551808,0.0038
10000,aligned_still,jacobi16,2,37,2.53952,0.0037
10000,aligned_still,jacobi16,2,38,2.582528,0.0036
10000,aligned_still,jacobi16,2,39,2.553856,0.0036
10000,aligned_still,jacobi16,3,0,2.579456,0.0046
10000,aligned_still,jacobi16,3,1,2.553856,0.0036
10000,aligned_still,jacobi16,3,2,2.552832,0.0036
10000,aligned_still,jacobi16,3,3,2.552832,0.0037
10000,aligned_still,jacobi16,3,4,2.53952,0.0036
10000,aligned_still,jacobi16,3,5,2.588672,0.0036
10000,aligned_still,jacobi16,3,6,2.557952,0.0036
10000,aligned_still,jacobi16,3,7,2.550784,0.0038
10000,aligned_still,jacobi16,3,8,2.552832,0.0037
10000,aligned_still,jacobi16,3,9,2.545664,0.0037
10000,aligned_still,jacobi16,3,10,2.550784,0.0039
10000,aligned_still,jacobi16,3,11,2.54976,0.0041
10000,aligned_still,jacobi16,3,12,2.54464,0.0036
10000,aligned_still,jacobi16,3,13,2.550784,0.0039
10000,aligned_still,jacobi16,3,14,2.53952,0.005
10000,aligned_still,jacobi16,3,15,2.552832,0.0037
10000,aligned_still,jacobi16,3,16,2.558976,0.0036
10000,aligned_still,jacobi16,3,17,2.556928,0.0037
10000,aligned_still,jacobi16,3,18,2.540544,0.0037
10000,aligned_still,jacobi16,3,19,2.587648,0.0036
10000,aligned_still,jacobi16,3,20,2.551808,0.004
10000,aligned_still,jacobi16,3,21,2.548736,0.0036
10000,aligned_still,jacobi16,3,22,2.54976,0.0036
10000,aligned_still,jacobi16,3,23,2.53952,0.0036
10000,aligned_still,jacobi16,3,24,2.584576,0.0037
10000,aligned_still,jacobi16,3,25,2.555904,0.0036
10000,aligned_still,jacobi16,3,26,2.54976,0.0036
10000,aligned_still,jacobi16,3,27,2.553856,0.0036
10000,aligned_still,jacobi16,3,28,2.535424,0.0036
10000,aligned_still,jacobi16,3,29,2.552832,0.0036
10000,aligned_still,jacobi16,3,30,2.552832,0.0036
10000,aligned_still,jacobi16,3,31,2.555904,0.0036
10000,aligned_still,jacobi16,3,32,2.551808,0.0036
10000,aligned_still,jacobi16,3,33,2.562048,0.0037
10000,aligned_still,jacobi16,3,34,2.548736,0.0038
10000,aligned_still,jacobi16,3,35,2.553856,0.0036
10000,aligned_still,jacobi16,3,36,2.551808,0.0036
10000,aligned_still,jacobi16,3,37,2.535424,0.0036
10000,aligned_still,jacobi16,3,38,2.57536,0.0037
10000,aligned_still,jacobi16,3,39,2.545664,0.0036
10000,aligned_still,support4,1,0,0.973824,0.0048
10000,aligned_still,support4,1,1,0.93696,0.0039
10000,aligned_still,support4,1,2,0.96768,0.0039
10000,aligned_still,support4,1,3,0.934912,0.0057
10000,aligned_still,support4,1,4,0.953344,0.0054
10000,aligned_still,support4,1,5,0.934912,0.004
10000,aligned_still,support4,1,6,0.953344,0.0018
10000,aligned_still,support4,1,7,0.927744,0.0038
10000,aligned_still,support4,1,8,0.943104,0.0035
10000,aligned_still,support4,1,9,0.93184,0.0037
10000,aligned_still,support4,1,10,0.949248,0.0019
10000,aligned_still,support4,1,11,0.933888,0.0017
10000,aligned_still,support4,1,12,0.941056,0.0035
10000,aligned_still,support4,1,13,0.929792,0.0018
10000,aligned_still,support4,1,14,0.9472,0.0017
10000,aligned_still,support4,1,15,0.941056,0.004
10000,aligned_still,support4,1,16,0.953344,0.004
10000,aligned_still,support4,1,17,0.946176,0.0055
10000,aligned_still,support4,1,18,0.914432,0.0039
10000,aligned_still,support4,1,19,0.966656,0.0019
10000,aligned_still,support4,1,20,0.937984,0.0038
10000,aligned_still,support4,1,21,0.96768,0.0035
10000,aligned_still,support4,1,22,0.934912,0.0038
10000,aligned_still,support4,1,23,0.958464,0.0018
10000,aligned_still,support4,1,24,0.930816,0.0038
10000,aligned_still,support4,1,25,0.955392,0.0033
10000,aligned_still,support4,1,26,0.932864,0.0017
10000,aligned_still,support4,1,27,0.956416,0.0017
10000,aligned_still,support4,1,28,0.930816,0.0019
10000,aligned_still,support4,1,29,0.945152,0.002
10000,aligned_still,support4,1,30,0.93696,0.0018
10000,aligned_still,support4,1,31,0.9472,0.0052
10000,aligned_still,support4,1,32,0.932864,0.0038
10000,aligned_still,support4,1,33,0.935936,0.0018
10000,aligned_still,support4,1,34,0.933888,0.0056
10000,aligned_still,support4,1,35,0.951296,0.0018
10000,aligned_still,support4,1,36,0.941056,0.0039
10000,aligned_still,support4,1,37,0.913408,0.0019
10000,aligned_still,support4,1,38,0.974848,0.0035
10000,aligned_still,support4,1,39,0.9472,0.0039
10000,aligned_still,support4,2,0,0.969728,0.0098
10000,aligned_still,support4,2,1,0.935936,0.0038
10000,aligned_still,support4,2,2,0.969728,0.0044
10000,aligned_still,support4,2,3,0.928768,0.0038
10000,aligned_still,support4,2,4,0.946176,0.0038
10000,aligned_still,support4,2,5,0.929792,0.0037
10000,aligned_still,support4,2,6,0.954368,0.0037
10000,aligned_still,support4,2,7,0.932864,0.0038
10000,aligned_still,support4,2,8,0.95232,0.0021
10000,aligned_still,support4,2,9,0.932864,0.0038
10000,aligned_still,support4,2,10,0.955392,0.0035
10000,aligned_still,support4,2,11,0.94208,0.0018
10000,aligned_still,support4,2,12,0.9472,0.0017
10000,aligned_still,support4,2,13,0.934912,0.0017
10000,aligned_still,support4,2,14,0.94208,0.0018
10000,aligned_still,support4,2,15,0.928768,0.0018
10000,aligned_still,support4,2,16,0.939008,0.0017
10000,aligned_still,support4,2,17,0.93696,0.0018
10000,aligned_still,support4,2,18,0.91136,0.0017
10000,aligned_still,support4,2,19,0.966656,0.0056
10000,aligned_still,support4,2,20,0.935936,0.0018
10000,aligned_still,support4,2,21,0.9728,0.0019
10000,aligned_still,support4,2,22,0.932864,0.0039
10000,aligned_still,support4,2,23,0.951296,0.0037
10000,aligned_still,support4,2,24,0.929792,0.0017
10000,aligned_still,support4,2,25,0.9472,0.0017
10000,aligned_still,support4,2,26,0.932864,0.0017
10000,aligned_still,support4,2,27,0.953344,0.0027
10000,aligned_still,support4,2,28,0.932864,0.0018
10000,aligned_still,support4,2,29,0.946176,0.0017
10000,aligned_still,support4,2,30,0.943104,0.0017
10000,aligned_still,support4,2,31,0.946176,0.0017
10000,aligned_still,support4,2,32,0.930816,0.0027
10000,aligned_still,support4,2,33,0.950272,0.0048
10000,aligned_still,support4,2,34,0.943104,0.0037
10000,aligned_still,support4,2,35,0.950272,0.0018
10000,aligned_still,support4,2,36,0.93696,0.0055
10000,aligned_still,support4,2,37,0.909312,0.0018
10000,aligned_still,support4,2,38,0.975872,0.0017
10000,aligned_still,support4,2,39,0.945152,0.0016
10000,aligned_still,support4,3,0,0.978944,0.0142
10000,aligned_still,support4,3,1,0.939008,0.0066
10000,aligned_still,support4,3,2,0.971776,0.004
10000,aligned_still,support4,3,3,0.935936,0.004
10000,aligned_still,support4,3,4,0.948224,0.0041
10000,aligned_still,support4,3,5,0.935936,0.0058
10000,aligned_still,support4,3,6,0.960512,0.0041
10000,aligned_still,support4,3,7,0.933888,0.0039
10000,aligned_still,support4,3,8,0.953344,0.0041
10000,aligned_still,support4,3,9,0.933888,0.0056
10000,aligned_still,support4,3,10,0.946176,0.0021
10000,aligned_still,support4,3,11,0.932864,0.0039
10000,aligned_still,support4,3,12,0.944128,0.0019
10000,aligned_still,support4,3,13,0.93184,0.004
10000,aligned_still,support4,3,14,0.939008,0.0036
10000,aligned_still,support4,3,15,0.935936,0.0039
10000,aligned_still,support4,3,16,0.939008,0.0019
10000,aligned_still,support4,3,17,0.94208,0.004
10000,aligned_still,support4,3,18,0.910336,0.004
10000,aligned_still,support4,3,19,0.97792,0.0018
10000,aligned_still,support4,3,20,0.939008,0.0039
10000,aligned_still,support4,3,21,0.968704,0.0039
10000,aligned_still,support4,3,22,0.937984,0.0055
10000,aligned_still,support4,3,23,0.954368,0.002
10000,aligned_still,support4,3,24,0.93184,0.0041
10000,aligned_still,support4,3,25,0.956416,0.0044
10000,aligned_still,support4,3,26,0.932864,0.0039
10000,aligned_still,support4,3,27,0.954368,0.004
10000,aligned_still,support4,3,28,0.934912,0.0041
10000,aligned_still,support4,3,29,0.955392,0.002
10000,aligned_still,support4,3,30,0.939008,0.0039
10000,aligned_still,support4,3,31,0.953344,0.0037
10000,aligned_still,support4,3,32,0.930816,0.0039
10000,aligned_still,support4,3,33,0.950272,0.0019
10000,aligned_still,support4,3,34,0.93184,0.0062
10000,aligned_still,support4,3,35,0.950272,0.004
10000,aligned_still,support4,3,36,0.946176,0.0044
10000,aligned_still,support4,3,37,0.913408,0.0019
10000,aligned_still,support4,3,38,0.978944,0.002
10000,aligned_still,support4,3,39,0.946176,0.0039
10000,staggered_still,jacobi4,1,0,0.726016,0.0049
10000,staggered_still,jacobi4,1,1,0.688128,9.0E-4
10000,staggered_still,jacobi4,1,2,0.692224,0.0024
10000,staggered_still,jacobi4,1,3,0.681984,9.0E-4
10000,staggered_still,jacobi4,1,4,0.694272,8.0E-4
10000,staggered_still,jacobi4,1,5,0.684032,9.0E-4
10000,staggered_still,jacobi4,1,6,0.690176,8.0E-4
10000,staggered_still,jacobi4,1,7,0.683008,7.0E-4
10000,staggered_still,jacobi4,1,8,0.6912,8.0E-4
10000,staggered_still,jacobi4,1,9,0.683008,0.001
10000,staggered_still,jacobi4,1,10,0.693248,8.0E-4
10000,staggered_still,jacobi4,1,11,0.68096,7.0E-4
10000,staggered_still,jacobi4,1,12,0.693248,7.0E-4
10000,staggered_still,jacobi4,1,13,0.681984,8.0E-4
10000,staggered_still,jacobi4,1,14,0.6912,9.0E-4
10000,staggered_still,jacobi4,1,15,0.679936,7.0E-4
10000,staggered_still,jacobi4,1,16,0.692224,9.0E-4
10000,staggered_still,jacobi4,1,17,0.68096,8.0E-4
10000,staggered_still,jacobi4,1,18,0.715776,8.0E-4
10000,staggered_still,jacobi4,1,19,0.679936,8.0E-4
10000,staggered_still,jacobi4,1,20,0.72192,8.0E-4
10000,staggered_still,jacobi4,1,21,0.6912,7.0E-4
10000,staggered_still,jacobi4,1,22,0.683008,8.0E-4
10000,staggered_still,jacobi4,1,23,0.693248,0.0018
10000,staggered_still,jacobi4,1,24,0.681984,8.0E-4
10000,staggered_still,jacobi4,1,25,0.6912,9.0E-4
10000,staggered_still,jacobi4,1,26,0.685056,8.0E-4
10000,staggered_still,jacobi4,1,27,0.694272,8.0E-4
10000,staggered_still,jacobi4,1,28,0.679936,8.0E-4
10000,staggered_still,jacobi4,1,29,0.687104,8.0E-4
10000,staggered_still,jacobi4,1,30,0.68096,8.0E-4
10000,staggered_still,jacobi4,1,31,0.692224,9.0E-4
10000,staggered_still,jacobi4,1,32,0.685056,8.0E-4
10000,staggered_still,jacobi4,1,33,0.694272,9.0E-4
10000,staggered_still,jacobi4,1,34,0.679936,7.0E-4
10000,staggered_still,jacobi4,1,35,0.694272,7.0E-4
10000,staggered_still,jacobi4,1,36,0.678912,8.0E-4
10000,staggered_still,jacobi4,1,37,0.722944,9.0E-4
10000,staggered_still,jacobi4,1,38,0.681984,8.0E-4
10000,staggered_still,jacobi4,1,39,0.720896,9.0E-4
10000,staggered_still,jacobi4,2,0,0.715776,0.0031
10000,staggered_still,jacobi4,2,1,0.690176,0.001
10000,staggered_still,jacobi4,2,2,0.681984,0.0036
10000,staggered_still,jacobi4,2,3,0.693248,0.001
10000,staggered_still,jacobi4,2,4,0.679936,8.0E-4
10000,staggered_still,jacobi4,2,5,0.690176,8.0E-4
10000,staggered_still,jacobi4,2,6,0.685056,9.0E-4
10000,staggered_still,jacobi4,2,7,0.693248,8.0E-4
10000,staggered_still,jacobi4,2,8,0.679936,7.0E-4
10000,staggered_still,jacobi4,2,9,0.693248,8.0E-4
10000,staggered_still,jacobi4,2,10,0.68096,8.0E-4
10000,staggered_still,jacobi4,2,11,0.694272,9.0E-4
10000,staggered_still,jacobi4,2,12,0.681984,8.0E-4
10000,staggered_still,jacobi4,2,13,0.694272,8.0E-4
10000,staggered_still,jacobi4,2,14,0.681984,7.0E-4
10000,staggered_still,jacobi4,2,15,0.693248,9.0E-4
10000,staggered_still,jacobi4,2,16,0.68096,9.0E-4
10000,staggered_still,jacobi4,2,17,0.72192,9.0E-4
10000,staggered_still,jacobi4,2,18,0.679936,7.0E-4
10000,staggered_still,jacobi4,2,19,0.724992,0.0023
10000,staggered_still,jacobi4,2,20,0.693248,9.0E-4
10000,staggered_still,jacobi4,2,21,0.684032,9.0E-4
10000,staggered_still,jacobi4,2,22,0.692224,7.0E-4
10000,staggered_still,jacobi4,2,23,0.68096,8.0E-4
10000,staggered_still,jacobi4,2,24,0.6912,8.0E-4
10000,staggered_still,jacobi4,2,25,0.681984,7.0E-4
10000,staggered_still,jacobi4,2,26,0.695296,9.0E-4
10000,staggered_still,jacobi4,2,27,0.681984,8.0E-4
10000,staggered_still,jacobi4,2,28,0.688128,8.0E-4
10000,staggered_still,jacobi4,2,29,0.679936,7.0E-4
10000,staggered_still,jacobi4,2,30,0.694272,7.0E-4
10000,staggered_still,jacobi4,2,31,0.678912,7.0E-4
10000,staggered_still,jacobi4,2,32,0.694272,9.0E-4
10000,staggered_still,jacobi4,2,33,0.679936,8.0E-4
10000,staggered_still,jacobi4,2,34,0.693248,8.0E-4
10000,staggered_still,jacobi4,2,35,0.681984,8.0E-4
10000,staggered_still,jacobi4,2,36,0.717824,8.0E-4
10000,staggered_still,jacobi4,2,37,0.679936,7.0E-4
10000,staggered_still,jacobi4,2,38,0.724992,9.0E-4
10000,staggered_still,jacobi4,2,39,0.689152,7.0E-4
10000,staggered_still,jacobi4,3,0,0.713728,0.0033
10000,staggered_still,jacobi4,3,1,0.693248,9.0E-4
10000,staggered_still,jacobi4,3,2,0.683008,0.0035
10000,staggered_still,jacobi4,3,3,0.692224,9.0E-4
10000,staggered_still,jacobi4,3,4,0.68096,9.0E-4
10000,staggered_still,jacobi4,3,5,0.694272,8.0E-4
10000,staggered_still,jacobi4,3,6,0.681984,7.0E-4
10000,staggered_still,jacobi4,3,7,0.694272,9.0E-4
10000,staggered_still,jacobi4,3,8,0.678912,8.0E-4
10000,staggered_still,jacobi4,3,9,0.692224,8.0E-4
10000,staggered_still,jacobi4,3,10,0.67584,7.0E-4
10000,staggered_still,jacobi4,3,11,0.6912,7.0E-4
10000,staggered_still,jacobi4,3,12,0.679936,8.0E-4
10000,staggered_still,jacobi4,3,13,0.6912,9.0E-4
10000,staggered_still,jacobi4,3,14,0.679936,7.0E-4
10000,staggered_still,jacobi4,3,15,0.694272,8.0E-4
10000,staggered_still,jacobi4,3,16,0.68096,0.001
10000,staggered_still,jacobi4,3,17,0.719872,8.0E-4
10000,staggered_still,jacobi4,3,18,0.68096,7.0E-4
10000,staggered_still,jacobi4,3,19,0.722944,8.0E-4
10000,staggered_still,jacobi4,3,20,0.692224,7.0E-4
10000,staggered_still,jacobi4,3,21,0.685056,8.0E-4
10000,staggered_still,jacobi4,3,22,0.692224,7.0E-4
10000,staggered_still,jacobi4,3,23,0.679936,7.0E-4
10000,staggered_still,jacobi4,3,24,0.692224,9.0E-4
10000,staggered_still,jacobi4,3,25,0.684032,8.0E-4
10000,staggered_still,jacobi4,3,26,0.694272,8.0E-4
10000,staggered_still,jacobi4,3,27,0.68096,7.0E-4
10000,staggered_still,jacobi4,3,28,0.6912,7.0E-4
10000,staggered_still,jacobi4,3,29,0.679936,7.0E-4
10000,staggered_still,jacobi4,3,30,0.693248,8.0E-4
10000,staggered_still,jacobi4,3,31,0.68096,7.0E-4
10000,staggered_still,jacobi4,3,32,0.695296,9.0E-4
10000,staggered_still,jacobi4,3,33,0.678912,7.0E-4
10000,staggered_still,jacobi4,3,34,0.694272,7.0E-4
10000,staggered_still,jacobi4,3,35,0.678912,7.0E-4
10000,staggered_still,jacobi4,3,36,0.713728,8.0E-4
10000,staggered_still,jacobi4,3,37,0.679936,8.0E-4
10000,staggered_still,jacobi4,3,38,0.723968,9.0E-4
10000,staggered_still,jacobi4,3,39,0.690176,8.0E-4
10000,staggered_still,jacobi16,1,0,2.599936,0.0058
10000,staggered_still,jacobi16,1,1,2.569216,0.0036
10000,staggered_still,jacobi16,1,2,2.566144,0.0036
10000,staggered_still,jacobi16,1,3,2.573312,0.0036
10000,staggered_still,jacobi16,1,4,2.625536,0.0039
10000,staggered_still,jacobi16,1,5,2.60096,0.0037
10000,staggered_still,jacobi16,1,6,2.572288,0.0036
10000,staggered_still,jacobi16,1,7,2.57024,0.0037
10000,staggered_still,jacobi16,1,8,2.57024,0.0036
10000,staggered_still,jacobi16,1,9,2.555904,0.0036
10000,staggered_still,jacobi16,1,10,2.57024,0.0035
10000,staggered_still,jacobi16,1,11,2.566144,0.0035
10000,staggered_still,jacobi16,1,12,2.563072,0.0035
10000,staggered_still,jacobi16,1,13,2.568192,0.0036
10000,staggered_still,jacobi16,1,14,2.566144,0.0036
10000,staggered_still,jacobi16,1,15,2.569216,0.0036
10000,staggered_still,jacobi16,1,16,2.574336,0.0036
10000,staggered_still,jacobi16,1,17,2.573312,0.0037
10000,staggered_still,jacobi16,1,18,2.558976,0.0035
10000,staggered_still,jacobi16,1,19,2.56512,0.0037
10000,staggered_still,jacobi16,1,20,2.566144,0.0036
10000,staggered_still,jacobi16,1,21,2.569216,0.0037
10000,staggered_still,jacobi16,1,22,2.572288,0.0036
10000,staggered_still,jacobi16,1,23,2.55488,0.0037
10000,staggered_still,jacobi16,1,24,2.594816,0.019
10000,staggered_still,jacobi16,1,25,2.572288,0.0048
10000,staggered_still,jacobi16,1,26,2.57024,0.0036
10000,staggered_still,jacobi16,1,27,2.56512,0.0037
10000,staggered_still,jacobi16,1,28,2.557952,0.0037
10000,staggered_still,jacobi16,1,29,2.573312,0.0037
10000,staggered_still,jacobi16,1,30,2.569216,0.0036
10000,staggered_still,jacobi16,1,31,2.564096,0.0036
10000,staggered_still,jacobi16,1,32,2.569216,0.0035
10000,staggered_still,jacobi16,1,33,2.566144,0.0036
10000,staggered_still,jacobi16,1,34,2.57024,0.0051
10000,staggered_still,jacobi16,1,35,2.573312,0.0036
10000,staggered_still,jacobi16,1,36,2.573312,0.0037
10000,staggered_still,jacobi16,1,37,2.56,0.0035
10000,staggered_still,jacobi16,1,38,2.596864,0.0037
10000,staggered_still,jacobi16,1,39,2.577408,0.0037
10000,staggered_still,jacobi16,2,0,2.60096,0.0095
10000,staggered_still,jacobi16,2,1,2.57536,0.0034
10000,staggered_still,jacobi16,2,2,2.578432,0.0034
10000,staggered_still,jacobi16,2,3,2.574336,0.0043
10000,staggered_still,jacobi16,2,4,2.56512,0.0033
10000,staggered_still,jacobi16,2,5,2.604032,0.0035
10000,staggered_still,jacobi16,2,6,2.572288,0.0033
10000,staggered_still,jacobi16,2,7,2.571264,0.0035
10000,staggered_still,jacobi16,2,8,2.576384,0.0034
10000,staggered_still,jacobi16,2,9,2.564096,0.0033
10000,staggered_still,jacobi16,2,10,2.572288,0.0033
10000,staggered_still,jacobi16,2,11,2.574336,0.0032
10000,staggered_still,jacobi16,2,12,2.573312,0.0033
10000,staggered_still,jacobi16,2,13,2.568192,0.0032
10000,staggered_still,jacobi16,2,14,2.56,0.0032
10000,staggered_still,jacobi16,2,15,2.578432,0.0033
10000,staggered_still,jacobi16,2,16,2.576384,0.0035
10000,staggered_still,jacobi16,2,17,2.576384,0.0032
10000,staggered_still,jacobi16,2,18,2.562048,0.0032
10000,staggered_still,jacobi16,2,19,2.608128,0.0034
10000,staggered_still,jacobi16,2,20,2.58048,0.0035
10000,staggered_still,jacobi16,2,21,2.571264,0.0032
10000,staggered_still,jacobi16,2,22,2.571264,0.0033
10000,staggered_still,jacobi16,2,23,2.564096,0.0037
10000,staggered_still,jacobi16,2,24,2.603008,0.0036
10000,staggered_still,jacobi16,2,25,2.569216,0.0032
10000,staggered_still,jacobi16,2,26,2.578432,0.0033
10000,staggered_still,jacobi16,2,27,2.576384,0.0033
10000,staggered_still,jacobi16,2,28,2.558976,0.0033
10000,staggered_still,jacobi16,2,29,2.569216,0.0033
10000,staggered_still,jacobi16,2,30,2.574336,0.0034
10000,staggered_still,jacobi16,2,31,2.57024,0.0038
10000,staggered_still,jacobi16,2,32,2.571264,0.0033
10000,staggered_still,jacobi16,2,33,2.567168,0.0033
10000,staggered_still,jacobi16,2,34,2.57536,0.0032
10000,staggered_still,jacobi16,2,35,2.57536,0.0034
10000,staggered_still,jacobi16,2,36,2.569216,0.0032
10000,staggered_still,jacobi16,2,37,2.564096,0.0033
10000,staggered_still,jacobi16,2,38,2.604032,0.0033
10000,staggered_still,jacobi16,2,39,2.576384,0.0033
10000,staggered_still,jacobi16,3,0,2.59584,0.0048
10000,staggered_still,jacobi16,3,1,2.577408,0.004
10000,staggered_still,jacobi16,3,2,2.579456,0.0033
10000,staggered_still,jacobi16,3,3,2.571264,0.0032
10000,staggered_still,jacobi16,3,4,2.564096,0.0034
10000,staggered_still,jacobi16,3,5,2.60096,0.0035
10000,staggered_still,jacobi16,3,6,2.568192,0.0034
10000,staggered_still,jacobi16,3,7,2.572288,0.0032
10000,staggered_still,jacobi16,3,8,2.57536,0.0032
10000,staggered_still,jacobi16,3,9,2.562048,0.0034
10000,staggered_still,jacobi16,3,10,2.577408,0.0154
10000,staggered_still,jacobi16,3,11,2.576384,0.0047
10000,staggered_still,jacobi16,3,12,2.573312,0.0046
10000,staggered_still,jacobi16,3,13,2.573312,0.0047
10000,staggered_still,jacobi16,3,14,2.564096,0.0061
10000,staggered_still,jacobi16,3,15,2.572288,0.0032
10000,staggered_still,jacobi16,3,16,2.571264,0.0056
10000,staggered_still,jacobi16,3,17,2.579456,0.0085
10000,staggered_still,jacobi16,3,18,2.568192,0.0083
10000,staggered_still,jacobi16,3,19,2.603008,0.0076
10000,staggered_still,jacobi16,3,20,2.573312,0.008
10000,staggered_still,jacobi16,3,21,2.573312,0.0081
10000,staggered_still,jacobi16,3,22,2.572288,0.008
10000,staggered_still,jacobi16,3,23,2.561024,0.0084
10000,staggered_still,jacobi16,3,24,2.6112,0.0081
10000,staggered_still,jacobi16,3,25,2.572288,0.0078
10000,staggered_still,jacobi16,3,26,2.573312,0.0077
10000,staggered_still,jacobi16,3,27,2.574336,0.0083
10000,staggered_still,jacobi16,3,28,2.569216,0.0081
10000,staggered_still,jacobi16,3,29,2.57024,0.0082
10000,staggered_still,jacobi16,3,30,2.572288,0.0088
10000,staggered_still,jacobi16,3,31,2.569216,0.0082
10000,staggered_still,jacobi16,3,32,2.57024,0.0079
10000,staggered_still,jacobi16,3,33,2.563072,0.0081
10000,staggered_still,jacobi16,3,34,2.577408,0.008
10000,staggered_still,jacobi16,3,35,2.574336,0.0079
10000,staggered_still,jacobi16,3,36,2.579456,0.0081
10000,staggered_still,jacobi16,3,37,2.562048,0.0084
10000,staggered_still,jacobi16,3,38,2.609152,0.0075
10000,staggered_still,jacobi16,3,39,2.57024,0.0077
10000,staggered_still,support4,1,0,0.98304,0.0047
10000,staggered_still,support4,1,1,0.94208,0.0038
10000,staggered_still,support4,1,2,0.97792,0.0055
10000,staggered_still,support4,1,3,0.945152,0.0037
10000,staggered_still,support4,1,4,0.958464,0.0018
10000,staggered_still,support4,1,5,0.940032,0.0037
10000,staggered_still,support4,1,6,0.955392,0.0017
10000,staggered_still,support4,1,7,0.93696,0.0052
10000,staggered_still,support4,1,8,0.959488,0.0037
10000,staggered_still,support4,1,9,0.93696,0.0037
10000,staggered_still,support4,1,10,0.955392,0.0017
10000,staggered_still,support4,1,11,0.948224,0.0035
10000,staggered_still,support4,1,12,0.949248,0.0016
10000,staggered_still,support4,1,13,0.937984,0.0017
10000,staggered_still,support4,1,14,0.946176,0.0016
10000,staggered_still,support4,1,15,0.945152,0.0027
10000,staggered_still,support4,1,16,0.949248,0.0017
10000,staggered_still,support4,1,17,0.953344,0.0017
10000,staggered_still,support4,1,18,0.915456,0.0016
10000,staggered_still,support4,1,19,0.980992,0.0017
10000,staggered_still,support4,1,20,0.944128,0.0024
10000,staggered_still,support4,1,21,0.98304,0.0018
10000,staggered_still,support4,1,22,0.941056,0.0036
10000,staggered_still,support4,1,23,0.95744,0.0018
10000,staggered_still,support4,1,24,0.934912,0.0054
10000,staggered_still,support4,1,25,0.955392,0.0018
10000,staggered_still,support4,1,26,0.933888,0.0016
10000,staggered_still,support4,1,27,0.95232,0.0017
10000,staggered_still,support4,1,28,0.934912,0.0027
10000,staggered_still,support4,1,29,0.961536,0.0017
10000,staggered_still,support4,1,30,0.951296,0.0016
10000,staggered_still,support4,1,31,0.955392,0.0017
10000,staggered_still,support4,1,32,0.948224,0.0038
10000,staggered_still,support4,1,33,0.956416,0.0017
10000,staggered_still,support4,1,34,0.946176,0.0016
10000,staggered_still,support4,1,35,0.95232,0.0016
10000,staggered_still,support4,1,36,0.95232,0.0019
10000,staggered_still,support4,1,37,0.91648,0.0027
10000,staggered_still,support4,1,38,0.982016,0.0017
10000,staggered_still,support4,1,39,0.95232,0.0037
10000,staggered_still,support4,2,0,0.9728,0.0063
10000,staggered_still,support4,2,1,0.943104,0.0051
10000,staggered_still,support4,2,2,0.979968,0.0039
10000,staggered_still,support4,2,3,0.940032,0.0057
10000,staggered_still,support4,2,4,0.95232,0.0038
10000,staggered_still,support4,2,5,0.940032,0.0037
10000,staggered_still,support4,2,6,0.970752,0.0018
10000,staggered_still,support4,2,7,0.939008,0.0052
10000,staggered_still,support4,2,8,0.959488,0.0019
10000,staggered_still,support4,2,9,0.941056,0.0037
10000,staggered_still,support4,2,10,0.953344,0.0018
10000,staggered_still,support4,2,11,0.93696,0.0036
10000,staggered_still,support4,2,12,0.95232,0.0034
10000,staggered_still,support4,2,13,0.940032,0.0042
10000,staggered_still,support4,2,14,0.944128,0.0046
10000,staggered_still,support4,2,15,0.945152,0.0062
10000,staggered_still,support4,2,16,0.954368,0.0033
10000,staggered_still,support4,2,17,0.944128,0.0018
10000,staggered_still,support4,2,18,0.918528,0.0017
10000,staggered_still,support4,2,19,0.990208,0.0017
10000,staggered_still,support4,2,20,0.946176,0.0025
10000,staggered_still,support4,2,21,0.982016,0.0038
10000,staggered_still,support4,2,22,0.94208,0.0037
10000,staggered_still,support4,2,23,0.956416,0.0017
10000,staggered_still,support4,2,24,0.935936,0.0039
10000,staggered_still,support4,2,25,0.95744,0.0034
10000,staggered_still,support4,2,26,0.933888,0.0017
10000,staggered_still,support4,2,27,0.961536,0.0016
10000,staggered_still,support4,2,28,0.935936,0.0019
10000,staggered_still,support4,2,29,0.959488,0.0028
10000,staggered_still,support4,2,30,0.950272,0.0016
10000,staggered_still,support4,2,31,0.95744,0.0017
10000,staggered_still,support4,2,32,0.937984,0.0016
10000,staggered_still,support4,2,33,0.9472,0.0025
10000,staggered_still,support4,2,34,0.939008,0.0018
10000,staggered_still,support4,2,35,0.953344,0.0016
10000,staggered_still,support4,2,36,0.9472,0.0017
10000,staggered_still,support4,2,37,0.917504,0.0017
10000,staggered_still,support4,2,38,0.984064,0.0029
10000,staggered_still,support4,2,39,0.950272,0.0016
10000,staggered_still,support4,3,0,0.971776,0.0045
10000,staggered_still,support4,3,1,0.943104,0.0037
10000,staggered_still,support4,3,2,0.974848,0.0018
10000,staggered_still,support4,3,3,0.945152,0.0036
10000,staggered_still,support4,3,4,0.955392,0.004
10000,staggered_still,support4,3,5,0.935936,0.0037
10000,staggered_still,support4,3,6,0.956416,0.0037
10000,staggered_still,support4,3,7,0.93696,0.0036
10000,staggered_still,support4,3,8,0.95232,0.0035
10000,staggered_still,support4,3,9,0.937984,0.0037
10000,staggered_still,support4,3,10,0.95232,0.0018
10000,staggered_still,support4,3,11,0.941056,0.0016
10000,staggered_still,support4,3,12,0.951296,0.0033
10000,staggered_still,support4,3,13,0.934912,0.0017
10000,staggered_still,support4,3,14,0.955392,0.0016
10000,staggered_still,support4,3,15,0.951296,0.0016
10000,staggered_still,support4,3,16,0.948224,0.0016
10000,staggered_still,support4,3,17,0.944128,0.0019
10000,staggered_still,support4,3,18,0.91648,0.0016
10000,staggered_still,support4,3,19,0.982016,0.0017
10000,staggered_still,support4,3,20,0.937984,0.0017
10000,staggered_still,support4,3,21,0.979968,0.0031
10000,staggered_still,support4,3,22,0.940032,0.0016
10000,staggered_still,support4,3,23,0.965632,0.0016
10000,staggered_still,support4,3,24,0.93696,0.0018
10000,staggered_still,support4,3,25,0.949248,0.0027
10000,staggered_still,support4,3,26,0.935936,0.0017
10000,staggered_still,support4,3,27,0.954368,0.0016
10000,staggered_still,support4,3,28,0.93696,0.0016
10000,staggered_still,support4,3,29,0.950272,0.0025
10000,staggered_still,support4,3,30,0.94208,0.0016
10000,staggered_still,support4,3,31,0.950272,0.0017
10000,staggered_still,support4,3,32,0.935936,0.0017
10000,staggered_still,support4,3,33,0.946176,0.0016
10000,staggered_still,support4,3,34,0.939008,0.0025
10000,staggered_still,support4,3,35,0.954368,0.0017
10000,staggered_still,support4,3,36,0.949248,0.0017
10000,staggered_still,support4,3,37,0.914432,0.0017
10000,staggered_still,support4,3,38,0.984064,0.0025
10000,staggered_still,support4,3,39,0.945152,0.0017
10000,staggered_driven,jacobi4,1,0,0.775168,0.012
10000,staggered_driven,jacobi4,1,1,0.751616,0.0013
10000,staggered_driven,jacobi4,1,2,0.741376,0.0034
10000,staggered_driven,jacobi4,1,3,0.7936,0.0012
10000,staggered_driven,jacobi4,1,4,0.758784,0.001
10000,staggered_driven,jacobi4,1,5,0.748544,0.001
10000,staggered_driven,jacobi4,1,6,0.771072,0.001
10000,staggered_driven,jacobi4,1,7,0.754688,0.001
10000,staggered_driven,jacobi4,1,8,0.764928,0.001
10000,staggered_driven,jacobi4,1,9,0.759808,0.001
10000,staggered_driven,jacobi4,1,10,0.78336,0.0011
10000,staggered_driven,jacobi4,1,11,0.760832,0.0057
10000,staggered_driven,jacobi4,1,12,0.749568,0.0013
10000,staggered_driven,jacobi4,1,13,0.78336,0.0011
10000,staggered_driven,jacobi4,1,14,0.782336,0.0011
10000,staggered_driven,jacobi4,1,15,0.787456,0.001
10000,staggered_driven,jacobi4,1,16,0.774144,9.0E-4
10000,staggered_driven,jacobi4,1,17,0.815104,0.001
10000,staggered_driven,jacobi4,1,18,0.78848,0.001
10000,staggered_driven,jacobi4,1,19,0.781312,0.0137
10000,staggered_driven,jacobi4,1,20,0.78848,0.001
10000,staggered_driven,jacobi4,1,21,0.768,8.0E-4
10000,staggered_driven,jacobi4,1,22,0.812032,9.0E-4
10000,staggered_driven,jacobi4,1,23,0.77824,9.0E-4
10000,staggered_driven,jacobi4,1,24,0.766976,9.0E-4
10000,staggered_driven,jacobi4,1,25,0.779264,8.0E-4
10000,staggered_driven,jacobi4,1,26,0.76288,9.0E-4
10000,staggered_driven,jacobi4,1,27,0.776192,0.001
10000,staggered_driven,jacobi4,1,28,0.775168,0.001
10000,staggered_driven,jacobi4,1,29,0.802816,0.001
10000,staggered_driven,jacobi4,1,30,0.781312,9.0E-4
10000,staggered_driven,jacobi4,1,31,0.780288,0.001
10000,staggered_driven,jacobi4,1,32,0.790528,0.0011
10000,staggered_driven,jacobi4,1,33,0.785408,8.0E-4
10000,staggered_driven,jacobi4,1,34,0.768,0.001
10000,staggered_driven,jacobi4,1,35,0.753664,9.0E-4
10000,staggered_driven,jacobi4,1,36,0.792576,9.0E-4
10000,staggered_driven,jacobi4,1,37,0.7424,9.0E-4
10000,staggered_driven,jacobi4,1,38,0.745472,8.0E-4
10000,staggered_driven,jacobi4,1,39,0.751616,0.001
10000,staggered_driven,jacobi4,2,0,0.785408,0.0179
10000,staggered_driven,jacobi4,2,1,0.740352,0.0025
10000,staggered_driven,jacobi4,2,2,0.750592,9.0E-4
10000,staggered_driven,jacobi4,2,3,0.746496,0.001
10000,staggered_driven,jacobi4,2,4,0.760832,9.0E-4
10000,staggered_driven,jacobi4,2,5,0.755712,8.0E-4
10000,staggered_driven,jacobi4,2,6,0.789504,7.0E-4
10000,staggered_driven,jacobi4,2,7,0.77312,9.0E-4
10000,staggered_driven,jacobi4,2,8,0.758784,8.0E-4
10000,staggered_driven,jacobi4,2,9,0.759808,8.0E-4
10000,staggered_driven,jacobi4,2,10,0.760832,0.0011
10000,staggered_driven,jacobi4,2,11,0.759808,9.0E-4
10000,staggered_driven,jacobi4,2,12,0.748544,7.0E-4
10000,staggered_driven,jacobi4,2,13,0.818176,8.0E-4
10000,staggered_driven,jacobi4,2,14,0.78336,7.0E-4
10000,staggered_driven,jacobi4,2,15,0.77824,8.0E-4
10000,staggered_driven,jacobi4,2,16,0.78848,8.0E-4
10000,staggered_driven,jacobi4,2,17,0.774144,8.0E-4
10000,staggered_driven,jacobi4,2,18,0.822272,9.0E-4
10000,staggered_driven,jacobi4,2,19,0.786432,9.0E-4
10000,staggered_driven,jacobi4,2,20,0.779264,8.0E-4
10000,staggered_driven,jacobi4,2,21,0.780288,9.0E-4
10000,staggered_driven,jacobi4,2,22,0.768,7.0E-4
10000,staggered_driven,jacobi4,2,23,0.780288,9.0E-4
10000,staggered_driven,jacobi4,2,24,0.774144,8.0E-4
10000,staggered_driven,jacobi4,2,25,0.796672,7.0E-4
10000,staggered_driven,jacobi4,2,26,0.781312,8.0E-4
10000,staggered_driven,jacobi4,2,27,0.771072,7.0E-4
10000,staggered_driven,jacobi4,2,28,0.774144,9.0E-4
10000,staggered_driven,jacobi4,2,29,0.769024,8.0E-4
10000,staggered_driven,jacobi4,2,30,0.77824,7.0E-4
10000,staggered_driven,jacobi4,2,31,0.780288,8.0E-4
10000,staggered_driven,jacobi4,2,32,0.821248,7.0E-4
10000,staggered_driven,jacobi4,2,33,0.790528,8.0E-4
10000,staggered_driven,jacobi4,2,34,0.759808,8.0E-4
10000,staggered_driven,jacobi4,2,35,0.759808,8.0E-4
10000,staggered_driven,jacobi4,2,36,0.748544,7.0E-4
10000,staggered_driven,jacobi4,2,37,0.77824,9.0E-4
10000,staggered_driven,jacobi4,2,38,0.748544,7.0E-4
10000,staggered_driven,jacobi4,2,39,0.7424,8.0E-4
10000,staggered_driven,jacobi4,3,0,0.779264,0.0031
10000,staggered_driven,jacobi4,3,1,0.759808,8.0E-4
10000,staggered_driven,jacobi4,3,2,0.739328,0.0024
10000,staggered_driven,jacobi4,3,3,0.789504,9.0E-4
10000,staggered_driven,jacobi4,3,4,0.756736,8.0E-4
10000,staggered_driven,jacobi4,3,5,0.749568,9.0E-4
10000,staggered_driven,jacobi4,3,6,0.770048,8.0E-4
10000,staggered_driven,jacobi4,3,7,0.755712,8.0E-4
10000,staggered_driven,jacobi4,3,8,0.766976,9.0E-4
10000,staggered_driven,jacobi4,3,9,0.756736,7.0E-4
10000,staggered_driven,jacobi4,3,10,0.786432,9.0E-4
10000,staggered_driven,jacobi4,3,11,0.756736,8.0E-4
10000,staggered_driven,jacobi4,3,12,0.75776,8.0E-4
10000,staggered_driven,jacobi4,3,13,0.787456,9.0E-4
10000,staggered_driven,jacobi4,3,14,0.781312,7.0E-4
10000,staggered_driven,jacobi4,3,15,0.78848,9.0E-4
10000,staggered_driven,jacobi4,3,16,0.776192,8.0E-4
10000,staggered_driven,jacobi4,3,17,0.81408,8.0E-4
10000,staggered_driven,jacobi4,3,18,0.787456,8.0E-4
10000,staggered_driven,jacobi4,3,19,0.825344,9.0E-4
10000,staggered_driven,jacobi4,3,20,0.789504,9.0E-4
10000,staggered_driven,jacobi4,3,21,0.766976,8.0E-4
10000,staggered_driven,jacobi4,3,22,0.80384,8.0E-4
10000,staggered_driven,jacobi4,3,23,0.77824,8.0E-4
10000,staggered_driven,jacobi4,3,24,0.765952,8.0E-4
10000,staggered_driven,jacobi4,3,25,0.776192,8.0E-4
10000,staggered_driven,jacobi4,3,26,0.769024,8.0E-4
10000,staggered_driven,jacobi4,3,27,0.779264,8.0E-4
10000,staggered_driven,jacobi4,3,28,0.769024,7.0E-4
10000,staggered_driven,jacobi4,3,29,0.802816,9.0E-4
10000,staggered_driven,jacobi4,3,30,0.77824,0.0024
10000,staggered_driven,jacobi4,3,31,0.779264,8.0E-4
10000,staggered_driven,jacobi4,3,32,0.790528,8.0E-4
10000,staggered_driven,jacobi4,3,33,0.786432,7.0E-4
10000,staggered_driven,jacobi4,3,34,0.769024,8.0E-4
10000,staggered_driven,jacobi4,3,35,0.750592,7.0E-4
10000,staggered_driven,jacobi4,3,36,0.791552,8.0E-4
10000,staggered_driven,jacobi4,3,37,0.746496,9.0E-4
10000,staggered_driven,jacobi4,3,38,0.744448,7.0E-4
10000,staggered_driven,jacobi4,3,39,0.753664,8.0E-4
10000,staggered_driven,jacobi16,1,0,2.563072,0.0113
10000,staggered_driven,jacobi16,1,1,2.547712,0.0037
10000,staggered_driven,jacobi16,1,2,2.550784,0.0036
10000,staggered_driven,jacobi16,1,3,2.564096,0.0037
10000,staggered_driven,jacobi16,1,4,2.542592,0.0036
10000,staggered_driven,jacobi16,1,5,2.538496,0.0037
10000,staggered_driven,jacobi16,1,6,2.567168,0.0036
10000,staggered_driven,jacobi16,1,7,2.60096,0.0036
10000,staggered_driven,jacobi16,1,8,2.553856,0.0035
10000,staggered_driven,jacobi16,1,9,2.55488,0.0035
10000,staggered_driven,jacobi16,1,10,2.553856,0.0035
10000,staggered_driven,jacobi16,1,11,2.573312,0.0036
10000,staggered_driven,jacobi16,1,12,2.562048,0.0036
10000,staggered_driven,jacobi16,1,13,2.630656,0.0038
10000,staggered_driven,jacobi16,1,14,2.607104,0.0036
10000,staggered_driven,jacobi16,1,15,2.607104,0.0036
10000,staggered_driven,jacobi16,1,16,2.607104,0.0036
10000,staggered_driven,jacobi16,1,17,2.60096,0.0058
10000,staggered_driven,jacobi16,1,18,2.598912,0.0051
10000,staggered_driven,jacobi16,1,19,2.624512,0.0038
10000,staggered_driven,jacobi16,1,20,2.598912,0.0035
10000,staggered_driven,jacobi16,1,21,2.576384,0.0035
10000,staggered_driven,jacobi16,1,22,2.578432,0.0035
10000,staggered_driven,jacobi16,1,23,2.571264,0.0035
10000,staggered_driven,jacobi16,1,24,2.564096,0.0035
10000,staggered_driven,jacobi16,1,25,2.561024,0.0039
10000,staggered_driven,jacobi16,1,26,2.592768,0.0039
10000,staggered_driven,jacobi16,1,27,2.568192,0.0035
10000,staggered_driven,jacobi16,1,28,2.57024,0.0036
10000,staggered_driven,jacobi16,1,29,2.566144,0.0036
10000,staggered_driven,jacobi16,1,30,2.573312,0.0036
10000,staggered_driven,jacobi16,1,31,2.630656,0.0038
10000,staggered_driven,jacobi16,1,32,2.668544,0.0037
10000,staggered_driven,jacobi16,1,33,2.637824,0.0038
10000,staggered_driven,jacobi16,1,34,2.610176,0.0035
10000,staggered_driven,jacobi16,1,35,2.592768,0.0035
10000,staggered_driven,jacobi16,1,36,2.607104,0.0037
10000,staggered_driven,jacobi16,1,37,2.520064,0.0036
10000,staggered_driven,jacobi16,1,38,2.555904,0.0036
10000,staggered_driven,jacobi16,1,39,2.53952,0.0035
10000,staggered_driven,jacobi16,2,0,2.578432,0.0084
10000,staggered_driven,jacobi16,2,1,2.540544,0.0036
10000,staggered_driven,jacobi16,2,2,2.576384,0.0036
10000,staggered_driven,jacobi16,2,3,2.556928,0.0035
10000,staggered_driven,jacobi16,2,4,2.541568,0.0036
10000,staggered_driven,jacobi16,2,5,2.545664,0.0037
10000,staggered_driven,jacobi16,2,6,2.582528,0.0035
10000,staggered_driven,jacobi16,2,7,2.568192,0.0037
10000,staggered_driven,jacobi16,2,8,2.547712,0.0038
10000,staggered_driven,jacobi16,2,9,2.583552,0.0037
10000,staggered_driven,jacobi16,2,10,2.550784,0.0035
10000,staggered_driven,jacobi16,2,11,2.573312,0.0035
10000,staggered_driven,jacobi16,2,12,2.569216,0.0035
10000,staggered_driven,jacobi16,2,13,2.6112,0.0044
10000,staggered_driven,jacobi16,2,14,2.594816,0.0035
10000,staggered_driven,jacobi16,2,15,2.6368,0.0035
10000,staggered_driven,jacobi16,2,16,2.605056,0.0036
10000,staggered_driven,jacobi16,2,17,2.605056,0.0036
10000,staggered_driven,jacobi16,2,18,2.610176,0.0037
10000,staggered_driven,jacobi16,2,19,2.599936,0.0036
10000,staggered_driven,jacobi16,2,20,2.59584,0.0035
10000,staggered_driven,jacobi16,2,21,2.593792,0.0037
10000,staggered_driven,jacobi16,2,22,2.567168,0.0036
10000,staggered_driven,jacobi16,2,23,2.564096,0.0038
10000,staggered_driven,jacobi16,2,24,2.573312,0.0037
10000,staggered_driven,jacobi16,2,25,2.57536,0.0037
10000,staggered_driven,jacobi16,2,26,2.561024,0.0037
10000,staggered_driven,jacobi16,2,27,2.562048,0.0038
10000,staggered_driven,jacobi16,2,28,2.603008,0.0035
10000,staggered_driven,jacobi16,2,29,2.57024,0.0035
10000,staggered_driven,jacobi16,2,30,2.57024,0.0035
10000,staggered_driven,jacobi16,2,31,2.635776,0.0038
10000,staggered_driven,jacobi16,2,32,2.649088,0.0035
10000,staggered_driven,jacobi16,2,33,2.62656,0.0036
10000,staggered_driven,jacobi16,2,34,2.637824,0.0036
10000,staggered_driven,jacobi16,2,35,2.593792,0.0036
10000,staggered_driven,jacobi16,2,36,2.593792,0.0035
10000,staggered_driven,jacobi16,2,37,2.525184,0.0036
10000,staggered_driven,jacobi16,2,38,2.526208,0.0035
10000,staggered_driven,jacobi16,2,39,2.525184,0.0036
10000,staggered_driven,jacobi16,3,0,2.564096,0.0085
10000,staggered_driven,jacobi16,3,1,2.53952,0.0035
10000,staggered_driven,jacobi16,3,2,2.576384,0.0037
10000,staggered_driven,jacobi16,3,3,2.562048,0.0035
10000,staggered_driven,jacobi16,3,4,2.540544,0.0035
10000,staggered_driven,jacobi16,3,5,2.540544,0.0037
10000,staggered_driven,jacobi16,3,6,2.574336,0.0036
10000,staggered_driven,jacobi16,3,7,2.572288,0.0036
10000,staggered_driven,jacobi16,3,8,2.582528,0.0038
10000,staggered_driven,jacobi16,3,9,2.558976,0.0037
10000,staggered_driven,jacobi16,3,10,2.558976,0.0035
10000,staggered_driven,jacobi16,3,11,2.579456,0.0035
10000,staggered_driven,jacobi16,3,12,2.579456,0.0037
10000,staggered_driven,jacobi16,3,13,2.599936,0.0037
10000,staggered_driven,jacobi16,3,14,2.597888,0.0036
10000,staggered_driven,jacobi16,3,15,2.796544,0.0035
10000,staggered_driven,jacobi16,3,16,2.608128,0.0036
10000,staggered_driven,jacobi16,3,17,2.609152,0.0035
10000,staggered_driven,jacobi16,3,18,2.608128,0.0037
10000,staggered_driven,jacobi16,3,19,2.6112,0.0035
10000,staggered_driven,jacobi16,3,20,2.594816,0.0036
10000,staggered_driven,jacobi16,3,21,2.596864,0.0036
10000,staggered_driven,jacobi16,3,22,2.572288,0.0037
10000,staggered_driven,jacobi16,3,23,2.57024,0.0035
10000,staggered_driven,jacobi16,3,24,2.572288,0.0035
10000,staggered_driven,jacobi16,3,25,2.572288,0.0036
10000,staggered_driven,jacobi16,3,26,2.562048,0.0036
10000,staggered_driven,jacobi16,3,27,2.596864,0.0036
10000,staggered_driven,jacobi16,3,28,2.571264,0.0036
10000,staggered_driven,jacobi16,3,29,2.579456,0.0036
10000,staggered_driven,jacobi16,3,30,2.578432,0.0036
10000,staggered_driven,jacobi16,3,31,2.648064,0.0036
10000,staggered_driven,jacobi16,3,32,2.640896,0.0036
10000,staggered_driven,jacobi16,3,33,2.628608,0.0036
10000,staggered_driven,jacobi16,3,34,2.638848,0.0038
10000,staggered_driven,jacobi16,3,35,2.603008,0.0037
10000,staggered_driven,jacobi16,3,36,2.596864,0.0035
10000,staggered_driven,jacobi16,3,37,2.520064,0.0035
10000,staggered_driven,jacobi16,3,38,2.531328,0.0039
10000,staggered_driven,jacobi16,3,39,2.525184,0.0038
10000,staggered_driven,support4,1,0,1.027072,0.0066
10000,staggered_driven,support4,1,1,1.011712,0.0066
10000,staggered_driven,support4,1,2,1.005568,0.0043
10000,staggered_driven,support4,1,3,1.019904,0.0042
10000,staggered_driven,support4,1,4,1.010688,0.0039
10000,staggered_driven,support4,1,5,1.024,0.0038
10000,staggered_driven,support4,1,6,1.025024,0.0039
10000,staggered_driven,support4,1,7,1.03936,0.0039
10000,staggered_driven,support4,1,8,1.027072,0.004
10000,staggered_driven,support4,1,9,1.028096,0.0035
10000,staggered_driven,support4,1,10,1.012736,0.004
10000,staggered_driven,support4,1,11,1.026048,0.0018
10000,staggered_driven,support4,1,12,1.020928,0.0041
10000,staggered_driven,support4,1,13,1.05472,0.0018
10000,staggered_driven,support4,1,14,1.04448,0.005
10000,staggered_driven,support4,1,15,1.071104,0.0018
10000,staggered_driven,support4,1,16,1.042432,0.0039
10000,staggered_driven,support4,1,17,1.07008,0.0019
10000,staggered_driven,support4,1,18,1.025024,0.0057
10000,staggered_driven,support4,1,19,1.074176,0.0018
10000,staggered_driven,support4,1,20,1.05984,0.0039
10000,staggered_driven,support4,1,21,1.038336,0.0039
10000,staggered_driven,support4,1,22,1.03936,0.0034
10000,staggered_driven,support4,1,23,1.033216,0.0041
10000,staggered_driven,support4,1,24,1.043456,0.0018
10000,staggered_driven,support4,1,25,1.032192,0.004
10000,staggered_driven,support4,1,26,1.046528,0.0035
10000,staggered_driven,support4,1,27,1.026048,0.004
10000,staggered_driven,support4,1,28,1.043456,0.0021
10000,staggered_driven,support4,1,29,1.027072,0.0039
10000,staggered_driven,support4,1,30,1.042432,0.002
10000,staggered_driven,support4,1,31,1.050624,0.0057
10000,staggered_driven,support4,1,32,1.060864,0.004
10000,staggered_driven,support4,1,33,1.053696,0.004
10000,staggered_driven,support4,1,34,1.050624,0.0019
10000,staggered_driven,support4,1,35,1.019904,0.0056
10000,staggered_driven,support4,1,36,1.042432,0.0018
10000,staggered_driven,support4,1,37,0.96768,0.0019
10000,staggered_driven,support4,1,38,1.030144,0.0018
10000,staggered_driven,support4,1,39,1.015808,0.0055
10000,staggered_driven,support4,2,0,1.017856,0.111
10000,staggered_driven,support4,2,1,1.006592,0.0098
10000,staggered_driven,support4,2,2,1.004544,0.0036
10000,staggered_driven,support4,2,3,1.011712,0.0035
10000,staggered_driven,support4,2,4,1.004544,0.0037
10000,staggered_driven,support4,2,5,1.01888,0.007
10000,staggered_driven,support4,2,6,1.017856,0.0036
10000,staggered_driven,support4,2,7,1.042432,0.0017
10000,staggered_driven,support4,2,8,1.019904,0.0035
10000,staggered_driven,support4,2,9,1.01888,0.0015
10000,staggered_driven,support4,2,10,1.011712,0.0016
10000,staggered_driven,support4,2,11,1.025024,0.0016
10000,staggered_driven,support4,2,12,1.010688,0.0034
10000,staggered_driven,support4,2,13,1.04448,0.0016
10000,staggered_driven,support4,2,14,1.032192,0.0037
10000,staggered_driven,support4,2,15,1.074176,0.0015
10000,staggered_driven,support4,2,16,1.042432,0.0035
10000,staggered_driven,support4,2,17,1.082368,0.0016
10000,staggered_driven,support4,2,18,1.020928,0.0015
10000,staggered_driven,support4,2,19,1.067008,0.0015
10000,staggered_driven,support4,2,20,1.05472,0.0035
10000,staggered_driven,support4,2,21,1.037312,0.0034
10000,staggered_driven,support4,2,22,1.048576,0.0016
10000,staggered_driven,support4,2,23,1.032192,0.0015
10000,staggered_driven,support4,2,24,1.031168,0.0016
10000,staggered_driven,support4,2,25,1.024,0.0015
10000,staggered_driven,support4,2,26,1.046528,0.0014
10000,staggered_driven,support4,2,27,1.021952,0.0036
10000,staggered_driven,support4,2,28,1.040384,0.0016
10000,staggered_driven,support4,2,29,1.01888,0.0016
10000,staggered_driven,support4,2,30,1.038336,0.0016
10000,staggered_driven,support4,2,31,1.048576,0.0035
10000,staggered_driven,support4,2,32,1.05984,0.0015
10000,staggered_driven,support4,2,33,1.047552,0.0036
10000,staggered_driven,support4,2,34,1.045504,0.0035
10000,staggered_driven,support4,2,35,1.016832,0.0068
10000,staggered_driven,support4,2,36,1.052672,0.0052
10000,staggered_driven,support4,2,37,0.96768,0.0037
10000,staggered_driven,support4,2,38,1.037312,0.002
10000,staggered_driven,support4,2,39,1.015808,0.0035
10000,staggered_driven,support4,3,0,1.025024,0.0121
10000,staggered_driven,support4,3,1,1.012736,0.0037
10000,staggered_driven,support4,3,2,1.01376,0.0039
10000,staggered_driven,support4,3,3,1.017856,0.0055
10000,staggered_driven,support4,3,4,1.00352,0.0037
10000,staggered_driven,support4,3,5,1.024,0.0037
10000,staggered_driven,support4,3,6,1.033216,0.0037
10000,staggered_driven,support4,3,7,1.040384,0.0038
10000,staggered_driven,support4,3,8,1.025024,0.0038
10000,staggered_driven,support4,3,9,1.035264,0.0037
10000,staggered_driven,support4,3,10,1.006592,0.0038
10000,staggered_driven,support4,3,11,1.027072,0.0037
10000,staggered_driven,support4,3,12,1.015808,0.0038
10000,staggered_driven,support4,3,13,1.060864,0.0037
10000,staggered_driven,support4,3,14,1.036288,0.0038
10000,staggered_driven,support4,3,15,1.069056,0.0052
10000,staggered_driven,support4,3,16,1.047552,0.0038
10000,staggered_driven,support4,3,17,1.063936,0.0037
10000,staggered_driven,support4,3,18,1.01888,0.0037
10000,staggered_driven,support4,3,19,1.061888,0.0037
10000,staggered_driven,support4,3,20,1.051648,0.0038
10000,staggered_driven,support4,3,21,1.030144,0.0037
10000,staggered_driven,support4,3,22,1.03936,0.0079
10000,staggered_driven,support4,3,23,1.031168,0.005
10000,staggered_driven,support4,3,24,1.040384,0.0037
10000,staggered_driven,support4,3,25,1.027072,0.0347
10000,staggered_driven,support4,3,26,1.041408,0.005
10000,staggered_driven,support4,3,27,1.016832,0.0037
10000,staggered_driven,support4,3,28,1.03424,0.0038
10000,staggered_driven,support4,3,29,1.021952,0.0036
10000,staggered_driven,support4,3,30,1.04448,0.0038
10000,staggered_driven,support4,3,31,1.042432,0.0038
10000,staggered_driven,support4,3,32,1.060864,0.0037
10000,staggered_driven,support4,3,33,1.045504,0.0039
10000,staggered_driven,support4,3,34,1.046528,0.0038
10000,staggered_driven,support4,3,35,1.011712,0.0046
10000,staggered_driven,support4,3,36,1.0496,0.0042
10000,staggered_driven,support4,3,37,0.976896,0.0038
10000,staggered_driven,support4,3,38,1.03424,0.0046
10000,staggered_driven,support4,3,39,1.012736,0.0039
65536,aligned_still,jacobi4,1,0,2.50368,0.0043
65536,aligned_still,jacobi4,1,1,2.489344,8.0E-4
65536,aligned_still,jacobi4,1,2,2.465792,0.0022
65536,aligned_still,jacobi4,1,3,2.44224,8.0E-4
65536,aligned_still,jacobi4,1,4,2.417664,9.0E-4
65536,aligned_still,jacobi4,1,5,2.440192,6.0E-4
65536,aligned_still,jacobi4,1,6,2.427904,7.0E-4
65536,aligned_still,jacobi4,1,7,2.47808,8.0E-4
65536,aligned_still,jacobi4,1,8,2.468864,7.0E-4
65536,aligned_still,jacobi4,1,9,2.48832,7.0E-4
65536,aligned_still,jacobi4,1,10,2.468864,6.0E-4
65536,aligned_still,jacobi4,1,11,2.475008,7.0E-4
65536,aligned_still,jacobi4,1,12,2.50368,7.0E-4
65536,aligned_still,jacobi4,1,13,2.5856,7.0E-4
65536,aligned_still,jacobi4,1,14,2.551808,7.0E-4
65536,aligned_still,jacobi4,1,15,2.576384,8.0E-4
65536,aligned_still,jacobi4,1,16,2.558976,6.0E-4
65536,aligned_still,jacobi4,1,17,2.599936,7.0E-4
65536,aligned_still,jacobi4,1,18,2.592768,6.0E-4
65536,aligned_still,jacobi4,1,19,2.650112,6.0E-4
65536,aligned_still,jacobi4,1,20,2.618368,8.0E-4
65536,aligned_still,jacobi4,1,21,2.6112,8.0E-4
65536,aligned_still,jacobi4,1,22,2.623488,7.0E-4
65536,aligned_still,jacobi4,1,23,2.628608,8.0E-4
65536,aligned_still,jacobi4,1,24,2.654208,7.0E-4
65536,aligned_still,jacobi4,1,25,2.629632,7.0E-4
65536,aligned_still,jacobi4,1,26,2.63168,9.0E-4
65536,aligned_still,jacobi4,1,27,2.614272,7.0E-4
65536,aligned_still,jacobi4,1,28,2.643968,7.0E-4
65536,aligned_still,jacobi4,1,29,2.60608,7.0E-4
65536,aligned_still,jacobi4,1,30,2.63168,7.0E-4
65536,aligned_still,jacobi4,1,31,2.619392,7.0E-4
65536,aligned_still,jacobi4,1,32,2.659328,8.0E-4
65536,aligned_still,jacobi4,1,33,2.618368,7.0E-4
65536,aligned_still,jacobi4,1,34,2.65216,7.0E-4
65536,aligned_still,jacobi4,1,35,2.633728,7.0E-4
65536,aligned_still,jacobi4,1,36,2.690048,7.0E-4
65536,aligned_still,jacobi4,1,37,2.678784,7.0E-4
65536,aligned_still,jacobi4,1,38,2.756608,8.0E-4
65536,aligned_still,jacobi4,1,39,2.75456,7.0E-4
65536,aligned_still,jacobi4,2,0,2.502656,0.0035
65536,aligned_still,jacobi4,2,1,2.497536,8.0E-4
65536,aligned_still,jacobi4,2,2,2.47296,0.0022
65536,aligned_still,jacobi4,2,3,2.443264,8.0E-4
65536,aligned_still,jacobi4,2,4,2.422784,8.0E-4
65536,aligned_still,jacobi4,2,5,2.438144,7.0E-4
65536,aligned_still,jacobi4,2,6,2.432,6.0E-4
65536,aligned_still,jacobi4,2,7,2.49344,8.0E-4
65536,aligned_still,jacobi4,2,8,2.46784,8.0E-4
65536,aligned_still,jacobi4,2,9,2.494464,7.0E-4
65536,aligned_still,jacobi4,2,10,2.463744,7.0E-4
65536,aligned_still,jacobi4,2,11,2.500608,7.0E-4
65536,aligned_still,jacobi4,2,12,2.5088,7.0E-4
65536,aligned_still,jacobi4,2,13,2.593792,7.0E-4
65536,aligned_still,jacobi4,2,14,2.577408,7.0E-4
65536,aligned_still,jacobi4,2,15,2.593792,7.0E-4
65536,aligned_still,jacobi4,2,16,2.573312,6.0E-4
65536,aligned_still,jacobi4,2,17,2.640896,7.0E-4
65536,aligned_still,jacobi4,2,18,2.634752,7.0E-4
65536,aligned_still,jacobi4,2,19,2.685952,7.0E-4
65536,aligned_still,jacobi4,2,20,2.65216,6.0E-4
65536,aligned_still,jacobi4,2,21,2.640896,8.0E-4
65536,aligned_still,jacobi4,2,22,2.65216,8.0E-4
65536,aligned_still,jacobi4,2,23,2.655232,7.0E-4
65536,aligned_still,jacobi4,2,24,2.674688,8.0E-4
65536,aligned_still,jacobi4,2,25,2.644992,7.0E-4
65536,aligned_still,jacobi4,2,26,2.666496,7.0E-4
65536,aligned_still,jacobi4,2,27,2.63168,6.0E-4
65536,aligned_still,jacobi4,2,28,2.658304,6.0E-4
65536,aligned_still,jacobi4,2,29,2.6368,7.0E-4
65536,aligned_still,jacobi4,2,30,2.663424,7.0E-4
65536,aligned_still,jacobi4,2,31,2.627584,7.0E-4
65536,aligned_still,jacobi4,2,32,2.66752,7.0E-4
65536,aligned_still,jacobi4,2,33,2.649088,7.0E-4
65536,aligned_still,jacobi4,2,34,2.67264,6.0E-4
65536,aligned_still,jacobi4,2,35,2.66752,8.0E-4
65536,aligned_still,jacobi4,2,36,2.714624,8.0E-4
65536,aligned_still,jacobi4,2,37,2.70848,7.0E-4
65536,aligned_still,jacobi4,2,38,2.777088,8.0E-4
65536,aligned_still,jacobi4,2,39,2.74944,7.0E-4
65536,aligned_still,jacobi4,3,0,2.52416,0.0065
65536,aligned_still,jacobi4,3,1,2.511872,7.0E-4
65536,aligned_still,jacobi4,3,2,2.484224,0.0023
65536,aligned_still,jacobi4,3,3,2.460672,8.0E-4
65536,aligned_still,jacobi4,3,4,2.429952,7.0E-4
65536,aligned_still,jacobi4,3,5,2.465792,8.0E-4
65536,aligned_still,jacobi4,3,6,2.433024,7.0E-4
65536,aligned_still,jacobi4,3,7,2.482176,8.0E-4
65536,aligned_still,jacobi4,3,8,2.469888,0.0022
65536,aligned_still,jacobi4,3,9,2.486272,8.0E-4
65536,aligned_still,jacobi4,3,10,2.461696,7.0E-4
65536,aligned_still,jacobi4,3,11,2.504704,8.0E-4
65536,aligned_still,jacobi4,3,12,2.501632,7.0E-4
65536,aligned_still,jacobi4,3,13,2.608128,8.0E-4
65536,aligned_still,jacobi4,3,14,2.597888,6.0E-4
65536,aligned_still,jacobi4,3,15,2.597888,7.0E-4
65536,aligned_still,jacobi4,3,16,2.579456,7.0E-4
65536,aligned_still,jacobi4,3,17,2.64192,8.0E-4
65536,aligned_still,jacobi4,3,18,2.628608,7.0E-4
65536,aligned_still,jacobi4,3,19,2.670592,8.0E-4
65536,aligned_still,jacobi4,3,20,2.82624,7.0E-4
65536,aligned_still,jacobi4,3,21,2.656256,7.0E-4
65536,aligned_still,jacobi4,3,22,2.655232,7.0E-4
65536,aligned_still,jacobi4,3,23,2.64192,7.0E-4
65536,aligned_still,jacobi4,3,24,2.668544,7.0E-4
65536,aligned_still,jacobi4,3,25,2.624512,7.0E-4
65536,aligned_still,jacobi4,3,26,2.651136,7.0E-4
65536,aligned_still,jacobi4,3,27,2.634752,7.0E-4
65536,aligned_still,jacobi4,3,28,2.664448,8.0E-4
65536,aligned_still,jacobi4,3,29,2.633728,6.0E-4
65536,aligned_still,jacobi4,3,30,2.65728,7.0E-4
65536,aligned_still,jacobi4,3,31,2.62144,6.0E-4
65536,aligned_still,jacobi4,3,32,2.66752,7.0E-4
65536,aligned_still,jacobi4,3,33,2.650112,6.0E-4
65536,aligned_still,jacobi4,3,34,2.669568,8.0E-4
65536,aligned_still,jacobi4,3,35,2.650112,7.0E-4
65536,aligned_still,jacobi4,3,36,2.697216,8.0E-4
65536,aligned_still,jacobi4,3,37,2.69312,7.0E-4
65536,aligned_still,jacobi4,3,38,2.786304,6.0E-4
65536,aligned_still,jacobi4,3,39,2.755584,8.0E-4
65536,aligned_still,jacobi16,1,0,9.010176,0.0131
65536,aligned_still,jacobi16,1,1,8.956928,0.0034
65536,aligned_still,jacobi16,1,2,8.916992,0.0033
65536,aligned_still,jacobi16,1,3,8.921088,0.0033
65536,aligned_still,jacobi16,1,4,8.881152,0.0034
65536,aligned_still,jacobi16,1,5,8.96,0.0043
65536,aligned_still,jacobi16,1,6,8.9344,0.0033
65536,aligned_still,jacobi16,1,7,8.946688,0.0032
65536,aligned_still,jacobi16,1,8,8.926208,0.0033
65536,aligned_still,jacobi16,1,9,8.926208,0.0033
65536,aligned_still,jacobi16,1,10,8.922112,0.0034
65536,aligned_still,jacobi16,1,11,8.921088,0.0034
65536,aligned_still,jacobi16,1,12,8.907776,0.0033
65536,aligned_still,jacobi16,1,13,8.940544,0.0033
65536,aligned_still,jacobi16,1,14,8.902656,0.0035
65536,aligned_still,jacobi16,1,15,8.923136,0.0036
65536,aligned_still,jacobi16,1,16,8.925184,0.0033
65536,aligned_still,jacobi16,1,17,8.906752,0.0033
65536,aligned_still,jacobi16,1,18,8.894464,0.0036
65536,aligned_still,jacobi16,1,19,8.938496,0.0035
65536,aligned_still,jacobi16,1,20,8.911872,0.0033
65536,aligned_still,jacobi16,1,21,8.915968,0.0033
65536,aligned_still,jacobi16,1,22,8.89856,0.0033
65536,aligned_still,jacobi16,1,23,8.933376,0.0032
65536,aligned_still,jacobi16,1,24,8.977408,0.0034
65536,aligned_still,jacobi16,1,25,8.948736,0.0034
65536,aligned_still,jacobi16,1,26,9.050112,0.0034
65536,aligned_still,jacobi16,1,27,9.155584,0.0035
65536,aligned_still,jacobi16,1,28,9.135104,0.0036
65536,aligned_still,jacobi16,1,29,9.115648,0.0033
65536,aligned_still,jacobi16,1,30,9.097216,0.0033
65536,aligned_still,jacobi16,1,31,9.09824,0.0033
65536,aligned_still,jacobi16,1,32,9.160704,0.0033
65536,aligned_still,jacobi16,1,33,9.1392,0.0032
65536,aligned_still,jacobi16,1,34,9.15456,0.0033
65536,aligned_still,jacobi16,1,35,9.142272,0.0033
65536,aligned_still,jacobi16,1,36,9.151488,0.0051
65536,aligned_still,jacobi16,1,37,9.124864,0.0033
65536,aligned_still,jacobi16,1,38,9.191424,0.0034
65536,aligned_still,jacobi16,1,39,9.133056,0.0034
65536,aligned_still,jacobi16,2,0,9.037824,0.0131
65536,aligned_still,jacobi16,2,1,9.035776,0.0033
65536,aligned_still,jacobi16,2,2,9.02144,0.0033
65536,aligned_still,jacobi16,2,3,8.974336,0.0033
65536,aligned_still,jacobi16,2,4,9.009152,0.0032
65536,aligned_still,jacobi16,2,5,9.056256,0.0033
65536,aligned_still,jacobi16,2,6,9.012224,0.0034
65536,aligned_still,jacobi16,2,7,9.0368,0.0033
65536,aligned_still,jacobi16,2,8,8.994816,0.0033
65536,aligned_still,jacobi16,2,9,8.958976,0.0033
65536,aligned_still,jacobi16,2,10,9.001984,0.0033
65536,aligned_still,jacobi16,2,11,8.997888,0.0045
65536,aligned_still,jacobi16,2,12,9.015296,0.0033
65536,aligned_still,jacobi16,2,13,9.032704,0.0032
65536,aligned_still,jacobi16,2,14,8.976384,0.0035
65536,aligned_still,jacobi16,2,15,9.007104,0.0034
65536,aligned_still,jacobi16,2,16,8.996864,0.0032
65536,aligned_still,jacobi16,2,17,9.008128,0.0037
65536,aligned_still,jacobi16,2,18,8.97536,0.0034
65536,aligned_still,jacobi16,2,19,9.02144,0.0033
65536,aligned_still,jacobi16,2,20,8.95488,0.0033
65536,aligned_still,jacobi16,2,21,8.948736,0.0032
65536,aligned_still,jacobi16,2,22,8.948736,0.0033
65536,aligned_still,jacobi16,2,23,8.90368,0.0066
65536,aligned_still,jacobi16,2,24,8.947712,0.0033
65536,aligned_still,jacobi16,2,25,8.906752,0.0033
65536,aligned_still,jacobi16,2,26,8.955904,0.0033
65536,aligned_still,jacobi16,2,27,8.945664,0.0033
65536,aligned_still,jacobi16,2,28,8.93952,0.0032
65536,aligned_still,jacobi16,2,29,9.01632,0.0033
65536,aligned_still,jacobi16,2,30,9.00608,0.0033
65536,aligned_still,jacobi16,2,31,8.946688,0.0032
65536,aligned_still,jacobi16,2,32,8.962048,0.0032
65536,aligned_still,jacobi16,2,33,8.881152,0.0034
65536,aligned_still,jacobi16,2,34,8.920064,0.0035
65536,aligned_still,jacobi16,2,35,8.97536,0.0035
65536,aligned_still,jacobi16,2,36,9.010176,0.0032
65536,aligned_still,jacobi16,2,37,8.977408,0.0034
65536,aligned_still,jacobi16,2,38,9.003008,0.0035
65536,aligned_still,jacobi16,2,39,8.940544,0.0035
65536,aligned_still,jacobi16,3,0,9.066496,0.0121
65536,aligned_still,jacobi16,3,1,9.0368,0.0033
65536,aligned_still,jacobi16,3,2,9.017344,0.0035
65536,aligned_still,jacobi16,3,3,8.982528,0.0033
65536,aligned_still,jacobi16,3,4,8.9856,0.0032
65536,aligned_still,jacobi16,3,5,9.058304,0.0032
65536,aligned_still,jacobi16,3,6,9.0112,0.0033
65536,aligned_still,jacobi16,3,7,8.996864,0.0032
65536,aligned_still,jacobi16,3,8,8.999936,0.0035
65536,aligned_still,jacobi16,3,9,8.992768,0.0033
65536,aligned_still,jacobi16,3,10,8.983552,0.0033
65536,aligned_still,jacobi16,3,11,8.994816,0.0034
65536,aligned_still,jacobi16,3,12,8.993792,0.0033
65536,aligned_still,jacobi16,3,13,8.997888,0.0032
65536,aligned_still,jacobi16,3,14,8.9856,0.0035
65536,aligned_still,jacobi16,3,15,9.009152,0.0037
65536,aligned_still,jacobi16,3,16,8.986624,0.0033
65536,aligned_still,jacobi16,3,17,8.997888,0.0033
65536,aligned_still,jacobi16,3,18,9.004032,0.0033
65536,aligned_still,jacobi16,3,19,9.053184,0.0034
65536,aligned_still,jacobi16,3,20,9.019392,0.0033
65536,aligned_still,jacobi16,3,21,8.994816,0.0032
65536,aligned_still,jacobi16,3,22,9.008128,0.0033
65536,aligned_still,jacobi16,3,23,8.96512,0.0032
65536,aligned_still,jacobi16,3,24,9.030656,0.0034
65536,aligned_still,jacobi16,3,25,8.977408,0.0033
65536,aligned_still,jacobi16,3,26,8.997888,0.0034
65536,aligned_still,jacobi16,3,27,8.993792,0.0033
65536,aligned_still,jacobi16,3,28,8.986624,0.0033
65536,aligned_still,jacobi16,3,29,8.991744,0.0033
65536,aligned_still,jacobi16,3,30,8.951808,0.0034
65536,aligned_still,jacobi16,3,31,8.958976,0.0033
65536,aligned_still,jacobi16,3,32,8.972288,0.0036
65536,aligned_still,jacobi16,3,33,8.987648,0.0034
65536,aligned_still,jacobi16,3,34,9.019392,0.0032
65536,aligned_still,jacobi16,3,35,9.022464,0.0033
65536,aligned_still,jacobi16,3,36,9.033728,0.0032
65536,aligned_still,jacobi16,3,37,8.986624,0.0032
65536,aligned_still,jacobi16,3,38,9.04192,0.0033
65536,aligned_still,jacobi16,3,39,8.945664,0.0034
65536,aligned_still,support4,1,0,2.936832,0.0083
65536,aligned_still,support4,1,1,2.944,0.0037
65536,aligned_still,support4,1,2,2.89792,0.0032
65536,aligned_still,support4,1,3,2.931712,0.0034
65536,aligned_still,support4,1,4,2.924544,0.0032
65536,aligned_still,support4,1,5,2.920448,0.0033
65536,aligned_still,support4,1,6,2.953216,0.0032
65536,aligned_still,support4,1,7,2.899968,0.0033
65536,aligned_still,support4,1,8,2.93376,0.0032
65536,aligned_still,support4,1,9,2.910208,0.0033
65536,aligned_still,support4,1,10,2.95936,0.0033
65536,aligned_still,support4,1,11,2.934784,0.0033
65536,aligned_still,support4,1,12,2.885632,0.0032
65536,aligned_still,support4,1,13,2.93376,0.0014
65536,aligned_still,support4,1,14,2.917376,0.0034
65536,aligned_still,support4,1,15,2.962432,0.0014
65536,aligned_still,support4,1,16,2.904064,0.0032
65536,aligned_still,support4,1,17,2.963456,0.0015
65536,aligned_still,support4,1,18,2.952192,0.0032
65536,aligned_still,support4,1,19,2.922496,0.0032
65536,aligned_still,support4,1,20,2.95936,0.0015
65536,aligned_still,support4,1,21,2.931712,0.0034
65536,aligned_still,support4,1,22,2.960384,0.0015
65536,aligned_still,support4,1,23,2.93888,0.0032
65536,aligned_still,support4,1,24,2.920448,0.0032
65536,aligned_still,support4,1,25,2.946048,0.0032
65536,aligned_still,support4,1,26,2.920448,0.0034
65536,aligned_still,support4,1,27,2.946048,0.0014
65536,aligned_still,support4,1,28,2.920448,0.0033
65536,aligned_still,support4,1,29,2.975744,0.0016
65536,aligned_still,support4,1,30,2.952192,0.0032
65536,aligned_still,support4,1,31,2.924544,0.0033
65536,aligned_still,support4,1,32,2.942976,0.0014
65536,aligned_still,support4,1,33,2.912256,0.0032
65536,aligned_still,support4,1,34,2.942976,0.0015
65536,aligned_still,support4,1,35,2.926592,0.0032
65536,aligned_still,support4,1,36,2.97472,0.0017
65536,aligned_still,support4,1,37,2.950144,0.0032
65536,aligned_still,support4,1,38,2.935808,0.0034
65536,aligned_still,support4,1,39,2.9696,0.002
65536,aligned_still,support4,2,0,2.95424,0.0122
65536,aligned_still,support4,2,1,2.907136,0.005
65536,aligned_still,support4,2,2,2.936832,0.0049
65536,aligned_still,support4,2,3,2.90304,0.0048
65536,aligned_still,support4,2,4,2.92352,0.0033
65536,aligned_still,support4,2,5,2.907136,0.0033
65536,aligned_still,support4,2,6,2.960384,0.005
65536,aligned_still,support4,2,7,2.948096,0.0032
65536,aligned_still,support4,2,8,2.90816,0.0032
65536,aligned_still,support4,2,9,2.939904,0.0015
65536,aligned_still,support4,2,10,2.9184,0.0032
65536,aligned_still,support4,2,11,2.95936,0.0015
65536,aligned_still,support4,2,12,2.915328,0.0032
65536,aligned_still,support4,2,13,2.952192,0.0016
65536,aligned_still,support4,2,14,2.931712,0.0033
65536,aligned_still,support4,2,15,2.907136,0.0032
65536,aligned_still,support4,2,16,2.970624,0.0015
65536,aligned_still,support4,2,17,2.911232,0.0032
65536,aligned_still,support4,2,18,2.944,0.0016
65536,aligned_still,support4,2,19,2.92864,0.0033
65536,aligned_still,support4,2,20,2.936832,0.0032
65536,aligned_still,support4,2,21,2.941952,0.0034
65536,aligned_still,support4,2,22,2.914304,0.0033
65536,aligned_still,support4,2,23,2.957312,0.0017
65536,aligned_still,support4,2,24,2.920448,0.0014
65536,aligned_still,support4,2,25,2.978816,0.0014
65536,aligned_still,support4,2,26,2.932736,0.0033
65536,aligned_still,support4,2,27,2.926592,0.0033
65536,aligned_still,support4,2,28,2.941952,0.0015
65536,aligned_still,support4,2,29,2.924544,0.0032
65536,aligned_still,support4,2,30,2.951168,0.0015
65536,aligned_still,support4,2,31,2.915328,0.0032
65536,aligned_still,support4,2,32,2.973696,0.0015
65536,aligned_still,support4,2,33,2.952192,0.0032
65536,aligned_still,support4,2,34,2.912256,0.0033
65536,aligned_still,support4,2,35,2.953216,0.0014
65536,aligned_still,support4,2,36,2.909184,0.0032
65536,aligned_still,support4,2,37,2.945024,0.0014
65536,aligned_still,support4,2,38,2.931712,0.0032
65536,aligned_still,support4,2,39,2.92352,0.0033
65536,aligned_still,support4,3,0,2.98496,0.0085
65536,aligned_still,support4,3,1,2.961408,0.0032
65536,aligned_still,support4,3,2,2.93888,0.0034
65536,aligned_still,support4,3,3,2.973696,0.0033
65536,aligned_still,support4,3,4,2.956288,0.0032
65536,aligned_still,support4,3,5,2.962432,0.0034
65536,aligned_still,support4,3,6,2.983936,0.0032
65536,aligned_still,support4,3,7,2.946048,0.0033
65536,aligned_still,support4,3,8,2.948096,0.0033
65536,aligned_still,support4,3,9,2.930688,0.0032
65536,aligned_still,support4,3,10,2.962432,0.0016
65536,aligned_still,support4,3,11,2.947072,0.0033
65536,aligned_still,support4,3,12,2.909184,0.0032
65536,aligned_still,support4,3,13,2.946048,0.0016
65536,aligned_still,support4,3,14,2.919424,0.0032
65536,aligned_still,support4,3,15,2.956288,0.0014
65536,aligned_still,support4,3,16,2.916352,0.0034
65536,aligned_still,support4,3,17,2.94912,0.0015
65536,aligned_still,support4,3,18,2.931712,0.0032
65536,aligned_still,support4,3,19,2.909184,0.0034
65536,aligned_still,support4,3,20,2.92864,0.0032
65536,aligned_still,support4,3,21,2.895872,0.0032
65536,aligned_still,support4,3,22,2.929664,0.0018
65536,aligned_still,support4,3,23,2.919424,0.0033
65536,aligned_still,support4,3,24,2.920448,0.0033
65536,aligned_still,support4,3,25,2.946048,0.0014
65536,aligned_still,support4,3,26,2.920448,0.0032
65536,aligned_still,support4,3,27,2.935808,0.0015
65536,aligned_still,support4,3,28,2.917376,0.0033
65536,aligned_still,support4,3,29,2.96448,0.0014
65536,aligned_still,support4,3,30,2.957312,0.0033
65536,aligned_still,support4,3,31,2.937856,0.0033
65536,aligned_still,support4,3,32,2.952192,0.0016
65536,aligned_still,support4,3,33,2.926592,0.0032
65536,aligned_still,support4,3,34,2.950144,0.0033
65536,aligned_still,support4,3,35,2.920448,0.0032
65536,aligned_still,support4,3,36,2.968576,0.0016
65536,aligned_still,support4,3,37,2.93888,0.0032
65536,aligned_still,support4,3,38,2.914304,0.0032
65536,aligned_still,support4,3,39,2.947072,0.0033
65536,staggered_still,jacobi4,1,0,2.876416,0.0034
65536,staggered_still,jacobi4,1,1,2.811904,8.0E-4
65536,staggered_still,jacobi4,1,2,2.804736,0.0022
65536,staggered_still,jacobi4,1,3,2.824192,8.0E-4
65536,staggered_still,jacobi4,1,4,2.85184,7.0E-4
65536,staggered_still,jacobi4,1,5,2.870272,7.0E-4
65536,staggered_still,jacobi4,1,6,2.944,7.0E-4
65536,staggered_still,jacobi4,1,7,3.027968,7.0E-4
65536,staggered_still,jacobi4,1,8,3.009536,6.0E-4
65536,staggered_still,jacobi4,1,9,3.03616,8.0E-4
65536,staggered_still,jacobi4,1,10,3.00544,9.0E-4
65536,staggered_still,jacobi4,1,11,3.100672,8.0E-4
65536,staggered_still,jacobi4,1,12,3.03616,7.0E-4
65536,staggered_still,jacobi4,1,13,3.074048,8.0E-4
65536,staggered_still,jacobi4,1,14,3.14368,7.0E-4
65536,staggered_still,jacobi4,1,15,3.15392,8.0E-4
65536,staggered_still,jacobi4,1,16,3.126272,6.0E-4
65536,staggered_still,jacobi4,1,17,3.1744,8.0E-4
65536,staggered_still,jacobi4,1,18,3.140608,7.0E-4
65536,staggered_still,jacobi4,1,19,3.187712,8.0E-4
65536,staggered_still,jacobi4,1,20,3.156992,7.0E-4
65536,staggered_still,jacobi4,1,21,3.1744,7.0E-4
65536,staggered_still,jacobi4,1,22,3.265536,0.0022
65536,staggered_still,jacobi4,1,23,3.23584,7.0E-4
65536,staggered_still,jacobi4,1,24,3.314688,8.0E-4
65536,staggered_still,jacobi4,1,25,3.288064,7.0E-4
65536,staggered_still,jacobi4,1,26,3.387392,8.0E-4
65536,staggered_still,jacobi4,1,27,3.336192,7.0E-4
65536,staggered_still,jacobi4,1,28,3.366912,7.0E-4
65536,staggered_still,jacobi4,1,29,3.438592,7.0E-4
65536,staggered_still,jacobi4,1,30,3.49184,7.0E-4
65536,staggered_still,jacobi4,1,31,3.474432,7.0E-4
65536,staggered_still,jacobi4,1,32,3.473408,7.0E-4
65536,staggered_still,jacobi4,1,33,3.464192,0.001
65536,staggered_still,jacobi4,1,34,3.479552,7.0E-4
65536,staggered_still,jacobi4,1,35,3.460096,7.0E-4
65536,staggered_still,jacobi4,1,36,3.5072,6.0E-4
65536,staggered_still,jacobi4,1,37,3.511296,8.0E-4
65536,staggered_still,jacobi4,1,38,3.590144,8.0E-4
65536,staggered_still,jacobi4,1,39,3.6608,6.0E-4
65536,staggered_still,jacobi4,2,0,2.883584,0.0081
65536,staggered_still,jacobi4,2,1,2.817024,0.001
65536,staggered_still,jacobi4,2,2,2.804736,0.0023
65536,staggered_still,jacobi4,2,3,2.825216,9.0E-4
65536,staggered_still,jacobi4,2,4,2.84672,8.0E-4
65536,staggered_still,jacobi4,2,5,2.875392,8.0E-4
65536,staggered_still,jacobi4,2,6,2.936832,7.0E-4
65536,staggered_still,jacobi4,2,7,3.034112,7.0E-4
65536,staggered_still,jacobi4,2,8,2.998272,8.0E-4
65536,staggered_still,jacobi4,2,9,3.02592,7.0E-4
65536,staggered_still,jacobi4,2,10,2.987008,7.0E-4
65536,staggered_still,jacobi4,2,11,3.095552,7.0E-4
65536,staggered_still,jacobi4,2,12,3.039232,7.0E-4
65536,staggered_still,jacobi4,2,13,3.06176,8.0E-4
65536,staggered_still,jacobi4,2,14,3.1232,7.0E-4
65536,staggered_still,jacobi4,2,15,3.170304,8.0E-4
65536,staggered_still,jacobi4,2,16,3.145728,8.0E-4
65536,staggered_still,jacobi4,2,17,3.186688,8.0E-4
65536,staggered_still,jacobi4,2,18,3.130368,7.0E-4
65536,staggered_still,jacobi4,2,19,3.191808,8.0E-4
65536,staggered_still,jacobi4,2,20,3.165184,7.0E-4
65536,staggered_still,jacobi4,2,21,3.177472,8.0E-4
65536,staggered_still,jacobi4,2,22,3.269632,7.0E-4
65536,staggered_still,jacobi4,2,23,3.250176,8.0E-4
65536,staggered_still,jacobi4,2,24,3.316736,0.001
65536,staggered_still,jacobi4,2,25,3.28192,7.0E-4
65536,staggered_still,jacobi4,2,26,3.3792,8.0E-4
65536,staggered_still,jacobi4,2,27,3.34336,8.0E-4
65536,staggered_still,jacobi4,2,28,3.380224,7.0E-4
65536,staggered_still,jacobi4,2,29,3.443712,7.0E-4
65536,staggered_still,jacobi4,2,30,3.500032,7.0E-4
65536,staggered_still,jacobi4,2,31,3.456,8.0E-4
65536,staggered_still,jacobi4,2,32,3.485696,9.0E-4
65536,staggered_still,jacobi4,2,33,3.47136,7.0E-4
65536,staggered_still,jacobi4,2,34,3.489792,6.0E-4
65536,staggered_still,jacobi4,2,35,3.493888,7.0E-4
65536,staggered_still,jacobi4,2,36,3.5328,9.0E-4
65536,staggered_still,jacobi4,2,37,3.536896,8.0E-4
65536,staggered_still,jacobi4,2,38,3.621888,9.0E-4
65536,staggered_still,jacobi4,2,39,3.690496,8.0E-4
65536,staggered_still,jacobi4,3,0,2.84672,0.0366
65536,staggered_still,jacobi4,3,1,2.799616,8.0E-4
65536,staggered_still,jacobi4,3,2,2.791424,0.0024
65536,staggered_still,jacobi4,3,3,2.825216,9.0E-4
65536,staggered_still,jacobi4,3,4,2.813952,7.0E-4
65536,staggered_still,jacobi4,3,5,2.840576,8.0E-4
65536,staggered_still,jacobi4,3,6,2.891776,6.0E-4
65536,staggered_still,jacobi4,3,7,3.006464,7.0E-4
65536,staggered_still,jacobi4,3,8,2.983936,7.0E-4
65536,staggered_still,jacobi4,3,9,3.021824,9.0E-4
65536,staggered_still,jacobi4,3,10,3.00032,7.0E-4
65536,staggered_still,jacobi4,3,11,3.095552,8.0E-4
65536,staggered_still,jacobi4,3,12,3.045376,6.0E-4
65536,staggered_still,jacobi4,3,13,3.069952,8.0E-4
65536,staggered_still,jacobi4,3,14,3.109888,7.0E-4
65536,staggered_still,jacobi4,3,15,3.158016,6.0E-4
65536,staggered_still,jacobi4,3,16,3.141632,6.0E-4
65536,staggered_still,jacobi4,3,17,3.183616,7.0E-4
65536,staggered_still,jacobi4,3,18,3.120128,7.0E-4
65536,staggered_still,jacobi4,3,19,3.201024,8.0E-4
65536,staggered_still,jacobi4,3,20,3.15392,7.0E-4
65536,staggered_still,jacobi4,3,21,3.161088,7.0E-4
65536,staggered_still,jacobi4,3,22,3.252224,8.0E-4
65536,staggered_still,jacobi4,3,23,3.221504,7.0E-4
65536,staggered_still,jacobi4,3,24,3.290112,0.0037
65536,staggered_still,jacobi4,3,25,3.258368,8.0E-4
65536,staggered_still,jacobi4,3,26,3.355648,7.0E-4
65536,staggered_still,jacobi4,3,27,3.314688,7.0E-4
65536,staggered_still,jacobi4,3,28,3.356672,8.0E-4
65536,staggered_still,jacobi4,3,29,3.429376,6.0E-4
65536,staggered_still,jacobi4,3,30,3.472384,8.0E-4
65536,staggered_still,jacobi4,3,31,3.607552,7.0E-4
65536,staggered_still,jacobi4,3,32,3.458048,6.0E-4
65536,staggered_still,jacobi4,3,33,3.429376,7.0E-4
65536,staggered_still,jacobi4,3,34,3.465216,8.0E-4
65536,staggered_still,jacobi4,3,35,3.457024,7.0E-4
65536,staggered_still,jacobi4,3,36,3.514368,9.0E-4
65536,staggered_still,jacobi4,3,37,3.509248,7.0E-4
65536,staggered_still,jacobi4,3,38,3.613696,7.0E-4
65536,staggered_still,jacobi4,3,39,3.67104,8.0E-4
65536,staggered_still,jacobi16,1,0,9.163776,0.013
65536,staggered_still,jacobi16,1,1,9.089024,0.005
65536,staggered_still,jacobi16,1,2,9.092096,0.0033
65536,staggered_still,jacobi16,1,3,9.058304,0.0034
65536,staggered_still,jacobi16,1,4,9.04704,0.0033
65536,staggered_still,jacobi16,1,5,9.110528,0.0033
65536,staggered_still,jacobi16,1,6,9.10336,0.0033
65536,staggered_still,jacobi16,1,7,9.102336,0.0034
65536,staggered_still,jacobi16,1,8,9.07776,0.0033
65536,staggered_still,jacobi16,1,9,9.102336,0.0033
65536,staggered_still,jacobi16,1,10,9.161728,0.0033
65536,staggered_still,jacobi16,1,11,9.155584,0.0033
65536,staggered_still,jacobi16,1,12,9.172992,0.0033
65536,staggered_still,jacobi16,1,13,9.179136,0.0033
65536,staggered_still,jacobi16,1,14,9.148416,0.0034
65536,staggered_still,jacobi16,1,15,9.170944,0.0035
65536,staggered_still,jacobi16,1,16,9.148416,0.0033
65536,staggered_still,jacobi16,1,17,9.178112,0.0033
65536,staggered_still,jacobi16,1,18,9.19552,0.0035
65536,staggered_still,jacobi16,1,19,9.265152,0.0033
65536,staggered_still,jacobi16,1,20,9.227264,0.0032
65536,staggered_still,jacobi16,1,21,9.220096,0.0032
65536,staggered_still,jacobi16,1,22,9.248768,0.0033
65536,staggered_still,jacobi16,1,23,9.229312,0.0033
65536,staggered_still,jacobi16,1,24,9.295872,0.0033
65536,staggered_still,jacobi16,1,25,9.239552,0.0033
65536,staggered_still,jacobi16,1,26,9.257984,0.0033
65536,staggered_still,jacobi16,1,27,9.174016,0.0032
65536,staggered_still,jacobi16,1,28,9.156608,0.004
65536,staggered_still,jacobi16,1,29,9.18016,0.0053
65536,staggered_still,jacobi16,1,30,9.160704,0.0034
65536,staggered_still,jacobi16,1,31,9.184256,0.0033
65536,staggered_still,jacobi16,1,32,9.157632,0.0035
65536,staggered_still,jacobi16,1,33,9.142272,0.0035
65536,staggered_still,jacobi16,1,34,9.17504,0.0033
65536,staggered_still,jacobi16,1,35,9.15968,0.0033
65536,staggered_still,jacobi16,1,36,9.110528,0.0032
65536,staggered_still,jacobi16,1,37,9.089024,0.0033
65536,staggered_still,jacobi16,1,38,9.110528,0.0035
65536,staggered_still,jacobi16,1,39,9.075712,0.0034
65536,staggered_still,jacobi16,2,0,9.227264,0.0117
65536,staggered_still,jacobi16,2,1,9.146368,0.0035
65536,staggered_still,jacobi16,2,2,9.120768,0.0033
65536,staggered_still,jacobi16,2,3,9.147392,0.0033
65536,staggered_still,jacobi16,2,4,9.1136,0.0033
65536,staggered_still,jacobi16,2,5,9.183232,0.0033
65536,staggered_still,jacobi16,2,6,9.178112,0.0033
65536,staggered_still,jacobi16,2,7,9.192448,0.0032
65536,staggered_still,jacobi16,2,8,9.166848,0.0032
65536,staggered_still,jacobi16,2,9,9.157632,0.0035
65536,staggered_still,jacobi16,2,10,9.174016,0.0033
65536,staggered_still,jacobi16,2,11,9.1648,0.0034
65536,staggered_still,jacobi16,2,12,9.16992,0.0033
65536,staggered_still,jacobi16,2,13,9.15968,0.0034
65536,staggered_still,jacobi16,2,14,9.12896,0.0034
65536,staggered_still,jacobi16,2,15,9.151488,0.0034
65536,staggered_still,jacobi16,2,16,9.151488,0.0032
65536,staggered_still,jacobi16,2,17,9.182208,0.0034
65536,staggered_still,jacobi16,2,18,9.133056,0.0034
65536,staggered_still,jacobi16,2,19,9.176064,0.0034
65536,staggered_still,jacobi16,2,20,9.1648,0.0033
65536,staggered_still,jacobi16,2,21,9.157632,0.0034
65536,staggered_still,jacobi16,2,22,9.143296,0.0033
65536,staggered_still,jacobi16,2,23,9.14432,0.0032
65536,staggered_still,jacobi16,2,24,9.202688,0.0032
65536,staggered_still,jacobi16,2,25,9.160704,0.0034
65536,staggered_still,jacobi16,2,26,9.1648,0.0032
65536,staggered_still,jacobi16,2,27,9.182208,0.0033
65536,staggered_still,jacobi16,2,28,9.227264,0.0033
65536,staggered_still,jacobi16,2,29,9.204736,0.0035
65536,staggered_still,jacobi16,2,30,9.220096,0.0033
65536,staggered_still,jacobi16,2,31,9.232384,0.0034
65536,staggered_still,jacobi16,2,32,9.257984,0.0032
65536,staggered_still,jacobi16,2,33,9.22112,0.0032
65536,staggered_still,jacobi16,2,34,9.229312,0.0033
65536,staggered_still,jacobi16,2,35,9.252864,0.0033
65536,staggered_still,jacobi16,2,36,9.248768,0.0033
65536,staggered_still,jacobi16,2,37,9.24672,0.0033
65536,staggered_still,jacobi16,2,38,9.170944,0.0034
65536,staggered_still,jacobi16,2,39,9.170944,0.0034
65536,staggered_still,jacobi16,3,0,9.218048,0.0123
65536,staggered_still,jacobi16,3,1,9.100288,0.0032
65536,staggered_still,jacobi16,3,2,9.114624,0.0032
65536,staggered_still,jacobi16,3,3,9.1136,0.0033
65536,staggered_still,jacobi16,3,4,9.10336,0.0034
65536,staggered_still,jacobi16,3,5,9.155584,0.0033
65536,staggered_still,jacobi16,3,6,9.124864,0.0034
65536,staggered_still,jacobi16,3,7,9.102336,0.0036
65536,staggered_still,jacobi16,3,8,9.105408,0.0032
65536,staggered_still,jacobi16,3,9,9.092096,0.0032
65536,staggered_still,jacobi16,3,10,9.192448,0.0033
65536,staggered_still,jacobi16,3,11,9.166848,0.0032
65536,staggered_still,jacobi16,3,12,9.184256,0.0033
65536,staggered_still,jacobi16,3,13,9.165824,0.0034
65536,staggered_still,jacobi16,3,14,9.157632,0.0033
65536,staggered_still,jacobi16,3,15,9.161728,0.0034
65536,staggered_still,jacobi16,3,16,9.148416,0.0033
65536,staggered_still,jacobi16,3,17,9.177088,0.0035
65536,staggered_still,jacobi16,3,18,9.13408,0.0035
65536,staggered_still,jacobi16,3,19,9.187328,0.0034
65536,staggered_still,jacobi16,3,20,9.163776,0.0037
65536,staggered_still,jacobi16,3,21,9.161728,0.0032
65536,staggered_still,jacobi16,3,22,9.136128,0.0032
65536,staggered_still,jacobi16,3,23,9.151488,0.0034
65536,staggered_still,jacobi16,3,24,9.187328,0.0036
65536,staggered_still,jacobi16,3,25,9.162752,0.0032
65536,staggered_still,jacobi16,3,26,9.148416,0.0034
65536,staggered_still,jacobi16,3,27,9.167872,0.0033
65536,staggered_still,jacobi16,3,28,9.142272,0.0033
65536,staggered_still,jacobi16,3,29,9.1392,0.0033
65536,staggered_still,jacobi16,3,30,9.184256,0.0033
65536,staggered_still,jacobi16,3,31,9.168896,0.0034
65536,staggered_still,jacobi16,3,32,9.14432,0.0032
65536,staggered_still,jacobi16,3,33,9.148416,0.0033
65536,staggered_still,jacobi16,3,34,9.14944,0.0032
65536,staggered_still,jacobi16,3,35,9.153536,0.0033
65536,staggered_still,jacobi16,3,36,9.18016,0.0033
65536,staggered_still,jacobi16,3,37,9.141248,0.0034
65536,staggered_still,jacobi16,3,38,9.229312,0.0066
65536,staggered_still,jacobi16,3,39,9.202688,0.0034
65536,staggered_still,support4,1,0,2.977792,0.0406
65536,staggered_still,support4,1,1,2.982912,0.0094
65536,staggered_still,support4,1,2,2.939904,0.0032
65536,staggered_still,support4,1,3,2.971648,0.0033
65536,staggered_still,support4,1,4,2.906112,0.0032
65536,staggered_still,support4,1,5,2.899968,0.0032
65536,staggered_still,support4,1,6,2.92352,0.0032
65536,staggered_still,support4,1,7,2.902016,0.0033
65536,staggered_still,support4,1,8,2.930688,0.0032
65536,staggered_still,support4,1,9,2.919424,0.0032
65536,staggered_still,support4,1,10,2.988032,0.0015
65536,staggered_still,support4,1,11,2.97472,0.0032
65536,staggered_still,support4,1,12,2.929664,0.0032
65536,staggered_still,support4,1,13,2.952192,0.0032
65536,staggered_still,support4,1,14,2.934784,0.0032
65536,staggered_still,support4,1,15,2.971648,0.0016
65536,staggered_still,support4,1,16,2.953216,0.0032
65536,staggered_still,support4,1,17,2.963456,0.0015
65536,staggered_still,support4,1,18,2.93376,0.0032
65536,staggered_still,support4,1,19,2.910208,0.0033
65536,staggered_still,support4,1,20,2.94912,0.0014
65536,staggered_still,support4,1,21,2.909184,0.0014
65536,staggered_still,support4,1,22,2.945024,0.0014
65536,staggered_still,support4,1,23,2.920448,0.0032
65536,staggered_still,support4,1,24,2.907136,0.0034
65536,staggered_still,support4,1,25,2.944,0.0015
65536,staggered_still,support4,1,26,2.916352,0.0052
65536,staggered_still,support4,1,27,2.961408,0.0032
65536,staggered_still,support4,1,28,2.93376,0.0032
65536,staggered_still,support4,1,29,2.982912,0.0016
65536,staggered_still,support4,1,30,2.940928,0.0032
65536,staggered_still,support4,1,31,2.950144,0.0032
65536,staggered_still,support4,1,32,2.961408,0.0039
65536,staggered_still,support4,1,33,2.924544,0.0032
65536,staggered_still,support4,1,34,2.965504,0.0016
65536,staggered_still,support4,1,35,2.934784,0.0031
65536,staggered_still,support4,1,36,2.97984,0.0014
65536,staggered_still,support4,1,37,2.961408,0.0033
65536,staggered_still,support4,1,38,2.936832,0.0032
65536,staggered_still,support4,1,39,2.97984,0.0015
65536,staggered_still,support4,2,0,2.98496,0.0122
65536,staggered_still,support4,2,1,2.939904,0.0033
65536,staggered_still,support4,2,2,2.960384,0.0032
65536,staggered_still,support4,2,3,2.948096,0.0032
65536,staggered_still,support4,2,4,2.948096,0.0031
65536,staggered_still,support4,2,5,2.919424,0.0032
65536,staggered_still,support4,2,6,2.963456,0.0033
65536,staggered_still,support4,2,7,2.94912,0.0037
65536,staggered_still,support4,2,8,2.914304,0.0033
65536,staggered_still,support4,2,9,2.936832,0.0014
65536,staggered_still,support4,2,10,2.911232,0.0016
65536,staggered_still,support4,2,11,2.958336,0.0014
65536,staggered_still,support4,2,12,2.926592,0.0032
65536,staggered_still,support4,2,13,2.952192,0.0016
65536,staggered_still,support4,2,14,2.947072,0.0032
65536,staggered_still,support4,2,15,2.958336,0.0032
65536,staggered_still,support4,2,16,2.976768,0.0015
65536,staggered_still,support4,2,17,2.946048,0.0032
65536,staggered_still,support4,2,18,2.95936,0.0015
65536,staggered_still,support4,2,19,2.961408,0.0032
65536,staggered_still,support4,2,20,2.96448,0.0032
65536,staggered_still,support4,2,21,2.97984,0.0016
65536,staggered_still,support4,2,22,2.944,0.0015
65536,staggered_still,support4,2,23,2.987008,0.0015
65536,staggered_still,support4,2,24,2.927616,0.0032
65536,staggered_still,support4,2,25,3.004416,0.0015
65536,staggered_still,support4,2,26,2.95936,0.0053
65536,staggered_still,support4,2,27,2.953216,0.0032
65536,staggered_still,support4,2,28,2.940928,0.0048
65536,staggered_still,support4,2,29,2.921472,0.0045
65536,staggered_still,support4,2,30,2.947072,0.0015
65536,staggered_still,support4,2,31,2.934784,0.0033
65536,staggered_still,support4,2,32,2.983936,0.0015
65536,staggered_still,support4,2,33,2.955264,0.0032
65536,staggered_still,support4,2,34,3.115008,0.0035
65536,staggered_still,support4,2,35,2.955264,0.0014
65536,staggered_still,support4,2,36,2.929664,0.0033
65536,staggered_still,support4,2,37,2.970624,0.0016
65536,staggered_still,support4,2,38,2.945024,0.0032
65536,staggered_still,support4,2,39,2.937856,0.0033
65536,staggered_still,support4,3,0,2.97472,0.0044
65536,staggered_still,support4,3,1,2.962432,0.0033
65536,staggered_still,support4,3,2,2.935808,0.0032
65536,staggered_still,support4,3,3,2.968576,0.0032
65536,staggered_still,support4,3,4,2.932736,0.0038
65536,staggered_still,support4,3,5,2.937856,0.0032
65536,staggered_still,support4,3,6,2.940928,0.0032
65536,staggered_still,support4,3,7,2.929664,0.0033
65536,staggered_still,support4,3,8,2.95936,0.0031
65536,staggered_still,support4,3,9,2.93888,0.0034
65536,staggered_still,support4,3,10,2.965504,0.0015
65536,staggered_still,support4,3,11,2.947072,0.0031
65536,staggered_still,support4,3,12,2.931712,0.0032
65536,staggered_still,support4,3,13,2.960384,0.0014
65536,staggered_still,support4,3,14,2.929664,0.0033
65536,staggered_still,support4,3,15,2.961408,0.0016
65536,staggered_still,support4,3,16,2.907136,0.0032
65536,staggered_still,support4,3,17,2.976768,0.0014
65536,staggered_still,support4,3,18,2.9696,0.0032
65536,staggered_still,support4,3,19,2.946048,0.0034
65536,staggered_still,support4,3,20,2.958336,0.0015
65536,staggered_still,support4,3,21,2.932736,0.0033
65536,staggered_still,support4,3,22,2.951168,0.0014
65536,staggered_still,support4,3,23,2.929664,0.0033
65536,staggered_still,support4,3,24,2.927616,0.0032
65536,staggered_still,support4,3,25,2.953216,0.0015
65536,staggered_still,support4,3,26,2.924544,0.0033
65536,staggered_still,support4,3,27,2.967552,0.0014
65536,staggered_still,support4,3,28,2.922496,0.0032
65536,staggered_still,support4,3,29,2.972672,0.0015
65536,staggered_still,support4,3,30,2.955264,0.0032
65536,staggered_still,support4,3,31,2.940928,0.0032
65536,staggered_still,support4,3,32,2.950144,0.0022
65536,staggered_still,support4,3,33,2.93376,0.0031
65536,staggered_still,support4,3,34,2.96448,0.0015
65536,staggered_still,support4,3,35,2.94912,0.0032
65536,staggered_still,support4,3,36,2.976768,0.0015
65536,staggered_still,support4,3,37,2.967552,0.0032
65536,staggered_still,support4,3,38,2.917376,0.0032
65536,staggered_still,support4,3,39,2.967552,0.0033
65536,staggered_driven,jacobi4,1,0,3.06176,0.0032
65536,staggered_driven,jacobi4,1,1,2.927616,0.0028
65536,staggered_driven,jacobi4,1,2,2.962432,9.0E-4
65536,staggered_driven,jacobi4,1,3,2.973696,7.0E-4
65536,staggered_driven,jacobi4,1,4,3.00032,9.0E-4
65536,staggered_driven,jacobi4,1,5,3.013632,8.0E-4
65536,staggered_driven,jacobi4,1,6,3.058688,8.0E-4
65536,staggered_driven,jacobi4,1,7,3.101696,8.0E-4
65536,staggered_driven,jacobi4,1,8,3.124224,7.0E-4
65536,staggered_driven,jacobi4,1,9,3.15904,9.0E-4
65536,staggered_driven,jacobi4,1,10,3.098624,9.0E-4
65536,staggered_driven,jacobi4,1,11,3.193856,7.0E-4
65536,staggered_driven,jacobi4,1,12,3.171328,7.0E-4
65536,staggered_driven,jacobi4,1,13,3.151872,8.0E-4
65536,staggered_driven,jacobi4,1,14,3.27168,9.0E-4
65536,staggered_driven,jacobi4,1,15,3.279872,8.0E-4
65536,staggered_driven,jacobi4,1,16,3.2768,7.0E-4
65536,staggered_driven,jacobi4,1,17,3.245056,7.0E-4
65536,staggered_driven,jacobi4,1,18,3.325952,8.0E-4
65536,staggered_driven,jacobi4,1,19,3.27168,8.0E-4
65536,staggered_driven,jacobi4,1,20,3.29216,9.0E-4
65536,staggered_driven,jacobi4,1,21,3.309568,7.0E-4
65536,staggered_driven,jacobi4,1,22,3.30752,7.0E-4
65536,staggered_driven,jacobi4,1,23,3.423232,0.001
65536,staggered_driven,jacobi4,1,24,3.43552,7.0E-4
65536,staggered_driven,jacobi4,1,25,3.465216,9.0E-4
65536,staggered_driven,jacobi4,1,26,3.520512,7.0E-4
65536,staggered_driven,jacobi4,1,27,3.497984,8.0E-4
65536,staggered_driven,jacobi4,1,28,3.511296,9.0E-4
65536,staggered_driven,jacobi4,1,29,3.562496,8.0E-4
65536,staggered_driven,jacobi4,1,30,3.65056,9.0E-4
65536,staggered_driven,jacobi4,1,31,3.648512,8.0E-4
65536,staggered_driven,jacobi4,1,32,3.657728,7.0E-4
65536,staggered_driven,jacobi4,1,33,3.6096,9.0E-4
65536,staggered_driven,jacobi4,1,34,3.611648,7.0E-4
65536,staggered_driven,jacobi4,1,35,3.618816,8.0E-4
65536,staggered_driven,jacobi4,1,36,3.606528,8.0E-4
65536,staggered_driven,jacobi4,1,37,3.654656,7.0E-4
65536,staggered_driven,jacobi4,1,38,3.65056,7.0E-4
65536,staggered_driven,jacobi4,1,39,3.728384,8.0E-4
65536,staggered_driven,jacobi4,2,0,2.989056,0.0079
65536,staggered_driven,jacobi4,2,1,2.907136,9.0E-4
65536,staggered_driven,jacobi4,2,2,2.914304,0.0025
65536,staggered_driven,jacobi4,2,3,2.977792,9.0E-4
65536,staggered_driven,jacobi4,2,4,2.970624,7.0E-4
65536,staggered_driven,jacobi4,2,5,2.965504,8.0E-4
65536,staggered_driven,jacobi4,2,6,3.007488,8.0E-4
65536,staggered_driven,jacobi4,2,7,3.054592,8.0E-4
65536,staggered_driven,jacobi4,2,8,3.132416,8.0E-4
65536,staggered_driven,jacobi4,2,9,3.119104,8.0E-4
65536,staggered_driven,jacobi4,2,10,3.135488,8.0E-4
65536,staggered_driven,jacobi4,2,11,3.172352,8.0E-4
65536,staggered_driven,jacobi4,2,12,3.132416,8.0E-4
65536,staggered_driven,jacobi4,2,13,3.15904,7.0E-4
65536,staggered_driven,jacobi4,2,14,3.232768,8.0E-4
65536,staggered_driven,jacobi4,2,15,3.265536,8.0E-4
65536,staggered_driven,jacobi4,2,16,3.24096,7.0E-4
65536,staggered_driven,jacobi4,2,17,3.280896,9.0E-4
65536,staggered_driven,jacobi4,2,18,3.255296,8.0E-4
65536,staggered_driven,jacobi4,2,19,3.22048,7.0E-4
65536,staggered_driven,jacobi4,2,20,3.254272,8.0E-4
65536,staggered_driven,jacobi4,2,21,3.231744,7.0E-4
65536,staggered_driven,jacobi4,2,22,3.306496,0.0024
65536,staggered_driven,jacobi4,2,23,3.37408,9.0E-4
65536,staggered_driven,jacobi4,2,24,3.390464,8.0E-4
65536,staggered_driven,jacobi4,2,25,3.387392,8.0E-4
65536,staggered_driven,jacobi4,2,26,3.451904,8.0E-4
65536,staggered_driven,jacobi4,2,27,3.47648,8.0E-4
65536,staggered_driven,jacobi4,2,28,3.432448,7.0E-4
65536,staggered_driven,jacobi4,2,29,3.54304,9.0E-4
65536,staggered_driven,jacobi4,2,30,3.61472,7.0E-4
65536,staggered_driven,jacobi4,2,31,3.59424,9.0E-4
65536,staggered_driven,jacobi4,2,32,3.600384,8.0E-4
65536,staggered_driven,jacobi4,2,33,3.579904,7.0E-4
65536,staggered_driven,jacobi4,2,34,3.598336,9.0E-4
65536,staggered_driven,jacobi4,2,35,3.582976,8.0E-4
65536,staggered_driven,jacobi4,2,36,3.623936,8.0E-4
65536,staggered_driven,jacobi4,2,37,3.6096,9.0E-4
65536,staggered_driven,jacobi4,2,38,3.587072,8.0E-4
65536,staggered_driven,jacobi4,2,39,3.713024,9.0E-4
65536,staggered_driven,jacobi4,3,0,3.009536,0.0072
65536,staggered_driven,jacobi4,3,1,2.889728,0.0025
65536,staggered_driven,jacobi4,3,2,2.929664,9.0E-4
65536,staggered_driven,jacobi4,3,3,2.919424,9.0E-4
65536,staggered_driven,jacobi4,3,4,2.963456,8.0E-4
65536,staggered_driven,jacobi4,3,5,2.971648,0.0011
65536,staggered_driven,jacobi4,3,6,3.03616,9.0E-4
65536,staggered_driven,jacobi4,3,7,3.065856,8.0E-4
65536,staggered_driven,jacobi4,3,8,3.115008,8.0E-4
65536,staggered_driven,jacobi4,3,9,3.142656,7.0E-4
65536,staggered_driven,jacobi4,3,10,3.088384,8.0E-4
65536,staggered_driven,jacobi4,3,11,3.17952,8.0E-4
65536,staggered_driven,jacobi4,3,12,3.116032,8.0E-4
65536,staggered_driven,jacobi4,3,13,3.198976,9.0E-4
65536,staggered_driven,jacobi4,3,14,3.247104,8.0E-4
65536,staggered_driven,jacobi4,3,15,3.25632,9.0E-4
65536,staggered_driven,jacobi4,3,16,3.237888,8.0E-4
65536,staggered_driven,jacobi4,3,17,3.218432,7.0E-4
65536,staggered_driven,jacobi4,3,18,3.294208,9.0E-4
65536,staggered_driven,jacobi4,3,19,3.238912,9.0E-4
65536,staggered_driven,jacobi4,3,20,3.24608,8.0E-4
65536,staggered_driven,jacobi4,3,21,3.265536,8.0E-4
65536,staggered_driven,jacobi4,3,22,3.252224,7.0E-4
65536,staggered_driven,jacobi4,3,23,3.359744,9.0E-4
65536,staggered_driven,jacobi4,3,24,3.381248,7.0E-4
65536,staggered_driven,jacobi4,3,25,3.426304,8.0E-4
65536,staggered_driven,jacobi4,3,26,3.467264,8.0E-4
65536,staggered_driven,jacobi4,3,27,3.442688,8.0E-4
65536,staggered_driven,jacobi4,3,28,3.46624,8.0E-4
65536,staggered_driven,jacobi4,3,29,3.513344,7.0E-4
65536,staggered_driven,jacobi4,3,30,3.627008,7.0E-4
65536,staggered_driven,jacobi4,3,31,3.59424,8.0E-4
65536,staggered_driven,jacobi4,3,32,3.642368,8.0E-4
65536,staggered_driven,jacobi4,3,33,3.605504,8.0E-4
65536,staggered_driven,jacobi4,3,34,3.58912,7.0E-4
65536,staggered_driven,jacobi4,3,35,3.61472,8.0E-4
65536,staggered_driven,jacobi4,3,36,3.576832,7.0E-4
65536,staggered_driven,jacobi4,3,37,3.636224,8.0E-4
65536,staggered_driven,jacobi4,3,38,3.603456,8.0E-4
65536,staggered_driven,jacobi4,3,39,3.70176,8.0E-4
65536,staggered_driven,jacobi16,1,0,9.603072,0.0131
65536,staggered_driven,jacobi16,1,1,9.521152,0.0037
65536,staggered_driven,jacobi16,1,2,9.593856,0.0038
65536,staggered_driven,jacobi16,1,3,9.570304,0.0038
65536,staggered_driven,jacobi16,1,4,9.581568,0.0039
65536,staggered_driven,jacobi16,1,5,9.493504,0.0036
65536,staggered_driven,jacobi16,1,6,9.419776,0.0037
65536,staggered_driven,jacobi16,1,7,9.419776,0.0037
65536,staggered_driven,jacobi16,1,8,9.372672,0.004
65536,staggered_driven,jacobi16,1,9,9.46688,0.0039
65536,staggered_driven,jacobi16,1,10,9.66144,0.0038
65536,staggered_driven,jacobi16,1,11,9.933824,0.0036
65536,staggered_driven,jacobi16,1,12,10.131456,0.0037
65536,staggered_driven,jacobi16,1,13,10.1888,0.0037
65536,staggered_driven,jacobi16,1,14,10.083328,0.0037
65536,staggered_driven,jacobi16,1,15,10.179584,0.0037
65536,staggered_driven,jacobi16,1,16,10.175488,0.0038
65536,staggered_driven,jacobi16,1,17,10.171392,0.0037
65536,staggered_driven,jacobi16,1,18,10.088448,0.0037
65536,staggered_driven,jacobi16,1,19,10.052608,0.0037
65536,staggered_driven,jacobi16,1,20,10.161152,0.0037
65536,staggered_driven,jacobi16,1,21,10.198016,0.0059
65536,staggered_driven,jacobi16,1,22,10.169344,0.0038
65536,staggered_driven,jacobi16,1,23,10.12736,0.0037
65536,staggered_driven,jacobi16,1,24,10.116096,0.004
65536,staggered_driven,jacobi16,1,25,10.14272,0.0037
65536,staggered_driven,jacobi16,1,26,10.23488,0.0036
65536,staggered_driven,jacobi16,1,27,10.274816,0.0037
65536,staggered_driven,jacobi16,1,28,10.27584,0.0037
65536,staggered_driven,jacobi16,1,29,10.223616,0.0036
65536,staggered_driven,jacobi16,1,30,10.177536,0.0037
65536,staggered_driven,jacobi16,1,31,10.13248,0.0037
65536,staggered_driven,jacobi16,1,32,10.05056,0.0036
65536,staggered_driven,jacobi16,1,33,9.991168,0.0095
65536,staggered_driven,jacobi16,1,34,9.985024,0.0038
65536,staggered_driven,jacobi16,1,35,9.930752,0.0054
65536,staggered_driven,jacobi16,1,36,9.929728,0.0039
65536,staggered_driven,jacobi16,1,37,9.95328,0.0036
65536,staggered_driven,jacobi16,1,38,9.924608,0.0097
65536,staggered_driven,jacobi16,1,39,9.924608,0.0037
65536,staggered_driven,jacobi16,2,0,9.63072,0.0143
65536,staggered_driven,jacobi16,2,1,9.595904,0.0054
65536,staggered_driven,jacobi16,2,2,9.636864,0.0056
65536,staggered_driven,jacobi16,2,3,9.585664,0.0055
65536,staggered_driven,jacobi16,2,4,9.56416,0.0053
65536,staggered_driven,jacobi16,2,5,9.550848,0.0053
65536,staggered_driven,jacobi16,2,6,9.494528,0.0037
65536,staggered_driven,jacobi16,2,7,9.447424,0.0036
65536,staggered_driven,jacobi16,2,8,9.402368,0.0035
65536,staggered_driven,jacobi16,2,9,9.486336,0.0038
65536,staggered_driven,jacobi16,2,10,9.63584,0.0035
65536,staggered_driven,jacobi16,2,11,9.946112,0.0035
65536,staggered_driven,jacobi16,2,12,10.146816,0.0038
65536,staggered_driven,jacobi16,2,13,10.225664,0.0036
65536,staggered_driven,jacobi16,2,14,10.146816,0.0036
65536,staggered_driven,jacobi16,2,15,10.194944,0.0039
65536,staggered_driven,jacobi16,2,16,10.131456,0.0038
65536,staggered_driven,jacobi16,2,17,10.082304,0.0035
65536,staggered_driven,jacobi16,2,18,10.034176,0.0036
65536,staggered_driven,jacobi16,2,19,10.067968,0.0038
65536,staggered_driven,jacobi16,2,20,10.169344,0.0037
65536,staggered_driven,jacobi16,2,21,10.216448,0.0036
65536,staggered_driven,jacobi16,2,22,10.221568,0.0037
65536,staggered_driven,jacobi16,2,23,10.211328,0.0037
65536,staggered_driven,jacobi16,2,24,10.170368,0.0035
65536,staggered_driven,jacobi16,2,25,10.221568,0.0036
65536,staggered_driven,jacobi16,2,26,10.295296,0.0035
65536,staggered_driven,jacobi16,2,27,10.363904,0.0036
65536,staggered_driven,jacobi16,2,28,10.3424,0.0037
65536,staggered_driven,jacobi16,2,29,10.259456,0.0036
65536,staggered_driven,jacobi16,2,30,10.221568,0.0035
65536,staggered_driven,jacobi16,2,31,10.125312,0.0035
65536,staggered_driven,jacobi16,2,32,10.094592,0.0037
65536,staggered_driven,jacobi16,2,33,10.025984,0.0039
65536,staggered_driven,jacobi16,2,34,10.010624,0.0036
65536,staggered_driven,jacobi16,2,35,9.960448,0.0036
65536,staggered_driven,jacobi16,2,36,9.952256,0.0035
65536,staggered_driven,jacobi16,2,37,9.987072,0.0036
65536,staggered_driven,jacobi16,2,38,9.99936,0.0036
65536,staggered_driven,jacobi16,2,39,10.017792,0.0035
65536,staggered_driven,jacobi16,3,0,9.5744,0.015
65536,staggered_driven,jacobi16,3,1,9.513984,0.0038
65536,staggered_driven,jacobi16,3,2,9.596928,0.0035
65536,staggered_driven,jacobi16,3,3,9.593856,0.0036
65536,staggered_driven,jacobi16,3,4,9.63584,0.0035
65536,staggered_driven,jacobi16,3,5,9.576448,0.0037
65536,staggered_driven,jacobi16,3,6,9.475072,0.0035
65536,staggered_driven,jacobi16,3,7,9.402368,0.0036
65536,staggered_driven,jacobi16,3,8,9.378816,0.0038
65536,staggered_driven,jacobi16,3,9,9.484288,0.0036
65536,staggered_driven,jacobi16,3,10,9.680896,0.0036
65536,staggered_driven,jacobi16,3,11,10.020864,0.0035
65536,staggered_driven,jacobi16,3,12,10.15808,0.0037
65536,staggered_driven,jacobi16,3,13,10.185728,0.0036
65536,staggered_driven,jacobi16,3,14,10.104832,0.0036
65536,staggered_driven,jacobi16,3,15,10.169344,0.0037
65536,staggered_driven,jacobi16,3,16,10.196992,0.0035
65536,staggered_driven,jacobi16,3,17,10.164224,0.0037
65536,staggered_driven,jacobi16,3,18,10.0608,0.0036
65536,staggered_driven,jacobi16,3,19,10.003456,0.0035
65536,staggered_driven,jacobi16,3,20,10.074112,0.0036
65536,staggered_driven,jacobi16,3,21,10.138624,0.0036
65536,staggered_driven,jacobi16,3,22,10.160128,0.0036
65536,staggered_driven,jacobi16,3,23,10.134528,0.0035
65536,staggered_driven,jacobi16,3,24,10.167296,0.0036
65536,staggered_driven,jacobi16,3,25,10.195968,0.0037
65536,staggered_driven,jacobi16,3,26,10.30656,0.0036
65536,staggered_driven,jacobi16,3,27,10.366976,0.0047
65536,staggered_driven,jacobi16,3,28,10.363904,0.0036
65536,staggered_driven,jacobi16,3,29,10.279936,0.0036
65536,staggered_driven,jacobi16,3,30,10.256384,0.0036
65536,staggered_driven,jacobi16,3,31,10.170368,0.0036
65536,staggered_driven,jacobi16,3,32,10.079232,0.0035
65536,staggered_driven,jacobi16,3,33,9.977856,0.0035
65536,staggered_driven,jacobi16,3,34,10.032128,0.0036
65536,staggered_driven,jacobi16,3,35,10.038272,0.0038
65536,staggered_driven,jacobi16,3,36,10.016768,0.0037
65536,staggered_driven,jacobi16,3,37,10.006528,0.0035
65536,staggered_driven,jacobi16,3,38,9.996288,0.0036
65536,staggered_driven,jacobi16,3,39,9.997312,0.0037
65536,staggered_driven,support4,1,0,3.058688,0.0153
65536,staggered_driven,support4,1,1,3.05152,0.0051
65536,staggered_driven,support4,1,2,3.026944,0.0037
65536,staggered_driven,support4,1,3,3.059712,0.0037
65536,staggered_driven,support4,1,4,3.043328,0.0035
65536,staggered_driven,support4,1,5,3.028992,0.0036
65536,staggered_driven,support4,1,6,3.0464,0.0035
65536,staggered_driven,support4,1,7,3.026944,0.0035
65536,staggered_driven,support4,1,8,3.085312,0.0037
65536,staggered_driven,support4,1,9,3.04128,0.0034
65536,staggered_driven,support4,1,10,3.009536,0.0034
65536,staggered_driven,support4,1,11,3.067904,0.0034
65536,staggered_driven,support4,1,12,3.049472,0.0035
65536,staggered_driven,support4,1,13,3.01568,0.0035
65536,staggered_driven,support4,1,14,3.04128,0.0035
65536,staggered_driven,support4,1,15,3.068928,0.0035
65536,staggered_driven,support4,1,16,3.0464,0.0035
65536,staggered_driven,support4,1,17,3.074048,0.0035
65536,staggered_driven,support4,1,18,3.05152,0.0035
65536,staggered_driven,support4,1,19,3.079168,0.0036
65536,staggered_driven,support4,1,20,3.070976,0.0076
65536,staggered_driven,support4,1,21,3.032064,0.0051
65536,staggered_driven,support4,1,22,3.074048,0.0057
65536,staggered_driven,support4,1,23,3.072,0.0045
65536,staggered_driven,support4,1,24,3.049472,0.004
65536,staggered_driven,support4,1,25,3.070976,0.0045
65536,staggered_driven,support4,1,26,3.011584,0.0042
65536,staggered_driven,support4,1,27,3.034112,0.0048
65536,staggered_driven,support4,1,28,3.032064,0.0035
65536,staggered_driven,support4,1,29,3.016704,0.0056
65536,staggered_driven,support4,1,30,3.060736,0.0051
65536,staggered_driven,support4,1,31,3.137536,0.0041
65536,staggered_driven,support4,1,32,3.004416,0.0035
65536,staggered_driven,support4,1,33,3.017728,0.0051
65536,staggered_driven,support4,1,34,3.021824,0.0053
65536,staggered_driven,support4,1,35,2.994176,0.0048
65536,staggered_driven,support4,1,36,3.019776,0.0021
65536,staggered_driven,support4,1,37,3.001344,0.0035
65536,staggered_driven,support4,1,38,3.050496,0.0034
65536,staggered_driven,support4,1,39,3.044352,0.0042
65536,staggered_driven,support4,2,0,3.039232,0.0091
65536,staggered_driven,support4,2,1,3.058688,0.0036
65536,staggered_driven,support4,2,2,3.008512,0.0034
65536,staggered_driven,support4,2,3,3.055616,0.0035
65536,staggered_driven,support4,2,4,3.038208,0.0035
65536,staggered_driven,support4,2,5,3.027968,0.0035
65536,staggered_driven,support4,2,6,3.033088,0.0035
65536,staggered_driven,support4,2,7,3.019776,0.0036
65536,staggered_driven,support4,2,8,3.006464,0.0034
65536,staggered_driven,support4,2,9,3.044352,0.0016
65536,staggered_driven,support4,2,10,3.00544,0.0036
65536,staggered_driven,support4,2,11,3.05152,0.0018
65536,staggered_driven,support4,2,12,3.03616,0.0035
65536,staggered_driven,support4,2,13,3.024896,0.0035
65536,staggered_driven,support4,2,14,3.04128,0.0049
65536,staggered_driven,support4,2,15,3.044352,0.0035
65536,staggered_driven,support4,2,16,3.011584,0.0036
65536,staggered_driven,support4,2,17,3.039232,0.0034
65536,staggered_driven,support4,2,18,3.014656,0.0035
65536,staggered_driven,support4,2,19,3.012608,0.0036
65536,staggered_driven,support4,2,20,3.042304,0.0035
65536,staggered_driven,support4,2,21,3.013632,0.0035
65536,staggered_driven,support4,2,22,3.05152,0.0016
65536,staggered_driven,support4,2,23,3.058688,0.0034
65536,staggered_driven,support4,2,24,3.034112,0.0035
65536,staggered_driven,support4,2,25,3.067904,0.0016
65536,staggered_driven,support4,2,26,3.043328,0.0037
65536,staggered_driven,support4,2,27,3.02592,0.0036
65536,staggered_driven,support4,2,28,3.033088,0.0036
65536,staggered_driven,support4,2,29,2.989056,0.0035
65536,staggered_driven,support4,2,30,3.05664,0.0036
65536,staggered_driven,support4,2,31,3.034112,0.0035
65536,staggered_driven,support4,2,32,2.981888,0.0035
65536,staggered_driven,support4,2,33,3.028992,0.0015
65536,staggered_driven,support4,2,34,3.019776,0.0035
65536,staggered_driven,support4,2,35,2.983936,0.0035
65536,staggered_driven,support4,2,36,3.01056,0.0035
65536,staggered_driven,support4,2,37,3.00544,0.0035
65536,staggered_driven,support4,2,38,3.001344,0.0036
65536,staggered_driven,support4,2,39,3.037184,0.0035
65536,staggered_driven,support4,3,0,3.081216,0.0079
65536,staggered_driven,support4,3,1,3.073024,0.0053
65536,staggered_driven,support4,3,2,3.048448,0.0035
65536,staggered_driven,support4,3,3,3.07712,0.0035
65536,staggered_driven,support4,3,4,3.057664,0.0036
65536,staggered_driven,support4,3,5,3.02592,0.0054
65536,staggered_driven,support4,3,6,3.064832,0.0036
65536,staggered_driven,support4,3,7,3.045376,0.0035
65536,staggered_driven,support4,3,8,3.009536,0.0035
65536,staggered_driven,support4,3,9,3.054592,0.0035
65536,staggered_driven,support4,3,10,3.045376,0.0035
65536,staggered_driven,support4,3,11,3.02592,0.0035
65536,staggered_driven,support4,3,12,3.048448,0.0035
65536,staggered_driven,support4,3,13,3.043328,0.0035
65536,staggered_driven,support4,3,14,3.078144,0.0034
65536,staggered_driven,support4,3,15,3.078144,0.0035
65536,staggered_driven,support4,3,16,3.04128,0.0038
65536,staggered_driven,support4,3,17,3.070976,0.0035
65536,staggered_driven,support4,3,18,3.052544,0.0034
65536,staggered_driven,support4,3,19,3.035136,0.0035
65536,staggered_driven,support4,3,20,3.067904,0.0036
65536,staggered_driven,support4,3,21,3.045376,0.0046
65536,staggered_driven,support4,3,22,3.079168,0.0035
65536,staggered_driven,support4,3,23,3.063808,0.0048
65536,staggered_driven,support4,3,24,3.057664,0.0035
65536,staggered_driven,support4,3,25,3.08224,0.0035
65536,staggered_driven,support4,3,26,3.057664,0.0035
65536,staggered_driven,support4,3,27,3.039232,0.0038
65536,staggered_driven,support4,3,28,3.07712,0.0035
65536,staggered_driven,support4,3,29,3.059712,0.0035
65536,staggered_driven,support4,3,30,3.019776,0.0035
65536,staggered_driven,support4,3,31,3.04128,0.0035
65536,staggered_driven,support4,3,32,3.011584,0.0035
65536,staggered_driven,support4,3,33,3.063808,0.0035
65536,staggered_driven,support4,3,34,3.024896,0.0035
65536,staggered_driven,support4,3,35,2.997248,0.0036
65536,staggered_driven,support4,3,36,3.0208,0.0035
65536,staggered_driven,support4,3,37,3.040256,0.0035
65536,staggered_driven,support4,3,38,3.012608,0.0035
65536,staggered_driven,support4,3,39,3.050496,0.0035
131072,aligned_still,jacobi4,1,0,4.803584,0.0106
131072,aligned_still,jacobi4,1,1,4.749312,8.0E-4
131072,aligned_still,jacobi4,1,2,4.7616,0.0021
131072,aligned_still,jacobi4,1,3,4.734976,8.0E-4
131072,aligned_still,jacobi4,1,4,4.777984,7.0E-4
131072,aligned_still,jacobi4,1,5,4.678656,8.0E-4
131072,aligned_still,jacobi4,1,6,4.752384,8.0E-4
131072,aligned_still,jacobi4,1,7,4.7104,6.0E-4
131072,aligned_still,jacobi4,1,8,4.764672,8.0E-4
131072,aligned_still,jacobi4,1,9,4.808704,7.0E-4
131072,aligned_still,jacobi4,1,10,5.00224,8.0E-4
131072,aligned_still,jacobi4,1,11,4.933632,8.0E-4
131072,aligned_still,jacobi4,1,12,4.959232,6.0E-4
131072,aligned_still,jacobi4,1,13,4.942848,6.0E-4
131072,aligned_still,jacobi4,1,14,5.02272,7.0E-4
131072,aligned_still,jacobi4,1,15,5.01248,7.0E-4
131072,aligned_still,jacobi4,1,16,5.015552,8.0E-4
131072,aligned_still,jacobi4,1,17,4.979712,7.0E-4
131072,aligned_still,jacobi4,1,18,5.044224,6.0E-4
131072,aligned_still,jacobi4,1,19,4.982784,7.0E-4
131072,aligned_still,jacobi4,1,20,4.987904,7.0E-4
131072,aligned_still,jacobi4,1,21,5.065728,6.0E-4
131072,aligned_still,jacobi4,1,22,5.016576,8.0E-4
131072,aligned_still,jacobi4,1,23,5.047296,7.0E-4
131072,aligned_still,jacobi4,1,24,5.049344,7.0E-4
131072,aligned_still,jacobi4,1,25,5.081088,8.0E-4
131072,aligned_still,jacobi4,1,26,5.049344,6.0E-4
131072,aligned_still,jacobi4,1,27,5.086208,7.0E-4
131072,aligned_still,jacobi4,1,28,5.085184,7.0E-4
131072,aligned_still,jacobi4,1,29,5.138432,0.001
131072,aligned_still,jacobi4,1,30,5.12512,7.0E-4
131072,aligned_still,jacobi4,1,31,5.158912,8.0E-4
131072,aligned_still,jacobi4,1,32,5.147648,9.0E-4
131072,aligned_still,jacobi4,1,33,5.168128,8.0E-4
131072,aligned_still,jacobi4,1,34,5.202944,0.0011
131072,aligned_still,jacobi4,1,35,5.248,8.0E-4
131072,aligned_still,jacobi4,1,36,5.26848,7.0E-4
131072,aligned_still,jacobi4,1,37,5.321728,0.0011
131072,aligned_still,jacobi4,1,38,5.251072,8.0E-4
131072,aligned_still,jacobi4,1,39,5.474304,8.0E-4
131072,aligned_still,jacobi4,2,0,4.796416,0.0058
131072,aligned_still,jacobi4,2,1,4.75648,8.0E-4
131072,aligned_still,jacobi4,2,2,4.736,0.0022
131072,aligned_still,jacobi4,2,3,4.749312,8.0E-4
131072,aligned_still,jacobi4,2,4,4.742144,7.0E-4
131072,aligned_still,jacobi4,2,5,4.750336,7.0E-4
131072,aligned_still,jacobi4,2,6,4.798464,8.0E-4
131072,aligned_still,jacobi4,2,7,4.791296,7.0E-4
131072,aligned_still,jacobi4,2,8,4.809728,6.0E-4
131072,aligned_still,jacobi4,2,9,4.826112,8.0E-4
131072,aligned_still,jacobi4,2,10,4.974592,6.0E-4
131072,aligned_still,jacobi4,2,11,4.946944,7.0E-4
131072,aligned_still,jacobi4,2,12,4.94592,6.0E-4
131072,aligned_still,jacobi4,2,13,4.964352,7.0E-4
131072,aligned_still,jacobi4,2,14,5.004288,6.0E-4
131072,aligned_still,jacobi4,2,15,5.066752,7.0E-4
131072,aligned_still,jacobi4,2,16,5.02272,7.0E-4
131072,aligned_still,jacobi4,2,17,5.055488,8.0E-4
131072,aligned_still,jacobi4,2,18,4.980736,7.0E-4
131072,aligned_still,jacobi4,2,19,5.004288,6.0E-4
131072,aligned_still,jacobi4,2,20,4.980736,8.0E-4
131072,aligned_still,jacobi4,2,21,5.030912,7.0E-4
131072,aligned_still,jacobi4,2,22,5.036032,7.0E-4
131072,aligned_still,jacobi4,2,23,5.003264,8.0E-4
131072,aligned_still,jacobi4,2,24,5.070848,7.0E-4
131072,aligned_still,jacobi4,2,25,5.052416,7.0E-4
131072,aligned_still,jacobi4,2,26,5.082112,8.0E-4
131072,aligned_still,jacobi4,2,27,5.093376,7.0E-4
131072,aligned_still,jacobi4,2,28,5.157888,7.0E-4
131072,aligned_still,jacobi4,2,29,5.1456,6.0E-4
131072,aligned_still,jacobi4,2,30,5.180416,7.0E-4
131072,aligned_still,jacobi4,2,31,5.182464,8.0E-4
131072,aligned_still,jacobi4,2,32,5.20192,7.0E-4
131072,aligned_still,jacobi4,2,33,5.154816,6.0E-4
131072,aligned_still,jacobi4,2,34,5.200896,8.0E-4
131072,aligned_still,jacobi4,2,35,5.224448,8.0E-4
131072,aligned_still,jacobi4,2,36,5.307392,7.0E-4
131072,aligned_still,jacobi4,2,37,5.276672,8.0E-4
131072,aligned_still,jacobi4,2,38,5.302272,7.0E-4
131072,aligned_still,jacobi4,2,39,5.440512,7.0E-4
131072,aligned_still,jacobi4,3,0,4.871168,0.0092
131072,aligned_still,jacobi4,3,1,4.830208,0.0012
131072,aligned_still,jacobi4,3,2,4.803584,0.0035
131072,aligned_still,jacobi4,3,3,4.822016,0.0011
131072,aligned_still,jacobi4,3,4,4.781056,0.0011
131072,aligned_still,jacobi4,3,5,4.80768,0.001
131072,aligned_still,jacobi4,3,6,4.809728,0.001
131072,aligned_still,jacobi4,3,7,4.835328,0.0011
131072,aligned_still,jacobi4,3,8,4.856832,7.0E-4
131072,aligned_still,jacobi4,3,9,4.865024,8.0E-4
131072,aligned_still,jacobi4,3,10,5.02272,6.0E-4
131072,aligned_still,jacobi4,3,11,4.99712,6.0E-4
131072,aligned_still,jacobi4,3,12,4.98688,6.0E-4
131072,aligned_still,jacobi4,3,13,4.982784,0.001
131072,aligned_still,jacobi4,3,14,5.045248,7.0E-4
131072,aligned_still,jacobi4,3,15,5.06368,8.0E-4
131072,aligned_still,jacobi4,3,16,4.995072,7.0E-4
131072,aligned_still,jacobi4,3,17,5.040128,7.0E-4
131072,aligned_still,jacobi4,3,18,4.987904,7.0E-4
131072,aligned_still,jacobi4,3,19,5.02272,7.0E-4
131072,aligned_still,jacobi4,3,20,5.0176,7.0E-4
131072,aligned_still,jacobi4,3,21,5.06368,8.0E-4
131072,aligned_still,jacobi4,3,22,5.085184,9.0E-4
131072,aligned_still,jacobi4,3,23,5.03808,8.0E-4
131072,aligned_still,jacobi4,3,24,5.13024,8.0E-4
131072,aligned_still,jacobi4,3,25,5.09952,6.0E-4
131072,aligned_still,jacobi4,3,26,5.112832,8.0E-4
131072,aligned_still,jacobi4,3,27,5.07904,8.0E-4
131072,aligned_still,jacobi4,3,28,5.116928,7.0E-4
131072,aligned_still,jacobi4,3,29,5.113856,8.0E-4
131072,aligned_still,jacobi4,3,30,5.136384,8.0E-4
131072,aligned_still,jacobi4,3,31,5.131264,6.0E-4
131072,aligned_still,jacobi4,3,32,5.158912,7.0E-4
131072,aligned_still,jacobi4,3,33,5.12512,6.0E-4
131072,aligned_still,jacobi4,3,34,5.1712,7.0E-4
131072,aligned_still,jacobi4,3,35,5.194752,7.0E-4
131072,aligned_still,jacobi4,3,36,5.276672,7.0E-4
131072,aligned_still,jacobi4,3,37,5.238784,7.0E-4
131072,aligned_still,jacobi4,3,38,5.280768,7.0E-4
131072,aligned_still,jacobi4,3,39,5.395456,9.0E-4
131072,aligned_still,jacobi16,1,0,17.810432,0.0122
131072,aligned_still,jacobi16,1,1,17.864704,0.0049
131072,aligned_still,jacobi16,1,2,17.91488,0.0049
131072,aligned_still,jacobi16,1,3,17.765376,0.005
131072,aligned_still,jacobi16,1,4,17.772544,0.0035
131072,aligned_still,jacobi16,1,5,17.870848,0.0034
131072,aligned_still,jacobi16,1,6,17.829888,0.0034
131072,aligned_still,jacobi16,1,7,18.487296,0.0033
131072,aligned_still,jacobi16,1,8,18.336768,0.0033
131072,aligned_still,jacobi16,1,9,18.213888,0.0033
131072,aligned_still,jacobi16,1,10,18.402304,0.0036
131072,aligned_still,jacobi16,1,11,18.511872,0.0033
131072,aligned_still,jacobi16,1,12,18.366464,0.0033
131072,aligned_still,jacobi16,1,13,18.388992,0.0032
131072,aligned_still,jacobi16,1,14,18.392064,0.0033
131072,aligned_still,jacobi16,1,15,18.37568,0.0032
131072,aligned_still,jacobi16,1,16,18.305024,0.0033
131072,aligned_still,jacobi16,1,17,18.335744,0.0032
131072,aligned_still,jacobi16,1,18,18.33472,0.0033
131072,aligned_still,jacobi16,1,19,18.387968,0.0034
131072,aligned_still,jacobi16,1,20,18.30912,0.0033
131072,aligned_still,jacobi16,1,21,18.35008,0.0033
131072,aligned_still,jacobi16,1,22,18.38592,0.0033
131072,aligned_still,jacobi16,1,23,18.450432,0.0033
131072,aligned_still,jacobi16,1,24,18.604032,0.0034
131072,aligned_still,jacobi16,1,25,18.614272,0.0032
131072,aligned_still,jacobi16,1,26,18.624512,0.0032
131072,aligned_still,jacobi16,1,27,18.613248,0.0034
131072,aligned_still,jacobi16,1,28,18.60608,0.0034
131072,aligned_still,jacobi16,1,29,18.763776,0.0034
131072,aligned_still,jacobi16,1,30,18.87744,0.0032
131072,aligned_still,jacobi16,1,31,18.945024,0.0033
131072,aligned_still,jacobi16,1,32,18.965504,0.0033
131072,aligned_still,jacobi16,1,33,18.985984,0.0034
131072,aligned_still,jacobi16,1,34,18.968576,0.0033
131072,aligned_still,jacobi16,1,35,19.004416,0.0036
131072,aligned_still,jacobi16,1,36,19.022848,0.0033
131072,aligned_still,jacobi16,1,37,19.002368,0.0033
131072,aligned_still,jacobi16,1,38,19.096576,0.0035
131072,aligned_still,jacobi16,1,39,19.078144,0.0033
131072,aligned_still,jacobi16,2,0,17.942528,0.0142
131072,aligned_still,jacobi16,2,1,17.932288,0.005
131072,aligned_still,jacobi16,2,2,18.064384,0.0049
131072,aligned_still,jacobi16,2,3,17.972224,0.0049
131072,aligned_still,jacobi16,2,4,17.89952,0.0048
131072,aligned_still,jacobi16,2,5,18.014208,0.0049
131072,aligned_still,jacobi16,2,6,17.927168,0.005
131072,aligned_still,jacobi16,2,7,18.489344,0.0048
131072,aligned_still,jacobi16,2,8,18.363392,0.0049
131072,aligned_still,jacobi16,2,9,18.363392,0.0036
131072,aligned_still,jacobi16,2,10,18.615296,0.0032
131072,aligned_still,jacobi16,2,11,18.639872,0.0034
131072,aligned_still,jacobi16,2,12,18.52416,0.0032
131072,aligned_still,jacobi16,2,13,18.499584,0.0032
131072,aligned_still,jacobi16,2,14,18.465792,0.0034
131072,aligned_still,jacobi16,2,15,18.466816,0.0034
131072,aligned_still,jacobi16,2,16,18.453504,0.0034
131072,aligned_still,jacobi16,2,17,18.469888,0.0033
131072,aligned_still,jacobi16,2,18,18.412544,0.0033
131072,aligned_still,jacobi16,2,19,18.414592,0.0035
131072,aligned_still,jacobi16,2,20,18.33984,0.0032
131072,aligned_still,jacobi16,2,21,18.368512,0.0032
131072,aligned_still,jacobi16,2,22,18.471936,0.0033
131072,aligned_still,jacobi16,2,23,18.518016,0.0033
131072,aligned_still,jacobi16,2,24,18.64704,0.0033
131072,aligned_still,jacobi16,2,25,18.607104,0.0034
131072,aligned_still,jacobi16,2,26,18.608128,0.0034
131072,aligned_still,jacobi16,2,27,18.612224,0.0033
131072,aligned_still,jacobi16,2,28,18.612224,0.0033
131072,aligned_still,jacobi16,2,29,18.791424,0.0034
131072,aligned_still,jacobi16,2,30,18.806784,0.0034
131072,aligned_still,jacobi16,2,31,18.793472,0.0032
131072,aligned_still,jacobi16,2,32,18.863104,0.0033
131072,aligned_still,jacobi16,2,33,18.833408,0.0033
131072,aligned_still,jacobi16,2,34,18.915328,0.0034
131072,aligned_still,jacobi16,2,35,18.93376,0.0033
131072,aligned_still,jacobi16,2,36,18.864128,0.0033
131072,aligned_still,jacobi16,2,37,18.907136,0.0033
131072,aligned_still,jacobi16,2,38,18.956288,0.0034
131072,aligned_still,jacobi16,2,39,18.93888,0.0036
131072,aligned_still,jacobi16,3,0,17.833984,0.0143
131072,aligned_still,jacobi16,3,1,17.773568,0.0034
131072,aligned_still,jacobi16,3,2,17.924096,0.0034
131072,aligned_still,jacobi16,3,3,17.803264,0.0038
131072,aligned_still,jacobi16,3,4,17.760256,0.0034
131072,aligned_still,jacobi16,3,5,17.864704,0.0032
131072,aligned_still,jacobi16,3,6,17.8432,0.0036
131072,aligned_still,jacobi16,3,7,18.528256,0.0033
131072,aligned_still,jacobi16,3,8,18.668544,0.0033
131072,aligned_still,jacobi16,3,9,18.36544,0.0032
131072,aligned_still,jacobi16,3,10,18.398208,0.0032
131072,aligned_still,jacobi16,3,11,18.60608,0.0034
131072,aligned_still,jacobi16,3,12,18.4576,0.0033
131072,aligned_still,jacobi16,3,13,18.347008,0.0034
131072,aligned_still,jacobi16,3,14,18.461696,0.0033
131072,aligned_still,jacobi16,3,15,18.414592,0.0034
131072,aligned_still,jacobi16,3,16,18.39104,0.0034
131072,aligned_still,jacobi16,3,17,18.463744,0.0034
131072,aligned_still,jacobi16,3,18,18.44224,0.0034
131072,aligned_still,jacobi16,3,19,18.489344,0.0034
131072,aligned_still,jacobi16,3,20,18.479104,0.0033
131072,aligned_still,jacobi16,3,21,18.471936,0.0033
131072,aligned_still,jacobi16,3,22,18.491392,0.0034
131072,aligned_still,jacobi16,3,23,18.605056,0.0035
131072,aligned_still,jacobi16,3,24,18.771968,0.0034
131072,aligned_still,jacobi16,3,25,18.61632,0.0033
131072,aligned_still,jacobi16,3,26,18.613248,0.0036
131072,aligned_still,jacobi16,3,27,18.688,0.0034
131072,aligned_still,jacobi16,3,28,18.596864,0.0035
131072,aligned_still,jacobi16,3,29,18.782208,0.0033
131072,aligned_still,jacobi16,3,30,18.896896,0.0034
131072,aligned_still,jacobi16,3,31,18.98496,0.0033
131072,aligned_still,jacobi16,3,32,18.971648,0.0033
131072,aligned_still,jacobi16,3,33,18.9696,0.0033
131072,aligned_still,jacobi16,3,34,18.987008,0.0034
131072,aligned_still,jacobi16,3,35,18.997248,0.0034
131072,aligned_still,jacobi16,3,36,18.95936,0.0032
131072,aligned_still,jacobi16,3,37,18.893824,0.0033
131072,aligned_still,jacobi16,3,38,18.951168,0.0034
131072,aligned_still,jacobi16,3,39,18.946048,0.0034
131072,aligned_still,support4,1,0,5.343232,0.0123
131072,aligned_still,support4,1,1,5.3248,0.0037
131072,aligned_still,support4,1,2,5.275648,0.0033
131072,aligned_still,support4,1,3,5.254144,0.0033
131072,aligned_still,support4,1,4,5.256192,0.0032
131072,aligned_still,support4,1,5,5.29408,0.0036
131072,aligned_still,support4,1,6,5.27872,0.0032
131072,aligned_still,support4,1,7,5.277696,0.0032
131072,aligned_still,support4,1,8,5.293056,0.0033
131072,aligned_still,support4,1,9,5.301248,0.0016
131072,aligned_still,support4,1,10,5.262336,0.0032
131072,aligned_still,support4,1,11,5.266432,0.0015
131072,aligned_still,support4,1,12,5.270528,0.0033
131072,aligned_still,support4,1,13,5.231616,0.0033
131072,aligned_still,support4,1,14,5.24288,0.0016
131072,aligned_still,support4,1,15,5.255168,0.0033
131072,aligned_still,support4,1,16,5.254144,0.0032
131072,aligned_still,support4,1,17,5.280768,0.0014
131072,aligned_still,support4,1,18,5.26336,0.0032
131072,aligned_still,support4,1,19,5.28896,0.0034
131072,aligned_still,support4,1,20,5.243904,0.0034
131072,aligned_still,support4,1,21,5.221376,0.0032
131072,aligned_still,support4,1,22,5.250048,0.0032
131072,aligned_still,support4,1,23,5.24288,0.0032
131072,aligned_still,support4,1,24,5.246976,0.0033
131072,aligned_still,support4,1,25,5.231616,0.0016
131072,aligned_still,support4,1,26,5.24288,0.0032
131072,aligned_still,support4,1,27,5.443584,0.0034
131072,aligned_still,support4,1,28,5.28384,0.0033
131072,aligned_still,support4,1,29,5.260288,0.0035
131072,aligned_still,support4,1,30,5.316608,0.0033
131072,aligned_still,support4,1,31,5.274624,0.0033
131072,aligned_still,support4,1,32,5.231616,0.0033
131072,aligned_still,support4,1,33,5.25824,0.0032
131072,aligned_still,support4,1,34,5.231616,0.0033
131072,aligned_still,support4,1,35,5.233664,0.0033
131072,aligned_still,support4,1,36,5.281792,0.0015
131072,aligned_still,support4,1,37,5.270528,0.0032
131072,aligned_still,support4,1,38,5.317632,0.0015
131072,aligned_still,support4,1,39,5.276672,0.0032
131072,aligned_still,support4,2,0,5.289984,0.0073
131072,aligned_still,support4,2,1,5.293056,0.0032
131072,aligned_still,support4,2,2,5.275648,0.0033
131072,aligned_still,support4,2,3,5.306368,0.0032
131072,aligned_still,support4,2,4,5.257216,0.0033
131072,aligned_still,support4,2,5,5.272576,0.0032
131072,aligned_still,support4,2,6,5.274624,0.0032
131072,aligned_still,support4,2,7,5.282816,0.0033
131072,aligned_still,support4,2,8,5.234688,0.0033
131072,aligned_still,support4,2,9,5.279744,0.0016
131072,aligned_still,support4,2,10,5.266432,0.0032
131072,aligned_still,support4,2,11,5.261312,0.0033
131072,aligned_still,support4,2,12,5.275648,0.0016
131072,aligned_still,support4,2,13,5.301248,0.0033
131072,aligned_still,support4,2,14,5.348352,0.0016
131072,aligned_still,support4,2,15,5.322752,0.0034
131072,aligned_still,support4,2,16,5.317632,0.0032
131072,aligned_still,support4,2,17,5.279744,0.0032
131072,aligned_still,support4,2,18,5.280768,0.0035
131072,aligned_still,support4,2,19,5.259264,0.0032
131072,aligned_still,support4,2,20,5.317632,0.0032
131072,aligned_still,support4,2,21,5.28896,0.0032
131072,aligned_still,support4,2,22,5.32992,0.0032
131072,aligned_still,support4,2,23,5.260288,0.0032
131072,aligned_still,support4,2,24,5.272576,0.0034
131072,aligned_still,support4,2,25,5.286912,0.0033
131072,aligned_still,support4,2,26,5.275648,0.0032
131072,aligned_still,support4,2,27,5.34528,0.0032
131072,aligned_still,support4,2,28,5.334016,0.0032
131072,aligned_still,support4,2,29,5.334016,0.0032
131072,aligned_still,support4,2,30,5.351424,0.0033
131072,aligned_still,support4,2,31,5.348352,0.0035
131072,aligned_still,support4,2,32,5.276672,0.0035
131072,aligned_still,support4,2,33,5.344256,0.0033
131072,aligned_still,support4,2,34,5.318656,0.0033
131072,aligned_still,support4,2,35,5.313536,0.0033
131072,aligned_still,support4,2,36,5.323776,0.0034
131072,aligned_still,support4,2,37,5.303296,0.0032
131072,aligned_still,support4,2,38,5.292032,0.0032
131072,aligned_still,support4,2,39,5.305344,0.0033
131072,aligned_still,support4,3,0,5.316608,0.0137
131072,aligned_still,support4,3,1,5.297152,0.0049
131072,aligned_still,support4,3,2,5.244928,0.0049
131072,aligned_still,support4,3,3,5.295104,0.0049
131072,aligned_still,support4,3,4,5.274624,0.0049
131072,aligned_still,support4,3,5,5.26848,0.0048
131072,aligned_still,support4,3,6,5.311488,0.005
131072,aligned_still,support4,3,7,5.279744,0.0048
131072,aligned_still,support4,3,8,5.275648,0.0048
131072,aligned_still,support4,3,9,5.257216,0.005
131072,aligned_still,support4,3,10,5.250048,0.0048
131072,aligned_still,support4,3,11,5.326848,0.0049
131072,aligned_still,support4,3,12,5.274624,0.0045
131072,aligned_still,support4,3,13,5.260288,0.0032
131072,aligned_still,support4,3,14,5.291008,0.0039
131072,aligned_still,support4,3,15,5.259264,0.0033
131072,aligned_still,support4,3,16,5.279744,0.0033
131072,aligned_still,support4,3,17,5.285888,0.0032
131072,aligned_still,support4,3,18,5.279744,0.0032
131072,aligned_still,support4,3,19,5.31456,0.0034
131072,aligned_still,support4,3,20,5.262336,0.0032
131072,aligned_still,support4,3,21,5.277696,0.0033
131072,aligned_still,support4,3,22,5.28384,0.0032
131072,aligned_still,support4,3,23,5.2992,0.0032
131072,aligned_still,support4,3,24,5.30432,0.0033
131072,aligned_still,support4,3,25,5.332992,0.0032
131072,aligned_still,support4,3,26,5.307392,0.0032
131072,aligned_still,support4,3,27,5.30432,0.0039
131072,aligned_still,support4,3,28,5.276672,0.0015
131072,aligned_still,support4,3,29,5.259264,0.0033
131072,aligned_still,support4,3,30,5.33504,0.0035
131072,aligned_still,support4,3,31,5.277696,0.0032
131072,aligned_still,support4,3,32,5.266432,0.0032
131072,aligned_still,support4,3,33,5.284864,0.0033
131072,aligned_still,support4,3,34,5.2736,0.0033
131072,aligned_still,support4,3,35,5.254144,0.0033
131072,aligned_still,support4,3,36,5.497856,0.0032
131072,aligned_still,support4,3,37,5.287936,0.0033
131072,aligned_still,support4,3,38,5.318656,0.0032
131072,aligned_still,support4,3,39,5.257216,0.0033
131072,staggered_still,jacobi4,1,0,5.860352,0.0113
131072,staggered_still,jacobi4,1,1,5.966848,0.0024
131072,staggered_still,jacobi4,1,2,5.900288,0.0023
131072,staggered_still,jacobi4,1,3,5.919744,8.0E-4
131072,staggered_still,jacobi4,1,4,5.931008,8.0E-4
131072,staggered_still,jacobi4,1,5,5.914624,8.0E-4
131072,staggered_still,jacobi4,1,6,5.901312,7.0E-4
131072,staggered_still,jacobi4,1,7,5.965824,8.0E-4
131072,staggered_still,jacobi4,1,8,5.976064,8.0E-4
131072,staggered_still,jacobi4,1,9,6.023168,8.0E-4
131072,staggered_still,jacobi4,1,10,6.013952,7.0E-4
131072,staggered_still,jacobi4,1,11,6.14912,7.0E-4
131072,staggered_still,jacobi4,1,12,6.094848,7.0E-4
131072,staggered_still,jacobi4,1,13,6.158336,8.0E-4
131072,staggered_still,jacobi4,1,14,6.176768,7.0E-4
131072,staggered_still,jacobi4,1,15,6.232064,8.0E-4
131072,staggered_still,jacobi4,1,16,6.28224,7.0E-4
131072,staggered_still,jacobi4,1,17,6.371328,6.0E-4
131072,staggered_still,jacobi4,1,18,6.255616,8.0E-4
131072,staggered_still,jacobi4,1,19,6.337536,7.0E-4
131072,staggered_still,jacobi4,1,20,6.375424,7.0E-4
131072,staggered_still,jacobi4,1,21,6.370304,9.0E-4
131072,staggered_still,jacobi4,1,22,6.4256,9.0E-4
131072,staggered_still,jacobi4,1,23,6.42048,8.0E-4
131072,staggered_still,jacobi4,1,24,6.506496,8.0E-4
131072,staggered_still,jacobi4,1,25,6.520832,6.0E-4
131072,staggered_still,jacobi4,1,26,6.53824,8.0E-4
131072,staggered_still,jacobi4,1,27,6.576128,8.0E-4
131072,staggered_still,jacobi4,1,28,6.634496,6.0E-4
131072,staggered_still,jacobi4,1,29,6.648832,7.0E-4
131072,staggered_still,jacobi4,1,30,6.85568,9.0E-4
131072,staggered_still,jacobi4,1,31,6.764544,8.0E-4
131072,staggered_still,jacobi4,1,32,6.775808,8.0E-4
131072,staggered_still,jacobi4,1,33,6.844416,6.0E-4
131072,staggered_still,jacobi4,1,34,6.800384,7.0E-4
131072,staggered_still,jacobi4,1,35,6.785024,6.0E-4
131072,staggered_still,jacobi4,1,36,6.89664,7.0E-4
131072,staggered_still,jacobi4,1,37,6.916096,7.0E-4
131072,staggered_still,jacobi4,1,38,6.99392,8.0E-4
131072,staggered_still,jacobi4,1,39,7.042048,8.0E-4
131072,staggered_still,jacobi4,2,0,5.871616,0.0127
131072,staggered_still,jacobi4,2,1,5.950464,0.0033
131072,staggered_still,jacobi4,2,2,5.932032,0.0033
131072,staggered_still,jacobi4,2,3,5.94432,0.0011
131072,staggered_still,jacobi4,2,4,5.984256,0.0011
131072,staggered_still,jacobi4,2,5,5.925888,0.001
131072,staggered_still,jacobi4,2,6,5.885952,0.001
131072,staggered_still,jacobi4,2,7,5.96992,0.0011
131072,staggered_still,jacobi4,2,8,5.968896,0.001
131072,staggered_still,jacobi4,2,9,5.965824,9.0E-4
131072,staggered_still,jacobi4,2,10,5.979136,7.0E-4
131072,staggered_still,jacobi4,2,11,6.107136,7.0E-4
131072,staggered_still,jacobi4,2,12,6.120448,7.0E-4
131072,staggered_still,jacobi4,2,13,6.185984,8.0E-4
131072,staggered_still,jacobi4,2,14,6.16448,7.0E-4
131072,staggered_still,jacobi4,2,15,6.273024,8.0E-4
131072,staggered_still,jacobi4,2,16,6.304768,7.0E-4
131072,staggered_still,jacobi4,2,17,6.40512,0.001
131072,staggered_still,jacobi4,2,18,6.272,7.0E-4
131072,staggered_still,jacobi4,2,19,6.339584,7.0E-4
131072,staggered_still,jacobi4,2,20,6.4,7.0E-4
131072,staggered_still,jacobi4,2,21,6.332416,7.0E-4
131072,staggered_still,jacobi4,2,22,6.372352,8.0E-4
131072,staggered_still,jacobi4,2,23,6.365184,7.0E-4
131072,staggered_still,jacobi4,2,24,6.438912,8.0E-4
131072,staggered_still,jacobi4,2,25,6.429696,0.001
131072,staggered_still,jacobi4,2,26,6.463488,7.0E-4
131072,staggered_still,jacobi4,2,27,6.464512,7.0E-4
131072,staggered_still,jacobi4,2,28,6.544384,8.0E-4
131072,staggered_still,jacobi4,2,29,6.536192,7.0E-4
131072,staggered_still,jacobi4,2,30,6.787072,8.0E-4
131072,staggered_still,jacobi4,2,31,6.902784,8.0E-4
131072,staggered_still,jacobi4,2,32,6.726656,7.0E-4
131072,staggered_still,jacobi4,2,33,6.760448,6.0E-4
131072,staggered_still,jacobi4,2,34,6.715392,7.0E-4
131072,staggered_still,jacobi4,2,35,6.7072,7.0E-4
131072,staggered_still,jacobi4,2,36,6.866944,8.0E-4
131072,staggered_still,jacobi4,2,37,6.930432,7.0E-4
131072,staggered_still,jacobi4,2,38,6.945792,7.0E-4
131072,staggered_still,jacobi4,2,39,6.985728,7.0E-4
131072,staggered_still,jacobi4,3,0,5.85216,0.0073
131072,staggered_still,jacobi4,3,1,5.960704,0.0011
131072,staggered_still,jacobi4,3,2,5.947392,0.0034
131072,staggered_still,jacobi4,3,3,5.966848,0.0011
131072,staggered_still,jacobi4,3,4,5.977088,0.0011
131072,staggered_still,jacobi4,3,5,5.971968,0.0023
131072,staggered_still,jacobi4,3,6,5.956608,0.0012
131072,staggered_still,jacobi4,3,7,6.037504,0.001
131072,staggered_still,jacobi4,3,8,6.014976,0.0011
131072,staggered_still,jacobi4,3,9,6.012928,0.0011
131072,staggered_still,jacobi4,3,10,6.029312,9.0E-4
131072,staggered_still,jacobi4,3,11,6.151168,0.0012
131072,staggered_still,jacobi4,3,12,6.116352,0.0011
131072,staggered_still,jacobi4,3,13,6.177792,9.0E-4
131072,staggered_still,jacobi4,3,14,6.18496,0.001
131072,staggered_still,jacobi4,3,15,6.238208,0.0014
131072,staggered_still,jacobi4,3,16,6.283264,0.001
131072,staggered_still,jacobi4,3,17,6.376448,0.001
131072,staggered_still,jacobi4,3,18,6.270976,0.001
131072,staggered_still,jacobi4,3,19,6.326272,0.001
131072,staggered_still,jacobi4,3,20,6.380544,0.001
131072,staggered_still,jacobi4,3,21,6.382592,0.001
131072,staggered_still,jacobi4,3,22,6.41024,0.0011
131072,staggered_still,jacobi4,3,23,6.373376,0.0011
131072,staggered_still,jacobi4,3,24,6.46144,0.001
131072,staggered_still,jacobi4,3,25,6.47168,0.001
131072,staggered_still,jacobi4,3,26,6.505472,7.0E-4
131072,staggered_still,jacobi4,3,27,6.524928,7.0E-4
131072,staggered_still,jacobi4,3,28,6.59456,8.0E-4
131072,staggered_still,jacobi4,3,29,6.59968,7.0E-4
131072,staggered_still,jacobi4,3,30,6.79936,7.0E-4
131072,staggered_still,jacobi4,3,31,6.742016,7.0E-4
131072,staggered_still,jacobi4,3,32,6.733824,7.0E-4
131072,staggered_still,jacobi4,3,33,6.810624,7.0E-4
131072,staggered_still,jacobi4,3,34,6.77376,8.0E-4
131072,staggered_still,jacobi4,3,35,6.784,8.0E-4
131072,staggered_still,jacobi4,3,36,6.89664,7.0E-4
131072,staggered_still,jacobi4,3,37,6.985728,7.0E-4
131072,staggered_still,jacobi4,3,38,7.054336,7.0E-4
131072,staggered_still,jacobi4,3,39,7.06048,8.0E-4
131072,staggered_still,jacobi16,1,0,18.935808,0.0146
131072,staggered_still,jacobi16,1,1,18.971648,0.0049
131072,staggered_still,jacobi16,1,2,19.008512,0.0049
131072,staggered_still,jacobi16,1,3,18.839552,0.0049
131072,staggered_still,jacobi16,1,4,18.983936,0.0033
131072,staggered_still,jacobi16,1,5,19.08736,0.0033
131072,staggered_still,jacobi16,1,6,19.243008,0.0035
131072,staggered_still,jacobi16,1,7,19.203072,0.0033
131072,staggered_still,jacobi16,1,8,19.145728,0.0033
131072,staggered_still,jacobi16,1,9,19.113984,0.0033
131072,staggered_still,jacobi16,1,10,19.180544,0.0032
131072,staggered_still,jacobi16,1,11,19.319808,0.0034
131072,staggered_still,jacobi16,1,12,19.361792,0.0033
131072,staggered_still,jacobi16,1,13,19.226624,0.0033
131072,staggered_still,jacobi16,1,14,19.16416,0.0034
131072,staggered_still,jacobi16,1,15,19.185664,0.0034
131072,staggered_still,jacobi16,1,16,19.274752,0.0032
131072,staggered_still,jacobi16,1,17,19.03616,0.0032
131072,staggered_still,jacobi16,1,18,18.989056,0.0033
131072,staggered_still,jacobi16,1,19,19.13344,0.0034
131072,staggered_still,jacobi16,1,20,19.550208,0.0033
131072,staggered_still,jacobi16,1,21,19.734528,0.0034
131072,staggered_still,jacobi16,1,22,19.74784,0.0033
131072,staggered_still,jacobi16,1,23,19.785728,0.0035
131072,staggered_still,jacobi16,1,24,19.831808,0.0032
131072,staggered_still,jacobi16,1,25,19.843072,0.0033
131072,staggered_still,jacobi16,1,26,19.90656,0.0035
131072,staggered_still,jacobi16,1,27,20.200448,0.0034
131072,staggered_still,jacobi16,1,28,19.938304,0.0033
131072,staggered_still,jacobi16,1,29,19.93216,0.0035
131072,staggered_still,jacobi16,1,30,20.023296,0.0033
131072,staggered_still,jacobi16,1,31,20.087808,0.0033
131072,staggered_still,jacobi16,1,32,20.06528,0.0033
131072,staggered_still,jacobi16,1,33,20.030464,0.0033
131072,staggered_still,jacobi16,1,34,20.108288,0.0033
131072,staggered_still,jacobi16,1,35,20.222976,0.0036
131072,staggered_still,jacobi16,1,36,20.59776,0.0036
131072,staggered_still,jacobi16,1,37,20.7104,0.0033
131072,staggered_still,jacobi16,1,38,20.993024,0.0034
131072,staggered_still,jacobi16,1,39,20.998144,0.0034
131072,staggered_still,jacobi16,2,0,19.058688,0.0125
131072,staggered_still,jacobi16,2,1,19.006464,0.0034
131072,staggered_still,jacobi16,2,2,19.10784,0.0034
131072,staggered_still,jacobi16,2,3,18.915328,0.0033
131072,staggered_still,jacobi16,2,4,19.018752,0.0032
131072,staggered_still,jacobi16,2,5,19.07712,0.0033
131072,staggered_still,jacobi16,2,6,19.221504,0.0034
131072,staggered_still,jacobi16,2,7,19.203072,0.0032
131072,staggered_still,jacobi16,2,8,19.141632,0.0032
131072,staggered_still,jacobi16,2,9,19.10272,0.0033
131072,staggered_still,jacobi16,2,10,19.1488,0.0033
131072,staggered_still,jacobi16,2,11,19.166208,0.0033
131072,staggered_still,jacobi16,2,12,19.267584,0.0033
131072,staggered_still,jacobi16,2,13,19.185664,0.0032
131072,staggered_still,jacobi16,2,14,18.939904,0.0051
131072,staggered_still,jacobi16,2,15,18.87232,0.0035
131072,staggered_still,jacobi16,2,16,18.948096,0.0033
131072,staggered_still,jacobi16,2,17,18.937856,0.0034
131072,staggered_still,jacobi16,2,18,19.016704,0.0035
131072,staggered_still,jacobi16,2,19,19.141632,0.0034
131072,staggered_still,jacobi16,2,20,19.552256,0.0034
131072,staggered_still,jacobi16,2,21,19.851264,0.0032
131072,staggered_still,jacobi16,2,22,19.876864,0.0034
131072,staggered_still,jacobi16,2,23,19.956736,0.0035
131072,staggered_still,jacobi16,2,24,20.037632,0.0034
131072,staggered_still,jacobi16,2,25,20.11136,0.0033
131072,staggered_still,jacobi16,2,26,20.092928,0.0036
131072,staggered_still,jacobi16,2,27,20.140032,0.0035
131072,staggered_still,jacobi16,2,28,20.153344,0.0033
131072,staggered_still,jacobi16,2,29,20.148224,0.0034
131072,staggered_still,jacobi16,2,30,20.16256,0.0033
131072,staggered_still,jacobi16,2,31,20.224,0.0033
131072,staggered_still,jacobi16,2,32,20.20864,0.0033
131072,staggered_still,jacobi16,2,33,20.11648,0.0033
131072,staggered_still,jacobi16,2,34,20.109312,0.0033
131072,staggered_still,jacobi16,2,35,20.209664,0.0034
131072,staggered_still,jacobi16,2,36,20.619264,0.0033
131072,staggered_still,jacobi16,2,37,20.673536,0.0034
131072,staggered_still,jacobi16,2,38,20.81792,0.0035
131072,staggered_still,jacobi16,2,39,20.762624,0.0037
131072,staggered_still,jacobi16,3,0,18.85696,0.0125
131072,staggered_still,jacobi16,3,1,18.793472,0.0035
131072,staggered_still,jacobi16,3,2,18.948096,0.0033
131072,staggered_still,jacobi16,3,3,18.971648,0.0036
131072,staggered_still,jacobi16,3,4,19.05664,0.0034
131072,staggered_still,jacobi16,3,5,19.08736,0.0036
131072,staggered_still,jacobi16,3,6,19.209216,0.0036
131072,staggered_still,jacobi16,3,7,19.18976,0.0034
131072,staggered_still,jacobi16,3,8,19.163136,0.0033
131072,staggered_still,jacobi16,3,9,19.121152,0.0033
131072,staggered_still,jacobi16,3,10,19.351552,0.0033
131072,staggered_still,jacobi16,3,11,19.313664,0.0033
131072,staggered_still,jacobi16,3,12,19.234816,0.0034
131072,staggered_still,jacobi16,3,13,19.181568,0.0034
131072,staggered_still,jacobi16,3,14,19.181568,0.0033
131072,staggered_still,jacobi16,3,15,19.058688,0.0033
131072,staggered_still,jacobi16,3,16,18.977792,0.0036
131072,staggered_still,jacobi16,3,17,18.817024,0.0032
131072,staggered_still,jacobi16,3,18,18.818048,0.0032
131072,staggered_still,jacobi16,3,19,18.994176,0.0033
131072,staggered_still,jacobi16,3,20,19.48672,0.0033
131072,staggered_still,jacobi16,3,21,19.729408,0.0033
131072,staggered_still,jacobi16,3,22,19.751936,0.0032
131072,staggered_still,jacobi16,3,23,19.807232,0.0033
131072,staggered_still,jacobi16,3,24,19.903488,0.0034
131072,staggered_still,jacobi16,3,25,19.931136,0.0034
131072,staggered_still,jacobi16,3,26,19.960832,0.0033
131072,staggered_still,jacobi16,3,27,20.013056,0.0034
131072,staggered_still,jacobi16,3,28,20.084736,0.0034
131072,staggered_still,jacobi16,3,29,20.151296,0.0034
131072,staggered_still,jacobi16,3,30,20.159488,0.0033
131072,staggered_still,jacobi16,3,31,20.265984,0.0033
131072,staggered_still,jacobi16,3,32,20.253696,0.0033
131072,staggered_still,jacobi16,3,33,20.182016,0.0033
131072,staggered_still,jacobi16,3,34,20.163584,0.0033
131072,staggered_still,jacobi16,3,35,20.287488,0.0032
131072,staggered_still,jacobi16,3,36,20.634624,0.0035
131072,staggered_still,jacobi16,3,37,20.733952,0.0035
131072,staggered_still,jacobi16,3,38,20.871168,0.0033
131072,staggered_still,jacobi16,3,39,20.819968,0.0033
131072,staggered_still,support4,1,0,5.363712,0.0116
131072,staggered_still,support4,1,1,5.338112,0.0032
131072,staggered_still,support4,1,2,5.343232,0.0033
131072,staggered_still,support4,1,3,5.346304,0.0034
131072,staggered_still,support4,1,4,5.362688,0.0043
131072,staggered_still,support4,1,5,5.325824,0.0034
131072,staggered_still,support4,1,6,5.349376,0.0032
131072,staggered_still,support4,1,7,5.337088,0.0033
131072,staggered_still,support4,1,8,5.34528,0.0033
131072,staggered_still,support4,1,9,5.358592,0.0033
131072,staggered_still,support4,1,10,5.330944,0.0033
131072,staggered_still,support4,1,11,5.404672,0.0032
131072,staggered_still,support4,1,12,5.369856,0.0033
131072,staggered_still,support4,1,13,5.351424,0.005
131072,staggered_still,support4,1,14,5.394432,0.0033
131072,staggered_still,support4,1,15,5.376,0.0032
131072,staggered_still,support4,1,16,5.38112,0.0032
131072,staggered_still,support4,1,17,5.399552,0.0033
131072,staggered_still,support4,1,18,5.376,0.0033
131072,staggered_still,support4,1,19,5.41696,0.0033
131072,staggered_still,support4,1,20,5.399552,0.0036
131072,staggered_still,support4,1,21,5.36576,0.0034
131072,staggered_still,support4,1,22,5.403648,0.0035
131072,staggered_still,support4,1,23,5.385216,0.0032
131072,staggered_still,support4,1,24,5.357568,0.0033
131072,staggered_still,support4,1,25,5.412864,0.0032
131072,staggered_still,support4,1,26,5.38624,0.0033
131072,staggered_still,support4,1,27,5.382144,0.0032
131072,staggered_still,support4,1,28,5.602304,0.0036
131072,staggered_still,support4,1,29,5.390336,0.0034
131072,staggered_still,support4,1,30,5.431296,0.0036
131072,staggered_still,support4,1,31,5.403648,0.0032
131072,staggered_still,support4,1,32,5.353472,0.0032
131072,staggered_still,support4,1,33,5.377024,0.0033
131072,staggered_still,support4,1,34,5.358592,0.0033
131072,staggered_still,support4,1,35,5.322752,0.0033
131072,staggered_still,support4,1,36,5.354496,0.0032
131072,staggered_still,support4,1,37,5.353472,0.0032
131072,staggered_still,support4,1,38,5.403648,0.0033
131072,staggered_still,support4,1,39,5.398528,0.0032
131072,staggered_still,support4,2,0,5.441536,0.0136
131072,staggered_still,support4,2,1,5.351424,0.0033
131072,staggered_still,support4,2,2,5.35552,0.0034
131072,staggered_still,support4,2,3,5.39648,0.0035
131072,staggered_still,support4,2,4,5.362688,0.0034
131072,staggered_still,support4,2,5,5.349376,0.0033
131072,staggered_still,support4,2,6,5.378048,0.0034
131072,staggered_still,support4,2,7,5.387264,0.0033
131072,staggered_still,support4,2,8,5.377024,0.0033
131072,staggered_still,support4,2,9,5.398528,0.0034
131072,staggered_still,support4,2,10,5.410816,0.0034
131072,staggered_still,support4,2,11,5.369856,0.0033
131072,staggered_still,support4,2,12,5.415936,0.0034
131072,staggered_still,support4,2,13,5.377024,0.0038
131072,staggered_still,support4,2,14,5.455872,0.0034
131072,staggered_still,support4,2,15,5.42208,0.0033
131072,staggered_still,support4,2,16,5.387264,0.0033
131072,staggered_still,support4,2,17,5.393408,0.0033
131072,staggered_still,support4,2,18,5.389312,0.0034
131072,staggered_still,support4,2,19,5.39136,0.0033
131072,staggered_still,support4,2,20,5.377024,0.0033
131072,staggered_still,support4,2,21,5.371904,0.0033
131072,staggered_still,support4,2,22,5.382144,0.0033
131072,staggered_still,support4,2,23,5.4528,0.0034
131072,staggered_still,support4,2,24,5.439488,0.0037
131072,staggered_still,support4,2,25,5.46816,0.0034
131072,staggered_still,support4,2,26,5.464064,0.0036
131072,staggered_still,support4,2,27,5.414912,0.0033
131072,staggered_still,support4,2,28,5.412864,0.0033
131072,staggered_still,support4,2,29,5.404672,0.0033
131072,staggered_still,support4,2,30,5.395456,0.0035
131072,staggered_still,support4,2,31,5.44256,0.0034
131072,staggered_still,support4,2,32,5.398528,0.0033
131072,staggered_still,support4,2,33,5.438464,0.0034
131072,staggered_still,support4,2,34,5.385216,0.0034
131072,staggered_still,support4,2,35,5.361664,0.0034
131072,staggered_still,support4,2,36,5.40672,0.0034
131072,staggered_still,support4,2,37,5.376,0.0034
131072,staggered_still,support4,2,38,5.356544,0.0033
131072,staggered_still,support4,2,39,5.39136,0.0036
131072,staggered_still,support4,3,0,5.39648,0.0133
131072,staggered_still,support4,3,1,5.373952,0.0033
131072,staggered_still,support4,3,2,5.390336,0.0032
131072,staggered_still,support4,3,3,5.363712,0.0032
131072,staggered_still,support4,3,4,5.378048,0.0063
131072,staggered_still,support4,3,5,5.356544,0.0036
131072,staggered_still,support4,3,6,5.339136,0.0033
131072,staggered_still,support4,3,7,5.323776,0.0032
131072,staggered_still,support4,3,8,5.474304,0.0033
131072,staggered_still,support4,3,9,5.338112,0.0016
131072,staggered_still,support4,3,10,5.32992,0.0033
131072,staggered_still,support4,3,11,5.343232,0.0034
131072,staggered_still,support4,3,12,5.327872,0.0032
131072,staggered_still,support4,3,13,5.29408,0.0032
131072,staggered_still,support4,3,14,5.33504,0.0015
131072,staggered_still,support4,3,15,5.343232,0.0034
131072,staggered_still,support4,3,16,5.351424,0.0032
131072,staggered_still,support4,3,17,5.356544,0.0016
131072,staggered_still,support4,3,18,5.371904,0.0033
131072,staggered_still,support4,3,19,5.373952,0.0033
131072,staggered_still,support4,3,20,5.3504,0.0034
131072,staggered_still,support4,3,21,5.354496,0.0032
131072,staggered_still,support4,3,22,5.394432,0.0035
131072,staggered_still,support4,3,23,5.399552,0.0032
131072,staggered_still,support4,3,24,5.393408,0.0033
131072,staggered_still,support4,3,25,5.431296,0.0033
131072,staggered_still,support4,3,26,5.364736,0.0033
131072,staggered_still,support4,3,27,5.343232,0.0032
131072,staggered_still,support4,3,28,5.372928,0.0035
131072,staggered_still,support4,3,29,5.3504,0.0033
131072,staggered_still,support4,3,30,5.388288,0.0033
131072,staggered_still,support4,3,31,5.371904,0.0032
131072,staggered_still,support4,3,32,5.346304,0.0032
131072,staggered_still,support4,3,33,5.618688,0.0033
131072,staggered_still,support4,3,34,5.358592,0.0032
131072,staggered_still,support4,3,35,5.338112,0.0033
131072,staggered_still,support4,3,36,5.346304,0.0015
131072,staggered_still,support4,3,37,5.356544,0.0032
131072,staggered_still,support4,3,38,5.379072,0.0033
131072,staggered_still,support4,3,39,5.374976,0.0032
131072,staggered_driven,jacobi4,1,0,6.332416,0.0075
131072,staggered_driven,jacobi4,1,1,6.23616,0.0025
131072,staggered_driven,jacobi4,1,2,6.151168,9.0E-4
131072,staggered_driven,jacobi4,1,3,6.15424,8.0E-4
131072,staggered_driven,jacobi4,1,4,6.197248,8.0E-4
131072,staggered_driven,jacobi4,1,5,6.104064,8.0E-4
131072,staggered_driven,jacobi4,1,6,6.12352,9.0E-4
131072,staggered_driven,jacobi4,1,7,6.141952,8.0E-4
131072,staggered_driven,jacobi4,1,8,6.244352,8.0E-4
131072,staggered_driven,jacobi4,1,9,6.254592,7.0E-4
131072,staggered_driven,jacobi4,1,10,6.26688,8.0E-4
131072,staggered_driven,jacobi4,1,11,6.3488,8.0E-4
131072,staggered_driven,jacobi4,1,12,6.377472,8.0E-4
131072,staggered_driven,jacobi4,1,13,6.52288,8.0E-4
131072,staggered_driven,jacobi4,1,14,6.549504,9.0E-4
131072,staggered_driven,jacobi4,1,15,6.510592,8.0E-4
131072,staggered_driven,jacobi4,1,16,6.53824,9.0E-4
131072,staggered_driven,jacobi4,1,17,6.542336,8.0E-4
131072,staggered_driven,jacobi4,1,18,6.567936,8.0E-4
131072,staggered_driven,jacobi4,1,19,6.500352,8.0E-4
131072,staggered_driven,jacobi4,1,20,6.560768,8.0E-4
131072,staggered_driven,jacobi4,1,21,6.592512,9.0E-4
131072,staggered_driven,jacobi4,1,22,6.577152,8.0E-4
131072,staggered_driven,jacobi4,1,23,6.644736,7.0E-4
131072,staggered_driven,jacobi4,1,24,6.701056,8.0E-4
131072,staggered_driven,jacobi4,1,25,6.745088,7.0E-4
131072,staggered_driven,jacobi4,1,26,6.846464,8.0E-4
131072,staggered_driven,jacobi4,1,27,7.0144,9.0E-4
131072,staggered_driven,jacobi4,1,28,7.099392,8.0E-4
131072,staggered_driven,jacobi4,1,29,7.04512,7.0E-4
131072,staggered_driven,jacobi4,1,30,7.077888,8.0E-4
131072,staggered_driven,jacobi4,1,31,7.149568,7.0E-4
131072,staggered_driven,jacobi4,1,32,7.093248,9.0E-4
131072,staggered_driven,jacobi4,1,33,7.107584,8.0E-4
131072,staggered_driven,jacobi4,1,34,7.090176,7.0E-4
131072,staggered_driven,jacobi4,1,35,7.088128,9.0E-4
131072,staggered_driven,jacobi4,1,36,7.041024,8.0E-4
131072,staggered_driven,jacobi4,1,37,7.19872,8.0E-4
131072,staggered_driven,jacobi4,1,38,7.160832,7.0E-4
131072,staggered_driven,jacobi4,1,39,7.175168,8.0E-4
131072,staggered_driven,jacobi4,2,0,6.254592,0.0103
131072,staggered_driven,jacobi4,2,1,6.258688,0.0013
131072,staggered_driven,jacobi4,2,2,6.145024,0.0038
131072,staggered_driven,jacobi4,2,3,6.212608,0.0013
131072,staggered_driven,jacobi4,2,4,6.185984,9.0E-4
131072,staggered_driven,jacobi4,2,5,6.085632,9.0E-4
131072,staggered_driven,jacobi4,2,6,6.104064,8.0E-4
131072,staggered_driven,jacobi4,2,7,6.119424,7.0E-4
131072,staggered_driven,jacobi4,2,8,6.211584,8.0E-4
131072,staggered_driven,jacobi4,2,9,6.182912,0.001
131072,staggered_driven,jacobi4,2,10,6.29248,9.0E-4
131072,staggered_driven,jacobi4,2,11,6.358016,9.0E-4
131072,staggered_driven,jacobi4,2,12,6.386688,9.0E-4
131072,staggered_driven,jacobi4,2,13,6.499328,9.0E-4
131072,staggered_driven,jacobi4,2,14,6.438912,8.0E-4
131072,staggered_driven,jacobi4,2,15,6.45632,8.0E-4
131072,staggered_driven,jacobi4,2,16,6.4512,7.0E-4
131072,staggered_driven,jacobi4,2,17,6.610944,9.0E-4
131072,staggered_driven,jacobi4,2,18,6.585344,8.0E-4
131072,staggered_driven,jacobi4,2,19,6.525952,9.0E-4
131072,staggered_driven,jacobi4,2,20,6.619136,9.0E-4
131072,staggered_driven,jacobi4,2,21,6.564864,8.0E-4
131072,staggered_driven,jacobi4,2,22,6.576128,8.0E-4
131072,staggered_driven,jacobi4,2,23,6.554624,8.0E-4
131072,staggered_driven,jacobi4,2,24,6.610944,8.0E-4
131072,staggered_driven,jacobi4,2,25,6.623232,9.0E-4
131072,staggered_driven,jacobi4,2,26,6.774784,8.0E-4
131072,staggered_driven,jacobi4,2,27,6.925312,7.0E-4
131072,staggered_driven,jacobi4,2,28,6.966272,8.0E-4
131072,staggered_driven,jacobi4,2,29,6.989824,9.0E-4
131072,staggered_driven,jacobi4,2,30,6.977536,8.0E-4
131072,staggered_driven,jacobi4,2,31,7.11168,8.0E-4
131072,staggered_driven,jacobi4,2,32,7.072768,8.0E-4
131072,staggered_driven,jacobi4,2,33,7.110656,9.0E-4
131072,staggered_driven,jacobi4,2,34,7.13728,8.0E-4
131072,staggered_driven,jacobi4,2,35,7.144448,8.0E-4
131072,staggered_driven,jacobi4,2,36,7.118848,8.0E-4
131072,staggered_driven,jacobi4,2,37,7.190528,9.0E-4
131072,staggered_driven,jacobi4,2,38,7.172096,7.0E-4
131072,staggered_driven,jacobi4,2,39,7.200768,8.0E-4
131072,staggered_driven,jacobi4,3,0,6.267904,0.0069
131072,staggered_driven,jacobi4,3,1,6.250496,9.0E-4
131072,staggered_driven,jacobi4,3,2,6.142976,0.0025
131072,staggered_driven,jacobi4,3,3,6.1696,8.0E-4
131072,staggered_driven,jacobi4,3,4,6.18496,8.0E-4
131072,staggered_driven,jacobi4,3,5,6.176768,9.0E-4
131072,staggered_driven,jacobi4,3,6,6.13888,0.001
131072,staggered_driven,jacobi4,3,7,6.137856,7.0E-4
131072,staggered_driven,jacobi4,3,8,6.227968,9.0E-4
131072,staggered_driven,jacobi4,3,9,6.194176,0.0011
131072,staggered_driven,jacobi4,3,10,6.275072,9.0E-4
131072,staggered_driven,jacobi4,3,11,6.33856,8.0E-4
131072,staggered_driven,jacobi4,3,12,6.431744,7.0E-4
131072,staggered_driven,jacobi4,3,13,6.495232,8.0E-4
131072,staggered_driven,jacobi4,3,14,6.474752,0.0042
131072,staggered_driven,jacobi4,3,15,6.468608,9.0E-4
131072,staggered_driven,jacobi4,3,16,6.474752,7.0E-4
131072,staggered_driven,jacobi4,3,17,6.64576,8.0E-4
131072,staggered_driven,jacobi4,3,18,6.58944,9.0E-4
131072,staggered_driven,jacobi4,3,19,6.544384,8.0E-4
131072,staggered_driven,jacobi4,3,20,6.575104,8.0E-4
131072,staggered_driven,jacobi4,3,21,6.56896,8.0E-4
131072,staggered_driven,jacobi4,3,22,6.56384,8.0E-4
131072,staggered_driven,jacobi4,3,23,6.595584,8.0E-4
131072,staggered_driven,jacobi4,3,24,6.690816,9.0E-4
131072,staggered_driven,jacobi4,3,25,6.673408,9.0E-4
131072,staggered_driven,jacobi4,3,26,6.846464,8.0E-4
131072,staggered_driven,jacobi4,3,27,7.04,0.001
131072,staggered_driven,jacobi4,3,28,7.062528,7.0E-4
131072,staggered_driven,jacobi4,3,29,7.05024,9.0E-4
131072,staggered_driven,jacobi4,3,30,7.058432,7.0E-4
131072,staggered_driven,jacobi4,3,31,7.174144,8.0E-4
131072,staggered_driven,jacobi4,3,32,7.084032,9.0E-4
131072,staggered_driven,jacobi4,3,33,7.090176,9.0E-4
131072,staggered_driven,jacobi4,3,34,7.087104,9.0E-4
131072,staggered_driven,jacobi4,3,35,7.056384,9.0E-4
131072,staggered_driven,jacobi4,3,36,7.104512,7.0E-4
131072,staggered_driven,jacobi4,3,37,7.140352,8.0E-4
131072,staggered_driven,jacobi4,3,38,7.154688,8.0E-4
131072,staggered_driven,jacobi4,3,39,7.176192,8.0E-4
131072,staggered_driven,jacobi16,1,0,18.778112,0.0134
131072,staggered_driven,jacobi16,1,1,18.639872,0.0036
131072,staggered_driven,jacobi16,1,2,18.857984,0.0036
131072,staggered_driven,jacobi16,1,3,19.247104,0.0036
131072,staggered_driven,jacobi16,1,4,19.376128,0.0036
131072,staggered_driven,jacobi16,1,5,19.325952,0.0036
131072,staggered_driven,jacobi16,1,6,19.417088,0.0036
131072,staggered_driven,jacobi16,1,7,19.472384,0.0037
131072,staggered_driven,jacobi16,1,8,19.4048,0.0037
131072,staggered_driven,jacobi16,1,9,19.412992,0.0035
131072,staggered_driven,jacobi16,1,10,19.447808,0.0036
131072,staggered_driven,jacobi16,1,11,19.381248,0.0037
131072,staggered_driven,jacobi16,1,12,19.203072,0.004
131072,staggered_driven,jacobi16,1,13,19.158016,0.0036
131072,staggered_driven,jacobi16,1,14,19.254272,0.0036
131072,staggered_driven,jacobi16,1,15,19.421184,0.0035
131072,staggered_driven,jacobi16,1,16,19.510272,0.0035
131072,staggered_driven,jacobi16,1,17,19.533824,0.0036
131072,staggered_driven,jacobi16,1,18,19.446784,0.0035
131072,staggered_driven,jacobi16,1,19,19.551232,0.0036
131072,staggered_driven,jacobi16,1,20,19.715072,0.0038
131072,staggered_driven,jacobi16,1,21,19.80928,0.0036
131072,staggered_driven,jacobi16,1,22,20.037632,0.0036
131072,staggered_driven,jacobi16,1,23,20.385792,0.0035
131072,staggered_driven,jacobi16,1,24,20.103168,0.0036
131072,staggered_driven,jacobi16,1,25,20.187136,0.0036
131072,staggered_driven,jacobi16,1,26,20.28032,0.0036
131072,staggered_driven,jacobi16,1,27,20.209664,0.0035
131072,staggered_driven,jacobi16,1,28,20.28544,0.0035
131072,staggered_driven,jacobi16,1,29,20.36736,0.0036
131072,staggered_driven,jacobi16,1,30,20.356096,0.0036
131072,staggered_driven,jacobi16,1,31,20.410368,0.0035
131072,staggered_driven,jacobi16,1,32,20.525056,0.0035
131072,staggered_driven,jacobi16,1,33,20.55168,0.0036
131072,staggered_driven,jacobi16,1,34,20.527104,0.0037
131072,staggered_driven,jacobi16,1,35,20.563968,0.0035
131072,staggered_driven,jacobi16,1,36,20.537344,0.0036
131072,staggered_driven,jacobi16,1,37,20.93568,0.0036
131072,staggered_driven,jacobi16,1,38,21.011456,0.0036
131072,staggered_driven,jacobi16,1,39,21.030912,0.0036
131072,staggered_driven,jacobi16,2,0,18.827264,0.0164
131072,staggered_driven,jacobi16,2,1,18.808832,0.0082
131072,staggered_driven,jacobi16,2,2,18.925568,0.0053
131072,staggered_driven,jacobi16,2,3,19.3024,0.0053
131072,staggered_driven,jacobi16,2,4,19.355648,0.0054
131072,staggered_driven,jacobi16,2,5,19.400704,0.0036
131072,staggered_driven,jacobi16,2,6,19.546112,0.0036
131072,staggered_driven,jacobi16,2,7,19.59424,0.0037
131072,staggered_driven,jacobi16,2,8,19.55328,0.0036
131072,staggered_driven,jacobi16,2,9,19.591168,0.0037
131072,staggered_driven,jacobi16,2,10,19.572736,0.0036
131072,staggered_driven,jacobi16,2,11,19.55328,0.0035
131072,staggered_driven,jacobi16,2,12,19.355648,0.0035
131072,staggered_driven,jacobi16,2,13,19.28192,0.0036
131072,staggered_driven,jacobi16,2,14,19.380224,0.0036
131072,staggered_driven,jacobi16,2,15,19.55328,0.0036
131072,staggered_driven,jacobi16,2,16,19.57376,0.0035
131072,staggered_driven,jacobi16,2,17,19.600384,0.0035
131072,staggered_driven,jacobi16,2,18,19.56864,0.0035
131072,staggered_driven,jacobi16,2,19,19.693568,0.0035
131072,staggered_driven,jacobi16,2,20,19.879936,0.0036
131072,staggered_driven,jacobi16,2,21,19.949568,0.0036
131072,staggered_driven,jacobi16,2,22,20.146176,0.0036
131072,staggered_driven,jacobi16,2,23,20.269056,0.0037
131072,staggered_driven,jacobi16,2,24,20.2496,0.0035
131072,staggered_driven,jacobi16,2,25,20.268032,0.0035
131072,staggered_driven,jacobi16,2,26,20.286464,0.0037
131072,staggered_driven,jacobi16,2,27,20.3008,0.0037
131072,staggered_driven,jacobi16,2,28,20.402176,0.0036
131072,staggered_driven,jacobi16,2,29,20.373504,0.0036
131072,staggered_driven,jacobi16,2,30,20.424704,0.0035
131072,staggered_driven,jacobi16,2,31,20.507648,0.0036
131072,staggered_driven,jacobi16,2,32,20.492288,0.0036
131072,staggered_driven,jacobi16,2,33,20.603904,0.0035
131072,staggered_driven,jacobi16,2,34,20.68992,0.0036
131072,staggered_driven,jacobi16,2,35,20.703232,0.0036
131072,staggered_driven,jacobi16,2,36,20.620288,0.0036
131072,staggered_driven,jacobi16,2,37,20.953088,0.0036
131072,staggered_driven,jacobi16,2,38,21.36576,0.0037
131072,staggered_driven,jacobi16,2,39,21.139456,0.0037
131072,staggered_driven,jacobi16,3,0,18.72896,0.0154
131072,staggered_driven,jacobi16,3,1,18.6624,0.0036
131072,staggered_driven,jacobi16,3,2,18.873344,0.0035
131072,staggered_driven,jacobi16,3,3,19.50208,0.0036
131072,staggered_driven,jacobi16,3,4,19.36384,0.0036
131072,staggered_driven,jacobi16,3,5,19.414016,0.0075
131072,staggered_driven,jacobi16,3,6,19.501056,0.0039
131072,staggered_driven,jacobi16,3,7,19.432448,0.0036
131072,staggered_driven,jacobi16,3,8,19.513344,0.0037
131072,staggered_driven,jacobi16,3,9,19.597312,0.0036
131072,staggered_driven,jacobi16,3,10,19.459072,0.0036
131072,staggered_driven,jacobi16,3,11,19.42016,0.0035
131072,staggered_driven,jacobi16,3,12,19.284992,0.0035
131072,staggered_driven,jacobi16,3,13,19.203072,0.0036
131072,staggered_driven,jacobi16,3,14,19.380224,0.0036
131072,staggered_driven,jacobi16,3,15,19.516416,0.0035
131072,staggered_driven,jacobi16,3,16,19.580928,0.0036
131072,staggered_driven,jacobi16,3,17,19.620864,0.0036
131072,staggered_driven,jacobi16,3,18,19.575808,0.0036
131072,staggered_driven,jacobi16,3,19,19.689472,0.0035
131072,staggered_driven,jacobi16,3,20,19.846144,0.0036
131072,staggered_driven,jacobi16,3,21,19.959808,0.0037
131072,staggered_driven,jacobi16,3,22,20.145152,0.0038
131072,staggered_driven,jacobi16,3,23,20.271104,0.0036
131072,staggered_driven,jacobi16,3,24,20.273152,0.0035
131072,staggered_driven,jacobi16,3,25,20.296704,0.0035
131072,staggered_driven,jacobi16,3,26,20.263936,0.0036
131072,staggered_driven,jacobi16,3,27,20.313088,0.0065
131072,staggered_driven,jacobi16,3,28,20.401152,0.0047
131072,staggered_driven,jacobi16,3,29,20.349952,0.0036
131072,staggered_driven,jacobi16,3,30,20.43904,0.0035
131072,staggered_driven,jacobi16,3,31,20.502528,0.0035
131072,staggered_driven,jacobi16,3,32,20.539392,0.0036
131072,staggered_driven,jacobi16,3,33,20.694016,0.0035
131072,staggered_driven,jacobi16,3,34,20.662272,0.0037
131072,staggered_driven,jacobi16,3,35,20.56704,0.0037
131072,staggered_driven,jacobi16,3,36,20.462592,0.0036
131072,staggered_driven,jacobi16,3,37,20.907008,0.0035
131072,staggered_driven,jacobi16,3,38,20.992,0.0036
131072,staggered_driven,jacobi16,3,39,21.03296,0.0047
131072,staggered_driven,support4,1,0,5.515264,0.0144
131072,staggered_driven,support4,1,1,5.465088,0.0036
131072,staggered_driven,support4,1,2,5.475328,0.0037
131072,staggered_driven,support4,1,3,5.479424,0.0037
131072,staggered_driven,support4,1,4,5.494784,0.0036
131072,staggered_driven,support4,1,5,5.464064,0.0035
131072,staggered_driven,support4,1,6,5.440512,0.0037
131072,staggered_driven,support4,1,7,5.44256,0.0037
131072,staggered_driven,support4,1,8,5.506048,0.0036
131072,staggered_driven,support4,1,9,5.485568,0.0036
131072,staggered_driven,support4,1,10,5.521408,0.0036
131072,staggered_driven,support4,1,11,5.537792,0.0036
131072,staggered_driven,support4,1,12,5.481472,0.0036
131072,staggered_driven,support4,1,13,5.49888,0.0036
131072,staggered_driven,support4,1,14,5.497856,0.0035
131072,staggered_driven,support4,1,15,5.484544,0.0035
131072,staggered_driven,support4,1,16,5.508096,0.0036
131072,staggered_driven,support4,1,17,5.474304,0.0035
131072,staggered_driven,support4,1,18,5.471232,0.0035
131072,staggered_driven,support4,1,19,5.495808,0.0035
131072,staggered_driven,support4,1,20,5.51424,0.0035
131072,staggered_driven,support4,1,21,5.487616,0.0035
131072,staggered_driven,support4,1,22,5.499904,0.0036
131072,staggered_driven,support4,1,23,5.49888,0.0036
131072,staggered_driven,support4,1,24,5.494784,0.0037
131072,staggered_driven,support4,1,25,5.455872,0.0035
131072,staggered_driven,support4,1,26,5.477376,0.0036
131072,staggered_driven,support4,1,27,5.47328,0.0036
131072,staggered_driven,support4,1,28,5.46816,0.0035
131072,staggered_driven,support4,1,29,5.4784,0.0036
131072,staggered_driven,support4,1,30,5.512192,0.0035
131072,staggered_driven,support4,1,31,5.494784,0.0038
131072,staggered_driven,support4,1,32,5.515264,0.0035
131072,staggered_driven,support4,1,33,5.527552,0.0036
131072,staggered_driven,support4,1,34,5.515264,0.0036
131072,staggered_driven,support4,1,35,5.485568,0.0036
131072,staggered_driven,support4,1,36,5.508096,0.0035
131072,staggered_driven,support4,1,37,5.500928,0.0036
131072,staggered_driven,support4,1,38,5.535744,0.0037
131072,staggered_driven,support4,1,39,5.532672,0.0038
131072,staggered_driven,support4,2,0,5.523456,0.0168
131072,staggered_driven,support4,2,1,5.515264,0.0054
131072,staggered_driven,support4,2,2,5.494784,0.0053
131072,staggered_driven,support4,2,3,5.482496,0.0053
131072,staggered_driven,support4,2,4,5.52448,0.0053
131072,staggered_driven,support4,2,5,5.471232,0.0053
131072,staggered_driven,support4,2,6,5.454848,0.0053
131072,staggered_driven,support4,2,7,5.449728,0.0054
131072,staggered_driven,support4,2,8,5.465088,0.0053
131072,staggered_driven,support4,2,9,5.4528,0.0053
131072,staggered_driven,support4,2,10,5.435392,0.0036
131072,staggered_driven,support4,2,11,5.469184,0.0035
131072,staggered_driven,support4,2,12,5.511168,0.0036
131072,staggered_driven,support4,2,13,5.507072,0.0037
131072,staggered_driven,support4,2,14,5.533696,0.0036
131072,staggered_driven,support4,2,15,5.548032,0.0036
131072,staggered_driven,support4,2,16,5.51424,0.0036
131072,staggered_driven,support4,2,17,5.572608,0.0036
131072,staggered_driven,support4,2,18,5.531648,0.0035
131072,staggered_driven,support4,2,19,5.548032,0.0035
131072,staggered_driven,support4,2,20,5.576704,0.0036
131072,staggered_driven,support4,2,21,5.566464,0.0035
131072,staggered_driven,support4,2,22,5.554176,0.0035
131072,staggered_driven,support4,2,23,5.628928,0.0037
131072,staggered_driven,support4,2,24,5.57568,0.0079
131072,staggered_driven,support4,2,25,5.556224,0.0039
131072,staggered_driven,support4,2,26,5.54496,0.0036
131072,staggered_driven,support4,2,27,5.530624,0.0036
131072,staggered_driven,support4,2,28,5.505024,0.0037
131072,staggered_driven,support4,2,29,5.485568,0.0039
131072,staggered_driven,support4,2,30,5.520384,0.0037
131072,staggered_driven,support4,2,31,5.484544,0.0036
131072,staggered_driven,support4,2,32,5.511168,0.0035
131072,staggered_driven,support4,2,33,5.489664,0.0036
131072,staggered_driven,support4,2,34,5.486592,0.0036
131072,staggered_driven,support4,2,35,5.414912,0.0035
131072,staggered_driven,support4,2,36,5.499904,0.0035
131072,staggered_driven,support4,2,37,5.479424,0.0036
131072,staggered_driven,support4,2,38,5.476352,0.0036
131072,staggered_driven,support4,2,39,5.531648,0.0036
131072,staggered_driven,support4,3,0,5.853184,0.0136
131072,staggered_driven,support4,3,1,5.51936,0.0036
131072,staggered_driven,support4,3,2,5.517312,0.0036
131072,staggered_driven,support4,3,3,5.530624,0.0035
131072,staggered_driven,support4,3,4,5.45792,0.0036
131072,staggered_driven,support4,3,5,5.541888,0.0038
131072,staggered_driven,support4,3,6,5.470208,0.0035
131072,staggered_driven,support4,3,7,5.414912,0.0036
131072,staggered_driven,support4,3,8,5.494784,0.0035
131072,staggered_driven,support4,3,9,5.467136,0.0037
131072,staggered_driven,support4,3,10,5.472256,0.0042
131072,staggered_driven,support4,3,11,5.518336,0.0038
131072,staggered_driven,support4,3,12,5.472256,0.0036
131072,staggered_driven,support4,3,13,5.480448,0.0035
131072,staggered_driven,support4,3,14,5.466112,0.0035
131072,staggered_driven,support4,3,15,5.479424,0.0036
131072,staggered_driven,support4,3,16,5.480448,0.0036
131072,staggered_driven,support4,3,17,5.486592,0.0036
131072,staggered_driven,support4,3,18,5.507072,0.0038
131072,staggered_driven,support4,3,19,5.495808,0.0036
131072,staggered_driven,support4,3,20,5.525504,0.0035
131072,staggered_driven,support4,3,21,5.522432,0.0036
131072,staggered_driven,support4,3,22,5.5296,0.0036
131072,staggered_driven,support4,3,23,5.531648,0.0036
131072,staggered_driven,support4,3,24,5.548032,0.0035
131072,staggered_driven,support4,3,25,5.547008,0.0035
131072,staggered_driven,support4,3,26,5.513216,0.0035
131072,staggered_driven,support4,3,27,5.512192,0.0037
131072,staggered_driven,support4,3,28,5.52448,0.0036
131072,staggered_driven,support4,3,29,5.444608,0.0036
131072,staggered_driven,support4,3,30,5.516288,0.0036
131072,staggered_driven,support4,3,31,5.508096,0.0036
131072,staggered_driven,support4,3,32,5.487616,0.0039
131072,staggered_driven,support4,3,33,5.494784,0.0036
131072,staggered_driven,support4,3,34,5.476352,0.0036
131072,staggered_driven,support4,3,35,5.446656,0.0035
131072,staggered_driven,support4,3,36,5.486592,0.0036
131072,staggered_driven,support4,3,37,5.489664,0.0035
131072,staggered_driven,support4,3,38,5.502976,0.0035
131072,staggered_driven,support4,3,39,5.486592,0.0037
