packages,changed,repeat,sample,accept_ms,downstream_ms,total_ms,allocated_bytes,wire_bytes,batches
10000,0,1,0,1.0E-4,2.0E-4,3.0000000000000003E-4,0,0,0
10000,0,1,1,2.0E-4,1.0E-4,3.0000000000000003E-4,0,0,0
10000,0,1,2,0.0,1.0E-4,1.0E-4,0,0,0
10000,0,1,3,0.0,1.0E-4,1.0E-4,0,0,0
10000,0,1,4,0.0,0.0,0.0,0,0,0
10000,0,1,5,1.0E-4,0.0,1.0E-4,0,0,0
10000,0,1,6,0.0,0.0,0.0,0,0,0
10000,0,1,7,0.0,0.0,0.0,0,0,0
10000,0,1,8,0.0,0.0,0.0,0,0,0
10000,0,1,9,0.0,1.0E-4,1.0E-4,0,0,0
10000,0,1,10,0.0,0.0,0.0,0,0,0
10000,0,1,11,0.0,0.0,0.0,0,0,0
10000,0,1,12,0.0,1.0E-4,1.0E-4,0,0,0
10000,0,1,13,0.0,0.0,0.0,0,0,0
10000,0,1,14,0.0,1.0E-4,1.0E-4,0,0,0
10000,0,1,15,0.0,0.0,0.0,0,0,0
10000,0,1,16,0.0,0.0,0.0,0,0,0
10000,0,1,17,1.0E-4,0.0,1.0E-4,0,0,0
10000,0,1,18,0.0,1.0E-4,1.0E-4,0,0,0
10000,0,1,19,0.0,1.0E-4,1.0E-4,0,0,0
10000,0,1,20,0.0,0.0,0.0,0,0,0
10000,0,1,21,0.0,0.0,0.0,0,0,0
10000,0,1,22,0.0,1.0E-4,1.0E-4,0,0,0
10000,0,1,23,0.0,0.0,0.0,0,0,0
10000,0,1,24,1.0E-4,0.0,1.0E-4,0,0,0
10000,0,1,25,1.0E-4,0.0,1.0E-4,0,0,0
10000,0,1,26,0.0,0.0,0.0,0,0,0
10000,0,1,27,1.0E-4,0.0,1.0E-4,0,0,0
10000,0,1,28,1.0E-4,0.0,1.0E-4,0,0,0
10000,0,1,29,0.0,0.0,0.0,0,0,0
10000,0,1,30,0.0,1.0E-4,1.0E-4,0,0,0
10000,0,1,31,1.0E-4,0.0,1.0E-4,0,0,0
10000,0,1,32,0.0,0.0,0.0,0,0,0
10000,0,1,33,0.0,1.0E-4,1.0E-4,0,0,0
10000,0,1,34,1.0E-4,0.0,1.0E-4,0,0,0
10000,0,1,35,1.0E-4,0.0,1.0E-4,0,0,0
10000,0,1,36,1.0E-4,0.0,1.0E-4,0,0,0
10000,0,1,37,0.0,0.0,0.0,0,0,0
10000,0,1,38,0.0,0.0,0.0,0,0,0
10000,0,1,39,1.0E-4,0.0,1.0E-4,0,0,0
10000,0,1,40,0.0,0.0,0.0,0,0,0
10000,0,1,41,0.0,0.0,0.0,0,0,0
10000,0,1,42,1.0E-4,0.0,1.0E-4,0,0,0
10000,0,1,43,1.0E-4,0.0,1.0E-4,0,0,0
10000,0,1,44,1.0E-4,0.0,1.0E-4,0,0,0
10000,0,1,45,0.0,1.0E-4,1.0E-4,0,0,0
10000,0,1,46,0.0,0.0,0.0,0,0,0
10000,0,1,47,0.0,0.0,0.0,0,0,0
10000,0,1,48,0.0,0.0,0.0,0,0,0
10000,0,1,49,0.0,1.0E-4,1.0E-4,0,0,0
10000,0,1,50,0.0,1.0E-4,1.0E-4,0,0,0
10000,0,1,51,0.0,1.0E-4,1.0E-4,0,0,0
10000,0,1,52,1.0E-4,0.0,1.0E-4,0,0,0
10000,0,1,53,0.0,0.0,0.0,0,0,0
10000,0,1,54,0.0,1.0E-4,1.0E-4,0,0,0
10000,0,1,55,0.0,0.0,0.0,0,0,0
10000,0,1,56,0.0,1.0E-4,1.0E-4,0,0,0
10000,0,1,57,0.0,0.0,0.0,0,0,0
10000,0,1,58,0.0,0.0,0.0,0,0,0
10000,0,1,59,0.0,0.0,0.0,0,0,0
10000,0,1,60,0.0,1.0E-4,1.0E-4,0,0,0
10000,0,1,61,0.0,1.0E-4,1.0E-4,0,0,0
10000,0,1,62,1.0E-4,0.0,1.0E-4,0,0,0
10000,0,1,63,0.0,1.0E-4,1.0E-4,0,0,0
10000,0,1,64,0.0,0.0,0.0,0,0,0
10000,0,1,65,0.0,0.0,0.0,0,0,0
10000,0,1,66,0.0,0.0,0.0,0,0,0
10000,0,1,67,0.0,1.0E-4,1.0E-4,0,0,0
10000,0,1,68,0.0,0.0,0.0,0,0,0
10000,0,1,69,1.0E-4,0.0,1.0E-4,0,0,0
10000,0,1,70,1.0E-4,0.0,1.0E-4,0,0,0
10000,0,1,71,0.0,0.0,0.0,0,0,0
10000,0,1,72,0.0,0.0,0.0,0,0,0
10000,0,1,73,0.0,1.0E-4,1.0E-4,0,0,0
10000,0,1,74,0.0,0.0,0.0,0,0,0
10000,0,1,75,0.0,0.0,0.0,0,0,0
10000,0,1,76,0.0,0.0,0.0,0,0,0
10000,0,1,77,0.0,0.0,0.0,0,0,0
10000,0,1,78,0.0,0.0,0.0,0,0,0
10000,0,1,79,0.0,1.0E-4,1.0E-4,0,0,0
10000,0,1,80,1.0E-4,0.0,1.0E-4,0,0,0
10000,0,1,81,0.0,1.0E-4,1.0E-4,0,0,0
10000,0,1,82,0.0,1.0E-4,1.0E-4,0,0,0
10000,0,1,83,1.0E-4,0.0,1.0E-4,0,0,0
10000,0,1,84,1.0E-4,0.0,1.0E-4,0,0,0
10000,0,1,85,0.0,1.0E-4,1.0E-4,0,0,0
10000,0,1,86,0.0,1.0E-4,1.0E-4,0,0,0
10000,0,1,87,0.0,0.0,0.0,0,0,0
10000,0,1,88,1.0E-4,0.0,1.0E-4,0,0,0
10000,0,1,89,0.0,0.0,0.0,0,0,0
10000,0,1,90,0.0,1.0E-4,1.0E-4,0,0,0
10000,0,1,91,0.0,0.0,0.0,0,0,0
10000,0,1,92,0.0,0.0,0.0,0,0,0
10000,0,1,93,0.0,0.0,0.0,0,0,0
10000,0,1,94,0.0,0.0,0.0,0,0,0
10000,0,1,95,0.0,1.0E-4,1.0E-4,0,0,0
10000,0,1,96,0.0,0.0,0.0,0,0,0
10000,0,1,97,1.0E-4,0.0,1.0E-4,0,0,0
10000,0,1,98,0.0,1.0E-4,1.0E-4,0,0,0
10000,0,1,99,0.0,0.0,0.0,0,0,0
10000,0,1,100,0.0,1.0E-4,1.0E-4,0,0,0
10000,0,1,101,0.0,0.0,0.0,0,0,0
10000,0,1,102,1.0E-4,0.0,1.0E-4,0,0,0
10000,0,1,103,1.0E-4,0.0,1.0E-4,0,0,0
10000,0,1,104,0.0,0.0,0.0,0,0,0
10000,0,1,105,0.0,0.0,0.0,0,0,0
10000,0,1,106,0.0,0.0,0.0,0,0,0
10000,0,1,107,1.0E-4,0.0,1.0E-4,0,0,0
10000,0,1,108,0.0,0.0,0.0,0,0,0
10000,0,1,109,0.0,1.0E-4,1.0E-4,0,0,0
10000,0,1,110,0.0,0.0,0.0,0,0,0
10000,0,1,111,0.0,1.0E-4,1.0E-4,0,0,0
10000,0,1,112,0.0,1.0E-4,1.0E-4,0,0,0
10000,0,1,113,1.0E-4,0.0,1.0E-4,0,0,0
10000,0,1,114,1.0E-4,0.0,1.0E-4,0,0,0
10000,0,1,115,0.0,1.0E-4,1.0E-4,0,0,0
10000,0,1,116,0.0,0.0,0.0,0,0,0
10000,0,1,117,0.0,1.0E-4,1.0E-4,0,0,0
10000,0,1,118,0.0,0.0,0.0,0,0,0
10000,0,1,119,1.0E-4,0.0,1.0E-4,0,0,0
10000,0,1,120,0.0,0.0,0.0,0,0,0
10000,0,1,121,0.0,0.0,0.0,0,0,0
10000,0,1,122,0.0,1.0E-4,1.0E-4,0,0,0
10000,0,1,123,0.0,0.0,0.0,0,0,0
10000,0,1,124,0.0,0.0,0.0,0,0,0
10000,0,1,125,0.0,0.0,0.0,0,0,0
10000,0,1,126,1.0E-4,0.0,1.0E-4,0,0,0
10000,0,1,127,1.0E-4,0.0,1.0E-4,0,0,0
10000,0,1,128,1.0E-4,0.0,1.0E-4,0,0,0
10000,0,1,129,0.0,1.0E-4,1.0E-4,0,0,0
10000,0,1,130,0.0,0.0,0.0,0,0,0
10000,0,1,131,0.0,0.0,0.0,0,0,0
10000,0,1,132,0.0,0.0,0.0,0,0,0
10000,0,1,133,0.0,0.0,0.0,0,0,0
10000,0,1,134,1.0E-4,0.0,1.0E-4,0,0,0
10000,0,1,135,0.0,0.0,0.0,0,0,0
10000,0,1,136,0.0,0.0,0.0,0,0,0
10000,0,1,137,0.0,0.0,0.0,0,0,0
10000,0,1,138,0.0,1.0E-4,1.0E-4,0,0,0
10000,0,1,139,1.0E-4,0.0,1.0E-4,0,0,0
10000,0,1,140,0.0,0.0,0.0,0,0,0
10000,0,1,141,0.0,0.0,0.0,0,0,0
10000,0,1,142,0.0,0.0,0.0,0,0,0
10000,0,1,143,0.0,1.0E-4,1.0E-4,0,0,0
10000,0,1,144,0.0,1.0E-4,1.0E-4,0,0,0
10000,0,1,145,0.0,1.0E-4,1.0E-4,0,0,0
10000,0,1,146,0.0,0.0,0.0,0,0,0
10000,0,1,147,1.0E-4,0.0,1.0E-4,0,0,0
10000,0,1,148,1.0E-4,0.0,1.0E-4,0,0,0
10000,0,1,149,0.0,0.0,0.0,0,0,0
10000,0,1,150,0.0,0.0,0.0,0,0,0
10000,0,1,151,0.0,0.0,0.0,0,0,0
10000,0,1,152,0.0,1.0E-4,1.0E-4,0,0,0
10000,0,1,153,1.0E-4,0.0,1.0E-4,0,0,0
10000,0,1,154,0.0,0.0,0.0,0,0,0
10000,0,1,155,0.0,1.0E-4,1.0E-4,0,0,0
10000,0,1,156,0.0,1.0E-4,1.0E-4,0,0,0
10000,0,1,157,0.0,1.0E-4,1.0E-4,0,0,0
10000,0,1,158,0.0,0.0,0.0,0,0,0
10000,0,1,159,0.0,1.0E-4,1.0E-4,0,0,0
10000,0,1,160,0.0,0.0,0.0,0,0,0
10000,0,1,161,0.0,1.0E-4,1.0E-4,0,0,0
10000,0,1,162,0.0,0.0,0.0,0,0,0
10000,0,1,163,0.0,1.0E-4,1.0E-4,0,0,0
10000,0,1,164,0.0,1.0E-4,1.0E-4,0,0,0
10000,0,1,165,1.0E-4,0.0,1.0E-4,0,0,0
10000,0,1,166,0.0,1.0E-4,1.0E-4,0,0,0
10000,0,1,167,0.0,1.0E-4,1.0E-4,0,0,0
10000,0,1,168,0.0,0.0,0.0,0,0,0
10000,0,1,169,0.0,0.0,0.0,0,0,0
10000,0,1,170,1.0E-4,0.0,1.0E-4,0,0,0
10000,0,1,171,0.0,0.0,0.0,0,0,0
10000,0,1,172,0.0,0.0,0.0,0,0,0
10000,0,1,173,0.0,0.0,0.0,0,0,0
10000,0,1,174,0.0,1.0E-4,1.0E-4,0,0,0
10000,0,1,175,0.0,0.0,0.0,0,0,0
10000,0,1,176,0.0,0.0,0.0,0,0,0
10000,0,1,177,0.0,0.0,0.0,0,0,0
10000,0,1,178,1.0E-4,0.0,1.0E-4,0,0,0
10000,0,1,179,0.0,0.0,0.0,0,0,0
10000,0,1,180,0.0,1.0E-4,1.0E-4,0,0,0
10000,0,1,181,0.0,0.0,0.0,0,0,0
10000,0,1,182,0.0,0.0,0.0,0,0,0
10000,0,1,183,0.0,0.0,0.0,0,0,0
10000,0,1,184,0.0,0.0,0.0,0,0,0
10000,0,1,185,0.0,1.0E-4,1.0E-4,0,0,0
10000,0,1,186,0.0,0.0,0.0,0,0,0
10000,0,1,187,0.0,1.0E-4,1.0E-4,0,0,0
10000,0,1,188,1.0E-4,0.0,1.0E-4,0,0,0
10000,0,1,189,1.0E-4,0.0,1.0E-4,0,0,0
10000,0,1,190,0.0,0.0,0.0,0,0,0
10000,0,1,191,0.0,1.0E-4,1.0E-4,0,0,0
10000,0,1,192,0.0,1.0E-4,1.0E-4,0,0,0
10000,0,1,193,0.0,0.0,0.0,0,0,0
10000,0,1,194,0.0,0.0,0.0,0,0,0
10000,0,1,195,0.0,0.0,0.0,0,0,0
10000,0,1,196,1.0E-4,0.0,1.0E-4,0,0,0
10000,0,1,197,0.0,0.0,0.0,0,0,0
10000,0,1,198,0.0,0.0,0.0,0,0,0
10000,0,1,199,0.0,0.0,0.0,0,0,0
10000,0,1,200,0.0,0.0,0.0,0,0,0
10000,0,1,201,0.0,0.0,0.0,0,0,0
10000,0,1,202,0.0,0.0,0.0,0,0,0
10000,0,1,203,0.0,0.0,0.0,0,0,0
10000,0,1,204,0.0,0.0,0.0,0,0,0
10000,0,1,205,0.0,1.0E-4,1.0E-4,0,0,0
10000,0,1,206,0.0,0.0,0.0,0,0,0
10000,0,1,207,0.0,0.0,0.0,0,0,0
10000,0,1,208,0.0,0.0,0.0,0,0,0
10000,0,1,209,0.0,1.0E-4,1.0E-4,0,0,0
10000,0,1,210,0.0,0.0,0.0,0,0,0
10000,0,1,211,0.0,1.0E-4,1.0E-4,0,0,0
10000,0,1,212,0.0,1.0E-4,1.0E-4,0,0,0
10000,0,1,213,0.0,0.0,0.0,0,0,0
10000,0,1,214,0.0,1.0E-4,1.0E-4,0,0,0
10000,0,1,215,0.0,1.0E-4,1.0E-4,0,0,0
10000,0,1,216,0.0,0.0,0.0,0,0,0
10000,0,1,217,1.0E-4,0.0,1.0E-4,0,0,0
10000,0,1,218,0.0,0.0,0.0,0,0,0
10000,0,1,219,0.0,0.0,0.0,0,0,0
10000,0,1,220,0.0,0.0,0.0,0,0,0
10000,0,1,221,0.0,0.0,0.0,0,0,0
10000,0,1,222,0.0,0.0,0.0,0,0,0
10000,0,1,223,0.0,0.0,0.0,0,0,0
10000,0,1,224,0.0,1.0E-4,1.0E-4,0,0,0
10000,0,1,225,1.0E-4,1.0E-4,2.0E-4,0,0,0
10000,0,1,226,0.0,0.0,0.0,0,0,0
10000,0,1,227,0.0,0.0,0.0,0,0,0
10000,0,1,228,0.0,1.0E-4,1.0E-4,0,0,0
10000,0,1,229,0.0,1.0E-4,1.0E-4,0,0,0
10000,0,1,230,0.0,0.0,0.0,0,0,0
10000,0,1,231,0.0,0.0,0.0,0,0,0
10000,0,1,232,0.0,1.0E-4,1.0E-4,0,0,0
10000,0,1,233,0.0,1.0E-4,1.0E-4,0,0,0
10000,0,1,234,0.0,1.0E-4,1.0E-4,0,0,0
10000,0,1,235,0.0,0.0,0.0,0,0,0
10000,0,1,236,0.0,1.0E-4,1.0E-4,0,0,0
10000,0,1,237,0.0,0.0,0.0,0,0,0
10000,0,1,238,0.0,0.0,0.0,0,0,0
10000,0,1,239,0.0,0.0,0.0,0,0,0
10000,0,1,240,0.0,1.0E-4,1.0E-4,0,0,0
10000,0,1,241,0.0,0.0,0.0,0,0,0
10000,0,1,242,0.0,0.0,0.0,0,0,0
10000,0,1,243,0.0,0.0,0.0,0,0,0
10000,0,1,244,0.0,0.0,0.0,0,0,0
10000,0,1,245,0.0,0.0,0.0,0,0,0
10000,0,1,246,0.0,1.0E-4,1.0E-4,0,0,0
10000,0,1,247,1.0E-4,0.0,1.0E-4,0,0,0
10000,0,1,248,0.0,0.0,0.0,0,0,0
10000,0,1,249,0.0,0.0,0.0,0,0,0
10000,0,1,250,1.0E-4,0.0,1.0E-4,0,0,0
10000,0,1,251,0.0,0.0,0.0,0,0,0
10000,0,1,252,0.0,0.0,0.0,0,0,0
10000,0,1,253,1.0E-4,0.0,1.0E-4,0,0,0
10000,0,1,254,0.0,0.0,0.0,0,0,0
10000,0,1,255,1.0E-4,0.0,1.0E-4,0,0,0
10000,0,2,0,1.0E-4,0.0118,0.011899999999999999,0,0,0
10000,0,2,1,0.0,0.0,0.0,0,0,0
10000,0,2,2,0.0,0.0,0.0,0,0,0
10000,0,2,3,0.0,0.0,0.0,0,0,0
10000,0,2,4,1.0E-4,0.0,1.0E-4,0,0,0
10000,0,2,5,0.0,0.0,0.0,0,0,0
10000,0,2,6,0.0,0.0,0.0,0,0,0
10000,0,2,7,1.0E-4,0.0,1.0E-4,0,0,0
10000,0,2,8,0.0,0.0,0.0,0,0,0
10000,0,2,9,0.0,0.0,0.0,0,0,0
10000,0,2,10,0.0,1.0E-4,1.0E-4,0,0,0
10000,0,2,11,0.0,1.0E-4,1.0E-4,0,0,0
10000,0,2,12,0.0,0.0,0.0,0,0,0
10000,0,2,13,0.0,1.0E-4,1.0E-4,0,0,0
10000,0,2,14,0.0,0.0,0.0,0,0,0
10000,0,2,15,0.0,1.0E-4,1.0E-4,0,0,0
10000,0,2,16,0.0,0.0,0.0,0,0,0
10000,0,2,17,0.0,1.0E-4,1.0E-4,0,0,0
10000,0,2,18,1.0E-4,0.0,1.0E-4,0,0,0
10000,0,2,19,0.0,0.0,0.0,0,0,0
10000,0,2,20,1.0E-4,0.0,1.0E-4,0,0,0
10000,0,2,21,0.0,0.0,0.0,0,0,0
10000,0,2,22,0.0,0.0,0.0,0,0,0
10000,0,2,23,0.0,1.0E-4,1.0E-4,0,0,0
10000,0,2,24,0.0,0.0,0.0,0,0,0
10000,0,2,25,0.0,0.0,0.0,0,0,0
10000,0,2,26,0.0,0.0,0.0,0,0,0
10000,0,2,27,0.0,1.0E-4,1.0E-4,0,0,0
10000,0,2,28,1.0E-4,0.0,1.0E-4,0,0,0
10000,0,2,29,1.0E-4,0.0,1.0E-4,0,0,0
10000,0,2,30,1.0E-4,0.0,1.0E-4,0,0,0
10000,0,2,31,0.0,1.0E-4,1.0E-4,0,0,0
10000,0,2,32,1.0E-4,0.0,1.0E-4,0,0,0
10000,0,2,33,1.0E-4,0.0,1.0E-4,0,0,0
10000,0,2,34,1.0E-4,0.0,1.0E-4,0,0,0
10000,0,2,35,0.0,0.0,0.0,0,0,0
10000,0,2,36,0.0,0.0,0.0,0,0,0
10000,0,2,37,0.0,0.0,0.0,0,0,0
10000,0,2,38,0.0,1.0E-4,1.0E-4,0,0,0
10000,0,2,39,1.0E-4,0.0,1.0E-4,0,0,0
10000,0,2,40,1.0E-4,0.0,1.0E-4,0,0,0
10000,0,2,41,0.0,1.0E-4,1.0E-4,0,0,0
10000,0,2,42,0.0,0.0,0.0,0,0,0
10000,0,2,43,0.0,1.0E-4,1.0E-4,0,0,0
10000,0,2,44,0.0,0.0,0.0,0,0,0
10000,0,2,45,1.0E-4,0.0,1.0E-4,0,0,0
10000,0,2,46,1.0E-4,0.0,1.0E-4,0,0,0
10000,0,2,47,0.0,1.0E-4,1.0E-4,0,0,0
10000,0,2,48,0.0,0.0,0.0,0,0,0
10000,0,2,49,0.0,0.0,0.0,0,0,0
10000,0,2,50,0.0,0.0,0.0,0,0,0
10000,0,2,51,0.0,1.0E-4,1.0E-4,0,0,0
10000,0,2,52,0.0,0.0,0.0,0,0,0
10000,0,2,53,0.0,1.0E-4,1.0E-4,0,0,0
10000,0,2,54,0.0,1.0E-4,1.0E-4,0,0,0
10000,0,2,55,0.0,1.0E-4,1.0E-4,0,0,0
10000,0,2,56,0.0,1.0E-4,1.0E-4,0,0,0
10000,0,2,57,0.0,0.0,0.0,0,0,0
10000,0,2,58,0.0,0.0,0.0,0,0,0
10000,0,2,59,0.0,1.0E-4,1.0E-4,0,0,0
10000,0,2,60,0.0,1.0E-4,1.0E-4,0,0,0
10000,0,2,61,0.0,0.0,0.0,0,0,0
10000,0,2,62,0.0,0.0,0.0,0,0,0
10000,0,2,63,0.0,0.0,0.0,0,0,0
10000,0,2,64,0.0,1.0E-4,1.0E-4,0,0,0
10000,0,2,65,0.0,0.0,0.0,0,0,0
10000,0,2,66,0.0,1.0E-4,1.0E-4,0,0,0
10000,0,2,67,0.0,0.0,0.0,0,0,0
10000,0,2,68,1.0E-4,0.0,1.0E-4,0,0,0
10000,0,2,69,0.0,0.0,0.0,0,0,0
10000,0,2,70,0.0,1.0E-4,1.0E-4,0,0,0
10000,0,2,71,0.0,0.0,0.0,0,0,0
10000,0,2,72,0.0,0.0,0.0,0,0,0
10000,0,2,73,0.0,1.0E-4,1.0E-4,0,0,0
10000,0,2,74,0.0,1.0E-4,1.0E-4,0,0,0
10000,0,2,75,0.0,1.0E-4,1.0E-4,0,0,0
10000,0,2,76,0.0,1.0E-4,1.0E-4,0,0,0
10000,0,2,77,1.0E-4,0.0,1.0E-4,0,0,0
10000,0,2,78,0.0,0.0,0.0,0,0,0
10000,0,2,79,0.0,0.0,0.0,0,0,0
10000,0,2,80,0.0,1.0E-4,1.0E-4,0,0,0
10000,0,2,81,1.0E-4,0.0,1.0E-4,0,0,0
10000,0,2,82,1.0E-4,0.0,1.0E-4,0,0,0
10000,0,2,83,0.0,1.0E-4,1.0E-4,0,0,0
10000,0,2,84,0.0,1.0E-4,1.0E-4,0,0,0
10000,0,2,85,1.0E-4,0.0,1.0E-4,0,0,0
10000,0,2,86,1.0E-4,0.0,1.0E-4,0,0,0
10000,0,2,87,0.0,1.0E-4,1.0E-4,0,0,0
10000,0,2,88,0.0,0.0,0.0,0,0,0
10000,0,2,89,0.0,1.0E-4,1.0E-4,0,0,0
10000,0,2,90,1.0E-4,0.0,1.0E-4,0,0,0
10000,0,2,91,0.0,1.0E-4,1.0E-4,0,0,0
10000,0,2,92,0.0,0.0,0.0,0,0,0
10000,0,2,93,0.0,0.0,0.0,0,0,0
10000,0,2,94,1.0E-4,0.0,1.0E-4,0,0,0
10000,0,2,95,1.0E-4,0.0,1.0E-4,0,0,0
10000,0,2,96,0.0,0.0,0.0,0,0,0
10000,0,2,97,1.0E-4,0.0,1.0E-4,0,0,0
10000,0,2,98,0.0,0.0,0.0,0,0,0
10000,0,2,99,0.0,0.0,0.0,0,0,0
10000,0,2,100,0.0,1.0E-4,1.0E-4,0,0,0
10000,0,2,101,1.0E-4,0.0,1.0E-4,0,0,0
10000,0,2,102,0.0,0.0,0.0,0,0,0
10000,0,2,103,0.0,1.0E-4,1.0E-4,0,0,0
10000,0,2,104,0.0,1.0E-4,1.0E-4,0,0,0
10000,0,2,105,0.0,0.0,0.0,0,0,0
10000,0,2,106,0.0,0.0,0.0,0,0,0
10000,0,2,107,1.0E-4,0.0,1.0E-4,0,0,0
10000,0,2,108,1.0E-4,0.0,1.0E-4,0,0,0
10000,0,2,109,0.0,0.0,0.0,0,0,0
10000,0,2,110,0.0,1.0E-4,1.0E-4,0,0,0
10000,0,2,111,0.0,1.0E-4,1.0E-4,0,0,0
10000,0,2,112,0.0,1.0E-4,1.0E-4,0,0,0
10000,0,2,113,1.0E-4,0.0,1.0E-4,0,0,0
10000,0,2,114,0.0,0.0,0.0,0,0,0
10000,0,2,115,1.0E-4,0.0,1.0E-4,0,0,0
10000,0,2,116,0.0,0.0,0.0,0,0,0
10000,0,2,117,0.0,0.0,0.0,0,0,0
10000,0,2,118,0.0,1.0E-4,1.0E-4,0,0,0
10000,0,2,119,0.0,0.0,0.0,0,0,0
10000,0,2,120,0.0,0.0,0.0,0,0,0
10000,0,2,121,1.0E-4,0.0,1.0E-4,0,0,0
10000,0,2,122,1.0E-4,0.0,1.0E-4,0,0,0
10000,0,2,123,0.0,0.0,0.0,0,0,0
10000,0,2,124,0.0,0.0,0.0,0,0,0
10000,0,2,125,1.0E-4,0.0,1.0E-4,0,0,0
10000,0,2,126,0.0,0.0,0.0,0,0,0
10000,0,2,127,0.0,1.0E-4,1.0E-4,0,0,0
10000,0,2,128,0.0,0.0,0.0,0,0,0
10000,0,2,129,1.0E-4,0.0,1.0E-4,0,0,0
10000,0,2,130,0.0,0.0,0.0,0,0,0
10000,0,2,131,1.0E-4,0.0,1.0E-4,0,0,0
10000,0,2,132,0.0,0.0,0.0,0,0,0
10000,0,2,133,1.0E-4,0.0,1.0E-4,0,0,0
10000,0,2,134,0.0,1.0E-4,1.0E-4,0,0,0
10000,0,2,135,1.0E-4,0.0,1.0E-4,0,0,0
10000,0,2,136,0.0,0.0,0.0,0,0,0
10000,0,2,137,0.0,0.0,0.0,0,0,0
10000,0,2,138,0.0,0.0,0.0,0,0,0
10000,0,2,139,0.0,0.0,0.0,0,0,0
10000,0,2,140,0.0,1.0E-4,1.0E-4,0,0,0
10000,0,2,141,1.0E-4,0.0,1.0E-4,0,0,0
10000,0,2,142,0.0,0.0,0.0,0,0,0
10000,0,2,143,0.0,0.0,0.0,0,0,0
10000,0,2,144,0.0,1.0E-4,1.0E-4,0,0,0
10000,0,2,145,1.0E-4,0.0,1.0E-4,0,0,0
10000,0,2,146,1.0E-4,0.0,1.0E-4,0,0,0
10000,0,2,147,1.0E-4,0.0,1.0E-4,0,0,0
10000,0,2,148,0.0,0.0,0.0,0,0,0
10000,0,2,149,0.0,0.0,0.0,0,0,0
10000,0,2,150,0.0,0.0,0.0,0,0,0
10000,0,2,151,0.0,1.0E-4,1.0E-4,0,0,0
10000,0,2,152,1.0E-4,0.0,1.0E-4,0,0,0
10000,0,2,153,1.0E-4,0.0,1.0E-4,0,0,0
10000,0,2,154,0.0,1.0E-4,1.0E-4,0,0,0
10000,0,2,155,0.0,0.0,0.0,0,0,0
10000,0,2,156,1.0E-4,0.0,1.0E-4,0,0,0
10000,0,2,157,0.0,0.0,0.0,0,0,0
10000,0,2,158,0.0,0.0,0.0,0,0,0
10000,0,2,159,0.0,0.0,0.0,0,0,0
10000,0,2,160,0.0,1.0E-4,1.0E-4,0,0,0
10000,0,2,161,0.0,0.0,0.0,0,0,0
10000,0,2,162,0.0,1.0E-4,1.0E-4,0,0,0
10000,0,2,163,0.0,0.0,0.0,0,0,0
10000,0,2,164,0.0,0.0,0.0,0,0,0
10000,0,2,165,0.0,0.0,0.0,0,0,0
10000,0,2,166,0.0,0.0,0.0,0,0,0
10000,0,2,167,0.0,0.0,0.0,0,0,0
10000,0,2,168,0.0,1.0E-4,1.0E-4,0,0,0
10000,0,2,169,0.0,0.0,0.0,0,0,0
10000,0,2,170,0.0,0.0,0.0,0,0,0
10000,0,2,171,0.0,1.0E-4,1.0E-4,0,0,0
10000,0,2,172,0.0,0.0,0.0,0,0,0
10000,0,2,173,1.0E-4,0.0,1.0E-4,0,0,0
10000,0,2,174,0.0,1.0E-4,1.0E-4,0,0,0
10000,0,2,175,0.0,0.0,0.0,0,0,0
10000,0,2,176,0.0,1.0E-4,1.0E-4,0,0,0
10000,0,2,177,0.0,1.0E-4,1.0E-4,0,0,0
10000,0,2,178,1.0E-4,0.0,1.0E-4,0,0,0
10000,0,2,179,1.0E-4,0.0,1.0E-4,0,0,0
10000,0,2,180,0.0,0.0,0.0,0,0,0
10000,0,2,181,0.0,1.0E-4,1.0E-4,0,0,0
10000,0,2,182,0.0,0.0,0.0,0,0,0
10000,0,2,183,0.0,1.0E-4,1.0E-4,0,0,0
10000,0,2,184,0.0,0.0,0.0,0,0,0
10000,0,2,185,0.0,1.0E-4,1.0E-4,0,0,0
10000,0,2,186,0.0,1.0E-4,1.0E-4,0,0,0
10000,0,2,187,0.0,0.0,0.0,0,0,0
10000,0,2,188,0.0,1.0E-4,1.0E-4,0,0,0
10000,0,2,189,0.0,0.0,0.0,0,0,0
10000,0,2,190,1.0E-4,0.0,1.0E-4,0,0,0
10000,0,2,191,0.0,0.0,0.0,0,0,0
10000,0,2,192,0.0,1.0E-4,1.0E-4,0,0,0
10000,0,2,193,0.0,1.0E-4,1.0E-4,0,0,0
10000,0,2,194,0.0,1.0E-4,1.0E-4,0,0,0
10000,0,2,195,0.0,0.0,0.0,0,0,0
10000,0,2,196,0.0,1.0E-4,1.0E-4,0,0,0
10000,0,2,197,1.0E-4,0.0,1.0E-4,0,0,0
10000,0,2,198,0.0,0.0,0.0,0,0,0
10000,0,2,199,0.0,0.0,0.0,0,0,0
10000,0,2,200,0.0,0.0,0.0,0,0,0
10000,0,2,201,0.0,1.0E-4,1.0E-4,0,0,0
10000,0,2,202,0.0,0.0,0.0,0,0,0
10000,0,2,203,0.0,0.0,0.0,0,0,0
10000,0,2,204,0.0,0.0,0.0,0,0,0
10000,0,2,205,0.0,0.0,0.0,0,0,0
10000,0,2,206,0.0,0.0,0.0,0,0,0
10000,0,2,207,0.0,0.0,0.0,0,0,0
10000,0,2,208,0.0,0.0,0.0,0,0,0
10000,0,2,209,0.0,0.0,0.0,0,0,0
10000,0,2,210,0.0,1.0E-4,1.0E-4,0,0,0
10000,0,2,211,0.0,0.0,0.0,0,0,0
10000,0,2,212,0.0,1.0E-4,1.0E-4,0,0,0
10000,0,2,213,0.0,1.0E-4,1.0E-4,0,0,0
10000,0,2,214,0.0,0.0,0.0,0,0,0
10000,0,2,215,1.0E-4,0.0,1.0E-4,0,0,0
10000,0,2,216,1.0E-4,0.0,1.0E-4,0,0,0
10000,0,2,217,0.0,0.0,0.0,0,0,0
10000,0,2,218,0.0,0.0,0.0,0,0,0
10000,0,2,219,0.0,0.0,0.0,0,0,0
10000,0,2,220,0.0,1.0E-4,1.0E-4,0,0,0
10000,0,2,221,0.0,1.0E-4,1.0E-4,0,0,0
10000,0,2,222,1.0E-4,0.0,1.0E-4,0,0,0
10000,0,2,223,0.0,0.0,0.0,0,0,0
10000,0,2,224,0.0,0.0,0.0,0,0,0
10000,0,2,225,0.0,0.0,0.0,0,0,0
10000,0,2,226,0.0,0.0,0.0,0,0,0
10000,0,2,227,0.0,1.0E-4,1.0E-4,0,0,0
10000,0,2,228,1.0E-4,0.0,1.0E-4,0,0,0
10000,0,2,229,0.0,0.0,0.0,0,0,0
10000,0,2,230,0.0,0.0,0.0,0,0,0
10000,0,2,231,0.0,0.0,0.0,0,0,0
10000,0,2,232,0.0,0.0,0.0,0,0,0
10000,0,2,233,0.0,0.0,0.0,0,0,0
10000,0,2,234,0.0,1.0E-4,1.0E-4,0,0,0
10000,0,2,235,1.0E-4,0.0,1.0E-4,0,0,0
10000,0,2,236,0.0,0.0,0.0,0,0,0
10000,0,2,237,0.0,1.0E-4,1.0E-4,0,0,0
10000,0,2,238,1.0E-4,0.0,1.0E-4,0,0,0
10000,0,2,239,0.0,1.0E-4,1.0E-4,0,0,0
10000,0,2,240,0.0,1.0E-4,1.0E-4,0,0,0
10000,0,2,241,0.0,0.0,0.0,0,0,0
10000,0,2,242,0.0,0.0,0.0,0,0,0
10000,0,2,243,0.0,1.0E-4,1.0E-4,0,0,0
10000,0,2,244,0.0,0.0,0.0,0,0,0
10000,0,2,245,0.0,1.0E-4,1.0E-4,0,0,0
10000,0,2,246,1.0E-4,0.0,1.0E-4,0,0,0
10000,0,2,247,0.0,0.0,0.0,0,0,0
10000,0,2,248,0.0,0.0,0.0,0,0,0
10000,0,2,249,0.0,0.0,0.0,0,0,0
10000,0,2,250,0.0,0.0,0.0,0,0,0
10000,0,2,251,1.0E-4,1.0E-4,2.0E-4,0,0,0
10000,0,2,252,1.0E-4,0.0,1.0E-4,0,0,0
10000,0,2,253,0.0,0.0,0.0,0,0,0
10000,0,2,254,0.0,0.0,0.0,0,0,0
10000,0,2,255,1.0E-4,0.0,1.0E-4,0,0,0
10000,0,3,0,0.0,0.0,0.0,0,0,0
10000,0,3,1,1.0E-4,0.0,1.0E-4,0,0,0
10000,0,3,2,1.0E-4,0.0,1.0E-4,0,0,0
10000,0,3,3,0.0,0.0,0.0,0,0,0
10000,0,3,4,0.0,0.0,0.0,0,0,0
10000,0,3,5,0.0,0.0,0.0,0,0,0
10000,0,3,6,1.0E-4,0.0,1.0E-4,0,0,0
10000,0,3,7,0.0,1.0E-4,1.0E-4,0,0,0
10000,0,3,8,0.0,1.0E-4,1.0E-4,0,0,0
10000,0,3,9,0.0,1.0E-4,1.0E-4,0,0,0
10000,0,3,10,0.0,1.0E-4,1.0E-4,0,0,0
10000,0,3,11,0.0,0.0,0.0,0,0,0
10000,0,3,12,0.0,0.0,0.0,0,0,0
10000,0,3,13,0.0,1.0E-4,1.0E-4,0,0,0
10000,0,3,14,0.0,0.0,0.0,0,0,0
10000,0,3,15,0.0,1.0E-4,1.0E-4,0,0,0
10000,0,3,16,0.0,0.0,0.0,0,0,0
10000,0,3,17,1.0E-4,0.0,1.0E-4,0,0,0
10000,0,3,18,1.0E-4,0.0,1.0E-4,0,0,0
10000,0,3,19,0.0,1.0E-4,1.0E-4,0,0,0
10000,0,3,20,0.0,0.0,0.0,0,0,0
10000,0,3,21,0.0,0.0,0.0,0,0,0
10000,0,3,22,0.0,0.0,0.0,0,0,0
10000,0,3,23,0.0,1.0E-4,1.0E-4,0,0,0
10000,0,3,24,0.0,1.0E-4,1.0E-4,0,0,0
10000,0,3,25,0.0,0.0,0.0,0,0,0
10000,0,3,26,0.0,0.0,0.0,0,0,0
10000,0,3,27,1.0E-4,0.0,1.0E-4,0,0,0
10000,0,3,28,1.0E-4,0.0,1.0E-4,0,0,0
10000,0,3,29,1.0E-4,0.0,1.0E-4,0,0,0
10000,0,3,30,0.0,0.0,0.0,0,0,0
10000,0,3,31,0.0,0.0,0.0,0,0,0
10000,0,3,32,0.0,0.0,0.0,0,0,0
10000,0,3,33,0.0,0.0,0.0,0,0,0
10000,0,3,34,0.0,1.0E-4,1.0E-4,0,0,0
10000,0,3,35,0.0,0.0,0.0,0,0,0
10000,0,3,36,0.0,0.0,0.0,0,0,0
10000,0,3,37,0.0,1.0E-4,1.0E-4,0,0,0
10000,0,3,38,0.0,0.0,0.0,0,0,0
10000,0,3,39,1.0E-4,0.0,1.0E-4,0,0,0
10000,0,3,40,0.0,0.0,0.0,0,0,0
10000,0,3,41,0.0,0.0,0.0,0,0,0
10000,0,3,42,0.0,0.0,0.0,0,0,0
10000,0,3,43,0.0,1.0E-4,1.0E-4,0,0,0
10000,0,3,44,0.0,1.0E-4,1.0E-4,0,0,0
10000,0,3,45,0.0,0.0,0.0,0,0,0
10000,0,3,46,0.0,0.0,0.0,0,0,0
10000,0,3,47,1.0E-4,0.0,1.0E-4,0,0,0
10000,0,3,48,0.0,1.0E-4,1.0E-4,0,0,0
10000,0,3,49,1.0E-4,0.0,1.0E-4,0,0,0
10000,0,3,50,1.0E-4,0.0,1.0E-4,0,0,0
10000,0,3,51,0.0,0.0,0.0,0,0,0
10000,0,3,52,0.0,0.0,0.0,0,0,0
10000,0,3,53,0.0,0.0,0.0,0,0,0
10000,0,3,54,1.0E-4,0.0,1.0E-4,0,0,0
10000,0,3,55,0.0,0.0,0.0,0,0,0
10000,0,3,56,1.0E-4,0.0,1.0E-4,0,0,0
10000,0,3,57,1.0E-4,0.0,1.0E-4,0,0,0
10000,0,3,58,1.0E-4,0.0,1.0E-4,0,0,0
10000,0,3,59,1.0E-4,0.0,1.0E-4,0,0,0
10000,0,3,60,0.0,0.0,0.0,0,0,0
10000,0,3,61,1.0E-4,0.0,1.0E-4,0,0,0
10000,0,3,62,1.0E-4,0.0,1.0E-4,0,0,0
10000,0,3,63,1.0E-4,0.0,1.0E-4,0,0,0
10000,0,3,64,1.0E-4,0.0,1.0E-4,0,0,0
10000,0,3,65,0.0,0.0,0.0,0,0,0
10000,0,3,66,0.0,0.0,0.0,0,0,0
10000,0,3,67,0.0,0.0,0.0,0,0,0
10000,0,3,68,0.0,1.0E-4,1.0E-4,0,0,0
10000,0,3,69,0.0,0.0,0.0,0,0,0
10000,0,3,70,0.0,1.0E-4,1.0E-4,0,0,0
10000,0,3,71,0.0,1.0E-4,1.0E-4,0,0,0
10000,0,3,72,0.0,0.0,0.0,0,0,0
10000,0,3,73,0.0,0.0,0.0,0,0,0
10000,0,3,74,0.0,1.0E-4,1.0E-4,0,0,0
10000,0,3,75,0.0,0.0,0.0,0,0,0
10000,0,3,76,0.0,1.0E-4,1.0E-4,0,0,0
10000,0,3,77,0.0,1.0E-4,1.0E-4,0,0,0
10000,0,3,78,0.0,0.0,0.0,0,0,0
10000,0,3,79,0.0,0.0,0.0,0,0,0
10000,0,3,80,1.0E-4,0.0,1.0E-4,0,0,0
10000,0,3,81,1.0E-4,0.0,1.0E-4,0,0,0
10000,0,3,82,1.0E-4,0.0,1.0E-4,0,0,0
10000,0,3,83,0.0,0.0,0.0,0,0,0
10000,0,3,84,0.0,0.0,0.0,0,0,0
10000,0,3,85,0.0,1.0E-4,1.0E-4,0,0,0
10000,0,3,86,1.0E-4,0.0,1.0E-4,0,0,0
10000,0,3,87,0.0,0.0,0.0,0,0,0
10000,0,3,88,0.0,0.0,0.0,0,0,0
10000,0,3,89,0.0,0.0,0.0,0,0,0
10000,0,3,90,0.0,1.0E-4,1.0E-4,0,0,0
10000,0,3,91,0.0,1.0E-4,1.0E-4,0,0,0
10000,0,3,92,0.0,0.0,0.0,0,0,0
10000,0,3,93,0.0,0.0,0.0,0,0,0
10000,0,3,94,1.0E-4,0.0,1.0E-4,0,0,0
10000,0,3,95,1.0E-4,0.0,1.0E-4,0,0,0
10000,0,3,96,0.0,0.0,0.0,0,0,0
10000,0,3,97,0.0,0.0,0.0,0,0,0
10000,0,3,98,0.0,1.0E-4,1.0E-4,0,0,0
10000,0,3,99,0.0,0.0,0.0,0,0,0
10000,0,3,100,0.0,0.0,0.0,0,0,0
10000,0,3,101,1.0E-4,0.0,1.0E-4,0,0,0
10000,0,3,102,1.0E-4,0.0,1.0E-4,0,0,0
10000,0,3,103,0.0,0.0,0.0,0,0,0
10000,0,3,104,0.0,0.0,0.0,0,0,0
10000,0,3,105,1.0E-4,0.0,1.0E-4,0,0,0
10000,0,3,106,1.0E-4,0.0,1.0E-4,0,0,0
10000,0,3,107,1.0E-4,0.0,1.0E-4,0,0,0
10000,0,3,108,0.0,0.0,0.0,0,0,0
10000,0,3,109,0.0,0.0,0.0,0,0,0
10000,0,3,110,0.0,0.0,0.0,0,0,0
10000,0,3,111,0.0,1.0E-4,1.0E-4,0,0,0
10000,0,3,112,0.0,1.0E-4,1.0E-4,0,0,0
10000,0,3,113,0.0,0.0,0.0,0,0,0
10000,0,3,114,0.0,0.0,0.0,0,0,0
10000,0,3,115,0.0,1.0E-4,1.0E-4,0,0,0
10000,0,3,116,0.0,0.0,0.0,0,0,0
10000,0,3,117,0.0,1.0E-4,1.0E-4,0,0,0
10000,0,3,118,0.0,1.0E-4,1.0E-4,0,0,0
10000,0,3,119,0.0,1.0E-4,1.0E-4,0,0,0
10000,0,3,120,0.0,1.0E-4,1.0E-4,0,0,0
10000,0,3,121,0.0,0.0,0.0,0,0,0
10000,0,3,122,1.0E-4,0.0,1.0E-4,0,0,0
10000,0,3,123,0.0,0.0,0.0,0,0,0
10000,0,3,124,1.0E-4,0.0,1.0E-4,0,0,0
10000,0,3,125,0.0,0.0,0.0,0,0,0
10000,0,3,126,0.0,0.0,0.0,0,0,0
10000,0,3,127,0.0,1.0E-4,1.0E-4,0,0,0
10000,0,3,128,0.0,1.0E-4,1.0E-4,0,0,0
10000,0,3,129,0.0,1.0E-4,1.0E-4,0,0,0
10000,0,3,130,0.0,0.0,0.0,0,0,0
10000,0,3,131,0.0,0.0,0.0,0,0,0
10000,0,3,132,1.0E-4,0.0,1.0E-4,0,0,0
10000,0,3,133,0.0,0.0,0.0,0,0,0
10000,0,3,134,1.0E-4,0.0,1.0E-4,0,0,0
10000,0,3,135,1.0E-4,0.0,1.0E-4,0,0,0
10000,0,3,136,0.0,0.0,0.0,0,0,0
10000,0,3,137,1.0E-4,0.0,1.0E-4,0,0,0
10000,0,3,138,0.0,0.0,0.0,0,0,0
10000,0,3,139,0.0,0.0,0.0,0,0,0
10000,0,3,140,0.0,0.0,0.0,0,0,0
10000,0,3,141,0.0,1.0E-4,1.0E-4,0,0,0
10000,0,3,142,0.0,1.0E-4,1.0E-4,0,0,0
10000,0,3,143,0.0,1.0E-4,1.0E-4,0,0,0
10000,0,3,144,0.0,1.0E-4,1.0E-4,0,0,0
10000,0,3,145,0.0,0.0,0.0,0,0,0
10000,0,3,146,0.0,0.0,0.0,0,0,0
10000,0,3,147,1.0E-4,0.0,1.0E-4,0,0,0
10000,0,3,148,1.0E-4,0.0,1.0E-4,0,0,0
10000,0,3,149,0.0,0.0,0.0,0,0,0
10000,0,3,150,0.0,0.0,0.0,0,0,0
10000,0,3,151,0.0,0.0,0.0,0,0,0
10000,0,3,152,1.0E-4,0.0,1.0E-4,0,0,0
10000,0,3,153,0.0,1.0E-4,1.0E-4,0,0,0
10000,0,3,154,0.0,1.0E-4,1.0E-4,0,0,0
10000,0,3,155,0.0,1.0E-4,1.0E-4,0,0,0
10000,0,3,156,0.0,1.0E-4,1.0E-4,0,0,0
10000,0,3,157,0.0,0.0,0.0,0,0,0
10000,0,3,158,1.0E-4,0.0,1.0E-4,0,0,0
10000,0,3,159,0.0,0.0,0.0,0,0,0
10000,0,3,160,1.0E-4,0.0,1.0E-4,0,0,0
10000,0,3,161,1.0E-4,0.0,1.0E-4,0,0,0
10000,0,3,162,0.0,1.0E-4,1.0E-4,0,0,0
10000,0,3,163,0.0,1.0E-4,1.0E-4,0,0,0
10000,0,3,164,0.0,1.0E-4,1.0E-4,0,0,0
10000,0,3,165,0.0,0.0,0.0,0,0,0
10000,0,3,166,0.0,0.0,0.0,0,0,0
10000,0,3,167,1.0E-4,0.0,1.0E-4,0,0,0
10000,0,3,168,0.0,0.0,0.0,0,0,0
10000,0,3,169,0.0,0.0,0.0,0,0,0
10000,0,3,170,0.0,1.0E-4,1.0E-4,0,0,0
10000,0,3,171,0.0,1.0E-4,1.0E-4,0,0,0
10000,0,3,172,1.0E-4,0.0,1.0E-4,0,0,0
10000,0,3,173,0.0,0.0,0.0,0,0,0
10000,0,3,174,1.0E-4,0.0,1.0E-4,0,0,0
10000,0,3,175,0.0,1.0E-4,1.0E-4,0,0,0
10000,0,3,176,0.0,0.0,0.0,0,0,0
10000,0,3,177,0.0,0.0,0.0,0,0,0
10000,0,3,178,1.0E-4,0.0,1.0E-4,0,0,0
10000,0,3,179,1.0E-4,0.0,1.0E-4,0,0,0
10000,0,3,180,1.0E-4,0.0,1.0E-4,0,0,0
10000,0,3,181,1.0E-4,0.0,1.0E-4,0,0,0
10000,0,3,182,1.0E-4,0.0,1.0E-4,0,0,0
10000,0,3,183,0.0,0.0,0.0,0,0,0
10000,0,3,184,0.0,0.0,0.0,0,0,0
10000,0,3,185,0.0,0.0,0.0,0,0,0
10000,0,3,186,0.0,1.0E-4,1.0E-4,0,0,0
10000,0,3,187,0.0,1.0E-4,1.0E-4,0,0,0
10000,0,3,188,0.0,0.0,0.0,0,0,0
10000,0,3,189,1.0E-4,0.0,1.0E-4,0,0,0
10000,0,3,190,1.0E-4,0.0,1.0E-4,0,0,0
10000,0,3,191,0.0,0.0,0.0,0,0,0
10000,0,3,192,1.0E-4,0.0,1.0E-4,0,0,0
10000,0,3,193,1.0E-4,0.0,1.0E-4,0,0,0
10000,0,3,194,1.0E-4,0.0,1.0E-4,0,0,0
10000,0,3,195,0.0,0.0,0.0,0,0,0
10000,0,3,196,0.0,0.0,0.0,0,0,0
10000,0,3,197,0.0,1.0E-4,1.0E-4,0,0,0
10000,0,3,198,0.0,1.0E-4,1.0E-4,0,0,0
10000,0,3,199,0.0,1.0E-4,1.0E-4,0,0,0
10000,0,3,200,1.0E-4,0.0,1.0E-4,0,0,0
10000,0,3,201,1.0E-4,0.0,1.0E-4,0,0,0
10000,0,3,202,1.0E-4,0.0,1.0E-4,0,0,0
10000,0,3,203,1.0E-4,0.0,1.0E-4,0,0,0
10000,0,3,204,0.0,0.0,0.0,0,0,0
10000,0,3,205,0.0,0.0,0.0,0,0,0
10000,0,3,206,0.0,1.0E-4,1.0E-4,0,0,0
10000,0,3,207,0.0,1.0E-4,1.0E-4,0,0,0
10000,0,3,208,0.0,0.0,0.0,0,0,0
10000,0,3,209,0.0,0.0,0.0,0,0,0
10000,0,3,210,1.0E-4,0.0,1.0E-4,0,0,0
10000,0,3,211,1.0E-4,0.0,1.0E-4,0,0,0
10000,0,3,212,1.0E-4,0.0,1.0E-4,0,0,0
10000,0,3,213,0.0,1.0E-4,1.0E-4,0,0,0
10000,0,3,214,1.0E-4,0.0,1.0E-4,0,0,0
10000,0,3,215,0.0,0.0,0.0,0,0,0
10000,0,3,216,0.0,0.0,0.0,0,0,0
10000,0,3,217,0.0,1.0E-4,1.0E-4,0,0,0
10000,0,3,218,0.0,1.0E-4,1.0E-4,0,0,0
10000,0,3,219,0.0,0.0,0.0,0,0,0
10000,0,3,220,0.0,1.0E-4,1.0E-4,0,0,0
10000,0,3,221,0.0,0.0,0.0,0,0,0
10000,0,3,222,0.0,0.0,0.0,0,0,0
10000,0,3,223,0.0,1.0E-4,1.0E-4,0,0,0
10000,0,3,224,0.0,1.0E-4,1.0E-4,0,0,0
10000,0,3,225,0.0,1.0E-4,1.0E-4,0,0,0
10000,0,3,226,0.0,1.0E-4,1.0E-4,0,0,0
10000,0,3,227,0.0,1.0E-4,1.0E-4,0,0,0
10000,0,3,228,1.0E-4,0.0,1.0E-4,0,0,0
10000,0,3,229,0.0,0.0,0.0,0,0,0
10000,0,3,230,1.0E-4,0.0,1.0E-4,0,0,0
10000,0,3,231,1.0E-4,0.0,1.0E-4,0,0,0
10000,0,3,232,1.0E-4,0.0,1.0E-4,0,0,0
10000,0,3,233,1.0E-4,0.0,1.0E-4,0,0,0
10000,0,3,234,0.0,1.0E-4,1.0E-4,0,0,0
10000,0,3,235,0.0,1.0E-4,1.0E-4,0,0,0
10000,0,3,236,0.0,1.0E-4,1.0E-4,0,0,0
10000,0,3,237,0.0,0.0,0.0,0,0,0
10000,0,3,238,0.0,1.0E-4,1.0E-4,0,0,0
10000,0,3,239,0.0,1.0E-4,1.0E-4,0,0,0
10000,0,3,240,0.0,0.0,0.0,0,0,0
10000,0,3,241,1.0E-4,0.0,1.0E-4,0,0,0
10000,0,3,242,0.0,0.0,0.0,0,0,0
10000,0,3,243,1.0E-4,0.0,1.0E-4,0,0,0
10000,0,3,244,0.0,0.0,0.0,0,0,0
10000,0,3,245,0.0,0.0,0.0,0,0,0
10000,0,3,246,0.0,0.0,0.0,0,0,0
10000,0,3,247,1.0E-4,0.0,1.0E-4,0,0,0
10000,0,3,248,1.0E-4,0.0,1.0E-4,0,0,0
10000,0,3,249,0.0,0.0,0.0,0,0,0
10000,0,3,250,0.0,0.0,0.0,0,0,0
10000,0,3,251,0.0,1.0E-4,1.0E-4,0,0,0
10000,0,3,252,1.0E-4,0.0,1.0E-4,0,0,0
10000,0,3,253,1.0E-4,0.0,1.0E-4,0,0,0
10000,0,3,254,1.0E-4,0.0,1.0E-4,0,0,0
10000,0,3,255,1.0E-4,0.0,1.0E-4,0,0,0
10000,100,1,0,0.0653,0.0185,0.0838,72792,1133,1
10000,100,1,1,0.0127,0.0188,0.0315,72792,1133,1
10000,100,1,2,0.0113,0.0172,0.028499999999999998,72792,1133,1
10000,100,1,3,0.0116,0.0185,0.0301,72792,1133,1
10000,100,1,4,0.0113,0.0174,0.028699999999999996,72792,1133,1
10000,100,1,5,0.0105,0.0175,0.028000000000000004,72792,1133,1
10000,100,1,6,0.0107,0.0178,0.028499999999999998,72792,1133,1
10000,100,1,7,0.0107,0.0174,0.0281,72792,1133,1
10000,100,1,8,0.0106,0.0172,0.0278,72792,1133,1
10000,100,1,9,0.0104,0.0169,0.027299999999999998,72792,1133,1
10000,100,1,10,0.0102,0.019,0.0292,72792,1133,1
10000,100,1,11,0.0106,0.0173,0.0279,72792,1133,1
10000,100,1,12,0.0108,0.0173,0.0281,72792,1133,1
10000,100,1,13,0.0105,0.0178,0.0283,72792,1133,1
10000,100,1,14,0.0104,0.0173,0.0277,72792,1133,1
10000,100,1,15,0.0104,0.0171,0.0275,72792,1133,1
10000,100,1,16,0.0103,0.0174,0.0277,72792,1133,1
10000,100,1,17,0.0107,0.018,0.028699999999999996,72792,1133,1
10000,100,1,18,0.0106,0.0175,0.0281,72792,1133,1
10000,100,1,19,0.0102,0.0172,0.0274,72792,1133,1
10000,100,1,20,0.0105,0.0168,0.027299999999999998,72792,1133,1
10000,100,1,21,0.0102,0.0171,0.0273,72792,1133,1
10000,100,1,22,0.0104,0.0174,0.0278,72792,1133,1
10000,100,1,23,0.0105,0.0171,0.0276,72792,1133,1
10000,100,1,24,0.0102,0.0173,0.0275,72792,1133,1
10000,100,1,25,0.0115,0.0182,0.0297,72792,1133,1
10000,100,1,26,0.0104,0.0185,0.0289,72792,1133,1
10000,100,1,27,0.0106,0.0177,0.0283,72792,1133,1
10000,100,1,28,0.0107,0.0174,0.0281,72792,1133,1
10000,100,1,29,0.0102,0.017,0.027200000000000002,72792,1133,1
10000,100,1,30,0.0103,0.0168,0.0271,72792,1133,1
10000,100,1,31,0.0102,0.018,0.0282,72792,1133,1
10000,100,1,32,0.0108,0.0173,0.0281,72792,1133,1
10000,100,1,33,0.0105,0.0177,0.028200000000000003,72792,1133,1
10000,100,1,34,0.0104,0.0176,0.028,72792,1133,1
10000,100,1,35,0.0103,0.0176,0.0279,72792,1133,1
10000,100,1,36,0.0114,0.0171,0.0285,72792,1133,1
10000,100,1,37,0.0109,0.0175,0.0284,72792,1133,1
10000,100,1,38,0.0111,0.0173,0.0284,72792,1133,1
10000,100,1,39,0.0104,0.0193,0.0297,72792,1133,1
10000,100,1,40,0.0104,0.0176,0.028,72792,1133,1
10000,100,1,41,0.0104,0.019,0.0294,72792,1133,1
10000,100,1,42,0.0107,0.0222,0.0329,72792,1133,1
10000,100,1,43,0.0104,0.0258,0.036199999999999996,72792,1133,1
10000,100,1,44,0.0105,0.0227,0.0332,72792,1133,1
10000,100,1,45,0.0102,0.0212,0.0314,72792,1133,1
10000,100,1,46,0.0106,0.0234,0.034,72792,1133,1
10000,100,1,47,0.0103,0.0224,0.0327,72792,1133,1
10000,100,1,48,0.0111,0.0199,0.031,72792,1133,1
10000,100,1,49,0.011,0.0234,0.0344,72792,1133,1
10000,100,1,50,0.0105,0.0196,0.030100000000000002,72792,1133,1
10000,100,1,51,0.0112,0.0214,0.0326,72792,1133,1
10000,100,1,52,0.0114,0.0214,0.032799999999999996,72792,1133,1
10000,100,1,53,0.0116,0.0256,0.0372,72792,1133,1
10000,100,1,54,0.0107,0.0206,0.0313,72792,1133,1
10000,100,1,55,0.0111,0.0197,0.0308,72792,1133,1
10000,100,1,56,0.0114,0.0206,0.032,72792,1133,1
10000,100,1,57,0.012,0.0181,0.030100000000000002,72792,1133,1
10000,100,1,58,0.0143,0.0188,0.033100000000000004,72792,1133,1
10000,100,1,59,0.0116,0.0183,0.0299,72792,1133,1
10000,100,1,60,0.0119,0.0193,0.031200000000000002,72792,1133,1
10000,100,1,61,0.0136,0.0188,0.0324,72792,1133,1
10000,100,1,62,0.0119,0.0241,0.036000000000000004,73632,1133,1
10000,100,1,63,0.0149,0.0183,0.0332,72792,1133,1
10000,100,1,64,0.0148,0.0189,0.0337,72792,1133,1
10000,100,1,65,0.0127,0.0186,0.031299999999999994,72792,1133,1
10000,100,1,66,0.0127,0.0186,0.031299999999999994,72792,1133,1
10000,100,1,67,0.0128,0.0222,0.035,72792,1133,1
10000,100,1,68,0.0125,0.021,0.0335,72792,1133,1
10000,100,1,69,0.0131,0.0196,0.0327,72792,1133,1
10000,100,1,70,0.0135,0.017,0.0305,72792,1133,1
10000,100,1,71,0.0135,0.0176,0.031100000000000003,72792,1133,1
10000,100,1,72,0.0127,0.0179,0.0306,72792,1133,1
10000,100,1,73,0.0125,0.0192,0.0317,72792,1133,1
10000,100,1,74,0.0118,0.0216,0.0334,72792,1133,1
10000,100,1,75,0.0132,0.0178,0.031,72792,1133,1
10000,100,1,76,0.0119,0.0179,0.0298,72792,1133,1
10000,100,1,77,0.0129,0.0187,0.0316,72792,1133,1
10000,100,1,78,0.0128,0.018,0.0308,72792,1133,1
10000,100,1,79,0.0131,0.0182,0.0313,72792,1133,1
10000,100,1,80,0.0129,0.0217,0.0346,73632,1133,1
10000,100,1,81,0.0121,0.0173,0.0294,72792,1133,1
10000,100,1,82,0.017,0.0187,0.0357,72792,1133,1
10000,100,1,83,0.0143,0.0178,0.032100000000000004,72792,1133,1
10000,100,1,84,0.0129,0.0176,0.0305,72792,1133,1
10000,100,1,85,0.0122,0.017,0.029200000000000004,72792,1133,1
10000,100,1,86,0.014,0.0181,0.032100000000000004,72792,1133,1
10000,100,1,87,0.0132,0.0173,0.0305,72792,1133,1
10000,100,1,88,0.0157,0.0176,0.033299999999999996,72792,1133,1
10000,100,1,89,0.0128,0.0192,0.032,72792,1133,1
10000,100,1,90,0.0172,0.0182,0.0354,72792,1133,1
10000,100,1,91,0.0125,0.0173,0.0298,72792,1133,1
10000,100,1,92,0.013,0.0168,0.0298,72792,1133,1
10000,100,1,93,0.0139,0.0175,0.0314,72792,1133,1
10000,100,1,94,0.0139,0.0176,0.0315,72792,1133,1
10000,100,1,95,0.0138,0.0171,0.0309,72792,1133,1
10000,100,1,96,0.0119,0.0181,0.030000000000000002,72792,1133,1
10000,100,1,97,0.0127,0.0173,0.03,72792,1133,1
10000,100,1,98,0.0124,0.0184,0.0308,72792,1133,1
10000,100,1,99,0.0119,0.0169,0.0288,72792,1133,1
10000,100,1,100,0.0132,0.0171,0.0303,72792,1133,1
10000,100,1,101,0.0134,0.0171,0.0305,72792,1133,1
10000,100,1,102,0.0122,0.0168,0.028999999999999998,72792,1133,1
10000,100,1,103,0.0125,0.0176,0.030100000000000002,72792,1133,1
10000,100,1,104,0.0122,0.0178,0.03,72792,1133,1
10000,100,1,105,0.012,0.0172,0.0292,72792,1133,1
10000,100,1,106,0.0115,0.0176,0.0291,72792,1133,1
10000,100,1,107,0.0112,0.0179,0.0291,72792,1133,1
10000,100,1,108,0.0124,0.0185,0.030899999999999997,72792,1133,1
10000,100,1,109,0.0124,0.0183,0.030699999999999998,72792,1133,1
10000,100,1,110,0.0111,0.0201,0.0312,72792,1133,1
10000,100,1,111,0.0114,0.018,0.0294,72792,1133,1
10000,100,1,112,0.0116,0.0169,0.028499999999999998,72792,1133,1
10000,100,1,113,0.0111,0.0175,0.0286,72792,1133,1
10000,100,1,114,0.0116,0.0187,0.0303,72792,1133,1
10000,100,1,115,0.0122,0.019,0.0312,72792,1133,1
10000,100,1,116,0.0117,0.0173,0.028999999999999998,72792,1133,1
10000,100,1,117,0.0111,0.018,0.0291,72792,1133,1
10000,100,1,118,0.011,0.0192,0.030199999999999998,72792,1133,1
10000,100,1,119,0.011,0.0186,0.029599999999999998,72792,1133,1
10000,100,1,120,0.0111,0.0188,0.029900000000000003,72792,1133,1
10000,100,1,121,0.0138,0.0182,0.032,72792,1133,1
10000,100,1,122,0.0112,0.0197,0.030899999999999997,72792,1133,1
10000,100,1,123,0.0126,0.0192,0.031799999999999995,72792,1133,1
10000,100,1,124,0.0114,0.0191,0.0305,72792,1133,1
10000,100,1,125,0.0139,0.0188,0.0327,72792,1133,1
10000,100,1,126,0.0115,0.019,0.0305,72792,1133,1
10000,100,1,127,0.0112,0.0203,0.0315,72792,1133,1
10000,100,1,128,0.0115,0.0205,0.032,72792,1133,1
10000,100,1,129,0.0121,0.0193,0.0314,72792,1133,1
10000,100,1,130,0.012,0.0186,0.0306,72792,1133,1
10000,100,1,131,0.012,0.0197,0.0317,72792,1133,1
10000,100,1,132,0.0125,0.0207,0.0332,72792,1133,1
10000,100,1,133,0.0119,0.0188,0.0307,72792,1133,1
10000,100,1,134,0.0112,0.0191,0.0303,72792,1133,1
10000,100,1,135,0.0118,0.0185,0.0303,72792,1133,1
10000,100,1,136,0.0124,0.0212,0.0336,72792,1133,1
10000,100,1,137,0.0119,0.0192,0.0311,72792,1133,1
10000,100,1,138,0.0118,0.0191,0.030899999999999997,72792,1133,1
10000,100,1,139,0.0121,0.0204,0.0325,72792,1133,1
10000,100,1,140,0.0115,0.0201,0.0316,72792,1133,1
10000,100,1,141,0.0122,0.0196,0.0318,72792,1133,1
10000,100,1,142,0.0116,0.0221,0.0337,72792,1133,1
10000,100,1,143,0.0112,0.0188,0.03,72792,1133,1
10000,100,1,144,0.0115,0.0193,0.0308,72792,1133,1
10000,100,1,145,0.0112,0.0184,0.0296,72792,1133,1
10000,100,1,146,0.0117,0.0211,0.0328,72792,1133,1
10000,100,1,147,0.0118,0.02,0.0318,72792,1133,1
10000,100,1,148,0.0111,0.0191,0.030199999999999998,72792,1133,1
10000,100,1,149,0.0112,0.0203,0.0315,72792,1133,1
10000,100,1,150,0.0112,0.0199,0.031100000000000003,72792,1133,1
10000,100,1,151,0.0112,0.0194,0.030600000000000002,72792,1133,1
10000,100,1,152,0.0108,0.0194,0.0302,72792,1133,1
10000,100,1,153,0.0115,0.0212,0.0327,72792,1133,1
10000,100,1,154,0.0111,0.019,0.030100000000000002,72792,1133,1
10000,100,1,155,0.0107,0.0191,0.0298,72792,1133,1
10000,100,1,156,0.0108,0.0206,0.0314,72792,1133,1
10000,100,1,157,0.0105,0.0199,0.030400000000000003,72792,1133,1
10000,100,1,158,0.0108,0.0187,0.029500000000000002,72792,1133,1
10000,100,1,159,0.0105,0.0191,0.0296,72792,1133,1
10000,100,1,160,0.0102,0.02,0.0302,72792,1133,1
10000,100,1,161,0.0104,0.0179,0.0283,72792,1133,1
10000,100,1,162,0.0107,0.0192,0.029899999999999996,72792,1133,1
10000,100,1,163,0.0104,0.022,0.0324,72792,1133,1
10000,100,1,164,0.011,0.0211,0.032100000000000004,72792,1133,1
10000,100,1,165,0.0109,0.0215,0.0324,72792,1133,1
10000,100,1,166,0.011,0.0215,0.0325,72792,1133,1
10000,100,1,167,0.0108,0.0205,0.0313,72792,1133,1
10000,100,1,168,0.012,0.0203,0.032299999999999995,72792,1133,1
10000,100,1,169,0.0106,0.0214,0.032,72792,1133,1
10000,100,1,170,0.0106,0.0208,0.0314,72792,1133,1
10000,100,1,171,0.0103,0.0213,0.0316,72792,1133,1
10000,100,1,172,0.0107,0.0197,0.030399999999999996,72792,1133,1
10000,100,1,173,0.0107,0.0211,0.0318,72792,1133,1
10000,100,1,174,0.0102,0.0219,0.032100000000000004,72792,1133,1
10000,100,1,175,0.0106,0.0204,0.031,72792,1133,1
10000,100,1,176,0.0103,0.0205,0.0308,72792,1133,1
10000,100,1,177,0.0103,0.0208,0.0311,72792,1133,1
10000,100,1,178,0.0101,0.0205,0.030600000000000002,72792,1133,1
10000,100,1,179,0.0104,0.0207,0.0311,72792,1133,1
10000,100,1,180,0.0101,0.021,0.031100000000000003,72792,1133,1
10000,100,1,181,0.0103,0.0209,0.0312,72792,1133,1
10000,100,1,182,0.0114,0.0199,0.0313,72792,1133,1
10000,100,1,183,0.0113,0.0203,0.031599999999999996,72792,1133,1
10000,100,1,184,0.011,0.0211,0.032100000000000004,72792,1133,1
10000,100,1,185,0.0114,0.0219,0.033299999999999996,72792,1133,1
10000,100,1,186,0.0107,0.0217,0.0324,72792,1133,1
10000,100,1,187,0.0103,0.0198,0.030100000000000002,72792,1133,1
10000,100,1,188,0.0104,0.0197,0.0301,72792,1133,1
10000,100,1,189,0.0105,0.0216,0.032100000000000004,72792,1133,1
10000,100,1,190,0.0103,0.0208,0.0311,72792,1133,1
10000,100,1,191,0.0104,0.0248,0.035199999999999995,72792,1133,1
10000,100,1,192,0.01,0.0208,0.0308,72792,1133,1
10000,100,1,193,0.0102,0.0187,0.028900000000000002,72792,1133,1
10000,100,1,194,0.0103,0.0203,0.0306,72792,1133,1
10000,100,1,195,0.0101,0.0192,0.0293,72792,1133,1
10000,100,1,196,0.0103,0.0218,0.032100000000000004,72792,1133,1
10000,100,1,197,0.0102,0.0216,0.0318,72792,1133,1
10000,100,1,198,0.0105,0.0218,0.0323,72792,1133,1
10000,100,1,199,0.0101,0.0197,0.0298,72792,1133,1
10000,100,1,200,0.0102,0.0216,0.0318,72792,1133,1
10000,100,1,201,0.0103,0.0193,0.0296,72792,1133,1
10000,100,1,202,0.0103,0.0212,0.0315,72792,1133,1
10000,100,1,203,0.0101,0.0213,0.0314,72792,1133,1
10000,100,1,204,0.0102,0.0225,0.0327,72792,1133,1
10000,100,1,205,0.0102,0.0223,0.0325,72792,1133,1
10000,100,1,206,0.0106,0.0213,0.0319,72792,1133,1
10000,100,1,207,0.0101,0.0215,0.031599999999999996,72792,1133,1
10000,100,1,208,0.0104,0.0212,0.0316,72792,1133,1
10000,100,1,209,0.0101,0.0216,0.0317,72792,1133,1
10000,100,1,210,0.0101,0.0242,0.0343,72792,1133,1
10000,100,1,211,0.0102,0.0201,0.0303,72792,1133,1
10000,100,1,212,0.0101,0.0203,0.030399999999999996,72792,1133,1
10000,100,1,213,0.0101,0.0206,0.030699999999999998,72792,1133,1
10000,100,1,214,0.0102,0.0218,0.032,72792,1133,1
10000,100,1,215,0.0102,0.0226,0.032799999999999996,72792,1133,1
10000,100,1,216,0.0103,0.0232,0.0335,72792,1133,1
10000,100,1,217,0.0103,0.0215,0.031799999999999995,72792,1133,1
10000,100,1,218,0.0106,0.0215,0.0321,72792,1133,1
10000,100,1,219,0.0099,0.0204,0.0303,72792,1133,1
10000,100,1,220,0.01,0.021,0.031,72792,1133,1
10000,100,1,221,0.0099,0.0196,0.0295,72792,1133,1
10000,100,1,222,0.0104,0.0207,0.0311,72792,1133,1
10000,100,1,223,0.0105,0.022,0.0325,72792,1133,1
10000,100,1,224,0.0103,0.0203,0.0306,72792,1133,1
10000,100,1,225,0.0131,0.0202,0.033299999999999996,72792,1133,1
10000,100,1,226,0.0108,0.0214,0.0322,72792,1133,1
10000,100,1,227,0.0104,0.0204,0.0308,72792,1133,1
10000,100,1,228,0.01,0.0207,0.030699999999999998,72792,1133,1
10000,100,1,229,0.01,0.0213,0.0313,72792,1133,1
10000,100,1,230,0.0103,0.0205,0.0308,72792,1133,1
10000,100,1,231,0.0102,0.0203,0.0305,72792,1133,1
10000,100,1,232,0.0105,0.0238,0.034300000000000004,72792,1133,1
10000,100,1,233,0.0106,0.0312,0.0418,72792,1133,1
10000,100,1,234,0.0108,0.0208,0.0316,72792,1133,1
10000,100,1,235,0.0106,0.0199,0.0305,72792,1133,1
10000,100,1,236,0.0102,0.0192,0.0294,72792,1133,1
10000,100,1,237,0.0108,0.0215,0.032299999999999995,72792,1133,1
10000,100,1,238,0.0117,0.0208,0.0325,72792,1133,1
10000,100,1,239,0.0116,0.0202,0.031799999999999995,72792,1133,1
10000,100,1,240,0.0104,0.0224,0.032799999999999996,72792,1133,1
10000,100,1,241,0.0114,0.0201,0.0315,72792,1133,1
10000,100,1,242,0.0102,0.0189,0.0291,72792,1133,1
10000,100,1,243,0.0108,0.0202,0.031,72792,1133,1
10000,100,1,244,0.0107,0.02,0.030699999999999998,72792,1133,1
10000,100,1,245,0.0104,0.0183,0.0287,72792,1133,1
10000,100,1,246,0.0102,0.0185,0.0287,72792,1133,1
10000,100,1,247,0.0102,0.0171,0.0273,72792,1133,1
10000,100,1,248,0.0104,0.0182,0.0286,72792,1133,1
10000,100,1,249,0.0102,0.0183,0.0285,72792,1133,1
10000,100,1,250,0.0104,0.018,0.028399999999999998,72792,1133,1
10000,100,1,251,0.0103,0.0178,0.0281,72792,1133,1
10000,100,1,252,0.0104,0.0174,0.0278,72792,1133,1
10000,100,1,253,0.0106,0.0197,0.0303,72792,1133,1
10000,100,1,254,0.0102,0.0172,0.0274,72792,1133,1
10000,100,1,255,0.0103,0.0176,0.0279,72792,1133,1
10000,100,2,0,0.0099,0.0172,0.0271,72792,1134,1
10000,100,2,1,0.0112,0.0174,0.0286,72792,1134,1
10000,100,2,2,0.0098,0.0177,0.0275,72792,1134,1
10000,100,2,3,0.0099,0.017,0.0269,72792,1134,1
10000,100,2,4,0.01,0.017,0.027000000000000003,72792,1134,1
10000,100,2,5,0.0102,0.0169,0.0271,72792,1134,1
10000,100,2,6,0.0098,0.0165,0.0263,72792,1134,1
10000,100,2,7,0.0098,0.0169,0.026699999999999998,72792,1134,1
10000,100,2,8,0.0099,0.0168,0.0267,72792,1134,1
10000,100,2,9,0.0095,0.0169,0.0264,72792,1134,1
10000,100,2,10,0.0098,0.0169,0.026699999999999998,72792,1134,1
10000,100,2,11,0.01,0.0169,0.0269,72792,1134,1
10000,100,2,12,0.011,0.0172,0.0282,72792,1134,1
10000,100,2,13,0.0102,0.0164,0.026600000000000002,72792,1134,1
10000,100,2,14,0.0098,0.0168,0.0266,72792,1134,1
10000,100,2,15,0.0098,0.0176,0.0274,72792,1134,1
10000,100,2,16,0.01,0.0163,0.026299999999999997,72792,1134,1
10000,100,2,17,0.0098,0.0167,0.0265,72792,1134,1
10000,100,2,18,0.0097,0.0173,0.027,72792,1134,1
10000,100,2,19,0.0103,0.0161,0.0264,72792,1134,1
10000,100,2,20,0.0114,0.0166,0.028,72792,1134,1
10000,100,2,21,0.0113,0.0166,0.0279,72792,1134,1
10000,100,2,22,0.0105,0.0165,0.027000000000000003,72792,1134,1
10000,100,2,23,0.0101,0.0163,0.0264,72792,1134,1
10000,100,2,24,0.0099,0.0167,0.0266,72792,1134,1
10000,100,2,25,0.0099,0.0164,0.026300000000000004,72792,1134,1
10000,100,2,26,0.0143,0.0184,0.0327,72792,1134,1
10000,100,2,27,0.0152,0.017,0.0322,72792,1134,1
10000,100,2,28,0.015,0.0176,0.032600000000000004,72792,1134,1
10000,100,2,29,0.015,0.0163,0.031299999999999994,72792,1134,1
10000,100,2,30,0.0147,0.0166,0.0313,72792,1134,1
10000,100,2,31,0.0146,0.0164,0.031,72792,1134,1
10000,100,2,32,0.0145,0.0169,0.0314,72792,1134,1
10000,100,2,33,0.0142,0.0174,0.0316,72792,1134,1
10000,100,2,34,0.014,0.0174,0.0314,72792,1134,1
10000,100,2,35,0.0179,0.0186,0.0365,72792,1134,1
10000,100,2,36,0.0173,0.0179,0.035199999999999995,72792,1134,1
10000,100,2,37,0.0147,0.0184,0.0331,72792,1134,1
10000,100,2,38,0.0148,0.0179,0.0327,72792,1134,1
10000,100,2,39,0.0136,0.0187,0.0323,72792,1134,1
10000,100,2,40,0.0151,0.0202,0.0353,72792,1134,1
10000,100,2,41,0.0128,0.0191,0.0319,72792,1134,1
10000,100,2,42,0.0126,0.0188,0.0314,72792,1134,1
10000,100,2,43,0.0125,0.0206,0.033100000000000004,72792,1134,1
10000,100,2,44,0.0127,0.0189,0.0316,72792,1134,1
10000,100,2,45,0.0125,0.0198,0.0323,72792,1134,1
10000,100,2,46,0.0126,0.0199,0.0325,72792,1134,1
10000,100,2,47,0.0129,0.0191,0.032,72792,1134,1
10000,100,2,48,0.0125,0.0196,0.032100000000000004,72792,1134,1
10000,100,2,49,0.0125,0.0199,0.0324,72792,1134,1
10000,100,2,50,0.0125,0.0196,0.032100000000000004,72792,1134,1
10000,100,2,51,0.0125,0.0198,0.0323,72792,1134,1
10000,100,2,52,0.0121,0.0201,0.0322,72792,1134,1
10000,100,2,53,0.0122,0.0206,0.0328,72792,1134,1
10000,100,2,54,0.0124,0.0235,0.0359,72792,1134,1
10000,100,2,55,0.0122,0.0201,0.0323,72792,1134,1
10000,100,2,56,0.0122,0.02,0.0322,72792,1134,1
10000,100,2,57,0.012,0.0206,0.032600000000000004,72792,1134,1
10000,100,2,58,0.0116,0.022,0.0336,72792,1134,1
10000,100,2,59,0.0116,0.0203,0.0319,72792,1134,1
10000,100,2,60,0.0115,0.0205,0.032,72792,1134,1
10000,100,2,61,0.0114,0.0205,0.0319,72792,1134,1
10000,100,2,62,0.0136,0.0216,0.0352,72792,1134,1
10000,100,2,63,0.0123,0.0212,0.0335,72792,1134,1
10000,100,2,64,0.0117,0.0212,0.0329,72792,1134,1
10000,100,2,65,0.0114,0.0217,0.033100000000000004,72792,1134,1
10000,100,2,66,0.0113,0.0213,0.0326,72792,1134,1
10000,100,2,67,0.0115,0.0192,0.030699999999999998,72792,1134,1
10000,100,2,68,0.0104,0.0173,0.0277,72792,1134,1
10000,100,2,69,0.0122,0.0186,0.0308,72792,1134,1
10000,100,2,70,0.011,0.0166,0.0276,72792,1134,1
10000,100,2,71,0.0102,0.0164,0.026600000000000002,72792,1134,1
10000,100,2,72,0.0105,0.0163,0.026799999999999997,72792,1134,1
10000,100,2,73,0.0101,0.0167,0.026799999999999997,72792,1134,1
10000,100,2,74,0.01,0.0169,0.0269,72792,1134,1
10000,100,2,75,0.01,0.0168,0.026799999999999997,72792,1134,1
10000,100,2,76,0.0104,0.0169,0.027299999999999998,72792,1134,1
10000,100,2,77,0.0099,0.0168,0.0267,72792,1134,1
10000,100,2,78,0.0099,0.0169,0.026799999999999997,72792,1134,1
10000,100,2,79,0.01,0.0167,0.0267,72792,1134,1
10000,100,2,80,0.01,0.0163,0.026299999999999997,72792,1134,1
10000,100,2,81,0.0099,0.0167,0.0266,72792,1134,1
10000,100,2,82,0.0097,0.0163,0.026,72792,1134,1
10000,100,2,83,0.0098,0.0176,0.0274,72792,1134,1
10000,100,2,84,0.01,0.0167,0.0267,72792,1134,1
10000,100,2,85,0.0098,0.0166,0.0264,72792,1134,1
10000,100,2,86,0.0099,0.0166,0.026500000000000003,72792,1134,1
10000,100,2,87,0.0096,0.0174,0.026999999999999996,72792,1134,1
10000,100,2,88,0.01,0.0162,0.0262,72792,1134,1
10000,100,2,89,0.0097,0.0163,0.026,72792,1134,1
10000,100,2,90,0.01,0.0168,0.026799999999999997,72792,1134,1
10000,100,2,91,0.0108,0.0281,0.038900000000000004,72792,1134,1
10000,100,2,92,0.0102,0.0162,0.0264,72792,1134,1
10000,100,2,93,0.0099,0.0163,0.0262,72792,1134,1
10000,100,2,94,0.0101,0.016,0.026099999999999998,72792,1134,1
10000,100,2,95,0.0103,0.0161,0.0264,72792,1134,1
10000,100,2,96,0.0102,0.0164,0.026600000000000002,72792,1134,1
10000,100,2,97,0.0101,0.0175,0.0276,72792,1134,1
10000,100,2,98,0.0101,0.0169,0.026999999999999996,72792,1134,1
10000,100,2,99,0.0101,0.0163,0.0264,72792,1134,1
10000,100,2,100,0.01,0.0166,0.0266,72792,1134,1
10000,100,2,101,0.01,0.0168,0.026799999999999997,72792,1134,1
10000,100,2,102,0.0101,0.0169,0.026999999999999996,72792,1134,1
10000,100,2,103,0.0103,0.0171,0.0274,72792,1134,1
10000,100,2,104,0.0103,0.0166,0.0269,72792,1134,1
10000,100,2,105,0.0106,0.0167,0.027299999999999998,72792,1134,1
10000,100,2,106,0.0101,0.0165,0.0266,72792,1134,1
10000,100,2,107,0.0101,0.02,0.030100000000000002,72792,1134,1
10000,100,2,108,0.0103,0.0166,0.0269,72792,1134,1
10000,100,2,109,0.0101,0.0168,0.0269,72792,1134,1
10000,100,2,110,0.0101,0.0166,0.0267,72792,1134,1
10000,100,2,111,0.0103,0.0164,0.0267,72792,1134,1
10000,100,2,112,0.0138,0.0173,0.0311,72792,1134,1
10000,100,2,113,0.0124,0.0167,0.0291,72792,1134,1
10000,100,2,114,0.0111,0.0166,0.027700000000000002,72792,1134,1
10000,100,2,115,0.0105,0.0167,0.027200000000000002,72792,1134,1
10000,100,2,116,0.01,0.0165,0.026500000000000003,72792,1134,1
10000,100,2,117,0.0102,0.0168,0.027,72792,1134,1
10000,100,2,118,0.0098,0.0166,0.0264,72792,1134,1
10000,100,2,119,0.0105,0.0162,0.0267,72792,1134,1
10000,100,2,120,0.01,0.0163,0.026299999999999997,72792,1134,1
10000,100,2,121,0.0098,0.0163,0.026099999999999998,72792,1134,1
10000,100,2,122,0.0099,0.0166,0.026500000000000003,72792,1134,1
10000,100,2,123,0.0098,0.0165,0.0263,72792,1134,1
10000,100,2,124,0.01,0.0167,0.0267,72792,1134,1
10000,100,2,125,0.0103,0.0163,0.0266,72792,1134,1
10000,100,2,126,0.0102,0.0284,0.0386,73632,1134,1
10000,100,2,127,0.0106,0.0175,0.0281,72792,1134,1
10000,100,2,128,0.0103,0.0171,0.0274,72792,1134,1
10000,100,2,129,0.0103,0.0167,0.027,72792,1134,1
10000,100,2,130,0.0105,0.0165,0.027000000000000003,72792,1134,1
10000,100,2,131,0.0103,0.0172,0.0275,72792,1134,1
10000,100,2,132,0.01,0.0206,0.030600000000000002,73632,1134,1
10000,100,2,133,0.0101,0.0173,0.0274,72792,1134,1
10000,100,2,134,0.01,0.0167,0.0267,72792,1134,1
10000,100,2,135,0.0101,0.0163,0.0264,72792,1134,1
10000,100,2,136,0.0102,0.0165,0.0267,72792,1134,1
10000,100,2,137,0.0105,0.0169,0.0274,72792,1134,1
10000,100,2,138,0.0105,0.017,0.027500000000000004,72792,1134,1
10000,100,2,139,0.0102,0.0167,0.0269,72792,1134,1
10000,100,2,140,0.0103,0.0184,0.0287,72792,1134,1
10000,100,2,141,0.0102,0.0171,0.0273,72792,1134,1
10000,100,2,142,0.0102,0.0165,0.0267,72792,1134,1
10000,100,2,143,0.0101,0.0167,0.026799999999999997,72792,1134,1
10000,100,2,144,0.01,0.0172,0.027200000000000002,72792,1134,1
10000,100,2,145,0.0103,0.0163,0.0266,72792,1134,1
10000,100,2,146,0.0104,0.0171,0.0275,72792,1134,1
10000,100,2,147,0.0103,0.0171,0.0274,72792,1134,1
10000,100,2,148,0.0114,0.0229,0.0343,72792,1134,1
10000,100,2,149,0.0129,0.021,0.0339,72792,1134,1
10000,100,2,150,0.0126,0.0215,0.0341,72792,1134,1
10000,100,2,151,0.0108,0.0199,0.0307,72792,1134,1
10000,100,2,152,0.0125,0.0203,0.032799999999999996,72792,1134,1
10000,100,2,153,0.0124,0.0186,0.031,72792,1134,1
10000,100,2,154,0.0102,0.0157,0.0259,72792,1134,1
10000,100,2,155,0.011,0.0159,0.0269,72792,1134,1
10000,100,2,156,0.0104,0.0164,0.0268,72792,1134,1
10000,100,2,157,0.0103,0.0164,0.0267,72792,1134,1
10000,100,2,158,0.0106,0.0165,0.0271,72792,1134,1
10000,100,2,159,0.0101,0.0166,0.0267,72792,1134,1
10000,100,2,160,0.011,0.0173,0.0283,72792,1134,1
10000,100,2,161,0.0101,0.0169,0.026999999999999996,72792,1134,1
10000,100,2,162,0.0109,0.0169,0.0278,72792,1134,1
10000,100,2,163,0.0101,0.0166,0.0267,72792,1134,1
10000,100,2,164,0.0103,0.0163,0.0266,72792,1134,1
10000,100,2,165,0.0099,0.0164,0.026300000000000004,72792,1134,1
10000,100,2,166,0.0098,0.0166,0.0264,72792,1134,1
10000,100,2,167,0.0103,0.0169,0.0272,72792,1134,1
10000,100,2,168,0.0105,0.0163,0.026799999999999997,72792,1134,1
10000,100,2,169,0.01,0.0188,0.0288,72792,1134,1
10000,100,2,170,0.01,0.0164,0.0264,72792,1134,1
10000,100,2,171,0.0098,0.0166,0.0264,72792,1134,1
10000,100,2,172,0.0102,0.019,0.0292,72792,1134,1
10000,100,2,173,0.0105,0.0163,0.026799999999999997,72792,1134,1
10000,100,2,174,0.0101,0.0161,0.0262,72792,1134,1
10000,100,2,175,0.01,0.0167,0.0267,72792,1134,1
10000,100,2,176,0.0105,0.0176,0.0281,72792,1134,1
10000,100,2,177,0.0102,0.018,0.0282,72792,1134,1
10000,100,2,178,0.0106,0.017,0.0276,72792,1134,1
10000,100,2,179,0.0103,0.0165,0.0268,72792,1134,1
10000,100,2,180,0.0102,0.0166,0.0268,72792,1134,1
10000,100,2,181,0.0104,0.0161,0.0265,72792,1134,1
10000,100,2,182,0.0101,0.0162,0.026299999999999997,72792,1134,1
10000,100,2,183,0.0105,0.0182,0.028700000000000003,72792,1134,1
10000,100,2,184,0.0101,0.0172,0.027299999999999998,72792,1134,1
10000,100,2,185,0.0111,0.0163,0.0274,72792,1134,1
10000,100,2,186,0.0101,0.0163,0.0264,72792,1134,1
10000,100,2,187,0.0109,0.0163,0.0272,72792,1134,1
10000,100,2,188,0.01,0.0164,0.0264,72792,1134,1
10000,100,2,189,0.0157,0.0162,0.0319,72792,1134,1
10000,100,2,190,0.0158,0.0168,0.032600000000000004,72792,1134,1
10000,100,2,191,0.0154,0.0165,0.0319,72792,1134,1
10000,100,2,192,0.0162,0.0164,0.032600000000000004,72792,1134,1
10000,100,2,193,0.0134,0.0165,0.029900000000000003,72792,1134,1
10000,100,2,194,0.0153,0.0165,0.0318,72792,1134,1
10000,100,2,195,0.0143,0.0171,0.0314,72792,1134,1
10000,100,2,196,0.0138,0.0168,0.0306,72792,1134,1
10000,100,2,197,0.014,0.022,0.036,72792,1134,1
10000,100,2,198,0.0141,0.0171,0.0312,72792,1134,1
10000,100,2,199,0.0135,0.0167,0.030199999999999998,72792,1134,1
10000,100,2,200,0.0129,0.0168,0.029699999999999997,72792,1134,1
10000,100,2,201,0.0138,0.017,0.0308,72792,1134,1
10000,100,2,202,0.0124,0.0174,0.0298,72792,1134,1
10000,100,2,203,0.0104,0.0162,0.0266,72792,1134,1
10000,100,2,204,0.0099,0.0163,0.0262,72792,1134,1
10000,100,2,205,0.013,0.0185,0.0315,72792,1134,1
10000,100,2,206,0.0101,0.017,0.0271,72792,1134,1
10000,100,2,207,0.0098,0.0163,0.026099999999999998,72792,1134,1
10000,100,2,208,0.0099,0.0165,0.0264,72792,1134,1
10000,100,2,209,0.0096,0.0166,0.0262,72792,1134,1
10000,100,2,210,0.0099,0.0163,0.0262,72792,1134,1
10000,100,2,211,0.01,0.0162,0.0262,72792,1134,1
10000,100,2,212,0.0118,0.0167,0.028499999999999998,72792,1134,1
10000,100,2,213,0.0099,0.0162,0.026099999999999998,72792,1134,1
10000,100,2,214,0.0098,0.0169,0.026699999999999998,72792,1134,1
10000,100,2,215,0.0101,0.0164,0.026500000000000003,72792,1134,1
10000,100,2,216,0.0102,0.0163,0.0265,72792,1134,1
10000,100,2,217,0.0102,0.0165,0.0267,72792,1134,1
10000,100,2,218,0.01,0.0162,0.0262,72792,1134,1
10000,100,2,219,0.0104,0.0165,0.0269,72792,1134,1
10000,100,2,220,0.0104,0.0161,0.0265,72792,1134,1
10000,100,2,221,0.0105,0.0163,0.026799999999999997,72792,1134,1
10000,100,2,222,0.0101,0.0162,0.026299999999999997,72792,1134,1
10000,100,2,223,0.0102,0.0161,0.0263,72792,1134,1
10000,100,2,224,0.0106,0.0163,0.0269,72792,1134,1
10000,100,2,225,0.0103,0.0162,0.0265,72792,1134,1
10000,100,2,226,0.0104,0.018,0.028399999999999998,72792,1134,1
10000,100,2,227,0.01,0.0165,0.026500000000000003,72792,1134,1
10000,100,2,228,0.0097,0.0164,0.0261,72792,1134,1
10000,100,2,229,0.0097,0.0222,0.0319,72792,1134,1
10000,100,2,230,0.0099,0.0227,0.032600000000000004,72792,1134,1
10000,100,2,231,0.0099,0.0227,0.032600000000000004,72792,1134,1
10000,100,2,232,0.0098,0.022,0.031799999999999995,72792,1134,1
10000,100,2,233,0.0102,0.0218,0.032,72792,1134,1
10000,100,2,234,0.0098,0.022,0.031799999999999995,72792,1134,1
10000,100,2,235,0.0103,0.0213,0.0316,72792,1134,1
10000,100,2,236,0.0099,0.0203,0.030199999999999998,72792,1134,1
10000,100,2,237,0.0099,0.0216,0.0315,72792,1134,1
10000,100,2,238,0.0101,0.0207,0.0308,72792,1134,1
10000,100,2,239,0.0101,0.021,0.031100000000000003,72792,1134,1
10000,100,2,240,0.0105,0.0227,0.0332,72792,1134,1
10000,100,2,241,0.0101,0.021,0.031100000000000003,72792,1134,1
10000,100,2,242,0.0099,0.021,0.030900000000000004,72792,1134,1
10000,100,2,243,0.0099,0.021,0.030900000000000004,72792,1134,1
10000,100,2,244,0.0099,0.021,0.030900000000000004,72792,1134,1
10000,100,2,245,0.0097,0.0202,0.0299,72792,1134,1
10000,100,2,246,0.0097,0.0212,0.0309,72792,1134,1
10000,100,2,247,0.0099,0.0223,0.0322,72792,1134,1
10000,100,2,248,0.0102,0.0217,0.0319,72792,1134,1
10000,100,2,249,0.0104,0.0215,0.0319,72792,1134,1
10000,100,2,250,0.0103,0.0208,0.0311,72792,1134,1
10000,100,2,251,0.0098,0.0216,0.0314,72792,1134,1
10000,100,2,252,0.0099,0.0214,0.0313,72792,1134,1
10000,100,2,253,0.0103,0.0184,0.0287,72792,1134,1
10000,100,2,254,0.01,0.0166,0.0266,72792,1134,1
10000,100,2,255,0.0111,0.017,0.0281,72792,1134,1
10000,100,3,0,0.0103,0.0167,0.027,72792,1133,1
10000,100,3,1,0.0106,0.0169,0.027499999999999997,72792,1133,1
10000,100,3,2,0.0103,0.0173,0.0276,72792,1133,1
10000,100,3,3,0.01,0.0175,0.027500000000000004,72792,1133,1
10000,100,3,4,0.0116,0.0173,0.0289,72792,1133,1
10000,100,3,5,0.0102,0.0169,0.0271,72792,1133,1
10000,100,3,6,0.0101,0.0165,0.0266,72792,1133,1
10000,100,3,7,0.01,0.017,0.027000000000000003,72792,1133,1
10000,100,3,8,0.0099,0.0172,0.0271,72792,1133,1
10000,100,3,9,0.0098,0.0166,0.0264,72792,1133,1
10000,100,3,10,0.0101,0.0166,0.0267,72792,1133,1
10000,100,3,11,0.0099,0.0167,0.0266,72792,1133,1
10000,100,3,12,0.01,0.0184,0.0284,72792,1133,1
10000,100,3,13,0.0101,0.0171,0.027200000000000002,72792,1133,1
10000,100,3,14,0.0099,0.0169,0.026799999999999997,72792,1133,1
10000,100,3,15,0.0101,0.0166,0.0267,72792,1133,1
10000,100,3,16,0.01,0.0169,0.0269,72792,1133,1
10000,100,3,17,0.0103,0.0165,0.0268,72792,1133,1
10000,100,3,18,0.01,0.017,0.027000000000000003,72792,1133,1
10000,100,3,19,0.0103,0.0173,0.0276,72792,1133,1
10000,100,3,20,0.0102,0.0171,0.0273,72792,1133,1
10000,100,3,21,0.0098,0.0168,0.0266,72792,1133,1
10000,100,3,22,0.0099,0.0172,0.0271,72792,1133,1
10000,100,3,23,0.0099,0.0212,0.031100000000000003,73632,1133,1
10000,100,3,24,0.0144,0.0168,0.0312,72792,1133,1
10000,100,3,25,0.0102,0.0164,0.026600000000000002,72792,1133,1
10000,100,3,26,0.01,0.0165,0.026500000000000003,72792,1133,1
10000,100,3,27,0.0109,0.0169,0.0278,72792,1133,1
10000,100,3,28,0.01,0.0175,0.027500000000000004,72792,1133,1
10000,100,3,29,0.01,0.0169,0.0269,72792,1133,1
10000,100,3,30,0.0102,0.0167,0.0269,72792,1133,1
10000,100,3,31,0.01,0.0166,0.0266,72792,1133,1
10000,100,3,32,0.01,0.0167,0.0267,72792,1133,1
10000,100,3,33,0.0101,0.0172,0.027299999999999998,72792,1133,1
10000,100,3,34,0.0104,0.017,0.0274,72792,1133,1
10000,100,3,35,0.01,0.017,0.027000000000000003,72792,1133,1
10000,100,3,36,0.0102,0.0166,0.0268,72792,1133,1
10000,100,3,37,0.0099,0.0165,0.0264,72792,1133,1
10000,100,3,38,0.0107,0.0163,0.026999999999999996,72792,1133,1
10000,100,3,39,0.01,0.0289,0.0389,72792,1133,1
10000,100,3,40,0.0105,0.0172,0.027700000000000002,72792,1133,1
10000,100,3,41,0.0099,0.0185,0.0284,72792,1133,1
10000,100,3,42,0.0101,0.0167,0.026799999999999997,72792,1133,1
10000,100,3,43,0.0103,0.0171,0.0274,72792,1133,1
10000,100,3,44,0.0099,0.0171,0.027000000000000003,72792,1133,1
10000,100,3,45,0.0099,0.0169,0.026799999999999997,72792,1133,1
10000,100,3,46,0.0099,0.017,0.0269,72792,1133,1
10000,100,3,47,0.0099,0.0168,0.0267,72792,1133,1
10000,100,3,48,0.0101,0.0172,0.027299999999999998,72792,1133,1
10000,100,3,49,0.0101,0.0167,0.026799999999999997,72792,1133,1
10000,100,3,50,0.0102,0.0171,0.0273,72792,1133,1
10000,100,3,51,0.01,0.017,0.027000000000000003,72792,1133,1
10000,100,3,52,0.0099,0.017,0.0269,72792,1133,1
10000,100,3,53,0.01,0.0171,0.0271,72792,1133,1
10000,100,3,54,0.0102,0.0165,0.0267,72792,1133,1
10000,100,3,55,0.0101,0.0183,0.0284,72792,1133,1
10000,100,3,56,0.01,0.0168,0.026799999999999997,72792,1133,1
10000,100,3,57,0.01,0.0167,0.0267,72792,1133,1
10000,100,3,58,0.0103,0.0172,0.0275,72792,1133,1
10000,100,3,59,0.0101,0.0168,0.0269,72792,1133,1
10000,100,3,60,0.0101,0.0171,0.027200000000000002,72792,1133,1
10000,100,3,61,0.01,0.017,0.027000000000000003,72792,1133,1
10000,100,3,62,0.0101,0.0169,0.026999999999999996,72792,1133,1
10000,100,3,63,0.0102,0.0166,0.0268,72792,1133,1
10000,100,3,64,0.0103,0.0167,0.027,72792,1133,1
10000,100,3,65,0.01,0.017,0.027000000000000003,72792,1133,1
10000,100,3,66,0.0101,0.0173,0.0274,72792,1133,1
10000,100,3,67,0.0098,0.0171,0.0269,72792,1133,1
10000,100,3,68,0.0101,0.0169,0.026999999999999996,72792,1133,1
10000,100,3,69,0.0099,0.0195,0.029400000000000003,72792,1133,1
10000,100,3,70,0.0101,0.0173,0.0274,72792,1133,1
10000,100,3,71,0.01,0.0169,0.0269,72792,1133,1
10000,100,3,72,0.0101,0.0167,0.026799999999999997,72792,1133,1
10000,100,3,73,0.0102,0.0167,0.0269,72792,1133,1
10000,100,3,74,0.0116,0.0171,0.0287,72792,1133,1
10000,100,3,75,0.0107,0.0168,0.027499999999999997,72792,1133,1
10000,100,3,76,0.0106,0.017,0.0276,72792,1133,1
10000,100,3,77,0.0107,0.0172,0.0279,72792,1133,1
10000,100,3,78,0.01,0.0166,0.0266,72792,1133,1
10000,100,3,79,0.0102,0.0167,0.0269,72792,1133,1
10000,100,3,80,0.0103,0.0167,0.027,72792,1133,1
10000,100,3,81,0.0101,0.0169,0.026999999999999996,72792,1133,1
10000,100,3,82,0.0102,0.0172,0.0274,72792,1133,1
10000,100,3,83,0.0101,0.017,0.0271,72792,1133,1
10000,100,3,84,0.012,0.0169,0.0289,72792,1133,1
10000,100,3,85,0.01,0.0175,0.027500000000000004,72792,1133,1
10000,100,3,86,0.0101,0.0172,0.027299999999999998,72792,1133,1
10000,100,3,87,0.01,0.017,0.027000000000000003,72792,1133,1
10000,100,3,88,0.0101,0.0167,0.026799999999999997,72792,1133,1
10000,100,3,89,0.0102,0.0166,0.0268,72792,1133,1
10000,100,3,90,0.0104,0.0167,0.0271,72792,1133,1
10000,100,3,91,0.0099,0.0175,0.0274,72792,1133,1
10000,100,3,92,0.01,0.0169,0.0269,72792,1133,1
10000,100,3,93,0.0099,0.0169,0.026799999999999997,72792,1133,1
10000,100,3,94,0.0101,0.0165,0.0266,72792,1133,1
10000,100,3,95,0.0099,0.0169,0.026799999999999997,72792,1133,1
10000,100,3,96,0.0099,0.0167,0.0266,72792,1133,1
10000,100,3,97,0.0107,0.0169,0.0276,72792,1133,1
10000,100,3,98,0.0105,0.0178,0.0283,72792,1133,1
10000,100,3,99,0.0101,0.0171,0.027200000000000002,72792,1133,1
10000,100,3,100,0.01,0.0169,0.0269,72792,1133,1
10000,100,3,101,0.0099,0.0169,0.026799999999999997,72792,1133,1
10000,100,3,102,0.01,0.0171,0.0271,72792,1133,1
10000,100,3,103,0.01,0.0165,0.026500000000000003,72792,1133,1
10000,100,3,104,0.0099,0.0171,0.027000000000000003,72792,1133,1
10000,100,3,105,0.01,0.017,0.027000000000000003,72792,1133,1
10000,100,3,106,0.0099,0.0167,0.0266,72792,1133,1
10000,100,3,107,0.0102,0.0167,0.0269,72792,1133,1
10000,100,3,108,0.0102,0.0169,0.0271,72792,1133,1
10000,100,3,109,0.0101,0.0183,0.0284,72792,1133,1
10000,100,3,110,0.0099,0.0172,0.0271,72792,1133,1
10000,100,3,111,0.01,0.0166,0.0266,72792,1133,1
10000,100,3,112,0.01,0.019,0.028999999999999998,72792,1133,1
10000,100,3,113,0.0099,0.0175,0.0274,72792,1133,1
10000,100,3,114,0.0102,0.0177,0.0279,72792,1133,1
10000,100,3,115,0.0103,0.0175,0.027800000000000002,72792,1133,1
10000,100,3,116,0.0102,0.0175,0.027700000000000002,72792,1133,1
10000,100,3,117,0.0101,0.017,0.0271,72792,1133,1
10000,100,3,118,0.0103,0.017,0.0273,72792,1133,1
10000,100,3,119,0.0112,0.0222,0.0334,72792,1133,1
10000,100,3,120,0.0163,0.0267,0.043,72792,1133,1
10000,100,3,121,0.0191,0.0236,0.0427,72792,1134,1
10000,100,3,122,0.0168,0.0197,0.0365,72792,1134,1
10000,100,3,123,0.0119,0.0182,0.030100000000000002,72792,1134,1
10000,100,3,124,0.0102,0.0175,0.027700000000000002,72792,1134,1
10000,100,3,125,0.0104,0.0178,0.0282,72792,1134,1
10000,100,3,126,0.0106,0.0194,0.03,72792,1134,1
10000,100,3,127,0.017,0.019,0.036000000000000004,72792,1134,1
10000,100,3,128,0.0129,0.0176,0.0305,72792,1134,1
10000,100,3,129,0.011,0.0177,0.0287,72792,1134,1
10000,100,3,130,0.0101,0.0178,0.0279,72792,1134,1
10000,100,3,131,0.0104,0.0177,0.0281,72792,1134,1
10000,100,3,132,0.0102,0.0174,0.0276,72792,1134,1
10000,100,3,133,0.0101,0.0167,0.026799999999999997,72792,1134,1
10000,100,3,134,0.0114,0.0175,0.028900000000000002,72792,1134,1
10000,100,3,135,0.0121,0.0174,0.0295,72792,1134,1
10000,100,3,136,0.0108,0.0174,0.0282,72792,1134,1
10000,100,3,137,0.0101,0.0174,0.027499999999999997,72792,1134,1
10000,100,3,138,0.0102,0.0168,0.027,72792,1134,1
10000,100,3,139,0.0103,0.0173,0.0276,72792,1134,1
10000,100,3,140,0.0099,0.0173,0.027200000000000002,72792,1134,1
10000,100,3,141,0.0099,0.0188,0.028700000000000003,72792,1134,1
10000,100,3,142,0.0101,0.0179,0.027999999999999997,72792,1134,1
10000,100,3,143,0.0098,0.0175,0.0273,72792,1134,1
10000,100,3,144,0.01,0.0173,0.027299999999999998,72792,1134,1
10000,100,3,145,0.01,0.0174,0.0274,72792,1134,1
10000,100,3,146,0.0099,0.0172,0.0271,72792,1134,1
10000,100,3,147,0.01,0.017,0.027000000000000003,72792,1134,1
10000,100,3,148,0.0101,0.0174,0.027499999999999997,72792,1134,1
10000,100,3,149,0.01,0.017,0.027000000000000003,72792,1134,1
10000,100,3,150,0.0101,0.0172,0.027299999999999998,72792,1134,1
10000,100,3,151,0.0102,0.0169,0.0271,72792,1134,1
10000,100,3,152,0.01,0.0172,0.027200000000000002,72792,1134,1
10000,100,3,153,0.0152,0.0174,0.0326,72792,1134,1
10000,100,3,154,0.0112,0.0172,0.0284,72792,1134,1
10000,100,3,155,0.0104,0.0195,0.0299,72792,1134,1
10000,100,3,156,0.0102,0.0174,0.0276,72792,1134,1
10000,100,3,157,0.0102,0.017,0.027200000000000002,72792,1134,1
10000,100,3,158,0.0102,0.0175,0.027700000000000002,72792,1134,1
10000,100,3,159,0.0102,0.0171,0.0273,72792,1134,1
10000,100,3,160,0.0104,0.0169,0.027299999999999998,72792,1134,1
10000,100,3,161,0.0142,0.018,0.0322,72792,1134,1
10000,100,3,162,0.0102,0.0181,0.028300000000000002,72792,1134,1
10000,100,3,163,0.01,0.0174,0.0274,72792,1134,1
10000,100,3,164,0.0102,0.017,0.027200000000000002,72792,1134,1
10000,100,3,165,0.0103,0.0172,0.0275,72792,1134,1
10000,100,3,166,0.0101,0.0178,0.0279,72792,1134,1
10000,100,3,167,0.0104,0.0173,0.0277,72792,1134,1
10000,100,3,168,0.0102,0.0175,0.027700000000000002,72792,1134,1
10000,100,3,169,0.0102,0.017,0.027200000000000002,72792,1134,1
10000,100,3,170,0.0111,0.0172,0.0283,72792,1134,1
10000,100,3,171,0.0103,0.0168,0.0271,72792,1134,1
10000,100,3,172,0.0102,0.0168,0.027,72792,1134,1
10000,100,3,173,0.0101,0.0165,0.0266,72792,1134,1
10000,100,3,174,0.01,0.0167,0.0267,72792,1134,1
10000,100,3,175,0.01,0.017,0.027000000000000003,72792,1134,1
10000,100,3,176,0.0103,0.0169,0.0272,72792,1134,1
10000,100,3,177,0.0106,0.0168,0.0274,72792,1134,1
10000,100,3,178,0.0121,0.0171,0.0292,72792,1134,1
10000,100,3,179,0.0113,0.0177,0.028999999999999998,72792,1134,1
10000,100,3,180,0.0121,0.0171,0.0292,72792,1134,1
10000,100,3,181,0.0101,0.0171,0.027200000000000002,72792,1134,1
10000,100,3,182,0.0102,0.0171,0.0273,72792,1134,1
10000,100,3,183,0.0103,0.0166,0.0269,72792,1134,1
10000,100,3,184,0.0102,0.0193,0.029500000000000002,72792,1134,1
10000,100,3,185,0.0101,0.018,0.0281,72792,1134,1
10000,100,3,186,0.0102,0.0177,0.0279,72792,1134,1
10000,100,3,187,0.01,0.0182,0.028200000000000003,72792,1134,1
10000,100,3,188,0.0103,0.0175,0.027800000000000002,72792,1134,1
10000,100,3,189,0.0101,0.0169,0.026999999999999996,72792,1134,1
10000,100,3,190,0.0101,0.0174,0.027499999999999997,72792,1134,1
10000,100,3,191,0.0105,0.0181,0.0286,72792,1134,1
10000,100,3,192,0.01,0.0173,0.027299999999999998,72792,1134,1
10000,100,3,193,0.0101,0.0172,0.027299999999999998,72792,1134,1
10000,100,3,194,0.0103,0.0166,0.0269,72792,1134,1
10000,100,3,195,0.0103,0.0171,0.0274,72792,1134,1
10000,100,3,196,0.01,0.0169,0.0269,72792,1134,1
10000,100,3,197,0.0141,0.0171,0.0312,72792,1134,1
10000,100,3,198,0.0101,0.0186,0.028699999999999996,72792,1134,1
10000,100,3,199,0.01,0.0168,0.026799999999999997,72792,1134,1
10000,100,3,200,0.01,0.0181,0.0281,72792,1134,1
10000,100,3,201,0.01,0.0171,0.0271,72792,1134,1
10000,100,3,202,0.0103,0.0166,0.0269,72792,1134,1
10000,100,3,203,0.0101,0.0165,0.0266,72792,1134,1
10000,100,3,204,0.0102,0.017,0.027200000000000002,72792,1134,1
10000,100,3,205,0.0103,0.0175,0.027800000000000002,72792,1134,1
10000,100,3,206,0.0099,0.0175,0.0274,72792,1134,1
10000,100,3,207,0.0099,0.017,0.0269,72792,1134,1
10000,100,3,208,0.0104,0.0167,0.0271,72792,1134,1
10000,100,3,209,0.0101,0.0169,0.026999999999999996,72792,1134,1
10000,100,3,210,0.0101,0.0171,0.027200000000000002,72792,1134,1
10000,100,3,211,0.01,0.0171,0.0271,72792,1134,1
10000,100,3,212,0.01,0.0194,0.029400000000000003,72792,1134,1
10000,100,3,213,0.0101,0.0176,0.027700000000000002,72792,1134,1
10000,100,3,214,0.0099,0.0169,0.026799999999999997,72792,1134,1
10000,100,3,215,0.01,0.0171,0.0271,72792,1134,1
10000,100,3,216,0.0108,0.0172,0.028,72792,1134,1
10000,100,3,217,0.01,0.017,0.027000000000000003,72792,1134,1
10000,100,3,218,0.01,0.0175,0.027500000000000004,72792,1134,1
10000,100,3,219,0.0099,0.017,0.0269,72792,1134,1
10000,100,3,220,0.0107,0.0166,0.027299999999999998,72792,1134,1
10000,100,3,221,0.01,0.0171,0.0271,72792,1134,1
10000,100,3,222,0.0103,0.0177,0.028,72792,1134,1
10000,100,3,223,0.01,0.0173,0.027299999999999998,72792,1134,1
10000,100,3,224,0.0101,0.0167,0.026799999999999997,72792,1134,1
10000,100,3,225,0.0101,0.0168,0.0269,72792,1134,1
10000,100,3,226,0.01,0.0173,0.027299999999999998,72792,1134,1
10000,100,3,227,0.0118,0.018,0.0298,72792,1134,1
10000,100,3,228,0.0105,0.0173,0.0278,72792,1134,1
10000,100,3,229,0.0109,0.0168,0.0277,72792,1134,1
10000,100,3,230,0.0103,0.0169,0.0272,72792,1134,1
10000,100,3,231,0.0099,0.0171,0.027000000000000003,72792,1134,1
10000,100,3,232,0.0102,0.017,0.027200000000000002,72792,1134,1
10000,100,3,233,0.0101,0.0166,0.0267,72792,1134,1
10000,100,3,234,0.01,0.0181,0.0281,72792,1134,1
10000,100,3,235,0.0101,0.0177,0.0278,72792,1134,1
10000,100,3,236,0.01,0.0173,0.027299999999999998,72792,1134,1
10000,100,3,237,0.0103,0.0171,0.0274,72792,1134,1
10000,100,3,238,0.0103,0.0176,0.0279,72792,1134,1
10000,100,3,239,0.01,0.0243,0.0343,73632,1134,1
10000,100,3,240,0.0102,0.0173,0.0275,72792,1134,1
10000,100,3,241,0.01,0.0186,0.0286,72792,1134,1
10000,100,3,242,0.0101,0.0174,0.027499999999999997,72792,1134,1
10000,100,3,243,0.0101,0.0171,0.027200000000000002,72792,1134,1
10000,100,3,244,0.0103,0.0179,0.0282,72792,1134,1
10000,100,3,245,0.01,0.0178,0.0278,72792,1134,1
10000,100,3,246,0.0101,0.017,0.0271,72792,1134,1
10000,100,3,247,0.0102,0.017,0.027200000000000002,72792,1134,1
10000,100,3,248,0.0099,0.0173,0.027200000000000002,72792,1134,1
10000,100,3,249,0.0099,0.0175,0.0274,72792,1134,1
10000,100,3,250,0.0101,0.0172,0.027299999999999998,72792,1134,1
10000,100,3,251,0.0101,0.0171,0.027200000000000002,72792,1134,1
10000,100,3,252,0.0102,0.0172,0.0274,72792,1134,1
10000,100,3,253,0.0101,0.0168,0.0269,72792,1134,1
10000,100,3,254,0.01,0.0177,0.027700000000000002,72792,1134,1
10000,100,3,255,0.0101,0.0215,0.031599999999999996,72792,1134,1
10000,10000,1,0,1.1981,1.7663,2.9644,7170792,112429,79
10000,10000,1,1,1.2145,1.7311,2.9455999999999998,7169112,112429,79
10000,10000,1,2,1.1898,1.7156,2.9054,7169112,112429,79
10000,10000,1,3,1.1935,1.7106,2.9040999999999997,7169952,112429,79
10000,10000,1,4,1.2657,1.7154,2.9811,7169952,112429,79
10000,10000,1,5,1.1735,1.701,2.8745000000000003,7170792,112429,79
10000,10000,1,6,1.161,1.6948,2.8558000000000003,7169112,112429,79
10000,10000,1,7,1.1668,1.6961,2.8629,7171632,112429,79
10000,10000,1,8,1.2163,1.873,3.0892999999999997,7169112,112429,79
10000,10000,1,9,1.1853,1.7351,2.9204,7169112,112429,79
10000,10000,1,10,1.1529,1.7247,2.8776,7169112,112429,79
10000,10000,1,11,1.1879,2.0387,3.2266,7169112,112429,79
10000,10000,1,12,1.3046,1.7747,3.0793,7169112,112429,79
10000,10000,1,13,1.235,1.9079,3.1429,7170792,112429,79
10000,10000,1,14,1.3117,1.9451,3.2568,7169112,112429,79
10000,10000,1,15,1.2304,2.048,3.2784,7170792,112429,79
10000,10000,1,16,1.1908,1.8985,3.0893,7169112,112429,79
10000,10000,1,17,1.3,1.8535,3.1535,7169952,112429,79
10000,10000,1,18,1.3665,1.8431,3.2096,7169952,112429,79
10000,10000,1,19,1.2098,1.7931,3.0029,7169952,112429,79
10000,10000,1,20,1.1738,1.751,2.9248,7169952,112429,79
10000,10000,1,21,1.1603,1.7527,2.9130000000000003,7169112,112429,79
10000,10000,1,22,1.2161,1.8423,3.0584,7169952,112429,79
10000,10000,1,23,1.2006,1.7839,2.9844999999999997,7169112,112429,79
10000,10000,1,24,1.147,1.6809,2.8279,7169112,112429,79
10000,10000,1,25,1.1452,1.9979,3.1431,7169112,112429,79
10000,10000,1,26,1.1977,1.842,3.0397,7169112,112429,79
10000,10000,1,27,1.1584,1.8778,3.0362,7169112,112429,79
10000,10000,1,28,1.227,1.8302,3.0572,7170792,112429,79
10000,10000,1,29,1.1401,1.7991,2.9391999999999996,7169952,112429,79
10000,10000,1,30,1.1798,2.0058,3.1856,7169952,112429,79
10000,10000,1,31,1.1726,1.7769,2.9495,7169952,112429,79
10000,10000,2,0,1.1768,1.698,2.8748,7169952,112429,79
10000,10000,2,1,1.3178,1.6762,2.9939999999999998,7169112,112429,79
10000,10000,2,2,1.2547,1.6552,2.9099,7169112,112429,79
10000,10000,2,3,1.4376,1.6618,3.0994,7169952,112429,79
10000,10000,2,4,1.2848,1.6676,2.9524,7169112,112429,79
10000,10000,2,5,1.322,1.7311,3.0531,7169952,112429,79
10000,10000,2,6,1.2496,1.8321,3.0817,7169112,112429,79
10000,10000,2,7,1.3441,1.7965,3.1406,7169112,112429,79
10000,10000,2,8,1.621,1.7485,3.3695,7169112,112429,79
10000,10000,2,9,1.4093,1.7582,3.1675,7169112,112429,79
10000,10000,2,10,1.3218,1.6787,3.0005,7169952,112429,79
10000,10000,2,11,1.3867,1.6742,3.0609,7169112,112429,79
10000,10000,2,12,1.6937,1.7656,3.4593,7169952,112429,79
10000,10000,2,13,1.2801,1.6862,2.9663,7169112,112429,79
10000,10000,2,14,1.1593,1.7211,2.8804,7169952,112429,79
10000,10000,2,15,1.1563,6.0197,7.176,7169952,112429,79
10000,10000,2,16,1.3921,2.3073,3.6994,7169112,112429,79
10000,10000,2,17,1.1728,1.7287,2.9015,7169112,112429,79
10000,10000,2,18,1.186,1.7043,2.8903,7169952,112429,79
10000,10000,2,19,1.1694,1.6642,2.8335999999999997,7169952,112429,79
10000,10000,2,20,1.1875,1.6873,2.8748,7169952,112429,79
10000,10000,2,21,1.1826,1.6507,2.8333000000000004,7169112,112429,79
10000,10000,2,22,1.177,1.6757,2.8527,7169952,112429,79
10000,10000,2,23,1.18,1.6605,2.8405,7169112,112429,79
10000,10000,2,24,1.1919,1.6402,2.8321,7170792,112429,79
10000,10000,2,25,1.16,1.6524,2.8124000000000002,7169112,112429,79
10000,10000,2,26,1.3476,1.7552,3.1028000000000002,7169112,112429,79
10000,10000,2,27,1.1769,1.7039,2.8808,7171632,112429,79
10000,10000,2,28,1.1597,1.7339,2.8936,7169112,112429,79
10000,10000,2,29,1.163,1.7193,2.8823,7171632,112429,79
10000,10000,2,30,1.1676,1.7008,2.8684000000000003,7171632,112429,79
10000,10000,2,31,1.1563,1.6961,2.8524000000000003,7169952,112429,79
10000,10000,3,0,1.2932,1.6823,2.9755,7171632,112429,79
10000,10000,3,1,1.2468,1.7143,2.9611,7169112,112429,79
10000,10000,3,2,1.233,1.6905,2.9234999999999998,7169952,112429,79
10000,10000,3,3,1.1431,1.6577,2.8007999999999997,7169952,112429,79
10000,10000,3,4,1.2899,1.6776,2.9675000000000002,7169112,112429,79
10000,10000,3,5,1.4298,1.7331,3.1629,7169952,112429,79
10000,10000,3,6,1.1931,1.7084,2.9015,7169112,112429,79
10000,10000,3,7,1.508,1.7006,3.2085999999999997,7169952,112429,79
10000,10000,3,8,1.3554,1.6787,3.0341,7170792,112429,79
10000,10000,3,9,1.463,1.7301,3.1931000000000003,7169952,112429,79
10000,10000,3,10,1.1386,1.651,2.7896,7169112,112429,79
10000,10000,3,11,1.2455,1.6706,2.9161,7169952,112429,79
10000,10000,3,12,1.4721,1.6571,3.1292,7169112,112429,79
10000,10000,3,13,1.146,1.6448,2.7908,7169952,112429,79
10000,10000,3,14,1.1864,1.7314,2.9177999999999997,7170792,112429,79
10000,10000,3,15,1.1368,1.7029,2.8397,7169112,112429,79
10000,10000,3,16,1.1487,1.7425,2.8912,7169952,112429,79
10000,10000,3,17,1.1349,1.7083,2.8432,7169112,112429,79
10000,10000,3,18,1.2085,1.7385,2.947,7169112,112429,79
10000,10000,3,19,1.146,1.67,2.816,7169112,112429,79
10000,10000,3,20,1.1725,1.7203,2.8928000000000003,7169112,112429,79
10000,10000,3,21,1.1483,2.0138,3.1620999999999997,7169112,112429,79
10000,10000,3,22,1.1786,5.967,7.1456,7169112,112429,79
10000,10000,3,23,1.229,1.8582,3.0872,7170792,112429,79
10000,10000,3,24,1.1567,1.9675,3.1242,7169112,112429,79
10000,10000,3,25,1.1753,1.7787,2.9539999999999997,7169112,112429,79
10000,10000,3,26,1.1934,1.8234,3.0168,7170792,112429,79
10000,10000,3,27,1.2119,1.8234,3.0353,7169952,112429,79
10000,10000,3,28,1.1741,1.7327,2.9067999999999996,7169112,112429,79
10000,10000,3,29,1.1753,1.7138,2.8891,7169952,112429,79
10000,10000,3,30,1.1909,1.7222,2.9131,7169112,112429,79
10000,10000,3,31,1.1798,1.7077,2.8875,7170792,112429,79
65536,0,1,0,1.0E-4,0.0,1.0E-4,0,0,0
65536,0,1,1,0.0,0.0,0.0,0,0,0
65536,0,1,2,1.0E-4,0.0,1.0E-4,0,0,0
65536,0,1,3,0.0,1.0E-4,1.0E-4,0,0,0
65536,0,1,4,1.0E-4,0.0,1.0E-4,0,0,0
65536,0,1,5,1.0E-4,0.0,1.0E-4,0,0,0
65536,0,1,6,0.0,0.0,0.0,0,0,0
65536,0,1,7,0.0,1.0E-4,1.0E-4,0,0,0
65536,0,1,8,0.0,0.0,0.0,0,0,0
65536,0,1,9,0.0,0.0,0.0,0,0,0
65536,0,1,10,0.0,1.0E-4,1.0E-4,0,0,0
65536,0,1,11,0.0,0.0,0.0,0,0,0
65536,0,1,12,0.0,1.0E-4,1.0E-4,0,0,0
65536,0,1,13,0.0,1.0E-4,1.0E-4,0,0,0
65536,0,1,14,0.0,1.0E-4,1.0E-4,0,0,0
65536,0,1,15,1.0E-4,0.0,1.0E-4,0,0,0
65536,0,1,16,1.0E-4,0.0,1.0E-4,0,0,0
65536,0,1,17,0.0,0.0,0.0,0,0,0
65536,0,1,18,0.0,0.0,0.0,0,0,0
65536,0,1,19,0.0,0.0,0.0,0,0,0
65536,0,1,20,0.0,0.0,0.0,0,0,0
65536,0,1,21,0.0,0.0,0.0,0,0,0
65536,0,1,22,0.0,0.0,0.0,0,0,0
65536,0,1,23,1.0E-4,0.0,1.0E-4,0,0,0
65536,0,1,24,0.0,0.0,0.0,0,0,0
65536,0,1,25,0.0,0.0,0.0,0,0,0
65536,0,1,26,0.0,0.0,0.0,0,0,0
65536,0,1,27,0.0,1.0E-4,1.0E-4,0,0,0
65536,0,1,28,0.0,1.0E-4,1.0E-4,0,0,0
65536,0,1,29,0.0,0.0,0.0,0,0,0
65536,0,1,30,0.0,0.0,0.0,0,0,0
65536,0,1,31,0.0,1.0E-4,1.0E-4,0,0,0
65536,0,1,32,0.0,1.0E-4,1.0E-4,0,0,0
65536,0,1,33,1.0E-4,0.0,1.0E-4,0,0,0
65536,0,1,34,0.0,0.0,0.0,0,0,0
65536,0,1,35,1.0E-4,0.0,1.0E-4,0,0,0
65536,0,1,36,0.0,0.0,0.0,0,0,0
65536,0,1,37,0.0,0.0,0.0,0,0,0
65536,0,1,38,0.0,0.0,0.0,0,0,0
65536,0,1,39,1.0E-4,0.0,1.0E-4,0,0,0
65536,0,1,40,1.0E-4,0.0,1.0E-4,0,0,0
65536,0,1,41,0.0,1.0E-4,1.0E-4,0,0,0
65536,0,1,42,0.0,0.0,0.0,0,0,0
65536,0,1,43,1.0E-4,0.0,1.0E-4,0,0,0
65536,0,1,44,1.0E-4,0.0,1.0E-4,0,0,0
65536,0,1,45,0.0,1.0E-4,1.0E-4,0,0,0
65536,0,1,46,0.0,0.0,0.0,0,0,0
65536,0,1,47,0.0,0.0,0.0,0,0,0
65536,0,1,48,0.0,0.0,0.0,0,0,0
65536,0,1,49,0.0,1.0E-4,1.0E-4,0,0,0
65536,0,1,50,0.0,0.0,0.0,0,0,0
65536,0,1,51,0.0,0.0,0.0,0,0,0
65536,0,1,52,1.0E-4,0.0,1.0E-4,0,0,0
65536,0,1,53,0.0,0.0,0.0,0,0,0
65536,0,1,54,0.0,0.0,0.0,0,0,0
65536,0,1,55,0.0,0.0,0.0,0,0,0
65536,0,1,56,0.0,0.0,0.0,0,0,0
65536,0,1,57,1.0E-4,0.0,1.0E-4,0,0,0
65536,0,1,58,1.0E-4,0.0,1.0E-4,0,0,0
65536,0,1,59,0.0,1.0E-4,1.0E-4,0,0,0
65536,0,1,60,0.0,0.0,0.0,0,0,0
65536,0,1,61,0.0,1.0E-4,1.0E-4,0,0,0
65536,0,1,62,0.0,1.0E-4,1.0E-4,0,0,0
65536,0,1,63,1.0E-4,0.0,1.0E-4,0,0,0
65536,0,1,64,0.0,0.0,0.0,0,0,0
65536,0,1,65,1.0E-4,0.0,1.0E-4,0,0,0
65536,0,1,66,0.0,0.0,0.0,0,0,0
65536,0,1,67,0.0,0.0,0.0,0,0,0
65536,0,1,68,0.0,1.0E-4,1.0E-4,0,0,0
65536,0,1,69,0.0,1.0E-4,1.0E-4,0,0,0
65536,0,1,70,1.0E-4,0.0,1.0E-4,0,0,0
65536,0,1,71,0.0,1.0E-4,1.0E-4,0,0,0
65536,0,1,72,0.0,0.0,0.0,0,0,0
65536,0,1,73,0.0,0.0,0.0,0,0,0
65536,0,1,74,0.0,0.0,0.0,0,0,0
65536,0,1,75,0.0,0.0,0.0,0,0,0
65536,0,1,76,1.0E-4,0.0,1.0E-4,0,0,0
65536,0,1,77,1.0E-4,0.0,1.0E-4,0,0,0
65536,0,1,78,0.0,0.0,0.0,0,0,0
65536,0,1,79,0.0,0.0,0.0,0,0,0
65536,0,1,80,1.0E-4,0.0,1.0E-4,0,0,0
65536,0,1,81,1.0E-4,0.0,1.0E-4,0,0,0
65536,0,1,82,0.0,1.0E-4,1.0E-4,0,0,0
65536,0,1,83,0.0,0.0,0.0,0,0,0
65536,0,1,84,0.0,0.0,0.0,0,0,0
65536,0,1,85,0.0,1.0E-4,1.0E-4,0,0,0
65536,0,1,86,0.0,0.0,0.0,0,0,0
65536,0,1,87,0.0,1.0E-4,1.0E-4,0,0,0
65536,0,1,88,0.0,1.0E-4,1.0E-4,0,0,0
65536,0,1,89,1.0E-4,0.0,1.0E-4,0,0,0
65536,0,1,90,0.0,0.0,0.0,0,0,0
65536,0,1,91,0.0,0.0,0.0,0,0,0
65536,0,1,92,0.0,1.0E-4,1.0E-4,0,0,0
65536,0,1,93,0.0,1.0E-4,1.0E-4,0,0,0
65536,0,1,94,0.0,0.0,0.0,0,0,0
65536,0,1,95,0.0,0.0,0.0,0,0,0
65536,0,1,96,0.0,1.0E-4,1.0E-4,0,0,0
65536,0,1,97,0.0,1.0E-4,1.0E-4,0,0,0
65536,0,1,98,1.0E-4,0.0,1.0E-4,0,0,0
65536,0,1,99,0.0,1.0E-4,1.0E-4,0,0,0
65536,0,1,100,0.0,0.0,0.0,0,0,0
65536,0,1,101,0.0,0.0,0.0,0,0,0
65536,0,1,102,0.0,0.0,0.0,0,0,0
65536,0,1,103,0.0,0.0,0.0,0,0,0
65536,0,1,104,1.0E-4,0.0,1.0E-4,0,0,0
65536,0,1,105,1.0E-4,0.0,1.0E-4,0,0,0
65536,0,1,106,0.0,0.0,0.0,0,0,0
65536,0,1,107,1.0E-4,0.0,1.0E-4,0,0,0
65536,0,1,108,0.0,0.0,0.0,0,0,0
65536,0,1,109,0.0,1.0E-4,1.0E-4,0,0,0
65536,0,1,110,0.0,0.0,0.0,0,0,0
65536,0,1,111,0.0,0.0,0.0,0,0,0
65536,0,1,112,0.0,0.0,0.0,0,0,0
65536,0,1,113,0.0,0.0,0.0,0,0,0
65536,0,1,114,1.0E-4,0.0,1.0E-4,0,0,0
65536,0,1,115,1.0E-4,0.0,1.0E-4,0,0,0
65536,0,1,116,0.0,0.0,0.0,0,0,0
65536,0,1,117,0.0,0.0,0.0,0,0,0
65536,0,1,118,1.0E-4,0.0,1.0E-4,0,0,0
65536,0,1,119,1.0E-4,0.0,1.0E-4,0,0,0
65536,0,1,120,0.0,1.0E-4,1.0E-4,0,0,0
65536,0,1,121,1.0E-4,0.0,1.0E-4,0,0,0
65536,0,1,122,0.0,0.0,0.0,0,0,0
65536,0,1,123,1.0E-4,0.0,1.0E-4,0,0,0
65536,0,1,124,1.0E-4,0.0,1.0E-4,0,0,0
65536,0,1,125,0.0,0.0,0.0,0,0,0
65536,0,1,126,1.0E-4,0.0,1.0E-4,0,0,0
65536,0,1,127,1.0E-4,0.0,1.0E-4,0,0,0
65536,0,1,128,0.0,1.0E-4,1.0E-4,0,0,0
65536,0,1,129,1.0E-4,0.0,1.0E-4,0,0,0
65536,0,1,130,0.0,0.0,0.0,0,0,0
65536,0,1,131,1.0E-4,0.0,1.0E-4,0,0,0
65536,0,1,132,0.0,1.0E-4,1.0E-4,0,0,0
65536,0,1,133,0.0,0.0,0.0,0,0,0
65536,0,1,134,0.0,0.0,0.0,0,0,0
65536,0,1,135,0.0,0.0,0.0,0,0,0
65536,0,1,136,0.0,0.0,0.0,0,0,0
65536,0,1,137,1.0E-4,0.0,1.0E-4,0,0,0
65536,0,1,138,0.0,0.0,0.0,0,0,0
65536,0,1,139,0.0,0.0,0.0,0,0,0
65536,0,1,140,0.0,1.0E-4,1.0E-4,0,0,0
65536,0,1,141,0.0,1.0E-4,1.0E-4,0,0,0
65536,0,1,142,1.0E-4,0.0,1.0E-4,0,0,0
65536,0,1,143,0.0,1.0E-4,1.0E-4,0,0,0
65536,0,1,144,0.0,0.0,0.0,0,0,0
65536,0,1,145,0.0,0.0,0.0,0,0,0
65536,0,1,146,0.0,1.0E-4,1.0E-4,0,0,0
65536,0,1,147,0.0,0.0,0.0,0,0,0
65536,0,1,148,1.0E-4,0.0,1.0E-4,0,0,0
65536,0,1,149,1.0E-4,0.0,1.0E-4,0,0,0
65536,0,1,150,0.0,0.0,0.0,0,0,0
65536,0,1,151,0.0,1.0E-4,1.0E-4,0,0,0
65536,0,1,152,0.0,0.0,0.0,0,0,0
65536,0,1,153,1.0E-4,0.0,1.0E-4,0,0,0
65536,0,1,154,0.0,1.0E-4,1.0E-4,0,0,0
65536,0,1,155,1.0E-4,0.0,1.0E-4,0,0,0
65536,0,1,156,0.0,1.0E-4,1.0E-4,0,0,0
65536,0,1,157,0.0,0.0,0.0,0,0,0
65536,0,1,158,0.0,0.0,0.0,0,0,0
65536,0,1,159,1.0E-4,0.0,1.0E-4,0,0,0
65536,0,1,160,0.0,0.0,0.0,0,0,0
65536,0,1,161,1.0E-4,0.0,1.0E-4,0,0,0
65536,0,1,162,0.0,0.0,0.0,0,0,0
65536,0,1,163,1.0E-4,0.0,1.0E-4,0,0,0
65536,0,1,164,1.0E-4,0.0,1.0E-4,0,0,0
65536,0,1,165,0.0,0.0,0.0,0,0,0
65536,0,1,166,0.0,0.0,0.0,0,0,0
65536,0,1,167,1.0E-4,0.0,1.0E-4,0,0,0
65536,0,1,168,0.0,0.0,0.0,0,0,0
65536,0,1,169,0.0,0.0,0.0,0,0,0
65536,0,1,170,0.0,0.0,0.0,0,0,0
65536,0,1,171,1.0E-4,0.0,1.0E-4,0,0,0
65536,0,1,172,0.0,0.0,0.0,0,0,0
65536,0,1,173,1.0E-4,0.0,1.0E-4,0,0,0
65536,0,1,174,1.0E-4,0.0,1.0E-4,0,0,0
65536,0,1,175,0.0,1.0E-4,1.0E-4,0,0,0
65536,0,1,176,0.0,0.0,0.0,0,0,0
65536,0,1,177,0.0,0.0,0.0,0,0,0
65536,0,1,178,1.0E-4,0.0,1.0E-4,0,0,0
65536,0,1,179,0.0,0.0,0.0,0,0,0
65536,0,1,180,1.0E-4,0.0,1.0E-4,0,0,0
65536,0,1,181,0.0,0.0,0.0,0,0,0
65536,0,1,182,0.0,0.0,0.0,0,0,0
65536,0,1,183,0.0,0.0,0.0,0,0,0
65536,0,1,184,1.0E-4,0.0,1.0E-4,0,0,0
65536,0,1,185,1.0E-4,0.0,1.0E-4,0,0,0
65536,0,1,186,0.0,1.0E-4,1.0E-4,0,0,0
65536,0,1,187,0.0,0.0,0.0,0,0,0
65536,0,1,188,0.0,0.0,0.0,0,0,0
65536,0,1,189,1.0E-4,0.0,1.0E-4,0,0,0
65536,0,1,190,0.0,0.0,0.0,0,0,0
65536,0,1,191,1.0E-4,0.0,1.0E-4,0,0,0
65536,0,1,192,0.0,0.0,0.0,0,0,0
65536,0,1,193,0.0,1.0E-4,1.0E-4,0,0,0
65536,0,1,194,0.0,1.0E-4,1.0E-4,0,0,0
65536,0,1,195,1.0E-4,0.0,1.0E-4,0,0,0
65536,0,1,196,0.0,0.0,0.0,0,0,0
65536,0,1,197,0.0,0.0,0.0,0,0,0
65536,0,1,198,0.0,1.0E-4,1.0E-4,0,0,0
65536,0,1,199,0.0,1.0E-4,1.0E-4,0,0,0
65536,0,1,200,1.0E-4,0.0,1.0E-4,0,0,0
65536,0,1,201,0.0,0.0,0.0,0,0,0
65536,0,1,202,0.0,0.0,0.0,0,0,0
65536,0,1,203,0.0,1.0E-4,1.0E-4,0,0,0
65536,0,1,204,0.0,0.0,0.0,0,0,0
65536,0,1,205,0.0,0.0,0.0,0,0,0
65536,0,1,206,1.0E-4,0.0,1.0E-4,0,0,0
65536,0,1,207,0.0,0.0,0.0,0,0,0
65536,0,1,208,0.0,0.0,0.0,0,0,0
65536,0,1,209,0.0,0.0,0.0,0,0,0
65536,0,1,210,1.0E-4,0.0,1.0E-4,0,0,0
65536,0,1,211,1.0E-4,0.0,1.0E-4,0,0,0
65536,0,1,212,0.0,0.0,0.0,0,0,0
65536,0,1,213,1.0E-4,0.0,1.0E-4,0,0,0
65536,0,1,214,1.0E-4,0.0,1.0E-4,0,0,0
65536,0,1,215,0.0,0.0,0.0,0,0,0
65536,0,1,216,0.0,0.0,0.0,0,0,0
65536,0,1,217,0.0,0.0,0.0,0,0,0
65536,0,1,218,1.0E-4,0.0,1.0E-4,0,0,0
65536,0,1,219,0.0,1.0E-4,1.0E-4,0,0,0
65536,0,1,220,0.0,0.0,0.0,0,0,0
65536,0,1,221,0.0,1.0E-4,1.0E-4,0,0,0
65536,0,1,222,0.0,0.0,0.0,0,0,0
65536,0,1,223,1.0E-4,0.0,1.0E-4,0,0,0
65536,0,1,224,0.0,0.0,0.0,0,0,0
65536,0,1,225,0.0,0.0,0.0,0,0,0
65536,0,1,226,1.0E-4,0.0,1.0E-4,0,0,0
65536,0,1,227,1.0E-4,0.0,1.0E-4,0,0,0
65536,0,1,228,0.0,1.0E-4,1.0E-4,0,0,0
65536,0,1,229,1.0E-4,0.0,1.0E-4,0,0,0
65536,0,1,230,0.0,1.0E-4,1.0E-4,0,0,0
65536,0,1,231,1.0E-4,0.0,1.0E-4,0,0,0
65536,0,1,232,0.0,1.0E-4,1.0E-4,0,0,0
65536,0,1,233,1.0E-4,0.0,1.0E-4,0,0,0
65536,0,1,234,0.0,1.0E-4,1.0E-4,0,0,0
65536,0,1,235,1.0E-4,0.0,1.0E-4,0,0,0
65536,0,1,236,0.0,1.0E-4,1.0E-4,0,0,0
65536,0,1,237,0.0,0.0,0.0,0,0,0
65536,0,1,238,0.0,0.0,0.0,0,0,0
65536,0,1,239,0.0,0.0,0.0,0,0,0
65536,0,1,240,0.0,0.0,0.0,0,0,0
65536,0,1,241,0.0,0.0,0.0,0,0,0
65536,0,1,242,0.0,0.0,0.0,0,0,0
65536,0,1,243,0.0,0.0,0.0,0,0,0
65536,0,1,244,0.0,0.0,0.0,0,0,0
65536,0,1,245,0.0,0.0,0.0,0,0,0
65536,0,1,246,0.0,1.0E-4,1.0E-4,0,0,0
65536,0,1,247,0.0,1.0E-4,1.0E-4,0,0,0
65536,0,1,248,0.0,0.0,0.0,0,0,0
65536,0,1,249,0.0,0.0,0.0,0,0,0
65536,0,1,250,0.0,0.0,0.0,0,0,0
65536,0,1,251,0.0,0.0,0.0,0,0,0
65536,0,1,252,0.0,0.0,0.0,0,0,0
65536,0,1,253,0.0,1.0E-4,1.0E-4,0,0,0
65536,0,1,254,0.0,0.0,0.0,0,0,0
65536,0,1,255,0.0,1.0E-4,1.0E-4,0,0,0
65536,0,2,0,0.0,0.0,0.0,0,0,0
65536,0,2,1,0.0,0.0,0.0,0,0,0
65536,0,2,2,0.0,0.0,0.0,0,0,0
65536,0,2,3,0.0,1.0E-4,1.0E-4,0,0,0
65536,0,2,4,0.0,0.0,0.0,0,0,0
65536,0,2,5,0.0,0.0,0.0,0,0,0
65536,0,2,6,0.0,0.0,0.0,0,0,0
65536,0,2,7,0.0,1.0E-4,1.0E-4,0,0,0
65536,0,2,8,0.0,1.0E-4,1.0E-4,0,0,0
65536,0,2,9,1.0E-4,0.0,1.0E-4,0,0,0
65536,0,2,10,0.0,0.0,0.0,0,0,0
65536,0,2,11,0.0,0.0,0.0,0,0,0
65536,0,2,12,0.0,0.0,0.0,0,0,0
65536,0,2,13,0.0,1.0E-4,1.0E-4,0,0,0
65536,0,2,14,0.0,0.0,0.0,0,0,0
65536,0,2,15,1.0E-4,0.0,1.0E-4,0,0,0
65536,0,2,16,0.0,0.0,0.0,0,0,0
65536,0,2,17,0.0,1.0E-4,1.0E-4,0,0,0
65536,0,2,18,0.0,0.0,0.0,0,0,0
65536,0,2,19,0.0,0.0,0.0,0,0,0
65536,0,2,20,0.0,1.0E-4,1.0E-4,0,0,0
65536,0,2,21,0.0,0.0,0.0,0,0,0
65536,0,2,22,0.0,0.0,0.0,0,0,0
65536,0,2,23,0.0,1.0E-4,1.0E-4,0,0,0
65536,0,2,24,0.0,0.0,0.0,0,0,0
65536,0,2,25,1.0E-4,0.0,1.0E-4,0,0,0
65536,0,2,26,0.0,0.0,0.0,0,0,0
65536,0,2,27,0.0,1.0E-4,1.0E-4,0,0,0
65536,0,2,28,1.0E-4,0.0,1.0E-4,0,0,0
65536,0,2,29,0.0,0.0,0.0,0,0,0
65536,0,2,30,0.0,1.0E-4,1.0E-4,0,0,0
65536,0,2,31,1.0E-4,0.0,1.0E-4,0,0,0
65536,0,2,32,0.0,0.0,0.0,0,0,0
65536,0,2,33,0.0,0.0,0.0,0,0,0
65536,0,2,34,1.0E-4,0.0,1.0E-4,0,0,0
65536,0,2,35,0.0,0.0,0.0,0,0,0
65536,0,2,36,0.0,1.0E-4,1.0E-4,0,0,0
65536,0,2,37,1.0E-4,0.0,1.0E-4,0,0,0
65536,0,2,38,0.0,0.0,0.0,0,0,0
65536,0,2,39,0.0,1.0E-4,1.0E-4,0,0,0
65536,0,2,40,0.0,0.0,0.0,0,0,0
65536,0,2,41,0.0,0.0,0.0,0,0,0
65536,0,2,42,0.0,0.0,0.0,0,0,0
65536,0,2,43,0.0,1.0E-4,1.0E-4,0,0,0
65536,0,2,44,1.0E-4,0.0,1.0E-4,0,0,0
65536,0,2,45,0.0,0.0,0.0,0,0,0
65536,0,2,46,0.0,1.0E-4,1.0E-4,0,0,0
65536,0,2,47,1.0E-4,0.0,1.0E-4,0,0,0
65536,0,2,48,0.0,0.0,0.0,0,0,0
65536,0,2,49,0.0,0.0,0.0,0,0,0
65536,0,2,50,1.0E-4,0.0,1.0E-4,0,0,0
65536,0,2,51,0.0,0.0,0.0,0,0,0
65536,0,2,52,0.0,1.0E-4,1.0E-4,0,0,0
65536,0,2,53,0.0,0.0,0.0,0,0,0
65536,0,2,54,0.0,0.0,0.0,0,0,0
65536,0,2,55,0.0,1.0E-4,1.0E-4,0,0,0
65536,0,2,56,0.0,0.0,0.0,0,0,0
65536,0,2,57,0.0,0.0,0.0,0,0,0
65536,0,2,58,0.0,1.0E-4,1.0E-4,0,0,0
65536,0,2,59,0.0,0.0,0.0,0,0,0
65536,0,2,60,0.0,0.0,0.0,0,0,0
65536,0,2,61,0.0,1.0E-4,1.0E-4,0,0,0
65536,0,2,62,0.0,0.0,0.0,0,0,0
65536,0,2,63,1.0E-4,0.0,1.0E-4,0,0,0
65536,0,2,64,0.0,0.0,0.0,0,0,0
65536,0,2,65,0.0,0.0,0.0,0,0,0
65536,0,2,66,1.0E-4,0.0,1.0E-4,0,0,0
65536,0,2,67,0.0,0.0,0.0,0,0,0
65536,0,2,68,0.0,1.0E-4,1.0E-4,0,0,0
65536,0,2,69,1.0E-4,0.0,1.0E-4,0,0,0
65536,0,2,70,0.0,0.0,0.0,0,0,0
65536,0,2,71,0.0,1.0E-4,1.0E-4,0,0,0
65536,0,2,72,0.0,0.0,0.0,0,0,0
65536,0,2,73,0.0,0.0,0.0,0,0,0
65536,0,2,74,0.0,1.0E-4,1.0E-4,0,0,0
65536,0,2,75,1.0E-4,0.0,1.0E-4,0,0,0
65536,0,2,76,0.0,0.0,0.0,0,0,0
65536,0,2,77,0.0,1.0E-4,1.0E-4,0,0,0
65536,0,2,78,1.0E-4,0.0,1.0E-4,0,0,0
65536,0,2,79,0.0,0.0,0.0,0,0,0
65536,0,2,80,0.0,1.0E-4,1.0E-4,0,0,0
65536,0,2,81,1.0E-4,0.0,1.0E-4,0,0,0
65536,0,2,82,1.0E-4,0.0,1.0E-4,0,0,0
65536,0,2,83,0.0,0.0,0.0,0,0,0
65536,0,2,84,0.0,0.0,0.0,0,0,0
65536,0,2,85,1.0E-4,0.0,1.0E-4,0,0,0
65536,0,2,86,0.0,0.0,0.0,0,0,0
65536,0,2,87,0.0,0.0,0.0,0,0,0
65536,0,2,88,1.0E-4,0.0,1.0E-4,0,0,0
65536,0,2,89,0.0,0.0,0.0,0,0,0
65536,0,2,90,0.0,0.0,0.0,0,0,0
65536,0,2,91,1.0E-4,0.0,1.0E-4,0,0,0
65536,0,2,92,0.0,0.0,0.0,0,0,0
65536,0,2,93,0.0,0.0,0.0,0,0,0
65536,0,2,94,1.0E-4,0.0,1.0E-4,0,0,0
65536,0,2,95,0.0,0.0,0.0,0,0,0
65536,0,2,96,0.0,0.0,0.0,0,0,0
65536,0,2,97,0.0,0.0,0.0,0,0,0
65536,0,2,98,0.0,0.0,0.0,0,0,0
65536,0,2,99,0.0,1.0E-4,1.0E-4,0,0,0
65536,0,2,100,1.0E-4,0.0,1.0E-4,0,0,0
65536,0,2,101,0.0,0.0,0.0,0,0,0
65536,0,2,102,0.0,1.0E-4,1.0E-4,0,0,0
65536,0,2,103,0.0,0.0,0.0,0,0,0
65536,0,2,104,1.0E-4,0.0,1.0E-4,0,0,0
65536,0,2,105,0.0,0.0,0.0,0,0,0
65536,0,2,106,0.0,1.0E-4,1.0E-4,0,0,0
65536,0,2,107,1.0E-4,0.0,1.0E-4,0,0,0
65536,0,2,108,0.0,0.0,0.0,0,0,0
65536,0,2,109,0.0,1.0E-4,1.0E-4,0,0,0
65536,0,2,110,0.0,0.0,0.0,0,0,0
65536,0,2,111,0.0,0.0,0.0,0,0,0
65536,0,2,112,0.0,1.0E-4,1.0E-4,0,0,0
65536,0,2,113,0.0,1.0E-4,1.0E-4,0,0,0
65536,0,2,114,1.0E-4,0.0,1.0E-4,0,0,0
65536,0,2,115,0.0,0.0,0.0,0,0,0
65536,0,2,116,0.0,1.0E-4,1.0E-4,0,0,0
65536,0,2,117,0.0,0.0,0.0,0,0,0
65536,0,2,118,1.0E-4,0.0,1.0E-4,0,0,0
65536,0,2,119,0.0,0.0,0.0,0,0,0
65536,0,2,120,0.0,0.0,0.0,0,0,0
65536,0,2,121,0.0,1.0E-4,1.0E-4,0,0,0
65536,0,2,122,0.0,0.0,0.0,0,0,0
65536,0,2,123,0.0,0.0,0.0,0,0,0
65536,0,2,124,0.0,1.0E-4,1.0E-4,0,0,0
65536,0,2,125,0.0,0.0,0.0,0,0,0
65536,0,2,126,0.0,0.0,0.0,0,0,0
65536,0,2,127,0.0,1.0E-4,1.0E-4,0,0,0
65536,0,2,128,0.0,0.0,0.0,0,0,0
65536,0,2,129,0.0,0.0,0.0,0,0,0
65536,0,2,130,0.0,1.0E-4,1.0E-4,0,0,0
65536,0,2,131,0.0,0.0,0.0,0,0,0
65536,0,2,132,0.0,0.0,0.0,0,0,0
65536,0,2,133,0.0,1.0E-4,1.0E-4,0,0,0
65536,0,2,134,1.0E-4,0.0,1.0E-4,0,0,0
65536,0,2,135,1.0E-4,0.0,1.0E-4,0,0,0
65536,0,2,136,0.0,0.0,0.0,0,0,0
65536,0,2,137,0.0,1.0E-4,1.0E-4,0,0,0
65536,0,2,138,1.0E-4,0.0,1.0E-4,0,0,0
65536,0,2,139,0.0,0.0,0.0,0,0,0
65536,0,2,140,0.0,1.0E-4,1.0E-4,0,0,0
65536,0,2,141,1.0E-4,0.0,1.0E-4,0,0,0
65536,0,2,142,0.0,0.0,0.0,0,0,0
65536,0,2,143,0.0,1.0E-4,1.0E-4,0,0,0
65536,0,2,144,0.0,0.0,0.0,0,0,0
65536,0,2,145,0.0,0.0,0.0,0,0,0
65536,0,2,146,0.0,1.0E-4,1.0E-4,0,0,0
65536,0,2,147,0.0,0.0,0.0,0,0,0
65536,0,2,148,0.0,0.0,0.0,0,0,0
65536,0,2,149,0.0,1.0E-4,1.0E-4,0,0,0
65536,0,2,150,0.0,0.0,0.0,0,0,0
65536,0,2,151,1.0E-4,0.0,1.0E-4,0,0,0
65536,0,2,152,0.0,0.0,0.0,0,0,0
65536,0,2,153,0.0,1.0E-4,1.0E-4,0,0,0
65536,0,2,154,0.0,0.0,0.0,0,0,0
65536,0,2,155,0.0,0.0,0.0,0,0,0
65536,0,2,156,0.0,1.0E-4,1.0E-4,0,0,0
65536,0,2,157,0.0,0.0,0.0,0,0,0
65536,0,2,158,0.0,0.0,0.0,0,0,0
65536,0,2,159,0.0,0.0,0.0,0,0,0
65536,0,2,160,1.0E-4,0.0,1.0E-4,0,0,0
65536,0,2,161,0.0,0.0,0.0,0,0,0
65536,0,2,162,0.0,0.0,0.0,0,0,0
65536,0,2,163,1.0E-4,0.0,1.0E-4,0,0,0
65536,0,2,164,0.0,0.0,0.0,0,0,0
65536,0,2,165,0.0,0.0,0.0,0,0,0
65536,0,2,166,1.0E-4,0.0,1.0E-4,0,0,0
65536,0,2,167,0.0,0.0,0.0,0,0,0
65536,0,2,168,0.0,1.0E-4,1.0E-4,0,0,0
65536,0,2,169,0.0,0.0,0.0,0,0,0
65536,0,2,170,1.0E-4,0.0,1.0E-4,0,0,0
65536,0,2,171,0.0,0.0,0.0,0,0,0
65536,0,2,172,0.0,1.0E-4,1.0E-4,0,0,0
65536,0,2,173,1.0E-4,0.0,1.0E-4,0,0,0
65536,0,2,174,0.0,0.0,0.0,0,0,0
65536,0,2,175,0.0,1.0E-4,1.0E-4,0,0,0
65536,0,2,176,0.0,0.0,0.0,0,0,0
65536,0,2,177,1.0E-4,0.0,1.0E-4,0,0,0
65536,0,2,178,0.0,0.0,0.0,0,0,0
65536,0,2,179,0.0,1.0E-4,1.0E-4,0,0,0
65536,0,2,180,1.0E-4,0.0,1.0E-4,0,0,0
65536,0,2,181,0.0,0.0,0.0,0,0,0
65536,0,2,182,0.0,0.0,0.0,0,0,0
65536,0,2,183,1.0E-4,0.0,1.0E-4,0,0,0
65536,0,2,184,0.0,0.0,0.0,0,0,0
65536,0,2,185,0.0,1.0E-4,1.0E-4,0,0,0
65536,0,2,186,1.0E-4,0.0,1.0E-4,0,0,0
65536,0,2,187,0.0,0.0,0.0,0,0,0
65536,0,2,188,0.0,1.0E-4,1.0E-4,0,0,0
65536,0,2,189,0.0,0.0,0.0,0,0,0
65536,0,2,190,0.0,0.0,0.0,0,0,0
65536,0,2,191,0.0,1.0E-4,1.0E-4,0,0,0
65536,0,2,192,0.0,0.0,0.0,0,0,0
65536,0,2,193,1.0E-4,0.0,1.0E-4,0,0,0
65536,0,2,194,0.0,0.0,0.0,0,0,0
65536,0,2,195,0.0,1.0E-4,1.0E-4,0,0,0
65536,0,2,196,0.0,1.0E-4,1.0E-4,0,0,0
65536,0,2,197,0.0,0.0,0.0,0,0,0
65536,0,2,198,0.0,0.0,0.0,0,0,0
65536,0,2,199,0.0,1.0E-4,1.0E-4,0,0,0
65536,0,2,200,0.0,0.0,0.0,0,0,0
65536,0,2,201,0.0,0.0,0.0,0,0,0
65536,0,2,202,0.0,1.0E-4,1.0E-4,0,0,0
65536,0,2,203,1.0E-4,0.0,1.0E-4,0,0,0
65536,0,2,204,0.0,0.0,0.0,0,0,0
65536,0,2,205,0.0,1.0E-4,1.0E-4,0,0,0
65536,0,2,206,0.0,0.0,0.0,0,0,0
65536,0,2,207,0.0,0.0,0.0,0,0,0
65536,0,2,208,0.0,1.0E-4,1.0E-4,0,0,0
65536,0,2,209,0.0,0.0,0.0,0,0,0
65536,0,2,210,0.0,0.0,0.0,0,0,0
65536,0,2,211,0.0,1.0E-4,1.0E-4,0,0,0
65536,0,2,212,1.0E-4,0.0,1.0E-4,0,0,0
65536,0,2,213,0.0,0.0,0.0,0,0,0
65536,0,2,214,0.0,1.0E-4,1.0E-4,0,0,0
65536,0,2,215,0.0,0.0,0.0,0,0,0
65536,0,2,216,0.0,0.0,0.0,0,0,0
65536,0,2,217,0.0,1.0E-4,1.0E-4,0,0,0
65536,0,2,218,1.0E-4,0.0,1.0E-4,0,0,0
65536,0,2,219,0.0,0.0,0.0,0,0,0
65536,0,2,220,0.0,1.0E-4,1.0E-4,0,0,0
65536,0,2,221,0.0,0.0,0.0,0,0,0
65536,0,2,222,1.0E-4,0.0,1.0E-4,0,0,0
65536,0,2,223,0.0,0.0,0.0,0,0,0
65536,0,2,224,0.0,0.0,0.0,0,0,0
65536,0,2,225,1.0E-4,0.0,1.0E-4,0,0,0
65536,0,2,226,0.0,1.0E-4,1.0E-4,0,0,0
65536,0,2,227,0.0,1.0E-4,1.0E-4,0,0,0
65536,0,2,228,0.0,0.0,0.0,0,0,0
65536,0,2,229,1.0E-4,0.0,1.0E-4,0,0,0
65536,0,2,230,0.0,0.0,0.0,0,0,0
65536,0,2,231,1.0E-4,0.0,1.0E-4,0,0,0
65536,0,2,232,0.0,0.0,0.0,0,0,0
65536,0,2,233,0.0,0.0,0.0,0,0,0
65536,0,2,234,1.0E-4,0.0,1.0E-4,0,0,0
65536,0,2,235,0.0,0.0,0.0,0,0,0
65536,0,2,236,0.0,1.0E-4,1.0E-4,0,0,0
65536,0,2,237,0.0,0.0,0.0,0,0,0
65536,0,2,238,1.0E-4,0.0,1.0E-4,0,0,0
65536,0,2,239,0.0,0.0,0.0,0,0,0
65536,0,2,240,0.0,1.0E-4,1.0E-4,0,0,0
65536,0,2,241,0.0,0.0,0.0,0,0,0
65536,0,2,242,0.0,0.0,0.0,0,0,0
65536,0,2,243,0.0,1.0E-4,1.0E-4,0,0,0
65536,0,2,244,0.0,1.0E-4,1.0E-4,0,0,0
65536,0,2,245,0.0,0.0,0.0,0,0,0
65536,0,2,246,0.0,0.0,0.0,0,0,0
65536,0,2,247,0.0,1.0E-4,1.0E-4,0,0,0
65536,0,2,248,0.0,0.0,0.0,0,0,0
65536,0,2,249,0.0,0.0,0.0,0,0,0
65536,0,2,250,0.0,1.0E-4,1.0E-4,0,0,0
65536,0,2,251,1.0E-4,0.0,1.0E-4,0,0,0
65536,0,2,252,1.0E-4,0.0,1.0E-4,0,0,0
65536,0,2,253,0.0,0.0,0.0,0,0,0
65536,0,2,254,0.0,0.0,0.0,0,0,0
65536,0,2,255,0.0,0.0,0.0,0,0,0
65536,0,3,0,2.0E-4,3.0E-4,5.0E-4,0,0,0
65536,0,3,1,2.0E-4,3.0E-4,5.0E-4,0,0,0
65536,0,3,2,2.0E-4,2.0E-4,4.0E-4,0,0,0
65536,0,3,3,3.0E-4,3.0E-4,6.0E-4,0,0,0
65536,0,3,4,2.0E-4,3.0E-4,5.0E-4,0,0,0
65536,0,3,5,2.0E-4,2.0E-4,4.0E-4,0,0,0
65536,0,3,6,3.0E-4,3.0E-4,6.0E-4,0,0,0
65536,0,3,7,3.0E-4,3.0E-4,6.0E-4,0,0,0
65536,0,3,8,2.0E-4,2.0E-4,4.0E-4,0,0,0
65536,0,3,9,3.0E-4,3.0E-4,6.0E-4,0,0,0
65536,0,3,10,2.0E-4,2.0E-4,4.0E-4,0,0,0
65536,0,3,11,3.0E-4,3.0E-4,6.0E-4,0,0,0
65536,0,3,12,4.0E-4,3.0E-4,7.0E-4,0,0,0
65536,0,3,13,2.0E-4,2.0E-4,4.0E-4,0,0,0
65536,0,3,14,2.0E-4,3.0E-4,5.0E-4,0,0,0
65536,0,3,15,2.0E-4,3.0E-4,5.0E-4,0,0,0
65536,0,3,16,2.0E-4,3.0E-4,5.0E-4,0,0,0
65536,0,3,17,2.0E-4,2.0E-4,4.0E-4,0,0,0
65536,0,3,18,3.0E-4,3.0E-4,6.0E-4,0,0,0
65536,0,3,19,3.0E-4,2.0E-4,5.0E-4,0,0,0
65536,0,3,20,3.0E-4,2.0E-4,5.0E-4,0,0,0
65536,0,3,21,3.0E-4,3.0E-4,6.0E-4,0,0,0
65536,0,3,22,2.0E-4,2.0E-4,4.0E-4,0,0,0
65536,0,3,23,2.0E-4,2.0E-4,4.0E-4,0,0,0
65536,0,3,24,3.0E-4,3.0E-4,6.0E-4,0,0,0
65536,0,3,25,2.0E-4,3.0E-4,5.0E-4,0,0,0
65536,0,3,26,3.0E-4,3.0E-4,6.0E-4,0,0,0
65536,0,3,27,2.0E-4,3.0E-4,5.0E-4,0,0,0
65536,0,3,28,2.0E-4,3.0E-4,5.0E-4,0,0,0
65536,0,3,29,2.0E-4,3.0E-4,5.0E-4,0,0,0
65536,0,3,30,3.0E-4,3.0E-4,6.0E-4,0,0,0
65536,0,3,31,2.0E-4,3.0E-4,5.0E-4,0,0,0
65536,0,3,32,2.0E-4,3.0E-4,5.0E-4,0,0,0
65536,0,3,33,2.0E-4,2.0E-4,4.0E-4,0,0,0
65536,0,3,34,2.0E-4,3.0E-4,5.0E-4,0,0,0
65536,0,3,35,3.0E-4,3.0E-4,6.0E-4,0,0,0
65536,0,3,36,2.0E-4,3.0E-4,5.0E-4,0,0,0
65536,0,3,37,2.0E-4,2.0E-4,4.0E-4,0,0,0
65536,0,3,38,1.0E-4,2.0E-4,3.0000000000000003E-4,0,0,0
65536,0,3,39,2.0E-4,2.0E-4,4.0E-4,0,0,0
65536,0,3,40,1.0E-4,2.0E-4,3.0000000000000003E-4,0,0,0
65536,0,3,41,1.0E-4,2.0E-4,3.0000000000000003E-4,0,0,0
65536,0,3,42,2.0E-4,2.0E-4,4.0E-4,0,0,0
65536,0,3,43,1.0E-4,2.0E-4,3.0000000000000003E-4,0,0,0
65536,0,3,44,2.0E-4,2.0E-4,4.0E-4,0,0,0
65536,0,3,45,2.0E-4,2.0E-4,4.0E-4,0,0,0
65536,0,3,46,2.0E-4,3.0E-4,5.0E-4,0,0,0
65536,0,3,47,2.0E-4,2.0E-4,4.0E-4,0,0,0
65536,0,3,48,2.0E-4,2.0E-4,4.0E-4,0,0,0
65536,0,3,49,1.0E-4,2.0E-4,3.0000000000000003E-4,0,0,0
65536,0,3,50,2.0E-4,2.0E-4,4.0E-4,0,0,0
65536,0,3,51,2.0E-4,3.0E-4,5.0E-4,0,0,0
65536,0,3,52,2.0E-4,2.0E-4,4.0E-4,0,0,0
65536,0,3,53,2.0E-4,2.0E-4,4.0E-4,0,0,0
65536,0,3,54,2.0E-4,2.0E-4,4.0E-4,0,0,0
65536,0,3,55,2.0E-4,2.0E-4,4.0E-4,0,0,0
65536,0,3,56,2.0E-4,2.0E-4,4.0E-4,0,0,0
65536,0,3,57,2.0E-4,2.0E-4,4.0E-4,0,0,0
65536,0,3,58,1.0E-4,2.0E-4,3.0000000000000003E-4,0,0,0
65536,0,3,59,2.0E-4,2.0E-4,4.0E-4,0,0,0
65536,0,3,60,2.0E-4,2.0E-4,4.0E-4,0,0,0
65536,0,3,61,2.0E-4,2.0E-4,4.0E-4,0,0,0
65536,0,3,62,2.0E-4,2.0E-4,4.0E-4,0,0,0
65536,0,3,63,1.0E-4,3.0E-4,3.9999999999999996E-4,0,0,0
65536,0,3,64,2.0E-4,2.0E-4,4.0E-4,0,0,0
65536,0,3,65,1.0E-4,2.0E-4,3.0000000000000003E-4,0,0,0
65536,0,3,66,2.0E-4,3.0E-4,5.0E-4,0,0,0
65536,0,3,67,2.0E-4,2.0E-4,4.0E-4,0,0,0
65536,0,3,68,2.0E-4,2.0E-4,4.0E-4,0,0,0
65536,0,3,69,2.0E-4,3.0E-4,5.0E-4,0,0,0
65536,0,3,70,2.0E-4,2.0E-4,4.0E-4,0,0,0
65536,0,3,71,2.0E-4,2.0E-4,4.0E-4,0,0,0
65536,0,3,72,2.0E-4,2.0E-4,4.0E-4,0,0,0
65536,0,3,73,2.0E-4,2.0E-4,4.0E-4,0,0,0
65536,0,3,74,2.0E-4,2.0E-4,4.0E-4,0,0,0
65536,0,3,75,2.0E-4,2.0E-4,4.0E-4,0,0,0
65536,0,3,76,2.0E-4,3.0E-4,5.0E-4,0,0,0
65536,0,3,77,1.0E-4,2.0E-4,3.0000000000000003E-4,0,0,0
65536,0,3,78,1.0E-4,2.0E-4,3.0000000000000003E-4,0,0,0
65536,0,3,79,2.0E-4,2.0E-4,4.0E-4,0,0,0
65536,0,3,80,2.0E-4,2.0E-4,4.0E-4,0,0,0
65536,0,3,81,2.0E-4,2.0E-4,4.0E-4,0,0,0
65536,0,3,82,1.0E-4,2.0E-4,3.0000000000000003E-4,0,0,0
65536,0,3,83,2.0E-4,3.0E-4,5.0E-4,0,0,0
65536,0,3,84,2.0E-4,2.0E-4,4.0E-4,0,0,0
65536,0,3,85,2.0E-4,3.0E-4,5.0E-4,0,0,0
65536,0,3,86,2.0E-4,2.0E-4,4.0E-4,0,0,0
65536,0,3,87,2.0E-4,3.0E-4,5.0E-4,0,0,0
65536,0,3,88,2.0E-4,2.0E-4,4.0E-4,0,0,0
65536,0,3,89,2.0E-4,3.0E-4,5.0E-4,0,0,0
65536,0,3,90,2.0E-4,3.0E-4,5.0E-4,0,0,0
65536,0,3,91,1.0E-4,2.0E-4,3.0000000000000003E-4,0,0,0
65536,0,3,92,1.0E-4,3.0E-4,3.9999999999999996E-4,0,0,0
65536,0,3,93,1.0E-4,2.0E-4,3.0000000000000003E-4,0,0,0
65536,0,3,94,2.0E-4,2.0E-4,4.0E-4,0,0,0
65536,0,3,95,1.0E-4,2.0E-4,3.0000000000000003E-4,0,0,0
65536,0,3,96,2.0E-4,2.0E-4,4.0E-4,0,0,0
65536,0,3,97,1.0E-4,2.0E-4,3.0000000000000003E-4,0,0,0
65536,0,3,98,2.0E-4,2.0E-4,4.0E-4,0,0,0
65536,0,3,99,2.0E-4,2.0E-4,4.0E-4,0,0,0
65536,0,3,100,2.0E-4,3.0E-4,5.0E-4,0,0,0
65536,0,3,101,2.0E-4,2.0E-4,4.0E-4,0,0,0
65536,0,3,102,1.0E-4,2.0E-4,3.0000000000000003E-4,0,0,0
65536,0,3,103,2.0E-4,3.0E-4,5.0E-4,0,0,0
65536,0,3,104,2.0E-4,2.0E-4,4.0E-4,0,0,0
65536,0,3,105,2.0E-4,2.0E-4,4.0E-4,0,0,0
65536,0,3,106,2.0E-4,2.0E-4,4.0E-4,0,0,0
65536,0,3,107,3.0E-4,2.0E-4,5.0E-4,0,0,0
65536,0,3,108,2.0E-4,2.0E-4,4.0E-4,0,0,0
65536,0,3,109,1.0E-4,2.0E-4,3.0000000000000003E-4,0,0,0
65536,0,3,110,2.0E-4,2.0E-4,4.0E-4,0,0,0
65536,0,3,111,1.0E-4,2.0E-4,3.0000000000000003E-4,0,0,0
65536,0,3,112,2.0E-4,2.0E-4,4.0E-4,0,0,0
65536,0,3,113,2.0E-4,2.0E-4,4.0E-4,0,0,0
65536,0,3,114,2.0E-4,3.0E-4,5.0E-4,0,0,0
65536,0,3,115,2.0E-4,3.0E-4,5.0E-4,0,0,0
65536,0,3,116,2.0E-4,2.0E-4,4.0E-4,0,0,0
65536,0,3,117,2.0E-4,3.0E-4,5.0E-4,0,0,0
65536,0,3,118,1.0E-4,2.0E-4,3.0000000000000003E-4,0,0,0
65536,0,3,119,1.0E-4,2.0E-4,3.0000000000000003E-4,0,0,0
65536,0,3,120,2.0E-4,2.0E-4,4.0E-4,0,0,0
65536,0,3,121,2.0E-4,3.0E-4,5.0E-4,0,0,0
65536,0,3,122,3.0E-4,3.0E-4,6.0E-4,0,0,0
65536,0,3,123,2.0E-4,3.0E-4,5.0E-4,0,0,0
65536,0,3,124,2.0E-4,2.0E-4,4.0E-4,0,0,0
65536,0,3,125,2.0E-4,3.0E-4,5.0E-4,0,0,0
65536,0,3,126,2.0E-4,2.0E-4,4.0E-4,0,0,0
65536,0,3,127,2.0E-4,2.0E-4,4.0E-4,0,0,0
65536,0,3,128,2.0E-4,3.0E-4,5.0E-4,0,0,0
65536,0,3,129,1.0E-4,2.0E-4,3.0000000000000003E-4,0,0,0
65536,0,3,130,1.0E-4,2.0E-4,3.0000000000000003E-4,0,0,0
65536,0,3,131,1.0E-4,2.0E-4,3.0000000000000003E-4,0,0,0
65536,0,3,132,2.0E-4,2.0E-4,4.0E-4,0,0,0
65536,0,3,133,2.0E-4,2.0E-4,4.0E-4,0,0,0
65536,0,3,134,1.0E-4,2.0E-4,3.0000000000000003E-4,0,0,0
65536,0,3,135,2.0E-4,2.0E-4,4.0E-4,0,0,0
65536,0,3,136,2.0E-4,2.0E-4,4.0E-4,0,0,0
65536,0,3,137,2.0E-4,2.0E-4,4.0E-4,0,0,0
65536,0,3,138,2.0E-4,2.0E-4,4.0E-4,0,0,0
65536,0,3,139,2.0E-4,2.0E-4,4.0E-4,0,0,0
65536,0,3,140,2.0E-4,2.0E-4,4.0E-4,0,0,0
65536,0,3,141,2.0E-4,2.0E-4,4.0E-4,0,0,0
65536,0,3,142,2.0E-4,2.0E-4,4.0E-4,0,0,0
65536,0,3,143,2.0E-4,2.0E-4,4.0E-4,0,0,0
65536,0,3,144,2.0E-4,2.0E-4,4.0E-4,0,0,0
65536,0,3,145,1.0E-4,2.0E-4,3.0000000000000003E-4,0,0,0
65536,0,3,146,1.0E-4,2.0E-4,3.0000000000000003E-4,0,0,0
65536,0,3,147,2.0E-4,2.0E-4,4.0E-4,0,0,0
65536,0,3,148,1.0E-4,2.0E-4,3.0000000000000003E-4,0,0,0
65536,0,3,149,1.0E-4,2.0E-4,3.0000000000000003E-4,0,0,0
65536,0,3,150,2.0E-4,2.0E-4,4.0E-4,0,0,0
65536,0,3,151,2.0E-4,2.0E-4,4.0E-4,0,0,0
65536,0,3,152,2.0E-4,2.0E-4,4.0E-4,0,0,0
65536,0,3,153,2.0E-4,2.0E-4,4.0E-4,0,0,0
65536,0,3,154,1.0E-4,3.0E-4,3.9999999999999996E-4,0,0,0
65536,0,3,155,1.0E-4,2.0E-4,3.0000000000000003E-4,0,0,0
65536,0,3,156,2.0E-4,2.0E-4,4.0E-4,0,0,0
65536,0,3,157,1.0E-4,2.0E-4,3.0000000000000003E-4,0,0,0
65536,0,3,158,2.0E-4,2.0E-4,4.0E-4,0,0,0
65536,0,3,159,2.0E-4,2.0E-4,4.0E-4,0,0,0
65536,0,3,160,2.0E-4,2.0E-4,4.0E-4,0,0,0
65536,0,3,161,2.0E-4,2.0E-4,4.0E-4,0,0,0
65536,0,3,162,1.0E-4,2.0E-4,3.0000000000000003E-4,0,0,0
65536,0,3,163,2.0E-4,2.0E-4,4.0E-4,0,0,0
65536,0,3,164,1.0E-4,2.0E-4,3.0000000000000003E-4,0,0,0
65536,0,3,165,2.0E-4,2.0E-4,4.0E-4,0,0,0
65536,0,3,166,2.0E-4,2.0E-4,4.0E-4,0,0,0
65536,0,3,167,1.0E-4,2.0E-4,3.0000000000000003E-4,0,0,0
65536,0,3,168,2.0E-4,2.0E-4,4.0E-4,0,0,0
65536,0,3,169,2.0E-4,2.0E-4,4.0E-4,0,0,0
65536,0,3,170,1.0E-4,2.0E-4,3.0000000000000003E-4,0,0,0
65536,0,3,171,2.0E-4,2.0E-4,4.0E-4,0,0,0
65536,0,3,172,2.0E-4,2.0E-4,4.0E-4,0,0,0
65536,0,3,173,1.0E-4,2.0E-4,3.0000000000000003E-4,0,0,0
65536,0,3,174,1.0E-4,3.0E-4,3.9999999999999996E-4,0,0,0
65536,0,3,175,2.0E-4,2.0E-4,4.0E-4,0,0,0
65536,0,3,176,1.0E-4,2.0E-4,3.0000000000000003E-4,0,0,0
65536,0,3,177,2.0E-4,2.0E-4,4.0E-4,0,0,0
65536,0,3,178,1.0E-4,2.0E-4,3.0000000000000003E-4,0,0,0
65536,0,3,179,2.0E-4,2.0E-4,4.0E-4,0,0,0
65536,0,3,180,2.0E-4,2.0E-4,4.0E-4,0,0,0
65536,0,3,181,2.0E-4,2.0E-4,4.0E-4,0,0,0
65536,0,3,182,2.0E-4,2.0E-4,4.0E-4,0,0,0
65536,0,3,183,2.0E-4,2.0E-4,4.0E-4,0,0,0
65536,0,3,184,2.0E-4,2.0E-4,4.0E-4,0,0,0
65536,0,3,185,2.0E-4,2.0E-4,4.0E-4,0,0,0
65536,0,3,186,1.0E-4,3.0E-4,3.9999999999999996E-4,0,0,0
65536,0,3,187,1.0E-4,2.0E-4,3.0000000000000003E-4,0,0,0
65536,0,3,188,2.0E-4,2.0E-4,4.0E-4,0,0,0
65536,0,3,189,2.0E-4,2.0E-4,4.0E-4,0,0,0
65536,0,3,190,2.0E-4,2.0E-4,4.0E-4,0,0,0
65536,0,3,191,2.0E-4,2.0E-4,4.0E-4,0,0,0
65536,0,3,192,2.0E-4,2.0E-4,4.0E-4,0,0,0
65536,0,3,193,1.0E-4,2.0E-4,3.0000000000000003E-4,0,0,0
65536,0,3,194,2.0E-4,2.0E-4,4.0E-4,0,0,0
65536,0,3,195,1.0E-4,2.0E-4,3.0000000000000003E-4,0,0,0
65536,0,3,196,2.0E-4,2.0E-4,4.0E-4,0,0,0
65536,0,3,197,2.0E-4,2.0E-4,4.0E-4,0,0,0
65536,0,3,198,2.0E-4,2.0E-4,4.0E-4,0,0,0
65536,0,3,199,2.0E-4,2.0E-4,4.0E-4,0,0,0
65536,0,3,200,2.0E-4,2.0E-4,4.0E-4,0,0,0
65536,0,3,201,2.0E-4,2.0E-4,4.0E-4,0,0,0
65536,0,3,202,1.0E-4,2.0E-4,3.0000000000000003E-4,0,0,0
65536,0,3,203,2.0E-4,2.0E-4,4.0E-4,0,0,0
65536,0,3,204,2.0E-4,2.0E-4,4.0E-4,0,0,0
65536,0,3,205,2.0E-4,3.0E-4,5.0E-4,0,0,0
65536,0,3,206,2.0E-4,2.0E-4,4.0E-4,0,0,0
65536,0,3,207,2.0E-4,2.0E-4,4.0E-4,0,0,0
65536,0,3,208,2.0E-4,2.0E-4,4.0E-4,0,0,0
65536,0,3,209,2.0E-4,2.0E-4,4.0E-4,0,0,0
65536,0,3,210,2.0E-4,2.0E-4,4.0E-4,0,0,0
65536,0,3,211,2.0E-4,2.0E-4,4.0E-4,0,0,0
65536,0,3,212,2.0E-4,2.0E-4,4.0E-4,0,0,0
65536,0,3,213,1.0E-4,2.0E-4,3.0000000000000003E-4,0,0,0
65536,0,3,214,2.0E-4,2.0E-4,4.0E-4,0,0,0
65536,0,3,215,2.0E-4,2.0E-4,4.0E-4,0,0,0
65536,0,3,216,2.0E-4,2.0E-4,4.0E-4,0,0,0
65536,0,3,217,1.0E-4,2.0E-4,3.0000000000000003E-4,0,0,0
65536,0,3,218,2.0E-4,2.0E-4,4.0E-4,0,0,0
65536,0,3,219,2.0E-4,2.0E-4,4.0E-4,0,0,0
65536,0,3,220,2.0E-4,2.0E-4,4.0E-4,0,0,0
65536,0,3,221,1.0E-4,2.0E-4,3.0000000000000003E-4,0,0,0
65536,0,3,222,2.0E-4,2.0E-4,4.0E-4,0,0,0
65536,0,3,223,1.0E-4,3.0E-4,3.9999999999999996E-4,0,0,0
65536,0,3,224,1.0E-4,2.0E-4,3.0000000000000003E-4,0,0,0
65536,0,3,225,2.0E-4,2.0E-4,4.0E-4,0,0,0
65536,0,3,226,2.0E-4,2.0E-4,4.0E-4,0,0,0
65536,0,3,227,1.0E-4,2.0E-4,3.0000000000000003E-4,0,0,0
65536,0,3,228,1.0E-4,3.0E-4,3.9999999999999996E-4,0,0,0
65536,0,3,229,2.0E-4,2.0E-4,4.0E-4,0,0,0
65536,0,3,230,2.0E-4,2.0E-4,4.0E-4,0,0,0
65536,0,3,231,2.0E-4,2.0E-4,4.0E-4,0,0,0
65536,0,3,232,2.0E-4,2.0E-4,4.0E-4,0,0,0
65536,0,3,233,1.0E-4,2.0E-4,3.0000000000000003E-4,0,0,0
65536,0,3,234,2.0E-4,2.0E-4,4.0E-4,0,0,0
65536,0,3,235,1.0E-4,2.0E-4,3.0000000000000003E-4,0,0,0
65536,0,3,236,2.0E-4,2.0E-4,4.0E-4,0,0,0
65536,0,3,237,2.0E-4,2.0E-4,4.0E-4,0,0,0
65536,0,3,238,1.0E-4,3.0E-4,3.9999999999999996E-4,0,0,0
65536,0,3,239,2.0E-4,2.0E-4,4.0E-4,0,0,0
65536,0,3,240,2.0E-4,2.0E-4,4.0E-4,0,0,0
65536,0,3,241,2.0E-4,2.0E-4,4.0E-4,0,0,0
65536,0,3,242,2.0E-4,2.0E-4,4.0E-4,0,0,0
65536,0,3,243,2.0E-4,2.0E-4,4.0E-4,0,0,0
65536,0,3,244,2.0E-4,2.0E-4,4.0E-4,0,0,0
65536,0,3,245,2.0E-4,2.0E-4,4.0E-4,0,0,0
65536,0,3,246,2.0E-4,2.0E-4,4.0E-4,0,0,0
65536,0,3,247,1.0E-4,2.0E-4,3.0000000000000003E-4,0,0,0
65536,0,3,248,1.0E-4,2.0E-4,3.0000000000000003E-4,0,0,0
65536,0,3,249,2.0E-4,2.0E-4,4.0E-4,0,0,0
65536,0,3,250,2.0E-4,2.0E-4,4.0E-4,0,0,0
65536,0,3,251,2.0E-4,2.0E-4,4.0E-4,0,0,0
65536,0,3,252,2.0E-4,2.0E-4,4.0E-4,0,0,0
65536,0,3,253,2.0E-4,2.0E-4,4.0E-4,0,0,0
65536,0,3,254,1.0E-4,2.0E-4,3.0000000000000003E-4,0,0,0
65536,0,3,255,2.0E-4,2.0E-4,4.0E-4,0,0,0
65536,655,1,0,0.1266,0.1536,0.2802,471720,7391,6
65536,655,1,1,0.1259,0.1554,0.2813,471720,7391,6
65536,655,1,2,0.126,0.1445,0.27049999999999996,471720,7391,6
65536,655,1,3,0.1245,0.1454,0.26990000000000003,471720,7391,6
65536,655,1,4,0.1429,0.1466,0.2895,471720,7391,6
65536,655,1,5,0.1285,0.1429,0.2714,471720,7391,6
65536,655,1,6,0.1253,0.1414,0.2667,471720,7391,6
65536,655,1,7,0.1244,0.1395,0.2639,471720,7391,6
65536,655,1,8,0.1245,0.141,0.26549999999999996,471720,7391,6
65536,655,1,9,0.1249,0.14,0.2649,471720,7391,6
65536,655,1,10,0.1254,0.1412,0.2666,471720,7391,6
65536,655,1,11,0.126,0.1408,0.26680000000000004,471720,7391,6
65536,655,1,12,0.1253,0.1404,0.2657,471720,7391,6
65536,655,1,13,0.1284,0.1401,0.26849999999999996,471720,7391,6
65536,655,1,14,0.1275,0.1433,0.27080000000000004,471720,7391,6
65536,655,1,15,0.1509,0.1462,0.29710000000000003,471720,7391,6
65536,655,1,16,0.1278,0.1415,0.2693,471720,7391,6
65536,655,1,17,0.1276,0.144,0.27159999999999995,471720,7391,6
65536,655,1,18,0.1292,0.1397,0.26890000000000003,471720,7391,6
65536,655,1,19,0.1271,0.1481,0.2752,471720,7391,6
65536,655,1,20,0.143,0.1585,0.3015,471720,7391,6
65536,655,1,21,0.1267,0.1494,0.2761,471720,7391,6
65536,655,1,22,0.1291,0.144,0.2731,471720,7391,6
65536,655,1,23,0.1248,0.1735,0.2983,471720,7391,6
65536,655,1,24,0.1673,0.1689,0.3362,471720,7391,6
65536,655,1,25,0.1633,0.1711,0.33440000000000003,471720,7391,6
65536,655,1,26,0.1476,0.1636,0.31120000000000003,471720,7391,6
65536,655,1,27,0.139,0.1598,0.2988,471720,7391,6
65536,655,1,28,0.1413,0.1671,0.3084,471720,7391,6
65536,655,1,29,0.1481,0.1567,0.3048,471720,7391,6
65536,655,1,30,0.1434,0.1546,0.298,471720,7391,6
65536,655,1,31,0.1351,0.1492,0.2843,471720,7391,6
65536,655,1,32,0.1418,0.1475,0.2893,471720,7391,6
65536,655,1,33,0.1367,0.1468,0.2835,471720,7391,6
65536,655,1,34,0.1322,0.1416,0.27380000000000004,471720,7391,6
65536,655,1,35,0.1404,0.1443,0.2847,471720,7391,6
65536,655,1,36,0.1395,0.1442,0.2837,471720,7391,6
65536,655,1,37,0.1344,0.1533,0.28769999999999996,471720,7391,6
65536,655,1,38,0.1346,0.15,0.28459999999999996,471720,7391,6
65536,655,1,39,0.1302,0.1501,0.2803,471720,7391,6
65536,655,1,40,0.1271,0.1681,0.2952,472560,7391,6
65536,655,1,41,0.1302,0.1427,0.27290000000000003,471720,7391,6
65536,655,1,42,0.13,0.1399,0.26990000000000003,471720,7391,6
65536,655,1,43,0.1279,0.1544,0.2823,471720,7391,6
65536,655,1,44,0.1552,0.1521,0.3073,471720,7391,6
65536,655,1,45,0.147,0.1571,0.3041,471720,7391,6
65536,655,1,46,0.1412,0.1557,0.2969,471720,7391,6
65536,655,1,47,0.134,0.1586,0.29259999999999997,471720,7391,6
65536,655,1,48,0.128,0.1565,0.2845,471720,7391,6
65536,655,1,49,0.1284,0.1539,0.2823,471720,7391,6
65536,655,1,50,0.1302,0.1538,0.28400000000000003,471720,7391,6
65536,655,1,51,0.1357,0.1519,0.28759999999999997,471720,7391,6
65536,655,1,52,0.1295,0.1659,0.2954,472560,7391,6
65536,655,1,53,0.1293,0.1441,0.2734,471720,7391,6
65536,655,1,54,0.1476,0.1482,0.2958,471720,7391,6
65536,655,1,55,0.1503,0.1437,0.294,471720,7391,6
65536,655,1,56,0.1401,0.1471,0.2872,471720,7391,6
65536,655,1,57,0.1332,0.1459,0.2791,471720,7391,6
65536,655,1,58,0.1299,0.1432,0.2731,471720,7391,6
65536,655,1,59,0.1288,0.1435,0.2723,471720,7391,6
65536,655,1,60,0.1319,0.1552,0.2871,472560,7391,6
65536,655,1,61,0.1266,0.144,0.27059999999999995,471720,7391,6
65536,655,1,62,0.1266,0.1552,0.2818,471720,7391,6
65536,655,1,63,0.1263,0.1615,0.2878,471720,7391,6
65536,655,1,64,0.1271,0.1458,0.27290000000000003,471720,7391,6
65536,655,1,65,0.1299,0.1515,0.2814,471720,7391,6
65536,655,1,66,0.1462,0.1516,0.2978,471720,7391,6
65536,655,1,67,0.1351,0.1531,0.2882,471720,7391,6
65536,655,1,68,0.1297,0.1423,0.272,471720,7391,6
65536,655,1,69,0.1291,0.1429,0.272,471720,7391,6
65536,655,1,70,0.1276,0.1413,0.26890000000000003,471720,7391,6
65536,655,1,71,0.13,0.1435,0.27349999999999997,471720,7391,6
65536,655,1,72,0.1273,0.1452,0.27249999999999996,471720,7391,6
65536,655,1,73,0.1279,0.1417,0.2696,471720,7391,6
65536,655,1,74,0.1284,0.14,0.26839999999999997,471720,7391,6
65536,655,1,75,0.1421,0.1424,0.2845,471720,7391,6
65536,655,1,76,0.1486,0.1413,0.28990000000000005,471720,7391,6
65536,655,1,77,0.1606,0.1451,0.30569999999999997,471720,7391,6
65536,655,1,78,0.1452,0.1514,0.2966,472560,7391,6
65536,655,1,79,0.1312,0.1427,0.27390000000000003,471720,7391,6
65536,655,1,80,0.1295,0.154,0.2835,471720,7391,6
65536,655,1,81,0.1318,0.172,0.30379999999999996,472560,7391,6
65536,655,1,82,0.1282,0.1581,0.2863,471720,7391,6
65536,655,1,83,0.1264,0.1524,0.27880000000000005,471720,7391,6
65536,655,1,84,0.127,0.1528,0.2798,471720,7391,6
65536,655,1,85,0.1272,0.1529,0.2801,471720,7391,6
65536,655,1,86,0.1438,0.1526,0.2964,471720,7391,6
65536,655,1,87,0.1309,0.1418,0.2727,471720,7391,6
65536,655,1,88,0.1267,0.1477,0.2744,472560,7391,6
65536,655,1,89,0.1259,0.1388,0.26470000000000005,471720,7391,6
65536,655,1,90,0.1404,0.1466,0.28700000000000003,471720,7391,6
65536,655,1,91,0.1508,0.1449,0.29569999999999996,471720,7391,6
65536,655,1,92,0.1455,0.1455,0.291,471720,7391,6
65536,655,1,93,0.136,0.1588,0.2948,471720,7391,6
65536,655,1,94,0.1304,0.1577,0.2881,471720,7391,6
65536,655,1,95,0.1635,0.1605,0.324,471720,7391,6
65536,655,1,96,0.1468,0.1553,0.30210000000000004,471720,7391,6
65536,655,1,97,0.1354,0.1548,0.2902,471720,7391,6
65536,655,1,98,0.197,0.1849,0.3819,471720,7391,6
65536,655,1,99,0.1905,0.1797,0.3702,471720,7391,6
65536,655,1,100,0.1703,0.1682,0.3385,471720,7391,6
65536,655,1,101,0.1503,0.1695,0.3198,471720,7391,6
65536,655,1,102,0.1425,0.1585,0.301,471720,7391,6
65536,655,1,103,0.1541,0.1592,0.3133,471720,7391,6
65536,655,1,104,0.142,0.1582,0.3002,471720,7391,6
65536,655,1,105,0.1485,0.1557,0.3042,471720,7391,6
65536,655,1,106,0.1557,0.1445,0.3002,471720,7391,6
65536,655,1,107,0.1571,0.1473,0.3044,471720,7391,6
65536,655,1,108,0.1519,0.1456,0.2975,471720,7391,6
65536,655,1,109,0.1554,0.181,0.33640000000000003,471720,7391,6
65536,655,1,110,0.1724,0.1613,0.3337,471720,7391,6
65536,655,1,111,0.1927,0.2072,0.39990000000000003,471720,7391,6
65536,655,1,112,0.1646,0.1855,0.35009999999999997,471720,7391,6
65536,655,1,113,0.167,0.1597,0.3267,471720,7391,6
65536,655,1,114,0.1471,0.1482,0.2953,471720,7391,6
65536,655,1,115,0.1602,0.1467,0.3069,471720,7391,6
65536,655,1,116,0.1526,0.1454,0.29800000000000004,471720,7391,6
65536,655,1,117,0.1494,0.1453,0.2947,471720,7391,6
65536,655,1,118,0.1483,0.1616,0.30989999999999995,471720,7391,6
65536,655,1,119,0.1358,0.159,0.2948,471720,7391,6
65536,655,1,120,0.1376,0.1535,0.2911,471720,7391,6
65536,655,1,121,0.1276,0.1584,0.28600000000000003,471720,7391,6
65536,655,1,122,0.129,0.1538,0.2828,471720,7391,6
65536,655,1,123,0.126,0.1587,0.2847,471720,7391,6
65536,655,1,124,0.1266,0.1464,0.273,471720,7391,6
65536,655,1,125,0.1275,0.1436,0.2711,471720,7391,6
65536,655,1,126,0.1428,0.1456,0.2884,471720,7391,6
65536,655,1,127,0.1476,0.1442,0.2918,471720,7391,6
65536,655,1,128,0.1484,0.1439,0.2923,471720,7391,6
65536,655,1,129,0.1374,0.1432,0.28059999999999996,471720,7391,6
65536,655,1,130,0.1358,0.145,0.2808,471720,7391,6
65536,655,1,131,0.1381,0.145,0.2831,471720,7391,6
65536,655,1,132,0.1336,0.1748,0.3084,472560,7391,6
65536,655,1,133,0.1314,0.1532,0.28459999999999996,471720,7391,6
65536,655,1,134,0.1283,0.1484,0.2767,471720,7391,6
65536,655,1,135,0.132,0.1424,0.2744,471720,7391,6
65536,655,1,136,0.1289,0.1463,0.2752,471720,7391,6
65536,655,1,137,0.1369,0.1649,0.30179999999999996,471720,7391,6
65536,655,1,138,0.1316,0.1756,0.30720000000000003,473400,7391,6
65536,655,1,139,0.1279,0.1674,0.2953,471720,7391,6
65536,655,1,140,0.1298,0.1612,0.29100000000000004,471720,7391,6
65536,655,1,141,0.1277,0.1584,0.2861,471720,7391,6
65536,655,1,142,0.1268,0.1547,0.2815,471720,7391,6
65536,655,1,143,0.1276,0.1467,0.2743,471720,7391,6
65536,655,1,144,0.1276,0.1418,0.2694,471720,7391,6
65536,655,1,145,0.1304,0.1496,0.28,471720,7391,6
65536,655,1,146,0.1432,0.1618,0.305,471720,7391,6
65536,655,1,147,0.1403,0.1518,0.2921,471720,7391,6
65536,655,1,148,0.1542,0.1641,0.3183,471720,7391,6
65536,655,1,149,0.1419,0.1481,0.29000000000000004,471720,7391,6
65536,655,1,150,0.1347,0.1489,0.28359999999999996,471720,7391,6
65536,655,1,151,0.133,0.1498,0.2828,471720,7391,6
65536,655,1,152,0.1518,0.1867,0.3385,471720,7391,6
65536,655,1,153,0.1638,0.1716,0.33540000000000003,471720,7391,6
65536,655,1,154,0.1567,0.1626,0.31930000000000003,471720,7391,6
65536,655,1,155,0.1473,0.1534,0.30069999999999997,471720,7391,6
65536,655,1,156,0.1432,0.1471,0.2903,471720,7391,6
65536,655,1,157,0.1499,0.1479,0.2978,471720,7391,6
65536,655,1,158,0.1468,0.1446,0.2914,471720,7391,6
65536,655,1,159,0.1443,0.1489,0.2932,471720,7391,6
65536,655,1,160,0.1345,0.145,0.27949999999999997,471720,7391,6
65536,655,1,161,0.1291,0.1504,0.27949999999999997,471720,7391,6
65536,655,1,162,0.1261,0.1445,0.27059999999999995,471720,7391,6
65536,655,1,163,0.1254,0.1413,0.26670000000000005,471720,7391,6
65536,655,1,164,0.127,0.1405,0.2675,471720,7391,6
65536,655,1,165,0.1251,0.1395,0.2646,471720,7391,6
65536,655,1,166,0.147,0.1609,0.30789999999999995,472560,7391,6
65536,655,1,167,0.1549,0.142,0.2969,471720,7391,6
65536,655,1,168,0.1407,0.1423,0.28300000000000003,471720,7391,6
65536,655,1,169,0.1414,0.1524,0.2938,471720,7391,6
65536,655,1,170,0.1344,0.1509,0.2853,471720,7391,6
65536,655,1,171,0.1271,0.1425,0.26959999999999995,471720,7391,6
65536,655,1,172,0.1301,0.1495,0.27959999999999996,472560,7391,6
65536,655,1,173,0.128,0.1414,0.2694,471720,7391,6
65536,655,1,174,0.1273,0.1631,0.2904,471720,7391,6
65536,655,1,175,0.1278,0.157,0.2848,471720,7391,6
65536,655,1,176,0.1263,0.158,0.2843,471720,7391,6
65536,655,1,177,0.1423,0.1624,0.30469999999999997,471720,7391,6
65536,655,1,178,0.1316,0.161,0.29259999999999997,471720,7391,6
65536,655,1,179,0.1378,0.1593,0.29710000000000003,471720,7391,6
65536,655,1,180,0.1286,0.1713,0.2999,472560,7391,6
65536,655,1,181,0.1416,0.161,0.3026,471720,7391,6
65536,655,1,182,0.158,0.1661,0.3241,471720,7391,6
65536,655,1,183,0.1451,0.1636,0.3087,471720,7391,6
65536,655,1,184,0.1344,0.156,0.2904,471720,7391,6
65536,655,1,185,0.1295,0.1532,0.2827,471720,7391,6
65536,655,1,186,0.1333,0.16,0.2933,471720,7391,6
65536,655,1,187,0.127,0.1619,0.2889,471720,7391,6
65536,655,1,188,0.1321,0.1578,0.2899,471720,7391,6
65536,655,1,189,0.1274,0.1584,0.28580000000000005,471720,7391,6
65536,655,1,190,0.1236,0.1497,0.2733,471720,7391,6
65536,655,1,191,0.1245,0.1516,0.2761,471720,7391,6
65536,655,1,192,0.1245,0.1582,0.2827,471720,7391,6
65536,655,1,193,0.1247,0.142,0.2667,471720,7391,6
65536,655,1,194,0.1256,0.1438,0.2694,471720,7391,6
65536,655,1,195,0.124,0.1407,0.2647,471720,7391,6
65536,655,1,196,0.1361,0.1443,0.2804,471720,7391,6
65536,655,1,197,0.1582,0.145,0.3032,471720,7391,6
65536,655,1,198,0.1407,0.1442,0.2849,471720,7391,6
65536,655,1,199,0.1387,0.1572,0.2959,471720,7391,6
65536,655,1,200,0.1338,0.1695,0.3033,471720,7391,6
65536,655,1,201,0.129,0.1611,0.2901,471720,7391,6
65536,655,1,202,0.1259,0.1649,0.2908,472560,7391,6
65536,655,1,203,0.1253,0.1578,0.2831,471720,7391,6
65536,655,1,204,0.1281,0.1513,0.2794,471720,7391,6
65536,655,1,205,0.1627,0.1625,0.32520000000000004,471720,7391,6
65536,655,1,206,0.1459,0.1665,0.3124,471720,7391,6
65536,655,1,207,0.1347,0.1546,0.2893,471720,7391,6
65536,655,1,208,0.1395,0.2048,0.34430000000000005,471720,7391,6
65536,655,1,209,0.1796,0.1811,0.3607,471720,7391,6
65536,655,1,210,0.1721,0.1718,0.3439,471720,7391,6
65536,655,1,211,0.1541,0.1656,0.3197,471720,7391,6
65536,655,1,212,0.1427,0.1728,0.3155,471720,7391,6
65536,655,1,213,0.1381,0.1593,0.2974,471720,7391,6
65536,655,1,214,0.1367,0.1612,0.2979,471720,7391,6
65536,655,1,215,0.1422,0.1558,0.298,471720,7391,6
65536,655,1,216,0.1335,0.1532,0.2867,471720,7391,6
65536,655,1,217,0.1433,0.1626,0.3059,472560,7391,6
65536,655,1,218,0.14,0.139,0.279,471720,7391,6
65536,655,1,219,0.1475,0.1482,0.29569999999999996,471720,7391,6
65536,655,1,220,0.1448,0.1492,0.29400000000000004,471720,7391,6
65536,655,1,221,0.1404,0.1488,0.2892,471720,7391,6
65536,655,1,222,0.1307,0.1453,0.276,471720,7391,6
65536,655,1,223,0.1312,0.1419,0.2731,471720,7391,6
65536,655,1,224,0.125,0.138,0.263,471720,7391,6
65536,655,1,225,0.124,0.1404,0.26439999999999997,471720,7391,6
65536,655,1,226,0.1237,0.147,0.2707,471720,7391,6
65536,655,1,227,0.1225,0.1393,0.26180000000000003,471720,7391,6
65536,655,1,228,0.1363,0.1412,0.27749999999999997,471720,7391,6
65536,655,1,229,0.1301,0.1374,0.26749999999999996,471720,7391,6
65536,655,1,230,0.1341,0.1465,0.28059999999999996,471720,7391,6
65536,655,1,231,0.1265,0.1394,0.2659,471720,7391,6
65536,655,1,232,0.1266,0.1402,0.2668,471720,7391,6
65536,655,1,233,0.1227,0.1375,0.2602,471720,7391,6
65536,655,1,234,0.1266,0.1369,0.26349999999999996,471720,7391,6
65536,655,1,235,0.1559,0.165,0.3209,471720,7391,6
65536,655,1,236,0.1583,0.1568,0.3151,471720,7391,6
65536,655,1,237,0.1492,0.1686,0.31779999999999997,471720,7391,6
65536,655,1,238,0.1487,0.1709,0.3196,472560,7391,6
65536,655,1,239,0.156,0.1604,0.3164,471720,7391,6
65536,655,1,240,0.1474,0.1603,0.3077,471720,7391,6
65536,655,1,241,0.1385,0.1556,0.29410000000000003,471720,7391,6
65536,655,1,242,0.1383,0.1557,0.29400000000000004,471720,7391,6
65536,655,1,243,0.1332,0.1541,0.2873,471720,7391,6
65536,655,1,244,0.1271,0.1379,0.265,471720,7391,6
65536,655,1,245,0.1224,0.1436,0.266,471720,7391,6
65536,655,1,246,0.1223,0.1396,0.2619,471720,7391,6
65536,655,1,247,0.123,0.1356,0.2586,471720,7391,6
65536,655,1,248,0.1397,0.1397,0.2794,471720,7391,6
65536,655,1,249,0.1427,0.136,0.2787,471720,7391,6
65536,655,1,250,0.135,0.1379,0.27290000000000003,471720,7391,6
65536,655,1,251,0.1265,0.1409,0.26739999999999997,471720,7391,6
65536,655,1,252,0.1251,0.1383,0.26339999999999997,471720,7391,6
65536,655,1,253,0.1227,0.1377,0.26039999999999996,471720,7391,6
65536,655,1,254,0.1223,0.1445,0.2668,472560,7391,6
65536,655,1,255,0.1227,0.1365,0.2592,471720,7391,6
65536,655,2,0,0.2707,0.2905,0.5611999999999999,471720,7391,6
65536,655,2,1,0.3072,0.3398,0.647,471720,7391,6
65536,655,2,2,0.3098,0.3095,0.6193,471720,7391,6
65536,655,2,3,0.2999,0.2958,0.5957,471720,7391,6
65536,655,2,4,0.2906,0.2914,0.5820000000000001,471720,7391,6
65536,655,2,5,0.7999,0.4383,1.2382,471720,7391,6
65536,655,2,6,0.4763,0.3632,0.8395,471720,7391,6
65536,655,2,7,0.3141,0.304,0.6181,471720,7391,6
65536,655,2,8,0.3163,0.3083,0.6246,471720,7391,6
65536,655,2,9,0.2898,0.3044,0.5942000000000001,471720,7391,6
65536,655,2,10,0.2873,0.2966,0.5839,471720,7391,6
65536,655,2,11,0.2799,0.3009,0.5808,471720,7391,6
65536,655,2,12,0.3024,0.3035,0.6059,471720,7391,6
65536,655,2,13,0.3143,0.3049,0.6192,471720,7391,6
65536,655,2,14,0.2924,0.2863,0.5787,471720,7391,6
65536,655,2,15,0.2864,0.2764,0.5628,471720,7391,6
65536,655,2,16,0.2841,0.2788,0.5629,471720,7391,6
65536,655,2,17,0.2696,0.279,0.5486,471720,7391,6
65536,655,2,18,0.2626,0.2811,0.5437000000000001,471720,7391,6
65536,655,2,19,0.2497,0.2796,0.5293,471720,7391,6
65536,655,2,20,0.2428,0.2754,0.5182,471720,7391,6
65536,655,2,21,0.2353,0.2753,0.5105999999999999,471720,7391,6
65536,655,2,22,0.2345,0.2742,0.5086999999999999,471720,7391,6
65536,655,2,23,0.2306,0.2986,0.5292,471720,7391,6
65536,655,2,24,0.2781,0.41,0.6880999999999999,471720,7391,6
65536,655,2,25,0.2798,0.2928,0.5726,471720,7391,6
65536,655,2,26,0.2722,0.2698,0.542,471720,7391,6
65536,655,2,27,0.4837,0.6473,1.131,471720,7391,6
65536,655,2,28,0.387,0.2718,0.6588,471720,7391,6
65536,655,2,29,0.2822,0.3117,0.5939,471720,7391,6
65536,655,2,30,0.3311,5.4402,5.7713,471720,7391,6
65536,655,2,31,0.9592,0.5008,1.46,471720,7391,6
65536,655,2,32,0.3062,0.2923,0.5985,471720,7391,6
65536,655,2,33,0.2886,0.2981,0.5867,471720,7391,6
65536,655,2,34,0.3016,0.2839,0.5854999999999999,471720,7391,6
65536,655,2,35,0.2981,0.3033,0.6013999999999999,471720,7391,6
65536,655,2,36,0.2901,0.3105,0.6006,471720,7391,6
65536,655,2,37,0.2996,0.3139,0.6134999999999999,471720,7391,6
65536,655,2,38,0.2592,0.2379,0.4971,471720,7391,6
65536,655,2,39,0.2656,0.2438,0.5094,471720,7391,6
65536,655,2,40,0.255,0.2779,0.5328999999999999,471720,7391,6
65536,655,2,41,0.2683,0.2423,0.5105999999999999,471720,7391,6
65536,655,2,42,0.2584,0.2659,0.5243,471720,7391,6
65536,655,2,43,0.2736,0.3487,0.6223000000000001,471720,7391,6
65536,655,2,44,0.3358,0.3491,0.6849000000000001,471720,7391,6
65536,655,2,45,0.3805,0.2973,0.6778,471720,7391,6
65536,655,2,46,0.3135,0.2822,0.5957,471720,7391,6
65536,655,2,47,0.3215,0.4216,0.7431,471720,7391,6
65536,655,2,48,0.4974,0.3996,0.897,471720,7391,6
65536,655,2,49,0.4615,0.3061,0.7676000000000001,471720,7391,6
65536,655,2,50,0.2756,0.2849,0.5605,471720,7391,6
65536,655,2,51,0.3122,0.3078,0.62,471720,7391,6
65536,655,2,52,0.3466,0.2854,0.632,471720,7391,6
65536,655,2,53,0.2933,0.2557,0.5489999999999999,471720,7391,6
65536,655,2,54,0.2959,0.2422,0.5381,471720,7391,6
65536,655,2,55,0.2866,0.2736,0.5602,471720,7391,6
65536,655,2,56,0.2866,0.2968,0.5834,471720,7391,6
65536,655,2,57,0.3601,0.3846,0.7446999999999999,471720,7391,6
65536,655,2,58,0.3575,0.3826,0.7401,471720,7391,6
65536,655,2,59,0.3775,0.6185,0.996,471720,7391,6
65536,655,2,60,0.7789,0.5113,1.2902,471720,7391,6
65536,655,2,61,0.4386,0.4481,0.8867,471720,7391,6
65536,655,2,62,0.4286,0.4533,0.8818999999999999,471720,7391,6
65536,655,2,63,0.4481,0.4491,0.8972,471720,7391,6
65536,655,2,64,0.4513,0.4402,0.8915,471720,7391,6
65536,655,2,65,0.4497,0.4173,0.867,471720,7391,6
65536,655,2,66,0.3787,0.2943,0.673,471720,7391,6
65536,655,2,67,0.3283,0.2715,0.5998,471720,7391,6
65536,655,2,68,0.3255,0.2715,0.597,471720,7391,6
65536,655,2,69,0.291,0.3448,0.6357999999999999,471720,7391,6
65536,655,2,70,0.4213,0.4323,0.8536,471720,7391,6
65536,655,2,71,0.3237,0.2837,0.6073999999999999,471720,7391,6
65536,655,2,72,0.3018,0.7919,1.0937000000000001,471720,7391,6
65536,655,2,73,0.8601,0.4162,1.2763,471720,7391,6
65536,655,2,74,0.4947,0.3758,0.8705,471720,7391,6
65536,655,2,75,0.579,0.5329,1.1118999999999999,471720,7391,6
65536,655,2,76,0.4267,0.3271,0.7538,471720,7391,6
65536,655,2,77,0.3952,0.4207,0.8159000000000001,471720,7391,6
65536,655,2,78,0.4719,0.4587,0.9306,471720,7391,6
65536,655,2,79,0.3874,0.3236,0.7110000000000001,471720,7391,6
65536,655,2,80,0.3967,0.3309,0.7276,471720,7391,6
65536,655,2,81,0.3982,0.3512,0.7494000000000001,471720,7391,6
65536,655,2,82,0.3732,0.2996,0.6728,471720,7391,6
65536,655,2,83,0.4045,0.3357,0.7402,471720,7391,6
65536,655,2,84,0.3964,0.3525,0.7488999999999999,471720,7391,6
65536,655,2,85,0.3695,0.3645,0.734,471720,7391,6
65536,655,2,86,0.4903,0.3298,0.8201,471720,7391,6
65536,655,2,87,0.3695,0.2946,0.6640999999999999,471720,7391,6
65536,655,2,88,0.3478,0.3152,0.663,471720,7391,6
65536,655,2,89,0.3476,0.2995,0.6471,471720,7391,6
65536,655,2,90,0.349,0.2879,0.6369,471720,7391,6
65536,655,2,91,0.2944,0.2746,0.569,471720,7391,6
65536,655,2,92,0.2756,0.2773,0.5529,471720,7391,6
65536,655,2,93,0.2605,0.2716,0.5321,471720,7391,6
65536,655,2,94,0.3349,0.316,0.6509,471720,7391,6
65536,655,2,95,0.3288,0.2886,0.6174,471720,7391,6
65536,655,2,96,0.2958,0.2703,0.5661,471720,7391,6
65536,655,2,97,0.3054,0.312,0.6174,472560,7391,6
65536,655,2,98,0.307,0.3584,0.6654,471720,7391,6
65536,655,2,99,0.2764,0.2819,0.5583,471720,7391,6
65536,655,2,100,0.2571,0.2749,0.532,472560,7391,6
65536,655,2,101,0.3809,0.3224,0.7033,471720,7391,6
65536,655,2,102,0.3665,0.3142,0.6807,471720,7391,6
65536,655,2,103,0.3388,0.3085,0.6473,472560,7391,6
65536,655,2,104,0.3358,0.2655,0.6013,471720,7391,6
65536,655,2,105,0.2926,0.3081,0.6007,471720,7391,6
65536,655,2,106,0.7007,0.5939,1.2946,471720,7391,6
65536,655,2,107,0.3726,0.2796,0.6522,471720,7391,6
65536,655,2,108,0.3228,0.2498,0.5726,471720,7391,6
65536,655,2,109,0.2926,0.2695,0.5621,471720,7391,6
65536,655,2,110,0.3042,0.2707,0.5749,471720,7391,6
65536,655,2,111,0.2871,0.2462,0.5333,471720,7391,6
65536,655,2,112,0.2841,0.2605,0.5446,471720,7391,6
65536,655,2,113,0.3061,0.2922,0.5983,471720,7391,6
65536,655,2,114,0.2703,0.2687,0.5389999999999999,472560,7391,6
65536,655,2,115,0.2594,0.231,0.49040000000000006,471720,7391,6
65536,655,2,116,0.2549,0.2381,0.493,471720,7391,6
65536,655,2,117,0.2565,0.4376,0.6940999999999999,471720,7391,6
65536,655,2,118,0.4846,0.2898,0.7744,471720,7391,6
65536,655,2,119,0.516,0.6037,1.1197,471720,7391,6
65536,655,2,120,0.3533,0.3497,0.7030000000000001,471720,7391,6
65536,655,2,121,0.3331,0.3461,0.6792,471720,7391,6
65536,655,2,122,0.3112,0.3302,0.6414,471720,7391,6
65536,655,2,123,0.3099,0.3403,0.6502,471720,7391,6
65536,655,2,124,0.3145,0.334,0.6485000000000001,471720,7391,6
65536,655,2,125,0.275,0.2453,0.5203,471720,7391,6
65536,655,2,126,0.2966,0.2842,0.5808,472560,7391,6
65536,655,2,127,0.2821,0.2227,0.5048,471720,7391,6
65536,655,2,128,0.5647,0.6165,1.1812,471720,7391,6
65536,655,2,129,0.3567,0.3712,0.7279,471720,7391,6
65536,655,2,130,0.3456,0.2723,0.6179,471720,7391,6
65536,655,2,131,0.3176,0.3366,0.6542,471720,7391,6
65536,655,2,132,0.473,0.4366,0.9096,471720,7391,6
65536,655,2,133,0.3565,0.2958,0.6523,471720,7391,6
65536,655,2,134,0.2986,0.2749,0.5734999999999999,471720,7391,6
65536,655,2,135,0.2828,0.2602,0.5429999999999999,471720,7391,6
65536,655,2,136,0.3524,0.5351,0.8875,471720,7391,6
65536,655,2,137,0.4565,0.2767,0.7332000000000001,471720,7391,6
65536,655,2,138,0.3244,0.2597,0.5841000000000001,471720,7391,6
65536,655,2,139,0.2859,0.2566,0.5425,471720,7391,6
65536,655,2,140,0.2558,0.2645,0.5203,471720,7391,6
65536,655,2,141,0.2492,0.2611,0.5103,471720,7391,6
65536,655,2,142,0.2438,0.3936,0.6374,471720,7391,6
65536,655,2,143,0.5041,0.5014,1.0055,471720,7391,6
65536,655,2,144,0.4525,0.3847,0.8371999999999999,471720,7391,6
65536,655,2,145,0.3434,0.2664,0.6098,471720,7391,6
65536,655,2,146,0.3205,0.2764,0.5969,471720,7391,6
65536,655,2,147,0.3108,0.253,0.5638000000000001,471720,7391,6
65536,655,2,148,0.3534,0.3831,0.7364999999999999,471720,7391,6
65536,655,2,149,0.3634,0.3537,0.7171000000000001,471720,7391,6
65536,655,2,150,0.2924,0.2574,0.5498000000000001,471720,7391,6
65536,655,2,151,0.2909,0.2445,0.5354,471720,7391,6
65536,655,2,152,0.2525,0.2357,0.48819999999999997,471720,7391,6
65536,655,2,153,0.3109,0.2746,0.5855,471720,7391,6
65536,655,2,154,0.3198,0.2665,0.5863,471720,7391,6
65536,655,2,155,0.2888,0.2551,0.5439,471720,7391,6
65536,655,2,156,0.2898,0.2822,0.5720000000000001,471720,7391,6
65536,655,2,157,0.3317,0.2514,0.5831,471720,7391,6
65536,655,2,158,0.3081,0.2536,0.5617,471720,7391,6
65536,655,2,159,0.2966,0.2299,0.5265,471720,7391,6
65536,655,2,160,0.2749,0.2253,0.5002,471720,7391,6
65536,655,2,161,0.2411,0.2262,0.46730000000000005,471720,7391,6
65536,655,2,162,0.2251,0.217,0.4421,471720,7391,6
65536,655,2,163,0.2119,0.2096,0.4215,471720,7391,6
65536,655,2,164,0.2006,0.2547,0.4553,471720,7391,6
65536,655,2,165,0.7779,0.719,1.4969000000000001,471720,7391,6
65536,655,2,166,0.5503,0.5942,1.1444999999999999,471720,7391,6
65536,655,2,167,0.4203,0.4426,0.8629,471720,7391,6
65536,655,2,168,0.4521,0.4686,0.9207000000000001,471720,7391,6
65536,655,2,169,0.389,0.3612,0.7502,471720,7391,6
65536,655,2,170,0.3836,0.4312,0.8148,471720,7391,6
65536,655,2,171,0.4243,0.4469,0.8712,471720,7391,6
65536,655,2,172,0.4448,0.4443,0.8891,471720,7391,6
65536,655,2,173,0.3729,0.4395,0.8124,472560,7391,6
65536,655,2,174,0.4632,0.4829,0.9460999999999999,471720,7391,6
65536,655,2,175,0.46,0.4663,0.9263,471720,7391,6
65536,655,2,176,0.4653,0.4609,0.9261999999999999,471720,7391,6
65536,655,2,177,0.4617,0.5538,1.0154999999999998,471720,7391,6
65536,655,2,178,0.4577,0.5028,0.9605,471720,7391,6
65536,655,2,179,0.519,0.4243,0.9433,471720,7391,6
65536,655,2,180,0.5119,0.4348,0.9467000000000001,471720,7391,6
65536,655,2,181,0.6244,0.8231,1.4475,471720,7391,6
65536,655,2,182,0.8128,0.6034,1.4162,471720,7391,6
65536,655,2,183,0.5658,0.5804,1.1461999999999999,471720,7391,6
65536,655,2,184,0.5846,0.6318,1.2164000000000001,471720,7391,6
65536,655,2,185,0.6131,0.777,1.3901,471720,7391,6
65536,655,2,186,1.125,0.8476,1.9726,471720,7391,6
65536,655,2,187,0.678,0.5873,1.2653,471720,7391,6
65536,655,2,188,0.8051,0.9233,1.7284000000000002,471720,7391,6
65536,655,2,189,0.9442,1.1384,2.0826000000000002,471720,7391,6
65536,655,2,190,1.0663,0.9992,2.0655,471720,7391,6
65536,655,2,191,0.8952,0.9481,1.8433000000000002,471720,7391,6
65536,655,2,192,0.9774,1.0902,2.0676,471720,7391,6
65536,655,2,193,1.1383,1.2135,2.3518,471720,7391,6
65536,655,2,194,1.1225,1.143,2.2655000000000003,471720,7391,6
65536,655,2,195,1.0218,1.2051,2.2269,471720,7391,6
65536,655,2,196,1.1761,1.147,2.3231,471720,7391,6
65536,655,2,197,1.2418,1.4343,2.6761,471720,7391,6
65536,655,2,198,1.7687,1.9468,3.7155,471720,7391,6
65536,655,2,199,2.4998,2.9678,5.4676,471720,7391,6
65536,655,2,200,2.828,2.6186,5.4466,471720,7391,6
65536,655,2,201,1.7359,2.4838,4.2197,472560,7391,6
65536,655,2,202,2.834,1.853,4.687,471720,7391,6
65536,655,2,203,2.1082,2.3065,4.4147,471720,7391,6
65536,655,2,204,2.7527,1.5101,4.2628,471720,7391,6
65536,655,2,205,1.8069,3.0726,4.8795,471720,7391,6
65536,655,2,206,2.4951,2.9615,5.4566,471720,7391,6
65536,655,2,207,1.9787,1.6061,3.5848,471720,7391,6
65536,655,2,208,2.3666,2.2495,4.616099999999999,471720,7391,6
65536,655,2,209,1.8406,1.6349,3.4755000000000003,471720,7391,6
65536,655,2,210,2.2432,2.0717,4.3149,471720,7391,6
65536,655,2,211,2.3782,2.6543,5.032500000000001,471720,7391,6
65536,655,2,212,2.1973,2.8184,5.0157,471720,7391,6
65536,655,2,213,2.1269,1.9699,4.0968,471720,7391,6
65536,655,2,214,1.518,1.4377,2.9557,471720,7391,6
65536,655,2,215,1.5213,1.5295,3.0508,471720,7391,6
65536,655,2,216,1.2532,1.1732,2.4264,471720,7391,6
65536,655,2,217,1.3023,1.4721,2.7744,471720,7391,6
65536,655,2,218,1.4206,1.5039,2.9245,471720,7391,6
65536,655,2,219,1.5209,1.3366,2.8575,471720,7391,6
65536,655,2,220,1.4387,1.7047,3.1434,471720,7391,6
65536,655,2,221,1.8677,1.7245,3.5922,471720,7391,6
65536,655,2,222,1.5859,1.9615,3.5474,471720,7391,6
65536,655,2,223,1.8355,1.9181,3.7535999999999996,471720,7391,6
65536,655,2,224,1.8441,2.108,3.9521,471720,7391,6
65536,655,2,225,1.7328,1.7077,3.4405,471720,7391,6
65536,655,2,226,1.7971,1.8488,3.6459,471720,7391,6
65536,655,2,227,1.6935,1.7486,3.4421,471720,7391,6
65536,655,2,228,2.0157,1.9659,3.9816,471720,7391,6
65536,655,2,229,1.8708,2.0448,3.9156,471720,7391,6
65536,655,2,230,1.8474,1.7172,3.5646,471720,7391,6
65536,655,2,231,1.6827,2.0037,3.6864,471720,7391,6
65536,655,2,232,3.0566,3.3375,6.3941,472560,7391,6
65536,655,2,233,3.0323,2.2309,5.2632,471720,7391,6
65536,655,2,234,1.8409,2.5682,4.4091000000000005,471720,7391,6
65536,655,2,235,2.9977,2.7807,5.7783999999999995,471720,7391,6
65536,655,2,236,1.9482,2.3801,4.3283000000000005,471720,7391,6
65536,655,2,237,1.7832,1.5113,3.2945,471720,7391,6
65536,655,2,238,1.4864,1.5444,3.0308,471720,7391,6
65536,655,2,239,1.6043,1.5643,3.1686,471720,7391,6
65536,655,2,240,1.7218,1.5577,3.2795,471720,7391,6
65536,655,2,241,1.3237,1.2878,2.6115000000000004,471720,7391,6
65536,655,2,242,1.1354,1.001,2.1364,471720,7391,6
65536,655,2,243,0.9813,0.9136,1.8948999999999998,471720,7391,6
65536,655,2,244,1.0241,0.8001,1.8242,471720,7391,6
65536,655,2,245,0.762,0.8583,1.6202999999999999,471720,7391,6
65536,655,2,246,0.6693,0.7467,1.416,471720,7391,6
65536,655,2,247,0.7419,0.7529,1.4948000000000001,471720,7391,6
65536,655,2,248,0.658,0.7075,1.3655,471720,7391,6
65536,655,2,249,0.6819,0.626,1.3079,471720,7391,6
65536,655,2,250,0.6377,0.6801,1.3178,471720,7391,6
65536,655,2,251,0.6372,0.6452,1.2824,471720,7391,6
65536,655,2,252,0.6483,0.5912,1.2395,471720,7391,6
65536,655,2,253,0.5899,0.5666,1.1564999999999999,471720,7391,6
65536,655,2,254,0.562,0.6076,1.1696,471720,7391,6
65536,655,2,255,0.556,0.4412,0.9972000000000001,471720,7391,6
65536,655,3,0,0.1715,0.1563,0.3278,471720,7391,6
65536,655,3,1,0.1626,0.1549,0.3175,471720,7391,6
65536,655,3,2,0.1533,0.1566,0.30989999999999995,471720,7391,6
65536,655,3,3,0.1563,0.1549,0.31120000000000003,471720,7391,6
65536,655,3,4,0.1478,0.1584,0.3062,471720,7391,6
65536,655,3,5,0.1862,0.2175,0.4037,471720,7391,6
65536,655,3,6,0.2072,0.2063,0.4135,471720,7391,6
65536,655,3,7,0.2053,0.1889,0.3942,471720,7391,6
65536,655,3,8,0.2079,0.1879,0.39580000000000004,471720,7391,6
65536,655,3,9,0.1918,0.1709,0.3627,471720,7391,6
65536,655,3,10,0.1757,0.1667,0.3424,471720,7391,6
65536,655,3,11,0.1743,0.191,0.3653,472560,7391,6
65536,655,3,12,0.1767,0.1611,0.3378,471720,7391,6
65536,655,3,13,0.1655,0.1675,0.333,471720,7391,6
65536,655,3,14,0.167,0.1574,0.3244,471720,7391,6
65536,655,3,15,0.1543,0.1548,0.3091,471720,7391,6
65536,655,3,16,0.1465,0.1821,0.3286,472560,7391,6
65536,655,3,17,0.1468,0.1577,0.3045,471720,7391,6
65536,655,3,18,0.1434,0.1544,0.2978,471720,7391,6
65536,655,3,19,0.1419,0.1563,0.2982,471720,7391,6
65536,655,3,20,0.1454,0.1531,0.2985,471720,7391,6
65536,655,3,21,0.1483,0.1521,0.3004,471720,7391,6
65536,655,3,22,0.1639,0.1558,0.3197,471720,7391,6
65536,655,3,23,0.161,0.1546,0.3156,471720,7391,6
65536,655,3,24,0.1503,0.1573,0.3076,471720,7391,6
65536,655,3,25,0.162,0.1589,0.3209,471720,7391,6
65536,655,3,26,0.1529,0.1574,0.3103,471720,7391,6
65536,655,3,27,0.1474,0.156,0.3034,471720,7391,6
65536,655,3,28,0.1512,0.1569,0.30810000000000004,471720,7391,6
65536,655,3,29,0.1501,0.1543,0.3044,471720,7391,6
65536,655,3,30,0.1791,0.1907,0.3698,471720,7391,6
65536,655,3,31,0.1972,0.3389,0.5361,471720,7391,6
65536,655,3,32,0.4799,0.373,0.8529,471720,7391,6
65536,655,3,33,0.2239,0.217,0.44089999999999996,471720,7391,6
65536,655,3,34,0.2049,0.2099,0.4148,471720,7391,6
65536,655,3,35,0.1984,0.2122,0.41059999999999997,471720,7391,6
65536,655,3,36,0.1929,0.2111,0.404,471720,7391,6
65536,655,3,37,0.1846,0.2091,0.3937,471720,7391,6
65536,655,3,38,0.1803,0.2145,0.3948,471720,7391,6
65536,655,3,39,0.1785,0.2025,0.381,471720,7391,6
65536,655,3,40,0.1774,0.2059,0.3833,471720,7391,6
65536,655,3,41,0.1807,0.2014,0.3821,471720,7391,6
65536,655,3,42,0.1955,0.2026,0.3981,471720,7391,6
65536,655,3,43,0.1921,0.2029,0.395,471720,7391,6
65536,655,3,44,0.1884,0.2082,0.3966,471720,7391,6
65536,655,3,45,0.1887,0.2054,0.3941,471720,7391,6
65536,655,3,46,0.1835,0.3718,0.5553,471720,7391,6
65536,655,3,47,0.3719,0.1793,0.5512,471720,7391,6
65536,655,3,48,0.2394,0.2256,0.46499999999999997,471720,7391,6
65536,655,3,49,0.2168,0.1732,0.39,471720,7391,6
65536,655,3,50,0.1969,0.1641,0.361,471720,7391,6
65536,655,3,51,0.1874,0.1612,0.3486,471720,7391,6
65536,655,3,52,0.1881,0.1627,0.3508,471720,7391,6
65536,655,3,53,0.169,0.1584,0.3274,471720,7391,6
65536,655,3,54,0.1677,0.1625,0.3302,471720,7391,6
65536,655,3,55,0.1597,0.1653,0.325,471720,7391,6
65536,655,3,56,0.1505,0.1577,0.30820000000000003,471720,7391,6
65536,655,3,57,0.144,0.1542,0.2982,471720,7391,6
65536,655,3,58,0.1425,0.1514,0.2939,471720,7391,6
65536,655,3,59,0.142,0.1719,0.31389999999999996,471720,7391,6
65536,655,3,60,0.1884,0.1773,0.3657,471720,7391,6
65536,655,3,61,0.2223,0.2321,0.4544,471720,7391,6
65536,655,3,62,0.2058,0.2159,0.4217,471720,7391,6
65536,655,3,63,0.1967,0.1851,0.38180000000000003,471720,7391,6
65536,655,3,64,0.1782,0.1779,0.35609999999999997,471720,7391,6
65536,655,3,65,0.1962,0.1782,0.3744,471720,7391,6
65536,655,3,66,0.179,0.1692,0.34819999999999995,471720,7391,6
65536,655,3,67,0.1701,0.1604,0.3305,471720,7391,6
65536,655,3,68,0.161,0.1583,0.31930000000000003,471720,7391,6
65536,655,3,69,0.1616,0.1604,0.32199999999999995,471720,7391,6
65536,655,3,70,0.151,0.161,0.312,471720,7391,6
65536,655,3,71,0.1497,0.1578,0.3075,471720,7391,6
65536,655,3,72,0.1451,0.1935,0.3386,471720,7391,6
65536,655,3,73,0.161,0.162,0.323,471720,7391,6
65536,655,3,74,0.1625,0.1652,0.3277,471720,7391,6
65536,655,3,75,0.1985,0.2492,0.4477,471720,7391,6
65536,655,3,76,0.2319,0.4684,0.7002999999999999,472560,7391,6
65536,655,3,77,0.4939,0.3956,0.8895,471720,7391,6
65536,655,3,78,0.2772,0.2547,0.5319,471720,7391,6
65536,655,3,79,0.2254,0.2332,0.4586,471720,7391,6
65536,655,3,80,0.2031,0.2161,0.4192,471720,7391,6
65536,655,3,81,0.1953,0.2179,0.4132,471720,7391,6
65536,655,3,82,0.2055,0.214,0.4195,471720,7391,6
65536,655,3,83,0.2049,0.2117,0.41659999999999997,471720,7391,6
65536,655,3,84,0.2082,0.196,0.4042,471720,7391,6
65536,655,3,85,0.1862,0.1739,0.3601,471720,7391,6
65536,655,3,86,0.1684,0.1767,0.34509999999999996,471720,7391,6
65536,655,3,87,0.1613,0.171,0.33230000000000004,471720,7391,6
65536,655,3,88,0.1642,0.1679,0.3321,471720,7391,6
65536,655,3,89,0.1589,0.1659,0.3248,471720,7391,6
65536,655,3,90,0.1513,0.1669,0.3182,471720,7391,6
65536,655,3,91,0.1517,0.1585,0.31020000000000003,471720,7391,6
65536,655,3,92,0.1567,0.1576,0.3143,471720,7391,6
65536,655,3,93,0.381,0.3578,0.7388,471720,7391,6
65536,655,3,94,0.2506,0.2128,0.4634,471720,7391,6
65536,655,3,95,0.1965,0.1802,0.37670000000000003,471720,7391,6
65536,655,3,96,0.1782,0.1976,0.3758,472560,7391,6
65536,655,3,97,0.1933,0.1912,0.3845,471720,7391,6
65536,655,3,98,0.1961,0.1716,0.3677,471720,7391,6
65536,655,3,99,0.1835,0.173,0.3565,471720,7391,6
65536,655,3,100,0.1974,0.1985,0.39590000000000003,471720,7391,6
65536,655,3,101,0.1941,0.167,0.3611,471720,7391,6
65536,655,3,102,0.1933,0.2959,0.48919999999999997,471720,7391,6
65536,655,3,103,0.3785,0.3011,0.6796,471720,7391,6
65536,655,3,104,0.2476,0.2056,0.4532,471720,7391,6
65536,655,3,105,0.199,0.18,0.379,471720,7391,6
65536,655,3,106,0.1845,0.1991,0.3836,472560,7391,6
65536,655,3,107,0.1668,0.1715,0.33830000000000005,471720,7391,6
65536,655,3,108,0.1575,0.1666,0.3241,471720,7391,6
65536,655,3,109,0.1568,0.1624,0.3192,471720,7391,6
65536,655,3,110,0.1509,0.1597,0.3106,471720,7391,6
65536,655,3,111,0.1479,0.1573,0.3052,471720,7391,6
65536,655,3,112,0.1621,0.1569,0.319,471720,7391,6
65536,655,3,113,0.1724,0.162,0.33440000000000003,471720,7391,6
65536,655,3,114,0.1589,0.1562,0.31510000000000005,471720,7391,6
65536,655,3,115,0.1792,0.1586,0.3378,471720,7391,6
65536,655,3,116,0.1535,0.156,0.3095,471720,7391,6
65536,655,3,117,0.1488,0.1573,0.3061,471720,7391,6
65536,655,3,118,0.1539,0.1556,0.3095,471720,7391,6
65536,655,3,119,0.1477,0.1563,0.304,471720,7391,6
65536,655,3,120,0.1464,0.1587,0.30510000000000004,471720,7391,6
65536,655,3,121,0.1453,0.1592,0.3045,471720,7391,6
65536,655,3,122,0.163,0.152,0.315,471720,7391,6
65536,655,3,123,0.1585,0.1521,0.3106,471720,7391,6
65536,655,3,124,0.1525,0.1595,0.312,471720,7391,6
65536,655,3,125,0.1575,0.1528,0.3103,471720,7391,6
65536,655,3,126,0.1494,0.1551,0.3045,471720,7391,6
65536,655,3,127,0.1444,0.1528,0.2972,471720,7391,6
65536,655,3,128,0.1506,0.1707,0.32130000000000003,472560,7391,6
65536,655,3,129,0.1454,0.1546,0.3,471720,7391,6
65536,655,3,130,0.145,0.1552,0.3002,471720,7391,6
65536,655,3,131,0.1434,0.1552,0.2986,471720,7391,6
65536,655,3,132,0.1458,0.1525,0.2983,471720,7391,6
65536,655,3,133,0.1562,0.1555,0.3117,471720,7391,6
65536,655,3,134,0.1477,0.1669,0.3146,471720,7391,6
65536,655,3,135,0.147,0.1565,0.3035,471720,7391,6
65536,655,3,136,0.1418,0.1503,0.2921,471720,7391,6
65536,655,3,137,0.1422,0.1518,0.294,471720,7391,6
65536,655,3,138,0.1396,0.1515,0.2911,471720,7391,6
65536,655,3,139,0.1402,0.2376,0.3778,471720,7391,6
65536,655,3,140,0.1436,0.1561,0.29969999999999997,471720,7391,6
65536,655,3,141,0.1432,0.1758,0.319,471720,7391,6
65536,655,3,142,0.19,0.1727,0.3627,471720,7391,6
65536,655,3,143,0.1816,0.1604,0.34199999999999997,471720,7391,6
65536,655,3,144,0.1721,0.156,0.3281,471720,7391,6
65536,655,3,145,0.164,0.155,0.319,471720,7391,6
65536,655,3,146,0.1618,0.1556,0.3174,471720,7391,6
65536,655,3,147,0.1534,0.1514,0.3048,471720,7391,6
65536,655,3,148,0.1462,0.1566,0.30279999999999996,471720,7391,6
65536,655,3,149,0.1447,0.1558,0.3005,471720,7391,6
65536,655,3,150,0.1425,0.1573,0.29979999999999996,471720,7391,6
65536,655,3,151,0.1397,0.1515,0.2912,471720,7391,6
65536,655,3,152,0.1453,0.1527,0.29800000000000004,471720,7391,6
65536,655,3,153,0.1673,0.1761,0.34340000000000004,472560,7391,6
65536,655,3,154,0.1539,0.1479,0.3018,471720,7391,6
65536,655,3,155,0.1443,0.1489,0.2932,471720,7391,6
65536,655,3,156,0.1423,0.1532,0.2955,471720,7391,6
65536,655,3,157,0.1438,0.1556,0.2994,471720,7391,6
65536,655,3,158,0.1422,0.1591,0.3013,472560,7391,6
65536,655,3,159,0.1385,0.1536,0.2921,471720,7391,6
65536,655,3,160,0.14,0.156,0.29600000000000004,472560,7391,6
65536,655,3,161,0.1394,0.1491,0.2885,471720,7391,6
65536,655,3,162,0.1422,0.1467,0.2889,471720,7391,6
65536,655,3,163,0.1453,0.15,0.2953,472560,7391,6
65536,655,3,164,0.1559,0.1481,0.30400000000000005,471720,7391,6
65536,655,3,165,0.1442,0.1632,0.3074,471720,7391,6
65536,655,3,166,0.1399,0.1531,0.29300000000000004,472560,7391,6
65536,655,3,167,0.1452,0.1463,0.2915,471720,7391,6
65536,655,3,168,0.1377,0.149,0.28669999999999995,471720,7391,6
65536,655,3,169,0.1406,0.1457,0.2863,471720,7391,6
65536,655,3,170,0.1393,0.1483,0.28759999999999997,472560,7391,6
65536,655,3,171,0.1384,0.1451,0.2835,471720,7391,6
65536,655,3,172,0.1406,0.1436,0.2842,471720,7391,6
65536,655,3,173,0.153,0.1454,0.2984,471720,7391,6
65536,655,3,174,0.1408,0.1435,0.2843,471720,7391,6
65536,655,3,175,0.1413,0.1471,0.2884,471720,7391,6
65536,655,3,176,0.1453,0.148,0.2933,471720,7391,6
65536,655,3,177,0.1412,0.1475,0.28869999999999996,471720,7391,6
65536,655,3,178,0.1375,0.1459,0.2834,471720,7391,6
65536,655,3,179,0.1372,0.1449,0.2821,471720,7391,6
65536,655,3,180,0.1366,0.1428,0.2794,471720,7391,6
65536,655,3,181,0.1404,0.1439,0.2843,471720,7391,6
65536,655,3,182,0.1364,0.1447,0.2811,471720,7391,6
65536,655,3,183,0.1368,0.1428,0.2796,471720,7391,6
65536,655,3,184,0.1506,0.1464,0.29700000000000004,471720,7391,6
65536,655,3,185,0.1552,0.1427,0.2979,471720,7391,6
65536,655,3,186,0.1537,0.1459,0.2996,471720,7391,6
65536,655,3,187,0.1448,0.1433,0.2881,471720,7391,6
65536,655,3,188,0.1442,0.1467,0.2909,471720,7391,6
65536,655,3,189,0.1393,0.1471,0.2864,471720,7391,6
65536,655,3,190,0.1395,0.1491,0.2886,471720,7391,6
65536,655,3,191,0.1354,0.148,0.2834,471720,7391,6
65536,655,3,192,0.1365,0.1461,0.2826,471720,7391,6
65536,655,3,193,0.1387,0.1451,0.2838,471720,7391,6
65536,655,3,194,0.1379,0.1454,0.2833,471720,7391,6
65536,655,3,195,0.1451,0.1493,0.2944,471720,7391,6
65536,655,3,196,0.1359,0.1612,0.29710000000000003,472560,7391,6
65536,655,3,197,0.1372,0.1494,0.28659999999999997,471720,7391,6
65536,655,3,198,0.1543,0.1526,0.3069,471720,7391,6
65536,655,3,199,0.1482,0.1528,0.301,471720,7391,6
65536,655,3,200,0.1448,0.1469,0.2917,471720,7391,6
65536,655,3,201,0.1411,0.1486,0.2897,471720,7391,6
65536,655,3,202,0.14,0.1447,0.2847,471720,7391,6
65536,655,3,203,0.1399,0.1463,0.2862,471720,7391,6
65536,655,3,204,0.1538,0.1463,0.30010000000000003,471720,7391,6
65536,655,3,205,0.1448,0.1438,0.2886,471720,7391,6
65536,655,3,206,0.138,0.1476,0.2856,471720,7391,6
65536,655,3,207,0.1362,0.1435,0.27969999999999995,471720,7391,6
65536,655,3,208,0.1388,0.1489,0.2877,471720,7391,6
65536,655,3,209,0.154,0.1493,0.3033,471720,7391,6
65536,655,3,210,0.1544,0.1506,0.30500000000000005,471720,7391,6
65536,655,3,211,0.1481,0.1465,0.2946,471720,7391,6
65536,655,3,212,0.1436,0.1442,0.2878,471720,7391,6
65536,655,3,213,0.1432,0.153,0.2962,472560,7391,6
65536,655,3,214,0.1422,0.1426,0.2848,471720,7391,6
65536,655,3,215,0.1484,0.1455,0.2939,471720,7391,6
65536,655,3,216,0.1445,0.1441,0.28859999999999997,471720,7391,6
65536,655,3,217,0.1575,0.1487,0.3062,471720,7391,6
65536,655,3,218,0.1398,0.1445,0.2843,471720,7391,6
65536,655,3,219,0.1386,0.1477,0.2863,471720,7391,6
65536,655,3,220,0.1384,0.1452,0.28359999999999996,471720,7391,6
65536,655,3,221,0.1384,0.1446,0.28300000000000003,471720,7391,6
65536,655,3,222,0.1367,0.1427,0.2794,471720,7391,6
65536,655,3,223,0.1334,0.1421,0.27549999999999997,471720,7391,6
65536,655,3,224,0.1576,0.1439,0.3015,471720,7391,6
65536,655,3,225,0.1443,0.1414,0.2857,471720,7391,6
65536,655,3,226,0.1434,0.1448,0.2882,471720,7391,6
65536,655,3,227,0.1386,0.1454,0.28400000000000003,471720,7391,6
65536,655,3,228,0.1367,0.1456,0.2823,471720,7391,6
65536,655,3,229,0.1439,0.1463,0.2902,471720,7391,6
65536,655,3,230,0.1501,0.1471,0.2972,471720,7391,6
65536,655,3,231,0.1439,0.1443,0.2882,471720,7391,6
65536,655,3,232,0.1402,0.1488,0.289,471720,7391,6
65536,655,3,233,0.1356,0.143,0.27859999999999996,471720,7391,6
65536,655,3,234,0.1382,0.1415,0.27969999999999995,471720,7391,6
65536,655,3,235,0.1473,0.1453,0.29259999999999997,471720,7391,6
65536,655,3,236,0.1407,0.1416,0.2823,471720,7391,6
65536,655,3,237,0.1388,0.1465,0.2853,471720,7391,6
65536,655,3,238,0.1365,0.1427,0.2792,471720,7391,6
65536,655,3,239,0.1363,0.1456,0.28190000000000004,471720,7391,6
65536,655,3,240,0.1408,0.1417,0.2825,471720,7391,6
65536,655,3,241,0.1391,0.1423,0.2814,471720,7391,6
65536,655,3,242,0.1361,0.1428,0.27890000000000004,471720,7391,6
65536,655,3,243,0.1378,0.1439,0.2817,471720,7391,6
65536,655,3,244,0.1373,0.1419,0.2792,471720,7391,6
65536,655,3,245,0.1363,0.1415,0.2778,471720,7391,6
65536,655,3,246,0.1396,0.1469,0.2865,471720,7391,6
65536,655,3,247,0.1363,0.1428,0.2791,471720,7391,6
65536,655,3,248,0.1347,0.1443,0.279,471720,7391,6
65536,655,3,249,0.1362,0.142,0.2782,471720,7391,6
65536,655,3,250,0.137,0.1482,0.2852,471720,7391,6
65536,655,3,251,0.133,0.1404,0.2734,471720,7391,6
65536,655,3,252,0.1346,0.142,0.27659999999999996,471720,7391,6
65536,655,3,253,0.1355,0.146,0.2815,471720,7391,6
65536,655,3,254,0.1367,0.146,0.28269999999999995,471720,7391,6
65536,655,3,255,0.1493,0.1484,0.29769999999999996,471720,7391,6
65536,65536,1,0,36.3965,36.5235,72.92,47079568,735920,512
65536,65536,1,1,18.2053,37.5419,55.7472,47083768,735920,512
65536,65536,1,2,19.8247,73.6117,93.43639999999999,47082088,735920,512
65536,65536,1,3,32.1093,42.4214,74.5307,47081248,735920,512
65536,65536,1,4,20.4975,54.0072,74.5047,47082928,735920,512
65536,65536,1,5,17.572,36.3967,53.9687,47079568,735920,512
65536,65536,1,6,16.081,22.8253,38.9063,47081248,735920,512
65536,65536,1,7,10.5468,19.6517,30.198500000000003,47082928,735920,512
65536,65536,1,8,9.693,18.755,28.448,47079568,735920,512
65536,65536,1,9,9.1347,18.3305,27.465200000000003,47079568,735920,512
65536,65536,1,10,16.6287,20.0443,36.673,47082088,735920,512
65536,65536,1,11,10.1713,19.8712,30.042500000000004,47082928,735920,512
65536,65536,1,12,9.5326,23.3277,32.8603,47077888,735920,512
65536,65536,1,13,9.2188,19.1605,28.3793,47082088,735920,512
65536,65536,1,14,9.3835,18.5864,27.969900000000003,47080408,735920,512
65536,65536,1,15,9.3225,18.2025,27.525,47079568,735920,512
65536,65536,1,16,9.2436,29.9535,39.1971,47079568,735920,512
65536,65536,1,17,10.9254,19.8146,30.74,47080408,735920,512
65536,65536,1,18,9.673,19.1066,28.779600000000002,47082088,735920,512
65536,65536,1,19,9.4137,18.5112,27.9249,47081248,735920,512
65536,65536,1,20,9.2423,19.2181,28.4604,47082928,735920,512
65536,65536,1,21,9.1088,18.6715,27.780300000000004,47082928,736432,512
65536,65536,1,22,9.2215,30.6378,39.8593,47079568,736432,512
65536,65536,1,23,14.947,29.0057,43.9527,47081248,736432,512
65536,65536,1,24,15.2304,29.9587,45.189099999999996,47080408,736432,512
65536,65536,1,25,19.0714,30.5255,49.596900000000005,47078728,736432,512
65536,65536,1,26,13.7058,23.3853,37.0911,47082088,736432,512
65536,65536,1,27,11.0061,29.815,40.8211,47082088,736432,512
65536,65536,1,28,26.1488,34.4107,60.5595,47081248,736432,512
65536,65536,1,29,18.4121,29.4204,47.832499999999996,47077888,736432,512
65536,65536,1,30,15.8188,30.7969,46.615700000000004,47082088,736432,512
65536,65536,1,31,20.4566,39.4523,59.9089,47079568,736432,512
65536,65536,2,0,16.4242,22.4429,38.8671,47079568,735920,512
65536,65536,2,1,9.9352,16.4181,26.353299999999997,47082088,735920,512
65536,65536,2,2,10.67,16.1116,26.781599999999997,47082928,735920,512
65536,65536,2,3,9.2417,16.0581,25.299799999999998,47081248,735920,512
65536,65536,2,4,9.5412,16.816,26.3572,47083768,735920,512
65536,65536,2,5,8.8173,16.9156,25.7329,47079568,735920,512
65536,65536,2,6,16.0008,18.5866,34.5874,47080408,735920,512
65536,65536,2,7,9.7408,17.5818,27.3226,47079568,735920,512
65536,65536,2,8,9.0272,16.1772,25.2044,47082088,735920,512
65536,65536,2,9,9.2398,16.3179,25.557700000000004,47079568,735920,512
65536,65536,2,10,9.512,16.4125,25.924500000000002,47085448,735920,512
65536,65536,2,11,11.2308,27.6695,38.9003,47082088,735920,512
65536,65536,2,12,9.8647,17.2206,27.0853,47080408,735920,512
65536,65536,2,13,9.0389,17.6075,26.6464,47080408,735920,512
65536,65536,2,14,9.0772,18.1086,27.1858,47079568,735920,512
65536,65536,2,15,9.1035,16.9255,26.029,47080408,735920,512
65536,65536,2,16,9.0943,17.6755,26.7698,47081248,735920,512
65536,65536,2,17,9.2883,29.7034,38.991699999999994,47082088,735920,512
65536,65536,2,18,11.2366,18.6021,29.8387,47079568,736432,512
65536,65536,2,19,9.2115,17.1355,26.347,47081248,736432,512
65536,65536,2,20,8.9459,17.066,26.011899999999997,47077888,736432,512
65536,65536,2,21,8.6814,17.3868,26.0682,47082088,736432,512
65536,65536,2,22,8.8284,17.1573,25.9857,47079568,736432,512
65536,65536,2,23,16.4827,16.6,33.0827,47082088,736432,512
65536,65536,2,24,9.1994,15.6234,24.8228,47081248,736432,512
65536,65536,2,25,9.0257,18.8942,27.919900000000002,47082088,736432,512
65536,65536,2,26,9.5746,19.4851,29.0597,47080408,736432,512
65536,65536,2,27,9.7925,18.3185,28.111,47080408,736432,512
65536,65536,2,28,9.1771,25.7078,34.8849,47082088,736432,512
65536,65536,2,29,9.5286,17.1261,26.654700000000002,47082088,736432,512
65536,65536,2,30,8.6602,17.8696,26.529799999999998,47077888,736432,512
65536,65536,2,31,9.2149,17.4788,26.6937,47082088,736432,512
65536,65536,3,0,10.2391,17.2565,27.4956,47079568,735920,512
65536,65536,3,1,9.3173,16.8111,26.1284,47081248,735920,512
65536,65536,3,2,8.9491,16.3451,25.294199999999996,47081248,735920,512
65536,65536,3,3,8.881,17.0432,25.9242,47085448,735920,512
65536,65536,3,4,9.6332,32.1748,41.808,47082928,735920,512
65536,65536,3,5,10.8839,21.8613,32.7452,47082088,735920,512
65536,65536,3,6,10.3263,19.6218,29.9481,47081248,735920,512
65536,65536,3,7,10.6635,19.8771,30.540599999999998,47083768,735920,512
65536,65536,3,8,10.918,20.5024,31.4204,47081248,735920,512
65536,65536,3,9,9.9364,18.1479,28.0843,47079568,735920,512
65536,65536,3,10,18.9625,19.6021,38.5646,47082088,735920,512
65536,65536,3,11,9.6021,17.1139,26.716,47080408,735920,512
65536,65536,3,12,9.7072,18.2098,27.917,47080408,735920,512
65536,65536,3,13,9.7126,18.1307,27.8433,47082088,735920,512
65536,65536,3,14,9.696,19.2417,28.9377,47080408,735920,512
65536,65536,3,15,9.8164,18.1951,28.011499999999998,47082088,735920,512
65536,65536,3,16,17.218,22.6221,39.8401,47080408,736432,512
65536,65536,3,17,10.1194,18.6949,28.814300000000003,47081248,736432,512
65536,65536,3,18,9.4887,18.3973,27.886000000000003,47081248,736432,512
65536,65536,3,19,9.4451,17.1848,26.6299,47081248,736432,512
65536,65536,3,20,9.2098,16.6962,25.906,47084608,736432,512
65536,65536,3,21,9.2589,17.3807,26.6396,47080408,736432,512
65536,65536,3,22,16.8513,18.852,35.7033,47082928,736432,512
65536,65536,3,23,10.1899,17.4116,27.6015,47082088,736432,512
65536,65536,3,24,9.7336,18.3794,28.113,47078728,736432,512
65536,65536,3,25,11.1883,17.055,28.243299999999998,47084608,736432,512
65536,65536,3,26,8.9509,15.98,24.9309,47082928,736432,512
65536,65536,3,27,9.2156,16.7119,25.927500000000002,47081248,736432,512
65536,65536,3,28,18.8584,17.4274,36.285799999999995,47081248,736432,512
65536,65536,3,29,9.025,15.7773,24.802300000000002,47079568,736432,512
65536,65536,3,30,8.731,16.1725,24.9035,47081248,736432,512
65536,65536,3,31,9.9915,15.7968,25.7883,47082928,736432,512
131072,0,1,0,1.0E-4,1.0E-4,2.0E-4,0,0,0
131072,0,1,1,0.0,0.0,0.0,0,0,0
131072,0,1,2,0.0,0.0,0.0,0,0,0
131072,0,1,3,0.0,0.0,0.0,0,0,0
131072,0,1,4,0.0,1.0E-4,1.0E-4,0,0,0
131072,0,1,5,0.0,1.0E-4,1.0E-4,0,0,0
131072,0,1,6,0.0,0.0,0.0,0,0,0
131072,0,1,7,1.0E-4,0.0,1.0E-4,0,0,0
131072,0,1,8,0.0,0.0,0.0,0,0,0
131072,0,1,9,0.0,1.0E-4,1.0E-4,0,0,0
131072,0,1,10,0.0,0.0,0.0,0,0,0
131072,0,1,11,1.0E-4,0.0,1.0E-4,0,0,0
131072,0,1,12,1.0E-4,0.0,1.0E-4,0,0,0
131072,0,1,13,0.0,0.0,0.0,0,0,0
131072,0,1,14,0.0,1.0E-4,1.0E-4,0,0,0
131072,0,1,15,0.0,0.0,0.0,0,0,0
131072,0,1,16,1.0E-4,0.0,1.0E-4,0,0,0
131072,0,1,17,0.0,0.0,0.0,0,0,0
131072,0,1,18,0.0,0.0,0.0,0,0,0
131072,0,1,19,1.0E-4,0.0,1.0E-4,0,0,0
131072,0,1,20,0.0,0.0,0.0,0,0,0
131072,0,1,21,0.0,1.0E-4,1.0E-4,0,0,0
131072,0,1,22,0.0,0.0,0.0,0,0,0
131072,0,1,23,0.0,0.0,0.0,0,0,0
131072,0,1,24,0.0,1.0E-4,1.0E-4,0,0,0
131072,0,1,25,0.0,1.0E-4,1.0E-4,0,0,0
131072,0,1,26,0.0,0.0,0.0,0,0,0
131072,0,1,27,1.0E-4,0.0,1.0E-4,0,0,0
131072,0,1,28,0.0,0.0,0.0,0,0,0
131072,0,1,29,0.0,1.0E-4,1.0E-4,0,0,0
131072,0,1,30,0.0,0.0,0.0,0,0,0
131072,0,1,31,0.0,0.0,0.0,0,0,0
131072,0,1,32,0.0,1.0E-4,1.0E-4,0,0,0
131072,0,1,33,0.0,1.0E-4,1.0E-4,0,0,0
131072,0,1,34,0.0,0.0,0.0,0,0,0
131072,0,1,35,0.0,0.0,0.0,0,0,0
131072,0,1,36,0.0,1.0E-4,1.0E-4,0,0,0
131072,0,1,37,0.0,0.0,0.0,0,0,0
131072,0,1,38,1.0E-4,0.0,1.0E-4,0,0,0
131072,0,1,39,0.0,0.0,0.0,0,0,0
131072,0,1,40,0.0,1.0E-4,1.0E-4,0,0,0
131072,0,1,41,0.0,0.0,0.0,0,0,0
131072,0,1,42,1.0E-4,0.0,1.0E-4,0,0,0
131072,0,1,43,0.0,0.0,0.0,0,0,0
131072,0,1,44,0.0,1.0E-4,1.0E-4,0,0,0
131072,0,1,45,0.0,0.0,0.0,0,0,0
131072,0,1,46,0.0,0.0,0.0,0,0,0
131072,0,1,47,0.0,1.0E-4,1.0E-4,0,0,0
131072,0,1,48,0.0,0.0,0.0,0,0,0
131072,0,1,49,1.0E-4,0.0,1.0E-4,0,0,0
131072,0,1,50,0.0,0.0,0.0,0,0,0
131072,0,1,51,0.0,1.0E-4,1.0E-4,0,0,0
131072,0,1,52,1.0E-4,0.0,1.0E-4,0,0,0
131072,0,1,53,1.0E-4,0.0,1.0E-4,0,0,0
131072,0,1,54,0.0,0.0,0.0,0,0,0
131072,0,1,55,0.0,1.0E-4,1.0E-4,0,0,0
131072,0,1,56,1.0E-4,0.0,1.0E-4,0,0,0
131072,0,1,57,0.0,0.0,0.0,0,0,0
131072,0,1,58,0.0,1.0E-4,1.0E-4,0,0,0
131072,0,1,59,0.0,1.0E-4,1.0E-4,0,0,0
131072,0,1,60,1.0E-4,0.0,1.0E-4,0,0,0
131072,0,1,61,0.0,0.0,0.0,0,0,0
131072,0,1,62,0.0,1.0E-4,1.0E-4,0,0,0
131072,0,1,63,0.0,1.0E-4,1.0E-4,0,0,0
131072,0,1,64,0.0,0.0,0.0,0,0,0
131072,0,1,65,0.0,0.0,0.0,0,0,0
131072,0,1,66,0.0,1.0E-4,1.0E-4,0,0,0
131072,0,1,67,0.0,0.0,0.0,0,0,0
131072,0,1,68,1.0E-4,0.0,1.0E-4,0,0,0
131072,0,1,69,0.0,0.0,0.0,0,0,0
131072,0,1,70,0.0,1.0E-4,1.0E-4,0,0,0
131072,0,1,71,1.0E-4,0.0,1.0E-4,0,0,0
131072,0,1,72,0.0,0.0,0.0,0,0,0
131072,0,1,73,0.0,1.0E-4,1.0E-4,0,0,0
131072,0,1,74,0.0,0.0,0.0,0,0,0
131072,0,1,75,0.0,0.0,0.0,0,0,0
131072,0,1,76,0.0,1.0E-4,1.0E-4,0,0,0
131072,0,1,77,0.0,1.0E-4,1.0E-4,0,0,0
131072,0,1,78,1.0E-4,0.0,1.0E-4,0,0,0
131072,0,1,79,0.0,0.0,0.0,0,0,0
131072,0,1,80,0.0,1.0E-4,1.0E-4,0,0,0
131072,0,1,81,0.0,0.0,0.0,0,0,0
131072,0,1,82,0.0,0.0,0.0,0,0,0
131072,0,1,83,0.0,0.0,0.0,0,0,0
131072,0,1,84,0.0,1.0E-4,1.0E-4,0,0,0
131072,0,1,85,1.0E-4,0.0,1.0E-4,0,0,0
131072,0,1,86,0.0,0.0,0.0,0,0,0
131072,0,1,87,0.0,1.0E-4,1.0E-4,0,0,0
131072,0,1,88,0.0,1.0E-4,1.0E-4,0,0,0
131072,0,1,89,1.0E-4,0.0,1.0E-4,0,0,0
131072,0,1,90,0.0,0.0,0.0,0,0,0
131072,0,1,91,0.0,1.0E-4,1.0E-4,0,0,0
131072,0,1,92,0.0,0.0,0.0,0,0,0
131072,0,1,93,1.0E-4,0.0,1.0E-4,0,0,0
131072,0,1,94,0.0,0.0,0.0,0,0,0
131072,0,1,95,0.0,1.0E-4,1.0E-4,0,0,0
131072,0,1,96,1.0E-4,0.0,1.0E-4,0,0,0
131072,0,1,97,0.0,0.0,0.0,0,0,0
131072,0,1,98,0.0,1.0E-4,1.0E-4,0,0,0
131072,0,1,99,0.0,0.0,0.0,0,0,0
131072,0,1,100,0.0,0.0,0.0,0,0,0
131072,0,1,101,0.0,0.0,0.0,0,0,0
131072,0,1,102,0.0,1.0E-4,1.0E-4,0,0,0
131072,0,1,103,0.0,0.0,0.0,0,0,0
131072,0,1,104,0.0,0.0,0.0,0,0,0
131072,0,1,105,0.0,1.0E-4,1.0E-4,0,0,0
131072,0,1,106,0.0,0.0,0.0,0,0,0
131072,0,1,107,1.0E-4,0.0,1.0E-4,0,0,0
131072,0,1,108,0.0,0.0,0.0,0,0,0
131072,0,1,109,0.0,1.0E-4,1.0E-4,0,0,0
131072,0,1,110,0.0,0.0,0.0,0,0,0
131072,0,1,111,1.0E-4,0.0,1.0E-4,0,0,0
131072,0,1,112,0.0,0.0,0.0,0,0,0
131072,0,1,113,0.0,1.0E-4,1.0E-4,0,0,0
131072,0,1,114,0.0,0.0,0.0,0,0,0
131072,0,1,115,1.0E-4,0.0,1.0E-4,0,0,0
131072,0,1,116,0.0,0.0,0.0,0,0,0
131072,0,1,117,0.0,1.0E-4,1.0E-4,0,0,0
131072,0,1,118,1.0E-4,0.0,1.0E-4,0,0,0
131072,0,1,119,0.0,0.0,0.0,0,0,0
131072,0,1,120,0.0,1.0E-4,1.0E-4,0,0,0
131072,0,1,121,0.0,0.0,0.0,0,0,0
131072,0,1,122,0.0,0.0,0.0,0,0,0
131072,0,1,123,0.0,1.0E-4,1.0E-4,0,0,0
131072,0,1,124,0.0,0.0,0.0,0,0,0
131072,0,1,125,1.0E-4,0.0,1.0E-4,0,0,0
131072,0,1,126,0.0,0.0,0.0,0,0,0
131072,0,1,127,0.0,1.0E-4,1.0E-4,0,0,0
131072,0,1,128,1.0E-4,0.0,1.0E-4,0,0,0
131072,0,1,129,0.0,0.0,0.0,0,0,0
131072,0,1,130,0.0,1.0E-4,1.0E-4,0,0,0
131072,0,1,131,0.0,0.0,0.0,0,0,0
131072,0,1,132,0.0,0.0,0.0,0,0,0
131072,0,1,133,0.0,0.0,0.0,0,0,0
131072,0,1,134,0.0,1.0E-4,1.0E-4,0,0,0
131072,0,1,135,0.0,0.0,0.0,0,0,0
131072,0,1,136,1.0E-4,0.0,1.0E-4,0,0,0
131072,0,1,137,0.0,0.0,0.0,0,0,0
131072,0,1,138,0.0,1.0E-4,1.0E-4,0,0,0
131072,0,1,139,1.0E-4,0.0,1.0E-4,0,0,0
131072,0,1,140,1.0E-4,0.0,1.0E-4,0,0,0
131072,0,1,141,0.0,0.0,0.0,0,0,0
131072,0,1,142,0.0,1.0E-4,1.0E-4,0,0,0
131072,0,1,143,1.0E-4,0.0,1.0E-4,0,0,0
131072,0,1,144,0.0,0.0,0.0,0,0,0
131072,0,1,145,0.0,1.0E-4,1.0E-4,0,0,0
131072,0,1,146,0.0,0.0,0.0,0,0,0
131072,0,1,147,0.0,0.0,0.0,0,0,0
131072,0,1,148,0.0,1.0E-4,1.0E-4,0,0,0
131072,0,1,149,0.0,1.0E-4,1.0E-4,0,0,0
131072,0,1,150,0.0,0.0,0.0,0,0,0
131072,0,1,151,0.0,0.0,0.0,0,0,0
131072,0,1,152,0.0,1.0E-4,1.0E-4,0,0,0
131072,0,1,153,0.0,1.0E-4,1.0E-4,0,0,0
131072,0,1,154,1.0E-4,0.0,1.0E-4,0,0,0
131072,0,1,155,0.0,0.0,0.0,0,0,0
131072,0,1,156,0.0,1.0E-4,1.0E-4,0,0,0
131072,0,1,157,0.0,0.0,0.0,0,0,0
131072,0,1,158,1.0E-4,0.0,1.0E-4,0,0,0
131072,0,1,159,0.0,0.0,0.0,0,0,0
131072,0,1,160,0.0,1.0E-4,1.0E-4,0,0,0
131072,0,1,161,0.0,1.0E-4,1.0E-4,0,0,0
131072,0,1,162,0.0,0.0,0.0,0,0,0
131072,0,1,163,0.0,0.0,0.0,0,0,0
131072,0,1,164,0.0,0.0,0.0,0,0,0
131072,0,1,165,0.0,1.0E-4,1.0E-4,0,0,0
131072,0,1,166,0.0,1.0E-4,1.0E-4,0,0,0
131072,0,1,167,0.0,0.0,0.0,0,0,0
131072,0,1,168,1.0E-4,0.0,1.0E-4,0,0,0
131072,0,1,169,0.0,0.0,0.0,0,0,0
131072,0,1,170,0.0,1.0E-4,1.0E-4,0,0,0
131072,0,1,171,0.0,0.0,0.0,0,0,0
131072,0,1,172,1.0E-4,0.0,1.0E-4,0,0,0
131072,0,1,173,0.0,0.0,0.0,0,0,0
131072,0,1,174,0.0,1.0E-4,1.0E-4,0,0,0
131072,0,1,175,0.0,0.0,0.0,0,0,0
131072,0,1,176,1.0E-4,0.0,1.0E-4,0,0,0
131072,0,1,177,0.0,0.0,0.0,0,0,0
131072,0,1,178,0.0,1.0E-4,1.0E-4,0,0,0
131072,0,1,179,1.0E-4,0.0,1.0E-4,0,0,0
131072,0,1,180,0.0,0.0,0.0,0,0,0
131072,0,1,181,0.0,1.0E-4,1.0E-4,0,0,0
131072,0,1,182,0.0,1.0E-4,1.0E-4,0,0,0
131072,0,1,183,1.0E-4,0.0,1.0E-4,0,0,0
131072,0,1,184,0.0,0.0,0.0,0,0,0
131072,0,1,185,0.0,1.0E-4,1.0E-4,0,0,0
131072,0,1,186,0.0,0.0,0.0,0,0,0
131072,0,1,187,1.0E-4,0.0,1.0E-4,0,0,0
131072,0,1,188,0.0,0.0,0.0,0,0,0
131072,0,1,189,0.0,1.0E-4,1.0E-4,0,0,0
131072,0,1,190,1.0E-4,0.0,1.0E-4,0,0,0
131072,0,1,191,0.0,0.0,0.0,0,0,0
131072,0,1,192,0.0,1.0E-4,1.0E-4,0,0,0
131072,0,1,193,0.0,0.0,0.0,0,0,0
131072,0,1,194,1.0E-4,0.0,1.0E-4,0,0,0
131072,0,1,195,0.0,0.0,0.0,0,0,0
131072,0,1,196,0.0,1.0E-4,1.0E-4,0,0,0
131072,0,1,197,1.0E-4,0.0,1.0E-4,0,0,0
131072,0,1,198,0.0,0.0,0.0,0,0,0
131072,0,1,199,0.0,1.0E-4,1.0E-4,0,0,0
131072,0,1,200,0.0,0.0,0.0,0,0,0
131072,0,1,201,1.0E-4,0.0,1.0E-4,0,0,0
131072,0,1,202,0.0,0.0,0.0,0,0,0
131072,0,1,203,0.0,1.0E-4,1.0E-4,0,0,0
131072,0,1,204,1.0E-4,0.0,1.0E-4,0,0,0
131072,0,1,205,1.0E-4,0.0,1.0E-4,0,0,0
131072,0,1,206,0.0,0.0,0.0,0,0,0
131072,0,1,207,0.0,1.0E-4,1.0E-4,0,0,0
131072,0,1,208,1.0E-4,0.0,1.0E-4,0,0,0
131072,0,1,209,0.0,0.0,0.0,0,0,0
131072,0,1,210,0.0,1.0E-4,1.0E-4,0,0,0
131072,0,1,211,0.0,0.0,0.0,0,0,0
131072,0,1,212,0.0,0.0,0.0,0,0,0
131072,0,1,213,0.0,1.0E-4,1.0E-4,0,0,0
131072,0,1,214,0.0,0.0,0.0,0,0,0
131072,0,1,215,1.0E-4,0.0,1.0E-4,0,0,0
131072,0,1,216,0.0,0.0,0.0,0,0,0
131072,0,1,217,0.0,1.0E-4,1.0E-4,0,0,0
131072,0,1,218,1.0E-4,0.0,1.0E-4,0,0,0
131072,0,1,219,1.0E-4,0.0,1.0E-4,0,0,0
131072,0,1,220,0.0,0.0,0.0,0,0,0
131072,0,1,221,0.0,1.0E-4,1.0E-4,0,0,0
131072,0,1,222,0.0,0.0,0.0,0,0,0
131072,0,1,223,1.0E-4,0.0,1.0E-4,0,0,0
131072,0,1,224,0.0,0.0,0.0,0,0,0
131072,0,1,225,0.0,1.0E-4,1.0E-4,0,0,0
131072,0,1,226,1.0E-4,0.0,1.0E-4,0,0,0
131072,0,1,227,0.0,0.0,0.0,0,0,0
131072,0,1,228,0.0,1.0E-4,1.0E-4,0,0,0
131072,0,1,229,0.0,0.0,0.0,0,0,0
131072,0,1,230,1.0E-4,0.0,1.0E-4,0,0,0
131072,0,1,231,0.0,0.0,0.0,0,0,0
131072,0,1,232,0.0,1.0E-4,1.0E-4,0,0,0
131072,0,1,233,1.0E-4,0.0,1.0E-4,0,0,0
131072,0,1,234,0.0,0.0,0.0,0,0,0
131072,0,1,235,0.0,1.0E-4,1.0E-4,0,0,0
131072,0,1,236,0.0,0.0,0.0,0,0,0
131072,0,1,237,1.0E-4,0.0,1.0E-4,0,0,0
131072,0,1,238,0.0,0.0,0.0,0,0,0
131072,0,1,239,0.0,1.0E-4,1.0E-4,0,0,0
131072,0,1,240,1.0E-4,0.0,1.0E-4,0,0,0
131072,0,1,241,0.0,0.0,0.0,0,0,0
131072,0,1,242,0.0,1.0E-4,1.0E-4,0,0,0
131072,0,1,243,0.0,0.0,0.0,0,0,0
131072,0,1,244,0.0,0.0,0.0,0,0,0
131072,0,1,245,0.0,1.0E-4,1.0E-4,0,0,0
131072,0,1,246,0.0,1.0E-4,1.0E-4,0,0,0
131072,0,1,247,0.0,0.0,0.0,0,0,0
131072,0,1,248,1.0E-4,0.0,1.0E-4,0,0,0
131072,0,1,249,0.0,0.0,0.0,0,0,0
131072,0,1,250,0.0,1.0E-4,1.0E-4,0,0,0
131072,0,1,251,0.0,0.0,0.0,0,0,0
131072,0,1,252,0.0,0.0,0.0,0,0,0
131072,0,1,253,0.0,1.0E-4,1.0E-4,0,0,0
131072,0,1,254,0.0,0.0,0.0,0,0,0
131072,0,1,255,1.0E-4,0.0,1.0E-4,0,0,0
131072,0,2,0,4.0E-4,0.0,4.0E-4,0,0,0
131072,0,2,1,0.0,1.0E-4,1.0E-4,0,0,0
131072,0,2,2,1.0E-4,0.0,1.0E-4,0,0,0
131072,0,2,3,1.0E-4,0.0,1.0E-4,0,0,0
131072,0,2,4,0.0,0.0,0.0,0,0,0
131072,0,2,5,0.0,0.0,0.0,0,0,0
131072,0,2,6,0.0,0.0,0.0,0,0,0
131072,0,2,7,1.0E-4,0.0,1.0E-4,0,0,0
131072,0,2,8,0.0,0.0,0.0,0,0,0
131072,0,2,9,0.0,0.0,0.0,0,0,0
131072,0,2,10,1.0E-4,0.0,1.0E-4,0,0,0
131072,0,2,11,1.0E-4,0.0,1.0E-4,0,0,0
131072,0,2,12,0.0,0.0,0.0,0,0,0
131072,0,2,13,0.0,0.0,0.0,0,0,0
131072,0,2,14,1.0E-4,0.0,1.0E-4,0,0,0
131072,0,2,15,0.0,0.0,0.0,0,0,0
131072,0,2,16,1.0E-4,0.0,1.0E-4,0,0,0
131072,0,2,17,0.0,0.0,0.0,0,0,0
131072,0,2,18,0.0,1.0E-4,1.0E-4,0,0,0
131072,0,2,19,0.0,0.0,0.0,0,0,0
131072,0,2,20,1.0E-4,0.0,1.0E-4,0,0,0
131072,0,2,21,0.0,1.0E-4,1.0E-4,0,0,0
131072,0,2,22,0.0,0.0,0.0,0,0,0
131072,0,2,23,1.0E-4,0.0,1.0E-4,0,0,0
131072,0,2,24,0.0,0.0,0.0,0,0,0
131072,0,2,25,0.0,0.0,0.0,0,0,0
131072,0,2,26,1.0E-4,0.0,1.0E-4,0,0,0
131072,0,2,27,0.0,0.0,0.0,0,0,0
131072,0,2,28,0.0,1.0E-4,1.0E-4,0,0,0
131072,0,2,29,1.0E-4,0.0,1.0E-4,0,0,0
131072,0,2,30,0.0,0.0,0.0,0,0,0
131072,0,2,31,0.0,1.0E-4,1.0E-4,0,0,0
131072,0,2,32,0.0,0.0,0.0,0,0,0
131072,0,2,33,0.0,0.0,0.0,0,0,0
131072,0,2,34,0.0,1.0E-4,1.0E-4,0,0,0
131072,0,2,35,0.0,0.0,0.0,0,0,0
131072,0,2,36,0.0,0.0,0.0,0,0,0
131072,0,2,37,0.0,1.0E-4,1.0E-4,0,0,0
131072,0,2,38,0.0,0.0,0.0,0,0,0
131072,0,2,39,1.0E-4,0.0,1.0E-4,0,0,0
131072,0,2,40,0.0,1.0E-4,1.0E-4,0,0,0
131072,0,2,41,0.0,1.0E-4,1.0E-4,0,0,0
131072,0,2,42,1.0E-4,0.0,1.0E-4,0,0,0
131072,0,2,43,0.0,0.0,0.0,0,0,0
131072,0,2,44,0.0,1.0E-4,1.0E-4,0,0,0
131072,0,2,45,1.0E-4,0.0,1.0E-4,0,0,0
131072,0,2,46,0.0,0.0,0.0,0,0,0
131072,0,2,47,0.0,1.0E-4,1.0E-4,0,0,0
131072,0,2,48,1.0E-4,0.0,1.0E-4,0,0,0
131072,0,2,49,0.0,0.0,0.0,0,0,0
131072,0,2,50,0.0,1.0E-4,1.0E-4,0,0,0
131072,0,2,51,1.0E-4,0.0,1.0E-4,0,0,0
131072,0,2,52,0.0,0.0,0.0,0,0,0
131072,0,2,53,0.0,1.0E-4,1.0E-4,0,0,0
131072,0,2,54,1.0E-4,0.0,1.0E-4,0,0,0
131072,0,2,55,0.0,0.0,0.0,0,0,0
131072,0,2,56,0.0,0.0,0.0,0,0,0
131072,0,2,57,1.0E-4,0.0,1.0E-4,0,0,0
131072,0,2,58,0.0,0.0,0.0,0,0,0
131072,0,2,59,0.0,0.0,0.0,0,0,0
131072,0,2,60,1.0E-4,0.0,1.0E-4,0,0,0
131072,0,2,61,0.0,0.0,0.0,0,0,0
131072,0,2,62,0.0,1.0E-4,1.0E-4,0,0,0
131072,0,2,63,1.0E-4,0.0,1.0E-4,0,0,0
131072,0,2,64,0.0,0.0,0.0,0,0,0
131072,0,2,65,0.0,1.0E-4,1.0E-4,0,0,0
131072,0,2,66,0.0,0.0,0.0,0,0,0
131072,0,2,67,0.0,0.0,0.0,0,0,0
131072,0,2,68,0.0,1.0E-4,1.0E-4,0,0,0
131072,0,2,69,1.0E-4,0.0,1.0E-4,0,0,0
131072,0,2,70,0.0,0.0,0.0,0,0,0
131072,0,2,71,0.0,1.0E-4,1.0E-4,0,0,0
131072,0,2,72,0.0,1.0E-4,1.0E-4,0,0,0
131072,0,2,73,0.0,0.0,0.0,0,0,0
131072,0,2,74,1.0E-4,0.0,1.0E-4,0,0,0
131072,0,2,75,0.0,0.0,0.0,0,0,0
131072,0,2,76,0.0,0.0,0.0,0,0,0
131072,0,2,77,1.0E-4,0.0,1.0E-4,0,0,0
131072,0,2,78,0.0,0.0,0.0,0,0,0
131072,0,2,79,0.0,1.0E-4,1.0E-4,0,0,0
131072,0,2,80,1.0E-4,0.0,1.0E-4,0,0,0
131072,0,2,81,0.0,0.0,0.0,0,0,0
131072,0,2,82,0.0,1.0E-4,1.0E-4,0,0,0
131072,0,2,83,1.0E-4,0.0,1.0E-4,0,0,0
131072,0,2,84,0.0,0.0,0.0,0,0,0
131072,0,2,85,0.0,1.0E-4,1.0E-4,0,0,0
131072,0,2,86,0.0,0.0,0.0,0,0,0
131072,0,2,87,0.0,0.0,0.0,0,0,0
131072,0,2,88,0.0,1.0E-4,1.0E-4,0,0,0
131072,0,2,89,0.0,0.0,0.0,0,0,0
131072,0,2,90,1.0E-4,0.0,1.0E-4,0,0,0
131072,0,2,91,0.0,0.0,0.0,0,0,0
131072,0,2,92,0.0,0.0,0.0,0,0,0
131072,0,2,93,1.0E-4,0.0,1.0E-4,0,0,0
131072,0,2,94,0.0,0.0,0.0,0,0,0
131072,0,2,95,0.0,0.0,0.0,0,0,0
131072,0,2,96,1.0E-4,0.0,1.0E-4,0,0,0
131072,0,2,97,0.0,0.0,0.0,0,0,0
131072,0,2,98,0.0,1.0E-4,1.0E-4,0,0,0
131072,0,2,99,1.0E-4,0.0,1.0E-4,0,0,0
131072,0,2,100,0.0,0.0,0.0,0,0,0
131072,0,2,101,0.0,1.0E-4,1.0E-4,0,0,0
131072,0,2,102,0.0,0.0,0.0,0,0,0
131072,0,2,103,0.0,0.0,0.0,0,0,0
131072,0,2,104,0.0,1.0E-4,1.0E-4,0,0,0
131072,0,2,105,0.0,0.0,0.0,0,0,0
131072,0,2,106,1.0E-4,0.0,1.0E-4,0,0,0
131072,0,2,107,0.0,1.0E-4,1.0E-4,0,0,0
131072,0,2,108,0.0,1.0E-4,1.0E-4,0,0,0
131072,0,2,109,0.0,0.0,0.0,0,0,0
131072,0,2,110,0.0,0.0,0.0,0,0,0
131072,0,2,111,0.0,1.0E-4,1.0E-4,0,0,0
131072,0,2,112,0.0,0.0,0.0,0,0,0
131072,0,2,113,0.0,0.0,0.0,0,0,0
131072,0,2,114,0.0,1.0E-4,1.0E-4,0,0,0
131072,0,2,115,0.0,0.0,0.0,0,0,0
131072,0,2,116,0.0,0.0,0.0,0,0,0
131072,0,2,117,0.0,1.0E-4,1.0E-4,0,0,0
131072,0,2,118,0.0,0.0,0.0,0,0,0
131072,0,2,119,0.0,0.0,0.0,0,0,0
131072,0,2,120,0.0,1.0E-4,1.0E-4,0,0,0
131072,0,2,121,1.0E-4,0.0,1.0E-4,0,0,0
131072,0,2,122,0.0,0.0,0.0,0,0,0
131072,0,2,123,0.0,1.0E-4,1.0E-4,0,0,0
131072,0,2,124,1.0E-4,0.0,1.0E-4,0,0,0
131072,0,2,125,0.0,0.0,0.0,0,0,0
131072,0,2,126,0.0,1.0E-4,1.0E-4,0,0,0
131072,0,2,127,0.0,0.0,0.0,0,0,0
131072,0,2,128,0.0,0.0,0.0,0,0,0
131072,0,2,129,0.0,1.0E-4,1.0E-4,0,0,0
131072,0,2,130,0.0,0.0,0.0,0,0,0
131072,0,2,131,0.0,0.0,0.0,0,0,0
131072,0,2,132,0.0,1.0E-4,1.0E-4,0,0,0
131072,0,2,133,0.0,0.0,0.0,0,0,0
131072,0,2,134,0.0,0.0,0.0,0,0,0
131072,0,2,135,0.0,1.0E-4,1.0E-4,0,0,0
131072,0,2,136,0.0,0.0,0.0,0,0,0
131072,0,2,137,0.0,0.0,0.0,0,0,0
131072,0,2,138,0.0,1.0E-4,1.0E-4,0,0,0
131072,0,2,139,0.0,0.0,0.0,0,0,0
131072,0,2,140,0.0,0.0,0.0,0,0,0
131072,0,2,141,0.0,1.0E-4,1.0E-4,0,0,0
131072,0,2,142,0.0,1.0E-4,1.0E-4,0,0,0
131072,0,2,143,1.0E-4,0.0,1.0E-4,0,0,0
131072,0,2,144,0.0,0.0,0.0,0,0,0
131072,0,2,145,0.0,1.0E-4,1.0E-4,0,0,0
131072,0,2,146,1.0E-4,0.0,1.0E-4,0,0,0
131072,0,2,147,0.0,0.0,0.0,0,0,0
131072,0,2,148,0.0,1.0E-4,1.0E-4,0,0,0
131072,0,2,149,1.0E-4,0.0,1.0E-4,0,0,0
131072,0,2,150,0.0,0.0,0.0,0,0,0
131072,0,2,151,0.0,1.0E-4,1.0E-4,0,0,0
131072,0,2,152,1.0E-4,0.0,1.0E-4,0,0,0
131072,0,2,153,0.0,0.0,0.0,0,0,0
131072,0,2,154,0.0,1.0E-4,1.0E-4,0,0,0
131072,0,2,155,0.0,0.0,0.0,0,0,0
131072,0,2,156,0.0,0.0,0.0,0,0,0
131072,0,2,157,0.0,1.0E-4,1.0E-4,0,0,0
131072,0,2,158,0.0,0.0,0.0,0,0,0
131072,0,2,159,0.0,0.0,0.0,0,0,0
131072,0,2,160,0.0,1.0E-4,1.0E-4,0,0,0
131072,0,2,161,0.0,1.0E-4,1.0E-4,0,0,0
131072,0,2,162,0.0,0.0,0.0,0,0,0
131072,0,2,163,1.0E-4,0.0,1.0E-4,0,0,0
131072,0,2,164,0.0,0.0,0.0,0,0,0
131072,0,2,165,0.0,1.0E-4,1.0E-4,0,0,0
131072,0,2,166,1.0E-4,0.0,1.0E-4,0,0,0
131072,0,2,167,0.0,0.0,0.0,0,0,0
131072,0,2,168,0.0,1.0E-4,1.0E-4,0,0,0
131072,0,2,169,1.0E-4,0.0,1.0E-4,0,0,0
131072,0,2,170,0.0,0.0,0.0,0,0,0
131072,0,2,171,0.0,1.0E-4,1.0E-4,0,0,0
131072,0,2,172,1.0E-4,0.0,1.0E-4,0,0,0
131072,0,2,173,0.0,0.0,0.0,0,0,0
131072,0,2,174,0.0,1.0E-4,1.0E-4,0,0,0
131072,0,2,175,1.0E-4,0.0,1.0E-4,0,0,0
131072,0,2,176,0.0,0.0,0.0,0,0,0
131072,0,2,177,0.0,1.0E-4,1.0E-4,0,0,0
131072,0,2,178,1.0E-4,0.0,1.0E-4,0,0,0
131072,0,2,179,0.0,0.0,0.0,0,0,0
131072,0,2,180,0.0,1.0E-4,1.0E-4,0,0,0
131072,0,2,181,1.0E-4,0.0,1.0E-4,0,0,0
131072,0,2,182,0.0,0.0,0.0,0,0,0
131072,0,2,183,0.0,1.0E-4,1.0E-4,0,0,0
131072,0,2,184,1.0E-4,0.0,1.0E-4,0,0,0
131072,0,2,185,0.0,0.0,0.0,0,0,0
131072,0,2,186,0.0,1.0E-4,1.0E-4,0,0,0
131072,0,2,187,1.0E-4,0.0,1.0E-4,0,0,0
131072,0,2,188,0.0,0.0,0.0,0,0,0
131072,0,2,189,0.0,1.0E-4,1.0E-4,0,0,0
131072,0,2,190,1.0E-4,0.0,1.0E-4,0,0,0
131072,0,2,191,0.0,0.0,0.0,0,0,0
131072,0,2,192,0.0,1.0E-4,1.0E-4,0,0,0
131072,0,2,193,1.0E-4,0.0,1.0E-4,0,0,0
131072,0,2,194,0.0,0.0,0.0,0,0,0
131072,0,2,195,0.0,0.0,0.0,0,0,0
131072,0,2,196,0.0,1.0E-4,1.0E-4,0,0,0
131072,0,2,197,0.0,0.0,0.0,0,0,0
131072,0,2,198,0.0,0.0,0.0,0,0,0
131072,0,2,199,0.0,1.0E-4,1.0E-4,0,0,0
131072,0,2,200,1.0E-4,0.0,1.0E-4,0,0,0
131072,0,2,201,0.0,0.0,0.0,0,0,0
131072,0,2,202,0.0,1.0E-4,1.0E-4,0,0,0
131072,0,2,203,1.0E-4,0.0,1.0E-4,0,0,0
131072,0,2,204,0.0,0.0,0.0,0,0,0
131072,0,2,205,0.0,0.0,0.0,0,0,0
131072,0,2,206,1.0E-4,0.0,1.0E-4,0,0,0
131072,0,2,207,0.0,0.0,0.0,0,0,0
131072,0,2,208,0.0,0.0,0.0,0,0,0
131072,0,2,209,1.0E-4,0.0,1.0E-4,0,0,0
131072,0,2,210,0.0,0.0,0.0,0,0,0
131072,0,2,211,0.0,0.0,0.0,0,0,0
131072,0,2,212,1.0E-4,0.0,1.0E-4,0,0,0
131072,0,2,213,0.0,1.0E-4,1.0E-4,0,0,0
131072,0,2,214,0.0,1.0E-4,1.0E-4,0,0,0
131072,0,2,215,1.0E-4,0.0,1.0E-4,0,0,0
131072,0,2,216,0.0,0.0,0.0,0,0,0
131072,0,2,217,0.0,1.0E-4,1.0E-4,0,0,0
131072,0,2,218,0.0,1.0E-4,1.0E-4,0,0,0
131072,0,2,219,1.0E-4,0.0,1.0E-4,0,0,0
131072,0,2,220,0.0,0.0,0.0,0,0,0
131072,0,2,221,0.0,1.0E-4,1.0E-4,0,0,0
131072,0,2,222,0.0,0.0,0.0,0,0,0
131072,0,2,223,0.0,0.0,0.0,0,0,0
131072,0,2,224,0.0,1.0E-4,1.0E-4,0,0,0
131072,0,2,225,0.0,0.0,0.0,0,0,0
131072,0,2,226,1.0E-4,0.0,1.0E-4,0,0,0
131072,0,2,227,0.0,1.0E-4,1.0E-4,0,0,0
131072,0,2,228,0.0,0.0,0.0,0,0,0
131072,0,2,229,1.0E-4,0.0,1.0E-4,0,0,0
131072,0,2,230,0.0,0.0,0.0,0,0,0
131072,0,2,231,0.0,0.0,0.0,0,0,0
131072,0,2,232,1.0E-4,0.0,1.0E-4,0,0,0
131072,0,2,233,0.0,0.0,0.0,0,0,0
131072,0,2,234,0.0,1.0E-4,1.0E-4,0,0,0
131072,0,2,235,1.0E-4,0.0,1.0E-4,0,0,0
131072,0,2,236,0.0,0.0,0.0,0,0,0
131072,0,2,237,0.0,1.0E-4,1.0E-4,0,0,0
131072,0,2,238,1.0E-4,0.0,1.0E-4,0,0,0
131072,0,2,239,0.0,0.0,0.0,0,0,0
131072,0,2,240,0.0,1.0E-4,1.0E-4,0,0,0
131072,0,2,241,1.0E-4,0.0,1.0E-4,0,0,0
131072,0,2,242,0.0,0.0,0.0,0,0,0
131072,0,2,243,0.0,1.0E-4,1.0E-4,0,0,0
131072,0,2,244,1.0E-4,0.0,1.0E-4,0,0,0
131072,0,2,245,0.0,0.0,0.0,0,0,0
131072,0,2,246,0.0,1.0E-4,1.0E-4,0,0,0
131072,0,2,247,0.0,0.0,0.0,0,0,0
131072,0,2,248,0.0,0.0,0.0,0,0,0
131072,0,2,249,0.0,1.0E-4,1.0E-4,0,0,0
131072,0,2,250,0.0,0.0,0.0,0,0,0
131072,0,2,251,0.0,0.0,0.0,0,0,0
131072,0,2,252,0.0,1.0E-4,1.0E-4,0,0,0
131072,0,2,253,1.0E-4,0.0,1.0E-4,0,0,0
131072,0,2,254,0.0,0.0,0.0,0,0,0
131072,0,2,255,0.0,1.0E-4,1.0E-4,0,0,0
131072,0,3,0,1.0E-4,1.0E-4,2.0E-4,0,0,0
131072,0,3,1,0.0,0.0,0.0,0,0,0
131072,0,3,2,0.0,0.0,0.0,0,0,0
131072,0,3,3,1.0E-4,0.0,1.0E-4,0,0,0
131072,0,3,4,1.0E-4,0.0,1.0E-4,0,0,0
131072,0,3,5,0.0,0.0,0.0,0,0,0
131072,0,3,6,0.0,0.0,0.0,0,0,0
131072,0,3,7,1.0E-4,0.0,1.0E-4,0,0,0
131072,0,3,8,0.0,0.0,0.0,0,0,0
131072,0,3,9,0.0,1.0E-4,1.0E-4,0,0,0
131072,0,3,10,0.0,0.0,0.0,0,0,0
131072,0,3,11,1.0E-4,0.0,1.0E-4,0,0,0
131072,0,3,12,1.0E-4,0.0,1.0E-4,0,0,0
131072,0,3,13,0.0,1.0E-4,1.0E-4,0,0,0
131072,0,3,14,0.0,1.0E-4,1.0E-4,0,0,0
131072,0,3,15,0.0,0.0,0.0,0,0,0
131072,0,3,16,0.0,0.0,0.0,0,0,0
131072,0,3,17,0.0,1.0E-4,1.0E-4,0,0,0
131072,0,3,18,0.0,1.0E-4,1.0E-4,0,0,0
131072,0,3,19,1.0E-4,0.0,1.0E-4,0,0,0
131072,0,3,20,0.0,0.0,0.0,0,0,0
131072,0,3,21,0.0,1.0E-4,1.0E-4,0,0,0
131072,0,3,22,0.0,0.0,0.0,0,0,0
131072,0,3,23,0.0,1.0E-4,1.0E-4,0,0,0
131072,0,3,24,1.0E-4,0.0,1.0E-4,0,0,0
131072,0,3,25,0.0,0.0,0.0,0,0,0
131072,0,3,26,0.0,1.0E-4,1.0E-4,0,0,0
131072,0,3,27,1.0E-4,0.0,1.0E-4,0,0,0
131072,0,3,28,0.0,0.0,0.0,0,0,0
131072,0,3,29,0.0,1.0E-4,1.0E-4,0,0,0
131072,0,3,30,0.0,0.0,0.0,0,0,0
131072,0,3,31,0.0,0.0,0.0,0,0,0
131072,0,3,32,0.0,1.0E-4,1.0E-4,0,0,0
131072,0,3,33,0.0,0.0,0.0,0,0,0
131072,0,3,34,0.0,0.0,0.0,0,0,0
131072,0,3,35,0.0,1.0E-4,1.0E-4,0,0,0
131072,0,3,36,0.0,0.0,0.0,0,0,0
131072,0,3,37,1.0E-4,0.0,1.0E-4,0,0,0
131072,0,3,38,0.0,1.0E-4,1.0E-4,0,0,0
131072,0,3,39,0.0,1.0E-4,1.0E-4,0,0,0
131072,0,3,40,1.0E-4,0.0,1.0E-4,0,0,0
131072,0,3,41,0.0,0.0,0.0,0,0,0
131072,0,3,42,0.0,1.0E-4,1.0E-4,0,0,0
131072,0,3,43,1.0E-4,0.0,1.0E-4,0,0,0
131072,0,3,44,0.0,0.0,0.0,0,0,0
131072,0,3,45,0.0,1.0E-4,1.0E-4,0,0,0
131072,0,3,46,1.0E-4,0.0,1.0E-4,0,0,0
131072,0,3,47,0.0,0.0,0.0,0,0,0
131072,0,3,48,0.0,1.0E-4,1.0E-4,0,0,0
131072,0,3,49,0.0,0.0,0.0,0,0,0
131072,0,3,50,0.0,0.0,0.0,0,0,0
131072,0,3,51,0.0,0.0,0.0,0,0,0
131072,0,3,52,0.0,1.0E-4,1.0E-4,0,0,0
131072,0,3,53,0.0,1.0E-4,1.0E-4,0,0,0
131072,0,3,54,1.0E-4,0.0,1.0E-4,0,0,0
131072,0,3,55,0.0,0.0,0.0,0,0,0
131072,0,3,56,0.0,1.0E-4,1.0E-4,0,0,0
131072,0,3,57,1.0E-4,0.0,1.0E-4,0,0,0
131072,0,3,58,0.0,0.0,0.0,0,0,0
131072,0,3,59,0.0,1.0E-4,1.0E-4,0,0,0
131072,0,3,60,0.0,0.0,0.0,0,0,0
131072,0,3,61,0.0,0.0,0.0,0,0,0
131072,0,3,62,0.0,1.0E-4,1.0E-4,0,0,0
131072,0,3,63,0.0,0.0,0.0,0,0,0
131072,0,3,64,0.0,0.0,0.0,0,0,0
131072,0,3,65,0.0,1.0E-4,1.0E-4,0,0,0
131072,0,3,66,0.0,0.0,0.0,0,0,0
131072,0,3,67,0.0,0.0,0.0,0,0,0
131072,0,3,68,0.0,1.0E-4,1.0E-4,0,0,0
131072,0,3,69,0.0,0.0,0.0,0,0,0
131072,0,3,70,0.0,0.0,0.0,0,0,0
131072,0,3,71,0.0,1.0E-4,1.0E-4,0,0,0
131072,0,3,72,0.0,0.0,0.0,0,0,0
131072,0,3,73,0.0,0.0,0.0,0,0,0
131072,0,3,74,0.0,1.0E-4,1.0E-4,0,0,0
131072,0,3,75,0.0,0.0,0.0,0,0,0
131072,0,3,76,0.0,0.0,0.0,0,0,0
131072,0,3,77,0.0,1.0E-4,1.0E-4,0,0,0
131072,0,3,78,0.0,0.0,0.0,0,0,0
131072,0,3,79,1.0E-4,0.0,1.0E-4,0,0,0
131072,0,3,80,0.0,0.0,0.0,0,0,0
131072,0,3,81,0.0,1.0E-4,1.0E-4,0,0,0
131072,0,3,82,0.0,0.0,0.0,0,0,0
131072,0,3,83,0.0,0.0,0.0,0,0,0
131072,0,3,84,0.0,1.0E-4,1.0E-4,0,0,0
131072,0,3,85,0.0,0.0,0.0,0,0,0
131072,0,3,86,0.0,0.0,0.0,0,0,0
131072,0,3,87,0.0,1.0E-4,1.0E-4,0,0,0
131072,0,3,88,0.0,0.0,0.0,0,0,0
131072,0,3,89,0.0,0.0,0.0,0,0,0
131072,0,3,90,0.0,1.0E-4,1.0E-4,0,0,0
131072,0,3,91,0.0,0.0,0.0,0,0,0
131072,0,3,92,0.0,0.0,0.0,0,0,0
131072,0,3,93,0.0,1.0E-4,1.0E-4,0,0,0
131072,0,3,94,0.0,0.0,0.0,0,0,0
131072,0,3,95,0.0,0.0,0.0,0,0,0
131072,0,3,96,0.0,1.0E-4,1.0E-4,0,0,0
131072,0,3,97,0.0,0.0,0.0,0,0,0
131072,0,3,98,0.0,0.0,0.0,0,0,0
131072,0,3,99,0.0,1.0E-4,1.0E-4,0,0,0
131072,0,3,100,0.0,1.0E-4,1.0E-4,0,0,0
131072,0,3,101,1.0E-4,0.0,1.0E-4,0,0,0
131072,0,3,102,0.0,0.0,0.0,0,0,0
131072,0,3,103,0.0,1.0E-4,1.0E-4,0,0,0
131072,0,3,104,1.0E-4,0.0,1.0E-4,0,0,0
131072,0,3,105,0.0,0.0,0.0,0,0,0
131072,0,3,106,0.0,1.0E-4,1.0E-4,0,0,0
131072,0,3,107,0.0,1.0E-4,1.0E-4,0,0,0
131072,0,3,108,1.0E-4,0.0,1.0E-4,0,0,0
131072,0,3,109,0.0,0.0,0.0,0,0,0
131072,0,3,110,0.0,1.0E-4,1.0E-4,0,0,0
131072,0,3,111,0.0,0.0,0.0,0,0,0
131072,0,3,112,0.0,0.0,0.0,0,0,0
131072,0,3,113,0.0,1.0E-4,1.0E-4,0,0,0
131072,0,3,114,0.0,0.0,0.0,0,0,0
131072,0,3,115,1.0E-4,0.0,1.0E-4,0,0,0
131072,0,3,116,0.0,0.0,0.0,0,0,0
131072,0,3,117,0.0,1.0E-4,1.0E-4,0,0,0
131072,0,3,118,0.0,0.0,0.0,0,0,0
131072,0,3,119,0.0,0.0,0.0,0,0,0
131072,0,3,120,0.0,1.0E-4,1.0E-4,0,0,0
131072,0,3,121,0.0,0.0,0.0,0,0,0
131072,0,3,122,0.0,0.0,0.0,0,0,0
131072,0,3,123,0.0,1.0E-4,1.0E-4,0,0,0
131072,0,3,124,0.0,1.0E-4,1.0E-4,0,0,0
131072,0,3,125,1.0E-4,0.0,1.0E-4,0,0,0
131072,0,3,126,0.0,0.0,0.0,0,0,0
131072,0,3,127,0.0,1.0E-4,1.0E-4,0,0,0
131072,0,3,128,1.0E-4,0.0,1.0E-4,0,0,0
131072,0,3,129,0.0,0.0,0.0,0,0,0
131072,0,3,130,0.0,1.0E-4,1.0E-4,0,0,0
131072,0,3,131,0.0,0.0,0.0,0,0,0
131072,0,3,132,0.0,0.0,0.0,0,0,0
131072,0,3,133,0.0,1.0E-4,1.0E-4,0,0,0
131072,0,3,134,0.0,0.0,0.0,0,0,0
131072,0,3,135,0.0,0.0,0.0,0,0,0
131072,0,3,136,0.0,1.0E-4,1.0E-4,0,0,0
131072,0,3,137,0.0,0.0,0.0,0,0,0
131072,0,3,138,1.0E-4,0.0,1.0E-4,0,0,0
131072,0,3,139,0.0,0.0,0.0,0,0,0
131072,0,3,140,0.0,0.0,0.0,0,0,0
131072,0,3,141,1.0E-4,0.0,1.0E-4,0,0,0
131072,0,3,142,0.0,0.0,0.0,0,0,0
131072,0,3,143,0.0,1.0E-4,1.0E-4,0,0,0
131072,0,3,144,0.0,0.0,0.0,0,0,0
131072,0,3,145,0.0,0.0,0.0,0,0,0
131072,0,3,146,0.0,1.0E-4,1.0E-4,0,0,0
131072,0,3,147,0.0,0.0,0.0,0,0,0
131072,0,3,148,1.0E-4,0.0,1.0E-4,0,0,0
131072,0,3,149,0.0,1.0E-4,1.0E-4,0,0,0
131072,0,3,150,0.0,1.0E-4,1.0E-4,0,0,0
131072,0,3,151,1.0E-4,0.0,1.0E-4,0,0,0
131072,0,3,152,0.0,0.0,0.0,0,0,0
131072,0,3,153,0.0,1.0E-4,1.0E-4,0,0,0
131072,0,3,154,0.0,0.0,0.0,0,0,0
131072,0,3,155,0.0,0.0,0.0,0,0,0
131072,0,3,156,0.0,1.0E-4,1.0E-4,0,0,0
131072,0,3,157,0.0,0.0,0.0,0,0,0
131072,0,3,158,0.0,0.0,0.0,0,0,0
131072,0,3,159,0.0,1.0E-4,1.0E-4,0,0,0
131072,0,3,160,0.0,0.0,0.0,0,0,0
131072,0,3,161,1.0E-4,0.0,1.0E-4,0,0,0
131072,0,3,162,1.0E-4,0.0,1.0E-4,0,0,0
131072,0,3,163,0.0,0.0,0.0,0,0,0
131072,0,3,164,0.0,0.0,0.0,0,0,0
131072,0,3,165,0.0,1.0E-4,1.0E-4,0,0,0
131072,0,3,166,1.0E-4,0.0,1.0E-4,0,0,0
131072,0,3,167,0.0,0.0,0.0,0,0,0
131072,0,3,168,0.0,1.0E-4,1.0E-4,0,0,0
131072,0,3,169,0.0,1.0E-4,1.0E-4,0,0,0
131072,0,3,170,0.0,0.0,0.0,0,0,0
131072,0,3,171,0.0,0.0,0.0,0,0,0
131072,0,3,172,0.0,0.0,0.0,0,0,0
131072,0,3,173,0.0,1.0E-4,1.0E-4,0,0,0
131072,0,3,174,1.0E-4,0.0,1.0E-4,0,0,0
131072,0,3,175,0.0,0.0,0.0,0,0,0
131072,0,3,176,0.0,1.0E-4,1.0E-4,0,0,0
131072,0,3,177,0.0,0.0,0.0,0,0,0
131072,0,3,178,1.0E-4,0.0,1.0E-4,0,0,0
131072,0,3,179,0.0,0.0,0.0,0,0,0
131072,0,3,180,0.0,1.0E-4,1.0E-4,0,0,0
131072,0,3,181,0.0,0.0,0.0,0,0,0
131072,0,3,182,0.0,0.0,0.0,0,0,0
131072,0,3,183,0.0,1.0E-4,1.0E-4,0,0,0
131072,0,3,184,0.0,0.0,0.0,0,0,0
131072,0,3,185,1.0E-4,0.0,1.0E-4,0,0,0
131072,0,3,186,0.0,0.0,0.0,0,0,0
131072,0,3,187,0.0,0.0,0.0,0,0,0
131072,0,3,188,1.0E-4,0.0,1.0E-4,0,0,0
131072,0,3,189,0.0,0.0,0.0,0,0,0
131072,0,3,190,0.0,1.0E-4,1.0E-4,0,0,0
131072,0,3,191,0.0,0.0,0.0,0,0,0
131072,0,3,192,0.0,0.0,0.0,0,0,0
131072,0,3,193,0.0,1.0E-4,1.0E-4,0,0,0
131072,0,3,194,0.0,0.0,0.0,0,0,0
131072,0,3,195,0.0,0.0,0.0,0,0,0
131072,0,3,196,0.0,0.0,0.0,0,0,0
131072,0,3,197,0.0,1.0E-4,1.0E-4,0,0,0
131072,0,3,198,0.0,0.0,0.0,0,0,0
131072,0,3,199,0.0,0.0,0.0,0,0,0
131072,0,3,200,1.0E-4,0.0,1.0E-4,0,0,0
131072,0,3,201,0.0,0.0,0.0,0,0,0
131072,0,3,202,0.0,0.0,0.0,0,0,0
131072,0,3,203,1.0E-4,0.0,1.0E-4,0,0,0
131072,0,3,204,0.0,0.0,0.0,0,0,0
131072,0,3,205,0.0,0.0,0.0,0,0,0
131072,0,3,206,1.0E-4,0.0,1.0E-4,0,0,0
131072,0,3,207,0.0,0.0,0.0,0,0,0
131072,0,3,208,0.0,0.0,0.0,0,0,0
131072,0,3,209,1.0E-4,0.0,1.0E-4,0,0,0
131072,0,3,210,0.0,0.0,0.0,0,0,0
131072,0,3,211,0.0,1.0E-4,1.0E-4,0,0,0
131072,0,3,212,1.0E-4,0.0,1.0E-4,0,0,0
131072,0,3,213,0.0,0.0,0.0,0,0,0
131072,0,3,214,0.0,1.0E-4,1.0E-4,0,0,0
131072,0,3,215,1.0E-4,0.0,1.0E-4,0,0,0
131072,0,3,216,0.0,0.0,0.0,0,0,0
131072,0,3,217,0.0,1.0E-4,1.0E-4,0,0,0
131072,0,3,218,0.0,1.0E-4,1.0E-4,0,0,0
131072,0,3,219,1.0E-4,0.0,1.0E-4,0,0,0
131072,0,3,220,0.0,0.0,0.0,0,0,0
131072,0,3,221,0.0,0.0,0.0,0,0,0
131072,0,3,222,0.0,1.0E-4,1.0E-4,0,0,0
131072,0,3,223,1.0E-4,0.0,1.0E-4,0,0,0
131072,0,3,224,0.0,0.0,0.0,0,0,0
131072,0,3,225,0.0,1.0E-4,1.0E-4,0,0,0
131072,0,3,226,1.0E-4,0.0,1.0E-4,0,0,0
131072,0,3,227,0.0,0.0,0.0,0,0,0
131072,0,3,228,0.0,1.0E-4,1.0E-4,0,0,0
131072,0,3,229,0.0,0.0,0.0,0,0,0
131072,0,3,230,0.0,0.0,0.0,0,0,0
131072,0,3,231,0.0,1.0E-4,1.0E-4,0,0,0
131072,0,3,232,0.0,0.0,0.0,0,0,0
131072,0,3,233,0.0,0.0,0.0,0,0,0
131072,0,3,234,0.0,1.0E-4,1.0E-4,0,0,0
131072,0,3,235,0.0,0.0,0.0,0,0,0
131072,0,3,236,0.0,0.0,0.0,0,0,0
131072,0,3,237,0.0,1.0E-4,1.0E-4,0,0,0
131072,0,3,238,0.0,0.0,0.0,0,0,0
131072,0,3,239,0.0,0.0,0.0,0,0,0
131072,0,3,240,0.0,1.0E-4,1.0E-4,0,0,0
131072,0,3,241,0.0,1.0E-4,1.0E-4,0,0,0
131072,0,3,242,1.0E-4,0.0,1.0E-4,0,0,0
131072,0,3,243,0.0,0.0,0.0,0,0,0
131072,0,3,244,0.0,1.0E-4,1.0E-4,0,0,0
131072,0,3,245,0.0,1.0E-4,1.0E-4,0,0,0
131072,0,3,246,1.0E-4,0.0,1.0E-4,0,0,0
131072,0,3,247,0.0,0.0,0.0,0,0,0
131072,0,3,248,0.0,1.0E-4,1.0E-4,0,0,0
131072,0,3,249,1.0E-4,0.0,1.0E-4,0,0,0
131072,0,3,250,0.0,0.0,0.0,0,0,0
131072,0,3,251,0.0,1.0E-4,1.0E-4,0,0,0
131072,0,3,252,0.0,1.0E-4,1.0E-4,0,0,0
131072,0,3,253,1.0E-4,0.0,1.0E-4,0,0,0
131072,0,3,254,0.0,0.0,0.0,0,0,0
131072,0,3,255,0.0,1.0E-4,1.0E-4,0,0,0
131072,1310,1,0,0.3742,0.3255,0.6997,943128,14750,11
131072,1310,1,1,0.3671,0.2869,0.6539999999999999,942288,14750,11
131072,1310,1,2,0.3642,0.2838,0.648,942288,14750,11
131072,1310,1,3,0.3729,0.2969,0.6698,942288,14750,11
131072,1310,1,4,0.3693,0.2794,0.6487,942288,14750,11
131072,1310,1,5,0.3593,0.283,0.6423,943128,14750,11
131072,1310,1,6,0.3869,0.2833,0.6702,943968,14750,11
131072,1310,1,7,0.4196,0.277,0.6966,942288,14750,11
131072,1310,1,8,0.4074,0.2781,0.6855,942288,14750,11
131072,1310,1,9,0.4082,0.2724,0.6806,942288,14750,11
131072,1310,1,10,0.4152,0.2745,0.6897,942288,14750,11
131072,1310,1,11,0.416,0.2728,0.6888,942288,14750,11
131072,1310,1,12,0.4085,0.2767,0.6852,942288,14750,11
131072,1310,1,13,0.3713,0.2763,0.6476,942288,14750,11
131072,1310,1,14,0.3514,0.2743,0.6256999999999999,942288,14750,11
131072,1310,1,15,0.3485,0.2719,0.6204,942288,14750,11
131072,1310,1,16,0.3945,0.2754,0.6698999999999999,942288,14750,11
131072,1310,1,17,0.4097,0.2755,0.6852,942288,14750,11
131072,1310,1,18,0.4113,0.2781,0.6894,943128,14750,11
131072,1310,1,19,0.4138,0.2718,0.6856,942288,14750,11
131072,1310,1,20,0.4178,0.2725,0.6903,942288,14750,11
131072,1310,1,21,0.4082,0.2714,0.6796,942288,14750,11
131072,1310,1,22,0.3638,0.2768,0.6406000000000001,942288,14750,11
131072,1310,1,23,0.3512,0.2754,0.6266,942288,14750,11
131072,1310,1,24,0.3488,0.2716,0.6204000000000001,942288,14750,11
131072,1310,1,25,0.3514,0.2827,0.6341,942288,14750,11
131072,1310,1,26,0.3605,0.2737,0.6342,942288,14750,11
131072,1310,1,27,0.3543,0.2803,0.6346,943128,14750,11
131072,1310,1,28,0.3517,0.2752,0.6269,942288,14750,11
131072,1310,1,29,0.3541,0.2731,0.6272,942288,14750,11
131072,1310,1,30,0.3564,0.2767,0.6331,942288,14750,11
131072,1310,1,31,0.3542,0.2754,0.6295999999999999,942288,14750,11
131072,1310,1,32,0.3653,0.2758,0.6411,942288,14750,11
131072,1310,1,33,0.3476,0.2767,0.6243000000000001,942288,14750,11
131072,1310,1,34,0.3492,0.2732,0.6224000000000001,942288,14750,11
131072,1310,1,35,0.3759,0.2729,0.6488,942288,14750,11
131072,1310,1,36,0.3722,0.2724,0.6446,942288,14750,11
131072,1310,1,37,0.3687,0.2773,0.646,943128,14750,11
131072,1310,1,38,0.3671,0.278,0.6451,942288,14750,11
131072,1310,1,39,0.3704,0.2714,0.6417999999999999,942288,14750,11
131072,1310,1,40,0.3754,0.285,0.6604,942288,14750,11
131072,1310,1,41,0.3694,0.2848,0.6542,943128,14750,11
131072,1310,1,42,0.3632,0.2761,0.6393,942288,14750,11
131072,1310,1,43,0.3592,0.2742,0.6334,942288,14750,11
131072,1310,1,44,0.3579,0.2753,0.6332,942288,14750,11
131072,1310,1,45,0.3572,0.2844,0.6416,943128,14750,11
131072,1310,1,46,0.3691,0.274,0.6431,942288,14750,11
131072,1310,1,47,0.3487,0.2783,0.627,942288,14750,11
131072,1310,1,48,0.3485,0.274,0.6225,942288,14750,11
131072,1310,1,49,0.3661,0.2714,0.6375,942288,14750,11
131072,1310,1,50,0.3538,0.2751,0.6289,942288,14750,11
131072,1310,1,51,0.3584,0.2748,0.6332,942288,14750,11
131072,1310,1,52,0.3495,0.2819,0.6314,942288,14750,11
131072,1310,1,53,0.3599,0.2754,0.6353,942288,14750,11
131072,1310,1,54,0.376,0.2757,0.6517,942288,14750,11
131072,1310,1,55,0.3559,0.2807,0.6366,942288,14750,11
131072,1310,1,56,0.3544,0.2753,0.6296999999999999,942288,14750,11
131072,1310,1,57,0.3551,0.2754,0.6305000000000001,942288,14750,11
131072,1310,1,58,0.3623,0.2757,0.638,942288,14750,11
131072,1310,1,59,0.353,0.275,0.628,942288,14750,11
131072,1310,1,60,0.3583,0.275,0.6333,942288,14750,11
131072,1310,1,61,0.3555,0.2751,0.6306,942288,14750,11
131072,1310,1,62,0.3505,0.2785,0.629,942288,14750,11
131072,1310,1,63,0.3512,0.275,0.6262000000000001,942288,14750,11
131072,1310,1,64,0.3525,0.2885,0.641,943128,14750,11
131072,1310,1,65,0.3684,0.2768,0.6452,942288,14750,11
131072,1310,1,66,0.3483,0.2746,0.6229,942288,14750,11
131072,1310,1,67,0.348,0.2735,0.6214999999999999,942288,14750,11
131072,1310,1,68,0.3449,0.2701,0.615,942288,14750,11
131072,1310,1,69,0.3465,0.2717,0.6182,942288,14750,11
131072,1310,1,70,0.3583,0.2742,0.6325000000000001,942288,14750,11
131072,1310,1,71,0.3556,0.2776,0.6332,942288,14750,11
131072,1310,1,72,0.3555,0.2779,0.6334,942288,14750,11
131072,1310,1,73,0.3468,0.2893,0.6361,942288,14750,11
131072,1310,1,74,0.3482,0.2742,0.6224000000000001,942288,14750,11
131072,1310,1,75,0.3581,0.2994,0.6575,942288,14750,11
131072,1310,1,76,0.3819,0.2866,0.6685000000000001,942288,14750,11
131072,1310,1,77,0.3653,0.2796,0.6449,942288,14750,11
131072,1310,1,78,0.3835,0.2775,0.661,942288,14750,11
131072,1310,1,79,0.3746,0.2906,0.6652,943128,14750,11
131072,1310,1,80,0.371,0.2818,0.6528,943128,14750,11
131072,1310,1,81,0.3773,0.2762,0.6535,942288,14750,11
131072,1310,1,82,0.3728,0.2795,0.6523000000000001,942288,14750,11
131072,1310,1,83,0.3711,0.2759,0.647,942288,14750,11
131072,1310,1,84,0.3734,0.282,0.6554,942288,14750,11
131072,1310,1,85,0.3869,0.2787,0.6656,942288,14750,11
131072,1310,1,86,0.3804,0.2776,0.658,942288,14750,11
131072,1310,1,87,0.3696,0.2725,0.6421,942288,14750,11
131072,1310,1,88,0.3762,0.2719,0.6480999999999999,942288,14750,11
131072,1310,1,89,0.3741,0.2701,0.6442,942288,14750,11
131072,1310,1,90,0.3776,0.2733,0.6509,942288,14750,11
131072,1310,1,91,0.4195,0.2971,0.7165999999999999,942288,14750,11
131072,1310,1,92,0.3916,0.2889,0.6805,942288,14750,11
131072,1310,1,93,0.3818,0.2976,0.6794,943128,14750,11
131072,1310,1,94,0.3551,0.277,0.6321000000000001,942288,14750,11
131072,1310,1,95,0.3519,0.2762,0.6281,942288,14750,11
131072,1310,1,96,0.3532,0.2756,0.6288,942288,14750,11
131072,1310,1,97,0.3739,0.2748,0.6487,942288,14750,11
131072,1310,1,98,0.3503,0.2729,0.6232,942288,14750,11
131072,1310,1,99,0.3541,0.2743,0.6284000000000001,942288,14750,11
131072,1310,1,100,0.3575,0.2808,0.6383,942288,14750,11
131072,1310,1,101,0.3574,0.2816,0.639,942288,14750,11
131072,1310,1,102,0.3535,0.2805,0.634,942288,14750,11
131072,1310,1,103,0.3499,0.2836,0.6335,942288,14750,11
131072,1310,1,104,0.3535,0.2773,0.6308,942288,14750,11
131072,1310,1,105,0.3559,0.2756,0.6315,942288,14750,11
131072,1310,1,106,0.3547,0.2742,0.6289,942288,14750,11
131072,1310,1,107,0.3544,0.2726,0.627,942288,14750,11
131072,1310,1,108,0.3521,0.2748,0.6269,942288,14750,11
131072,1310,1,109,0.3474,0.2677,0.6151,942288,14750,11
131072,1310,1,110,0.364,0.3196,0.6836,942288,14750,11
131072,1310,1,111,0.3675,0.2786,0.6461,942288,14750,11
131072,1310,1,112,0.3555,0.2772,0.6327,942288,14750,11
131072,1310,1,113,0.3533,0.2744,0.6276999999999999,942288,14750,11
131072,1310,1,114,0.3478,0.2721,0.6199,942288,14750,11
131072,1310,1,115,0.3516,0.2757,0.6273,942288,14750,11
131072,1310,1,116,0.353,0.2772,0.6302,942288,14750,11
131072,1310,1,117,0.3606,0.2783,0.6389,942288,14750,11
131072,1310,1,118,0.3486,0.2701,0.6187,942288,14750,11
131072,1310,1,119,0.3495,0.2852,0.6347,942288,14750,11
131072,1310,1,120,4.6532,0.5721,5.2253,943128,14750,11
131072,1310,1,121,0.4444,0.2938,0.7382,942288,14750,11
131072,1310,1,122,0.3699,0.3029,0.6728000000000001,942288,14750,11
131072,1310,1,123,0.3729,0.2849,0.6577999999999999,942288,14750,11
131072,1310,1,124,0.3646,0.2826,0.6472,942288,14750,11
131072,1310,1,125,0.3623,0.2948,0.6571,942288,14750,11
131072,1310,1,126,0.3664,0.3454,0.7118,942288,14750,11
131072,1310,1,127,0.3629,0.3342,0.6971,942288,14750,11
131072,1310,1,128,0.3544,0.3167,0.6711,942288,14750,11
131072,1310,1,129,0.366,0.3173,0.6833,942288,14750,11
131072,1310,1,130,0.3648,0.3181,0.6829000000000001,942288,14750,11
131072,1310,1,131,0.3672,0.3295,0.6967000000000001,943128,14750,11
131072,1310,1,132,0.3669,0.2799,0.6468,942288,14750,11
131072,1310,1,133,0.3588,0.2799,0.6387,942288,14750,11
131072,1310,1,134,0.3573,0.2787,0.636,942288,14750,11
131072,1310,1,135,0.3613,0.2787,0.64,942288,14750,11
131072,1310,1,136,0.3536,0.2845,0.6381,942288,14750,11
131072,1310,1,137,0.354,0.2833,0.6373,942288,14750,11
131072,1310,1,138,0.3565,0.279,0.6355,942288,14750,11
131072,1310,1,139,0.3557,0.2775,0.6332,942288,14750,11
131072,1310,1,140,0.3666,0.3071,0.6737,943128,14750,11
131072,1310,1,141,0.3772,0.2838,0.661,942288,14750,11
131072,1310,1,142,0.3642,0.28,0.6442000000000001,942288,14750,11
131072,1310,1,143,0.3635,0.2856,0.6491,942288,14750,11
131072,1310,1,144,0.3614,0.3058,0.6672,942288,14750,11
131072,1310,1,145,0.3598,0.3305,0.6903,942288,14750,11
131072,1310,1,146,0.356,0.3219,0.6779,942288,14750,11
131072,1310,1,147,0.3576,0.3059,0.6635,942288,14750,11
131072,1310,1,148,0.3588,0.2779,0.6367,942288,14750,11
131072,1310,1,149,0.3596,0.284,0.6436,942288,14750,11
131072,1310,1,150,0.3674,0.295,0.6624,942288,14750,11
131072,1310,1,151,0.368,0.3428,0.7108,942288,14750,11
131072,1310,1,152,0.3664,0.3435,0.7099,943128,14750,11
131072,1310,1,153,0.3617,0.3351,0.6968000000000001,942288,14750,11
131072,1310,1,154,0.3648,0.3462,0.7110000000000001,942288,14750,11
131072,1310,1,155,0.3634,0.3414,0.7048,942288,14750,11
131072,1310,1,156,0.3626,0.3236,0.6861999999999999,942288,14750,11
131072,1310,1,157,0.3618,0.3555,0.7173,942288,14750,11
131072,1310,1,158,0.378,0.3371,0.7151000000000001,942288,14750,11
131072,1310,1,159,0.3725,0.3323,0.7048,942288,14750,11
131072,1310,1,160,0.3721,0.2906,0.6627000000000001,942288,14750,11
131072,1310,1,161,0.3686,0.2846,0.6532,942288,14750,11
131072,1310,1,162,0.3728,0.2788,0.6516,942288,14750,11
131072,1310,1,163,0.3616,0.2806,0.6422,942288,14750,11
131072,1310,1,164,0.358,0.2877,0.6456999999999999,942288,14750,11
131072,1310,1,165,0.3578,0.2796,0.6374,942288,14750,11
131072,1310,1,166,0.3573,0.2852,0.6425000000000001,942288,14750,11
131072,1310,1,167,0.3573,0.2807,0.638,942288,14750,11
131072,1310,1,168,0.3598,0.2768,0.6366,942288,14750,11
131072,1310,1,169,0.3582,0.2773,0.6355,942288,14750,11
131072,1310,1,170,0.3641,0.2794,0.6435,942288,14750,11
131072,1310,1,171,0.3619,0.2789,0.6408,942288,14750,11
131072,1310,1,172,0.3607,0.276,0.6367,942288,14750,11
131072,1310,1,173,0.3569,0.2817,0.6386000000000001,942288,14750,11
131072,1310,1,174,0.3575,0.2789,0.6364,942288,14750,11
131072,1310,1,175,0.3542,0.2788,0.633,942288,14750,11
131072,1310,1,176,0.3644,0.2804,0.6448,942288,14750,11
131072,1310,1,177,0.3568,0.2781,0.6349,942288,14750,11
131072,1310,1,178,0.3536,0.2795,0.6331,942288,14750,11
131072,1310,1,179,0.3601,0.3669,0.727,942288,14750,11
131072,1310,1,180,0.3606,0.3493,0.7099,942288,14750,11
131072,1310,1,181,0.3599,0.3552,0.7151000000000001,942288,14750,11
131072,1310,1,182,0.358,0.3601,0.7181,942288,14750,11
131072,1310,1,183,0.3854,0.3728,0.7582,942288,14750,11
131072,1310,1,184,0.374,0.3583,0.7323,942288,14750,11
131072,1310,1,185,0.376,0.3575,0.7335,942288,14750,11
131072,1310,1,186,0.3626,0.351,0.7136,942288,14750,11
131072,1310,1,187,0.3663,0.3456,0.7119,942288,14750,11
131072,1310,1,188,0.3618,0.3556,0.7174,942288,14750,11
131072,1310,1,189,0.3617,0.3583,0.72,942288,14750,11
131072,1310,1,190,0.3642,0.3435,0.7077,942288,14750,11
131072,1310,1,191,0.3788,0.3159,0.6947000000000001,942288,14750,11
131072,1310,1,192,0.3627,0.2783,0.641,942288,14750,11
131072,1310,1,193,0.3608,0.2809,0.6416999999999999,942288,14750,11
131072,1310,1,194,0.3574,0.2778,0.6352,942288,14750,11
131072,1310,1,195,0.353,0.2773,0.6303,942288,14750,11
131072,1310,1,196,0.3503,0.2799,0.6302,942288,14750,11
131072,1310,1,197,0.3549,0.2835,0.6384,942288,14750,11
131072,1310,1,198,0.3666,0.2832,0.6497999999999999,942288,14750,11
131072,1310,1,199,0.3534,0.2793,0.6327,942288,14750,11
131072,1310,1,200,0.3629,0.2813,0.6442,942288,14750,11
131072,1310,1,201,0.3594,0.279,0.6384000000000001,942288,14750,11
131072,1310,1,202,0.3589,0.2805,0.6394,942288,14750,11
131072,1310,1,203,0.3559,0.283,0.6389,942288,14750,11
131072,1310,1,204,0.3759,0.2783,0.6542,942288,14750,11
131072,1310,1,205,0.3558,0.3077,0.6635,942288,14750,11
131072,1310,1,206,0.371,0.3091,0.6800999999999999,943128,14750,11
131072,1310,1,207,0.369,0.3545,0.7235,942288,14750,11
131072,1310,1,208,0.362,0.3611,0.7231,942288,14750,11
131072,1310,1,209,0.3554,0.3618,0.7172000000000001,942288,14750,11
131072,1310,1,210,0.3724,0.3614,0.7338,942288,14750,11
131072,1310,1,211,0.3636,0.3518,0.7154,942288,14750,11
131072,1310,1,212,0.3619,0.3524,0.7142999999999999,942288,14750,11
131072,1310,1,213,0.3609,0.3624,0.7233,942288,14750,11
131072,1310,1,214,0.362,0.3618,0.7238,942288,14750,11
131072,1310,1,215,0.3603,0.3603,0.7206,942288,14750,11
131072,1310,1,216,0.3594,0.3687,0.7281,942288,14750,11
131072,1310,1,217,0.3664,0.3566,0.723,942288,14750,11
131072,1310,1,218,0.3615,0.3622,0.7237,942288,14750,11
131072,1310,1,219,0.3601,0.3542,0.7142999999999999,942288,14750,11
131072,1310,1,220,0.3731,0.3527,0.7258,942288,14750,11
131072,1310,1,221,0.3675,0.3704,0.7379,942288,14750,11
131072,1310,1,222,0.3625,0.3531,0.7156,942288,14750,11
131072,1310,1,223,0.3601,0.3563,0.7163999999999999,942288,14750,11
131072,1310,1,224,0.3782,0.3583,0.7364999999999999,942288,14750,11
131072,1310,1,225,0.3616,0.3563,0.7179,942288,14750,11
131072,1310,1,226,0.3599,0.2787,0.6386000000000001,942288,14750,11
131072,1310,1,227,0.3622,0.3158,0.678,942288,14750,11
131072,1310,1,228,0.38,0.2869,0.6669,942288,14750,11
131072,1310,1,229,0.3715,0.2995,0.671,942288,14750,11
131072,1310,1,230,0.363,0.2986,0.6616,943128,14750,11
131072,1310,1,231,0.3613,0.2809,0.6422,942288,14750,11
131072,1310,1,232,0.3624,0.2864,0.6488,942288,14750,11
131072,1310,1,233,0.3603,0.2867,0.647,942288,14750,11
131072,1310,1,234,0.364,0.2797,0.6436999999999999,942288,14750,11
131072,1310,1,235,0.3543,0.2867,0.641,942288,14750,11
131072,1310,1,236,0.3584,0.2881,0.6465000000000001,943128,14750,11
131072,1310,1,237,0.3688,0.2787,0.6475,942288,14750,11
131072,1310,1,238,0.3565,0.2754,0.6318999999999999,942288,14750,11
131072,1310,1,239,0.3563,0.2753,0.6315999999999999,942288,14750,11
131072,1310,1,240,0.3671,0.2748,0.6418999999999999,942288,14750,11
131072,1310,1,241,0.3585,0.278,0.6365000000000001,943128,14750,11
131072,1310,1,242,0.3571,0.2716,0.6287,942288,14750,11
131072,1310,1,243,0.352,0.2766,0.6286,942288,14750,11
131072,1310,1,244,0.3521,0.2748,0.6269,942288,14750,11
131072,1310,1,245,0.3492,0.2752,0.6244000000000001,942288,14750,11
131072,1310,1,246,0.3493,0.2765,0.6258,942288,14750,11
131072,1310,1,247,0.3603,0.2807,0.641,943128,14750,11
131072,1310,1,248,0.3493,0.2726,0.6219,942288,14750,11
131072,1310,1,249,0.3487,0.2731,0.6218,943128,14750,11
131072,1310,1,250,0.3602,0.276,0.6362000000000001,942288,14750,11
131072,1310,1,251,0.3594,0.2777,0.6371,942288,14750,11
131072,1310,1,252,0.3583,0.2747,0.633,942288,14750,11
131072,1310,1,253,0.355,0.2866,0.6416,942288,14750,11
131072,1310,1,254,0.3491,0.301,0.6501,942288,14750,11
131072,1310,1,255,0.3508,0.2945,0.6453,942288,14750,11
131072,1310,2,0,0.3594,0.2874,0.6468,942288,14750,11
131072,1310,2,1,0.357,0.2859,0.6429,942288,14750,11
131072,1310,2,2,0.3587,0.2912,0.6499,943128,14750,11
131072,1310,2,3,0.3748,0.2819,0.6567000000000001,942288,14750,11
131072,1310,2,4,0.3834,0.2882,0.6716,942288,14750,11
131072,1310,2,5,0.3712,0.2926,0.6638,942288,14750,11
131072,1310,2,6,0.3817,0.29,0.6717,942288,14750,11
131072,1310,2,7,0.362,0.289,0.651,942288,14750,11
131072,1310,2,8,0.3564,0.2879,0.6443,942288,14750,11
131072,1310,2,9,0.3564,0.2982,0.6546000000000001,943128,14750,11
131072,1310,2,10,0.3548,0.291,0.6457999999999999,942288,14750,11
131072,1310,2,11,0.3539,0.285,0.6389,942288,14750,11
131072,1310,2,12,0.3715,0.2973,0.6688000000000001,942288,14750,11
131072,1310,2,13,0.3584,0.2968,0.6552,942288,14750,11
131072,1310,2,14,0.3618,0.2876,0.6494,942288,14750,11
131072,1310,2,15,0.3619,0.2847,0.6466000000000001,942288,14750,11
131072,1310,2,16,0.3588,0.2831,0.6419,942288,14750,11
131072,1310,2,17,0.3556,0.2822,0.6378,942288,14750,11
131072,1310,2,18,0.3513,0.3205,0.6718,942288,14750,11
131072,1310,2,19,0.378,0.3062,0.6842,943128,14750,11
131072,1310,2,20,0.3684,0.2878,0.6562,942288,14750,11
131072,1310,2,21,0.3632,0.2816,0.6448,942288,14750,11
131072,1310,2,22,0.3595,0.28,0.6395,942288,14750,11
131072,1310,2,23,0.3599,0.2765,0.6364000000000001,942288,14750,11
131072,1310,2,24,0.3599,0.2845,0.6444,943128,14750,11
131072,1310,2,25,0.3662,0.2803,0.6465000000000001,942288,14750,11
131072,1310,2,26,0.3583,0.2812,0.6395,942288,14750,11
131072,1310,2,27,0.3556,0.2798,0.6354,942288,14750,11
131072,1310,2,28,0.3692,0.2826,0.6517999999999999,942288,14750,11
131072,1310,2,29,0.3535,0.2936,0.6471,942288,14750,11
131072,1310,2,30,0.3556,0.2852,0.6408,942288,14750,11
131072,1310,2,31,0.3621,0.2868,0.6489,942288,14750,11
131072,1310,2,32,0.3663,0.2835,0.6497999999999999,942288,14750,11
131072,1310,2,33,0.362,0.279,0.641,942288,14750,11
131072,1310,2,34,0.3644,0.2829,0.6473,942288,14750,11
131072,1310,2,35,0.3658,0.2904,0.6562,943128,14750,11
131072,1310,2,36,0.3605,0.2834,0.6438999999999999,942288,14750,11
131072,1310,2,37,0.3558,0.2817,0.6375,942288,14750,11
131072,1310,2,38,0.3683,0.2822,0.6505000000000001,942288,14750,11
131072,1310,2,39,0.3524,0.2862,0.6386000000000001,943128,14750,11
131072,1310,2,40,0.3536,0.2814,0.635,942288,14750,11
131072,1310,2,41,0.3559,0.2796,0.6355,942288,14750,11
131072,1310,2,42,0.3517,0.2763,0.628,942288,14750,11
131072,1310,2,43,0.3541,0.2745,0.6286,942288,14750,11
131072,1310,2,44,0.3581,0.285,0.6431,942288,14750,11
131072,1310,2,45,0.3622,0.282,0.6442,942288,14750,11
131072,1310,2,46,0.3562,0.2809,0.6371,942288,14750,11
131072,1310,2,47,0.3517,0.2781,0.6298,942288,14750,11
131072,1310,2,48,0.3515,0.2771,0.6286,942288,14750,11
131072,1310,2,49,0.3552,0.2771,0.6323000000000001,942288,14750,11
131072,1310,2,50,0.3547,0.302,0.6567000000000001,943128,14750,11
131072,1310,2,51,0.3728,0.2777,0.6505000000000001,942288,14750,11
131072,1310,2,52,0.3617,0.2759,0.6376,942288,14750,11
131072,1310,2,53,0.3623,0.2738,0.6361,942288,14750,11
131072,1310,2,54,0.3746,0.2769,0.6515,942288,14750,11
131072,1310,2,55,0.3701,0.2769,0.647,942288,14750,11
131072,1310,2,56,0.3616,0.2807,0.6423,942288,14750,11
131072,1310,2,57,0.359,0.3113,0.6703,942288,14750,11
131072,1310,2,58,0.3747,0.2896,0.6643,942288,14750,11
131072,1310,2,59,0.3663,0.284,0.6503,942288,14750,11
131072,1310,2,60,0.3631,0.2839,0.647,942288,14750,11
131072,1310,2,61,0.3662,0.2869,0.6531,942288,14750,11
131072,1310,2,62,0.3596,0.2824,0.6419999999999999,942288,14750,11
131072,1310,2,63,0.3804,0.2847,0.6651,942288,14750,11
131072,1310,2,64,0.3768,0.2992,0.676,943128,14750,11
131072,1310,2,65,0.377,0.2888,0.6658,942288,14750,11
131072,1310,2,66,0.3808,0.2817,0.6625000000000001,942288,14750,11
131072,1310,2,67,0.373,0.2835,0.6565,943128,14750,11
131072,1310,2,68,0.3695,0.2784,0.6478999999999999,942288,14750,11
131072,1310,2,69,0.364,0.2852,0.6492,943128,14750,11
131072,1310,2,70,0.3667,0.2876,0.6543000000000001,942288,14750,11
131072,1310,2,71,0.3668,0.2835,0.6503,942288,14750,11
131072,1310,2,72,0.3558,0.2793,0.6351,942288,14750,11
131072,1310,2,73,0.3574,0.2796,0.637,942288,14750,11
131072,1310,2,74,0.3628,0.2818,0.6446000000000001,942288,14750,11
131072,1310,2,75,0.3645,0.2781,0.6426000000000001,942288,14750,11
131072,1310,2,76,0.3567,0.2892,0.6459,942288,14750,11
131072,1310,2,77,0.3602,0.2808,0.641,942288,14750,11
131072,1310,2,78,0.3567,0.2834,0.6401,942288,14750,11
131072,1310,2,79,0.369,0.2815,0.6505,942288,14750,11
131072,1310,2,80,0.3699,0.2806,0.6505000000000001,942288,14750,11
131072,1310,2,81,0.3734,0.2804,0.6537999999999999,942288,14750,11
131072,1310,2,82,0.3543,0.276,0.6303000000000001,942288,14750,11
131072,1310,2,83,0.3622,0.2795,0.6417,942288,14750,11
131072,1310,2,84,0.3602,0.2812,0.6414,942288,14750,11
131072,1310,2,85,0.3584,0.2917,0.6501,943128,14750,11
131072,1310,2,86,0.3552,0.2834,0.6386000000000001,942288,14750,11
131072,1310,2,87,0.3609,0.2862,0.6471,942288,14750,11
131072,1310,2,88,0.3762,0.2829,0.6591,942288,14750,11
131072,1310,2,89,0.3748,0.2836,0.6584000000000001,942288,14750,11
131072,1310,2,90,0.3661,0.2787,0.6448,942288,14750,11
131072,1310,2,91,0.359,0.2869,0.6458999999999999,942288,14750,11
131072,1310,2,92,0.3553,0.2786,0.6339,942288,14750,11
131072,1310,2,93,0.3538,0.2959,0.6496999999999999,944808,14750,11
131072,1310,2,94,0.3634,0.282,0.6454,942288,14750,11
131072,1310,2,95,0.3674,0.2771,0.6445000000000001,942288,14750,11
131072,1310,2,96,0.3714,0.282,0.6534,942288,14750,11
131072,1310,2,97,0.3561,0.2919,0.648,942288,14750,11
131072,1310,2,98,0.3623,0.2779,0.6402,942288,14750,11
131072,1310,2,99,0.3551,0.2775,0.6326,942288,14750,11
131072,1310,2,100,0.3532,0.2797,0.6329,942288,14750,11
131072,1310,2,101,0.3531,0.2774,0.6305000000000001,942288,14750,11
131072,1310,2,102,0.3559,0.2801,0.636,942288,14750,11
131072,1310,2,103,0.3575,0.2801,0.6376,942288,14750,11
131072,1310,2,104,0.4021,0.278,0.6801,942288,14750,11
131072,1310,2,105,0.3892,0.2772,0.6664,942288,14750,11
131072,1310,2,106,0.387,0.2763,0.6633,942288,14750,11
131072,1310,2,107,0.3799,0.2784,0.6583,942288,14750,11
131072,1310,2,108,0.3543,0.2785,0.6328,942288,14750,11
131072,1310,2,109,0.3585,0.2815,0.6399999999999999,942288,14750,11
131072,1310,2,110,0.3775,0.2855,0.663,942288,14750,11
131072,1310,2,111,0.3872,0.2803,0.6675,942288,14750,11
131072,1310,2,112,0.3761,0.2769,0.653,942288,14750,11
131072,1310,2,113,0.3637,0.2801,0.6438,942288,14750,11
131072,1310,2,114,0.36,0.2794,0.6394,942288,14750,11
131072,1310,2,115,0.3639,0.2802,0.6441,942288,14750,11
131072,1310,2,116,0.3774,0.2841,0.6615,942288,14750,11
131072,1310,2,117,0.3814,0.2822,0.6636,942288,14750,11
131072,1310,2,118,0.3813,0.2841,0.6654,942288,14750,11
131072,1310,2,119,0.3672,0.2807,0.6479,942288,14750,11
131072,1310,2,120,0.3742,0.2822,0.6564,942288,14750,11
131072,1310,2,121,0.3585,0.2865,0.645,942288,14750,11
131072,1310,2,122,0.3575,0.281,0.6385000000000001,942288,14750,11
131072,1310,2,123,0.3559,0.2777,0.6335999999999999,942288,14750,11
131072,1310,2,124,0.361,0.2823,0.6433,942288,14750,11
131072,1310,2,125,0.3601,0.2801,0.6402,942288,14750,11
131072,1310,2,126,0.3561,0.2955,0.6516,943128,14750,11
131072,1310,2,127,0.3645,0.287,0.6515,943128,14750,11
131072,1310,2,128,0.3547,0.2841,0.6388,942288,14750,11
131072,1310,2,129,0.3553,0.2815,0.6368,942288,14750,11
131072,1310,2,130,0.3613,0.2799,0.6412,942288,14750,11
131072,1310,2,131,0.3576,0.2783,0.6358999999999999,942288,14750,11
131072,1310,2,132,0.3535,0.28,0.6335,942288,14750,11
131072,1310,2,133,0.3582,0.2789,0.6371,942288,14750,11
131072,1310,2,134,0.3674,0.2871,0.6545000000000001,942288,14750,11
131072,1310,2,135,0.4002,0.2838,0.6839999999999999,942288,14750,11
131072,1310,2,136,0.3953,0.2884,0.6837,943128,14750,11
131072,1310,2,137,0.3787,0.2815,0.6601999999999999,942288,14750,11
131072,1310,2,138,0.3697,0.2867,0.6564,942288,14750,11
131072,1310,2,139,0.3614,0.2855,0.6469,942288,14750,11
131072,1310,2,140,0.357,0.285,0.6419999999999999,942288,14750,11
131072,1310,2,141,0.3851,0.2829,0.6679999999999999,942288,14750,11
131072,1310,2,142,0.3834,0.2792,0.6626000000000001,942288,14750,11
131072,1310,2,143,0.3845,0.2763,0.6608,942288,14750,11
131072,1310,2,144,0.3918,0.2868,0.6786,942288,14750,11
131072,1310,2,145,0.4005,0.2825,0.683,942288,14750,11
131072,1310,2,146,0.3866,0.28,0.6666000000000001,942288,14750,11
131072,1310,2,147,0.3783,0.2865,0.6648000000000001,942288,14750,11
131072,1310,2,148,0.3559,0.2869,0.6428,942288,14750,11
131072,1310,2,149,0.3549,0.2883,0.6432,942288,14750,11
131072,1310,2,150,0.3528,0.2831,0.6359,942288,14750,11
131072,1310,2,151,0.3531,0.2803,0.6334,942288,14750,11
131072,1310,2,152,0.3554,0.2777,0.6331,942288,14750,11
131072,1310,2,153,0.3555,0.2868,0.6423,942288,14750,11
131072,1310,2,154,0.3572,0.2829,0.6401,942288,14750,11
131072,1310,2,155,0.356,0.2804,0.6364,942288,14750,11
131072,1310,2,156,0.3557,0.2832,0.6389,942288,14750,11
131072,1310,2,157,0.3509,0.296,0.6469,943128,14750,11
131072,1310,2,158,0.3519,0.2833,0.6352,942288,14750,11
131072,1310,2,159,0.3506,0.2834,0.634,942288,14750,11
131072,1310,2,160,0.4206,0.3018,0.7223999999999999,942288,14750,11
131072,1310,2,161,0.4139,0.2876,0.7015,942288,14750,11
131072,1310,2,162,0.399,0.2805,0.6795,942288,14750,11
131072,1310,2,163,0.4058,0.2802,0.6859999999999999,942288,14750,11
131072,1310,2,164,0.4066,0.2811,0.6877,942288,14750,11
131072,1310,2,165,0.4034,0.2777,0.6811,942288,14750,11
131072,1310,2,166,0.3727,0.2791,0.6517999999999999,942288,14750,11
131072,1310,2,167,0.3548,0.2761,0.6309,942288,14750,11
131072,1310,2,168,0.3529,0.2768,0.6296999999999999,942288,14750,11
131072,1310,2,169,0.3533,0.2774,0.6307,942288,14750,11
131072,1310,2,170,0.3722,0.2815,0.6537,942288,14750,11
131072,1310,2,171,0.3656,0.2795,0.6451,942288,14750,11
131072,1310,2,172,0.3588,0.2744,0.6332,942288,14750,11
131072,1310,2,173,0.3575,0.2757,0.6332,942288,14750,11
131072,1310,2,174,0.3594,0.279,0.6384000000000001,942288,14750,11
131072,1310,2,175,0.3604,0.2753,0.6356999999999999,942288,14750,11
131072,1310,2,176,0.3564,0.2937,0.6501,943128,14750,11
131072,1310,2,177,0.3544,0.2801,0.6345000000000001,943128,14750,11
131072,1310,2,178,0.3561,0.278,0.6341000000000001,942288,14750,11
131072,1310,2,179,0.418,0.2832,0.7012,942288,14750,11
131072,1310,2,180,0.4038,0.2843,0.6880999999999999,943128,14750,11
131072,1310,2,181,0.3862,0.2783,0.6645,942288,14750,11
131072,1310,2,182,0.3579,0.2763,0.6342,942288,14750,11
131072,1310,2,183,0.3547,0.2766,0.6313,942288,14750,11
131072,1310,2,184,0.385,0.3019,0.6869000000000001,942288,14750,11
131072,1310,2,185,0.3756,0.2914,0.667,942288,14750,11
131072,1310,2,186,0.3691,0.2907,0.6597999999999999,942288,14750,11
131072,1310,2,187,0.3761,0.2901,0.6662,942288,14750,11
131072,1310,2,188,0.3727,0.2987,0.6714,942288,14750,11
131072,1310,2,189,0.363,0.2919,0.6549,943128,14750,11
131072,1310,2,190,0.3616,0.2844,0.6459999999999999,942288,14750,11
131072,1310,2,191,0.3583,0.2893,0.6476,943128,14750,11
131072,1310,2,192,0.3605,0.2792,0.6396999999999999,942288,14750,11
131072,1310,2,193,0.3559,0.2774,0.6333,942288,14750,11
131072,1310,2,194,0.3818,0.2819,0.6637,942288,14750,11
131072,1310,2,195,0.4035,0.2807,0.6842,942288,14750,11
131072,1310,2,196,0.3937,0.2821,0.6758,943128,14750,11
131072,1310,2,197,0.3979,0.2833,0.6812,943128,14750,11
131072,1310,2,198,0.4003,0.2865,0.6868,943128,14750,11
131072,1310,2,199,0.3957,0.2799,0.6756,942288,14750,11
131072,1310,2,200,0.3873,0.2788,0.6660999999999999,942288,14750,11
131072,1310,2,201,0.3524,0.2788,0.6312,942288,14750,11
131072,1310,2,202,0.3503,0.277,0.6273,942288,14750,11
131072,1310,2,203,0.3532,0.2755,0.6287,942288,14750,11
131072,1310,2,204,0.4076,0.2821,0.6897,942288,14750,11
131072,1310,2,205,0.4025,0.2807,0.6832,942288,14750,11
131072,1310,2,206,0.3997,0.2789,0.6786,942288,14750,11
131072,1310,2,207,0.3578,0.2811,0.6389,942288,14750,11
131072,1310,2,208,0.3502,0.2799,0.6301,942288,14750,11
131072,1310,2,209,0.3522,0.2804,0.6326,942288,14750,11
131072,1310,2,210,0.3542,0.2861,0.6403000000000001,942288,14750,11
131072,1310,2,211,0.3502,0.2812,0.6314,942288,14750,11
131072,1310,2,212,0.3503,0.2908,0.6411,942288,14750,11
131072,1310,2,213,0.3492,0.2758,0.625,942288,14750,11
131072,1310,2,214,0.3586,0.2801,0.6387,942288,14750,11
131072,1310,2,215,0.3579,0.2796,0.6375,942288,14750,11
131072,1310,2,216,0.3642,0.2775,0.6417,942288,14750,11
131072,1310,2,217,0.3975,0.2819,0.6794,942288,14750,11
131072,1310,2,218,0.3944,0.2942,0.6886,943128,14750,11
131072,1310,2,219,0.3797,0.279,0.6587000000000001,942288,14750,11
131072,1310,2,220,0.4056,0.2785,0.6841,942288,14750,11
131072,1310,2,221,0.412,0.2818,0.6938,942288,14750,11
131072,1310,2,222,0.3938,0.2756,0.6694,942288,14750,11
131072,1310,2,223,0.3995,0.2831,0.6826000000000001,942288,14750,11
131072,1310,2,224,0.4082,0.2826,0.6908000000000001,942288,14750,11
131072,1310,2,225,0.406,0.2895,0.6955,943128,14750,11
131072,1310,2,226,0.3697,0.2764,0.6460999999999999,942288,14750,11
131072,1310,2,227,0.3565,0.2839,0.6404,942288,14750,11
131072,1310,2,228,0.3532,0.2821,0.6353,942288,14750,11
131072,1310,2,229,0.364,0.2798,0.6437999999999999,942288,14750,11
131072,1310,2,230,0.3594,0.2819,0.6413,942288,14750,11
131072,1310,2,231,0.3555,0.2832,0.6387,942288,14750,11
131072,1310,2,232,0.3712,0.2781,0.6493,942288,14750,11
131072,1310,2,233,0.3614,0.277,0.6384000000000001,942288,14750,11
131072,1310,2,234,0.3598,0.2917,0.6515,942288,14750,11
131072,1310,2,235,0.3628,0.2866,0.6494,943128,14750,11
131072,1310,2,236,0.3589,0.2856,0.6445000000000001,942288,14750,11
131072,1310,2,237,0.354,0.2838,0.6377999999999999,943128,14750,11
131072,1310,2,238,0.3654,0.283,0.6484,942288,14750,11
131072,1310,2,239,0.3697,0.2945,0.6641999999999999,942288,14750,11
131072,1310,2,240,0.3792,0.3536,0.7328,942288,14750,11
131072,1310,2,241,0.4217,0.4293,0.851,942288,14750,11
131072,1310,2,242,0.4369,0.4157,0.8526,942288,14750,11
131072,1310,2,243,0.3609,0.2758,0.6367,942288,14750,11
131072,1310,2,244,0.3602,0.2805,0.6407,942288,14750,11
131072,1310,2,245,0.3599,0.281,0.6409,942288,14750,11
131072,1310,2,246,0.3547,0.2802,0.6349,942288,14750,11
131072,1310,2,247,0.3501,0.291,0.6411,943128,14750,11
131072,1310,2,248,0.36,0.2894,0.6494,942288,14750,11
131072,1310,2,249,0.3503,0.2807,0.631,942288,14750,11
131072,1310,2,250,0.3497,0.2792,0.6289,942288,14750,11
131072,1310,2,251,0.3506,0.2811,0.6317,942288,14750,11
131072,1310,2,252,0.3484,0.2774,0.6257999999999999,942288,14750,11
131072,1310,2,253,0.3509,0.274,0.6249,942288,14750,11
131072,1310,2,254,0.3596,0.281,0.6406000000000001,942288,14750,11
131072,1310,2,255,0.3779,0.2824,0.6603,942288,14750,11
131072,1310,3,0,0.3574,0.283,0.6404,942288,14750,11
131072,1310,3,1,0.3721,0.2917,0.6638,942288,14750,11
131072,1310,3,2,0.3714,0.2913,0.6627000000000001,942288,14750,11
131072,1310,3,3,0.3856,0.2936,0.6792,943128,14750,11
131072,1310,3,4,0.3551,0.2863,0.6414,942288,14750,11
131072,1310,3,5,0.3529,0.2865,0.6394,943128,14750,11
131072,1310,3,6,0.3509,0.2785,0.6294,942288,14750,11
131072,1310,3,7,0.3491,0.2873,0.6364000000000001,942288,14750,11
131072,1310,3,8,0.354,0.283,0.637,942288,14750,11
131072,1310,3,9,0.3615,0.3033,0.6648000000000001,942288,14750,11
131072,1310,3,10,0.3621,0.2865,0.6486,942288,14750,11
131072,1310,3,11,0.3659,0.2901,0.656,942288,14750,11
131072,1310,3,12,0.3687,0.2909,0.6596,943128,14750,11
131072,1310,3,13,0.3666,0.2879,0.6545,942288,14750,11
131072,1310,3,14,0.3799,0.2848,0.6647000000000001,942288,14750,11
131072,1310,3,15,0.3648,0.2893,0.6541,942288,14750,11
131072,1310,3,16,0.3899,0.3045,0.6944,942288,14750,11
131072,1310,3,17,0.3704,0.289,0.6594,942288,14750,11
131072,1310,3,18,0.3664,0.2967,0.6631,943128,14750,11
131072,1310,3,19,0.3687,0.2956,0.6643,942288,14750,11
131072,1310,3,20,0.3865,0.2945,0.681,942288,14750,11
131072,1310,3,21,0.3811,0.2953,0.6764,942288,14750,11
131072,1310,3,22,0.3949,0.2937,0.6886,942288,14750,11
131072,1310,3,23,0.3625,0.2801,0.6426000000000001,942288,14750,11
131072,1310,3,24,0.3553,0.2813,0.6366,942288,14750,11
131072,1310,3,25,0.3567,0.2855,0.6422,942288,14750,11
131072,1310,3,26,0.3568,0.2909,0.6476999999999999,943128,14750,11
131072,1310,3,27,0.3548,0.2844,0.6392,943128,14750,11
131072,1310,3,28,0.3623,0.2861,0.6484000000000001,943128,14750,11
131072,1310,3,29,0.3804,0.3063,0.6867000000000001,942288,14750,11
131072,1310,3,30,0.3735,0.2953,0.6688000000000001,942288,14750,11
131072,1310,3,31,0.3644,0.2937,0.6581,942288,14750,11
131072,1310,3,32,0.4025,0.3096,0.7121,942288,14750,11
131072,1310,3,33,0.3977,0.3026,0.7002999999999999,942288,14750,11
131072,1310,3,34,0.3773,0.3157,0.6930000000000001,942288,14750,11
131072,1310,3,35,0.4162,0.306,0.7222,942288,14750,11
131072,1310,3,36,0.3803,0.2959,0.6762,942288,14750,11
131072,1310,3,37,0.3608,0.2829,0.6436999999999999,942288,14750,11
131072,1310,3,38,0.3601,0.2848,0.6449,942288,14750,11
131072,1310,3,39,0.3584,0.2927,0.6511,943128,14750,11
131072,1310,3,40,0.3632,0.293,0.6562,943128,14750,11
131072,1310,3,41,0.3581,0.2765,0.6346,942288,14750,11
131072,1310,3,42,0.3575,0.2822,0.6396999999999999,943968,14750,11
131072,1310,3,43,0.3563,0.2795,0.6358,942288,14750,11
131072,1310,3,44,0.3566,0.2862,0.6428,942288,14750,11
131072,1310,3,45,0.356,0.2798,0.6357999999999999,942288,14750,11
131072,1310,3,46,0.3572,0.278,0.6352,942288,14750,11
131072,1310,3,47,0.3622,0.2862,0.6484000000000001,942288,14750,11
131072,1310,3,48,0.3595,0.284,0.6435,942288,14750,11
131072,1310,3,49,0.3595,0.2825,0.6419999999999999,942288,14750,11
131072,1310,3,50,0.3579,0.2807,0.6386000000000001,943128,14750,11
131072,1310,3,51,0.3564,0.2802,0.6366,942288,14750,11
131072,1310,3,52,0.3623,0.2802,0.6425000000000001,942288,14750,11
131072,1310,3,53,0.3577,0.3113,0.669,942288,14750,11
131072,1310,3,54,0.3774,0.2925,0.6698999999999999,942288,14750,11
131072,1310,3,55,0.368,0.286,0.6539999999999999,942288,14750,11
131072,1310,3,56,0.3639,0.2827,0.6466000000000001,942288,14750,11
131072,1310,3,57,0.3602,0.2838,0.644,942288,14750,11
131072,1310,3,58,0.3608,0.2817,0.6425000000000001,942288,14750,11
131072,1310,3,59,0.3595,0.2823,0.6417999999999999,942288,14750,11
131072,1310,3,60,0.3765,0.2777,0.6542,942288,14750,11
131072,1310,3,61,0.3559,0.2857,0.6416,943128,14750,11
131072,1310,3,62,0.367,0.2833,0.6503,943128,14750,11
131072,1310,3,63,0.3642,0.2822,0.6464000000000001,942288,14750,11
131072,1310,3,64,0.3599,0.2869,0.6468,943128,14750,11
131072,1310,3,65,0.3558,0.2808,0.6366,942288,14750,11
131072,1310,3,66,0.3581,0.2858,0.6438999999999999,942288,14750,11
131072,1310,3,67,0.355,0.2863,0.6413,942288,14750,11
131072,1310,3,68,0.3551,0.2837,0.6388,942288,14750,11
131072,1310,3,69,0.3532,0.2835,0.6367,943128,14750,11
131072,1310,3,70,0.3521,0.2811,0.6332,943128,14750,11
131072,1310,3,71,0.3551,0.2756,0.6307,942288,14750,11
131072,1310,3,72,0.3587,0.2859,0.6446000000000001,942288,14750,11
131072,1310,3,73,0.3581,0.2784,0.6365,942288,14750,11
131072,1310,3,74,0.3548,0.2819,0.6367,942288,14750,11
131072,1310,3,75,0.3493,0.2794,0.6287,942288,14750,11
131072,1310,3,76,0.3522,0.2914,0.6436,942288,14750,11
131072,1310,3,77,0.3486,0.2946,0.6432,942288,14750,11
131072,1310,3,78,0.3798,4.5933,4.9731000000000005,942288,14750,11
131072,1310,3,79,0.9498,0.5401,1.4899,942288,14750,11
131072,1310,3,80,0.4505,0.4319,0.8824000000000001,942288,14750,11
131072,1310,3,81,0.3848,0.3024,0.6872,942288,14750,11
131072,1310,3,82,0.3729,0.2994,0.6723,942288,14750,11
131072,1310,3,83,0.3703,0.3292,0.6995,942288,14750,11
131072,1310,3,84,0.5436,0.452,0.9956,942288,14750,11
131072,1310,3,85,0.4314,0.3,0.7314,942288,14750,11
131072,1310,3,86,0.3778,0.3094,0.6872,943128,14750,11
131072,1310,3,87,0.3691,0.2881,0.6572,942288,14750,11
131072,1310,3,88,0.3705,0.2842,0.6547000000000001,942288,14750,11
131072,1310,3,89,0.3659,0.3165,0.6824,942288,14750,11
131072,1310,3,90,0.3867,0.287,0.6737,942288,14750,11
131072,1310,3,91,0.3835,0.2925,0.6759999999999999,943128,14750,11
131072,1310,3,92,0.3683,0.2889,0.6572,943128,14750,11
131072,1310,3,93,0.3794,0.2828,0.6622,942288,14750,11
131072,1310,3,94,0.4095,0.2876,0.6971,942288,14750,11
131072,1310,3,95,0.358,0.3008,0.6588,942288,14750,11
131072,1310,3,96,0.3617,0.2856,0.6473,942288,14750,11
131072,1310,3,97,0.3599,0.2873,0.6472,942288,14750,11
131072,1310,3,98,0.3629,0.2869,0.6497999999999999,942288,14750,11
131072,1310,3,99,0.3615,0.2831,0.6446000000000001,942288,14750,11
131072,1310,3,100,0.3723,0.2843,0.6566000000000001,942288,14750,11
131072,1310,3,101,0.3685,0.2849,0.6534,942288,14750,11
131072,1310,3,102,0.3707,0.2851,0.6557999999999999,942288,14750,11
131072,1310,3,103,0.3658,0.286,0.6517999999999999,943128,14750,11
131072,1310,3,104,0.3632,0.2822,0.6454,942288,14750,11
131072,1310,3,105,0.3579,0.2813,0.6392,942288,14750,11
131072,1310,3,106,0.3554,0.2828,0.6382,942288,14750,11
131072,1310,3,107,0.3558,0.2804,0.6362,942288,14750,11
131072,1310,3,108,0.3563,0.2818,0.6381,942288,14750,11
131072,1310,3,109,0.3553,0.2796,0.6349,942288,14750,11
131072,1310,3,110,0.3527,0.2779,0.6306,942288,14750,11
131072,1310,3,111,0.3559,0.2785,0.6344000000000001,942288,14750,11
131072,1310,3,112,0.36,0.2802,0.6402,942288,14750,11
131072,1310,3,113,0.3637,0.2835,0.6472,943128,14750,11
131072,1310,3,114,0.3637,0.2795,0.6432,942288,14750,11
131072,1310,3,115,0.3744,0.2835,0.6578999999999999,942288,14750,11
131072,1310,3,116,0.3634,0.282,0.6454,942288,14750,11
131072,1310,3,117,0.3689,0.2814,0.6503,942288,14750,11
131072,1310,3,118,0.3602,0.2821,0.6423000000000001,942288,14750,11
131072,1310,3,119,0.3579,0.2796,0.6375,942288,14750,11
131072,1310,3,120,0.3731,0.276,0.6491,942288,14750,11
131072,1310,3,121,0.3575,0.2758,0.6333,942288,14750,11
131072,1310,3,122,0.3643,0.278,0.6423000000000001,942288,14750,11
131072,1310,3,123,0.3618,0.2776,0.6394,942288,14750,11
131072,1310,3,124,0.3593,0.2777,0.637,942288,14750,11
131072,1310,3,125,0.36,0.2787,0.6387,942288,14750,11
131072,1310,3,126,0.3598,0.2788,0.6386000000000001,942288,14750,11
131072,1310,3,127,0.3567,0.2799,0.6366,942288,14750,11
131072,1310,3,128,0.3565,0.2781,0.6346,942288,14750,11
131072,1310,3,129,0.355,0.2809,0.6358999999999999,942288,14750,11
131072,1310,3,130,0.3555,0.2762,0.6316999999999999,942288,14750,11
131072,1310,3,131,0.3555,0.2768,0.6323,942288,14750,11
131072,1310,3,132,0.3631,0.2772,0.6403,942288,14750,11
131072,1310,3,133,0.3619,0.2771,0.639,942288,14750,11
131072,1310,3,134,0.3572,0.3146,0.6718,942288,14750,11
131072,1310,3,135,0.4023,0.3022,0.7045,942288,14750,11
131072,1310,3,136,0.3835,0.292,0.6755,942288,14750,11
131072,1310,3,137,0.3708,0.285,0.6557999999999999,942288,14750,11
131072,1310,3,138,0.367,0.2828,0.6497999999999999,942288,14750,11
131072,1310,3,139,0.3654,0.2868,0.6522,942288,14750,11
131072,1310,3,140,0.3595,0.2838,0.6433,942288,14750,11
131072,1310,3,141,0.3649,0.2779,0.6428,942288,14750,11
131072,1310,3,142,0.3759,0.2785,0.6544000000000001,942288,14750,11
131072,1310,3,143,0.3638,0.2988,0.6626000000000001,943128,14750,11
131072,1310,3,144,0.3625,0.2811,0.6436,942288,14750,11
131072,1310,3,145,0.3607,0.278,0.6387,942288,14750,11
131072,1310,3,146,0.3538,0.2765,0.6303000000000001,942288,14750,11
131072,1310,3,147,0.3576,0.2798,0.6374,942288,14750,11
131072,1310,3,148,0.3554,0.2769,0.6323,942288,14750,11
131072,1310,3,149,0.3508,0.2749,0.6256999999999999,942288,14750,11
131072,1310,3,150,0.3527,0.2737,0.6264000000000001,942288,14750,11
131072,1310,3,151,0.3522,0.2743,0.6265000000000001,942288,14750,11
131072,1310,3,152,0.36,0.2773,0.6373,942288,14750,11
131072,1310,3,153,0.3626,0.2786,0.6412,942288,14750,11
131072,1310,3,154,0.3618,0.28,0.6418,942288,14750,11
131072,1310,3,155,0.3539,0.2784,0.6323,942288,14750,11
131072,1310,3,156,0.3504,0.2788,0.6292,942288,14750,11
131072,1310,3,157,0.3489,0.2825,0.6314,942288,14750,11
131072,1310,3,158,0.3555,0.2785,0.634,942288,14750,11
131072,1310,3,159,0.3566,0.2749,0.6315,942288,14750,11
131072,1310,3,160,0.3525,0.2769,0.6294,942288,14750,11
131072,1310,3,161,0.3537,0.2757,0.6294,942288,14750,11
131072,1310,3,162,0.3571,0.2797,0.6368,942288,14750,11
131072,1310,3,163,0.3565,0.2779,0.6344,942288,14750,11
131072,1310,3,164,0.3505,0.2785,0.629,942288,14750,11
131072,1310,3,165,0.3656,0.2787,0.6443,942288,14750,11
131072,1310,3,166,0.3494,0.2788,0.6282,942288,14750,11
131072,1310,3,167,0.3477,0.2769,0.6246,942288,14750,11
131072,1310,3,168,0.3494,0.2769,0.6263,942288,14750,11
131072,1310,3,169,0.3463,0.2888,0.6351,943128,14750,11
131072,1310,3,170,0.3467,0.2753,0.622,942288,14750,11
131072,1310,3,171,0.3488,0.276,0.6248,942288,14750,11
131072,1310,3,172,0.3544,0.283,0.6374,942288,14750,11
131072,1310,3,173,0.3552,0.282,0.6372,942288,14750,11
131072,1310,3,174,0.3498,0.2839,0.6336999999999999,942288,14750,11
131072,1310,3,175,0.3475,0.2878,0.6353,942288,14750,11
131072,1310,3,176,0.3509,0.3169,0.6678,943128,14750,11
131072,1310,3,177,0.3497,0.2862,0.6359,942288,14750,11
131072,1310,3,178,0.3487,0.2762,0.6249,942288,14750,11
131072,1310,3,179,0.3487,0.2757,0.6244000000000001,942288,14750,11
131072,1310,3,180,0.3503,0.2751,0.6254,942288,14750,11
131072,1310,3,181,0.3659,0.2744,0.6403,942288,14750,11
131072,1310,3,182,0.3726,0.2768,0.6494,942288,14750,11
131072,1310,3,183,0.3618,0.2791,0.6409,942288,14750,11
131072,1310,3,184,0.3508,0.291,0.6417999999999999,942288,14750,11
131072,1310,3,185,0.3471,0.2887,0.6358,942288,14750,11
131072,1310,3,186,0.3465,0.2931,0.6396,942288,14750,11
131072,1310,3,187,0.3615,0.2795,0.641,942288,14750,11
131072,1310,3,188,0.3526,0.2838,0.6364000000000001,943128,14750,11
131072,1310,3,189,0.3531,0.2772,0.6303000000000001,942288,14750,11
131072,1310,3,190,0.3675,0.2726,0.6401,942288,14750,11
131072,1310,3,191,0.3509,0.2754,0.6263,942288,14750,11
131072,1310,3,192,0.3582,0.2812,0.6394,942288,14750,11
131072,1310,3,193,0.3644,0.2985,0.6629,942288,14750,11
131072,1310,3,194,0.3599,0.2767,0.6366,942288,14750,11
131072,1310,3,195,0.3565,0.276,0.6325000000000001,942288,14750,11
131072,1310,3,196,0.3526,0.2923,0.6449,942288,14750,11
131072,1310,3,197,0.3539,0.2973,0.6512,942288,14750,11
131072,1310,3,198,0.3493,0.295,0.6443,942288,14750,11
131072,1310,3,199,0.3511,0.2846,0.6357,942288,14750,11
131072,1310,3,200,0.3854,0.2826,0.668,942288,14750,11
131072,1310,3,201,0.3587,0.2775,0.6362000000000001,942288,14750,11
131072,1310,3,202,0.3659,0.2765,0.6424000000000001,942288,14750,11
131072,1310,3,203,0.3656,0.286,0.6516,943128,14750,11
131072,1310,3,204,0.3584,0.2801,0.6385000000000001,943128,14750,11
131072,1310,3,205,0.359,0.288,0.647,942288,14750,11
131072,1310,3,206,0.3699,0.3001,0.6699999999999999,942288,14750,11
131072,1310,3,207,0.3577,0.299,0.6567000000000001,942288,14750,11
131072,1310,3,208,0.3564,0.2891,0.6455,942288,14750,11
131072,1310,3,209,0.3549,0.2836,0.6385000000000001,943128,14750,11
131072,1310,3,210,0.3566,0.2769,0.6335,942288,14750,11
131072,1310,3,211,0.3571,0.2749,0.6319999999999999,942288,14750,11
131072,1310,3,212,0.36,0.2834,0.6434,942288,14750,11
131072,1310,3,213,0.3613,0.2776,0.6389,942288,14750,11
131072,1310,3,214,0.3595,0.2755,0.635,942288,14750,11
131072,1310,3,215,0.3519,0.2758,0.6276999999999999,942288,14750,11
131072,1310,3,216,0.3568,0.2839,0.6407,942288,14750,11
131072,1310,3,217,0.3566,0.2754,0.6319999999999999,942288,14750,11
131072,1310,3,218,0.3562,0.2899,0.6461,942288,14750,11
131072,1310,3,219,0.3533,0.3166,0.6698999999999999,942288,14750,11
131072,1310,3,220,0.3515,0.3005,0.6519999999999999,942288,14750,11
131072,1310,3,221,0.3532,0.2787,0.6319,942288,14750,11
131072,1310,3,222,0.3589,0.2755,0.6344000000000001,942288,14750,11
131072,1310,3,223,0.3591,0.2757,0.6348,942288,14750,11
131072,1310,3,224,0.3861,0.2959,0.6819999999999999,942288,14750,11
131072,1310,3,225,0.3833,0.2942,0.6775,942288,14750,11
131072,1310,3,226,0.3672,0.2834,0.6506000000000001,942288,14750,11
131072,1310,3,227,0.3637,0.2931,0.6568,943968,14750,11
131072,1310,3,228,0.3623,0.282,0.6443,942288,14750,11
131072,1310,3,229,0.3631,0.297,0.6600999999999999,943128,14750,11
131072,1310,3,230,0.3828,0.2915,0.6742999999999999,942288,14750,11
131072,1310,3,231,0.3615,0.3048,0.6663,942288,14750,11
131072,1310,3,232,0.3745,0.312,0.6865,943128,14750,11
131072,1310,3,233,0.3678,0.3013,0.6691,942288,14750,11
131072,1310,3,234,0.3637,0.3094,0.6731,943128,14750,11
131072,1310,3,235,0.3551,0.3137,0.6688000000000001,942288,14750,11
131072,1310,3,236,0.3552,0.3061,0.6613,942288,14750,11
131072,1310,3,237,0.3606,0.3372,0.6978,942288,14750,11
131072,1310,3,238,0.3716,0.3254,0.6970000000000001,942288,14750,11
131072,1310,3,239,0.3593,0.3165,0.6758,942288,14750,11
131072,1310,3,240,0.3615,0.339,0.7005,942288,14750,11
131072,1310,3,241,0.3614,0.3178,0.6792,942288,14750,11
131072,1310,3,242,0.3648,0.3196,0.6844,942288,14750,11
131072,1310,3,243,0.3617,0.3068,0.6685000000000001,942288,14750,11
131072,1310,3,244,0.3931,0.3393,0.7323999999999999,942288,14750,11
131072,1310,3,245,0.3708,0.3301,0.7009000000000001,942288,14750,11
131072,1310,3,246,0.3704,0.3177,0.6880999999999999,942288,14750,11
131072,1310,3,247,0.366,0.3171,0.6831,942288,14750,11
131072,1310,3,248,0.3626,0.3255,0.6880999999999999,942288,14750,11
131072,1310,3,249,0.3633,0.2958,0.6591,942288,14750,11
131072,1310,3,250,0.368,0.2833,0.6513,942288,14750,11
131072,1310,3,251,0.3628,0.2781,0.6409,942288,14750,11
131072,1310,3,252,0.3645,0.2801,0.6446000000000001,942288,14750,11
131072,1310,3,253,0.3605,0.2792,0.6396999999999999,942288,14750,11
131072,1310,3,254,0.3584,0.2764,0.6348,942288,14750,11
131072,1310,3,255,0.3529,0.279,0.6319,942288,14750,11
131072,131072,1,0,18.1324,37.7228,55.855199999999996,94180088,1471972,1024
131072,131072,1,1,17.6324,40.102,57.734399999999994,94180088,1471972,1024
131072,131072,1,2,17.5781,56.4416,74.0197,94180088,1471972,1024
131072,131072,1,3,20.1638,39.2041,59.36789999999999,94180088,1471972,1024
131072,131072,1,4,17.8401,38.1296,55.9697,94177568,1471972,1024
131072,131072,1,5,17.5884,37.5912,55.1796,94184288,1471972,1024
131072,131072,1,6,27.2499,37.6609,64.9108,94184288,1471972,1024
131072,131072,1,7,18.6398,36.7465,55.3863,94178408,1472996,1024
131072,131072,1,8,17.566,36.5791,54.1451,94180928,1472996,1024
131072,131072,1,9,17.5576,38.4467,56.0043,94179248,1472996,1024
131072,131072,1,10,30.2717,38.2125,68.4842,94182608,1472996,1024
131072,131072,1,11,17.8375,37.7777,55.6152,94182608,1472996,1024
131072,131072,1,12,19.1552,37.7674,56.9226,94184288,1472996,1024
131072,131072,1,13,18.2618,36.2233,54.4851,94180928,1472996,1024
131072,131072,1,14,17.991,52.2423,70.2333,94183448,1472996,1024
131072,131072,1,15,19.7322,40.1939,59.9261,94182608,1472996,1024
131072,131072,1,16,17.6012,37.6401,55.241299999999995,94180088,1472996,1024
131072,131072,1,17,17.3866,37.8342,55.220800000000004,94179248,1472996,1024
131072,131072,1,18,17.4684,47.6592,65.1276,94181768,1472996,1024
131072,131072,1,19,18.7066,37.5914,56.298,94183448,1472996,1024
131072,131072,1,20,17.8985,37.3167,55.215199999999996,94179248,1472996,1024
131072,131072,1,21,17.2108,39.757,56.9678,94178408,1472996,1024
131072,131072,1,22,17.7937,51.1636,68.9573,94180088,1472996,1024
131072,131072,1,23,18.8596,38.386,57.2456,94179248,1472996,1024
131072,131072,1,24,18.6667,39.1952,57.8619,94179248,1472996,1024
131072,131072,1,25,18.185,39.5972,57.7822,94178408,1472996,1024
131072,131072,1,26,19.3559,41.4064,60.762299999999996,94175888,1472996,1024
131072,131072,1,27,28.2079,45.1591,73.367,94185128,1472996,1024
131072,131072,1,28,20.4074,38.5006,58.908,94183448,1472996,1024
131072,131072,1,29,17.5969,36.7374,54.3343,94179248,1472996,1024
131072,131072,1,30,17.4029,37.3436,54.7465,94183448,1472996,1024
131072,131072,1,31,17.148,48.3562,65.5042,94180928,1472996,1024
131072,131072,2,0,32.185,38.3424,70.5274,94180088,1471972,1024
131072,131072,2,1,21.4948,39.4123,60.9071,94177568,1471972,1024
131072,131072,2,2,18.901,37.7172,56.6182,94176728,1471972,1024
131072,131072,2,3,17.817,50.2557,68.0727,94178408,1471972,1024
131072,131072,2,4,19.2213,38.823,58.0443,94182608,1471972,1024
131072,131072,2,5,17.6164,37.8843,55.5007,94180088,1471972,1024
131072,131072,2,6,17.4085,37.9194,55.3279,94179248,1471972,1024
131072,131072,2,7,18.6096,53.9489,72.55850000000001,94183448,1472996,1024
131072,131072,2,8,21.0489,39.5092,60.558099999999996,94180928,1472996,1024
131072,131072,2,9,17.8129,37.1536,54.966499999999996,94180928,1472996,1024
131072,131072,2,10,17.6223,36.9592,54.581500000000005,94180928,1472996,1024
131072,131072,2,11,17.5383,48.2876,65.82589999999999,94178408,1472996,1024
131072,131072,2,12,19.2779,36.0157,55.2936,94180088,1472996,1024
131072,131072,2,13,17.7916,36.5769,54.3685,94180088,1472996,1024
131072,131072,2,14,18.8657,37.2116,56.077299999999994,94179248,1472996,1024
131072,131072,2,15,18.3098,46.3433,64.6531,94184288,1472996,1024
131072,131072,2,16,19.213,37.203,56.416000000000004,94179248,1472996,1024
131072,131072,2,17,17.8213,36.7045,54.525800000000004,94180088,1472996,1024
131072,131072,2,18,17.6058,39.3374,56.943200000000004,94180088,1472996,1024
131072,131072,2,19,17.5025,38.547,56.049499999999995,94178408,1472996,1024
131072,131072,2,20,17.5816,53.9928,71.5744,94178408,1472996,1024
131072,131072,2,21,20.5914,36.983,57.5744,94177568,1472996,1024
131072,131072,2,22,18.0847,36.8824,54.9671,94182608,1472996,1024
131072,131072,2,23,17.5885,38.7061,56.2946,94180928,1472996,1024
131072,131072,2,24,17.9307,48.5973,66.52799999999999,94180928,1472996,1024
131072,131072,2,25,18.5941,36.6438,55.237899999999996,94180088,1472996,1024
131072,131072,2,26,17.7196,36.7904,54.51,94179248,1472996,1024
131072,131072,2,27,17.5635,36.8036,54.36710000000001,94183448,1472996,1024
131072,131072,2,28,17.823,48.4056,66.2286,94183448,1472996,1024
131072,131072,2,29,18.1069,35.6744,53.7813,94180928,1472996,1024
131072,131072,2,30,17.6997,35.5674,53.2671,94182608,1472996,1024
131072,131072,2,31,17.6125,36.726,54.338499999999996,94177568,1472996,1024
131072,131072,3,0,24.6634,38.1353,62.7987,94180928,1471972,1024
131072,131072,3,1,17.7919,36.8158,54.6077,94182608,1471972,1024
131072,131072,3,2,17.8036,36.7473,54.5509,94181768,1471972,1024
131072,131072,3,3,17.6879,50.2156,67.90350000000001,94180928,1471972,1024
131072,131072,3,4,18.555,37.1482,55.7032,94180088,1471972,1024
131072,131072,3,5,18.0979,36.9035,55.001400000000004,94181768,1471972,1024
131072,131072,3,6,18.5679,38.1563,56.7242,94180088,1472996,1024
131072,131072,3,7,19.7672,47.466,67.2332,94178408,1472996,1024
131072,131072,3,8,18.6989,36.9823,55.681200000000004,94179248,1472996,1024
131072,131072,3,9,18.4299,37.1671,55.596999999999994,94177568,1472996,1024
131072,131072,3,10,19.0997,38.4512,57.5509,94182608,1472996,1024
131072,131072,3,11,20.1535,55.903,76.0565,94189328,1472996,1024
131072,131072,3,12,19.0535,37.3837,56.4372,94182608,1472996,1024
131072,131072,3,13,17.9489,36.5186,54.4675,94186808,1472996,1024
131072,131072,3,14,17.7995,37.2189,55.0184,94179248,1472996,1024
131072,131072,3,15,17.8851,49.2906,67.1757,94178408,1472996,1024
131072,131072,3,16,18.7937,36.9275,55.7212,94182608,1472996,1024
131072,131072,3,17,18.2354,36.8467,55.0821,94183448,1472996,1024
131072,131072,3,18,18.4859,37.3944,55.8803,94183448,1472996,1024
131072,131072,3,19,22.0538,56.3018,78.3556,94178408,1472996,1024
131072,131072,3,20,18.7642,37.7507,56.5149,94184288,1472996,1024
131072,131072,3,21,19.1242,38.6097,57.73389999999999,94181768,1472996,1024
131072,131072,3,22,18.4603,38.3291,56.7894,94181768,1472996,1024
131072,131072,3,23,19.9226,56.6536,76.5762,94180088,1472996,1024
131072,131072,3,24,20.8569,38.7611,59.617999999999995,94180928,1472996,1024
131072,131072,3,25,17.8815,37.4223,55.303799999999995,94178408,1472996,1024
131072,131072,3,26,17.6901,37.679,55.3691,94186808,1472996,1024
131072,131072,3,27,17.8234,51.4858,69.3092,94179248,1472996,1024
131072,131072,3,28,19.2373,37.5927,56.83,94181768,1472996,1024
131072,131072,3,29,17.7792,37.9753,55.75449999999999,94180928,1472996,1024
131072,131072,3,30,18.1086,37.6468,55.755399999999995,94185968,1472996,1024
131072,131072,3,31,20.6312,49.7111,70.3423,94179248,1472996,1024
