count,encoding,scenario,run,sample,gpu_ms,cpu_submit_ms
10000,relative,dirty_capture_cancel,1,0,0.019456,0.02
10000,relative,dirty_capture_cancel,1,1,0.019456,0.0069
10000,relative,dirty_capture_cancel,1,2,0.018432,0.016
10000,relative,dirty_capture_cancel,1,3,0.021504,0.0094
10000,relative,dirty_capture_cancel,1,4,0.350208,0.0063
10000,relative,dirty_capture_cancel,1,5,0.02048,0.0042
10000,relative,dirty_capture_cancel,1,6,0.019456,0.0042
10000,relative,dirty_capture_cancel,1,7,0.019456,0.0045
10000,relative,dirty_capture_cancel,1,8,0.018432,0.004
10000,relative,dirty_capture_cancel,1,9,0.021504,0.0041
10000,relative,dirty_capture_cancel,1,10,0.101376,0.0525
10000,relative,dirty_capture_cancel,1,11,0.022528,0.0152
10000,relative,dirty_capture_cancel,1,12,0.0256,0.0165
10000,relative,dirty_capture_cancel,1,13,0.02048,0.0091
10000,relative,dirty_capture_cancel,1,14,0.019456,0.022
10000,relative,dirty_capture_cancel,1,15,0.019456,0.0047
10000,relative,dirty_capture_cancel,1,16,0.11264,0.0042
10000,relative,dirty_capture_cancel,1,17,0.02048,0.0042
10000,relative,dirty_capture_cancel,1,18,0.019456,0.0043
10000,relative,dirty_capture_cancel,1,19,0.019456,0.0161
10000,relative,dirty_capture_cancel,1,20,0.021504,0.0054
10000,relative,dirty_capture_cancel,1,21,0.023552,0.0055
10000,relative,dirty_capture_cancel,1,22,0.019456,0.0055
10000,relative,dirty_capture_cancel,1,23,0.080896,0.0042
10000,relative,dirty_capture_cancel,1,24,0.021504,0.0041
10000,relative,dirty_capture_cancel,1,25,0.019456,0.0042
10000,relative,dirty_capture_cancel,1,26,0.019456,0.0042
10000,relative,dirty_capture_cancel,1,27,0.019456,0.0042
10000,relative,dirty_capture_cancel,1,28,0.021504,0.0042
10000,relative,dirty_capture_cancel,1,29,0.13312,0.0115
10000,relative,dirty_capture_cancel,1,30,0.022528,0.013
10000,relative,dirty_capture_cancel,1,31,0.0256,0.0291
10000,relative,dirty_capture_cancel,1,32,0.02048,0.0059
10000,relative,dirty_capture_cancel,1,33,0.019456,0.0049
10000,relative,dirty_capture_cancel,1,34,0.019456,0.0043
10000,relative,dirty_capture_cancel,1,35,0.063488,0.007
10000,relative,dirty_capture_cancel,1,36,0.02048,0.0039
10000,relative,dirty_capture_cancel,1,37,0.019456,0.0037
10000,relative,dirty_capture_cancel,1,38,0.019456,0.004
10000,relative,dirty_capture_cancel,1,39,0.021504,0.0037
10000,relative,dirty_capture_cancel,1,40,0.024576,0.0049
10000,relative,dirty_capture_cancel,1,41,0.019456,0.0037
10000,relative,dirty_capture_cancel,1,42,0.037888,0.0037
10000,relative,dirty_capture_cancel,1,43,0.02048,0.0036
10000,relative,dirty_capture_cancel,1,44,0.019456,0.0036
10000,relative,dirty_capture_cancel,1,45,0.019456,0.0039
10000,relative,dirty_capture_cancel,1,46,0.019456,0.0037
10000,relative,dirty_capture_cancel,1,47,0.021504,0.0036
10000,relative,dirty_capture_cancel,1,48,0.165888,0.0038
10000,relative,dirty_capture_cancel,1,49,0.022528,0.0046
10000,relative,dirty_capture_cancel,1,50,0.0256,0.0119
10000,relative,dirty_capture_cancel,1,51,0.021504,0.0043
10000,relative,dirty_capture_cancel,1,52,0.02048,0.052
10000,relative,dirty_capture_cancel,1,53,0.02048,0.0092
10000,relative,dirty_capture_cancel,1,54,5.284864,0.0212
10000,relative,dirty_capture_cancel,1,55,0.02048,0.0124
10000,relative,dirty_capture_cancel,1,56,0.019456,0.004
10000,relative,dirty_capture_cancel,1,57,0.019456,0.0044
10000,relative,dirty_capture_cancel,1,58,0.021504,0.0054
10000,relative,dirty_capture_cancel,1,59,0.022528,0.0036
10000,relative,unchanged_capture,1,0,0.019456,0.0092
10000,relative,unchanged_capture,1,1,0.014336,0.003
10000,relative,unchanged_capture,1,2,0.017408,0.0023
10000,relative,unchanged_capture,1,3,0.017408,0.0201
10000,relative,unchanged_capture,1,4,0.018432,0.0035
10000,relative,unchanged_capture,1,5,0.02048,0.0126
10000,relative,unchanged_capture,1,6,0.018432,0.0029
10000,relative,unchanged_capture,1,7,0.018432,0.0023
10000,relative,unchanged_capture,1,8,0.014336,0.0021
10000,relative,unchanged_capture,1,9,0.079872,0.0017
10000,relative,unchanged_capture,1,10,0.018432,0.0017
10000,relative,unchanged_capture,1,11,0.017408,0.0017
10000,relative,unchanged_capture,1,12,0.018432,0.0017
10000,relative,unchanged_capture,1,13,0.018432,0.0018
10000,relative,unchanged_capture,1,14,0.018432,0.0017
10000,relative,unchanged_capture,1,15,0.018432,0.0019
10000,relative,unchanged_capture,1,16,0.018432,0.0017
10000,relative,unchanged_capture,1,17,0.018432,0.0026
10000,relative,unchanged_capture,1,18,0.014336,0.0017
10000,relative,unchanged_capture,1,19,0.116736,0.0181
10000,relative,unchanged_capture,1,20,0.017408,0.0021
10000,relative,unchanged_capture,1,21,0.017408,0.0072
10000,relative,unchanged_capture,1,22,0.017408,0.0078
10000,relative,unchanged_capture,1,23,0.016384,0.002
10000,relative,unchanged_capture,1,24,0.018432,0.0018
10000,relative,unchanged_capture,1,25,0.018432,0.0017
10000,relative,unchanged_capture,1,26,0.018432,0.0016
10000,relative,unchanged_capture,1,27,0.013312,0.0017
10000,relative,unchanged_capture,1,28,0.062464,0.0079
10000,relative,unchanged_capture,1,29,0.018432,0.0017
10000,relative,unchanged_capture,1,30,0.018432,0.0016
10000,relative,unchanged_capture,1,31,0.018432,0.0018
10000,relative,unchanged_capture,1,32,0.019456,0.0017
10000,relative,unchanged_capture,1,33,0.018432,0.0015
10000,relative,unchanged_capture,1,34,0.018432,0.0016
10000,relative,unchanged_capture,1,35,0.018432,0.0015
10000,relative,unchanged_capture,1,36,0.018432,0.0016
10000,relative,unchanged_capture,1,37,0.013312,0.0016
10000,relative,unchanged_capture,1,38,0.109568,0.0016
10000,relative,unchanged_capture,1,39,0.018432,0.0016
10000,relative,unchanged_capture,1,40,0.018432,0.0024
10000,relative,unchanged_capture,1,41,0.018432,0.0016
10000,relative,unchanged_capture,1,42,0.016384,0.0016
10000,relative,unchanged_capture,1,43,0.018432,0.0086
10000,relative,unchanged_capture,1,44,0.018432,0.002
10000,relative,unchanged_capture,1,45,0.018432,0.0018
10000,relative,unchanged_capture,1,46,0.013312,0.0018
10000,relative,unchanged_capture,1,47,0.099328,0.0016
10000,relative,unchanged_capture,1,48,0.018432,0.0023
10000,relative,unchanged_capture,1,49,0.017408,0.0016
10000,relative,unchanged_capture,1,50,0.018432,0.0015
10000,relative,unchanged_capture,1,51,0.018432,0.0016
10000,relative,unchanged_capture,1,52,0.017408,0.0018
10000,relative,unchanged_capture,1,53,0.017408,0.0016
10000,relative,unchanged_capture,1,54,0.017408,0.0016
10000,relative,unchanged_capture,1,55,0.018432,0.0016
10000,relative,unchanged_capture,1,56,0.013312,0.0015
10000,relative,unchanged_capture,1,57,0.750592,0.0099
10000,relative,unchanged_capture,1,58,0.019456,0.0028
10000,relative,unchanged_capture,1,59,0.013312,0.002
10000,predicted,dirty_capture_cancel,1,0,0.022528,0.0153
10000,predicted,dirty_capture_cancel,1,1,0.021504,0.0026
10000,predicted,dirty_capture_cancel,1,2,0.019456,0.002
10000,predicted,dirty_capture_cancel,1,3,0.019456,0.0018
10000,predicted,dirty_capture_cancel,1,4,0.018432,0.0049
10000,predicted,dirty_capture_cancel,1,5,0.021504,0.0018
10000,predicted,dirty_capture_cancel,1,6,0.044032,0.0017
10000,predicted,dirty_capture_cancel,1,7,0.023552,0.0027
10000,predicted,dirty_capture_cancel,1,8,0.027648,0.002
10000,predicted,dirty_capture_cancel,1,9,0.02048,0.0019
10000,predicted,dirty_capture_cancel,1,10,0.019456,0.0018
10000,predicted,dirty_capture_cancel,1,11,0.019456,0.0019
10000,predicted,dirty_capture_cancel,1,12,0.088064,0.0016
10000,predicted,dirty_capture_cancel,1,13,0.019456,0.0025
10000,predicted,dirty_capture_cancel,1,14,0.019456,0.0018
10000,predicted,dirty_capture_cancel,1,15,0.019456,0.0144
10000,predicted,dirty_capture_cancel,1,16,0.021504,0.0021
10000,predicted,dirty_capture_cancel,1,17,0.02048,0.0018
10000,predicted,dirty_capture_cancel,1,18,0.019456,0.0026
10000,predicted,dirty_capture_cancel,1,19,0.038912,0.0022
10000,predicted,dirty_capture_cancel,1,20,0.02048,0.0017
10000,predicted,dirty_capture_cancel,1,21,0.019456,0.0111
10000,predicted,dirty_capture_cancel,1,22,0.02048,0.0046
10000,predicted,dirty_capture_cancel,1,23,0.019456,0.0018
10000,predicted,dirty_capture_cancel,1,24,0.02048,0.0017
10000,predicted,dirty_capture_cancel,1,25,0.06656,0.0017
10000,predicted,dirty_capture_cancel,1,26,0.022528,0.0018
10000,predicted,dirty_capture_cancel,1,27,0.022528,0.0097
10000,predicted,dirty_capture_cancel,1,28,0.021504,0.0023
10000,predicted,dirty_capture_cancel,1,29,0.019456,0.002
10000,predicted,dirty_capture_cancel,1,30,0.019456,0.0026
10000,predicted,dirty_capture_cancel,1,31,0.140288,0.0025
10000,predicted,dirty_capture_cancel,1,32,0.019456,0.0017
10000,predicted,dirty_capture_cancel,1,33,0.019456,0.0017
10000,predicted,dirty_capture_cancel,1,34,0.018432,0.0019
10000,predicted,dirty_capture_cancel,1,35,0.021504,0.0017
10000,predicted,dirty_capture_cancel,1,36,0.021504,0.0219
10000,predicted,dirty_capture_cancel,1,37,0.019456,0.0029
10000,predicted,dirty_capture_cancel,1,38,0.132096,0.0155
10000,predicted,dirty_capture_cancel,1,39,0.019456,0.0029
10000,predicted,dirty_capture_cancel,1,40,0.019456,0.0071
10000,predicted,dirty_capture_cancel,1,41,0.019456,0.0017
10000,predicted,dirty_capture_cancel,1,42,0.02048,0.016
10000,predicted,dirty_capture_cancel,1,43,0.021504,0.0286
10000,predicted,dirty_capture_cancel,1,44,0.131072,0.0024
10000,predicted,dirty_capture_cancel,1,45,0.022528,0.0356
10000,predicted,dirty_capture_cancel,1,46,0.0256,0.0027
10000,predicted,dirty_capture_cancel,1,47,0.021504,0.0029
10000,predicted,dirty_capture_cancel,1,48,0.019456,0.002
10000,predicted,dirty_capture_cancel,1,49,0.02048,0.0091
10000,predicted,dirty_capture_cancel,1,50,0.06656,0.002
10000,predicted,dirty_capture_cancel,1,51,0.019456,0.0015
10000,predicted,dirty_capture_cancel,1,52,0.019456,0.0016
10000,predicted,dirty_capture_cancel,1,53,0.019456,0.0023
10000,predicted,dirty_capture_cancel,1,54,0.02048,0.017
10000,predicted,dirty_capture_cancel,1,55,0.0256,0.0018
10000,predicted,dirty_capture_cancel,1,56,0.019456,0.0019
10000,predicted,dirty_capture_cancel,1,57,0.709632,0.002
10000,predicted,dirty_capture_cancel,1,58,0.019456,0.0025
10000,predicted,dirty_capture_cancel,1,59,0.019456,0.0015
10000,predicted,unchanged_capture,1,0,0.018432,0.0037
10000,predicted,unchanged_capture,1,1,0.018432,9.0E-4
10000,predicted,unchanged_capture,1,2,0.018432,7.0E-4
10000,predicted,unchanged_capture,1,3,0.017408,9.0E-4
10000,predicted,unchanged_capture,1,4,0.013312,8.0E-4
10000,predicted,unchanged_capture,1,5,0.0768,8.0E-4
10000,predicted,unchanged_capture,1,6,0.018432,8.0E-4
10000,predicted,unchanged_capture,1,7,0.018432,0.0023
10000,predicted,unchanged_capture,1,8,0.018432,8.0E-4
10000,predicted,unchanged_capture,1,9,0.017408,7.0E-4
10000,predicted,unchanged_capture,1,10,0.017408,7.0E-4
10000,predicted,unchanged_capture,1,11,0.018432,9.0E-4
10000,predicted,unchanged_capture,1,12,0.018432,9.0E-4
10000,predicted,unchanged_capture,1,13,0.017408,7.0E-4
10000,predicted,unchanged_capture,1,14,0.021504,0.001
10000,predicted,unchanged_capture,1,15,0.018432,8.0E-4
10000,predicted,unchanged_capture,1,16,0.018432,7.0E-4
10000,predicted,unchanged_capture,1,17,0.017408,7.0E-4
10000,predicted,unchanged_capture,1,18,0.017408,7.0E-4
10000,predicted,unchanged_capture,1,19,0.017408,0.0017
10000,predicted,unchanged_capture,1,20,0.017408,8.0E-4
10000,predicted,unchanged_capture,1,21,0.02048,8.0E-4
10000,predicted,unchanged_capture,1,22,0.018432,8.0E-4
10000,predicted,unchanged_capture,1,23,0.013312,9.0E-4
10000,predicted,unchanged_capture,1,24,0.018432,7.0E-4
10000,predicted,unchanged_capture,1,25,0.017408,8.0E-4
10000,predicted,unchanged_capture,1,26,0.018432,7.0E-4
10000,predicted,unchanged_capture,1,27,0.018432,7.0E-4
10000,predicted,unchanged_capture,1,28,0.017408,8.0E-4
10000,predicted,unchanged_capture,1,29,0.018432,9.0E-4
10000,predicted,unchanged_capture,1,30,0.018432,0.0015
10000,predicted,unchanged_capture,1,31,0.018432,9.0E-4
10000,predicted,unchanged_capture,1,32,0.017408,9.0E-4
10000,predicted,unchanged_capture,1,33,0.028672,0.0012
10000,predicted,unchanged_capture,1,34,0.017408,7.0E-4
10000,predicted,unchanged_capture,1,35,0.017408,8.0E-4
10000,predicted,unchanged_capture,1,36,0.017408,8.0E-4
10000,predicted,unchanged_capture,1,37,0.017408,9.0E-4
10000,predicted,unchanged_capture,1,38,0.017408,7.0E-4
10000,predicted,unchanged_capture,1,39,0.017408,7.0E-4
10000,predicted,unchanged_capture,1,40,0.017408,7.0E-4
10000,predicted,unchanged_capture,1,41,0.017408,8.0E-4
10000,predicted,unchanged_capture,1,42,0.013312,0.0015
10000,predicted,unchanged_capture,1,43,0.038912,7.0E-4
10000,predicted,unchanged_capture,1,44,0.017408,0.0037
10000,predicted,unchanged_capture,1,45,0.017408,0.001
10000,predicted,unchanged_capture,1,46,0.018432,9.0E-4
10000,predicted,unchanged_capture,1,47,0.017408,8.0E-4
10000,predicted,unchanged_capture,1,48,0.017408,8.0E-4
10000,predicted,unchanged_capture,1,49,0.017408,7.0E-4
10000,predicted,unchanged_capture,1,50,0.017408,7.0E-4
10000,predicted,unchanged_capture,1,51,0.013312,7.0E-4
10000,predicted,unchanged_capture,1,52,0.605184,7.0E-4
10000,predicted,unchanged_capture,1,53,0.017408,7.0E-4
10000,predicted,unchanged_capture,1,54,0.017408,8.0E-4
10000,predicted,unchanged_capture,1,55,0.017408,7.0E-4
10000,predicted,unchanged_capture,1,56,0.017408,7.0E-4
10000,predicted,unchanged_capture,1,57,0.018432,9.0E-4
10000,predicted,unchanged_capture,1,58,0.017408,7.0E-4
10000,predicted,unchanged_capture,1,59,0.013312,6.0E-4
10000,predicted,dirty_capture_cancel,2,0,0.019456,0.0074
10000,predicted,dirty_capture_cancel,2,1,0.019456,0.0014
10000,predicted,dirty_capture_cancel,2,2,0.019456,0.0013
10000,predicted,dirty_capture_cancel,2,3,0.019456,0.0012
10000,predicted,dirty_capture_cancel,2,4,0.021504,0.0012
10000,predicted,dirty_capture_cancel,2,5,0.031744,0.0011
10000,predicted,dirty_capture_cancel,2,6,0.021504,0.0011
10000,predicted,dirty_capture_cancel,2,7,0.02048,0.0013
10000,predicted,dirty_capture_cancel,2,8,0.019456,0.0014
10000,predicted,dirty_capture_cancel,2,9,0.019456,0.0021
10000,predicted,dirty_capture_cancel,2,10,0.021504,0.0011
10000,predicted,dirty_capture_cancel,2,11,0.029696,0.0011
10000,predicted,dirty_capture_cancel,2,12,0.021504,0.0014
10000,predicted,dirty_capture_cancel,2,13,0.021504,0.0011
10000,predicted,dirty_capture_cancel,2,14,0.019456,0.0028
10000,predicted,dirty_capture_cancel,2,15,0.02048,0.0012
10000,predicted,dirty_capture_cancel,2,16,0.02048,0.0011
10000,predicted,dirty_capture_cancel,2,17,0.027648,0.0012
10000,predicted,dirty_capture_cancel,2,18,0.019456,0.0028
10000,predicted,dirty_capture_cancel,2,19,0.019456,0.0013
10000,predicted,dirty_capture_cancel,2,20,0.02048,0.0016
10000,predicted,dirty_capture_cancel,2,21,0.021504,0.0011
10000,predicted,dirty_capture_cancel,2,22,0.02048,0.001
10000,predicted,dirty_capture_cancel,2,23,0.019456,0.0012
10000,predicted,dirty_capture_cancel,2,24,0.031744,0.0011
10000,predicted,dirty_capture_cancel,2,25,0.02048,0.0012
10000,predicted,dirty_capture_cancel,2,26,0.019456,0.0011
10000,predicted,dirty_capture_cancel,2,27,0.019456,0.002
10000,predicted,dirty_capture_cancel,2,28,0.019456,0.0011
10000,predicted,dirty_capture_cancel,2,29,0.022528,0.0011
10000,predicted,dirty_capture_cancel,2,30,0.03072,0.0011
10000,predicted,dirty_capture_cancel,2,31,0.021504,0.0017
10000,predicted,dirty_capture_cancel,2,32,0.021504,0.0012
10000,predicted,dirty_capture_cancel,2,33,0.021504,0.0011
10000,predicted,dirty_capture_cancel,2,34,0.021504,0.0013
10000,predicted,dirty_capture_cancel,2,35,0.019456,0.0012
10000,predicted,dirty_capture_cancel,2,36,0.029696,0.0019
10000,predicted,dirty_capture_cancel,2,37,0.019456,0.001
10000,predicted,dirty_capture_cancel,2,38,0.019456,0.0011
10000,predicted,dirty_capture_cancel,2,39,0.019456,0.001
10000,predicted,dirty_capture_cancel,2,40,0.021504,0.0013
10000,predicted,dirty_capture_cancel,2,41,0.023552,0.0012
10000,predicted,dirty_capture_cancel,2,42,0.019456,0.0011
10000,predicted,dirty_capture_cancel,2,43,0.033792,0.0012
10000,predicted,dirty_capture_cancel,2,44,0.019456,0.0011
10000,predicted,dirty_capture_cancel,2,45,0.021504,0.0021
10000,predicted,dirty_capture_cancel,2,46,0.02048,0.0011
10000,predicted,dirty_capture_cancel,2,47,0.018432,0.0018
10000,predicted,dirty_capture_cancel,2,48,0.021504,0.0012
10000,predicted,dirty_capture_cancel,2,49,0.03072,0.0014
10000,predicted,dirty_capture_cancel,2,50,0.021504,0.0011
10000,predicted,dirty_capture_cancel,2,51,0.026624,0.0012
10000,predicted,dirty_capture_cancel,2,52,0.021504,0.001
10000,predicted,dirty_capture_cancel,2,53,0.019456,0.0011
10000,predicted,dirty_capture_cancel,2,54,0.019456,0.002
10000,predicted,dirty_capture_cancel,2,55,0.411648,0.0011
10000,predicted,dirty_capture_cancel,2,56,0.019456,0.0012
10000,predicted,dirty_capture_cancel,2,57,0.019456,0.0012
10000,predicted,dirty_capture_cancel,2,58,0.019456,0.0012
10000,predicted,dirty_capture_cancel,2,59,0.021504,0.0011
10000,predicted,unchanged_capture,2,0,0.018432,0.005
10000,predicted,unchanged_capture,2,1,0.014336,0.0028
10000,predicted,unchanged_capture,2,2,0.017408,9.0E-4
10000,predicted,unchanged_capture,2,3,0.017408,0.0029
10000,predicted,unchanged_capture,2,4,0.018432,9.0E-4
10000,predicted,unchanged_capture,2,5,0.014336,7.0E-4
10000,predicted,unchanged_capture,2,6,0.017408,0.0015
10000,predicted,unchanged_capture,2,7,0.016384,9.0E-4
10000,predicted,unchanged_capture,2,8,0.017408,0.0011
10000,predicted,unchanged_capture,2,9,0.022528,7.0E-4
10000,predicted,unchanged_capture,2,10,0.019456,7.0E-4
10000,predicted,unchanged_capture,2,11,0.018432,7.0E-4
10000,predicted,unchanged_capture,2,12,0.019456,0.0017
10000,predicted,unchanged_capture,2,13,0.018432,7.0E-4
10000,predicted,unchanged_capture,2,14,0.018432,8.0E-4
10000,predicted,unchanged_capture,2,15,0.018432,7.0E-4
10000,predicted,unchanged_capture,2,16,0.018432,7.0E-4
10000,predicted,unchanged_capture,2,17,0.018432,9.0E-4
10000,predicted,unchanged_capture,2,18,0.013312,7.0E-4
10000,predicted,unchanged_capture,2,19,0.023552,8.0E-4
10000,predicted,unchanged_capture,2,20,0.018432,7.0E-4
10000,predicted,unchanged_capture,2,21,0.018432,8.0E-4
10000,predicted,unchanged_capture,2,22,0.017408,8.0E-4
10000,predicted,unchanged_capture,2,23,0.016384,0.0017
10000,predicted,unchanged_capture,2,24,0.018432,0.0028
10000,predicted,unchanged_capture,2,25,0.018432,9.0E-4
10000,predicted,unchanged_capture,2,26,0.018432,7.0E-4
10000,predicted,unchanged_capture,2,27,0.018432,7.0E-4
10000,predicted,unchanged_capture,2,28,0.022528,7.0E-4
10000,predicted,unchanged_capture,2,29,0.018432,6.0E-4
10000,predicted,unchanged_capture,2,30,0.018432,7.0E-4
10000,predicted,unchanged_capture,2,31,0.018432,7.0E-4
10000,predicted,unchanged_capture,2,32,0.018432,7.0E-4
10000,predicted,unchanged_capture,2,33,0.018432,7.0E-4
10000,predicted,unchanged_capture,2,34,0.018432,8.0E-4
10000,predicted,unchanged_capture,2,35,0.018432,7.0E-4
10000,predicted,unchanged_capture,2,36,0.018432,9.0E-4
10000,predicted,unchanged_capture,2,37,0.013312,8.0E-4
10000,predicted,unchanged_capture,2,38,0.019456,7.0E-4
10000,predicted,unchanged_capture,2,39,0.018432,7.0E-4
10000,predicted,unchanged_capture,2,40,0.017408,7.0E-4
10000,predicted,unchanged_capture,2,41,0.017408,8.0E-4
10000,predicted,unchanged_capture,2,42,0.016384,8.0E-4
10000,predicted,unchanged_capture,2,43,0.019456,8.0E-4
10000,predicted,unchanged_capture,2,44,0.018432,8.0E-4
10000,predicted,unchanged_capture,2,45,0.018432,7.0E-4
10000,predicted,unchanged_capture,2,46,0.017408,8.0E-4
10000,predicted,unchanged_capture,2,47,0.022528,0.0016
10000,predicted,unchanged_capture,2,48,0.018432,8.0E-4
10000,predicted,unchanged_capture,2,49,0.017408,7.0E-4
10000,predicted,unchanged_capture,2,50,0.018432,7.0E-4
10000,predicted,unchanged_capture,2,51,0.018432,7.0E-4
10000,predicted,unchanged_capture,2,52,0.018432,7.0E-4
10000,predicted,unchanged_capture,2,53,0.017408,8.0E-4
10000,predicted,unchanged_capture,2,54,0.018432,7.0E-4
10000,predicted,unchanged_capture,2,55,0.017408,8.0E-4
10000,predicted,unchanged_capture,2,56,0.013312,7.0E-4
10000,predicted,unchanged_capture,2,57,0.161792,8.0E-4
10000,predicted,unchanged_capture,2,58,0.018432,7.0E-4
10000,predicted,unchanged_capture,2,59,0.013312,0.0016
10000,relative,dirty_capture_cancel,2,0,0.022528,0.0116
10000,relative,dirty_capture_cancel,2,1,0.02048,0.0234
10000,relative,dirty_capture_cancel,2,2,0.019456,8.0E-4
10000,relative,dirty_capture_cancel,2,3,0.02048,7.0E-4
10000,relative,dirty_capture_cancel,2,4,0.019456,0.0028
10000,relative,dirty_capture_cancel,2,5,0.019456,0.0011
10000,relative,dirty_capture_cancel,2,6,0.031744,7.0E-4
10000,relative,dirty_capture_cancel,2,7,0.021504,9.0E-4
10000,relative,dirty_capture_cancel,2,8,0.026624,0.0014
10000,relative,dirty_capture_cancel,2,9,0.019456,8.0E-4
10000,relative,dirty_capture_cancel,2,10,0.019456,6.0E-4
10000,relative,dirty_capture_cancel,2,11,0.019456,7.0E-4
10000,relative,dirty_capture_cancel,2,12,0.029696,6.0E-4
10000,relative,dirty_capture_cancel,2,13,0.019456,0.0016
10000,relative,dirty_capture_cancel,2,14,0.019456,7.0E-4
10000,relative,dirty_capture_cancel,2,15,0.019456,6.0E-4
10000,relative,dirty_capture_cancel,2,16,0.022528,7.0E-4
10000,relative,dirty_capture_cancel,2,17,0.022528,7.0E-4
10000,relative,dirty_capture_cancel,2,18,0.02048,6.0E-4
10000,relative,dirty_capture_cancel,2,19,0.026624,7.0E-4
10000,relative,dirty_capture_cancel,2,20,0.019456,0.0082
10000,relative,dirty_capture_cancel,2,21,0.019456,9.0E-4
10000,relative,dirty_capture_cancel,2,22,0.019456,0.0014
10000,relative,dirty_capture_cancel,2,23,0.019456,9.0E-4
10000,relative,dirty_capture_cancel,2,24,0.02048,7.0E-4
10000,relative,dirty_capture_cancel,2,25,0.029696,7.0E-4
10000,relative,dirty_capture_cancel,2,26,0.024576,7.0E-4
10000,relative,dirty_capture_cancel,2,27,0.0256,6.0E-4
10000,relative,dirty_capture_cancel,2,28,0.019456,6.0E-4
10000,relative,dirty_capture_cancel,2,29,0.019456,6.0E-4
10000,relative,dirty_capture_cancel,2,30,0.019456,6.0E-4
10000,relative,dirty_capture_cancel,2,31,0.028672,0.0014
10000,relative,dirty_capture_cancel,2,32,0.019456,7.0E-4
10000,relative,dirty_capture_cancel,2,33,0.019456,0.0079
10000,relative,dirty_capture_cancel,2,34,0.019456,7.0E-4
10000,relative,dirty_capture_cancel,2,35,0.021504,7.0E-4
10000,relative,dirty_capture_cancel,2,36,0.023552,7.0E-4
10000,relative,dirty_capture_cancel,2,37,0.019456,6.0E-4
10000,relative,dirty_capture_cancel,2,38,0.031744,7.0E-4
10000,relative,dirty_capture_cancel,2,39,0.02048,6.0E-4
10000,relative,dirty_capture_cancel,2,40,0.019456,0.0015
10000,relative,dirty_capture_cancel,2,41,0.018432,6.0E-4
10000,relative,dirty_capture_cancel,2,42,0.019456,8.0E-4
10000,relative,dirty_capture_cancel,2,43,0.02048,7.0E-4
10000,relative,dirty_capture_cancel,2,44,0.03072,6.0E-4
10000,relative,dirty_capture_cancel,2,45,0.023552,7.0E-4
10000,relative,dirty_capture_cancel,2,46,0.026624,7.0E-4
10000,relative,dirty_capture_cancel,2,47,0.021504,6.0E-4
10000,relative,dirty_capture_cancel,2,48,0.019456,7.0E-4
10000,relative,dirty_capture_cancel,2,49,0.019456,0.0015
10000,relative,dirty_capture_cancel,2,50,0.028672,7.0E-4
10000,relative,dirty_capture_cancel,2,51,0.023552,6.0E-4
10000,relative,dirty_capture_cancel,2,52,0.019456,6.0E-4
10000,relative,dirty_capture_cancel,2,53,0.019456,7.0E-4
10000,relative,dirty_capture_cancel,2,54,0.02048,6.0E-4
10000,relative,dirty_capture_cancel,2,55,0.021504,7.0E-4
10000,relative,dirty_capture_cancel,2,56,0.019456,7.0E-4
10000,relative,dirty_capture_cancel,2,57,0.070656,7.0E-4
10000,relative,dirty_capture_cancel,2,58,0.021504,0.0033
10000,relative,dirty_capture_cancel,2,59,0.019456,7.0E-4
10000,relative,unchanged_capture,2,0,0.017408,0.0032
10000,relative,unchanged_capture,2,1,0.017408,6.0E-4
10000,relative,unchanged_capture,2,2,0.018432,6.0E-4
10000,relative,unchanged_capture,2,3,0.018432,5.0E-4
10000,relative,unchanged_capture,2,4,0.013312,5.0E-4
10000,relative,unchanged_capture,2,5,0.018432,0.0025
10000,relative,unchanged_capture,2,6,0.017408,6.0E-4
10000,relative,unchanged_capture,2,7,0.017408,6.0E-4
10000,relative,unchanged_capture,2,8,0.018432,5.0E-4
10000,relative,unchanged_capture,2,9,0.017408,6.0E-4
10000,relative,unchanged_capture,2,10,0.018432,5.0E-4
10000,relative,unchanged_capture,2,11,0.017408,5.0E-4
10000,relative,unchanged_capture,2,12,0.018432,5.0E-4
10000,relative,unchanged_capture,2,13,0.017408,5.0E-4
10000,relative,unchanged_capture,2,14,0.021504,5.0E-4
10000,relative,unchanged_capture,2,15,0.013312,5.0E-4
10000,relative,unchanged_capture,2,16,0.017408,5.0E-4
10000,relative,unchanged_capture,2,17,0.018432,0.0015
10000,relative,unchanged_capture,2,18,0.018432,5.0E-4
10000,relative,unchanged_capture,2,19,0.018432,6.0E-4
10000,relative,unchanged_capture,2,20,0.018432,5.0E-4
10000,relative,unchanged_capture,2,21,0.017408,5.0E-4
10000,relative,unchanged_capture,2,22,0.017408,5.0E-4
10000,relative,unchanged_capture,2,23,0.013312,5.0E-4
10000,relative,unchanged_capture,2,24,0.022528,5.0E-4
10000,relative,unchanged_capture,2,25,0.018432,5.0E-4
10000,relative,unchanged_capture,2,26,0.018432,5.0E-4
10000,relative,unchanged_capture,2,27,0.018432,5.0E-4
10000,relative,unchanged_capture,2,28,0.018432,5.0E-4
10000,relative,unchanged_capture,2,29,0.018432,0.0013
10000,relative,unchanged_capture,2,30,0.018432,5.0E-4
10000,relative,unchanged_capture,2,31,0.018432,5.0E-4
10000,relative,unchanged_capture,2,32,0.017408,0.0022
10000,relative,unchanged_capture,2,33,0.022528,0.0037
10000,relative,unchanged_capture,2,34,0.014336,6.0E-4
10000,relative,unchanged_capture,2,35,0.018432,5.0E-4
10000,relative,unchanged_capture,2,36,0.018432,5.0E-4
10000,relative,unchanged_capture,2,37,0.018432,5.0E-4
10000,relative,unchanged_capture,2,38,0.018432,5.0E-4
10000,relative,unchanged_capture,2,39,0.018432,5.0E-4
10000,relative,unchanged_capture,2,40,0.018432,0.0025
10000,relative,unchanged_capture,2,41,0.017408,6.0E-4
10000,relative,unchanged_capture,2,42,0.014336,5.0E-4
10000,relative,unchanged_capture,2,43,0.028672,5.0E-4
10000,relative,unchanged_capture,2,44,0.018432,5.0E-4
10000,relative,unchanged_capture,2,45,0.017408,5.0E-4
10000,relative,unchanged_capture,2,46,0.017408,5.0E-4
10000,relative,unchanged_capture,2,47,0.016384,5.0E-4
10000,relative,unchanged_capture,2,48,0.017408,5.0E-4
10000,relative,unchanged_capture,2,49,0.017408,5.0E-4
10000,relative,unchanged_capture,2,50,0.017408,5.0E-4
10000,relative,unchanged_capture,2,51,0.017408,4.0E-4
10000,relative,unchanged_capture,2,52,0.022528,0.0015
10000,relative,unchanged_capture,2,53,0.013312,7.0E-4
10000,relative,unchanged_capture,2,54,0.017408,6.0E-4
10000,relative,unchanged_capture,2,55,0.019456,5.0E-4
10000,relative,unchanged_capture,2,56,0.018432,5.0E-4
10000,relative,unchanged_capture,2,57,0.017408,5.0E-4
10000,relative,unchanged_capture,2,58,0.017408,5.0E-4
10000,relative,unchanged_capture,2,59,0.013312,4.0E-4
10000,relative,dirty_capture_cancel,3,0,0.019456,0.0041
10000,relative,dirty_capture_cancel,3,1,0.019456,7.0E-4
10000,relative,dirty_capture_cancel,3,2,0.02048,7.0E-4
10000,relative,dirty_capture_cancel,3,3,0.019456,7.0E-4
10000,relative,dirty_capture_cancel,3,4,0.022528,7.0E-4
10000,relative,dirty_capture_cancel,3,5,0.026624,7.0E-4
10000,relative,dirty_capture_cancel,3,6,0.02048,6.0E-4
10000,relative,dirty_capture_cancel,3,7,0.019456,6.0E-4
10000,relative,dirty_capture_cancel,3,8,0.021504,0.0023
10000,relative,dirty_capture_cancel,3,9,0.02048,7.0E-4
10000,relative,dirty_capture_cancel,3,10,0.021504,6.0E-4
10000,relative,dirty_capture_cancel,3,11,0.029696,6.0E-4
10000,relative,dirty_capture_cancel,3,12,0.021504,0.0024
10000,relative,dirty_capture_cancel,3,13,0.026624,7.0E-4
10000,relative,dirty_capture_cancel,3,14,0.02048,6.0E-4
10000,relative,dirty_capture_cancel,3,15,0.019456,6.0E-4
10000,relative,dirty_capture_cancel,3,16,0.019456,7.0E-4
10000,relative,dirty_capture_cancel,3,17,0.029696,0.0017
10000,relative,dirty_capture_cancel,3,18,0.019456,0.0026
10000,relative,dirty_capture_cancel,3,19,0.019456,7.0E-4
10000,relative,dirty_capture_cancel,3,20,0.02048,8.0E-4
10000,relative,dirty_capture_cancel,3,21,0.022528,7.0E-4
10000,relative,dirty_capture_cancel,3,22,0.023552,6.0E-4
10000,relative,dirty_capture_cancel,3,23,0.018432,6.0E-4
10000,relative,dirty_capture_cancel,3,24,0.032768,6.0E-4
10000,relative,dirty_capture_cancel,3,25,0.02048,6.0E-4
10000,relative,dirty_capture_cancel,3,26,0.019456,0.0026
10000,relative,dirty_capture_cancel,3,27,0.019456,6.0E-4
10000,relative,dirty_capture_cancel,3,28,0.019456,8.0E-4
10000,relative,dirty_capture_cancel,3,29,0.021504,7.0E-4
10000,relative,dirty_capture_cancel,3,30,0.03072,6.0E-4
10000,relative,dirty_capture_cancel,3,31,0.023552,6.0E-4
10000,relative,dirty_capture_cancel,3,32,0.027648,6.0E-4
10000,relative,dirty_capture_cancel,3,33,0.021504,7.0E-4
10000,relative,dirty_capture_cancel,3,34,0.019456,6.0E-4
10000,relative,dirty_capture_cancel,3,35,0.021504,0.0016
10000,relative,dirty_capture_cancel,3,36,0.029696,8.0E-4
10000,relative,dirty_capture_cancel,3,37,0.02048,7.0E-4
10000,relative,dirty_capture_cancel,3,38,0.02048,6.0E-4
10000,relative,dirty_capture_cancel,3,39,0.019456,6.0E-4
10000,relative,dirty_capture_cancel,3,40,0.021504,6.0E-4
10000,relative,dirty_capture_cancel,3,41,0.021504,6.0E-4
10000,relative,dirty_capture_cancel,3,42,0.019456,7.0E-4
10000,relative,dirty_capture_cancel,3,43,0.033792,6.0E-4
10000,relative,dirty_capture_cancel,3,44,0.018432,0.0036
10000,relative,dirty_capture_cancel,3,45,0.019456,6.0E-4
10000,relative,dirty_capture_cancel,3,46,0.018432,0.0012
10000,relative,dirty_capture_cancel,3,47,0.019456,9.0E-4
10000,relative,dirty_capture_cancel,3,48,0.021504,6.0E-4
10000,relative,dirty_capture_cancel,3,49,0.03072,7.0E-4
10000,relative,dirty_capture_cancel,3,50,0.021504,7.0E-4
10000,relative,dirty_capture_cancel,3,51,0.0256,7.0E-4
10000,relative,dirty_capture_cancel,3,52,0.02048,6.0E-4
10000,relative,dirty_capture_cancel,3,53,0.019456,0.0014
10000,relative,dirty_capture_cancel,3,54,0.019456,7.0E-4
10000,relative,dirty_capture_cancel,3,55,0.029696,6.0E-4
10000,relative,dirty_capture_cancel,3,56,0.021504,6.0E-4
10000,relative,dirty_capture_cancel,3,57,0.019456,7.0E-4
10000,relative,dirty_capture_cancel,3,58,0.019456,6.0E-4
10000,relative,dirty_capture_cancel,3,59,0.021504,7.0E-4
10000,relative,unchanged_capture,3,0,0.018432,0.0032
10000,relative,unchanged_capture,3,1,0.017408,6.0E-4
10000,relative,unchanged_capture,3,2,0.017408,5.0E-4
10000,relative,unchanged_capture,3,3,0.017408,5.0E-4
10000,relative,unchanged_capture,3,4,0.017408,4.0E-4
10000,relative,unchanged_capture,3,5,0.018432,0.0024
10000,relative,unchanged_capture,3,6,0.017408,5.0E-4
10000,relative,unchanged_capture,3,7,0.018432,5.0E-4
10000,relative,unchanged_capture,3,8,0.017408,4.0E-4
10000,relative,unchanged_capture,3,9,0.022528,4.0E-4
10000,relative,unchanged_capture,3,10,0.014336,5.0E-4
10000,relative,unchanged_capture,3,11,0.017408,4.0E-4
10000,relative,unchanged_capture,3,12,0.017408,5.0E-4
10000,relative,unchanged_capture,3,13,0.017408,5.0E-4
10000,relative,unchanged_capture,3,14,0.017408,5.0E-4
10000,relative,unchanged_capture,3,15,0.017408,5.0E-4
10000,relative,unchanged_capture,3,16,0.017408,4.0E-4
10000,relative,unchanged_capture,3,17,0.018432,7.0E-4
10000,relative,unchanged_capture,3,18,0.013312,4.0E-4
10000,relative,unchanged_capture,3,19,0.019456,5.0E-4
10000,relative,unchanged_capture,3,20,0.017408,4.0E-4
10000,relative,unchanged_capture,3,21,0.017408,5.0E-4
10000,relative,unchanged_capture,3,22,0.018432,5.0E-4
10000,relative,unchanged_capture,3,23,0.017408,5.0E-4
10000,relative,unchanged_capture,3,24,0.018432,5.0E-4
10000,relative,unchanged_capture,3,25,0.017408,5.0E-4
10000,relative,unchanged_capture,3,26,0.018432,5.0E-4
10000,relative,unchanged_capture,3,27,0.013312,5.0E-4
10000,relative,unchanged_capture,3,28,0.022528,0.0013
10000,relative,unchanged_capture,3,29,0.013312,6.0E-4
10000,relative,unchanged_capture,3,30,0.018432,5.0E-4
10000,relative,unchanged_capture,3,31,0.018432,5.0E-4
10000,relative,unchanged_capture,3,32,0.017408,5.0E-4
10000,relative,unchanged_capture,3,33,0.017408,5.0E-4
10000,relative,unchanged_capture,3,34,0.017408,4.0E-4
10000,relative,unchanged_capture,3,35,0.017408,5.0E-4
10000,relative,unchanged_capture,3,36,0.017408,5.0E-4
10000,relative,unchanged_capture,3,37,0.013312,6.0E-4
10000,relative,unchanged_capture,3,38,0.022528,6.0E-4
10000,relative,unchanged_capture,3,39,0.017408,4.0E-4
10000,relative,unchanged_capture,3,40,0.018432,0.0013
10000,relative,unchanged_capture,3,41,0.017408,5.0E-4
10000,relative,unchanged_capture,3,42,0.017408,4.0E-4
10000,relative,unchanged_capture,3,43,0.018432,5.0E-4
10000,relative,unchanged_capture,3,44,0.018432,5.0E-4
10000,relative,unchanged_capture,3,45,0.018432,4.0E-4
10000,relative,unchanged_capture,3,46,0.017408,4.0E-4
10000,relative,unchanged_capture,3,47,0.022528,4.0E-4
10000,relative,unchanged_capture,3,48,0.019456,5.0E-4
10000,relative,unchanged_capture,3,49,0.018432,4.0E-4
10000,relative,unchanged_capture,3,50,0.018432,5.0E-4
10000,relative,unchanged_capture,3,51,0.017408,0.0034
10000,relative,unchanged_capture,3,52,0.017408,0.001
10000,relative,unchanged_capture,3,53,0.018432,6.0E-4
10000,relative,unchanged_capture,3,54,0.018432,0.0012
10000,relative,unchanged_capture,3,55,0.018432,7.0E-4
10000,relative,unchanged_capture,3,56,0.013312,0.001
10000,relative,unchanged_capture,3,57,0.031744,5.0E-4
10000,relative,unchanged_capture,3,58,0.018432,5.0E-4
10000,relative,unchanged_capture,3,59,0.014336,5.0E-4
10000,predicted,dirty_capture_cancel,3,0,0.022528,0.0055
10000,predicted,dirty_capture_cancel,3,1,0.02048,8.0E-4
10000,predicted,dirty_capture_cancel,3,2,0.02048,7.0E-4
10000,predicted,dirty_capture_cancel,3,3,0.019456,6.0E-4
10000,predicted,dirty_capture_cancel,3,4,0.019456,6.0E-4
10000,predicted,dirty_capture_cancel,3,5,0.018432,6.0E-4
10000,predicted,dirty_capture_cancel,3,6,0.03072,6.0E-4
10000,predicted,dirty_capture_cancel,3,7,0.022528,6.0E-4
10000,predicted,dirty_capture_cancel,3,8,0.021504,6.0E-4
10000,predicted,dirty_capture_cancel,3,9,0.019456,0.0018
10000,predicted,dirty_capture_cancel,3,10,0.019456,7.0E-4
10000,predicted,dirty_capture_cancel,3,11,0.019456,6.0E-4
10000,predicted,dirty_capture_cancel,3,12,0.029696,6.0E-4
10000,predicted,dirty_capture_cancel,3,13,0.021504,6.0E-4
10000,predicted,dirty_capture_cancel,3,14,0.019456,7.0E-4
10000,predicted,dirty_capture_cancel,3,15,0.019456,6.0E-4
10000,predicted,dirty_capture_cancel,3,16,0.021504,6.0E-4
10000,predicted,dirty_capture_cancel,3,17,0.02048,6.0E-4
10000,predicted,dirty_capture_cancel,3,18,0.019456,0.0015
10000,predicted,dirty_capture_cancel,3,19,0.032768,7.0E-4
10000,predicted,dirty_capture_cancel,3,20,0.02048,6.0E-4
10000,predicted,dirty_capture_cancel,3,21,0.02048,7.0E-4
10000,predicted,dirty_capture_cancel,3,22,0.02048,6.0E-4
10000,predicted,dirty_capture_cancel,3,23,0.021504,6.0E-4
10000,predicted,dirty_capture_cancel,3,24,0.022528,7.0E-4
10000,predicted,dirty_capture_cancel,3,25,0.03072,6.0E-4
10000,predicted,dirty_capture_cancel,3,26,0.021504,6.0E-4
10000,predicted,dirty_capture_cancel,3,27,0.026624,0.0016
10000,predicted,dirty_capture_cancel,3,28,0.021504,6.0E-4
10000,predicted,dirty_capture_cancel,3,29,0.02048,6.0E-4
10000,predicted,dirty_capture_cancel,3,30,0.019456,6.0E-4
10000,predicted,dirty_capture_cancel,3,31,0.029696,7.0E-4
10000,predicted,dirty_capture_cancel,3,32,0.019456,7.0E-4
10000,predicted,dirty_capture_cancel,3,33,0.02048,6.0E-4
10000,predicted,dirty_capture_cancel,3,34,0.019456,7.0E-4
10000,predicted,dirty_capture_cancel,3,35,0.021504,7.0E-4
10000,predicted,dirty_capture_cancel,3,36,0.023552,0.0014
10000,predicted,dirty_capture_cancel,3,37,0.019456,6.0E-4
10000,predicted,dirty_capture_cancel,3,38,0.032768,6.0E-4
10000,predicted,dirty_capture_cancel,3,39,0.02048,7.0E-4
10000,predicted,dirty_capture_cancel,3,40,0.019456,0.0139
10000,predicted,dirty_capture_cancel,3,41,0.019456,8.0E-4
10000,predicted,dirty_capture_cancel,3,42,0.019456,6.0E-4
10000,predicted,dirty_capture_cancel,3,43,0.021504,6.0E-4
10000,predicted,dirty_capture_cancel,3,44,0.029696,7.0E-4
10000,predicted,dirty_capture_cancel,3,45,0.022528,0.0017
10000,predicted,dirty_capture_cancel,3,46,0.026624,0.001
10000,predicted,dirty_capture_cancel,3,47,0.02048,7.0E-4
10000,predicted,dirty_capture_cancel,3,48,0.02048,6.0E-4
10000,predicted,dirty_capture_cancel,3,49,0.019456,7.0E-4
10000,predicted,dirty_capture_cancel,3,50,0.029696,6.0E-4
10000,predicted,dirty_capture_cancel,3,51,0.02048,6.0E-4
10000,predicted,dirty_capture_cancel,3,52,0.019456,6.0E-4
10000,predicted,dirty_capture_cancel,3,53,0.019456,7.0E-4
10000,predicted,dirty_capture_cancel,3,54,0.022528,0.0018
10000,predicted,dirty_capture_cancel,3,55,0.023552,7.0E-4
10000,predicted,dirty_capture_cancel,3,56,0.019456,6.0E-4
10000,predicted,dirty_capture_cancel,3,57,0.032768,6.0E-4
10000,predicted,dirty_capture_cancel,3,58,0.02048,6.0E-4
10000,predicted,dirty_capture_cancel,3,59,0.019456,7.0E-4
10000,predicted,unchanged_capture,3,0,0.017408,0.0033
10000,predicted,unchanged_capture,3,1,0.018432,6.0E-4
10000,predicted,unchanged_capture,3,2,0.018432,5.0E-4
10000,predicted,unchanged_capture,3,3,0.018432,5.0E-4
10000,predicted,unchanged_capture,3,4,0.013312,5.0E-4
10000,predicted,unchanged_capture,3,5,0.023552,0.0025
10000,predicted,unchanged_capture,3,6,0.018432,5.0E-4
10000,predicted,unchanged_capture,3,7,0.018432,4.0E-4
10000,predicted,unchanged_capture,3,8,0.019456,5.0E-4
10000,predicted,unchanged_capture,3,9,0.018432,4.0E-4
10000,predicted,unchanged_capture,3,10,0.018432,5.0E-4
10000,predicted,unchanged_capture,3,11,0.017408,5.0E-4
10000,predicted,unchanged_capture,3,12,0.017408,5.0E-4
10000,predicted,unchanged_capture,3,13,0.013312,4.0E-4
10000,predicted,unchanged_capture,3,14,0.018432,5.0E-4
10000,predicted,unchanged_capture,3,15,0.013312,5.0E-4
10000,predicted,unchanged_capture,3,16,0.013312,5.0E-4
10000,predicted,unchanged_capture,3,17,0.014336,0.0016
10000,predicted,unchanged_capture,3,18,0.017408,5.0E-4
10000,predicted,unchanged_capture,3,19,0.017408,5.0E-4
10000,predicted,unchanged_capture,3,20,0.017408,5.0E-4
10000,predicted,unchanged_capture,3,21,0.017408,5.0E-4
10000,predicted,unchanged_capture,3,22,0.02048,5.0E-4
10000,predicted,unchanged_capture,3,23,0.013312,5.0E-4
10000,predicted,unchanged_capture,3,24,0.018432,5.0E-4
10000,predicted,unchanged_capture,3,25,0.017408,4.0E-4
10000,predicted,unchanged_capture,3,26,0.017408,5.0E-4
10000,predicted,unchanged_capture,3,27,0.018432,5.0E-4
10000,predicted,unchanged_capture,3,28,0.018432,0.0013
10000,predicted,unchanged_capture,3,29,0.017408,5.0E-4
10000,predicted,unchanged_capture,3,30,0.017408,5.0E-4
10000,predicted,unchanged_capture,3,31,0.018432,5.0E-4
10000,predicted,unchanged_capture,3,32,0.017408,5.0E-4
10000,predicted,unchanged_capture,3,33,0.022528,5.0E-4
10000,predicted,unchanged_capture,3,34,0.018432,5.0E-4
10000,predicted,unchanged_capture,3,35,0.017408,5.0E-4
10000,predicted,unchanged_capture,3,36,0.018432,5.0E-4
10000,predicted,unchanged_capture,3,37,0.018432,5.0E-4
10000,predicted,unchanged_capture,3,38,0.018432,4.0E-4
10000,predicted,unchanged_capture,3,39,0.017408,5.0E-4
10000,predicted,unchanged_capture,3,40,0.017408,0.0013
10000,predicted,unchanged_capture,3,41,0.017408,5.0E-4
10000,predicted,unchanged_capture,3,42,0.013312,5.0E-4
10000,predicted,unchanged_capture,3,43,0.018432,4.0E-4
10000,predicted,unchanged_capture,3,44,0.018432,4.0E-4
10000,predicted,unchanged_capture,3,45,0.018432,5.0E-4
10000,predicted,unchanged_capture,3,46,0.017408,5.0E-4
10000,predicted,unchanged_capture,3,47,0.016384,5.0E-4
10000,predicted,unchanged_capture,3,48,0.018432,5.0E-4
10000,predicted,unchanged_capture,3,49,0.017408,6.0E-4
10000,predicted,unchanged_capture,3,50,0.017408,5.0E-4
10000,predicted,unchanged_capture,3,51,0.017408,8.0E-4
10000,predicted,unchanged_capture,3,52,0.021504,5.0E-4
10000,predicted,unchanged_capture,3,53,0.019456,5.0E-4
10000,predicted,unchanged_capture,3,54,0.017408,5.0E-4
10000,predicted,unchanged_capture,3,55,0.018432,4.0E-4
10000,predicted,unchanged_capture,3,56,0.018432,4.0E-4
10000,predicted,unchanged_capture,3,57,0.018432,4.0E-4
10000,predicted,unchanged_capture,3,58,0.017408,5.0E-4
10000,predicted,unchanged_capture,3,59,0.013312,9.0E-4
65536,relative,dirty_capture_cancel,1,0,0.04608,0.0036
65536,relative,dirty_capture_cancel,1,1,0.043008,0.0026
65536,relative,dirty_capture_cancel,1,2,0.044032,7.0E-4
65536,relative,dirty_capture_cancel,1,3,0.043008,6.0E-4
65536,relative,dirty_capture_cancel,1,4,0.044032,7.0E-4
65536,relative,dirty_capture_cancel,1,5,0.045056,7.0E-4
65536,relative,dirty_capture_cancel,1,6,0.053248,6.0E-4
65536,relative,dirty_capture_cancel,1,7,0.047104,7.0E-4
65536,relative,dirty_capture_cancel,1,8,0.044032,0.001
65536,relative,dirty_capture_cancel,1,9,0.044032,0.0013
65536,relative,dirty_capture_cancel,1,10,0.045056,0.0025
65536,relative,dirty_capture_cancel,1,11,0.044032,0.001
65536,relative,dirty_capture_cancel,1,12,0.054272,6.0E-4
65536,relative,dirty_capture_cancel,1,13,0.045056,7.0E-4
65536,relative,dirty_capture_cancel,1,14,0.044032,7.0E-4
65536,relative,dirty_capture_cancel,1,15,0.043008,6.0E-4
65536,relative,dirty_capture_cancel,1,16,0.04608,6.0E-4
65536,relative,dirty_capture_cancel,1,17,0.043008,6.0E-4
65536,relative,dirty_capture_cancel,1,18,0.044032,7.0E-4
65536,relative,dirty_capture_cancel,1,19,0.06144,0.0015
65536,relative,dirty_capture_cancel,1,20,0.044032,7.0E-4
65536,relative,dirty_capture_cancel,1,21,0.044032,6.0E-4
65536,relative,dirty_capture_cancel,1,22,0.044032,6.0E-4
65536,relative,dirty_capture_cancel,1,23,0.044032,9.0E-4
65536,relative,dirty_capture_cancel,1,24,0.04608,7.0E-4
65536,relative,dirty_capture_cancel,1,25,0.053248,6.0E-4
65536,relative,dirty_capture_cancel,1,26,0.04608,6.0E-4
65536,relative,dirty_capture_cancel,1,27,0.04608,6.0E-4
65536,relative,dirty_capture_cancel,1,28,0.044032,0.002
65536,relative,dirty_capture_cancel,1,29,0.045056,6.0E-4
65536,relative,dirty_capture_cancel,1,30,0.045056,7.0E-4
65536,relative,dirty_capture_cancel,1,31,0.053248,0.001
65536,relative,dirty_capture_cancel,1,32,0.044032,7.0E-4
65536,relative,dirty_capture_cancel,1,33,0.044032,6.0E-4
65536,relative,dirty_capture_cancel,1,34,0.044032,7.0E-4
65536,relative,dirty_capture_cancel,1,35,0.045056,6.0E-4
65536,relative,dirty_capture_cancel,1,36,0.045056,6.0E-4
65536,relative,dirty_capture_cancel,1,37,0.044032,0.0016
65536,relative,dirty_capture_cancel,1,38,0.058368,9.0E-4
65536,relative,dirty_capture_cancel,1,39,0.044032,6.0E-4
65536,relative,dirty_capture_cancel,1,40,0.044032,7.0E-4
65536,relative,dirty_capture_cancel,1,41,0.044032,7.0E-4
65536,relative,dirty_capture_cancel,1,42,0.043008,7.0E-4
65536,relative,dirty_capture_cancel,1,43,0.045056,6.0E-4
65536,relative,dirty_capture_cancel,1,44,0.052224,6.0E-4
65536,relative,dirty_capture_cancel,1,45,0.04608,7.0E-4
65536,relative,dirty_capture_cancel,1,46,0.047104,0.0014
65536,relative,dirty_capture_cancel,1,47,0.043008,8.0E-4
65536,relative,dirty_capture_cancel,1,48,0.04608,6.0E-4
65536,relative,dirty_capture_cancel,1,49,0.044032,7.0E-4
65536,relative,dirty_capture_cancel,1,50,0.053248,6.0E-4
65536,relative,dirty_capture_cancel,1,51,0.044032,6.0E-4
65536,relative,dirty_capture_cancel,1,52,0.044032,6.0E-4
65536,relative,dirty_capture_cancel,1,53,0.044032,7.0E-4
65536,relative,dirty_capture_cancel,1,54,0.045056,8.0E-4
65536,relative,dirty_capture_cancel,1,55,0.045056,0.0015
65536,relative,dirty_capture_cancel,1,56,0.043008,7.0E-4
65536,relative,dirty_capture_cancel,1,57,0.06144,7.0E-4
65536,relative,dirty_capture_cancel,1,58,0.044032,6.0E-4
65536,relative,dirty_capture_cancel,1,59,0.044032,6.0E-4
65536,relative,unchanged_capture,1,0,0.026624,0.0033
65536,relative,unchanged_capture,1,1,0.0256,6.0E-4
65536,relative,unchanged_capture,1,2,0.026624,5.0E-4
65536,relative,unchanged_capture,1,3,0.023552,0.0024
65536,relative,unchanged_capture,1,4,0.0256,6.0E-4
65536,relative,unchanged_capture,1,5,0.031744,9.0E-4
65536,relative,unchanged_capture,1,6,0.028672,4.0E-4
65536,relative,unchanged_capture,1,7,0.028672,5.0E-4
65536,relative,unchanged_capture,1,8,0.026624,4.0E-4
65536,relative,unchanged_capture,1,9,0.026624,5.0E-4
65536,relative,unchanged_capture,1,10,0.026624,5.0E-4
65536,relative,unchanged_capture,1,11,0.029696,5.0E-4
65536,relative,unchanged_capture,1,12,0.023552,4.0E-4
65536,relative,unchanged_capture,1,13,0.0256,5.0E-4
65536,relative,unchanged_capture,1,14,0.023552,5.0E-4
65536,relative,unchanged_capture,1,15,0.03584,0.0018
65536,relative,unchanged_capture,1,16,0.0256,6.0E-4
65536,relative,unchanged_capture,1,17,0.027648,5.0E-4
65536,relative,unchanged_capture,1,18,0.0256,7.0E-4
65536,relative,unchanged_capture,1,19,0.026624,5.0E-4
65536,relative,unchanged_capture,1,20,0.026624,9.0E-4
65536,relative,unchanged_capture,1,21,0.026624,6.0E-4
65536,relative,unchanged_capture,1,22,0.023552,5.0E-4
65536,relative,unchanged_capture,1,23,0.0256,4.0E-4
65536,relative,unchanged_capture,1,24,0.032768,0.0183
65536,relative,unchanged_capture,1,25,0.029696,8.0E-4
65536,relative,unchanged_capture,1,26,0.023552,9.0E-4
65536,relative,unchanged_capture,1,27,0.023552,6.0E-4
65536,relative,unchanged_capture,1,28,0.027648,4.0E-4
65536,relative,unchanged_capture,1,29,0.029696,4.0E-4
65536,relative,unchanged_capture,1,30,0.026624,5.0E-4
65536,relative,unchanged_capture,1,31,0.026624,5.0E-4
65536,relative,unchanged_capture,1,32,0.026624,4.0E-4
65536,relative,unchanged_capture,1,33,0.024576,5.0E-4
65536,relative,unchanged_capture,1,34,0.033792,5.0E-4
65536,relative,unchanged_capture,1,35,0.026624,0.0031
65536,relative,unchanged_capture,1,36,0.026624,0.0017
65536,relative,unchanged_capture,1,37,0.027648,6.0E-4
65536,relative,unchanged_capture,1,38,0.0256,0.0046
65536,relative,unchanged_capture,1,39,0.026624,5.0E-4
65536,relative,unchanged_capture,1,40,0.026624,8.0E-4
65536,relative,unchanged_capture,1,41,0.029696,4.0E-4
65536,relative,unchanged_capture,1,42,0.0256,4.0E-4
65536,relative,unchanged_capture,1,43,0.033792,5.0E-4
65536,relative,unchanged_capture,1,44,0.029696,5.0E-4
65536,relative,unchanged_capture,1,45,0.0256,0.0027
65536,relative,unchanged_capture,1,46,0.026624,5.0E-4
65536,relative,unchanged_capture,1,47,0.026624,5.0E-4
65536,relative,unchanged_capture,1,48,0.026624,5.0E-4
65536,relative,unchanged_capture,1,49,0.0256,5.0E-4
65536,relative,unchanged_capture,1,50,0.0256,0.0017
65536,relative,unchanged_capture,1,51,0.0256,5.0E-4
65536,relative,unchanged_capture,1,52,0.023552,5.0E-4
65536,relative,unchanged_capture,1,53,0.039936,5.0E-4
65536,relative,unchanged_capture,1,54,0.0256,5.0E-4
65536,relative,unchanged_capture,1,55,0.026624,5.0E-4
65536,relative,unchanged_capture,1,56,0.026624,4.0E-4
65536,relative,unchanged_capture,1,57,0.0256,5.0E-4
65536,relative,unchanged_capture,1,58,0.026624,6.0E-4
65536,relative,unchanged_capture,1,59,0.024576,4.0E-4
65536,predicted,dirty_capture_cancel,1,0,0.045056,0.0034
65536,predicted,dirty_capture_cancel,1,1,0.044032,0.0026
65536,predicted,dirty_capture_cancel,1,2,0.044032,7.0E-4
65536,predicted,dirty_capture_cancel,1,3,0.04608,8.0E-4
65536,predicted,dirty_capture_cancel,1,4,0.04608,6.0E-4
65536,predicted,dirty_capture_cancel,1,5,0.055296,6.0E-4
65536,predicted,dirty_capture_cancel,1,6,0.045056,6.0E-4
65536,predicted,dirty_capture_cancel,1,7,0.045056,6.0E-4
65536,predicted,dirty_capture_cancel,1,8,0.044032,6.0E-4
65536,predicted,dirty_capture_cancel,1,9,0.047104,0.0024
65536,predicted,dirty_capture_cancel,1,10,0.04608,0.0019
65536,predicted,dirty_capture_cancel,1,11,0.044032,7.0E-4
65536,predicted,dirty_capture_cancel,1,12,0.06144,6.0E-4
65536,predicted,dirty_capture_cancel,1,13,0.045056,7.0E-4
65536,predicted,dirty_capture_cancel,1,14,0.045056,7.0E-4
65536,predicted,dirty_capture_cancel,1,15,0.043008,6.0E-4
65536,predicted,dirty_capture_cancel,1,16,0.044032,6.0E-4
65536,predicted,dirty_capture_cancel,1,17,0.045056,6.0E-4
65536,predicted,dirty_capture_cancel,1,18,0.053248,6.0E-4
65536,predicted,dirty_capture_cancel,1,19,0.04608,0.0015
65536,predicted,dirty_capture_cancel,1,20,0.04608,7.0E-4
65536,predicted,dirty_capture_cancel,1,21,0.044032,5.0E-4
65536,predicted,dirty_capture_cancel,1,22,0.044032,6.0E-4
65536,predicted,dirty_capture_cancel,1,23,0.044032,6.0E-4
65536,predicted,dirty_capture_cancel,1,24,0.053248,6.0E-4
65536,predicted,dirty_capture_cancel,1,25,0.044032,6.0E-4
65536,predicted,dirty_capture_cancel,1,26,0.044032,6.0E-4
65536,predicted,dirty_capture_cancel,1,27,0.044032,6.0E-4
65536,predicted,dirty_capture_cancel,1,28,0.04608,0.0037
65536,predicted,dirty_capture_cancel,1,29,0.04608,6.0E-4
65536,predicted,dirty_capture_cancel,1,30,0.044032,5.0E-4
65536,predicted,dirty_capture_cancel,1,31,0.06144,6.0E-4
65536,predicted,dirty_capture_cancel,1,32,0.044032,6.0E-4
65536,predicted,dirty_capture_cancel,1,33,0.044032,6.0E-4
65536,predicted,dirty_capture_cancel,1,34,0.04608,6.0E-4
65536,predicted,dirty_capture_cancel,1,35,0.044032,8.0E-4
65536,predicted,dirty_capture_cancel,1,36,0.04608,7.0E-4
65536,predicted,dirty_capture_cancel,1,37,0.052224,0.0014
65536,predicted,dirty_capture_cancel,1,38,0.04608,7.0E-4
65536,predicted,dirty_capture_cancel,1,39,0.047104,6.0E-4
65536,predicted,dirty_capture_cancel,1,40,0.043008,6.0E-4
65536,predicted,dirty_capture_cancel,1,41,0.045056,6.0E-4
65536,predicted,dirty_capture_cancel,1,42,0.044032,6.0E-4
65536,predicted,dirty_capture_cancel,1,43,0.054272,0.0024
65536,predicted,dirty_capture_cancel,1,44,0.045056,6.0E-4
65536,predicted,dirty_capture_cancel,1,45,0.043008,7.0E-4
65536,predicted,dirty_capture_cancel,1,46,0.044032,0.0014
65536,predicted,dirty_capture_cancel,1,47,0.04608,6.0E-4
65536,predicted,dirty_capture_cancel,1,48,0.04608,6.0E-4
65536,predicted,dirty_capture_cancel,1,49,0.045056,6.0E-4
65536,predicted,dirty_capture_cancel,1,50,0.059392,7.0E-4
65536,predicted,dirty_capture_cancel,1,51,0.045056,5.0E-4
65536,predicted,dirty_capture_cancel,1,52,0.045056,6.0E-4
65536,predicted,dirty_capture_cancel,1,53,0.044032,6.0E-4
65536,predicted,dirty_capture_cancel,1,54,0.044032,7.0E-4
65536,predicted,dirty_capture_cancel,1,55,0.04608,0.0018
65536,predicted,dirty_capture_cancel,1,56,0.055296,7.0E-4
65536,predicted,dirty_capture_cancel,1,57,0.04608,7.0E-4
65536,predicted,dirty_capture_cancel,1,58,0.047104,6.0E-4
65536,predicted,dirty_capture_cancel,1,59,0.045056,7.0E-4
65536,predicted,unchanged_capture,1,0,0.027648,0.0031
65536,predicted,unchanged_capture,1,1,0.026624,5.0E-4
65536,predicted,unchanged_capture,1,2,0.026624,4.0E-4
65536,predicted,unchanged_capture,1,3,0.024576,8.0E-4
65536,predicted,unchanged_capture,1,4,0.026624,6.0E-4
65536,predicted,unchanged_capture,1,5,0.0256,5.0E-4
65536,predicted,unchanged_capture,1,6,0.0256,4.0E-4
65536,predicted,unchanged_capture,1,7,0.023552,5.0E-4
65536,predicted,unchanged_capture,1,8,0.026624,5.0E-4
65536,predicted,unchanged_capture,1,9,0.033792,5.0E-4
65536,predicted,unchanged_capture,1,10,0.026624,4.0E-4
65536,predicted,unchanged_capture,1,11,0.026624,5.0E-4
65536,predicted,unchanged_capture,1,12,0.026624,4.0E-4
65536,predicted,unchanged_capture,1,13,0.0256,4.0E-4
65536,predicted,unchanged_capture,1,14,0.026624,0.0016
65536,predicted,unchanged_capture,1,15,0.026624,5.0E-4
65536,predicted,unchanged_capture,1,16,0.026624,4.0E-4
65536,predicted,unchanged_capture,1,17,0.026624,5.0E-4
65536,predicted,unchanged_capture,1,18,0.023552,5.0E-4
65536,predicted,unchanged_capture,1,19,0.04096,5.0E-4
65536,predicted,unchanged_capture,1,20,0.026624,5.0E-4
65536,predicted,unchanged_capture,1,21,0.026624,4.0E-4
65536,predicted,unchanged_capture,1,22,0.026624,4.0E-4
65536,predicted,unchanged_capture,1,23,0.0256,5.0E-4
65536,predicted,unchanged_capture,1,24,0.026624,4.0E-4
65536,predicted,unchanged_capture,1,25,0.026624,5.0E-4
65536,predicted,unchanged_capture,1,26,0.024576,0.0016
65536,predicted,unchanged_capture,1,27,0.024576,5.0E-4
65536,predicted,unchanged_capture,1,28,0.033792,5.0E-4
65536,predicted,unchanged_capture,1,29,0.029696,5.0E-4
65536,predicted,unchanged_capture,1,30,0.026624,5.0E-4
65536,predicted,unchanged_capture,1,31,0.026624,5.0E-4
65536,predicted,unchanged_capture,1,32,0.026624,5.0E-4
65536,predicted,unchanged_capture,1,33,0.027648,4.0E-4
65536,predicted,unchanged_capture,1,34,0.0256,5.0E-4
65536,predicted,unchanged_capture,1,35,0.0256,5.0E-4
65536,predicted,unchanged_capture,1,36,0.0256,5.0E-4
65536,predicted,unchanged_capture,1,37,0.023552,0.0012
65536,predicted,unchanged_capture,1,38,0.029696,5.0E-4
65536,predicted,unchanged_capture,1,39,0.026624,5.0E-4
65536,predicted,unchanged_capture,1,40,0.0256,4.0E-4
65536,predicted,unchanged_capture,1,41,0.029696,4.0E-4
65536,predicted,unchanged_capture,1,42,0.026624,4.0E-4
65536,predicted,unchanged_capture,1,43,0.026624,4.0E-4
65536,predicted,unchanged_capture,1,44,0.029696,4.0E-4
65536,predicted,unchanged_capture,1,45,0.0256,5.0E-4
65536,predicted,unchanged_capture,1,46,0.0256,4.0E-4
65536,predicted,unchanged_capture,1,47,0.032768,5.0E-4
65536,predicted,unchanged_capture,1,48,0.028672,5.0E-4
65536,predicted,unchanged_capture,1,49,0.0256,0.0012
65536,predicted,unchanged_capture,1,50,0.0256,5.0E-4
65536,predicted,unchanged_capture,1,51,0.026624,5.0E-4
65536,predicted,unchanged_capture,1,52,0.029696,5.0E-4
65536,predicted,unchanged_capture,1,53,0.026624,5.0E-4
65536,predicted,unchanged_capture,1,54,0.0256,5.0E-4
65536,predicted,unchanged_capture,1,55,0.0256,4.0E-4
65536,predicted,unchanged_capture,1,56,0.023552,4.0E-4
65536,predicted,unchanged_capture,1,57,0.043008,4.0E-4
65536,predicted,unchanged_capture,1,58,0.026624,6.0E-4
65536,predicted,unchanged_capture,1,59,0.024576,4.0E-4
65536,predicted,dirty_capture_cancel,2,0,0.04608,0.0032
65536,predicted,dirty_capture_cancel,2,1,0.044032,7.0E-4
65536,predicted,dirty_capture_cancel,2,2,0.045056,6.0E-4
65536,predicted,dirty_capture_cancel,2,3,0.045056,6.0E-4
65536,predicted,dirty_capture_cancel,2,4,0.043008,0.001
65536,predicted,dirty_capture_cancel,2,5,0.04608,6.0E-4
65536,predicted,dirty_capture_cancel,2,6,0.054272,6.0E-4
65536,predicted,dirty_capture_cancel,2,7,0.04608,0.0023
65536,predicted,dirty_capture_cancel,2,8,0.045056,7.0E-4
65536,predicted,dirty_capture_cancel,2,9,0.044032,6.0E-4
65536,predicted,dirty_capture_cancel,2,10,0.044032,6.0E-4
65536,predicted,dirty_capture_cancel,2,11,0.045056,6.0E-4
65536,predicted,dirty_capture_cancel,2,12,0.054272,6.0E-4
65536,predicted,dirty_capture_cancel,2,13,0.044032,5.0E-4
65536,predicted,dirty_capture_cancel,2,14,0.044032,6.0E-4
65536,predicted,dirty_capture_cancel,2,15,0.044032,5.0E-4
65536,predicted,dirty_capture_cancel,2,16,0.04608,0.002
65536,predicted,dirty_capture_cancel,2,17,0.045056,6.0E-4
65536,predicted,dirty_capture_cancel,2,18,0.044032,7.0E-4
65536,predicted,dirty_capture_cancel,2,19,0.057344,5.0E-4
65536,predicted,dirty_capture_cancel,2,20,0.045056,5.0E-4
65536,predicted,dirty_capture_cancel,2,21,0.044032,6.0E-4
65536,predicted,dirty_capture_cancel,2,22,0.043008,6.0E-4
65536,predicted,dirty_capture_cancel,2,23,0.044032,6.0E-4
65536,predicted,dirty_capture_cancel,2,24,0.04608,5.0E-4
65536,predicted,dirty_capture_cancel,2,25,0.052224,0.0015
65536,predicted,dirty_capture_cancel,2,26,0.047104,7.0E-4
65536,predicted,dirty_capture_cancel,2,27,0.04608,6.0E-4
65536,predicted,dirty_capture_cancel,2,28,0.045056,6.0E-4
65536,predicted,dirty_capture_cancel,2,29,0.044032,6.0E-4
65536,predicted,dirty_capture_cancel,2,30,0.045056,6.0E-4
65536,predicted,dirty_capture_cancel,2,31,0.054272,6.0E-4
65536,predicted,dirty_capture_cancel,2,32,0.044032,5.0E-4
65536,predicted,dirty_capture_cancel,2,33,0.045056,0.0023
65536,predicted,dirty_capture_cancel,2,34,0.044032,0.0016
65536,predicted,dirty_capture_cancel,2,35,0.04608,6.0E-4
65536,predicted,dirty_capture_cancel,2,36,0.04608,6.0E-4
65536,predicted,dirty_capture_cancel,2,37,0.045056,6.0E-4
65536,predicted,dirty_capture_cancel,2,38,0.060416,6.0E-4
65536,predicted,dirty_capture_cancel,2,39,0.045056,7.0E-4
65536,predicted,dirty_capture_cancel,2,40,0.045056,6.0E-4
65536,predicted,dirty_capture_cancel,2,41,0.044032,7.0E-4
65536,predicted,dirty_capture_cancel,2,42,0.045056,6.0E-4
65536,predicted,dirty_capture_cancel,2,43,0.04608,0.0016
65536,predicted,dirty_capture_cancel,2,44,0.052224,6.0E-4
65536,predicted,dirty_capture_cancel,2,45,0.047104,5.0E-4
65536,predicted,dirty_capture_cancel,2,46,0.04608,5.0E-4
65536,predicted,dirty_capture_cancel,2,47,0.044032,5.0E-4
65536,predicted,dirty_capture_cancel,2,48,0.044032,7.0E-4
65536,predicted,dirty_capture_cancel,2,49,0.044032,6.0E-4
65536,predicted,dirty_capture_cancel,2,50,0.054272,7.0E-4
65536,predicted,dirty_capture_cancel,2,51,0.044032,6.0E-4
65536,predicted,dirty_capture_cancel,2,52,0.044032,0.0013
65536,predicted,dirty_capture_cancel,2,53,0.044032,8.0E-4
65536,predicted,dirty_capture_cancel,2,54,0.04608,6.0E-4
65536,predicted,dirty_capture_cancel,2,55,0.04608,6.0E-4
65536,predicted,dirty_capture_cancel,2,56,0.044032,9.0E-4
65536,predicted,dirty_capture_cancel,2,57,0.060416,6.0E-4
65536,predicted,dirty_capture_cancel,2,58,0.045056,6.0E-4
65536,predicted,dirty_capture_cancel,2,59,0.043008,6.0E-4
65536,predicted,unchanged_capture,2,0,0.026624,0.0031
65536,predicted,unchanged_capture,2,1,0.0256,6.0E-4
65536,predicted,unchanged_capture,2,2,0.026624,4.0E-4
65536,predicted,unchanged_capture,2,3,0.0256,4.0E-4
65536,predicted,unchanged_capture,2,4,0.026624,5.0E-4
65536,predicted,unchanged_capture,2,5,0.026624,5.0E-4
65536,predicted,unchanged_capture,2,6,0.026624,4.0E-4
65536,predicted,unchanged_capture,2,7,0.023552,4.0E-4
65536,predicted,unchanged_capture,2,8,0.032768,5.0E-4
65536,predicted,unchanged_capture,2,9,0.028672,5.0E-4
65536,predicted,unchanged_capture,2,10,0.0256,0.0023
65536,predicted,unchanged_capture,2,11,0.027648,5.0E-4
65536,predicted,unchanged_capture,2,12,0.026624,5.0E-4
65536,predicted,unchanged_capture,2,13,0.026624,4.0E-4
65536,predicted,unchanged_capture,2,14,0.023552,5.0E-4
65536,predicted,unchanged_capture,2,15,0.0256,5.0E-4
65536,predicted,unchanged_capture,2,16,0.0256,4.0E-4
65536,predicted,unchanged_capture,2,17,0.023552,5.0E-4
65536,predicted,unchanged_capture,2,18,0.037888,5.0E-4
65536,predicted,unchanged_capture,2,19,0.028672,5.0E-4
65536,predicted,unchanged_capture,2,20,0.026624,5.0E-4
65536,predicted,unchanged_capture,2,21,0.026624,4.0E-4
65536,predicted,unchanged_capture,2,22,0.03072,0.0014
65536,predicted,unchanged_capture,2,23,0.026624,4.0E-4
65536,predicted,unchanged_capture,2,24,0.026624,4.0E-4
65536,predicted,unchanged_capture,2,25,0.026624,4.0E-4
65536,predicted,unchanged_capture,2,26,0.027648,4.0E-4
65536,predicted,unchanged_capture,2,27,0.033792,5.0E-4
65536,predicted,unchanged_capture,2,28,0.0256,4.0E-4
65536,predicted,unchanged_capture,2,29,0.027648,5.0E-4
65536,predicted,unchanged_capture,2,30,0.026624,6.0E-4
65536,predicted,unchanged_capture,2,31,0.026624,4.0E-4
65536,predicted,unchanged_capture,2,32,0.0256,5.0E-4
65536,predicted,unchanged_capture,2,33,0.0256,4.0E-4
65536,predicted,unchanged_capture,2,34,0.0256,6.0E-4
65536,predicted,unchanged_capture,2,35,0.026624,5.0E-4
65536,predicted,unchanged_capture,2,36,0.024576,5.0E-4
65536,predicted,unchanged_capture,2,37,0.044032,5.0E-4
65536,predicted,unchanged_capture,2,38,0.0256,4.0E-4
65536,predicted,unchanged_capture,2,39,0.0256,0.001
65536,predicted,unchanged_capture,2,40,0.026624,0.001
65536,predicted,unchanged_capture,2,41,0.0256,5.0E-4
65536,predicted,unchanged_capture,2,42,0.0256,5.0E-4
65536,predicted,unchanged_capture,2,43,0.026624,5.0E-4
65536,predicted,unchanged_capture,2,44,0.023552,5.0E-4
65536,predicted,unchanged_capture,2,45,0.023552,0.0012
65536,predicted,unchanged_capture,2,46,0.029696,4.0E-4
65536,predicted,unchanged_capture,2,47,0.029696,4.0E-4
65536,predicted,unchanged_capture,2,48,0.026624,4.0E-4
65536,predicted,unchanged_capture,2,49,0.0256,4.0E-4
65536,predicted,unchanged_capture,2,50,0.026624,5.0E-4
65536,predicted,unchanged_capture,2,51,0.0256,5.0E-4
65536,predicted,unchanged_capture,2,52,0.0256,5.0E-4
65536,predicted,unchanged_capture,2,53,0.0256,5.0E-4
65536,predicted,unchanged_capture,2,54,0.026624,4.0E-4
65536,predicted,unchanged_capture,2,55,0.024576,5.0E-4
65536,predicted,unchanged_capture,2,56,0.033792,4.0E-4
65536,predicted,unchanged_capture,2,57,0.026624,0.0011
65536,predicted,unchanged_capture,2,58,0.026624,5.0E-4
65536,predicted,unchanged_capture,2,59,0.024576,4.0E-4
65536,relative,dirty_capture_cancel,2,0,0.04608,0.0034
65536,relative,dirty_capture_cancel,2,1,0.044032,6.0E-4
65536,relative,dirty_capture_cancel,2,2,0.04608,6.0E-4
65536,relative,dirty_capture_cancel,2,3,0.044032,8.0E-4
65536,relative,dirty_capture_cancel,2,4,0.043008,6.0E-4
65536,relative,dirty_capture_cancel,2,5,0.04608,6.0E-4
65536,relative,dirty_capture_cancel,2,6,0.0512,7.0E-4
65536,relative,dirty_capture_cancel,2,7,0.04608,0.0011
65536,relative,dirty_capture_cancel,2,8,0.044032,0.0011
65536,relative,dirty_capture_cancel,2,9,0.043008,0.0011
65536,relative,dirty_capture_cancel,2,10,0.044032,6.0E-4
65536,relative,dirty_capture_cancel,2,11,0.044032,6.0E-4
65536,relative,dirty_capture_cancel,2,12,0.054272,7.0E-4
65536,relative,dirty_capture_cancel,2,13,0.043008,9.0E-4
65536,relative,dirty_capture_cancel,2,14,0.043008,6.0E-4
65536,relative,dirty_capture_cancel,2,15,0.044032,7.0E-4
65536,relative,dirty_capture_cancel,2,16,0.04608,6.0E-4
65536,relative,dirty_capture_cancel,2,17,0.045056,6.0E-4
65536,relative,dirty_capture_cancel,2,18,0.044032,6.0E-4
65536,relative,dirty_capture_cancel,2,19,0.058368,5.0E-4
65536,relative,dirty_capture_cancel,2,20,0.043008,6.0E-4
65536,relative,dirty_capture_cancel,2,21,0.044032,8.0E-4
65536,relative,dirty_capture_cancel,2,22,0.045056,7.0E-4
65536,relative,dirty_capture_cancel,2,23,0.044032,7.0E-4
65536,relative,dirty_capture_cancel,2,24,0.045056,6.0E-4
65536,relative,dirty_capture_cancel,2,25,0.052224,7.0E-4
65536,relative,dirty_capture_cancel,2,26,0.04608,5.0E-4
65536,relative,dirty_capture_cancel,2,27,0.047104,5.0E-4
65536,relative,dirty_capture_cancel,2,28,0.044032,6.0E-4
65536,relative,dirty_capture_cancel,2,29,0.045056,0.0013
65536,relative,dirty_capture_cancel,2,30,0.044032,7.0E-4
65536,relative,dirty_capture_cancel,2,31,0.053248,6.0E-4
65536,relative,dirty_capture_cancel,2,32,0.044032,6.0E-4
65536,relative,dirty_capture_cancel,2,33,0.043008,7.0E-4
65536,relative,dirty_capture_cancel,2,34,0.044032,6.0E-4
65536,relative,dirty_capture_cancel,2,35,0.045056,6.0E-4
65536,relative,dirty_capture_cancel,2,36,0.045056,6.0E-4
65536,relative,dirty_capture_cancel,2,37,0.044032,6.0E-4
65536,relative,dirty_capture_cancel,2,38,0.060416,0.0013
65536,relative,dirty_capture_cancel,2,39,0.044032,7.0E-4
65536,relative,dirty_capture_cancel,2,40,0.043008,6.0E-4
65536,relative,dirty_capture_cancel,2,41,0.044032,6.0E-4
65536,relative,dirty_capture_cancel,2,42,0.044032,6.0E-4
65536,relative,dirty_capture_cancel,2,43,0.04608,6.0E-4
65536,relative,dirty_capture_cancel,2,44,0.053248,6.0E-4
65536,relative,dirty_capture_cancel,2,45,0.045056,6.0E-4
65536,relative,dirty_capture_cancel,2,46,0.04608,5.0E-4
65536,relative,dirty_capture_cancel,2,47,0.044032,0.0014
65536,relative,dirty_capture_cancel,2,48,0.04608,7.0E-4
65536,relative,dirty_capture_cancel,2,49,0.044032,6.0E-4
65536,relative,dirty_capture_cancel,2,50,0.054272,9.0E-4
65536,relative,dirty_capture_cancel,2,51,0.044032,5.0E-4
65536,relative,dirty_capture_cancel,2,52,0.043008,6.0E-4
65536,relative,dirty_capture_cancel,2,53,0.043008,9.0E-4
65536,relative,dirty_capture_cancel,2,54,0.04608,5.0E-4
65536,relative,dirty_capture_cancel,2,55,0.04608,6.0E-4
65536,relative,dirty_capture_cancel,2,56,0.043008,0.0014
65536,relative,dirty_capture_cancel,2,57,0.064512,6.0E-4
65536,relative,dirty_capture_cancel,2,58,0.044032,5.0E-4
65536,relative,dirty_capture_cancel,2,59,0.044032,6.0E-4
65536,relative,unchanged_capture,2,0,0.0256,0.0027
65536,relative,unchanged_capture,2,1,0.0256,6.0E-4
65536,relative,unchanged_capture,2,2,0.026624,5.0E-4
65536,relative,unchanged_capture,2,3,0.023552,5.0E-4
65536,relative,unchanged_capture,2,4,0.0256,4.0E-4
65536,relative,unchanged_capture,2,5,0.024576,4.0E-4
65536,relative,unchanged_capture,2,6,0.036864,6.0E-4
65536,relative,unchanged_capture,2,7,0.027648,4.0E-4
65536,relative,unchanged_capture,2,8,0.0256,4.0E-4
65536,relative,unchanged_capture,2,9,0.0256,4.0E-4
65536,relative,unchanged_capture,2,10,0.0256,4.0E-4
65536,relative,unchanged_capture,2,11,0.029696,5.0E-4
65536,relative,unchanged_capture,2,12,0.026624,5.0E-4
65536,relative,unchanged_capture,2,13,0.026624,7.0E-4
65536,relative,unchanged_capture,2,14,0.027648,4.0E-4
65536,relative,unchanged_capture,2,15,0.033792,4.0E-4
65536,relative,unchanged_capture,2,16,0.0256,4.0E-4
65536,relative,unchanged_capture,2,17,0.0256,0.0013
65536,relative,unchanged_capture,2,18,0.026624,5.0E-4
65536,relative,unchanged_capture,2,19,0.026624,4.0E-4
65536,relative,unchanged_capture,2,20,0.026624,4.0E-4
65536,relative,unchanged_capture,2,21,0.0256,4.0E-4
65536,relative,unchanged_capture,2,22,0.024576,4.0E-4
65536,relative,unchanged_capture,2,23,0.026624,5.0E-4
65536,relative,unchanged_capture,2,24,0.023552,6.0E-4
65536,relative,unchanged_capture,2,25,0.028672,4.0E-4
65536,relative,unchanged_capture,2,26,0.023552,4.0E-4
65536,relative,unchanged_capture,2,27,0.0256,4.0E-4
65536,relative,unchanged_capture,2,28,0.0256,4.0E-4
65536,relative,unchanged_capture,2,29,0.0256,0.0013
65536,relative,unchanged_capture,2,30,0.0256,5.0E-4
65536,relative,unchanged_capture,2,31,0.0256,5.0E-4
65536,relative,unchanged_capture,2,32,0.026624,5.0E-4
65536,relative,unchanged_capture,2,33,0.0256,5.0E-4
65536,relative,unchanged_capture,2,34,0.032768,5.0E-4
65536,relative,unchanged_capture,2,35,0.0256,7.0E-4
65536,relative,unchanged_capture,2,36,0.0256,5.0E-4
65536,relative,unchanged_capture,2,37,0.028672,6.0E-4
65536,relative,unchanged_capture,2,38,0.026624,5.0E-4
65536,relative,unchanged_capture,2,39,0.0256,5.0E-4
65536,relative,unchanged_capture,2,40,0.0256,4.0E-4
65536,relative,unchanged_capture,2,41,0.029696,4.0E-4
65536,relative,unchanged_capture,2,42,0.026624,4.0E-4
65536,relative,unchanged_capture,2,43,0.024576,5.0E-4
65536,relative,unchanged_capture,2,44,0.044032,4.0E-4
65536,relative,unchanged_capture,2,45,0.0256,5.0E-4
65536,relative,unchanged_capture,2,46,0.026624,4.0E-4
65536,relative,unchanged_capture,2,47,0.026624,4.0E-4
65536,relative,unchanged_capture,2,48,0.024576,5.0E-4
65536,relative,unchanged_capture,2,49,0.026624,5.0E-4
65536,relative,unchanged_capture,2,50,0.026624,5.0E-4
65536,relative,unchanged_capture,2,51,0.0256,5.0E-4
65536,relative,unchanged_capture,2,52,0.024576,0.0012
65536,relative,unchanged_capture,2,53,0.032768,6.0E-4
65536,relative,unchanged_capture,2,54,0.028672,5.0E-4
65536,relative,unchanged_capture,2,55,0.0256,4.0E-4
65536,relative,unchanged_capture,2,56,0.027648,5.0E-4
65536,relative,unchanged_capture,2,57,0.0256,4.0E-4
65536,relative,unchanged_capture,2,58,0.0256,4.0E-4
65536,relative,unchanged_capture,2,59,0.023552,4.0E-4
65536,relative,dirty_capture_cancel,3,0,0.045056,0.0035
65536,relative,dirty_capture_cancel,3,1,0.050176,7.0E-4
65536,relative,dirty_capture_cancel,3,2,0.04608,6.0E-4
65536,relative,dirty_capture_cancel,3,3,0.044032,6.0E-4
65536,relative,dirty_capture_cancel,3,4,0.05632,6.0E-4
65536,relative,dirty_capture_cancel,3,5,0.043008,5.0E-4
65536,relative,dirty_capture_cancel,3,6,0.044032,7.0E-4
65536,relative,dirty_capture_cancel,3,7,0.044032,6.0E-4
65536,relative,dirty_capture_cancel,3,8,0.049152,6.0E-4
65536,relative,dirty_capture_cancel,3,9,0.045056,6.0E-4
65536,relative,dirty_capture_cancel,3,10,0.043008,5.0E-4
65536,relative,dirty_capture_cancel,3,11,0.059392,6.0E-4
65536,relative,dirty_capture_cancel,3,12,0.043008,6.0E-4
65536,relative,dirty_capture_cancel,3,13,0.044032,6.0E-4
65536,relative,dirty_capture_cancel,3,14,0.044032,6.0E-4
65536,relative,dirty_capture_cancel,3,15,0.043008,6.0E-4
65536,relative,dirty_capture_cancel,3,16,0.045056,6.0E-4
65536,relative,dirty_capture_cancel,3,17,0.053248,6.0E-4
65536,relative,dirty_capture_cancel,3,18,0.045056,6.0E-4
65536,relative,dirty_capture_cancel,3,19,0.047104,6.0E-4
65536,relative,dirty_capture_cancel,3,20,0.043008,6.0E-4
65536,relative,dirty_capture_cancel,3,21,0.045056,6.0E-4
65536,relative,dirty_capture_cancel,3,22,0.044032,6.0E-4
65536,relative,dirty_capture_cancel,3,23,0.053248,6.0E-4
65536,relative,dirty_capture_cancel,3,24,0.043008,6.0E-4
65536,relative,dirty_capture_cancel,3,25,0.044032,6.0E-4
65536,relative,dirty_capture_cancel,3,26,0.044032,6.0E-4
65536,relative,dirty_capture_cancel,3,27,0.04608,6.0E-4
65536,relative,dirty_capture_cancel,3,28,0.045056,6.0E-4
65536,relative,dirty_capture_cancel,3,29,0.044032,5.0E-4
65536,relative,dirty_capture_cancel,3,30,0.05632,6.0E-4
65536,relative,dirty_capture_cancel,3,31,0.044032,6.0E-4
65536,relative,dirty_capture_cancel,3,32,0.044032,6.0E-4
65536,relative,dirty_capture_cancel,3,33,0.044032,6.0E-4
65536,relative,dirty_capture_cancel,3,34,0.043008,6.0E-4
65536,relative,dirty_capture_cancel,3,35,0.044032,6.0E-4
65536,relative,dirty_capture_cancel,3,36,0.052224,7.0E-4
65536,relative,dirty_capture_cancel,3,37,0.04608,5.0E-4
65536,relative,dirty_capture_cancel,3,38,0.04608,6.0E-4
65536,relative,dirty_capture_cancel,3,39,0.043008,6.0E-4
65536,relative,dirty_capture_cancel,3,40,0.044032,6.0E-4
65536,relative,dirty_capture_cancel,3,41,0.043008,6.0E-4
65536,relative,dirty_capture_cancel,3,42,0.054272,6.0E-4
65536,relative,dirty_capture_cancel,3,43,0.044032,7.0E-4
65536,relative,dirty_capture_cancel,3,44,0.044032,6.0E-4
65536,relative,dirty_capture_cancel,3,45,0.044032,6.0E-4
65536,relative,dirty_capture_cancel,3,46,0.045056,6.0E-4
65536,relative,dirty_capture_cancel,3,47,0.045056,6.0E-4
65536,relative,dirty_capture_cancel,3,48,0.044032,6.0E-4
65536,relative,dirty_capture_cancel,3,49,0.059392,6.0E-4
65536,relative,dirty_capture_cancel,3,50,0.044032,6.0E-4
65536,relative,dirty_capture_cancel,3,51,0.043008,7.0E-4
65536,relative,dirty_capture_cancel,3,52,0.043008,6.0E-4
65536,relative,dirty_capture_cancel,3,53,0.044032,6.0E-4
65536,relative,dirty_capture_cancel,3,54,0.04608,6.0E-4
65536,relative,dirty_capture_cancel,3,55,0.053248,6.0E-4
65536,relative,dirty_capture_cancel,3,56,0.045056,6.0E-4
65536,relative,dirty_capture_cancel,3,57,0.047104,6.0E-4
65536,relative,dirty_capture_cancel,3,58,0.044032,7.0E-4
65536,relative,dirty_capture_cancel,3,59,0.043008,7.0E-4
65536,relative,unchanged_capture,3,0,0.026624,0.0029
65536,relative,unchanged_capture,3,1,0.026624,5.0E-4
65536,relative,unchanged_capture,3,2,0.026624,5.0E-4
65536,relative,unchanged_capture,3,3,0.024576,6.0E-4
65536,relative,unchanged_capture,3,4,0.029696,5.0E-4
65536,relative,unchanged_capture,3,5,0.0256,4.0E-4
65536,relative,unchanged_capture,3,6,0.03072,4.0E-4
65536,relative,unchanged_capture,3,7,0.027648,4.0E-4
65536,relative,unchanged_capture,3,8,0.026624,5.0E-4
65536,relative,unchanged_capture,3,9,0.026624,4.0E-4
65536,relative,unchanged_capture,3,10,0.026624,5.0E-4
65536,relative,unchanged_capture,3,11,0.028672,5.0E-4
65536,relative,unchanged_capture,3,12,0.0256,4.0E-4
65536,relative,unchanged_capture,3,13,0.026624,4.0E-4
65536,relative,unchanged_capture,3,14,0.023552,4.0E-4
65536,relative,unchanged_capture,3,15,0.023552,5.0E-4
65536,relative,unchanged_capture,3,16,0.039936,4.0E-4
65536,relative,unchanged_capture,3,17,0.026624,5.0E-4
65536,relative,unchanged_capture,3,18,0.026624,5.0E-4
65536,relative,unchanged_capture,3,19,0.026624,4.0E-4
65536,relative,unchanged_capture,3,20,0.0256,4.0E-4
65536,relative,unchanged_capture,3,21,0.0256,5.0E-4
65536,relative,unchanged_capture,3,22,0.023552,5.0E-4
65536,relative,unchanged_capture,3,23,0.0256,4.0E-4
65536,relative,unchanged_capture,3,24,0.0256,4.0E-4
65536,relative,unchanged_capture,3,25,0.029696,5.0E-4
65536,relative,unchanged_capture,3,26,0.028672,5.0E-4
65536,relative,unchanged_capture,3,27,0.026624,5.0E-4
65536,relative,unchanged_capture,3,28,0.026624,5.0E-4
65536,relative,unchanged_capture,3,29,0.029696,4.0E-4
65536,relative,unchanged_capture,3,30,0.0256,5.0E-4
65536,relative,unchanged_capture,3,31,0.0256,5.0E-4
65536,relative,unchanged_capture,3,32,0.0256,4.0E-4
65536,relative,unchanged_capture,3,33,0.027648,5.0E-4
65536,relative,unchanged_capture,3,34,0.023552,5.0E-4
65536,relative,unchanged_capture,3,35,0.036864,4.0E-4
65536,relative,unchanged_capture,3,36,0.026624,4.0E-4
65536,relative,unchanged_capture,3,37,0.026624,4.0E-4
65536,relative,unchanged_capture,3,38,0.026624,4.0E-4
65536,relative,unchanged_capture,3,39,0.0256,5.0E-4
65536,relative,unchanged_capture,3,40,0.027648,5.0E-4
65536,relative,unchanged_capture,3,41,0.026624,4.0E-4
65536,relative,unchanged_capture,3,42,0.0256,4.0E-4
65536,relative,unchanged_capture,3,43,0.0256,4.0E-4
65536,relative,unchanged_capture,3,44,0.028672,4.0E-4
65536,relative,unchanged_capture,3,45,0.0256,5.0E-4
65536,relative,unchanged_capture,3,46,0.0256,5.0E-4
65536,relative,unchanged_capture,3,47,0.026624,4.0E-4
65536,relative,unchanged_capture,3,48,0.024576,4.0E-4
65536,relative,unchanged_capture,3,49,0.026624,4.0E-4
65536,relative,unchanged_capture,3,50,0.026624,5.0E-4
65536,relative,unchanged_capture,3,51,0.0256,5.0E-4
65536,relative,unchanged_capture,3,52,0.023552,4.0E-4
65536,relative,unchanged_capture,3,53,0.023552,5.0E-4
65536,relative,unchanged_capture,3,54,0.036864,5.0E-4
65536,relative,unchanged_capture,3,55,0.026624,4.0E-4
65536,relative,unchanged_capture,3,56,0.027648,4.0E-4
65536,relative,unchanged_capture,3,57,0.026624,4.0E-4
65536,relative,unchanged_capture,3,58,0.026624,4.0E-4
65536,relative,unchanged_capture,3,59,0.024576,4.0E-4
65536,predicted,dirty_capture_cancel,3,0,0.050176,0.0365
65536,predicted,dirty_capture_cancel,3,1,0.04608,0.0086
65536,predicted,dirty_capture_cancel,3,2,0.044032,5.0E-4
65536,predicted,dirty_capture_cancel,3,3,0.055296,4.0E-4
65536,predicted,dirty_capture_cancel,3,4,0.044032,4.0E-4
65536,predicted,dirty_capture_cancel,3,5,0.044032,0.0073
65536,predicted,dirty_capture_cancel,3,6,0.043008,5.0E-4
65536,predicted,dirty_capture_cancel,3,7,0.04608,4.0E-4
65536,predicted,dirty_capture_cancel,3,8,0.050176,4.0E-4
65536,predicted,dirty_capture_cancel,3,9,0.044032,4.0E-4
65536,predicted,dirty_capture_cancel,3,10,0.0512,4.0E-4
65536,predicted,dirty_capture_cancel,3,11,0.045056,4.0E-4
65536,predicted,dirty_capture_cancel,3,12,0.044032,4.0E-4
65536,predicted,dirty_capture_cancel,3,13,0.045056,5.0E-4
65536,predicted,dirty_capture_cancel,3,14,0.044032,5.0E-4
65536,predicted,dirty_capture_cancel,3,15,0.04608,4.0E-4
65536,predicted,dirty_capture_cancel,3,16,0.052224,4.0E-4
65536,predicted,dirty_capture_cancel,3,17,0.04608,0.002
65536,predicted,dirty_capture_cancel,3,18,0.04608,4.0E-4
65536,predicted,dirty_capture_cancel,3,19,0.043008,4.0E-4
65536,predicted,dirty_capture_cancel,3,20,0.044032,4.0E-4
65536,predicted,dirty_capture_cancel,3,21,0.044032,4.0E-4
65536,predicted,dirty_capture_cancel,3,22,0.053248,4.0E-4
65536,predicted,dirty_capture_cancel,3,23,0.045056,3.0E-4
65536,predicted,dirty_capture_cancel,3,24,0.045056,4.0E-4
65536,predicted,dirty_capture_cancel,3,25,0.044032,4.0E-4
65536,predicted,dirty_capture_cancel,3,26,0.04608,4.0E-4
65536,predicted,dirty_capture_cancel,3,27,0.045056,6.0E-4
65536,predicted,dirty_capture_cancel,3,28,0.044032,5.0E-4
65536,predicted,dirty_capture_cancel,3,29,0.059392,4.0E-4
65536,predicted,dirty_capture_cancel,3,30,0.043008,5.0E-4
65536,predicted,dirty_capture_cancel,3,31,0.044032,4.0E-4
65536,predicted,dirty_capture_cancel,3,32,0.044032,4.0E-4
65536,predicted,dirty_capture_cancel,3,33,0.044032,4.0E-4
65536,predicted,dirty_capture_cancel,3,34,0.047104,4.0E-4
65536,predicted,dirty_capture_cancel,3,35,0.054272,4.0E-4
65536,predicted,dirty_capture_cancel,3,36,0.047104,4.0E-4
65536,predicted,dirty_capture_cancel,3,37,0.04608,7.0E-4
65536,predicted,dirty_capture_cancel,3,38,0.045056,4.0E-4
65536,predicted,dirty_capture_cancel,3,39,0.044032,4.0E-4
65536,predicted,dirty_capture_cancel,3,40,0.044032,4.0E-4
65536,predicted,dirty_capture_cancel,3,41,0.054272,4.0E-4
65536,predicted,dirty_capture_cancel,3,42,0.045056,4.0E-4
65536,predicted,dirty_capture_cancel,3,43,0.045056,4.0E-4
65536,predicted,dirty_capture_cancel,3,44,0.044032,5.0E-4
65536,predicted,dirty_capture_cancel,3,45,0.045056,3.0E-4
65536,predicted,dirty_capture_cancel,3,46,0.04608,4.0E-4
65536,predicted,dirty_capture_cancel,3,47,0.043008,4.0E-4
65536,predicted,dirty_capture_cancel,3,48,0.058368,4.0E-4
65536,predicted,dirty_capture_cancel,3,49,0.044032,4.0E-4
65536,predicted,dirty_capture_cancel,3,50,0.044032,3.0E-4
65536,predicted,dirty_capture_cancel,3,51,0.044032,4.0E-4
65536,predicted,dirty_capture_cancel,3,52,0.044032,5.0E-4
65536,predicted,dirty_capture_cancel,3,53,0.045056,4.0E-4
65536,predicted,dirty_capture_cancel,3,54,0.054272,4.0E-4
65536,predicted,dirty_capture_cancel,3,55,0.04608,4.0E-4
65536,predicted,dirty_capture_cancel,3,56,0.04608,4.0E-4
65536,predicted,dirty_capture_cancel,3,57,0.044032,4.0E-4
65536,predicted,dirty_capture_cancel,3,58,0.044032,4.0E-4
65536,predicted,dirty_capture_cancel,3,59,0.044032,6.0E-4
65536,predicted,unchanged_capture,3,0,0.026624,0.0028
65536,predicted,unchanged_capture,3,1,0.0256,4.0E-4
65536,predicted,unchanged_capture,3,2,0.0256,3.0E-4
65536,predicted,unchanged_capture,3,3,0.023552,3.0E-4
65536,predicted,unchanged_capture,3,4,0.028672,0.0026
65536,predicted,unchanged_capture,3,5,0.026624,4.0E-4
65536,predicted,unchanged_capture,3,6,0.023552,3.0E-4
65536,predicted,unchanged_capture,3,7,0.023552,3.0E-4
65536,predicted,unchanged_capture,3,8,0.0256,3.0E-4
65536,predicted,unchanged_capture,3,9,0.033792,3.0E-4
65536,predicted,unchanged_capture,3,10,0.028672,3.0E-4
65536,predicted,unchanged_capture,3,11,0.0256,3.0E-4
65536,predicted,unchanged_capture,3,12,0.026624,3.0E-4
65536,predicted,unchanged_capture,3,13,0.0256,4.0E-4
65536,predicted,unchanged_capture,3,14,0.0256,3.0E-4
65536,predicted,unchanged_capture,3,15,0.026624,4.0E-4
65536,predicted,unchanged_capture,3,16,0.026624,4.0E-4
65536,predicted,unchanged_capture,3,17,0.026624,3.0E-4
65536,predicted,unchanged_capture,3,18,0.024576,3.0E-4
65536,predicted,unchanged_capture,3,19,0.041984,3.0E-4
65536,predicted,unchanged_capture,3,20,0.026624,2.0E-4
65536,predicted,unchanged_capture,3,21,0.026624,3.0E-4
65536,predicted,unchanged_capture,3,22,0.026624,3.0E-4
65536,predicted,unchanged_capture,3,23,0.0256,3.0E-4
65536,predicted,unchanged_capture,3,24,0.026624,3.0E-4
65536,predicted,unchanged_capture,3,25,0.026624,3.0E-4
65536,predicted,unchanged_capture,3,26,0.0256,3.0E-4
65536,predicted,unchanged_capture,3,27,0.0256,3.0E-4
65536,predicted,unchanged_capture,3,28,0.029696,3.0E-4
65536,predicted,unchanged_capture,3,29,0.028672,3.0E-4
65536,predicted,unchanged_capture,3,30,0.026624,2.0E-4
65536,predicted,unchanged_capture,3,31,0.026624,3.0E-4
65536,predicted,unchanged_capture,3,32,0.0256,3.0E-4
65536,predicted,unchanged_capture,3,33,0.027648,3.0E-4
65536,predicted,unchanged_capture,3,34,0.026624,3.0E-4
65536,predicted,unchanged_capture,3,35,0.026624,3.0E-4
65536,predicted,unchanged_capture,3,36,0.026624,3.0E-4
65536,predicted,unchanged_capture,3,37,0.023552,3.0E-4
65536,predicted,unchanged_capture,3,38,0.04096,4.0E-4
65536,predicted,unchanged_capture,3,39,0.0256,3.0E-4
65536,predicted,unchanged_capture,3,40,0.0256,3.0E-4
65536,predicted,unchanged_capture,3,41,0.026624,3.0E-4
65536,predicted,unchanged_capture,3,42,0.0256,3.0E-4
65536,predicted,unchanged_capture,3,43,0.026624,3.0E-4
65536,predicted,unchanged_capture,3,44,0.026624,3.0E-4
65536,predicted,unchanged_capture,3,45,0.0256,3.0E-4
65536,predicted,unchanged_capture,3,46,0.0256,3.0E-4
65536,predicted,unchanged_capture,3,47,0.033792,3.0E-4
65536,predicted,unchanged_capture,3,48,0.024576,3.0E-4
65536,predicted,unchanged_capture,3,49,0.023552,3.0E-4
65536,predicted,unchanged_capture,3,50,0.023552,3.0E-4
65536,predicted,unchanged_capture,3,51,0.024576,4.0E-4
65536,predicted,unchanged_capture,3,52,0.026624,2.0E-4
65536,predicted,unchanged_capture,3,53,0.026624,3.0E-4
65536,predicted,unchanged_capture,3,54,0.026624,3.0E-4
65536,predicted,unchanged_capture,3,55,0.024576,3.0E-4
65536,predicted,unchanged_capture,3,56,0.023552,3.0E-4
65536,predicted,unchanged_capture,3,57,0.044032,3.0E-4
65536,predicted,unchanged_capture,3,58,0.027648,3.0E-4
65536,predicted,unchanged_capture,3,59,0.024576,3.0E-4
131072,relative,dirty_capture_cancel,1,0,0.06656,0.0027
131072,relative,dirty_capture_cancel,1,1,0.06656,0.0051
131072,relative,dirty_capture_cancel,1,2,0.06656,5.0E-4
131072,relative,dirty_capture_cancel,1,3,0.064512,5.0E-4
131072,relative,dirty_capture_cancel,1,4,0.065536,7.0E-4
131072,relative,dirty_capture_cancel,1,5,0.067584,4.0E-4
131072,relative,dirty_capture_cancel,1,6,0.080896,4.0E-4
131072,relative,dirty_capture_cancel,1,7,0.06656,5.0E-4
131072,relative,dirty_capture_cancel,1,8,0.065536,4.0E-4
131072,relative,dirty_capture_cancel,1,9,0.06656,5.0E-4
131072,relative,dirty_capture_cancel,1,10,0.069632,4.0E-4
131072,relative,dirty_capture_cancel,1,11,0.067584,5.0E-4
131072,relative,dirty_capture_cancel,1,12,0.075776,4.0E-4
131072,relative,dirty_capture_cancel,1,13,0.068608,3.0E-4
131072,relative,dirty_capture_cancel,1,14,0.067584,5.0E-4
131072,relative,dirty_capture_cancel,1,15,0.065536,4.0E-4
131072,relative,dirty_capture_cancel,1,16,0.06656,5.0E-4
131072,relative,dirty_capture_cancel,1,17,0.065536,4.0E-4
131072,relative,dirty_capture_cancel,1,18,0.075776,4.0E-4
131072,relative,dirty_capture_cancel,1,19,0.065536,5.0E-4
131072,relative,dirty_capture_cancel,1,20,0.065536,5.0E-4
131072,relative,dirty_capture_cancel,1,21,0.06656,5.0E-4
131072,relative,dirty_capture_cancel,1,22,0.068608,4.0E-4
131072,relative,dirty_capture_cancel,1,23,0.067584,5.0E-4
131072,relative,dirty_capture_cancel,1,24,0.06656,5.0E-4
131072,relative,dirty_capture_cancel,1,25,0.082944,5.0E-4
131072,relative,dirty_capture_cancel,1,26,0.065536,4.0E-4
131072,relative,dirty_capture_cancel,1,27,0.065536,3.0E-4
131072,relative,dirty_capture_cancel,1,28,0.065536,4.0E-4
131072,relative,dirty_capture_cancel,1,29,0.065536,5.0E-4
131072,relative,dirty_capture_cancel,1,30,0.067584,4.0E-4
131072,relative,dirty_capture_cancel,1,31,0.074752,6.0E-4
131072,relative,dirty_capture_cancel,1,32,0.067584,4.0E-4
131072,relative,dirty_capture_cancel,1,33,0.067584,5.0E-4
131072,relative,dirty_capture_cancel,1,34,0.065536,4.0E-4
131072,relative,dirty_capture_cancel,1,35,0.065536,4.0E-4
131072,relative,dirty_capture_cancel,1,36,0.065536,6.0E-4
131072,relative,dirty_capture_cancel,1,37,0.075776,4.0E-4
131072,relative,dirty_capture_cancel,1,38,0.06656,4.0E-4
131072,relative,dirty_capture_cancel,1,39,0.06656,4.0E-4
131072,relative,dirty_capture_cancel,1,40,0.065536,4.0E-4
131072,relative,dirty_capture_cancel,1,41,0.067584,6.0E-4
131072,relative,dirty_capture_cancel,1,42,0.067584,6.0E-4
131072,relative,dirty_capture_cancel,1,43,0.065536,5.0E-4
131072,relative,dirty_capture_cancel,1,44,0.08192,5.0E-4
131072,relative,dirty_capture_cancel,1,45,0.065536,4.0E-4
131072,relative,dirty_capture_cancel,1,46,0.065536,5.0E-4
131072,relative,dirty_capture_cancel,1,47,0.06656,5.0E-4
131072,relative,dirty_capture_cancel,1,48,0.065536,6.0E-4
131072,relative,dirty_capture_cancel,1,49,0.068608,4.0E-4
131072,relative,dirty_capture_cancel,1,50,0.074752,0.002
131072,relative,dirty_capture_cancel,1,51,0.068608,5.0E-4
131072,relative,dirty_capture_cancel,1,52,0.069632,4.0E-4
131072,relative,dirty_capture_cancel,1,53,0.065536,5.0E-4
131072,relative,dirty_capture_cancel,1,54,0.06656,5.0E-4
131072,relative,dirty_capture_cancel,1,55,0.06656,4.0E-4
131072,relative,dirty_capture_cancel,1,56,0.075776,4.0E-4
131072,relative,dirty_capture_cancel,1,57,0.065536,4.0E-4
131072,relative,dirty_capture_cancel,1,58,0.06656,5.0E-4
131072,relative,dirty_capture_cancel,1,59,0.06656,6.0E-4
131072,relative,unchanged_capture,1,0,0.03584,0.0027
131072,relative,unchanged_capture,1,1,0.032768,5.0E-4
131072,relative,unchanged_capture,1,2,0.033792,5.0E-4
131072,relative,unchanged_capture,1,3,0.034816,5.0E-4
131072,relative,unchanged_capture,1,4,0.036864,4.0E-4
131072,relative,unchanged_capture,1,5,0.032768,5.0E-4
131072,relative,unchanged_capture,1,6,0.036864,4.0E-4
131072,relative,unchanged_capture,1,7,0.04096,3.0E-4
131072,relative,unchanged_capture,1,8,0.034816,5.0E-4
131072,relative,unchanged_capture,1,9,0.03584,4.0E-4
131072,relative,unchanged_capture,1,10,0.036864,5.0E-4
131072,relative,unchanged_capture,1,11,0.03584,6.0E-4
131072,relative,unchanged_capture,1,12,0.03584,5.0E-4
131072,relative,unchanged_capture,1,13,0.034816,4.0E-4
131072,relative,unchanged_capture,1,14,0.03584,4.0E-4
131072,relative,unchanged_capture,1,15,0.034816,5.0E-4
131072,relative,unchanged_capture,1,16,0.031744,5.0E-4
131072,relative,unchanged_capture,1,17,0.048128,4.0E-4
131072,relative,unchanged_capture,1,18,0.034816,5.0E-4
131072,relative,unchanged_capture,1,19,0.03584,4.0E-4
131072,relative,unchanged_capture,1,20,0.03584,3.0E-4
131072,relative,unchanged_capture,1,21,0.034816,4.0E-4
131072,relative,unchanged_capture,1,22,0.03584,5.0E-4
131072,relative,unchanged_capture,1,23,0.036864,5.0E-4
131072,relative,unchanged_capture,1,24,0.034816,0.0021
131072,relative,unchanged_capture,1,25,0.037888,9.0E-4
131072,relative,unchanged_capture,1,26,0.041984,5.0E-4
131072,relative,unchanged_capture,1,27,0.034816,4.0E-4
131072,relative,unchanged_capture,1,28,0.03584,4.0E-4
131072,relative,unchanged_capture,1,29,0.037888,5.0E-4
131072,relative,unchanged_capture,1,30,0.03584,5.0E-4
131072,relative,unchanged_capture,1,31,0.037888,5.0E-4
131072,relative,unchanged_capture,1,32,0.034816,5.0E-4
131072,relative,unchanged_capture,1,33,0.034816,5.0E-4
131072,relative,unchanged_capture,1,34,0.034816,5.0E-4
131072,relative,unchanged_capture,1,35,0.032768,5.0E-4
131072,relative,unchanged_capture,1,36,0.052224,5.0E-4
131072,relative,unchanged_capture,1,37,0.034816,4.0E-4
131072,relative,unchanged_capture,1,38,0.03584,5.0E-4
131072,relative,unchanged_capture,1,39,0.036864,5.0E-4
131072,relative,unchanged_capture,1,40,0.03584,4.0E-4
131072,relative,unchanged_capture,1,41,0.03584,4.0E-4
131072,relative,unchanged_capture,1,42,0.038912,5.0E-4
131072,relative,unchanged_capture,1,43,0.03584,6.0E-4
131072,relative,unchanged_capture,1,44,0.034816,4.0E-4
131072,relative,unchanged_capture,1,45,0.041984,4.0E-4
131072,relative,unchanged_capture,1,46,0.034816,5.0E-4
131072,relative,unchanged_capture,1,47,0.03584,5.0E-4
131072,relative,unchanged_capture,1,48,0.03584,6.0E-4
131072,relative,unchanged_capture,1,49,0.03584,5.0E-4
131072,relative,unchanged_capture,1,50,0.038912,5.0E-4
131072,relative,unchanged_capture,1,51,0.034816,5.0E-4
131072,relative,unchanged_capture,1,52,0.034816,4.0E-4
131072,relative,unchanged_capture,1,53,0.037888,3.0E-4
131072,relative,unchanged_capture,1,54,0.032768,3.0E-4
131072,relative,unchanged_capture,1,55,0.048128,4.0E-4
131072,relative,unchanged_capture,1,56,0.034816,4.0E-4
131072,relative,unchanged_capture,1,57,0.034816,3.0E-4
131072,relative,unchanged_capture,1,58,0.04096,5.0E-4
131072,relative,unchanged_capture,1,59,0.032768,4.0E-4
131072,predicted,dirty_capture_cancel,1,0,0.067584,0.003
131072,predicted,dirty_capture_cancel,1,1,0.065536,4.0E-4
131072,predicted,dirty_capture_cancel,1,2,0.06656,4.0E-4
131072,predicted,dirty_capture_cancel,1,3,0.06656,4.0E-4
131072,predicted,dirty_capture_cancel,1,4,0.065536,4.0E-4
131072,predicted,dirty_capture_cancel,1,5,0.067584,6.0E-4
131072,predicted,dirty_capture_cancel,1,6,0.075776,4.0E-4
131072,predicted,dirty_capture_cancel,1,7,0.068608,4.0E-4
131072,predicted,dirty_capture_cancel,1,8,0.068608,5.0E-4
131072,predicted,dirty_capture_cancel,1,9,0.065536,5.0E-4
131072,predicted,dirty_capture_cancel,1,10,0.067584,4.0E-4
131072,predicted,dirty_capture_cancel,1,11,0.06656,5.0E-4
131072,predicted,dirty_capture_cancel,1,12,0.0768,6.0E-4
131072,predicted,dirty_capture_cancel,1,13,0.06656,4.0E-4
131072,predicted,dirty_capture_cancel,1,14,0.06656,4.0E-4
131072,predicted,dirty_capture_cancel,1,15,0.065536,4.0E-4
131072,predicted,dirty_capture_cancel,1,16,0.067584,5.0E-4
131072,predicted,dirty_capture_cancel,1,17,0.067584,4.0E-4
131072,predicted,dirty_capture_cancel,1,18,0.065536,4.0E-4
131072,predicted,dirty_capture_cancel,1,19,0.08192,4.0E-4
131072,predicted,dirty_capture_cancel,1,20,0.065536,4.0E-4
131072,predicted,dirty_capture_cancel,1,21,0.065536,5.0E-4
131072,predicted,dirty_capture_cancel,1,22,0.065536,4.0E-4
131072,predicted,dirty_capture_cancel,1,23,0.065536,4.0E-4
131072,predicted,dirty_capture_cancel,1,24,0.069632,4.0E-4
131072,predicted,dirty_capture_cancel,1,25,0.074752,4.0E-4
131072,predicted,dirty_capture_cancel,1,26,0.067584,4.0E-4
131072,predicted,dirty_capture_cancel,1,27,0.068608,5.0E-4
131072,predicted,dirty_capture_cancel,1,28,0.06656,4.0E-4
131072,predicted,dirty_capture_cancel,1,29,0.065536,4.0E-4
131072,predicted,dirty_capture_cancel,1,30,0.06656,4.0E-4
131072,predicted,dirty_capture_cancel,1,31,0.075776,4.0E-4
131072,predicted,dirty_capture_cancel,1,32,0.065536,4.0E-4
131072,predicted,dirty_capture_cancel,1,33,0.06656,4.0E-4
131072,predicted,dirty_capture_cancel,1,34,0.065536,4.0E-4
131072,predicted,dirty_capture_cancel,1,35,0.068608,4.0E-4
131072,predicted,dirty_capture_cancel,1,36,0.067584,4.0E-4
131072,predicted,dirty_capture_cancel,1,37,0.065536,4.0E-4
131072,predicted,dirty_capture_cancel,1,38,0.082944,6.0E-4
131072,predicted,dirty_capture_cancel,1,39,0.06656,4.0E-4
131072,predicted,dirty_capture_cancel,1,40,0.065536,5.0E-4
131072,predicted,dirty_capture_cancel,1,41,0.06656,5.0E-4
131072,predicted,dirty_capture_cancel,1,42,0.065536,4.0E-4
131072,predicted,dirty_capture_cancel,1,43,0.067584,5.0E-4
131072,predicted,dirty_capture_cancel,1,44,0.074752,4.0E-4
131072,predicted,dirty_capture_cancel,1,45,0.067584,4.0E-4
131072,predicted,dirty_capture_cancel,1,46,0.069632,4.0E-4
131072,predicted,dirty_capture_cancel,1,47,0.064512,4.0E-4
131072,predicted,dirty_capture_cancel,1,48,0.06656,4.0E-4
131072,predicted,dirty_capture_cancel,1,49,0.065536,4.0E-4
131072,predicted,dirty_capture_cancel,1,50,0.0768,3.0E-4
131072,predicted,dirty_capture_cancel,1,51,0.06656,4.0E-4
131072,predicted,dirty_capture_cancel,1,52,0.06656,3.0E-4
131072,predicted,dirty_capture_cancel,1,53,0.065536,4.0E-4
131072,predicted,dirty_capture_cancel,1,54,0.067584,4.0E-4
131072,predicted,dirty_capture_cancel,1,55,0.067584,4.0E-4
131072,predicted,dirty_capture_cancel,1,56,0.065536,4.0E-4
131072,predicted,dirty_capture_cancel,1,57,0.080896,5.0E-4
131072,predicted,dirty_capture_cancel,1,58,0.06656,4.0E-4
131072,predicted,dirty_capture_cancel,1,59,0.06656,4.0E-4
131072,predicted,unchanged_capture,1,0,0.03584,0.0025
131072,predicted,unchanged_capture,1,1,0.03584,4.0E-4
131072,predicted,unchanged_capture,1,2,0.038912,3.0E-4
131072,predicted,unchanged_capture,1,3,0.03584,4.0E-4
131072,predicted,unchanged_capture,1,4,0.034816,3.0E-4
131072,predicted,unchanged_capture,1,5,0.03584,3.0E-4
131072,predicted,unchanged_capture,1,6,0.03584,4.0E-4
131072,predicted,unchanged_capture,1,7,0.033792,4.0E-4
131072,predicted,unchanged_capture,1,8,0.039936,3.0E-4
131072,predicted,unchanged_capture,1,9,0.044032,3.0E-4
131072,predicted,unchanged_capture,1,10,0.036864,3.0E-4
131072,predicted,unchanged_capture,1,11,0.034816,3.0E-4
131072,predicted,unchanged_capture,1,12,0.03584,3.0E-4
131072,predicted,unchanged_capture,1,13,0.037888,3.0E-4
131072,predicted,unchanged_capture,1,14,0.034816,3.0E-4
131072,predicted,unchanged_capture,1,15,0.03584,3.0E-4
131072,predicted,unchanged_capture,1,16,0.037888,3.0E-4
131072,predicted,unchanged_capture,1,17,0.03584,3.0E-4
131072,predicted,unchanged_capture,1,18,0.033792,3.0E-4
131072,predicted,unchanged_capture,1,19,0.048128,3.0E-4
131072,predicted,unchanged_capture,1,20,0.03584,3.0E-4
131072,predicted,unchanged_capture,1,21,0.034816,3.0E-4
131072,predicted,unchanged_capture,1,22,0.03584,4.0E-4
131072,predicted,unchanged_capture,1,23,0.03584,4.0E-4
131072,predicted,unchanged_capture,1,24,0.038912,3.0E-4
131072,predicted,unchanged_capture,1,25,0.03584,4.0E-4
131072,predicted,unchanged_capture,1,26,0.036864,3.0E-4
131072,predicted,unchanged_capture,1,27,0.034816,3.0E-4
131072,predicted,unchanged_capture,1,28,0.043008,4.0E-4
131072,predicted,unchanged_capture,1,29,0.034816,0.0023
131072,predicted,unchanged_capture,1,30,0.034816,3.0E-4
131072,predicted,unchanged_capture,1,31,0.03584,3.0E-4
131072,predicted,unchanged_capture,1,32,0.038912,3.0E-4
131072,predicted,unchanged_capture,1,33,0.036864,3.0E-4
131072,predicted,unchanged_capture,1,34,0.03584,3.0E-4
131072,predicted,unchanged_capture,1,35,0.034816,3.0E-4
131072,predicted,unchanged_capture,1,36,0.034816,3.0E-4
131072,predicted,unchanged_capture,1,37,0.032768,3.0E-4
131072,predicted,unchanged_capture,1,38,0.048128,3.0E-4
131072,predicted,unchanged_capture,1,39,0.034816,3.0E-4
131072,predicted,unchanged_capture,1,40,0.036864,3.0E-4
131072,predicted,unchanged_capture,1,41,0.037888,3.0E-4
131072,predicted,unchanged_capture,1,42,0.034816,2.0E-4
131072,predicted,unchanged_capture,1,43,0.03584,3.0E-4
131072,predicted,unchanged_capture,1,44,0.034816,3.0E-4
131072,predicted,unchanged_capture,1,45,0.03584,3.0E-4
131072,predicted,unchanged_capture,1,46,0.036864,3.0E-4
131072,predicted,unchanged_capture,1,47,0.041984,3.0E-4
131072,predicted,unchanged_capture,1,48,0.03584,2.0E-4
131072,predicted,unchanged_capture,1,49,0.03584,2.0E-4
131072,predicted,unchanged_capture,1,50,0.03584,3.0E-4
131072,predicted,unchanged_capture,1,51,0.03584,3.0E-4
131072,predicted,unchanged_capture,1,52,0.038912,3.0E-4
131072,predicted,unchanged_capture,1,53,0.034816,3.0E-4
131072,predicted,unchanged_capture,1,54,0.038912,3.0E-4
131072,predicted,unchanged_capture,1,55,0.034816,3.0E-4
131072,predicted,unchanged_capture,1,56,0.032768,3.0E-4
131072,predicted,unchanged_capture,1,57,0.049152,3.0E-4
131072,predicted,unchanged_capture,1,58,0.036864,2.0E-4
131072,predicted,unchanged_capture,1,59,0.032768,3.0E-4
131072,predicted,dirty_capture_cancel,2,0,0.067584,0.0049
131072,predicted,dirty_capture_cancel,2,1,0.067584,5.0E-4
131072,predicted,dirty_capture_cancel,2,2,0.06656,4.0E-4
131072,predicted,dirty_capture_cancel,2,3,0.06656,5.0E-4
131072,predicted,dirty_capture_cancel,2,4,0.06656,4.0E-4
131072,predicted,dirty_capture_cancel,2,5,0.075776,4.0E-4
131072,predicted,dirty_capture_cancel,2,6,0.068608,4.0E-4
131072,predicted,dirty_capture_cancel,2,7,0.068608,4.0E-4
131072,predicted,dirty_capture_cancel,2,8,0.065536,4.0E-4
131072,predicted,dirty_capture_cancel,2,9,0.06656,4.0E-4
131072,predicted,dirty_capture_cancel,2,10,0.067584,4.0E-4
131072,predicted,dirty_capture_cancel,2,11,0.0768,5.0E-4
131072,predicted,dirty_capture_cancel,2,12,0.067584,4.0E-4
131072,predicted,dirty_capture_cancel,2,13,0.065536,5.0E-4
131072,predicted,dirty_capture_cancel,2,14,0.06656,4.0E-4
131072,predicted,dirty_capture_cancel,2,15,0.067584,4.0E-4
131072,predicted,dirty_capture_cancel,2,16,0.068608,4.0E-4
131072,predicted,dirty_capture_cancel,2,17,0.065536,4.0E-4
131072,predicted,dirty_capture_cancel,2,18,0.073728,5.0E-4
131072,predicted,dirty_capture_cancel,2,19,0.06656,3.0E-4
131072,predicted,dirty_capture_cancel,2,20,0.065536,5.0E-4
131072,predicted,dirty_capture_cancel,2,21,0.065536,5.0E-4
131072,predicted,dirty_capture_cancel,2,22,0.069632,4.0E-4
131072,predicted,dirty_capture_cancel,2,23,0.067584,4.0E-4
131072,predicted,dirty_capture_cancel,2,24,0.074752,4.0E-4
131072,predicted,dirty_capture_cancel,2,25,0.068608,4.0E-4
131072,predicted,dirty_capture_cancel,2,26,0.069632,4.0E-4
131072,predicted,dirty_capture_cancel,2,27,0.065536,4.0E-4
131072,predicted,dirty_capture_cancel,2,28,0.065536,4.0E-4
131072,predicted,dirty_capture_cancel,2,29,0.06656,5.0E-4
131072,predicted,dirty_capture_cancel,2,30,0.0768,4.0E-4
131072,predicted,dirty_capture_cancel,2,31,0.06656,4.0E-4
131072,predicted,dirty_capture_cancel,2,32,0.067584,4.0E-4
131072,predicted,dirty_capture_cancel,2,33,0.065536,4.0E-4
131072,predicted,dirty_capture_cancel,2,34,0.068608,4.0E-4
131072,predicted,dirty_capture_cancel,2,35,0.067584,4.0E-4
131072,predicted,dirty_capture_cancel,2,36,0.06656,4.0E-4
131072,predicted,dirty_capture_cancel,2,37,0.08192,4.0E-4
131072,predicted,dirty_capture_cancel,2,38,0.06656,5.0E-4
131072,predicted,dirty_capture_cancel,2,39,0.065536,4.0E-4
131072,predicted,dirty_capture_cancel,2,40,0.065536,4.0E-4
131072,predicted,dirty_capture_cancel,2,41,0.06656,4.0E-4
131072,predicted,dirty_capture_cancel,2,42,0.067584,4.0E-4
131072,predicted,dirty_capture_cancel,2,43,0.075776,4.0E-4
131072,predicted,dirty_capture_cancel,2,44,0.068608,4.0E-4
131072,predicted,dirty_capture_cancel,2,45,0.068608,4.0E-4
131072,predicted,dirty_capture_cancel,2,46,0.065536,4.0E-4
131072,predicted,dirty_capture_cancel,2,47,0.065536,4.0E-4
131072,predicted,dirty_capture_cancel,2,48,0.06656,4.0E-4
131072,predicted,dirty_capture_cancel,2,49,0.0768,4.0E-4
131072,predicted,dirty_capture_cancel,2,50,0.067584,4.0E-4
131072,predicted,dirty_capture_cancel,2,51,0.067584,4.0E-4
131072,predicted,dirty_capture_cancel,2,52,0.06656,5.0E-4
131072,predicted,dirty_capture_cancel,2,53,0.067584,5.0E-4
131072,predicted,dirty_capture_cancel,2,54,0.067584,4.0E-4
131072,predicted,dirty_capture_cancel,2,55,0.06656,5.0E-4
131072,predicted,dirty_capture_cancel,2,56,0.08192,4.0E-4
131072,predicted,dirty_capture_cancel,2,57,0.06656,4.0E-4
131072,predicted,dirty_capture_cancel,2,58,0.06656,4.0E-4
131072,predicted,dirty_capture_cancel,2,59,0.065536,4.0E-4
131072,predicted,unchanged_capture,2,0,0.03584,0.0024
131072,predicted,unchanged_capture,2,1,0.03584,4.0E-4
131072,predicted,unchanged_capture,2,2,0.033792,4.0E-4
131072,predicted,unchanged_capture,2,3,0.034816,3.0E-4
131072,predicted,unchanged_capture,2,4,0.034816,3.0E-4
131072,predicted,unchanged_capture,2,5,0.032768,3.0E-4
131072,predicted,unchanged_capture,2,6,0.032768,4.0E-4
131072,predicted,unchanged_capture,2,7,0.034816,3.0E-4
131072,predicted,unchanged_capture,2,8,0.034816,3.0E-4
131072,predicted,unchanged_capture,2,9,0.041984,3.0E-4
131072,predicted,unchanged_capture,2,10,0.034816,3.0E-4
131072,predicted,unchanged_capture,2,11,0.034816,3.0E-4
131072,predicted,unchanged_capture,2,12,0.03584,4.0E-4
131072,predicted,unchanged_capture,2,13,0.037888,3.0E-4
131072,predicted,unchanged_capture,2,14,0.037888,3.0E-4
131072,predicted,unchanged_capture,2,15,0.034816,3.0E-4
131072,predicted,unchanged_capture,2,16,0.03584,3.0E-4
131072,predicted,unchanged_capture,2,17,0.037888,3.0E-4
131072,predicted,unchanged_capture,2,18,0.032768,3.0E-4
131072,predicted,unchanged_capture,2,19,0.048128,2.0E-4
131072,predicted,unchanged_capture,2,20,0.03584,2.0E-4
131072,predicted,unchanged_capture,2,21,0.036864,3.0E-4
131072,predicted,unchanged_capture,2,22,0.034816,3.0E-4
131072,predicted,unchanged_capture,2,23,0.034816,3.0E-4
131072,predicted,unchanged_capture,2,24,0.034816,3.0E-4
131072,predicted,unchanged_capture,2,25,0.034816,3.0E-4
131072,predicted,unchanged_capture,2,26,0.034816,3.0E-4
131072,predicted,unchanged_capture,2,27,0.033792,3.0E-4
131072,predicted,unchanged_capture,2,28,0.041984,3.0E-4
131072,predicted,unchanged_capture,2,29,0.034816,3.0E-4
131072,predicted,unchanged_capture,2,30,0.038912,3.0E-4
131072,predicted,unchanged_capture,2,31,0.033792,3.0E-4
131072,predicted,unchanged_capture,2,32,0.031744,3.0E-4
131072,predicted,unchanged_capture,2,33,0.033792,3.0E-4
131072,predicted,unchanged_capture,2,34,0.034816,3.0E-4
131072,predicted,unchanged_capture,2,35,0.036864,3.0E-4
131072,predicted,unchanged_capture,2,36,0.032768,3.0E-4
131072,predicted,unchanged_capture,2,37,0.032768,3.0E-4
131072,predicted,unchanged_capture,2,38,0.048128,3.0E-4
131072,predicted,unchanged_capture,2,39,0.03584,3.0E-4
131072,predicted,unchanged_capture,2,40,0.03584,3.0E-4
131072,predicted,unchanged_capture,2,41,0.036864,3.0E-4
131072,predicted,unchanged_capture,2,42,0.03584,3.0E-4
131072,predicted,unchanged_capture,2,43,0.03584,3.0E-4
131072,predicted,unchanged_capture,2,44,0.03584,3.0E-4
131072,predicted,unchanged_capture,2,45,0.034816,3.0E-4
131072,predicted,unchanged_capture,2,46,0.033792,3.0E-4
131072,predicted,unchanged_capture,2,47,0.038912,3.0E-4
131072,predicted,unchanged_capture,2,48,0.034816,4.0E-4
131072,predicted,unchanged_capture,2,49,0.034816,3.0E-4
131072,predicted,unchanged_capture,2,50,0.032768,3.0E-4
131072,predicted,unchanged_capture,2,51,0.036864,3.0E-4
131072,predicted,unchanged_capture,2,52,0.034816,3.0E-4
131072,predicted,unchanged_capture,2,53,0.032768,3.0E-4
131072,predicted,unchanged_capture,2,54,0.034816,3.0E-4
131072,predicted,unchanged_capture,2,55,0.034816,2.0E-4
131072,predicted,unchanged_capture,2,56,0.032768,3.0E-4
131072,predicted,unchanged_capture,2,57,0.049152,3.0E-4
131072,predicted,unchanged_capture,2,58,0.038912,3.0E-4
131072,predicted,unchanged_capture,2,59,0.033792,2.0E-4
131072,relative,dirty_capture_cancel,2,0,0.068608,0.0038
131072,relative,dirty_capture_cancel,2,1,0.065536,0.0012
131072,relative,dirty_capture_cancel,2,2,0.06656,0.0015
131072,relative,dirty_capture_cancel,2,3,0.065536,0.0016
131072,relative,dirty_capture_cancel,2,4,0.06656,0.0016
131072,relative,dirty_capture_cancel,2,5,0.067584,0.0016
131072,relative,dirty_capture_cancel,2,6,0.075776,0.0016
131072,relative,dirty_capture_cancel,2,7,0.068608,0.0019
131072,relative,dirty_capture_cancel,2,8,0.068608,0.0016
131072,relative,dirty_capture_cancel,2,9,0.065536,0.0033
131072,relative,dirty_capture_cancel,2,10,0.06656,0.0017
131072,relative,dirty_capture_cancel,2,11,0.065536,7.0E-4
131072,relative,dirty_capture_cancel,2,12,0.075776,6.0E-4
131072,relative,dirty_capture_cancel,2,13,0.065536,8.0E-4
131072,relative,dirty_capture_cancel,2,14,0.065536,6.0E-4
131072,relative,dirty_capture_cancel,2,15,0.065536,7.0E-4
131072,relative,dirty_capture_cancel,2,16,0.067584,6.0E-4
131072,relative,dirty_capture_cancel,2,17,0.067584,7.0E-4
131072,relative,dirty_capture_cancel,2,18,0.064512,6.0E-4
131072,relative,dirty_capture_cancel,2,19,0.080896,7.0E-4
131072,relative,dirty_capture_cancel,2,20,0.064512,7.0E-4
131072,relative,dirty_capture_cancel,2,21,0.065536,7.0E-4
131072,relative,dirty_capture_cancel,2,22,0.06656,7.0E-4
131072,relative,dirty_capture_cancel,2,23,0.06656,6.0E-4
131072,relative,dirty_capture_cancel,2,24,0.067584,7.0E-4
131072,relative,dirty_capture_cancel,2,25,0.074752,7.0E-4
131072,relative,dirty_capture_cancel,2,26,0.068608,7.0E-4
131072,relative,dirty_capture_cancel,2,27,0.067584,7.0E-4
131072,relative,dirty_capture_cancel,2,28,0.065536,7.0E-4
131072,relative,dirty_capture_cancel,2,29,0.065536,7.0E-4
131072,relative,dirty_capture_cancel,2,30,0.065536,6.0E-4
131072,relative,dirty_capture_cancel,2,31,0.075776,7.0E-4
131072,relative,dirty_capture_cancel,2,32,0.06656,7.0E-4
131072,relative,dirty_capture_cancel,2,33,0.067584,7.0E-4
131072,relative,dirty_capture_cancel,2,34,0.06656,8.0E-4
131072,relative,dirty_capture_cancel,2,35,0.067584,7.0E-4
131072,relative,dirty_capture_cancel,2,36,0.067584,6.0E-4
131072,relative,dirty_capture_cancel,2,37,0.06656,7.0E-4
131072,relative,dirty_capture_cancel,2,38,0.080896,6.0E-4
131072,relative,dirty_capture_cancel,2,39,0.065536,7.0E-4
131072,relative,dirty_capture_cancel,2,40,0.065536,7.0E-4
131072,relative,dirty_capture_cancel,2,41,0.064512,7.0E-4
131072,relative,dirty_capture_cancel,2,42,0.065536,6.0E-4
131072,relative,dirty_capture_cancel,2,43,0.067584,6.0E-4
131072,relative,dirty_capture_cancel,2,44,0.074752,6.0E-4
131072,relative,dirty_capture_cancel,2,45,0.067584,7.0E-4
131072,relative,dirty_capture_cancel,2,46,0.069632,6.0E-4
131072,relative,dirty_capture_cancel,2,47,0.065536,6.0E-4
131072,relative,dirty_capture_cancel,2,48,0.064512,6.0E-4
131072,relative,dirty_capture_cancel,2,49,0.065536,7.0E-4
131072,relative,dirty_capture_cancel,2,50,0.075776,7.0E-4
131072,relative,dirty_capture_cancel,2,51,0.065536,7.0E-4
131072,relative,dirty_capture_cancel,2,52,0.065536,7.0E-4
131072,relative,dirty_capture_cancel,2,53,0.065536,7.0E-4
131072,relative,dirty_capture_cancel,2,54,0.06656,7.0E-4
131072,relative,dirty_capture_cancel,2,55,0.06656,7.0E-4
131072,relative,dirty_capture_cancel,2,56,0.065536,6.0E-4
131072,relative,dirty_capture_cancel,2,57,0.079872,7.0E-4
131072,relative,dirty_capture_cancel,2,58,0.065536,7.0E-4
131072,relative,dirty_capture_cancel,2,59,0.065536,7.0E-4
131072,relative,unchanged_capture,2,0,0.038912,0.0025
131072,relative,unchanged_capture,2,1,0.038912,3.0E-4
131072,relative,unchanged_capture,2,2,0.034816,3.0E-4
131072,relative,unchanged_capture,2,3,0.036864,3.0E-4
131072,relative,unchanged_capture,2,4,0.034816,3.0E-4
131072,relative,unchanged_capture,2,5,0.04608,3.0E-4
131072,relative,unchanged_capture,2,6,0.032768,3.0E-4
131072,relative,unchanged_capture,2,7,0.034816,4.0E-4
131072,relative,unchanged_capture,2,8,0.039936,3.0E-4
131072,relative,unchanged_capture,2,9,0.03584,4.0E-4
131072,relative,unchanged_capture,2,10,0.037888,3.0E-4
131072,relative,unchanged_capture,2,11,0.03584,3.0E-4
131072,relative,unchanged_capture,2,12,0.03584,3.0E-4
131072,relative,unchanged_capture,2,13,0.037888,3.0E-4
131072,relative,unchanged_capture,2,14,0.034816,3.0E-4
131072,relative,unchanged_capture,2,15,0.050176,4.0E-4
131072,relative,unchanged_capture,2,16,0.03584,3.0E-4
131072,relative,unchanged_capture,2,17,0.03584,4.0E-4
131072,relative,unchanged_capture,2,18,0.03584,3.0E-4
131072,relative,unchanged_capture,2,19,0.032768,3.0E-4
131072,relative,unchanged_capture,2,20,0.03584,3.0E-4
131072,relative,unchanged_capture,2,21,0.03584,3.0E-4
131072,relative,unchanged_capture,2,22,0.034816,3.0E-4
131072,relative,unchanged_capture,2,23,0.034816,3.0E-4
131072,relative,unchanged_capture,2,24,0.04608,4.0E-4
131072,relative,unchanged_capture,2,25,0.036864,3.0E-4
131072,relative,unchanged_capture,2,26,0.036864,4.0E-4
131072,relative,unchanged_capture,2,27,0.038912,3.0E-4
131072,relative,unchanged_capture,2,28,0.03584,4.0E-4
131072,relative,unchanged_capture,2,29,0.034816,3.0E-4
131072,relative,unchanged_capture,2,30,0.034816,4.0E-4
131072,relative,unchanged_capture,2,31,0.034816,3.0E-4
131072,relative,unchanged_capture,2,32,0.036864,3.0E-4
131072,relative,unchanged_capture,2,33,0.033792,3.0E-4
131072,relative,unchanged_capture,2,34,0.049152,4.0E-4
131072,relative,unchanged_capture,2,35,0.036864,3.0E-4
131072,relative,unchanged_capture,2,36,0.034816,3.0E-4
131072,relative,unchanged_capture,2,37,0.034816,3.0E-4
131072,relative,unchanged_capture,2,38,0.031744,3.0E-4
131072,relative,unchanged_capture,2,39,0.03584,4.0E-4
131072,relative,unchanged_capture,2,40,0.03584,3.0E-4
131072,relative,unchanged_capture,2,41,0.032768,3.0E-4
131072,relative,unchanged_capture,2,42,0.034816,4.0E-4
131072,relative,unchanged_capture,2,43,0.038912,4.0E-4
131072,relative,unchanged_capture,2,44,0.03584,4.0E-4
131072,relative,unchanged_capture,2,45,0.034816,3.0E-4
131072,relative,unchanged_capture,2,46,0.032768,3.0E-4
131072,relative,unchanged_capture,2,47,0.03584,3.0E-4
131072,relative,unchanged_capture,2,48,0.03584,4.0E-4
131072,relative,unchanged_capture,2,49,0.034816,3.0E-4
131072,relative,unchanged_capture,2,50,0.03584,4.0E-4
131072,relative,unchanged_capture,2,51,0.03584,3.0E-4
131072,relative,unchanged_capture,2,52,0.032768,3.0E-4
131072,relative,unchanged_capture,2,53,0.043008,3.0E-4
131072,relative,unchanged_capture,2,54,0.03584,3.0E-4
131072,relative,unchanged_capture,2,55,0.034816,3.0E-4
131072,relative,unchanged_capture,2,56,0.03584,4.0E-4
131072,relative,unchanged_capture,2,57,0.034816,3.0E-4
131072,relative,unchanged_capture,2,58,0.03584,3.0E-4
131072,relative,unchanged_capture,2,59,0.034816,0.0039
131072,relative,dirty_capture_cancel,3,0,0.068608,0.0032
131072,relative,dirty_capture_cancel,3,1,0.06656,7.0E-4
131072,relative,dirty_capture_cancel,3,2,0.067584,6.0E-4
131072,relative,dirty_capture_cancel,3,3,0.065536,5.0E-4
131072,relative,dirty_capture_cancel,3,4,0.06656,5.0E-4
131072,relative,dirty_capture_cancel,3,5,0.067584,5.0E-4
131072,relative,dirty_capture_cancel,3,6,0.075776,4.0E-4
131072,relative,dirty_capture_cancel,3,7,0.064512,5.0E-4
131072,relative,dirty_capture_cancel,3,8,0.06656,4.0E-4
131072,relative,dirty_capture_cancel,3,9,0.06656,4.0E-4
131072,relative,dirty_capture_cancel,3,10,0.065536,5.0E-4
131072,relative,dirty_capture_cancel,3,11,0.065536,5.0E-4
131072,relative,dirty_capture_cancel,3,12,0.075776,5.0E-4
131072,relative,dirty_capture_cancel,3,13,0.065536,5.0E-4
131072,relative,dirty_capture_cancel,3,14,0.065536,4.0E-4
131072,relative,dirty_capture_cancel,3,15,0.065536,4.0E-4
131072,relative,dirty_capture_cancel,3,16,0.067584,4.0E-4
131072,relative,dirty_capture_cancel,3,17,0.067584,4.0E-4
131072,relative,dirty_capture_cancel,3,18,0.065536,5.0E-4
131072,relative,dirty_capture_cancel,3,19,0.080896,5.0E-4
131072,relative,dirty_capture_cancel,3,20,0.06656,4.0E-4
131072,relative,dirty_capture_cancel,3,21,0.065536,4.0E-4
131072,relative,dirty_capture_cancel,3,22,0.065536,5.0E-4
131072,relative,dirty_capture_cancel,3,23,0.065536,5.0E-4
131072,relative,dirty_capture_cancel,3,24,0.068608,4.0E-4
131072,relative,dirty_capture_cancel,3,25,0.075776,5.0E-4
131072,relative,dirty_capture_cancel,3,26,0.068608,4.0E-4
131072,relative,dirty_capture_cancel,3,27,0.068608,4.0E-4
131072,relative,dirty_capture_cancel,3,28,0.065536,4.0E-4
131072,relative,dirty_capture_cancel,3,29,0.065536,5.0E-4
131072,relative,dirty_capture_cancel,3,30,0.065536,5.0E-4
131072,relative,dirty_capture_cancel,3,31,0.075776,4.0E-4
131072,relative,dirty_capture_cancel,3,32,0.06656,5.0E-4
131072,relative,dirty_capture_cancel,3,33,0.06656,4.0E-4
131072,relative,dirty_capture_cancel,3,34,0.06656,5.0E-4
131072,relative,dirty_capture_cancel,3,35,0.06656,5.0E-4
131072,relative,dirty_capture_cancel,3,36,0.06656,4.0E-4
131072,relative,dirty_capture_cancel,3,37,0.06656,5.0E-4
131072,relative,dirty_capture_cancel,3,38,0.08192,5.0E-4
131072,relative,dirty_capture_cancel,3,39,0.065536,4.0E-4
131072,relative,dirty_capture_cancel,3,40,0.065536,5.0E-4
131072,relative,dirty_capture_cancel,3,41,0.065536,5.0E-4
131072,relative,dirty_capture_cancel,3,42,0.065536,5.0E-4
131072,relative,dirty_capture_cancel,3,43,0.068608,5.0E-4
131072,relative,dirty_capture_cancel,3,44,0.074752,4.0E-4
131072,relative,dirty_capture_cancel,3,45,0.067584,4.0E-4
131072,relative,dirty_capture_cancel,3,46,0.068608,4.0E-4
131072,relative,dirty_capture_cancel,3,47,0.065536,4.0E-4
131072,relative,dirty_capture_cancel,3,48,0.06656,5.0E-4
131072,relative,dirty_capture_cancel,3,49,0.065536,4.0E-4
131072,relative,dirty_capture_cancel,3,50,0.074752,4.0E-4
131072,relative,dirty_capture_cancel,3,51,0.065536,5.0E-4
131072,relative,dirty_capture_cancel,3,52,0.06656,4.0E-4
131072,relative,dirty_capture_cancel,3,53,0.065536,4.0E-4
131072,relative,dirty_capture_cancel,3,54,0.06656,4.0E-4
131072,relative,dirty_capture_cancel,3,55,0.067584,5.0E-4
131072,relative,dirty_capture_cancel,3,56,0.064512,5.0E-4
131072,relative,dirty_capture_cancel,3,57,0.080896,5.0E-4
131072,relative,dirty_capture_cancel,3,58,0.065536,0.0023
131072,relative,dirty_capture_cancel,3,59,0.06656,5.0E-4
131072,relative,unchanged_capture,3,0,0.037888,0.0026
131072,relative,unchanged_capture,3,1,0.034816,4.0E-4
131072,relative,unchanged_capture,3,2,0.032768,3.0E-4
131072,relative,unchanged_capture,3,3,0.03584,3.0E-4
131072,relative,unchanged_capture,3,4,0.034816,4.0E-4
131072,relative,unchanged_capture,3,5,0.032768,0.0036
131072,relative,unchanged_capture,3,6,0.031744,0.0012
131072,relative,unchanged_capture,3,7,0.034816,7.0E-4
131072,relative,unchanged_capture,3,8,0.034816,0.0015
131072,relative,unchanged_capture,3,9,0.043008,0.0015
131072,relative,unchanged_capture,3,10,0.036864,0.0017
131072,relative,unchanged_capture,3,11,0.032768,0.0016
131072,relative,unchanged_capture,3,12,0.034816,0.0015
131072,relative,unchanged_capture,3,13,0.034816,6.0E-4
131072,relative,unchanged_capture,3,14,0.034816,6.0E-4
131072,relative,unchanged_capture,3,15,0.034816,6.0E-4
131072,relative,unchanged_capture,3,16,0.03584,5.0E-4
131072,relative,unchanged_capture,3,17,0.034816,5.0E-4
131072,relative,unchanged_capture,3,18,0.033792,6.0E-4
131072,relative,unchanged_capture,3,19,0.049152,5.0E-4
131072,relative,unchanged_capture,3,20,0.036864,7.0E-4
131072,relative,unchanged_capture,3,21,0.03584,6.0E-4
131072,relative,unchanged_capture,3,22,0.03584,6.0E-4
131072,relative,unchanged_capture,3,23,0.034816,5.0E-4
131072,relative,unchanged_capture,3,24,0.03584,6.0E-4
131072,relative,unchanged_capture,3,25,0.032768,6.0E-4
131072,relative,unchanged_capture,3,26,0.034816,6.0E-4
131072,relative,unchanged_capture,3,27,0.034816,0.0015
131072,relative,unchanged_capture,3,28,0.038912,6.0E-4
131072,relative,unchanged_capture,3,29,0.034816,7.0E-4
131072,relative,unchanged_capture,3,30,0.03584,6.0E-4
131072,relative,unchanged_capture,3,31,0.032768,6.0E-4
131072,relative,unchanged_capture,3,32,0.034816,5.0E-4
131072,relative,unchanged_capture,3,33,0.034816,6.0E-4
131072,relative,unchanged_capture,3,34,0.034816,5.0E-4
131072,relative,unchanged_capture,3,35,0.034816,6.0E-4
131072,relative,unchanged_capture,3,36,0.03584,6.0E-4
131072,relative,unchanged_capture,3,37,0.032768,6.0E-4
131072,relative,unchanged_capture,3,38,0.053248,6.0E-4
131072,relative,unchanged_capture,3,39,0.037888,6.0E-4
131072,relative,unchanged_capture,3,40,0.03584,6.0E-4
131072,relative,unchanged_capture,3,41,0.034816,6.0E-4
131072,relative,unchanged_capture,3,42,0.038912,6.0E-4
131072,relative,unchanged_capture,3,43,0.034816,5.0E-4
131072,relative,unchanged_capture,3,44,0.033792,5.0E-4
131072,relative,unchanged_capture,3,45,0.036864,5.0E-4
131072,relative,unchanged_capture,3,46,0.034816,5.0E-4
131072,relative,unchanged_capture,3,47,0.038912,5.0E-4
131072,relative,unchanged_capture,3,48,0.034816,6.0E-4
131072,relative,unchanged_capture,3,49,0.034816,6.0E-4
131072,relative,unchanged_capture,3,50,0.033792,6.0E-4
131072,relative,unchanged_capture,3,51,0.034816,5.0E-4
131072,relative,unchanged_capture,3,52,0.034816,6.0E-4
131072,relative,unchanged_capture,3,53,0.033792,6.0E-4
131072,relative,unchanged_capture,3,54,0.034816,6.0E-4
131072,relative,unchanged_capture,3,55,0.034816,5.0E-4
131072,relative,unchanged_capture,3,56,0.032768,6.0E-4
131072,relative,unchanged_capture,3,57,0.047104,5.0E-4
131072,relative,unchanged_capture,3,58,0.034816,7.0E-4
131072,relative,unchanged_capture,3,59,0.033792,6.0E-4
131072,predicted,dirty_capture_cancel,3,0,0.068608,0.0054
131072,predicted,dirty_capture_cancel,3,1,0.06656,7.0E-4
131072,predicted,dirty_capture_cancel,3,2,0.065536,7.0E-4
131072,predicted,dirty_capture_cancel,3,3,0.067584,8.0E-4
131072,predicted,dirty_capture_cancel,3,4,0.06656,7.0E-4
131072,predicted,dirty_capture_cancel,3,5,0.069632,7.0E-4
131072,predicted,dirty_capture_cancel,3,6,0.0768,7.0E-4
131072,predicted,dirty_capture_cancel,3,7,0.067584,0.0038
131072,predicted,dirty_capture_cancel,3,8,0.069632,9.0E-4
131072,predicted,dirty_capture_cancel,3,9,0.065536,7.0E-4
131072,predicted,dirty_capture_cancel,3,10,0.06656,7.0E-4
131072,predicted,dirty_capture_cancel,3,11,0.065536,7.0E-4
131072,predicted,dirty_capture_cancel,3,12,0.0768,7.0E-4
131072,predicted,dirty_capture_cancel,3,13,0.06656,7.0E-4
131072,predicted,dirty_capture_cancel,3,14,0.065536,7.0E-4
131072,predicted,dirty_capture_cancel,3,15,0.065536,6.0E-4
131072,predicted,dirty_capture_cancel,3,16,0.067584,6.0E-4
131072,predicted,dirty_capture_cancel,3,17,0.067584,6.0E-4
131072,predicted,dirty_capture_cancel,3,18,0.067584,7.0E-4
131072,predicted,dirty_capture_cancel,3,19,0.08192,7.0E-4
131072,predicted,dirty_capture_cancel,3,20,0.06656,7.0E-4
131072,predicted,dirty_capture_cancel,3,21,0.06656,6.0E-4
131072,predicted,dirty_capture_cancel,3,22,0.065536,7.0E-4
131072,predicted,dirty_capture_cancel,3,23,0.06656,6.0E-4
131072,predicted,dirty_capture_cancel,3,24,0.067584,7.0E-4
131072,predicted,dirty_capture_cancel,3,25,0.075776,7.0E-4
131072,predicted,dirty_capture_cancel,3,26,0.067584,7.0E-4
131072,predicted,dirty_capture_cancel,3,27,0.068608,7.0E-4
131072,predicted,dirty_capture_cancel,3,28,0.065536,7.0E-4
131072,predicted,dirty_capture_cancel,3,29,0.065536,7.0E-4
131072,predicted,dirty_capture_cancel,3,30,0.06656,8.0E-4
131072,predicted,dirty_capture_cancel,3,31,0.075776,6.0E-4
131072,predicted,dirty_capture_cancel,3,32,0.06656,7.0E-4
131072,predicted,dirty_capture_cancel,3,33,0.06656,7.0E-4
131072,predicted,dirty_capture_cancel,3,34,0.065536,7.0E-4
131072,predicted,dirty_capture_cancel,3,35,0.065536,7.0E-4
131072,predicted,dirty_capture_cancel,3,36,0.067584,7.0E-4
131072,predicted,dirty_capture_cancel,3,37,0.06656,7.0E-4
131072,predicted,dirty_capture_cancel,3,38,0.082944,6.0E-4
131072,predicted,dirty_capture_cancel,3,39,0.06656,6.0E-4
131072,predicted,dirty_capture_cancel,3,40,0.06656,7.0E-4
131072,predicted,dirty_capture_cancel,3,41,0.06656,6.0E-4
131072,predicted,dirty_capture_cancel,3,42,0.06656,8.0E-4
131072,predicted,dirty_capture_cancel,3,43,0.068608,7.0E-4
131072,predicted,dirty_capture_cancel,3,44,0.074752,8.0E-4
131072,predicted,dirty_capture_cancel,3,45,0.068608,6.0E-4
131072,predicted,dirty_capture_cancel,3,46,0.068608,7.0E-4
131072,predicted,dirty_capture_cancel,3,47,0.065536,7.0E-4
131072,predicted,dirty_capture_cancel,3,48,0.065536,7.0E-4
131072,predicted,dirty_capture_cancel,3,49,0.065536,7.0E-4
131072,predicted,dirty_capture_cancel,3,50,0.075776,7.0E-4
131072,predicted,dirty_capture_cancel,3,51,0.065536,6.0E-4
131072,predicted,dirty_capture_cancel,3,52,0.065536,6.0E-4
131072,predicted,dirty_capture_cancel,3,53,0.065536,8.0E-4
131072,predicted,dirty_capture_cancel,3,54,0.068608,6.0E-4
131072,predicted,dirty_capture_cancel,3,55,0.06656,6.0E-4
131072,predicted,dirty_capture_cancel,3,56,0.065536,7.0E-4
131072,predicted,dirty_capture_cancel,3,57,0.080896,8.0E-4
131072,predicted,dirty_capture_cancel,3,58,0.06656,0.0109
131072,predicted,dirty_capture_cancel,3,59,0.067584,0.0016
131072,predicted,unchanged_capture,3,0,0.03584,0.0028
131072,predicted,unchanged_capture,3,1,0.033792,4.0E-4
131072,predicted,unchanged_capture,3,2,0.032768,4.0E-4
131072,predicted,unchanged_capture,3,3,0.033792,3.0E-4
131072,predicted,unchanged_capture,3,4,0.03584,3.0E-4
131072,predicted,unchanged_capture,3,5,0.032768,4.0E-4
131072,predicted,unchanged_capture,3,6,0.03584,3.0E-4
131072,predicted,unchanged_capture,3,7,0.033792,4.0E-4
131072,predicted,unchanged_capture,3,8,0.033792,3.0E-4
131072,predicted,unchanged_capture,3,9,0.043008,3.0E-4
131072,predicted,unchanged_capture,3,10,0.034816,3.0E-4
131072,predicted,unchanged_capture,3,11,0.034816,3.0E-4
131072,predicted,unchanged_capture,3,12,0.034816,3.0E-4
131072,predicted,unchanged_capture,3,13,0.034816,6.0E-4
131072,predicted,unchanged_capture,3,14,0.032768,3.0E-4
131072,predicted,unchanged_capture,3,15,0.034816,4.0E-4
131072,predicted,unchanged_capture,3,16,0.033792,4.0E-4
131072,predicted,unchanged_capture,3,17,0.032768,3.0E-4
131072,predicted,unchanged_capture,3,18,0.032768,4.0E-4
131072,predicted,unchanged_capture,3,19,0.052224,3.0E-4
131072,predicted,unchanged_capture,3,20,0.03584,3.0E-4
131072,predicted,unchanged_capture,3,21,0.038912,4.0E-4
131072,predicted,unchanged_capture,3,22,0.036864,4.0E-4
131072,predicted,unchanged_capture,3,23,0.034816,3.0E-4
131072,predicted,unchanged_capture,3,24,0.03584,3.0E-4
131072,predicted,unchanged_capture,3,25,0.032768,3.0E-4
131072,predicted,unchanged_capture,3,26,0.036864,4.0E-4
131072,predicted,unchanged_capture,3,27,0.034816,3.0E-4
131072,predicted,unchanged_capture,3,28,0.039936,3.0E-4
131072,predicted,unchanged_capture,3,29,0.034816,3.0E-4
131072,predicted,unchanged_capture,3,30,0.03584,3.0E-4
131072,predicted,unchanged_capture,3,31,0.032768,3.0E-4
131072,predicted,unchanged_capture,3,32,0.034816,4.0E-4
131072,predicted,unchanged_capture,3,33,0.033792,4.0E-4
131072,predicted,unchanged_capture,3,34,0.034816,3.0E-4
131072,predicted,unchanged_capture,3,35,0.034816,4.0E-4
131072,predicted,unchanged_capture,3,36,0.032768,4.0E-4
131072,predicted,unchanged_capture,3,37,0.032768,3.0E-4
131072,predicted,unchanged_capture,3,38,0.052224,4.0E-4
131072,predicted,unchanged_capture,3,39,0.034816,3.0E-4
131072,predicted,unchanged_capture,3,40,0.034816,3.0E-4
131072,predicted,unchanged_capture,3,41,0.034816,3.0E-4
131072,predicted,unchanged_capture,3,42,0.032768,4.0E-4
131072,predicted,unchanged_capture,3,43,0.03584,3.0E-4
131072,predicted,unchanged_capture,3,44,0.03584,4.0E-4
131072,predicted,unchanged_capture,3,45,0.03584,3.0E-4
131072,predicted,unchanged_capture,3,46,0.03584,3.0E-4
131072,predicted,unchanged_capture,3,47,0.043008,3.0E-4
131072,predicted,unchanged_capture,3,48,0.034816,4.0E-4
131072,predicted,unchanged_capture,3,49,0.03584,3.0E-4
131072,predicted,unchanged_capture,3,50,0.032768,3.0E-4
131072,predicted,unchanged_capture,3,51,0.034816,4.0E-4
131072,predicted,unchanged_capture,3,52,0.034816,4.0E-4
131072,predicted,unchanged_capture,3,53,0.033792,3.0E-4
131072,predicted,unchanged_capture,3,54,0.034816,3.0E-4
131072,predicted,unchanged_capture,3,55,0.03584,4.0E-4
131072,predicted,unchanged_capture,3,56,0.033792,3.0E-4
131072,predicted,unchanged_capture,3,57,0.0512,0.0034
131072,predicted,unchanged_capture,3,58,0.034816,4.0E-4
131072,predicted,unchanged_capture,3,59,0.032768,3.0E-4
