count,mode,run,sample,gpu_ms,cpu_submit_ms
10000,current_group,0,0,0.036864,0.0034
10000,current_group,0,1,0.032768,0.0038
10000,current_group,0,2,0.037888,0.0032
10000,current_group,0,3,0.03584,0.0032
10000,current_group,0,4,0.037888,0.003
10000,current_group,0,5,0.032768,0.0038
10000,current_group,0,6,0.037888,0.0043
10000,current_group,0,7,0.032768,0.0034
10000,current_group,0,8,0.036864,0.0039
10000,current_group,0,9,0.031744,0.0041
10000,current_group,0,10,0.036864,0.0029
10000,current_group,0,11,0.032768,0.003
10000,current_group,0,12,0.037888,0.0033
10000,current_group,0,13,0.03584,0.0031
10000,current_group,0,14,0.038912,0.0029
10000,current_group,0,15,0.032768,0.0038
10000,current_group,0,16,0.03072,0.0031
10000,current_group,0,17,0.031744,0.0033
10000,current_group,0,18,0.036864,0.0038
10000,current_group,0,19,0.032768,0.0042
10000,current_group,0,20,0.037888,0.0029
10000,current_group,0,21,0.032768,0.003
10000,current_group,0,22,0.03072,0.003
10000,current_group,0,23,0.03584,0.003
10000,current_group,0,24,0.036864,0.0038
10000,current_group,0,25,0.032768,0.0036
10000,current_group,0,26,0.036864,0.0031
10000,current_group,0,27,0.031744,0.003
10000,current_group,0,28,0.037888,0.0033
10000,current_group,0,29,0.032768,0.0037
10000,current_group,0,30,0.03072,0.0037
10000,current_group,0,31,0.032768,0.0029
10000,current_group,0,32,0.037888,0.003
10000,current_group,0,33,0.03584,0.005
10000,current_group,0,34,0.037888,0.0029
10000,current_group,0,35,0.032768,0.003
10000,current_group,0,36,0.029696,0.003
10000,current_group,0,37,0.032768,0.003
10000,current_group,0,38,0.037888,0.003
10000,current_group,0,39,0.032768,0.003
10000,current_group,0,40,0.037888,0.003
10000,current_group,0,41,0.032768,0.003
10000,current_group,0,42,0.03072,0.004
10000,current_group,0,43,0.03584,0.0036
10000,current_group,0,44,0.037888,0.0034
10000,current_group,0,45,0.032768,0.0031
10000,current_group,0,46,0.036864,0.0029
10000,current_group,0,47,0.03584,0.0031
10000,current_group,0,48,0.037888,0.003
10000,current_group,0,49,0.032768,0.003
10000,current_group,0,50,0.036864,0.003
10000,current_group,0,51,0.032768,0.0031
10000,current_group,0,52,0.037888,0.0029
10000,current_group,0,53,0.037888,0.0029
10000,current_group,0,54,0.029696,0.003
10000,current_group,0,55,0.032768,0.0028
10000,current_group,0,56,0.037888,0.003
10000,current_group,0,57,0.032768,0.0027
10000,current_group,0,58,0.037888,0.003
10000,current_group,0,59,0.032768,0.003
10000,current_group,0,60,0.03072,0.0032
10000,current_group,0,61,0.029696,0.003
10000,current_group,0,62,0.03072,0.0031
10000,current_group,0,63,0.027648,0.0032
10000,current_group,0,64,0.029696,0.003
10000,current_group,0,65,0.028672,0.0031
10000,current_group,0,66,0.03072,0.0031
10000,current_group,0,67,0.036864,0.003
10000,current_group,0,68,0.03072,0.0029
10000,current_group,0,69,0.027648,0.003
10000,current_group,0,70,0.03072,0.0039
10000,current_group,0,71,0.036864,0.0039
10000,current_group,0,72,0.03072,0.0039
10000,current_group,0,73,0.028672,0.0031
10000,current_group,0,74,0.03072,0.003
10000,current_group,0,75,0.03584,0.0034
10000,current_group,0,76,0.03072,0.0038
10000,current_group,0,77,0.028672,0.0055
10000,current_group,0,78,0.03072,0.0039
10000,current_group,0,79,0.036864,0.0031
10000,current_group,0,80,0.03072,0.0028
10000,current_group,0,81,0.028672,0.0028
10000,current_group,0,82,0.03072,0.0031
10000,current_group,0,83,0.029696,0.0045
10000,current_group,0,84,0.03072,0.0038
10000,current_group,0,85,0.036864,0.0039
10000,current_group,0,86,0.03072,0.0031
10000,current_group,0,87,0.03584,0.0035
10000,current_group,0,88,0.03072,0.0039
10000,current_group,0,89,0.029696,0.0031
10000,current_group,0,90,0.031744,0.0039
10000,current_group,0,91,0.03072,0.0038
10000,current_group,0,92,0.031744,0.0035
10000,current_group,0,93,0.03072,0.0031
10000,current_group,0,94,0.031744,0.003
10000,current_group,0,95,0.031744,0.0031
10000,current_group,0,96,0.031744,0.0032
10000,current_group,0,97,0.03072,0.0032
10000,current_group,0,98,0.031744,0.0031
10000,current_group,0,99,0.031744,0.0031
10000,current_group,0,100,0.031744,0.003
10000,current_group,0,101,0.03584,0.003
10000,current_group,0,102,0.03072,0.0036
10000,current_group,0,103,0.029696,0.0031
10000,current_group,0,104,0.03072,0.0031
10000,current_group,0,105,0.036864,0.0032
10000,current_group,0,106,0.03072,0.0032
10000,current_group,0,107,0.03584,0.0032
10000,current_group,0,108,0.03072,0.0031
10000,current_group,0,109,0.03584,0.0034
10000,current_group,0,110,0.037888,0.0031
10000,current_group,0,111,0.032768,0.003
10000,current_group,0,112,0.029696,0.003
10000,current_group,0,113,0.031744,0.003
10000,current_group,0,114,0.036864,0.0031
10000,current_group,0,115,0.032768,0.003
10000,current_group,0,116,0.032768,0.0031
10000,current_group,0,117,0.032768,0.0031
10000,current_group,0,118,0.03072,0.0032
10000,current_group,0,119,0.034816,0.0031
10000,current_group,1,0,0.028672,0.024
10000,current_group,1,1,0.028672,0.0046
10000,current_group,1,2,0.037888,0.0095
10000,current_group,1,3,0.03584,0.004
10000,current_group,1,4,0.031744,0.0053
10000,current_group,1,5,0.032768,0.0039
10000,current_group,1,6,0.03072,0.0037
10000,current_group,1,7,0.031744,0.0038
10000,current_group,1,8,0.031744,0.0043
10000,current_group,1,9,0.032768,0.0042
10000,current_group,1,10,0.03072,0.0055
10000,current_group,1,11,0.032768,0.0038
10000,current_group,1,12,0.037888,0.0038
10000,current_group,1,13,0.03584,0.0051
10000,current_group,1,14,0.031744,0.0039
10000,current_group,1,15,0.03584,0.0037
10000,current_group,1,16,0.031744,0.0053
10000,current_group,1,17,0.028672,0.0054
10000,current_group,1,18,0.031744,0.0051
10000,current_group,1,19,0.03584,0.0037
10000,current_group,1,20,0.03072,0.0038
10000,current_group,1,21,0.032768,0.0037
10000,current_group,1,22,0.03072,0.0054
10000,current_group,1,23,0.028672,0.0036
10000,current_group,1,24,0.031744,0.0037
10000,current_group,1,25,0.028672,0.0039
10000,current_group,1,26,0.03072,0.0139
10000,current_group,1,27,0.027648,0.0038
10000,current_group,1,28,0.03072,0.0039
10000,current_group,1,29,0.03584,0.0035
10000,current_group,1,30,0.037888,0.0034
10000,current_group,1,31,0.032768,0.0049
10000,current_group,1,32,0.037888,0.0035
10000,current_group,1,33,0.029696,0.0034
10000,current_group,1,34,0.037888,0.0036
10000,current_group,1,35,0.031744,0.0035
10000,current_group,1,36,0.03072,0.0035
10000,current_group,1,37,0.033792,0.0035
10000,current_group,1,38,0.037888,0.0065
10000,current_group,1,39,0.032768,0.0051
10000,current_group,1,40,0.037888,0.004
10000,current_group,1,41,0.031744,0.0048
10000,current_group,1,42,0.038912,0.004
10000,current_group,1,43,0.03584,0.0081
10000,current_group,1,44,0.037888,0.0089
10000,current_group,1,45,0.031744,0.0083
10000,current_group,1,46,0.031744,0.0087
10000,current_group,1,47,0.03072,0.0178
10000,current_group,1,48,0.031744,0.0177
10000,current_group,1,49,0.03072,0.0143
10000,current_group,1,50,0.037888,0.013
10000,current_group,1,51,0.031744,0.0077
10000,current_group,1,52,0.03072,0.0071
10000,current_group,1,53,0.03584,0.006
10000,current_group,1,54,0.037888,0.0058
10000,current_group,1,55,0.03584,0.0059
10000,current_group,1,56,0.03072,0.0057
10000,current_group,1,57,0.031744,0.0046
10000,current_group,1,58,0.037888,0.0047
10000,current_group,1,59,0.032768,0.0047
10000,current_group,1,60,0.037888,0.0064
10000,current_group,1,61,0.032768,0.006
10000,current_group,1,62,0.036864,0.0047
10000,current_group,1,63,0.03584,0.0047
10000,current_group,1,64,0.037888,0.0045
10000,current_group,1,65,0.032768,0.0049
10000,current_group,1,66,0.037888,0.0044
10000,current_group,1,67,0.032768,0.0046
10000,current_group,1,68,0.036864,0.0063
10000,current_group,1,69,0.032768,0.0043
10000,current_group,1,70,0.037888,0.0044
10000,current_group,1,71,0.032768,0.0054
10000,current_group,1,72,0.03072,0.0053
10000,current_group,1,73,0.03584,0.0041
10000,current_group,1,74,0.037888,0.0045
10000,current_group,1,75,0.031744,0.0045
10000,current_group,1,76,0.037888,0.0057
10000,current_group,1,77,0.032768,0.0049
10000,current_group,1,78,0.03072,0.0049
10000,current_group,1,79,0.032768,0.0053
10000,current_group,1,80,0.036864,0.0039
10000,current_group,1,81,0.032768,0.0045
10000,current_group,1,82,0.03072,0.0039
10000,current_group,1,83,0.03584,0.0042
10000,current_group,1,84,0.029696,0.004
10000,current_group,1,85,0.031744,0.0048
10000,current_group,1,86,0.037888,0.0038
10000,current_group,1,87,0.032768,0.0043
10000,current_group,1,88,0.037888,0.0039
10000,current_group,1,89,0.032768,0.0043
10000,current_group,1,90,0.031744,0.0036
10000,current_group,1,91,0.031744,0.0035
10000,current_group,1,92,0.037888,0.0045
10000,current_group,1,93,0.034816,0.0035
10000,current_group,1,94,0.037888,0.0063
10000,current_group,1,95,0.031744,0.0062
10000,current_group,1,96,0.037888,0.0046
10000,current_group,1,97,0.03584,0.0046
10000,current_group,1,98,0.037888,0.0047
10000,current_group,1,99,0.032768,0.0036
10000,current_group,1,100,0.03072,0.0038
10000,current_group,1,101,0.032768,0.0039
10000,current_group,1,102,0.03072,0.0048
10000,current_group,1,103,0.03584,0.0045
10000,current_group,1,104,0.037888,0.0053
10000,current_group,1,105,0.032768,0.0039
10000,current_group,1,106,0.03072,0.0037
10000,current_group,1,107,0.032768,0.0039
10000,current_group,1,108,0.037888,0.0039
10000,current_group,1,109,0.031744,0.0037
10000,current_group,1,110,0.037888,0.0045
10000,current_group,1,111,0.031744,0.0037
10000,current_group,1,112,0.037888,0.0034
10000,current_group,1,113,0.03584,0.0035
10000,current_group,1,114,0.037888,0.0046
10000,current_group,1,115,0.032768,0.004
10000,current_group,1,116,0.03072,0.0036
10000,current_group,1,117,0.031744,0.0035
10000,current_group,1,118,0.03072,0.0045
10000,current_group,1,119,0.032768,0.0039
10000,current_group,2,0,0.028672,0.0045
10000,current_group,2,1,0.028672,0.0047
10000,current_group,2,2,0.036864,0.0035
10000,current_group,2,3,0.03584,0.0036
10000,current_group,2,4,0.037888,0.0034
10000,current_group,2,5,0.032768,0.0035
10000,current_group,2,6,0.036864,0.0035
10000,current_group,2,7,0.032768,0.0035
10000,current_group,2,8,0.036864,0.0035
10000,current_group,2,9,0.031744,0.0035
10000,current_group,2,10,0.037888,0.0035
10000,current_group,2,11,0.032768,0.0035
10000,current_group,2,12,0.037888,0.0035
10000,current_group,2,13,0.028672,0.0048
10000,current_group,2,14,0.036864,0.0035
10000,current_group,2,15,0.032768,0.0036
10000,current_group,2,16,0.029696,0.0037
10000,current_group,2,17,0.032768,0.0039
10000,current_group,2,18,0.037888,0.0036
10000,current_group,2,19,0.031744,0.0037
10000,current_group,2,20,0.037888,0.0036
10000,current_group,2,21,0.036864,0.0035
10000,current_group,2,22,0.03072,0.0048
10000,current_group,2,23,0.029696,0.0035
10000,current_group,2,24,0.03072,0.0038
10000,current_group,2,25,0.028672,0.0035
10000,current_group,2,26,0.03072,0.0036
10000,current_group,2,27,0.028672,0.0037
10000,current_group,2,28,0.03072,0.0035
10000,current_group,2,29,0.03584,0.0034
10000,current_group,2,30,0.03072,0.0034
10000,current_group,2,31,0.028672,0.0034
10000,current_group,2,32,0.027648,0.0035
10000,current_group,2,33,0.03584,0.0035
10000,current_group,2,34,0.03072,0.0034
10000,current_group,2,35,0.03584,0.0034
10000,current_group,2,36,0.029696,0.0034
10000,current_group,2,37,0.03584,0.0035
10000,current_group,2,38,0.031744,0.0035
10000,current_group,2,39,0.036864,0.0055
10000,current_group,2,40,0.03072,0.005
10000,current_group,2,41,0.028672,0.0862
10000,current_group,2,42,0.03072,0.0039
10000,current_group,2,43,0.029696,0.0037
10000,current_group,2,44,0.03072,0.0035
10000,current_group,2,45,0.028672,0.004
10000,current_group,2,46,0.027648,0.005
10000,current_group,2,47,0.028672,0.005
10000,current_group,2,48,0.03072,0.0046
10000,current_group,2,49,0.036864,0.0036
10000,current_group,2,50,0.03072,0.0034
10000,current_group,2,51,0.028672,0.0034
10000,current_group,2,52,0.031744,0.0047
10000,current_group,2,53,0.029696,0.0051
10000,current_group,2,54,0.03072,0.0037
10000,current_group,2,55,0.03584,0.0048
10000,current_group,2,56,0.03072,0.0039
10000,current_group,2,57,0.03584,0.004
10000,current_group,2,58,0.031744,0.0037
10000,current_group,2,59,0.03584,0.0033
10000,current_group,2,60,0.03072,0.0039
10000,current_group,2,61,0.028672,0.004
10000,current_group,2,62,0.037888,0.0037
10000,current_group,2,63,0.028672,0.0034
10000,current_group,2,64,0.031744,0.0037
10000,current_group,2,65,0.03584,0.0039
10000,current_group,2,66,0.03072,0.0037
10000,current_group,2,67,0.028672,0.0046
10000,current_group,2,68,0.03072,0.0035
10000,current_group,2,69,0.03584,0.0034
10000,current_group,2,70,0.031744,0.0034
10000,current_group,2,71,0.028672,0.0034
10000,current_group,2,72,0.03072,0.0034
10000,current_group,2,73,0.036864,0.0034
10000,current_group,2,74,0.03072,0.0034
10000,current_group,2,75,0.028672,0.0034
10000,current_group,2,76,0.03072,0.0034
10000,current_group,2,77,0.036864,0.0034
10000,current_group,2,78,0.03072,0.0034
10000,current_group,2,79,0.036864,0.0033
10000,current_group,2,80,0.03072,0.0039
10000,current_group,2,81,0.029696,0.0035
10000,current_group,2,82,0.03072,0.005
10000,current_group,2,83,0.036864,0.0049
10000,current_group,2,84,0.03072,0.0035
10000,current_group,2,85,0.028672,0.0038
10000,current_group,2,86,0.029696,0.0054
10000,current_group,2,87,0.029696,0.0053
10000,current_group,2,88,0.03072,0.0046
10000,current_group,2,89,0.028672,0.0047
10000,current_group,2,90,0.031744,0.0051
10000,current_group,2,91,0.03072,0.0049
10000,current_group,2,92,0.03072,0.0039
10000,current_group,2,93,0.03072,0.0034
10000,current_group,2,94,0.031744,0.0034
10000,current_group,2,95,0.03072,0.0035
10000,current_group,2,96,0.031744,0.0034
10000,current_group,2,97,0.031744,0.0034
10000,current_group,2,98,0.03072,0.0034
10000,current_group,2,99,0.031744,0.0034
10000,current_group,2,100,0.03072,0.0035
10000,current_group,2,101,0.031744,0.0034
10000,current_group,2,102,0.031744,0.0035
10000,current_group,2,103,0.029696,0.0035
10000,current_group,2,104,0.03072,0.0048
10000,current_group,2,105,0.031744,0.0042
10000,current_group,2,106,0.032768,0.0035
10000,current_group,2,107,0.028672,0.0034
10000,current_group,2,108,0.029696,0.0034
10000,current_group,2,109,0.036864,0.0034
10000,current_group,2,110,0.03072,0.0034
10000,current_group,2,111,0.028672,0.0033
10000,current_group,2,112,0.036864,0.0034
10000,current_group,2,113,0.036864,0.0034
10000,current_group,2,114,0.036864,0.0034
10000,current_group,2,115,0.032768,0.0034
10000,current_group,2,116,0.03072,0.0036
10000,current_group,2,117,0.032768,0.0034
10000,current_group,2,118,0.037888,0.0034
10000,current_group,2,119,0.033792,0.0036
10000,split_pass,0,0,0.023552,0.0032
10000,split_pass,0,1,0.023552,0.0033
10000,split_pass,0,2,0.026624,0.0034
10000,split_pass,0,3,0.026624,0.0033
10000,split_pass,0,4,0.023552,0.0041
10000,split_pass,0,5,0.024576,0.003
10000,split_pass,0,6,0.0256,0.003
10000,split_pass,0,7,0.026624,0.0031
10000,split_pass,0,8,0.022528,0.003
10000,split_pass,0,9,0.023552,0.003
10000,split_pass,0,10,0.026624,0.003
10000,split_pass,0,11,0.026624,0.003
10000,split_pass,0,12,0.024576,0.003
10000,split_pass,0,13,0.023552,0.0029
10000,split_pass,0,14,0.026624,0.0031
10000,split_pass,0,15,0.026624,0.003
10000,split_pass,0,16,0.023552,0.003
10000,split_pass,0,17,0.023552,0.0029
10000,split_pass,0,18,0.026624,0.003
10000,split_pass,0,19,0.026624,0.003
10000,split_pass,0,20,0.023552,0.0041
10000,split_pass,0,21,0.023552,0.0045
10000,split_pass,0,22,0.026624,0.0033
10000,split_pass,0,23,0.027648,0.003
10000,split_pass,0,24,0.023552,0.0033
10000,split_pass,0,25,0.024576,0.0031
10000,split_pass,0,26,0.0256,0.003
10000,split_pass,0,27,0.0256,0.0031
10000,split_pass,0,28,0.023552,0.0056
10000,split_pass,0,29,0.023552,0.0046
10000,split_pass,0,30,0.026624,0.0039
10000,split_pass,0,31,0.026624,0.003
10000,split_pass,0,32,0.023552,0.0031
10000,split_pass,0,33,0.024576,0.003
10000,split_pass,0,34,0.0256,0.0029
10000,split_pass,0,35,0.0256,0.0031
10000,split_pass,0,36,0.023552,0.0029
10000,split_pass,0,37,0.024576,0.0029
10000,split_pass,0,38,0.0256,0.003
10000,split_pass,0,39,0.026624,0.003
10000,split_pass,0,40,0.023552,0.0029
10000,split_pass,0,41,0.023552,0.003
10000,split_pass,0,42,0.026624,0.003
10000,split_pass,0,43,0.026624,0.003
10000,split_pass,0,44,0.023552,0.003
10000,split_pass,0,45,0.024576,0.003
10000,split_pass,0,46,0.026624,0.003
10000,split_pass,0,47,0.026624,0.0042
10000,split_pass,0,48,0.023552,0.0044
10000,split_pass,0,49,0.023552,0.0033
10000,split_pass,0,50,0.026624,0.0031
10000,split_pass,0,51,0.026624,0.0035
10000,split_pass,0,52,0.023552,0.0033
10000,split_pass,0,53,0.023552,0.0032
10000,split_pass,0,54,0.026624,0.003
10000,split_pass,0,55,0.026624,0.0034
10000,split_pass,0,56,0.023552,0.0033
10000,split_pass,0,57,0.024576,0.0031
10000,split_pass,0,58,0.0256,0.0029
10000,split_pass,0,59,0.028672,0.0037
10000,split_pass,0,60,0.023552,0.0042
10000,split_pass,0,61,0.023552,0.0034
10000,split_pass,0,62,0.026624,0.0042
10000,split_pass,0,63,0.027648,0.0044
10000,split_pass,0,64,0.024576,0.0037
10000,split_pass,0,65,0.024576,0.0031
10000,split_pass,0,66,0.026624,0.0038
10000,split_pass,0,67,0.027648,0.0041
10000,split_pass,0,68,0.023552,0.0035
10000,split_pass,0,69,0.023552,0.003
10000,split_pass,0,70,0.0256,0.003
10000,split_pass,0,71,0.026624,0.0032
10000,split_pass,0,72,0.023552,0.0034
10000,split_pass,0,73,0.024576,0.004
10000,split_pass,0,74,0.026624,0.0045
10000,split_pass,0,75,0.027648,0.0056
10000,split_pass,0,76,0.023552,0.0041
10000,split_pass,0,77,0.023552,0.0038
10000,split_pass,0,78,0.026624,0.0043
10000,split_pass,0,79,0.026624,0.003
10000,split_pass,0,80,0.023552,0.0042
10000,split_pass,0,81,0.023552,0.0029
10000,split_pass,0,82,0.024576,0.0041
10000,split_pass,0,83,0.026624,0.0042
10000,split_pass,0,84,0.024576,0.0039
10000,split_pass,0,85,0.023552,0.0033
10000,split_pass,0,86,0.026624,0.0045
10000,split_pass,0,87,0.027648,0.004
10000,split_pass,0,88,0.023552,0.003
10000,split_pass,0,89,0.023552,0.0039
10000,split_pass,0,90,0.0256,0.0036
10000,split_pass,0,91,0.026624,0.003
10000,split_pass,0,92,0.023552,0.003
10000,split_pass,0,93,0.023552,0.0032
10000,split_pass,0,94,0.026624,0.0033
10000,split_pass,0,95,0.026624,0.003
10000,split_pass,0,96,0.023552,0.003
10000,split_pass,0,97,0.024576,0.0029
10000,split_pass,0,98,0.029696,0.003
10000,split_pass,0,99,0.0256,0.003
10000,split_pass,0,100,0.023552,0.003
10000,split_pass,0,101,0.023552,0.004
10000,split_pass,0,102,0.0256,0.0041
10000,split_pass,0,103,0.026624,0.0041
10000,split_pass,0,104,0.024576,0.0041
10000,split_pass,0,105,0.024576,0.0044
10000,split_pass,0,106,0.0256,0.004
10000,split_pass,0,107,0.03072,0.004
10000,split_pass,0,108,0.023552,0.0041
10000,split_pass,0,109,0.024576,0.003
10000,split_pass,0,110,0.026624,0.003
10000,split_pass,0,111,0.026624,0.003
10000,split_pass,0,112,0.023552,0.0031
10000,split_pass,0,113,0.024576,0.003
10000,split_pass,0,114,0.026624,0.0034
10000,split_pass,0,115,0.026624,0.0041
10000,split_pass,0,116,0.023552,0.0067
10000,split_pass,0,117,0.024576,0.0032
10000,split_pass,0,118,0.0256,0.003
10000,split_pass,0,119,0.026624,0.0035
10000,split_pass,1,0,0.024576,0.0036
10000,split_pass,1,1,0.027648,0.0037
10000,split_pass,1,2,0.026624,0.004
10000,split_pass,1,3,0.023552,0.0041
10000,split_pass,1,4,0.023552,0.0031
10000,split_pass,1,5,0.0256,0.0035
10000,split_pass,1,6,0.0256,0.0041
10000,split_pass,1,7,0.024576,0.004
10000,split_pass,1,8,0.0256,0.0041
10000,split_pass,1,9,0.0256,0.0042
10000,split_pass,1,10,0.024576,0.0041
10000,split_pass,1,11,0.0256,0.003
10000,split_pass,1,12,0.0256,0.0035
10000,split_pass,1,13,0.0256,0.0031
10000,split_pass,1,14,0.0256,0.0033
10000,split_pass,1,15,0.0256,0.0032
10000,split_pass,1,16,0.0256,0.0031
10000,split_pass,1,17,0.0256,0.003
10000,split_pass,1,18,0.0256,0.0029
10000,split_pass,1,19,0.0256,0.0029
10000,split_pass,1,20,0.023552,0.003
10000,split_pass,1,21,0.0256,0.0046
10000,split_pass,1,22,0.026624,0.0037
10000,split_pass,1,23,0.024576,0.0029
10000,split_pass,1,24,0.023552,0.004
10000,split_pass,1,25,0.023552,0.0042
10000,split_pass,1,26,0.027648,0.003
10000,split_pass,1,27,0.023552,0.0042
10000,split_pass,1,28,0.023552,0.003
10000,split_pass,1,29,0.026624,0.0041
10000,split_pass,1,30,0.027648,0.004
10000,split_pass,1,31,0.023552,0.003
10000,split_pass,1,32,0.024576,0.0039
10000,split_pass,1,33,0.026624,0.0035
10000,split_pass,1,34,0.026624,0.0041
10000,split_pass,1,35,0.023552,0.003
10000,split_pass,1,36,0.023552,0.0058
10000,split_pass,1,37,0.026624,0.0036
10000,split_pass,1,38,0.026624,0.0045
10000,split_pass,1,39,0.023552,0.0042
10000,split_pass,1,40,0.023552,0.0041
10000,split_pass,1,41,0.026624,0.004
10000,split_pass,1,42,0.023552,0.0033
10000,split_pass,1,43,0.023552,0.0039
10000,split_pass,1,44,0.024576,0.0042
10000,split_pass,1,45,0.0256,0.0047
10000,split_pass,1,46,0.024576,0.0034
10000,split_pass,1,47,0.023552,0.0037
10000,split_pass,1,48,0.023552,0.0033
10000,split_pass,1,49,0.0256,0.0032
10000,split_pass,1,50,0.026624,0.0046
10000,split_pass,1,51,0.023552,0.003
10000,split_pass,1,52,0.024576,0.0043
10000,split_pass,1,53,0.0256,0.0041
10000,split_pass,1,54,0.026624,0.0031
10000,split_pass,1,55,0.023552,0.0031
10000,split_pass,1,56,0.024576,0.003
10000,split_pass,1,57,0.0256,0.003
10000,split_pass,1,58,0.026624,0.0029
10000,split_pass,1,59,0.023552,0.003
10000,split_pass,1,60,0.023552,0.0029
10000,split_pass,1,61,0.0256,0.003
10000,split_pass,1,62,0.026624,0.003
10000,split_pass,1,63,0.023552,0.0029
10000,split_pass,1,64,0.024576,0.0029
10000,split_pass,1,65,0.0256,0.003
10000,split_pass,1,66,0.026624,0.003
10000,split_pass,1,67,0.023552,0.0031
10000,split_pass,1,68,0.023552,0.003
10000,split_pass,1,69,0.026624,0.0031
10000,split_pass,1,70,0.026624,0.0045
10000,split_pass,1,71,0.023552,0.0038
10000,split_pass,1,72,0.023552,0.0031
10000,split_pass,1,73,0.026624,0.003
10000,split_pass,1,74,0.027648,0.003
10000,split_pass,1,75,0.023552,0.003
10000,split_pass,1,76,0.024576,0.003
10000,split_pass,1,77,0.026624,0.003
10000,split_pass,1,78,0.026624,0.0031
10000,split_pass,1,79,0.023552,0.0033
10000,split_pass,1,80,0.023552,0.0029
10000,split_pass,1,81,0.026624,0.003
10000,split_pass,1,82,0.026624,0.0029
10000,split_pass,1,83,0.023552,0.003
10000,split_pass,1,84,0.024576,0.003
10000,split_pass,1,85,0.026624,0.0029
10000,split_pass,1,86,0.027648,0.003
10000,split_pass,1,87,0.023552,0.0029
10000,split_pass,1,88,0.023552,0.003
10000,split_pass,1,89,0.0256,0.0029
10000,split_pass,1,90,0.026624,0.003
10000,split_pass,1,91,0.024576,0.004
10000,split_pass,1,92,0.024576,0.0029
10000,split_pass,1,93,0.026624,0.003
10000,split_pass,1,94,0.026624,0.0029
10000,split_pass,1,95,0.023552,0.0029
10000,split_pass,1,96,0.023552,0.003
10000,split_pass,1,97,0.026624,0.0053
10000,split_pass,1,98,0.026624,0.0042
10000,split_pass,1,99,0.023552,0.0029
10000,split_pass,1,100,0.023552,0.003
10000,split_pass,1,101,0.026624,0.003
10000,split_pass,1,102,0.026624,0.003
10000,split_pass,1,103,0.023552,0.003
10000,split_pass,1,104,0.023552,0.003
10000,split_pass,1,105,0.029696,0.0031
10000,split_pass,1,106,0.0256,0.003
10000,split_pass,1,107,0.023552,0.0029
10000,split_pass,1,108,0.023552,0.0029
10000,split_pass,1,109,0.0256,0.0045
10000,split_pass,1,110,0.026624,0.004
10000,split_pass,1,111,0.023552,0.003
10000,split_pass,1,112,0.024576,0.0029
10000,split_pass,1,113,0.0256,0.0028
10000,split_pass,1,114,0.026624,0.0029
10000,split_pass,1,115,0.023552,0.003
10000,split_pass,1,116,0.023552,0.0029
10000,split_pass,1,117,0.0256,0.003
10000,split_pass,1,118,0.026624,0.0029
10000,split_pass,1,119,0.023552,0.0037
10000,split_pass,2,0,0.026624,0.0032
10000,split_pass,2,1,0.026624,0.0041
10000,split_pass,2,2,0.023552,0.0044
10000,split_pass,2,3,0.023552,0.003
10000,split_pass,2,4,0.026624,0.0035
10000,split_pass,2,5,0.026624,0.0034
10000,split_pass,2,6,0.023552,0.0032
10000,split_pass,2,7,0.023552,0.0042
10000,split_pass,2,8,0.0256,0.0031
10000,split_pass,2,9,0.026624,0.0038
10000,split_pass,2,10,0.024576,0.0045
10000,split_pass,2,11,0.024576,0.004
10000,split_pass,2,12,0.026624,0.0041
10000,split_pass,2,13,0.026624,0.0041
10000,split_pass,2,14,0.024576,0.0036
10000,split_pass,2,15,0.023552,0.0041
10000,split_pass,2,16,0.024576,0.0047
10000,split_pass,2,17,0.024576,0.0036
10000,split_pass,2,18,0.0256,0.0038
10000,split_pass,2,19,0.0256,0.0056
10000,split_pass,2,20,0.024576,0.003
10000,split_pass,2,21,0.024576,0.003
10000,split_pass,2,22,0.0256,0.0029
10000,split_pass,2,23,0.024576,0.003
10000,split_pass,2,24,0.0256,0.003
10000,split_pass,2,25,0.0256,0.0031
10000,split_pass,2,26,0.0256,0.003
10000,split_pass,2,27,0.024576,0.0029
10000,split_pass,2,28,0.0256,0.0049
10000,split_pass,2,29,0.0256,0.0029
10000,split_pass,2,30,0.023552,0.003
10000,split_pass,2,31,0.024576,0.0039
10000,split_pass,2,32,0.023552,0.0037
10000,split_pass,2,33,0.028672,0.0029
10000,split_pass,2,34,0.023552,0.003
10000,split_pass,2,35,0.023552,0.0029
10000,split_pass,2,36,0.0256,0.0032
10000,split_pass,2,37,0.027648,0.003
10000,split_pass,2,38,0.023552,0.004
10000,split_pass,2,39,0.024576,0.0029
10000,split_pass,2,40,0.026624,0.003
10000,split_pass,2,41,0.027648,0.0041
10000,split_pass,2,42,0.023552,0.0031
10000,split_pass,2,43,0.023552,0.003
10000,split_pass,2,44,0.026624,0.003
10000,split_pass,2,45,0.026624,0.0029
10000,split_pass,2,46,0.023552,0.0029
10000,split_pass,2,47,0.023552,0.003
10000,split_pass,2,48,0.026624,0.0029
10000,split_pass,2,49,0.026624,0.0029
10000,split_pass,2,50,0.023552,0.003
10000,split_pass,2,51,0.023552,0.003
10000,split_pass,2,52,0.026624,0.0029
10000,split_pass,2,53,0.026624,0.0029
10000,split_pass,2,54,0.023552,0.003
10000,split_pass,2,55,0.023552,0.003
10000,split_pass,2,56,0.0256,0.003
10000,split_pass,2,57,0.026624,0.003
10000,split_pass,2,58,0.023552,0.003
10000,split_pass,2,59,0.023552,0.0039
10000,split_pass,2,60,0.0256,0.0034
10000,split_pass,2,61,0.027648,0.0041
10000,split_pass,2,62,0.023552,0.0042
10000,split_pass,2,63,0.023552,0.003
10000,split_pass,2,64,0.026624,0.003
10000,split_pass,2,65,0.026624,0.0029
10000,split_pass,2,66,0.023552,0.0037
10000,split_pass,2,67,0.023552,0.004
10000,split_pass,2,68,0.026624,0.003
10000,split_pass,2,69,0.026624,0.003
10000,split_pass,2,70,0.023552,0.0029
10000,split_pass,2,71,0.024576,0.003
10000,split_pass,2,72,0.026624,0.003
10000,split_pass,2,73,0.026624,0.0029
10000,split_pass,2,74,0.024576,0.004
10000,split_pass,2,75,0.023552,0.003
10000,split_pass,2,76,0.0256,0.0031
10000,split_pass,2,77,0.026624,0.0029
10000,split_pass,2,78,0.023552,0.0029
10000,split_pass,2,79,0.023552,0.003
10000,split_pass,2,80,0.023552,0.0028
10000,split_pass,2,81,0.026624,0.0041
10000,split_pass,2,82,0.023552,0.0029
10000,split_pass,2,83,0.023552,0.004
10000,split_pass,2,84,0.026624,0.0036
10000,split_pass,2,85,0.026624,0.0039
10000,split_pass,2,86,0.023552,0.0029
10000,split_pass,2,87,0.023552,0.0031
10000,split_pass,2,88,0.026624,0.0029
10000,split_pass,2,89,0.026624,0.0039
10000,split_pass,2,90,0.023552,0.003
10000,split_pass,2,91,0.024576,0.003
10000,split_pass,2,92,0.0256,0.0039
10000,split_pass,2,93,0.027648,0.0029
10000,split_pass,2,94,0.024576,0.0031
10000,split_pass,2,95,0.023552,0.004
10000,split_pass,2,96,0.0256,0.0029
10000,split_pass,2,97,0.026624,0.0029
10000,split_pass,2,98,0.023552,0.0029
10000,split_pass,2,99,0.024576,0.0039
10000,split_pass,2,100,0.026624,0.0029
10000,split_pass,2,101,0.026624,0.003
10000,split_pass,2,102,0.023552,0.0029
10000,split_pass,2,103,0.024576,0.004
10000,split_pass,2,104,0.0256,0.0031
10000,split_pass,2,105,0.026624,0.0029
10000,split_pass,2,106,0.023552,0.004
10000,split_pass,2,107,0.023552,0.0032
10000,split_pass,2,108,0.026624,0.004
10000,split_pass,2,109,0.026624,0.0029
10000,split_pass,2,110,0.023552,0.0038
10000,split_pass,2,111,0.024576,0.003
10000,split_pass,2,112,0.0256,0.0029
10000,split_pass,2,113,0.027648,0.0029
10000,split_pass,2,114,0.023552,0.0041
10000,split_pass,2,115,0.023552,0.004
10000,split_pass,2,116,0.026624,0.003
10000,split_pass,2,117,0.026624,0.003
10000,split_pass,2,118,0.023552,0.0029
10000,split_pass,2,119,0.023552,0.003
10000,split_shadow_13,0,0,0.024576,0.0045
10000,split_shadow_13,0,1,0.026624,0.003
10000,split_shadow_13,0,2,0.026624,0.0029
10000,split_shadow_13,0,3,0.024576,0.0029
10000,split_shadow_13,0,4,0.024576,0.003
10000,split_shadow_13,0,5,0.026624,0.003
10000,split_shadow_13,0,6,0.027648,0.0029
10000,split_shadow_13,0,7,0.024576,0.0029
10000,split_shadow_13,0,8,0.024576,0.0029
10000,split_shadow_13,0,9,0.026624,0.0029
10000,split_shadow_13,0,10,0.027648,0.0029
10000,split_shadow_13,0,11,0.024576,0.003
10000,split_shadow_13,0,12,0.024576,0.0029
10000,split_shadow_13,0,13,0.026624,0.003
10000,split_shadow_13,0,14,0.027648,0.0043
10000,split_shadow_13,0,15,0.024576,0.004
10000,split_shadow_13,0,16,0.024576,0.003
10000,split_shadow_13,0,17,0.026624,0.0029
10000,split_shadow_13,0,18,0.027648,0.003
10000,split_shadow_13,0,19,0.023552,0.0029
10000,split_shadow_13,0,20,0.023552,0.0028
10000,split_shadow_13,0,21,0.026624,0.003
10000,split_shadow_13,0,22,0.027648,0.0029
10000,split_shadow_13,0,23,0.024576,0.0029
10000,split_shadow_13,0,24,0.024576,0.0029
10000,split_shadow_13,0,25,0.026624,0.0029
10000,split_shadow_13,0,26,0.027648,0.0029
10000,split_shadow_13,0,27,0.024576,0.0029
10000,split_shadow_13,0,28,0.024576,0.003
10000,split_shadow_13,0,29,0.026624,0.0029
10000,split_shadow_13,0,30,0.027648,0.003
10000,split_shadow_13,0,31,0.024576,0.0035
10000,split_shadow_13,0,32,0.023552,0.0031
10000,split_shadow_13,0,33,0.026624,0.0029
10000,split_shadow_13,0,34,0.027648,0.0029
10000,split_shadow_13,0,35,0.023552,0.0029
10000,split_shadow_13,0,36,0.024576,0.0029
10000,split_shadow_13,0,37,0.026624,0.0029
10000,split_shadow_13,0,38,0.027648,0.0029
10000,split_shadow_13,0,39,0.023552,0.0029
10000,split_shadow_13,0,40,0.024576,0.0029
10000,split_shadow_13,0,41,0.023552,0.004
10000,split_shadow_13,0,42,0.027648,0.003
10000,split_shadow_13,0,43,0.024576,0.003
10000,split_shadow_13,0,44,0.024576,0.0039
10000,split_shadow_13,0,45,0.026624,0.0029
10000,split_shadow_13,0,46,0.027648,0.0029
10000,split_shadow_13,0,47,0.024576,0.003
10000,split_shadow_13,0,48,0.024576,0.003
10000,split_shadow_13,0,49,0.026624,0.0029
10000,split_shadow_13,0,50,0.027648,0.003
10000,split_shadow_13,0,51,0.024576,0.0048
10000,split_shadow_13,0,52,0.024576,0.0029
10000,split_shadow_13,0,53,0.027648,0.0029
10000,split_shadow_13,0,54,0.027648,0.0029
10000,split_shadow_13,0,55,0.023552,0.0029
10000,split_shadow_13,0,56,0.024576,0.0029
10000,split_shadow_13,0,57,0.026624,0.0029
10000,split_shadow_13,0,58,0.027648,0.0029
10000,split_shadow_13,0,59,0.024576,0.0029
10000,split_shadow_13,0,60,0.024576,0.0029
10000,split_shadow_13,0,61,0.027648,0.0046
10000,split_shadow_13,0,62,0.027648,0.0029
10000,split_shadow_13,0,63,0.024576,0.0029
10000,split_shadow_13,0,64,0.024576,0.0029
10000,split_shadow_13,0,65,0.026624,0.0029
10000,split_shadow_13,0,66,0.028672,0.0029
10000,split_shadow_13,0,67,0.024576,0.0029
10000,split_shadow_13,0,68,0.024576,0.0063
10000,split_shadow_13,0,69,0.027648,0.0045
10000,split_shadow_13,0,70,0.027648,0.003
10000,split_shadow_13,0,71,0.024576,0.003
10000,split_shadow_13,0,72,0.024576,0.003
10000,split_shadow_13,0,73,0.027648,0.003
10000,split_shadow_13,0,74,0.027648,0.0029
10000,split_shadow_13,0,75,0.024576,0.0029
10000,split_shadow_13,0,76,0.024576,0.0029
10000,split_shadow_13,0,77,0.026624,0.0029
10000,split_shadow_13,0,78,0.027648,0.004
10000,split_shadow_13,0,79,0.024576,0.003
10000,split_shadow_13,0,80,0.024576,0.003
10000,split_shadow_13,0,81,0.027648,0.0029
10000,split_shadow_13,0,82,0.027648,0.003
10000,split_shadow_13,0,83,0.023552,0.0029
10000,split_shadow_13,0,84,0.024576,0.003
10000,split_shadow_13,0,85,0.026624,0.0029
10000,split_shadow_13,0,86,0.027648,0.0029
10000,split_shadow_13,0,87,0.024576,0.0029
10000,split_shadow_13,0,88,0.024576,0.0029
10000,split_shadow_13,0,89,0.026624,0.003
10000,split_shadow_13,0,90,0.027648,0.0029
10000,split_shadow_13,0,91,0.024576,0.0029
10000,split_shadow_13,0,92,0.024576,0.0039
10000,split_shadow_13,0,93,0.03072,0.003
10000,split_shadow_13,0,94,0.027648,0.0029
10000,split_shadow_13,0,95,0.024576,0.003
10000,split_shadow_13,0,96,0.0256,0.0029
10000,split_shadow_13,0,97,0.026624,0.0032
10000,split_shadow_13,0,98,0.026624,0.003
10000,split_shadow_13,0,99,0.024576,0.0029
10000,split_shadow_13,0,100,0.023552,0.0029
10000,split_shadow_13,0,101,0.026624,0.003
10000,split_shadow_13,0,102,0.026624,0.0029
10000,split_shadow_13,0,103,0.024576,0.0029
10000,split_shadow_13,0,104,0.024576,0.0029
10000,split_shadow_13,0,105,0.0256,0.0029
10000,split_shadow_13,0,106,0.027648,0.003
10000,split_shadow_13,0,107,0.024576,0.0029
10000,split_shadow_13,0,108,0.023552,0.0029
10000,split_shadow_13,0,109,0.027648,0.003
10000,split_shadow_13,0,110,0.026624,0.003
10000,split_shadow_13,0,111,0.024576,0.0029
10000,split_shadow_13,0,112,0.024576,0.0029
10000,split_shadow_13,0,113,0.026624,0.0029
10000,split_shadow_13,0,114,0.027648,0.0029
10000,split_shadow_13,0,115,0.024576,0.003
10000,split_shadow_13,0,116,0.024576,0.003
10000,split_shadow_13,0,117,0.026624,0.0029
10000,split_shadow_13,0,118,0.027648,0.0029
10000,split_shadow_13,0,119,0.024576,0.0029
10000,split_shadow_13,1,0,0.027648,0.0032
10000,split_shadow_13,1,1,0.027648,0.0036
10000,split_shadow_13,1,2,0.024576,0.003
10000,split_shadow_13,1,3,0.024576,0.003
10000,split_shadow_13,1,4,0.026624,0.003
10000,split_shadow_13,1,5,0.027648,0.0032
10000,split_shadow_13,1,6,0.024576,0.0029
10000,split_shadow_13,1,7,0.024576,0.003
10000,split_shadow_13,1,8,0.027648,0.0029
10000,split_shadow_13,1,9,0.027648,0.0029
10000,split_shadow_13,1,10,0.024576,0.0029
10000,split_shadow_13,1,11,0.024576,0.004
10000,split_shadow_13,1,12,0.026624,0.003
10000,split_shadow_13,1,13,0.027648,0.0029
10000,split_shadow_13,1,14,0.023552,0.0041
10000,split_shadow_13,1,15,0.023552,0.0046
10000,split_shadow_13,1,16,0.026624,0.0031
10000,split_shadow_13,1,17,0.026624,0.003
10000,split_shadow_13,1,18,0.024576,0.0039
10000,split_shadow_13,1,19,0.024576,0.003
10000,split_shadow_13,1,20,0.026624,0.003
10000,split_shadow_13,1,21,0.026624,0.0029
10000,split_shadow_13,1,22,0.024576,0.0041
10000,split_shadow_13,1,23,0.024576,0.0039
10000,split_shadow_13,1,24,0.026624,0.003
10000,split_shadow_13,1,25,0.027648,0.0041
10000,split_shadow_13,1,26,0.024576,0.0035
10000,split_shadow_13,1,27,0.024576,0.003
10000,split_shadow_13,1,28,0.026624,0.003
10000,split_shadow_13,1,29,0.027648,0.003
10000,split_shadow_13,1,30,0.024576,0.0029
10000,split_shadow_13,1,31,0.024576,0.0029
10000,split_shadow_13,1,32,0.026624,0.003
10000,split_shadow_13,1,33,0.027648,0.0029
10000,split_shadow_13,1,34,0.024576,0.003
10000,split_shadow_13,1,35,0.024576,0.0029
10000,split_shadow_13,1,36,0.026624,0.0029
10000,split_shadow_13,1,37,0.027648,0.003
10000,split_shadow_13,1,38,0.024576,0.003
10000,split_shadow_13,1,39,0.024576,0.003
10000,split_shadow_13,1,40,0.027648,0.0029
10000,split_shadow_13,1,41,0.027648,0.004
10000,split_shadow_13,1,42,0.024576,0.003
10000,split_shadow_13,1,43,0.024576,0.003
10000,split_shadow_13,1,44,0.026624,0.003
10000,split_shadow_13,1,45,0.027648,0.0029
10000,split_shadow_13,1,46,0.024576,0.0037
10000,split_shadow_13,1,47,0.024576,0.0048
10000,split_shadow_13,1,48,0.027648,0.003
10000,split_shadow_13,1,49,0.029696,0.003
10000,split_shadow_13,1,50,0.024576,0.0029
10000,split_shadow_13,1,51,0.024576,0.003
10000,split_shadow_13,1,52,0.026624,0.003
10000,split_shadow_13,1,53,0.027648,0.0029
10000,split_shadow_13,1,54,0.023552,0.0029
10000,split_shadow_13,1,55,0.024576,0.004
10000,split_shadow_13,1,56,0.027648,0.0029
10000,split_shadow_13,1,57,0.026624,0.0048
10000,split_shadow_13,1,58,0.024576,0.0038
10000,split_shadow_13,1,59,0.024576,0.0029
10000,split_shadow_13,1,60,0.026624,0.0029
10000,split_shadow_13,1,61,0.027648,0.003
10000,split_shadow_13,1,62,0.024576,0.0029
10000,split_shadow_13,1,63,0.024576,0.003
10000,split_shadow_13,1,64,0.026624,0.0028
10000,split_shadow_13,1,65,0.027648,0.0039
10000,split_shadow_13,1,66,0.024576,0.0029
10000,split_shadow_13,1,67,0.024576,0.0048
10000,split_shadow_13,1,68,0.027648,0.003
10000,split_shadow_13,1,69,0.028672,0.0029
10000,split_shadow_13,1,70,0.024576,0.0029
10000,split_shadow_13,1,71,0.024576,0.003
10000,split_shadow_13,1,72,0.026624,0.0029
10000,split_shadow_13,1,73,0.026624,0.0029
10000,split_shadow_13,1,74,0.023552,0.0029
10000,split_shadow_13,1,75,0.024576,0.003
10000,split_shadow_13,1,76,0.027648,0.0029
10000,split_shadow_13,1,77,0.027648,0.0029
10000,split_shadow_13,1,78,0.024576,0.004
10000,split_shadow_13,1,79,0.024576,0.003
10000,split_shadow_13,1,80,0.026624,0.0029
10000,split_shadow_13,1,81,0.026624,0.0029
10000,split_shadow_13,1,82,0.023552,0.003
10000,split_shadow_13,1,83,0.024576,0.003
10000,split_shadow_13,1,84,0.026624,0.0029
10000,split_shadow_13,1,85,0.029696,0.0029
10000,split_shadow_13,1,86,0.024576,0.003
10000,split_shadow_13,1,87,0.024576,0.0029
10000,split_shadow_13,1,88,0.027648,0.0039
10000,split_shadow_13,1,89,0.026624,0.003
10000,split_shadow_13,1,90,0.023552,0.0033
10000,split_shadow_13,1,91,0.024576,0.0029
10000,split_shadow_13,1,92,0.0256,0.0029
10000,split_shadow_13,1,93,0.027648,0.0029
10000,split_shadow_13,1,94,0.024576,0.0041
10000,split_shadow_13,1,95,0.0256,0.004
10000,split_shadow_13,1,96,0.026624,0.004
10000,split_shadow_13,1,97,0.024576,0.0029
10000,split_shadow_13,1,98,0.023552,0.003
10000,split_shadow_13,1,99,0.024576,0.0029
10000,split_shadow_13,1,100,0.026624,0.0029
10000,split_shadow_13,1,101,0.027648,0.003
10000,split_shadow_13,1,102,0.024576,0.0029
10000,split_shadow_13,1,103,0.0256,0.0029
10000,split_shadow_13,1,104,0.026624,0.0029
10000,split_shadow_13,1,105,0.027648,0.0039
10000,split_shadow_13,1,106,0.024576,0.0029
10000,split_shadow_13,1,107,0.023552,0.0029
10000,split_shadow_13,1,108,0.026624,0.003
10000,split_shadow_13,1,109,0.027648,0.003
10000,split_shadow_13,1,110,0.024576,0.003
10000,split_shadow_13,1,111,0.0256,0.003
10000,split_shadow_13,1,112,0.026624,0.0029
10000,split_shadow_13,1,113,0.027648,0.003
10000,split_shadow_13,1,114,0.024576,0.0029
10000,split_shadow_13,1,115,0.024576,0.003
10000,split_shadow_13,1,116,0.027648,0.003
10000,split_shadow_13,1,117,0.027648,0.003
10000,split_shadow_13,1,118,0.024576,0.003
10000,split_shadow_13,1,119,0.023552,0.0029
10000,split_shadow_13,2,0,0.027648,0.0034
10000,split_shadow_13,2,1,0.024576,0.0041
10000,split_shadow_13,2,2,0.024576,0.0046
10000,split_shadow_13,2,3,0.026624,0.0033
10000,split_shadow_13,2,4,0.027648,0.0029
10000,split_shadow_13,2,5,0.023552,0.003
10000,split_shadow_13,2,6,0.024576,0.004
10000,split_shadow_13,2,7,0.026624,0.003
10000,split_shadow_13,2,8,0.026624,0.0029
10000,split_shadow_13,2,9,0.024576,0.003
10000,split_shadow_13,2,10,0.024576,0.0028
10000,split_shadow_13,2,11,0.027648,0.0029
10000,split_shadow_13,2,12,0.026624,0.0041
10000,split_shadow_13,2,13,0.024576,0.0083
10000,split_shadow_13,2,14,0.024576,0.0034
10000,split_shadow_13,2,15,0.027648,0.0034
10000,split_shadow_13,2,16,0.024576,0.004
10000,split_shadow_13,2,17,0.024576,0.0029
10000,split_shadow_13,2,18,0.024576,0.0041
10000,split_shadow_13,2,19,0.027648,0.0035
10000,split_shadow_13,2,20,0.027648,0.003
10000,split_shadow_13,2,21,0.023552,0.0029
10000,split_shadow_13,2,22,0.024576,0.0029
10000,split_shadow_13,2,23,0.026624,0.003
10000,split_shadow_13,2,24,0.027648,0.0035
10000,split_shadow_13,2,25,0.024576,0.0029
10000,split_shadow_13,2,26,0.024576,0.003
10000,split_shadow_13,2,27,0.026624,0.0029
10000,split_shadow_13,2,28,0.027648,0.0031
10000,split_shadow_13,2,29,0.024576,0.003
10000,split_shadow_13,2,30,0.024576,0.0029
10000,split_shadow_13,2,31,0.026624,0.0029
10000,split_shadow_13,2,32,0.027648,0.0029
10000,split_shadow_13,2,33,0.024576,0.0029
10000,split_shadow_13,2,34,0.024576,0.0029
10000,split_shadow_13,2,35,0.026624,0.003
10000,split_shadow_13,2,36,0.027648,0.0029
10000,split_shadow_13,2,37,0.023552,0.0028
10000,split_shadow_13,2,38,0.024576,0.0029
10000,split_shadow_13,2,39,0.026624,0.0029
10000,split_shadow_13,2,40,0.027648,0.0029
10000,split_shadow_13,2,41,0.024576,0.0029
10000,split_shadow_13,2,42,0.024576,0.004
10000,split_shadow_13,2,43,0.026624,0.003
10000,split_shadow_13,2,44,0.027648,0.0029
10000,split_shadow_13,2,45,0.024576,0.0029
10000,split_shadow_13,2,46,0.023552,0.0039
10000,split_shadow_13,2,47,0.026624,0.003
10000,split_shadow_13,2,48,0.027648,0.0029
10000,split_shadow_13,2,49,0.024576,0.0029
10000,split_shadow_13,2,50,0.0256,0.003
10000,split_shadow_13,2,51,0.026624,0.0029
10000,split_shadow_13,2,52,0.027648,0.0028
10000,split_shadow_13,2,53,0.024576,0.0029
10000,split_shadow_13,2,54,0.024576,0.0029
10000,split_shadow_13,2,55,0.026624,0.0031
10000,split_shadow_13,2,56,0.027648,0.0029
10000,split_shadow_13,2,57,0.024576,0.0029
10000,split_shadow_13,2,58,0.024576,0.0029
10000,split_shadow_13,2,59,0.024576,0.0029
10000,split_shadow_13,2,60,0.027648,0.003
10000,split_shadow_13,2,61,0.023552,0.0029
10000,split_shadow_13,2,62,0.024576,0.003
10000,split_shadow_13,2,63,0.026624,0.0029
10000,split_shadow_13,2,64,0.027648,0.0029
10000,split_shadow_13,2,65,0.023552,0.0029
10000,split_shadow_13,2,66,0.023552,0.0029
10000,split_shadow_13,2,67,0.026624,0.0031
10000,split_shadow_13,2,68,0.027648,0.0029
10000,split_shadow_13,2,69,0.024576,0.0029
10000,split_shadow_13,2,70,0.0256,0.0029
10000,split_shadow_13,2,71,0.026624,0.0029
10000,split_shadow_13,2,72,0.027648,0.0029
10000,split_shadow_13,2,73,0.024576,0.004
10000,split_shadow_13,2,74,0.024576,0.0033
10000,split_shadow_13,2,75,0.024576,0.0057
10000,split_shadow_13,2,76,0.027648,0.0037
10000,split_shadow_13,2,77,0.024576,0.01
10000,split_shadow_13,2,78,0.024576,0.0041
10000,split_shadow_13,2,79,0.026624,0.0063
10000,split_shadow_13,2,80,0.026624,0.0108
10000,split_shadow_13,2,81,0.026624,0.0033
10000,split_shadow_13,2,82,0.026624,0.0037
10000,split_shadow_13,2,83,0.026624,0.0031
10000,split_shadow_13,2,84,0.0256,0.0029
10000,split_shadow_13,2,85,0.0256,0.003
10000,split_shadow_13,2,86,0.026624,0.003
10000,split_shadow_13,2,87,0.026624,0.003
10000,split_shadow_13,2,88,0.0256,0.0029
10000,split_shadow_13,2,89,0.0256,0.0029
10000,split_shadow_13,2,90,0.0256,0.0029
10000,split_shadow_13,2,91,0.0256,0.003
10000,split_shadow_13,2,92,0.0256,0.003
10000,split_shadow_13,2,93,0.024576,0.003
10000,split_shadow_13,2,94,0.024576,0.0041
10000,split_shadow_13,2,95,0.024576,0.0054
10000,split_shadow_13,2,96,0.024576,0.003
10000,split_shadow_13,2,97,0.024576,0.0029
10000,split_shadow_13,2,98,0.024576,0.0029
10000,split_shadow_13,2,99,0.026624,0.0029
10000,split_shadow_13,2,100,0.027648,0.003
10000,split_shadow_13,2,101,0.024576,0.0029
10000,split_shadow_13,2,102,0.024576,0.003
10000,split_shadow_13,2,103,0.026624,0.0029
10000,split_shadow_13,2,104,0.027648,0.0029
10000,split_shadow_13,2,105,0.024576,0.0046
10000,split_shadow_13,2,106,0.0256,0.0029
10000,split_shadow_13,2,107,0.026624,0.0029
10000,split_shadow_13,2,108,0.027648,0.0029
10000,split_shadow_13,2,109,0.024576,0.0029
10000,split_shadow_13,2,110,0.024576,0.0029
10000,split_shadow_13,2,111,0.026624,0.0029
10000,split_shadow_13,2,112,0.028672,0.003
10000,split_shadow_13,2,113,0.024576,0.003
10000,split_shadow_13,2,114,0.024576,0.0029
10000,split_shadow_13,2,115,0.026624,0.003
10000,split_shadow_13,2,116,0.026624,0.003
10000,split_shadow_13,2,117,0.024576,0.0029
10000,split_shadow_13,2,118,0.024576,0.003
10000,split_shadow_13,2,119,0.026624,0.0032
10000,split_boundary_13,0,0,0.024576,0.0706
10000,split_boundary_13,0,1,0.027648,0.0777
10000,split_boundary_13,0,2,0.027648,0.0769
10000,split_boundary_13,0,3,0.024576,0.0773
10000,split_boundary_13,0,4,0.023552,0.0775
10000,split_boundary_13,0,5,0.027648,0.0776
10000,split_boundary_13,0,6,0.026624,0.077
10000,split_boundary_13,0,7,0.024576,0.0761
10000,split_boundary_13,0,8,0.024576,0.079
10000,split_boundary_13,0,9,0.026624,0.0768
10000,split_boundary_13,0,10,0.027648,0.0766
10000,split_boundary_13,0,11,0.0256,0.0762
10000,split_boundary_13,0,12,0.023552,0.0768
10000,split_boundary_13,0,13,0.027648,0.0812
10000,split_boundary_13,0,14,0.026624,0.077
10000,split_boundary_13,0,15,0.024576,0.0769
10000,split_boundary_13,0,16,0.024576,0.0776
10000,split_boundary_13,0,17,0.026624,0.0764
10000,split_boundary_13,0,18,0.027648,0.0778
10000,split_boundary_13,0,19,0.024576,0.0764
10000,split_boundary_13,0,20,0.024576,0.0771
10000,split_boundary_13,0,21,0.026624,0.0775
10000,split_boundary_13,0,22,0.026624,0.0776
10000,split_boundary_13,0,23,0.024576,0.0764
10000,split_boundary_13,0,24,0.023552,0.0779
10000,split_boundary_13,0,25,0.027648,0.076
10000,split_boundary_13,0,26,0.026624,0.0769
10000,split_boundary_13,0,27,0.024576,0.0757
10000,split_boundary_13,0,28,0.023552,0.0779
10000,split_boundary_13,0,29,0.026624,0.0771
10000,split_boundary_13,0,30,0.027648,0.0785
10000,split_boundary_13,0,31,0.024576,0.0763
10000,split_boundary_13,0,32,0.023552,0.0776
10000,split_boundary_13,0,33,0.027648,0.0775
10000,split_boundary_13,0,34,0.027648,0.0847
10000,split_boundary_13,0,35,0.024576,0.077
10000,split_boundary_13,0,36,0.023552,0.0766
10000,split_boundary_13,0,37,0.027648,0.0768
10000,split_boundary_13,0,38,0.026624,0.078
10000,split_boundary_13,0,39,0.024576,0.0781
10000,split_boundary_13,0,40,0.023552,0.0765
10000,split_boundary_13,0,41,0.026624,0.077
10000,split_boundary_13,0,42,0.026624,0.0778
10000,split_boundary_13,0,43,0.024576,0.0775
10000,split_boundary_13,0,44,0.023552,0.0766
10000,split_boundary_13,0,45,0.024576,0.076
10000,split_boundary_13,0,46,0.027648,0.0784
10000,split_boundary_13,0,47,0.024576,0.0769
10000,split_boundary_13,0,48,0.023552,0.0762
10000,split_boundary_13,0,49,0.027648,0.0774
10000,split_boundary_13,0,50,0.024576,0.0774
10000,split_boundary_13,0,51,0.024576,0.077
10000,split_boundary_13,0,52,0.023552,0.0763
10000,split_boundary_13,0,53,0.026624,0.0764
10000,split_boundary_13,0,54,0.026624,0.0766
10000,split_boundary_13,0,55,0.024576,0.0783
10000,split_boundary_13,0,56,0.024576,0.0761
10000,split_boundary_13,0,57,0.027648,0.0756
10000,split_boundary_13,0,58,0.026624,0.0774
10000,split_boundary_13,0,59,0.024576,0.0775
10000,split_boundary_13,0,60,0.024576,0.0767
10000,split_boundary_13,0,61,0.026624,0.0777
10000,split_boundary_13,0,62,0.026624,0.0796
10000,split_boundary_13,0,63,0.0256,0.0777
10000,split_boundary_13,0,64,0.0256,0.0785
10000,split_boundary_13,0,65,0.0256,0.0785
10000,split_boundary_13,0,66,0.0256,0.079
10000,split_boundary_13,0,67,0.0256,0.0785
10000,split_boundary_13,0,68,0.0256,0.0778
10000,split_boundary_13,0,69,0.026624,0.0773
10000,split_boundary_13,0,70,0.0256,0.0765
10000,split_boundary_13,0,71,0.024576,0.0781
10000,split_boundary_13,0,72,0.023552,0.0812
10000,split_boundary_13,0,73,0.03072,0.0771
10000,split_boundary_13,0,74,0.027648,0.0757
10000,split_boundary_13,0,75,0.024576,0.077
10000,split_boundary_13,0,76,0.023552,0.0767
10000,split_boundary_13,0,77,0.027648,0.076
10000,split_boundary_13,0,78,0.026624,0.0789
10000,split_boundary_13,0,79,0.024576,0.0781
10000,split_boundary_13,0,80,0.024576,0.0769
10000,split_boundary_13,0,81,0.026624,0.0766
10000,split_boundary_13,0,82,0.027648,0.0777
10000,split_boundary_13,0,83,0.0256,0.0768
10000,split_boundary_13,0,84,0.023552,0.0765
10000,split_boundary_13,0,85,0.024576,0.0783
10000,split_boundary_13,0,86,0.026624,0.0779
10000,split_boundary_13,0,87,0.024576,0.0777
10000,split_boundary_13,0,88,0.024576,0.0845
10000,split_boundary_13,0,89,0.026624,0.0797
10000,split_boundary_13,0,90,0.027648,0.0765
10000,split_boundary_13,0,91,0.024576,0.0774
10000,split_boundary_13,0,92,0.023552,0.0764
10000,split_boundary_13,0,93,0.027648,0.0764
10000,split_boundary_13,0,94,0.026624,0.0847
10000,split_boundary_13,0,95,0.024576,0.0786
10000,split_boundary_13,0,96,0.023552,0.0764
10000,split_boundary_13,0,97,0.027648,0.077
10000,split_boundary_13,0,98,0.027648,0.0756
10000,split_boundary_13,0,99,0.0256,0.0768
10000,split_boundary_13,0,100,0.024576,0.0768
10000,split_boundary_13,0,101,0.027648,0.0814
10000,split_boundary_13,0,102,0.027648,0.08
10000,split_boundary_13,0,103,0.024576,0.0759
10000,split_boundary_13,0,104,0.023552,0.076
10000,split_boundary_13,0,105,0.027648,0.0782
10000,split_boundary_13,0,106,0.027648,0.0767
10000,split_boundary_13,0,107,0.024576,0.0854
10000,split_boundary_13,0,108,0.024576,0.0779
10000,split_boundary_13,0,109,0.03072,0.0816
10000,split_boundary_13,0,110,0.027648,0.0765
10000,split_boundary_13,0,111,0.024576,0.0766
10000,split_boundary_13,0,112,0.023552,0.0806
10000,split_boundary_13,0,113,0.027648,0.077
10000,split_boundary_13,0,114,0.027648,0.0792
10000,split_boundary_13,0,115,0.024576,0.0835
10000,split_boundary_13,0,116,0.023552,0.0767
10000,split_boundary_13,0,117,0.027648,0.0781
10000,split_boundary_13,0,118,0.026624,0.0777
10000,split_boundary_13,0,119,0.024576,0.078
10000,split_boundary_13,1,0,0.026624,0.0822
10000,split_boundary_13,1,1,0.027648,0.0784
10000,split_boundary_13,1,2,0.024576,0.0775
10000,split_boundary_13,1,3,0.024576,0.0763
10000,split_boundary_13,1,4,0.027648,0.0766
10000,split_boundary_13,1,5,0.026624,0.0787
10000,split_boundary_13,1,6,0.024576,0.0787
10000,split_boundary_13,1,7,0.023552,0.0792
10000,split_boundary_13,1,8,0.026624,0.0778
10000,split_boundary_13,1,9,0.026624,0.0782
10000,split_boundary_13,1,10,0.024576,0.0772
10000,split_boundary_13,1,11,0.024576,0.0788
10000,split_boundary_13,1,12,0.026624,0.0771
10000,split_boundary_13,1,13,0.026624,0.077
10000,split_boundary_13,1,14,0.024576,0.0809
10000,split_boundary_13,1,15,0.024576,0.0772
10000,split_boundary_13,1,16,0.027648,0.0825
10000,split_boundary_13,1,17,0.027648,0.0773
10000,split_boundary_13,1,18,0.024576,0.0781
10000,split_boundary_13,1,19,0.024576,0.0792
10000,split_boundary_13,1,20,0.027648,0.0763
10000,split_boundary_13,1,21,0.027648,0.0784
10000,split_boundary_13,1,22,0.024576,0.0775
10000,split_boundary_13,1,23,0.023552,0.0776
10000,split_boundary_13,1,24,0.027648,0.0788
10000,split_boundary_13,1,25,0.026624,0.0786
10000,split_boundary_13,1,26,0.024576,0.0768
10000,split_boundary_13,1,27,0.024576,0.0784
10000,split_boundary_13,1,28,0.026624,0.0779
10000,split_boundary_13,1,29,0.026624,0.0779
10000,split_boundary_13,1,30,0.024576,0.0784
10000,split_boundary_13,1,31,0.023552,0.0767
10000,split_boundary_13,1,32,0.027648,0.0767
10000,split_boundary_13,1,33,0.023552,0.0786
10000,split_boundary_13,1,34,0.024576,0.0766
10000,split_boundary_13,1,35,0.024576,0.0817
10000,split_boundary_13,1,36,0.027648,0.0765
10000,split_boundary_13,1,37,0.026624,0.0772
10000,split_boundary_13,1,38,0.024576,0.0769
10000,split_boundary_13,1,39,0.024576,0.1521
10000,split_boundary_13,1,40,0.029696,0.0764
10000,split_boundary_13,1,41,0.027648,0.0902
10000,split_boundary_13,1,42,0.024576,0.0767
10000,split_boundary_13,1,43,0.023552,0.076
10000,split_boundary_13,1,44,0.027648,0.0763
10000,split_boundary_13,1,45,0.026624,0.0776
10000,split_boundary_13,1,46,0.0256,0.0795
10000,split_boundary_13,1,47,0.024576,0.0764
10000,split_boundary_13,1,48,0.027648,0.0766
10000,split_boundary_13,1,49,0.026624,0.077
10000,split_boundary_13,1,50,0.024576,0.0758
10000,split_boundary_13,1,51,0.023552,0.0759
10000,split_boundary_13,1,52,0.027648,0.0773
10000,split_boundary_13,1,53,0.027648,0.0768
10000,split_boundary_13,1,54,0.024576,0.077
10000,split_boundary_13,1,55,0.024576,0.0763
10000,split_boundary_13,1,56,0.026624,0.0796
10000,split_boundary_13,1,57,0.026624,0.077
10000,split_boundary_13,1,58,0.024576,0.0772
10000,split_boundary_13,1,59,0.023552,0.0761
10000,split_boundary_13,1,60,0.026624,0.0764
10000,split_boundary_13,1,61,0.026624,0.0776
10000,split_boundary_13,1,62,0.024576,0.0811
10000,split_boundary_13,1,63,0.023552,0.0776
10000,split_boundary_13,1,64,0.027648,0.0773
10000,split_boundary_13,1,65,0.027648,0.0768
10000,split_boundary_13,1,66,0.0256,0.079
10000,split_boundary_13,1,67,0.024576,0.0812
10000,split_boundary_13,1,68,0.026624,0.0768
10000,split_boundary_13,1,69,0.026624,0.108
10000,split_boundary_13,1,70,0.024576,0.0792
10000,split_boundary_13,1,71,0.023552,0.077
10000,split_boundary_13,1,72,0.026624,0.0763
10000,split_boundary_13,1,73,0.026624,0.0777
10000,split_boundary_13,1,74,0.024576,0.0792
10000,split_boundary_13,1,75,0.023552,0.0791
10000,split_boundary_13,1,76,0.027648,0.0781
10000,split_boundary_13,1,77,0.026624,0.0758
10000,split_boundary_13,1,78,0.024576,0.0777
10000,split_boundary_13,1,79,0.024576,0.0791
10000,split_boundary_13,1,80,0.027648,0.077
10000,split_boundary_13,1,81,0.027648,0.0767
10000,split_boundary_13,1,82,0.024576,0.0808
10000,split_boundary_13,1,83,0.023552,0.079
10000,split_boundary_13,1,84,0.026624,0.0762
10000,split_boundary_13,1,85,0.026624,0.0764
10000,split_boundary_13,1,86,0.024576,0.0767
10000,split_boundary_13,1,87,0.024576,0.0778
10000,split_boundary_13,1,88,0.027648,0.0769
10000,split_boundary_13,1,89,0.027648,0.0765
10000,split_boundary_13,1,90,0.024576,0.0779
10000,split_boundary_13,1,91,0.024576,0.0775
10000,split_boundary_13,1,92,0.029696,0.0767
10000,split_boundary_13,1,93,0.026624,0.0761
10000,split_boundary_13,1,94,0.024576,0.0781
10000,split_boundary_13,1,95,0.023552,0.0782
10000,split_boundary_13,1,96,0.026624,0.0775
10000,split_boundary_13,1,97,0.026624,0.0806
10000,split_boundary_13,1,98,0.024576,0.0773
10000,split_boundary_13,1,99,0.023552,0.077
10000,split_boundary_13,1,100,0.026624,0.0787
10000,split_boundary_13,1,101,0.026624,0.0779
10000,split_boundary_13,1,102,0.024576,0.0773
10000,split_boundary_13,1,103,0.024576,0.0758
10000,split_boundary_13,1,104,0.027648,0.0773
10000,split_boundary_13,1,105,0.027648,0.0758
10000,split_boundary_13,1,106,0.024576,0.0765
10000,split_boundary_13,1,107,0.023552,0.0803
10000,split_boundary_13,1,108,0.026624,0.0764
10000,split_boundary_13,1,109,0.026624,0.077
10000,split_boundary_13,1,110,0.024576,0.0768
10000,split_boundary_13,1,111,0.024576,0.0759
10000,split_boundary_13,1,112,0.027648,0.0771
10000,split_boundary_13,1,113,0.026624,0.0811
10000,split_boundary_13,1,114,0.024576,0.0803
10000,split_boundary_13,1,115,0.024576,0.0805
10000,split_boundary_13,1,116,0.027648,0.0765
10000,split_boundary_13,1,117,0.027648,0.0773
10000,split_boundary_13,1,118,0.024576,0.0768
10000,split_boundary_13,1,119,0.0256,0.0759
10000,split_boundary_13,2,0,0.03072,0.1031
10000,split_boundary_13,2,1,0.024576,0.0808
10000,split_boundary_13,2,2,0.024576,0.0809
10000,split_boundary_13,2,3,0.027648,0.0761
10000,split_boundary_13,2,4,0.026624,0.0774
10000,split_boundary_13,2,5,0.024576,0.0778
10000,split_boundary_13,2,6,0.024576,0.0769
10000,split_boundary_13,2,7,0.026624,0.0774
10000,split_boundary_13,2,8,0.027648,0.0772
10000,split_boundary_13,2,9,0.024576,0.0843
10000,split_boundary_13,2,10,0.024576,0.0787
10000,split_boundary_13,2,11,0.027648,0.0761
10000,split_boundary_13,2,12,0.026624,0.081
10000,split_boundary_13,2,13,0.024576,0.0763
10000,split_boundary_13,2,14,0.024576,0.0781
10000,split_boundary_13,2,15,0.026624,0.0788
10000,split_boundary_13,2,16,0.026624,0.077
10000,split_boundary_13,2,17,0.0256,0.0764
10000,split_boundary_13,2,18,0.023552,0.0763
10000,split_boundary_13,2,19,0.027648,0.0772
10000,split_boundary_13,2,20,0.027648,0.0759
10000,split_boundary_13,2,21,0.024576,0.0765
10000,split_boundary_13,2,22,0.023552,0.0775
10000,split_boundary_13,2,23,0.027648,0.0769
10000,split_boundary_13,2,24,0.027648,0.0768
10000,split_boundary_13,2,25,0.024576,0.0783
10000,split_boundary_13,2,26,0.024576,0.0768
10000,split_boundary_13,2,27,0.027648,0.077
10000,split_boundary_13,2,28,0.027648,0.0878
10000,split_boundary_13,2,29,0.0256,0.1121
10000,split_boundary_13,2,30,0.0256,0.0803
10000,split_boundary_13,2,31,0.026624,0.0765
10000,split_boundary_13,2,32,0.0256,0.0766
10000,split_boundary_13,2,33,0.0256,0.0772
10000,split_boundary_13,2,34,0.026624,0.0755
10000,split_boundary_13,2,35,0.026624,0.0764
10000,split_boundary_13,2,36,0.026624,0.0758
10000,split_boundary_13,2,37,0.024576,0.0972
10000,split_boundary_13,2,38,0.024576,0.077
10000,split_boundary_13,2,39,0.024576,0.0801
10000,split_boundary_13,2,40,0.027648,0.0778
10000,split_boundary_13,2,41,0.024576,0.0765
10000,split_boundary_13,2,42,0.023552,0.0789
10000,split_boundary_13,2,43,0.026624,0.0773
10000,split_boundary_13,2,44,0.027648,0.0764
10000,split_boundary_13,2,45,0.024576,0.0775
10000,split_boundary_13,2,46,0.024576,0.0792
10000,split_boundary_13,2,47,0.026624,0.0787
10000,split_boundary_13,2,48,0.026624,0.0807
10000,split_boundary_13,2,49,0.024576,0.0762
10000,split_boundary_13,2,50,0.024576,0.0781
10000,split_boundary_13,2,51,0.027648,0.0784
10000,split_boundary_13,2,52,0.026624,0.1107
10000,split_boundary_13,2,53,0.0256,0.0813
10000,split_boundary_13,2,54,0.023552,0.0799
10000,split_boundary_13,2,55,0.026624,0.0765
10000,split_boundary_13,2,56,0.026624,0.0759
10000,split_boundary_13,2,57,0.024576,0.0765
10000,split_boundary_13,2,58,0.023552,0.0762
10000,split_boundary_13,2,59,0.027648,0.0796
10000,split_boundary_13,2,60,0.026624,0.0758
10000,split_boundary_13,2,61,0.024576,0.0772
10000,split_boundary_13,2,62,0.023552,0.0765
10000,split_boundary_13,2,63,0.026624,0.0773
10000,split_boundary_13,2,64,0.027648,0.0764
10000,split_boundary_13,2,65,0.024576,0.0775
10000,split_boundary_13,2,66,0.024576,0.078
10000,split_boundary_13,2,67,0.027648,0.0777
10000,split_boundary_13,2,68,0.026624,0.0808
10000,split_boundary_13,2,69,0.024576,0.0763
10000,split_boundary_13,2,70,0.024576,0.0823
10000,split_boundary_13,2,71,0.027648,0.0772
10000,split_boundary_13,2,72,0.026624,0.0779
10000,split_boundary_13,2,73,0.024576,0.0768
10000,split_boundary_13,2,74,0.023552,0.0781
10000,split_boundary_13,2,75,0.026624,0.0759
10000,split_boundary_13,2,76,0.027648,0.0778
10000,split_boundary_13,2,77,0.024576,0.0771
10000,split_boundary_13,2,78,0.024576,0.0764
10000,split_boundary_13,2,79,0.026624,0.0927
10000,split_boundary_13,2,80,0.027648,0.0811
10000,split_boundary_13,2,81,0.024576,0.0761
10000,split_boundary_13,2,82,0.024576,0.0775
10000,split_boundary_13,2,83,0.027648,0.0794
10000,split_boundary_13,2,84,0.024576,0.0767
10000,split_boundary_13,2,85,0.024576,0.076
10000,split_boundary_13,2,86,0.023552,0.0791
10000,split_boundary_13,2,87,0.027648,0.078
10000,split_boundary_13,2,88,0.026624,0.077
10000,split_boundary_13,2,89,0.024576,0.0765
10000,split_boundary_13,2,90,0.023552,0.077
10000,split_boundary_13,2,91,0.027648,0.0772
10000,split_boundary_13,2,92,0.027648,0.0785
10000,split_boundary_13,2,93,0.024576,0.0817
10000,split_boundary_13,2,94,0.023552,0.0769
10000,split_boundary_13,2,95,0.027648,0.0773
10000,split_boundary_13,2,96,0.026624,0.0776
10000,split_boundary_13,2,97,0.024576,0.0763
10000,split_boundary_13,2,98,0.023552,0.0771
10000,split_boundary_13,2,99,0.027648,0.0772
10000,split_boundary_13,2,100,0.026624,0.0766
10000,split_boundary_13,2,101,0.024576,0.0758
10000,split_boundary_13,2,102,0.023552,0.0796
10000,split_boundary_13,2,103,0.026624,0.0774
10000,split_boundary_13,2,104,0.029696,0.081
10000,split_boundary_13,2,105,0.024576,0.0764
10000,split_boundary_13,2,106,0.024576,0.0867
10000,split_boundary_13,2,107,0.027648,0.0803
10000,split_boundary_13,2,108,0.027648,0.0756
10000,split_boundary_13,2,109,0.0256,0.0769
10000,split_boundary_13,2,110,0.023552,0.0757
10000,split_boundary_13,2,111,0.026624,0.079
10000,split_boundary_13,2,112,0.026624,0.0766
10000,split_boundary_13,2,113,0.024576,0.0819
10000,split_boundary_13,2,114,0.024576,0.0774
10000,split_boundary_13,2,115,0.026624,0.0765
10000,split_boundary_13,2,116,0.026624,0.077
10000,split_boundary_13,2,117,0.024576,0.0786
10000,split_boundary_13,2,118,0.024576,0.0773
10000,split_boundary_13,2,119,0.027648,0.0776
65536,current_group,0,0,0.070656,0.0181
65536,current_group,0,1,0.075776,0.0023
65536,current_group,0,2,0.070656,0.0028
65536,current_group,0,3,0.075776,0.0027
65536,current_group,0,4,0.069632,0.0027
65536,current_group,0,5,0.074752,0.0026
65536,current_group,0,6,0.070656,0.0027
65536,current_group,0,7,0.074752,0.0027
65536,current_group,0,8,0.069632,0.0027
65536,current_group,0,9,0.073728,0.0028
65536,current_group,0,10,0.069632,0.0027
65536,current_group,0,11,0.075776,0.0027
65536,current_group,0,12,0.070656,0.0027
65536,current_group,0,13,0.07168,0.0028
65536,current_group,0,14,0.070656,0.0036
65536,current_group,0,15,0.075776,0.0038
65536,current_group,0,16,0.069632,0.0027
65536,current_group,0,17,0.074752,0.0028
65536,current_group,0,18,0.070656,0.0027
65536,current_group,0,19,0.074752,0.0026
65536,current_group,0,20,0.069632,0.0027
65536,current_group,0,21,0.068608,0.0029
65536,current_group,0,22,0.069632,0.0027
65536,current_group,0,23,0.068608,0.0027
65536,current_group,0,24,0.070656,0.0028
65536,current_group,0,25,0.075776,0.0027
65536,current_group,0,26,0.069632,0.003
65536,current_group,0,27,0.074752,0.0027
65536,current_group,0,28,0.070656,0.0027
65536,current_group,0,29,0.074752,0.0027
65536,current_group,0,30,0.070656,0.0028
65536,current_group,0,31,0.075776,0.0027
65536,current_group,0,32,0.072704,0.0027
65536,current_group,0,33,0.077824,0.0026
65536,current_group,0,34,0.072704,0.0027
65536,current_group,0,35,0.077824,0.0027
65536,current_group,0,36,0.072704,0.0027
65536,current_group,0,37,0.078848,0.0026
65536,current_group,0,38,0.072704,0.0027
65536,current_group,0,39,0.078848,0.0027
65536,current_group,0,40,0.072704,0.0039
65536,current_group,0,41,0.078848,0.0027
65536,current_group,0,42,0.072704,0.0027
65536,current_group,0,43,0.077824,0.0027
65536,current_group,0,44,0.072704,0.0027
65536,current_group,0,45,0.078848,0.0026
65536,current_group,0,46,0.075776,0.0027
65536,current_group,0,47,0.077824,0.0037
65536,current_group,0,48,0.072704,0.0037
65536,current_group,0,49,0.078848,0.0027
65536,current_group,0,50,0.073728,0.0027
65536,current_group,0,51,0.078848,0.0027
65536,current_group,0,52,0.072704,0.0027
65536,current_group,0,53,0.078848,0.0027
65536,current_group,0,54,0.07168,0.0027
65536,current_group,0,55,0.078848,0.0027
65536,current_group,0,56,0.072704,0.0027
65536,current_group,0,57,0.077824,0.0027
65536,current_group,0,58,0.072704,0.0027
65536,current_group,0,59,0.077824,0.0027
65536,current_group,0,60,0.072704,0.0026
65536,current_group,0,61,0.072704,0.0026
65536,current_group,0,62,0.072704,0.0027
65536,current_group,0,63,0.078848,0.0027
65536,current_group,0,64,0.072704,0.0028
65536,current_group,0,65,0.077824,0.0026
65536,current_group,0,66,0.072704,0.0027
65536,current_group,0,67,0.077824,0.0027
65536,current_group,0,68,0.072704,0.0027
65536,current_group,0,69,0.078848,0.0026
65536,current_group,0,70,0.073728,0.0027
65536,current_group,0,71,0.077824,0.0035
65536,current_group,0,72,0.073728,0.0032
65536,current_group,0,73,0.078848,0.0027
65536,current_group,0,74,0.072704,0.0027
65536,current_group,0,75,0.077824,0.0027
65536,current_group,0,76,0.072704,0.0028
65536,current_group,0,77,0.077824,0.0027
65536,current_group,0,78,0.073728,0.0027
65536,current_group,0,79,0.080896,0.0027
65536,current_group,0,80,0.073728,0.0034
65536,current_group,0,81,0.078848,0.0038
65536,current_group,0,82,0.073728,0.0027
65536,current_group,0,83,0.078848,0.0026
65536,current_group,0,84,0.072704,0.0028
65536,current_group,0,85,0.077824,0.0027
65536,current_group,0,86,0.073728,0.0027
65536,current_group,0,87,0.078848,0.0027
65536,current_group,0,88,0.072704,0.0026
65536,current_group,0,89,0.078848,0.0029
65536,current_group,0,90,0.072704,0.0027
65536,current_group,0,91,0.077824,0.0027
65536,current_group,0,92,0.07168,0.0026
65536,current_group,0,93,0.077824,0.0027
65536,current_group,0,94,0.072704,0.0027
65536,current_group,0,95,0.078848,0.0026
65536,current_group,0,96,0.073728,0.0026
65536,current_group,0,97,0.078848,0.0027
65536,current_group,0,98,0.072704,0.0029
65536,current_group,0,99,0.077824,0.0027
65536,current_group,0,100,0.07168,0.0026
65536,current_group,0,101,0.077824,0.0027
65536,current_group,0,102,0.07168,0.0027
65536,current_group,0,103,0.078848,0.0027
65536,current_group,0,104,0.072704,0.0027
65536,current_group,0,105,0.077824,0.0026
65536,current_group,0,106,0.072704,0.0027
65536,current_group,0,107,0.077824,0.0027
65536,current_group,0,108,0.07168,0.0027
65536,current_group,0,109,0.078848,0.0027
65536,current_group,0,110,0.072704,0.0028
65536,current_group,0,111,0.077824,0.0027
65536,current_group,0,112,0.073728,0.0026
65536,current_group,0,113,0.077824,0.0027
65536,current_group,0,114,0.073728,0.0037
65536,current_group,0,115,0.077824,0.0027
65536,current_group,0,116,0.072704,0.0027
65536,current_group,0,117,0.077824,0.0027
65536,current_group,0,118,0.073728,0.0026
65536,current_group,0,119,0.078848,0.0027
65536,current_group,1,0,0.069632,0.0048
65536,current_group,1,1,0.070656,0.0036
65536,current_group,1,2,0.072704,0.0038
65536,current_group,1,3,0.078848,0.0047
65536,current_group,1,4,0.072704,0.0027
65536,current_group,1,5,0.077824,0.0026
65536,current_group,1,6,0.07168,0.0037
65536,current_group,1,7,0.077824,0.004
65536,current_group,1,8,0.072704,0.003
65536,current_group,1,9,0.078848,0.0027
65536,current_group,1,10,0.07168,0.0032
65536,current_group,1,11,0.077824,0.0034
65536,current_group,1,12,0.075776,0.0048
65536,current_group,1,13,0.078848,0.0037
65536,current_group,1,14,0.07168,0.0036
65536,current_group,1,15,0.078848,0.0032
65536,current_group,1,16,0.072704,0.003
65536,current_group,1,17,0.079872,0.0034
65536,current_group,1,18,0.072704,0.0032
65536,current_group,1,19,0.078848,0.0031
65536,current_group,1,20,0.072704,0.0029
65536,current_group,1,21,0.079872,0.0047
65536,current_group,1,22,0.072704,0.003
65536,current_group,1,23,0.077824,0.0037
65536,current_group,1,24,0.072704,0.003
65536,current_group,1,25,0.078848,0.0027
65536,current_group,1,26,0.072704,0.0026
65536,current_group,1,27,0.078848,0.0026
65536,current_group,1,28,0.072704,0.0029
65536,current_group,1,29,0.077824,0.0028
65536,current_group,1,30,0.072704,0.0046
65536,current_group,1,31,0.078848,0.0027
65536,current_group,1,32,0.07168,0.0026
65536,current_group,1,33,0.078848,0.0027
65536,current_group,1,34,0.073728,0.0027
65536,current_group,1,35,0.078848,0.0027
65536,current_group,1,36,0.072704,0.0027
65536,current_group,1,37,0.079872,0.0027
65536,current_group,1,38,0.07168,0.0027
65536,current_group,1,39,0.077824,0.0042
65536,current_group,1,40,0.07168,0.0027
65536,current_group,1,41,0.078848,0.0027
65536,current_group,1,42,0.07168,0.0027
65536,current_group,1,43,0.078848,0.0027
65536,current_group,1,44,0.072704,0.0026
65536,current_group,1,45,0.078848,0.0038
65536,current_group,1,46,0.072704,0.0043
65536,current_group,1,47,0.069632,0.0038
65536,current_group,1,48,0.073728,0.0033
65536,current_group,1,49,0.074752,0.0055
65536,current_group,1,50,0.073728,0.0037
65536,current_group,1,51,0.074752,0.003
65536,current_group,1,52,0.113664,0.0037
65536,current_group,1,53,0.072704,0.0035
65536,current_group,1,54,0.073728,0.0031
65536,current_group,1,55,0.074752,0.0027
65536,current_group,1,56,0.073728,0.0028
65536,current_group,1,57,0.073728,0.0027
65536,current_group,1,58,0.072704,0.0027
65536,current_group,1,59,0.077824,0.0032
65536,current_group,1,60,0.073728,0.0028
65536,current_group,1,61,0.073728,0.0027
65536,current_group,1,62,0.07168,0.0027
65536,current_group,1,63,0.079872,0.0027
65536,current_group,1,64,0.07168,0.0027
65536,current_group,1,65,0.0768,0.0027
65536,current_group,1,66,0.070656,0.0028
65536,current_group,1,67,0.074752,0.0027
65536,current_group,1,68,0.070656,0.0027
65536,current_group,1,69,0.075776,0.0028
65536,current_group,1,70,0.070656,0.0026
65536,current_group,1,71,0.078848,0.0027
65536,current_group,1,72,0.069632,0.0026
65536,current_group,1,73,0.074752,0.0026
65536,current_group,1,74,0.069632,0.0028
65536,current_group,1,75,0.075776,0.003
65536,current_group,1,76,0.069632,0.0037
65536,current_group,1,77,0.075776,0.0035
65536,current_group,1,78,0.069632,0.0038
65536,current_group,1,79,0.075776,0.0027
65536,current_group,1,80,0.069632,0.0026
65536,current_group,1,81,0.074752,0.0027
65536,current_group,1,82,0.069632,0.0027
65536,current_group,1,83,0.075776,0.0027
65536,current_group,1,84,0.068608,0.0028
65536,current_group,1,85,0.075776,0.0027
65536,current_group,1,86,0.069632,0.0027
65536,current_group,1,87,0.075776,0.0027
65536,current_group,1,88,0.070656,0.0027
65536,current_group,1,89,0.074752,0.0027
65536,current_group,1,90,0.070656,0.0027
65536,current_group,1,91,0.075776,0.0027
65536,current_group,1,92,0.070656,0.0027
65536,current_group,1,93,0.075776,0.0032
65536,current_group,1,94,0.069632,0.0027
65536,current_group,1,95,0.074752,0.0027
65536,current_group,1,96,0.070656,0.0028
65536,current_group,1,97,0.074752,0.0027
65536,current_group,1,98,0.069632,0.0027
65536,current_group,1,99,0.074752,0.0026
65536,current_group,1,100,0.069632,0.0028
65536,current_group,1,101,0.075776,0.0028
65536,current_group,1,102,0.069632,0.0027
65536,current_group,1,103,0.075776,0.0027
65536,current_group,1,104,0.070656,0.0028
65536,current_group,1,105,0.078848,0.0027
65536,current_group,1,106,0.069632,0.0027
65536,current_group,1,107,0.078848,0.0027
65536,current_group,1,108,0.069632,0.0027
65536,current_group,1,109,0.074752,0.0038
65536,current_group,1,110,0.069632,0.0037
65536,current_group,1,111,0.074752,0.0029
65536,current_group,1,112,0.069632,0.0026
65536,current_group,1,113,0.075776,0.0028
65536,current_group,1,114,0.069632,0.0027
65536,current_group,1,115,0.074752,0.0027
65536,current_group,1,116,0.069632,0.0026
65536,current_group,1,117,0.074752,0.0028
65536,current_group,1,118,0.070656,0.0027
65536,current_group,1,119,0.074752,0.0027
65536,current_group,2,0,0.069632,0.0035
65536,current_group,2,1,0.069632,0.0032
65536,current_group,2,2,0.070656,0.0027
65536,current_group,2,3,0.074752,0.0027
65536,current_group,2,4,0.070656,0.0026
65536,current_group,2,5,0.074752,0.0027
65536,current_group,2,6,0.070656,0.0027
65536,current_group,2,7,0.074752,0.0026
65536,current_group,2,8,0.069632,0.0026
65536,current_group,2,9,0.074752,0.0027
65536,current_group,2,10,0.069632,0.0027
65536,current_group,2,11,0.074752,0.0027
65536,current_group,2,12,0.070656,0.0028
65536,current_group,2,13,0.075776,0.0027
65536,current_group,2,14,0.068608,0.0038
65536,current_group,2,15,0.073728,0.0039
65536,current_group,2,16,0.069632,0.0033
65536,current_group,2,17,0.073728,0.003
65536,current_group,2,18,0.069632,0.0031
65536,current_group,2,19,0.074752,0.0027
65536,current_group,2,20,0.069632,0.0033
65536,current_group,2,21,0.075776,0.003
65536,current_group,2,22,0.070656,0.0032
65536,current_group,2,23,0.077824,0.0027
65536,current_group,2,24,0.070656,0.0035
65536,current_group,2,25,0.074752,0.0029
65536,current_group,2,26,0.069632,0.0027
65536,current_group,2,27,0.074752,0.0035
65536,current_group,2,28,0.070656,0.0028
65536,current_group,2,29,0.074752,0.0027
65536,current_group,2,30,0.072704,0.0027
65536,current_group,2,31,0.078848,0.0027
65536,current_group,2,32,0.073728,0.0027
65536,current_group,2,33,0.077824,0.0027
65536,current_group,2,34,0.072704,0.0027
65536,current_group,2,35,0.078848,0.0027
65536,current_group,2,36,0.072704,0.0027
65536,current_group,2,37,0.078848,0.0027
65536,current_group,2,38,0.073728,0.0027
65536,current_group,2,39,0.078848,0.0028
65536,current_group,2,40,0.072704,0.0027
65536,current_group,2,41,0.078848,0.0027
65536,current_group,2,42,0.072704,0.0027
65536,current_group,2,43,0.077824,0.0027
65536,current_group,2,44,0.072704,0.0028
65536,current_group,2,45,0.077824,0.0027
65536,current_group,2,46,0.073728,0.0027
65536,current_group,2,47,0.077824,0.0029
65536,current_group,2,48,0.072704,0.003
65536,current_group,2,49,0.077824,0.0028
65536,current_group,2,50,0.072704,0.0028
65536,current_group,2,51,0.078848,0.0027
65536,current_group,2,52,0.072704,0.0027
65536,current_group,2,53,0.077824,0.0028
65536,current_group,2,54,0.073728,0.0027
65536,current_group,2,55,0.077824,0.0027
65536,current_group,2,56,0.07168,0.0028
65536,current_group,2,57,0.077824,0.0028
65536,current_group,2,58,0.072704,0.0027
65536,current_group,2,59,0.077824,0.0027
65536,current_group,2,60,0.072704,0.0027
65536,current_group,2,61,0.078848,0.0027
65536,current_group,2,62,0.072704,0.0028
65536,current_group,2,63,0.077824,0.0027
65536,current_group,2,64,0.07168,0.0027
65536,current_group,2,65,0.079872,0.0027
65536,current_group,2,66,0.072704,0.0027
65536,current_group,2,67,0.078848,0.0028
65536,current_group,2,68,0.072704,0.0027
65536,current_group,2,69,0.077824,0.0027
65536,current_group,2,70,0.073728,0.0028
65536,current_group,2,71,0.077824,0.0027
65536,current_group,2,72,0.072704,0.0027
65536,current_group,2,73,0.077824,0.0027
65536,current_group,2,74,0.07168,0.0027
65536,current_group,2,75,0.0768,0.0027
65536,current_group,2,76,0.07168,0.0027
65536,current_group,2,77,0.077824,0.0027
65536,current_group,2,78,0.070656,0.0027
65536,current_group,2,79,0.073728,0.0028
65536,current_group,2,80,0.07168,0.0027
65536,current_group,2,81,0.075776,0.0032
65536,current_group,2,82,0.072704,0.0027
65536,current_group,2,83,0.077824,0.0028
65536,current_group,2,84,0.072704,0.0028
65536,current_group,2,85,0.078848,0.0027
65536,current_group,2,86,0.073728,0.0027
65536,current_group,2,87,0.078848,0.0027
65536,current_group,2,88,0.072704,0.0027
65536,current_group,2,89,0.0768,0.0026
65536,current_group,2,90,0.07168,0.0027
65536,current_group,2,91,0.077824,0.0028
65536,current_group,2,92,0.072704,0.0027
65536,current_group,2,93,0.078848,0.0027
65536,current_group,2,94,0.072704,0.0027
65536,current_group,2,95,0.078848,0.0027
65536,current_group,2,96,0.07168,0.0027
65536,current_group,2,97,0.0768,0.0027
65536,current_group,2,98,0.070656,0.0027
65536,current_group,2,99,0.077824,0.0028
65536,current_group,2,100,0.07168,0.0027
65536,current_group,2,101,0.077824,0.0027
65536,current_group,2,102,0.073728,0.0027
65536,current_group,2,103,0.077824,0.0027
65536,current_group,2,104,0.072704,0.0026
65536,current_group,2,105,0.077824,0.0028
65536,current_group,2,106,0.07168,0.0028
65536,current_group,2,107,0.077824,0.0026
65536,current_group,2,108,0.072704,0.0028
65536,current_group,2,109,0.078848,0.0027
65536,current_group,2,110,0.072704,0.0027
65536,current_group,2,111,0.077824,0.0027
65536,current_group,2,112,0.072704,0.0027
65536,current_group,2,113,0.0768,0.0027
65536,current_group,2,114,0.070656,0.0036
65536,current_group,2,115,0.078848,0.0028
65536,current_group,2,116,0.073728,0.0031
65536,current_group,2,117,0.078848,0.0027
65536,current_group,2,118,0.072704,0.0028
65536,current_group,2,119,0.078848,0.0027
65536,split_pass,0,0,0.09728,0.0274
65536,split_pass,0,1,0.099328,0.0025
65536,split_pass,0,2,0.098304,0.0025
65536,split_pass,0,3,0.096256,0.0025
65536,split_pass,0,4,0.09728,0.0026
65536,split_pass,0,5,0.099328,0.0026
65536,split_pass,0,6,0.100352,0.0025
65536,split_pass,0,7,0.096256,0.0026
65536,split_pass,0,8,0.096256,0.0025
65536,split_pass,0,9,0.099328,0.0025
65536,split_pass,0,10,0.099328,0.0025
65536,split_pass,0,11,0.09728,0.0029
65536,split_pass,0,12,0.09728,0.0025
65536,split_pass,0,13,0.098304,0.0026
65536,split_pass,0,14,0.099328,0.0026
65536,split_pass,0,15,0.096256,0.0025
65536,split_pass,0,16,0.096256,0.0026
65536,split_pass,0,17,0.103424,0.0035
65536,split_pass,0,18,0.099328,0.0025
65536,split_pass,0,19,0.096256,0.0025
65536,split_pass,0,20,0.095232,0.005
65536,split_pass,0,21,0.099328,0.0036
65536,split_pass,0,22,0.099328,0.0028
65536,split_pass,0,23,0.09728,0.0026
65536,split_pass,0,24,0.096256,0.0026
65536,split_pass,0,25,0.099328,0.0026
65536,split_pass,0,26,0.099328,0.0026
65536,split_pass,0,27,0.096256,0.0027
65536,split_pass,0,28,0.095232,0.0026
65536,split_pass,0,29,0.100352,0.0025
65536,split_pass,0,30,0.098304,0.0026
65536,split_pass,0,31,0.09728,0.0026
65536,split_pass,0,32,0.096256,0.0026
65536,split_pass,0,33,0.098304,0.0025
65536,split_pass,0,34,0.099328,0.0027
65536,split_pass,0,35,0.09728,0.0025
65536,split_pass,0,36,0.096256,0.0026
65536,split_pass,0,37,0.099328,0.0028
65536,split_pass,0,38,0.098304,0.0038
65536,split_pass,0,39,0.100352,0.0038
65536,split_pass,0,40,0.098304,0.0033
65536,split_pass,0,41,0.099328,0.0036
65536,split_pass,0,42,0.09728,0.003
65536,split_pass,0,43,0.098304,0.0026
65536,split_pass,0,44,0.09728,0.0026
65536,split_pass,0,45,0.098304,0.0028
65536,split_pass,0,46,0.098304,0.0025
65536,split_pass,0,47,0.09728,0.0026
65536,split_pass,0,48,0.09728,0.0026
65536,split_pass,0,49,0.096256,0.004
65536,split_pass,0,50,0.098304,0.0031
65536,split_pass,0,51,0.095232,0.0028
65536,split_pass,0,52,0.09728,0.0026
65536,split_pass,0,53,0.098304,0.0026
65536,split_pass,0,54,0.099328,0.0026
65536,split_pass,0,55,0.09728,0.0026
65536,split_pass,0,56,0.096256,0.0026
65536,split_pass,0,57,0.099328,0.0026
65536,split_pass,0,58,0.098304,0.0025
65536,split_pass,0,59,0.09728,0.0026
65536,split_pass,0,60,0.096256,0.0025
65536,split_pass,0,61,0.099328,0.0026
65536,split_pass,0,62,0.099328,0.0026
65536,split_pass,0,63,0.09728,0.0026
65536,split_pass,0,64,0.09728,0.0026
65536,split_pass,0,65,0.099328,0.0027
65536,split_pass,0,66,0.099328,0.0035
65536,split_pass,0,67,0.096256,0.0032
65536,split_pass,0,68,0.096256,0.0026
65536,split_pass,0,69,0.099328,0.0025
65536,split_pass,0,70,0.099328,0.0026
65536,split_pass,0,71,0.096256,0.0025
65536,split_pass,0,72,0.096256,0.0025
65536,split_pass,0,73,0.099328,0.0026
65536,split_pass,0,74,0.098304,0.0026
65536,split_pass,0,75,0.096256,0.0026
65536,split_pass,0,76,0.096256,0.0026
65536,split_pass,0,77,0.100352,0.0026
65536,split_pass,0,78,0.098304,0.0026
65536,split_pass,0,79,0.096256,0.0026
65536,split_pass,0,80,0.096256,0.0026
65536,split_pass,0,81,0.099328,0.0026
65536,split_pass,0,82,0.099328,0.0026
65536,split_pass,0,83,0.09728,0.0026
65536,split_pass,0,84,0.096256,0.0026
65536,split_pass,0,85,0.098304,0.0041
65536,split_pass,0,86,0.099328,0.0026
65536,split_pass,0,87,0.096256,0.0026
65536,split_pass,0,88,0.096256,0.0025
65536,split_pass,0,89,0.100352,0.0026
65536,split_pass,0,90,0.099328,0.0026
65536,split_pass,0,91,0.096256,0.0026
65536,split_pass,0,92,0.095232,0.0026
65536,split_pass,0,93,0.099328,0.0026
65536,split_pass,0,94,0.099328,0.0026
65536,split_pass,0,95,0.096256,0.0036
65536,split_pass,0,96,0.095232,0.0036
65536,split_pass,0,97,0.099328,0.0026
65536,split_pass,0,98,0.099328,0.0027
65536,split_pass,0,99,0.096256,0.0026
65536,split_pass,0,100,0.09728,0.0025
65536,split_pass,0,101,0.099328,0.0029
65536,split_pass,0,102,0.099328,0.0026
65536,split_pass,0,103,0.096256,0.0025
65536,split_pass,0,104,0.096256,0.0026
65536,split_pass,0,105,0.098304,0.0026
65536,split_pass,0,106,0.098304,0.0026
65536,split_pass,0,107,0.09728,0.0026
65536,split_pass,0,108,0.096256,0.0025
65536,split_pass,0,109,0.099328,0.0025
65536,split_pass,0,110,0.099328,0.0026
65536,split_pass,0,111,0.096256,0.0026
65536,split_pass,0,112,0.096256,0.0026
65536,split_pass,0,113,0.098304,0.0026
65536,split_pass,0,114,0.099328,0.0026
65536,split_pass,0,115,0.09728,0.0026
65536,split_pass,0,116,0.09728,0.0027
65536,split_pass,0,117,0.100352,0.0026
65536,split_pass,0,118,0.099328,0.0025
65536,split_pass,0,119,0.096256,0.0025
65536,split_pass,1,0,0.099328,0.0034
65536,split_pass,1,1,0.099328,0.0037
65536,split_pass,1,2,0.096256,0.0026
65536,split_pass,1,3,0.09728,0.0026
65536,split_pass,1,4,0.099328,0.0026
65536,split_pass,1,5,0.098304,0.0026
65536,split_pass,1,6,0.096256,0.0026
65536,split_pass,1,7,0.095232,0.0026
65536,split_pass,1,8,0.099328,0.0026
65536,split_pass,1,9,0.099328,0.0026
65536,split_pass,1,10,0.09728,0.0026
65536,split_pass,1,11,0.096256,0.0026
65536,split_pass,1,12,0.099328,0.0026
65536,split_pass,1,13,0.098304,0.0026
65536,split_pass,1,14,0.096256,0.0026
65536,split_pass,1,15,0.095232,0.0026
65536,split_pass,1,16,0.100352,0.0025
65536,split_pass,1,17,0.099328,0.0026
65536,split_pass,1,18,0.096256,0.0027
65536,split_pass,1,19,0.096256,0.0026
65536,split_pass,1,20,0.099328,0.0026
65536,split_pass,1,21,0.099328,0.0026
65536,split_pass,1,22,0.096256,0.0025
65536,split_pass,1,23,0.096256,0.0026
65536,split_pass,1,24,0.099328,0.0026
65536,split_pass,1,25,0.099328,0.0026
65536,split_pass,1,26,0.096256,0.0027
65536,split_pass,1,27,0.096256,0.0037
65536,split_pass,1,28,0.099328,0.0027
65536,split_pass,1,29,0.099328,0.0026
65536,split_pass,1,30,0.09728,0.0026
65536,split_pass,1,31,0.096256,0.0026
65536,split_pass,1,32,0.099328,0.0027
65536,split_pass,1,33,0.099328,0.0026
65536,split_pass,1,34,0.096256,0.0026
65536,split_pass,1,35,0.095232,0.0026
65536,split_pass,1,36,0.099328,0.0026
65536,split_pass,1,37,0.099328,0.0026
65536,split_pass,1,38,0.096256,0.0026
65536,split_pass,1,39,0.096256,0.0028
65536,split_pass,1,40,0.099328,0.0026
65536,split_pass,1,41,0.099328,0.0026
65536,split_pass,1,42,0.09728,0.0026
65536,split_pass,1,43,0.096256,0.0026
65536,split_pass,1,44,0.100352,0.0026
65536,split_pass,1,45,0.099328,0.0026
65536,split_pass,1,46,0.096256,0.0026
65536,split_pass,1,47,0.096256,0.0026
65536,split_pass,1,48,0.099328,0.0026
65536,split_pass,1,49,0.099328,0.0026
65536,split_pass,1,50,0.096256,0.0026
65536,split_pass,1,51,0.096256,0.0026
65536,split_pass,1,52,0.099328,0.0026
65536,split_pass,1,53,0.099328,0.0026
65536,split_pass,1,54,0.09728,0.0025
65536,split_pass,1,55,0.096256,0.0026
65536,split_pass,1,56,0.099328,0.0036
65536,split_pass,1,57,0.099328,0.0026
65536,split_pass,1,58,0.096256,0.0025
65536,split_pass,1,59,0.096256,0.0026
65536,split_pass,1,60,0.099328,0.0026
65536,split_pass,1,61,0.099328,0.0027
65536,split_pass,1,62,0.096256,0.0027
65536,split_pass,1,63,0.096256,0.0026
65536,split_pass,1,64,0.099328,0.0026
65536,split_pass,1,65,0.099328,0.0026
65536,split_pass,1,66,0.096256,0.0027
65536,split_pass,1,67,0.096256,0.0026
65536,split_pass,1,68,0.100352,0.0025
65536,split_pass,1,69,0.099328,0.0027
65536,split_pass,1,70,0.09728,0.0026
65536,split_pass,1,71,0.096256,0.0026
65536,split_pass,1,72,0.099328,0.0026
65536,split_pass,1,73,0.099328,0.0026
65536,split_pass,1,74,0.096256,0.0026
65536,split_pass,1,75,0.095232,0.0027
65536,split_pass,1,76,0.099328,0.0026
65536,split_pass,1,77,0.099328,0.0026
65536,split_pass,1,78,0.09728,0.0026
65536,split_pass,1,79,0.096256,0.004
65536,split_pass,1,80,0.099328,0.0026
65536,split_pass,1,81,0.099328,0.0026
65536,split_pass,1,82,0.096256,0.0026
65536,split_pass,1,83,0.096256,0.0026
65536,split_pass,1,84,0.100352,0.0026
65536,split_pass,1,85,0.099328,0.0036
65536,split_pass,1,86,0.096256,0.0036
65536,split_pass,1,87,0.095232,0.0027
65536,split_pass,1,88,0.099328,0.0026
65536,split_pass,1,89,0.099328,0.0026
65536,split_pass,1,90,0.096256,0.0026
65536,split_pass,1,91,0.096256,0.0025
65536,split_pass,1,92,0.099328,0.0025
65536,split_pass,1,93,0.099328,0.0026
65536,split_pass,1,94,0.09728,0.0026
65536,split_pass,1,95,0.096256,0.0028
65536,split_pass,1,96,0.099328,0.0026
65536,split_pass,1,97,0.099328,0.0026
65536,split_pass,1,98,0.09728,0.0025
65536,split_pass,1,99,0.096256,0.0025
65536,split_pass,1,100,0.099328,0.0027
65536,split_pass,1,101,0.098304,0.0026
65536,split_pass,1,102,0.09728,0.0026
65536,split_pass,1,103,0.096256,0.0026
65536,split_pass,1,104,0.099328,0.0026
65536,split_pass,1,105,0.099328,0.0026
65536,split_pass,1,106,0.096256,0.0026
65536,split_pass,1,107,0.096256,0.0026
65536,split_pass,1,108,0.099328,0.0025
65536,split_pass,1,109,0.099328,0.0031
65536,split_pass,1,110,0.096256,0.0026
65536,split_pass,1,111,0.096256,0.0026
65536,split_pass,1,112,0.098304,0.0027
65536,split_pass,1,113,0.098304,0.0026
65536,split_pass,1,114,0.096256,0.0026
65536,split_pass,1,115,0.095232,0.0035
65536,split_pass,1,116,0.099328,0.0025
65536,split_pass,1,117,0.100352,0.0027
65536,split_pass,1,118,0.09728,0.0026
65536,split_pass,1,119,0.09728,0.0026
65536,split_pass,2,0,0.099328,0.0033
65536,split_pass,2,1,0.09728,0.003
65536,split_pass,2,2,0.096256,0.0026
65536,split_pass,2,3,0.099328,0.0027
65536,split_pass,2,4,0.098304,0.0026
65536,split_pass,2,5,0.096256,0.0026
65536,split_pass,2,6,0.096256,0.0026
65536,split_pass,2,7,0.098304,0.0026
65536,split_pass,2,8,0.099328,0.0025
65536,split_pass,2,9,0.096256,0.0027
65536,split_pass,2,10,0.096256,0.0025
65536,split_pass,2,11,0.099328,0.0026
65536,split_pass,2,12,0.099328,0.0026
65536,split_pass,2,13,0.09728,0.0042
65536,split_pass,2,14,0.095232,0.0027
65536,split_pass,2,15,0.100352,0.0025
65536,split_pass,2,16,0.100352,0.0025
65536,split_pass,2,17,0.096256,0.0025
65536,split_pass,2,18,0.096256,0.0026
65536,split_pass,2,19,0.100352,0.0036
65536,split_pass,2,20,0.096256,0.0037
65536,split_pass,2,21,0.098304,0.0036
65536,split_pass,2,22,0.098304,0.0036
65536,split_pass,2,23,0.098304,0.003
65536,split_pass,2,24,0.098304,0.0028
65536,split_pass,2,25,0.098304,0.0026
65536,split_pass,2,26,0.099328,0.0026
65536,split_pass,2,27,0.098304,0.0027
65536,split_pass,2,28,0.100352,0.0026
65536,split_pass,2,29,0.096256,0.0031
65536,split_pass,2,30,0.096256,0.0026
65536,split_pass,2,31,0.095232,0.0027
65536,split_pass,2,32,0.099328,0.0026
65536,split_pass,2,33,0.09728,0.0043
65536,split_pass,2,34,0.096256,0.0026
65536,split_pass,2,35,0.099328,0.0026
65536,split_pass,2,36,0.099328,0.0026
65536,split_pass,2,37,0.09728,0.0026
65536,split_pass,2,38,0.096256,0.0026
65536,split_pass,2,39,0.098304,0.0026
65536,split_pass,2,40,0.099328,0.0026
65536,split_pass,2,41,0.09728,0.0026
65536,split_pass,2,42,0.096256,0.0026
65536,split_pass,2,43,0.100352,0.0028
65536,split_pass,2,44,0.099328,0.0026
65536,split_pass,2,45,0.09728,0.0027
65536,split_pass,2,46,0.096256,0.0036
65536,split_pass,2,47,0.099328,0.0027
65536,split_pass,2,48,0.098304,0.0032
65536,split_pass,2,49,0.09728,0.0026
65536,split_pass,2,50,0.096256,0.0026
65536,split_pass,2,51,0.099328,0.0026
65536,split_pass,2,52,0.099328,0.003
65536,split_pass,2,53,0.09728,0.0026
65536,split_pass,2,54,0.096256,0.0026
65536,split_pass,2,55,0.099328,0.0026
65536,split_pass,2,56,0.096256,0.0025
65536,split_pass,2,57,0.096256,0.0026
65536,split_pass,2,58,0.096256,0.0026
65536,split_pass,2,59,0.099328,0.0027
65536,split_pass,2,60,0.098304,0.0026
65536,split_pass,2,61,0.09728,0.0026
65536,split_pass,2,62,0.096256,0.0026
65536,split_pass,2,63,0.099328,0.0026
65536,split_pass,2,64,0.099328,0.0027
65536,split_pass,2,65,0.096256,0.0027
65536,split_pass,2,66,0.096256,0.0026
65536,split_pass,2,67,0.099328,0.0026
65536,split_pass,2,68,0.098304,0.0026
65536,split_pass,2,69,0.09728,0.0026
65536,split_pass,2,70,0.09728,0.0026
65536,split_pass,2,71,0.099328,0.0026
65536,split_pass,2,72,0.098304,0.0026
65536,split_pass,2,73,0.096256,0.0026
65536,split_pass,2,74,0.095232,0.0042
65536,split_pass,2,75,0.099328,0.0026
65536,split_pass,2,76,0.099328,0.0033
65536,split_pass,2,77,0.096256,0.0026
65536,split_pass,2,78,0.096256,0.0026
65536,split_pass,2,79,0.096256,0.0026
65536,split_pass,2,80,0.099328,0.0026
65536,split_pass,2,81,0.09728,0.0026
65536,split_pass,2,82,0.095232,0.0026
65536,split_pass,2,83,0.096256,0.0026
65536,split_pass,2,84,0.099328,0.0028
65536,split_pass,2,85,0.09728,0.0026
65536,split_pass,2,86,0.096256,0.0026
65536,split_pass,2,87,0.099328,0.0027
65536,split_pass,2,88,0.099328,0.0025
65536,split_pass,2,89,0.09728,0.0026
65536,split_pass,2,90,0.096256,0.0025
65536,split_pass,2,91,0.099328,0.0026
65536,split_pass,2,92,0.099328,0.0026
65536,split_pass,2,93,0.096256,0.0026
65536,split_pass,2,94,0.096256,0.0026
65536,split_pass,2,95,0.099328,0.0027
65536,split_pass,2,96,0.098304,0.0025
65536,split_pass,2,97,0.09728,0.0025
65536,split_pass,2,98,0.096256,0.0027
65536,split_pass,2,99,0.099328,0.0026
65536,split_pass,2,100,0.099328,0.0026
65536,split_pass,2,101,0.096256,0.0026
65536,split_pass,2,102,0.09728,0.0026
65536,split_pass,2,103,0.099328,0.0025
65536,split_pass,2,104,0.099328,0.0026
65536,split_pass,2,105,0.096256,0.0036
65536,split_pass,2,106,0.096256,0.0026
65536,split_pass,2,107,0.098304,0.0026
65536,split_pass,2,108,0.098304,0.0026
65536,split_pass,2,109,0.09728,0.0025
65536,split_pass,2,110,0.096256,0.0027
65536,split_pass,2,111,0.099328,0.0026
65536,split_pass,2,112,0.099328,0.0027
65536,split_pass,2,113,0.09728,0.0026
65536,split_pass,2,114,0.096256,0.0026
65536,split_pass,2,115,0.099328,0.0027
65536,split_pass,2,116,0.098304,0.0026
65536,split_pass,2,117,0.09728,0.0026
65536,split_pass,2,118,0.096256,0.0026
65536,split_pass,2,119,0.099328,0.0026
65536,split_shadow_13,0,0,0.09728,0.003
65536,split_shadow_13,0,1,0.098304,0.0026
65536,split_shadow_13,0,2,0.099328,0.0026
65536,split_shadow_13,0,3,0.100352,0.0026
65536,split_shadow_13,0,4,0.096256,0.0026
65536,split_shadow_13,0,5,0.09728,0.0026
65536,split_shadow_13,0,6,0.099328,0.0027
65536,split_shadow_13,0,7,0.100352,0.0028
65536,split_shadow_13,0,8,0.09728,0.0026
65536,split_shadow_13,0,9,0.096256,0.0026
65536,split_shadow_13,0,10,0.099328,0.0026
65536,split_shadow_13,0,11,0.100352,0.0026
65536,split_shadow_13,0,12,0.096256,0.0026
65536,split_shadow_13,0,13,0.09728,0.0028
65536,split_shadow_13,0,14,0.099328,0.0026
65536,split_shadow_13,0,15,0.100352,0.0026
65536,split_shadow_13,0,16,0.09728,0.0028
65536,split_shadow_13,0,17,0.096256,0.0026
65536,split_shadow_13,0,18,0.098304,0.0026
65536,split_shadow_13,0,19,0.100352,0.0026
65536,split_shadow_13,0,20,0.096256,0.0026
65536,split_shadow_13,0,21,0.096256,0.0038
65536,split_shadow_13,0,22,0.099328,0.0037
65536,split_shadow_13,0,23,0.100352,0.0028
65536,split_shadow_13,0,24,0.096256,0.0027
65536,split_shadow_13,0,25,0.096256,0.0026
65536,split_shadow_13,0,26,0.099328,0.0026
65536,split_shadow_13,0,27,0.100352,0.0026
65536,split_shadow_13,0,28,0.096256,0.0026
65536,split_shadow_13,0,29,0.09728,0.0026
65536,split_shadow_13,0,30,0.100352,0.0026
65536,split_shadow_13,0,31,0.100352,0.0027
65536,split_shadow_13,0,32,0.09728,0.0027
65536,split_shadow_13,0,33,0.096256,0.0026
65536,split_shadow_13,0,34,0.098304,0.0026
65536,split_shadow_13,0,35,0.099328,0.0026
65536,split_shadow_13,0,36,0.09728,0.0026
65536,split_shadow_13,0,37,0.09728,0.0026
65536,split_shadow_13,0,38,0.099328,0.0026
65536,split_shadow_13,0,39,0.099328,0.0026
65536,split_shadow_13,0,40,0.09728,0.0026
65536,split_shadow_13,0,41,0.096256,0.0027
65536,split_shadow_13,0,42,0.099328,0.0028
65536,split_shadow_13,0,43,0.100352,0.0028
65536,split_shadow_13,0,44,0.09728,0.0026
65536,split_shadow_13,0,45,0.09728,0.0027
65536,split_shadow_13,0,46,0.099328,0.0027
65536,split_shadow_13,0,47,0.099328,0.0026
65536,split_shadow_13,0,48,0.09728,0.0037
65536,split_shadow_13,0,49,0.09728,0.0027
65536,split_shadow_13,0,50,0.099328,0.0026
65536,split_shadow_13,0,51,0.100352,0.0035
65536,split_shadow_13,0,52,0.09728,0.0045
65536,split_shadow_13,0,53,0.09728,0.0027
65536,split_shadow_13,0,54,0.098304,0.0027
65536,split_shadow_13,0,55,0.100352,0.0026
65536,split_shadow_13,0,56,0.09728,0.0027
65536,split_shadow_13,0,57,0.096256,0.0027
65536,split_shadow_13,0,58,0.099328,0.0026
65536,split_shadow_13,0,59,0.100352,0.0026
65536,split_shadow_13,0,60,0.096256,0.0026
65536,split_shadow_13,0,61,0.096256,0.0026
65536,split_shadow_13,0,62,0.098304,0.0041
65536,split_shadow_13,0,63,0.099328,0.0027
65536,split_shadow_13,0,64,0.096256,0.0026
65536,split_shadow_13,0,65,0.09728,0.0027
65536,split_shadow_13,0,66,0.099328,0.0026
65536,split_shadow_13,0,67,0.100352,0.0025
65536,split_shadow_13,0,68,0.096256,0.0026
65536,split_shadow_13,0,69,0.09728,0.0029
65536,split_shadow_13,0,70,0.099328,0.0026
65536,split_shadow_13,0,71,0.099328,0.0027
65536,split_shadow_13,0,72,0.096256,0.0043
65536,split_shadow_13,0,73,0.096256,0.0027
65536,split_shadow_13,0,74,0.100352,0.0026
65536,split_shadow_13,0,75,0.100352,0.0026
65536,split_shadow_13,0,76,0.09728,0.0026
65536,split_shadow_13,0,77,0.09728,0.0026
65536,split_shadow_13,0,78,0.098304,0.0026
65536,split_shadow_13,0,79,0.096256,0.0026
65536,split_shadow_13,0,80,0.096256,0.0028
65536,split_shadow_13,0,81,0.096256,0.0029
65536,split_shadow_13,0,82,0.099328,0.0026
65536,split_shadow_13,0,83,0.099328,0.0026
65536,split_shadow_13,0,84,0.096256,0.0027
65536,split_shadow_13,0,85,0.096256,0.0026
65536,split_shadow_13,0,86,0.099328,0.0027
65536,split_shadow_13,0,87,0.100352,0.0026
65536,split_shadow_13,0,88,0.09728,0.0026
65536,split_shadow_13,0,89,0.096256,0.0026
65536,split_shadow_13,0,90,0.100352,0.0025
65536,split_shadow_13,0,91,0.099328,0.0026
65536,split_shadow_13,0,92,0.09728,0.0027
65536,split_shadow_13,0,93,0.096256,0.0027
65536,split_shadow_13,0,94,0.100352,0.0026
65536,split_shadow_13,0,95,0.099328,0.0026
65536,split_shadow_13,0,96,0.096256,0.0031
65536,split_shadow_13,0,97,0.09728,0.0026
65536,split_shadow_13,0,98,0.100352,0.0028
65536,split_shadow_13,0,99,0.099328,0.0026
65536,split_shadow_13,0,100,0.096256,0.0027
65536,split_shadow_13,0,101,0.096256,0.0026
65536,split_shadow_13,0,102,0.099328,0.0026
65536,split_shadow_13,0,103,0.099328,0.0027
65536,split_shadow_13,0,104,0.09728,0.0026
65536,split_shadow_13,0,105,0.09728,0.0026
65536,split_shadow_13,0,106,0.099328,0.0026
65536,split_shadow_13,0,107,0.100352,0.0026
65536,split_shadow_13,0,108,0.09728,0.0026
65536,split_shadow_13,0,109,0.096256,0.0026
65536,split_shadow_13,0,110,0.099328,0.0037
65536,split_shadow_13,0,111,0.098304,0.0034
65536,split_shadow_13,0,112,0.09728,0.0026
65536,split_shadow_13,0,113,0.096256,0.0026
65536,split_shadow_13,0,114,0.099328,0.0026
65536,split_shadow_13,0,115,0.099328,0.0026
65536,split_shadow_13,0,116,0.09728,0.0026
65536,split_shadow_13,0,117,0.09728,0.0026
65536,split_shadow_13,0,118,0.098304,0.0026
65536,split_shadow_13,0,119,0.099328,0.0034
65536,split_shadow_13,1,0,0.09728,0.0033
65536,split_shadow_13,1,1,0.099328,0.0031
65536,split_shadow_13,1,2,0.099328,0.0045
65536,split_shadow_13,1,3,0.09728,0.0027
65536,split_shadow_13,1,4,0.09728,0.0026
65536,split_shadow_13,1,5,0.099328,0.0026
65536,split_shadow_13,1,6,0.099328,0.0027
65536,split_shadow_13,1,7,0.09728,0.0026
65536,split_shadow_13,1,8,0.09728,0.0027
65536,split_shadow_13,1,9,0.099328,0.0027
65536,split_shadow_13,1,10,0.099328,0.0026
65536,split_shadow_13,1,11,0.096256,0.0038
65536,split_shadow_13,1,12,0.09728,0.0036
65536,split_shadow_13,1,13,0.099328,0.0026
65536,split_shadow_13,1,14,0.100352,0.0026
65536,split_shadow_13,1,15,0.09728,0.0026
65536,split_shadow_13,1,16,0.09728,0.0026
65536,split_shadow_13,1,17,0.099328,0.0026
65536,split_shadow_13,1,18,0.100352,0.0027
65536,split_shadow_13,1,19,0.096256,0.0026
65536,split_shadow_13,1,20,0.09728,0.0026
65536,split_shadow_13,1,21,0.099328,0.0026
65536,split_shadow_13,1,22,0.100352,0.0026
65536,split_shadow_13,1,23,0.09728,0.0026
65536,split_shadow_13,1,24,0.09728,0.0026
65536,split_shadow_13,1,25,0.099328,0.0026
65536,split_shadow_13,1,26,0.100352,0.0027
65536,split_shadow_13,1,27,0.096256,0.0027
65536,split_shadow_13,1,28,0.09728,0.0027
65536,split_shadow_13,1,29,0.099328,0.0026
65536,split_shadow_13,1,30,0.099328,0.0027
65536,split_shadow_13,1,31,0.09728,0.0026
65536,split_shadow_13,1,32,0.09728,0.0027
65536,split_shadow_13,1,33,0.099328,0.0027
65536,split_shadow_13,1,34,0.099328,0.0026
65536,split_shadow_13,1,35,0.09728,0.0026
65536,split_shadow_13,1,36,0.09728,0.0026
65536,split_shadow_13,1,37,0.099328,0.0027
65536,split_shadow_13,1,38,0.100352,0.0027
65536,split_shadow_13,1,39,0.09728,0.0026
65536,split_shadow_13,1,40,0.096256,0.0026
65536,split_shadow_13,1,41,0.099328,0.0037
65536,split_shadow_13,1,42,0.100352,0.0037
65536,split_shadow_13,1,43,0.09728,0.0124
65536,split_shadow_13,1,44,0.098304,0.0036
65536,split_shadow_13,1,45,0.098304,0.0037
65536,split_shadow_13,1,46,0.098304,0.0028
65536,split_shadow_13,1,47,0.099328,0.0027
65536,split_shadow_13,1,48,0.098304,0.0026
65536,split_shadow_13,1,49,0.099328,0.0028
65536,split_shadow_13,1,50,0.099328,0.0026
65536,split_shadow_13,1,51,0.099328,0.0026
65536,split_shadow_13,1,52,0.09728,0.0026
65536,split_shadow_13,1,53,0.100352,0.0032
65536,split_shadow_13,1,54,0.099328,0.0026
65536,split_shadow_13,1,55,0.09728,0.0061
65536,split_shadow_13,1,56,0.09728,0.0042
65536,split_shadow_13,1,57,0.099328,0.0039
65536,split_shadow_13,1,58,0.103424,0.0044
65536,split_shadow_13,1,59,0.09728,0.0046
65536,split_shadow_13,1,60,0.09728,0.0038
65536,split_shadow_13,1,61,0.099328,0.0037
65536,split_shadow_13,1,62,0.100352,0.004
65536,split_shadow_13,1,63,0.096256,0.0037
65536,split_shadow_13,1,64,0.09728,0.0027
65536,split_shadow_13,1,65,0.098304,0.0027
65536,split_shadow_13,1,66,0.099328,0.0028
65536,split_shadow_13,1,67,0.096256,0.0027
65536,split_shadow_13,1,68,0.09728,0.0037
65536,split_shadow_13,1,69,0.099328,0.0035
65536,split_shadow_13,1,70,0.099328,0.0035
65536,split_shadow_13,1,71,0.096256,0.0038
65536,split_shadow_13,1,72,0.096256,0.0028
65536,split_shadow_13,1,73,0.099328,0.0027
65536,split_shadow_13,1,74,0.099328,0.0027
65536,split_shadow_13,1,75,0.096256,0.0027
65536,split_shadow_13,1,76,0.09728,0.0038
65536,split_shadow_13,1,77,0.098304,0.003
65536,split_shadow_13,1,78,0.100352,0.0028
65536,split_shadow_13,1,79,0.096256,0.0029
65536,split_shadow_13,1,80,0.096256,0.0027
65536,split_shadow_13,1,81,0.099328,0.0029
65536,split_shadow_13,1,82,0.100352,0.003
65536,split_shadow_13,1,83,0.096256,0.0029
65536,split_shadow_13,1,84,0.09728,0.0027
65536,split_shadow_13,1,85,0.099328,0.003
65536,split_shadow_13,1,86,0.099328,0.0038
65536,split_shadow_13,1,87,0.096256,0.0028
65536,split_shadow_13,1,88,0.09728,0.0026
65536,split_shadow_13,1,89,0.099328,0.0036
65536,split_shadow_13,1,90,0.100352,0.0029
65536,split_shadow_13,1,91,0.096256,0.003
65536,split_shadow_13,1,92,0.096256,0.0027
65536,split_shadow_13,1,93,0.098304,0.003
65536,split_shadow_13,1,94,0.100352,0.0028
65536,split_shadow_13,1,95,0.09728,0.0028
65536,split_shadow_13,1,96,0.096256,0.0037
65536,split_shadow_13,1,97,0.099328,0.0027
65536,split_shadow_13,1,98,0.09728,0.0038
65536,split_shadow_13,1,99,0.09728,0.0041
65536,split_shadow_13,1,100,0.096256,0.0054
65536,split_shadow_13,1,101,0.100352,0.0038
65536,split_shadow_13,1,102,0.100352,0.0038
65536,split_shadow_13,1,103,0.096256,0.0039
65536,split_shadow_13,1,104,0.098304,0.0037
65536,split_shadow_13,1,105,0.099328,0.0028
65536,split_shadow_13,1,106,0.100352,0.0026
65536,split_shadow_13,1,107,0.096256,0.0028
65536,split_shadow_13,1,108,0.09728,0.0027
65536,split_shadow_13,1,109,0.099328,0.0027
65536,split_shadow_13,1,110,0.099328,0.0026
65536,split_shadow_13,1,111,0.096256,0.0027
65536,split_shadow_13,1,112,0.09728,0.0026
65536,split_shadow_13,1,113,0.098304,0.0027
65536,split_shadow_13,1,114,0.100352,0.0027
65536,split_shadow_13,1,115,0.096256,0.0027
65536,split_shadow_13,1,116,0.096256,0.0026
65536,split_shadow_13,1,117,0.099328,0.0026
65536,split_shadow_13,1,118,0.099328,0.0027
65536,split_shadow_13,1,119,0.096256,0.0027
65536,split_shadow_13,2,0,0.099328,0.0035
65536,split_shadow_13,2,1,0.099328,0.0031
65536,split_shadow_13,2,2,0.096256,0.0029
65536,split_shadow_13,2,3,0.09728,0.0027
65536,split_shadow_13,2,4,0.099328,0.0027
65536,split_shadow_13,2,5,0.099328,0.0027
65536,split_shadow_13,2,6,0.09728,0.0031
65536,split_shadow_13,2,7,0.09728,0.0027
65536,split_shadow_13,2,8,0.099328,0.0026
65536,split_shadow_13,2,9,0.100352,0.0027
65536,split_shadow_13,2,10,0.09728,0.0027
65536,split_shadow_13,2,11,0.096256,0.0026
65536,split_shadow_13,2,12,0.09728,0.0027
65536,split_shadow_13,2,13,0.100352,0.0026
65536,split_shadow_13,2,14,0.09728,0.003
65536,split_shadow_13,2,15,0.096256,0.0027
65536,split_shadow_13,2,16,0.099328,0.0027
65536,split_shadow_13,2,17,0.099328,0.0029
65536,split_shadow_13,2,18,0.09728,0.0027
65536,split_shadow_13,2,19,0.09728,0.0026
65536,split_shadow_13,2,20,0.099328,0.0026
65536,split_shadow_13,2,21,0.100352,0.0027
65536,split_shadow_13,2,22,0.096256,0.0026
65536,split_shadow_13,2,23,0.09728,0.0026
65536,split_shadow_13,2,24,0.099328,0.0027
65536,split_shadow_13,2,25,0.099328,0.0027
65536,split_shadow_13,2,26,0.096256,0.0038
65536,split_shadow_13,2,27,0.09728,0.0038
65536,split_shadow_13,2,28,0.099328,0.0027
65536,split_shadow_13,2,29,0.099328,0.0027
65536,split_shadow_13,2,30,0.09728,0.0027
65536,split_shadow_13,2,31,0.09728,0.0026
65536,split_shadow_13,2,32,0.100352,0.0026
65536,split_shadow_13,2,33,0.100352,0.0027
65536,split_shadow_13,2,34,0.09728,0.0027
65536,split_shadow_13,2,35,0.09728,0.0027
65536,split_shadow_13,2,36,0.099328,0.0027
65536,split_shadow_13,2,37,0.099328,0.0031
65536,split_shadow_13,2,38,0.09728,0.0026
65536,split_shadow_13,2,39,0.096256,0.0026
65536,split_shadow_13,2,40,0.099328,0.0027
65536,split_shadow_13,2,41,0.09728,0.003
65536,split_shadow_13,2,42,0.09728,0.0027
65536,split_shadow_13,2,43,0.096256,0.0026
65536,split_shadow_13,2,44,0.098304,0.0027
65536,split_shadow_13,2,45,0.100352,0.0027
65536,split_shadow_13,2,46,0.096256,0.0027
65536,split_shadow_13,2,47,0.096256,0.0027
65536,split_shadow_13,2,48,0.099328,0.0027
65536,split_shadow_13,2,49,0.100352,0.0026
65536,split_shadow_13,2,50,0.096256,0.0027
65536,split_shadow_13,2,51,0.096256,0.0026
65536,split_shadow_13,2,52,0.098304,0.0027
65536,split_shadow_13,2,53,0.099328,0.0027
65536,split_shadow_13,2,54,0.096256,0.0027
65536,split_shadow_13,2,55,0.09728,0.0027
65536,split_shadow_13,2,56,0.100352,0.0036
65536,split_shadow_13,2,57,0.100352,0.0027
65536,split_shadow_13,2,58,0.09728,0.0026
65536,split_shadow_13,2,59,0.096256,0.0027
65536,split_shadow_13,2,60,0.099328,0.0028
65536,split_shadow_13,2,61,0.099328,0.0026
65536,split_shadow_13,2,62,0.096256,0.0027
65536,split_shadow_13,2,63,0.09728,0.0026
65536,split_shadow_13,2,64,0.099328,0.0034
65536,split_shadow_13,2,65,0.100352,0.0031
65536,split_shadow_13,2,66,0.09728,0.003
65536,split_shadow_13,2,67,0.09728,0.0028
65536,split_shadow_13,2,68,0.09728,0.0027
65536,split_shadow_13,2,69,0.096256,0.0029
65536,split_shadow_13,2,70,0.096256,0.0034
65536,split_shadow_13,2,71,0.09728,0.0027
65536,split_shadow_13,2,72,0.095232,0.0029
65536,split_shadow_13,2,73,0.096256,0.003
65536,split_shadow_13,2,74,0.096256,0.0029
65536,split_shadow_13,2,75,0.09728,0.0038
65536,split_shadow_13,2,76,0.099328,0.0037
65536,split_shadow_13,2,77,0.099328,0.0041
65536,split_shadow_13,2,78,0.096256,0.0032
65536,split_shadow_13,2,79,0.09728,0.0027
65536,split_shadow_13,2,80,0.099328,0.0031
65536,split_shadow_13,2,81,0.100352,0.0035
65536,split_shadow_13,2,82,0.096256,0.0027
65536,split_shadow_13,2,83,0.09728,0.0028
65536,split_shadow_13,2,84,0.099328,0.0036
65536,split_shadow_13,2,85,0.099328,0.0037
65536,split_shadow_13,2,86,0.09728,0.0027
65536,split_shadow_13,2,87,0.096256,0.0028
65536,split_shadow_13,2,88,0.099328,0.0026
65536,split_shadow_13,2,89,0.099328,0.0026
65536,split_shadow_13,2,90,0.096256,0.0027
65536,split_shadow_13,2,91,0.09728,0.0028
65536,split_shadow_13,2,92,0.099328,0.0026
65536,split_shadow_13,2,93,0.099328,0.0027
65536,split_shadow_13,2,94,0.09728,0.0027
65536,split_shadow_13,2,95,0.096256,0.0026
65536,split_shadow_13,2,96,0.099328,0.0027
65536,split_shadow_13,2,97,0.100352,0.0026
65536,split_shadow_13,2,98,0.09728,0.0027
65536,split_shadow_13,2,99,0.09728,0.0026
65536,split_shadow_13,2,100,0.099328,0.0029
65536,split_shadow_13,2,101,0.100352,0.0026
65536,split_shadow_13,2,102,0.096256,0.0028
65536,split_shadow_13,2,103,0.09728,0.0027
65536,split_shadow_13,2,104,0.099328,0.0027
65536,split_shadow_13,2,105,0.099328,0.0026
65536,split_shadow_13,2,106,0.09728,0.0028
65536,split_shadow_13,2,107,0.09728,0.0027
65536,split_shadow_13,2,108,0.099328,0.0026
65536,split_shadow_13,2,109,0.100352,0.0027
65536,split_shadow_13,2,110,0.09728,0.0028
65536,split_shadow_13,2,111,0.09728,0.0027
65536,split_shadow_13,2,112,0.099328,0.0028
65536,split_shadow_13,2,113,0.099328,0.0037
65536,split_shadow_13,2,114,0.09728,0.0036
65536,split_shadow_13,2,115,0.096256,0.0027
65536,split_shadow_13,2,116,0.099328,0.0027
65536,split_shadow_13,2,117,0.100352,0.0027
65536,split_shadow_13,2,118,0.09728,0.0026
65536,split_shadow_13,2,119,0.09728,0.0026
65536,split_boundary_13,0,0,0.099328,0.009
65536,split_boundary_13,0,1,0.100352,0.0093
65536,split_boundary_13,0,2,0.096256,0.0086
65536,split_boundary_13,0,3,0.096256,0.0086
65536,split_boundary_13,0,4,0.099328,0.0085
65536,split_boundary_13,0,5,0.100352,0.0086
65536,split_boundary_13,0,6,0.096256,0.0084
65536,split_boundary_13,0,7,0.096256,0.0084
65536,split_boundary_13,0,8,0.099328,0.0084
65536,split_boundary_13,0,9,0.099328,0.0085
65536,split_boundary_13,0,10,0.096256,0.0083
65536,split_boundary_13,0,11,0.096256,0.0084
65536,split_boundary_13,0,12,0.098304,0.0083
65536,split_boundary_13,0,13,0.099328,0.0084
65536,split_boundary_13,0,14,0.096256,0.0085
65536,split_boundary_13,0,15,0.096256,0.0084
65536,split_boundary_13,0,16,0.099328,0.0088
65536,split_boundary_13,0,17,0.100352,0.0084
65536,split_boundary_13,0,18,0.096256,0.0084
65536,split_boundary_13,0,19,0.09728,0.0084
65536,split_boundary_13,0,20,0.100352,0.0087
65536,split_boundary_13,0,21,0.100352,0.0085
65536,split_boundary_13,0,22,0.096256,0.0085
65536,split_boundary_13,0,23,0.096256,0.0083
65536,split_boundary_13,0,24,0.099328,0.0084
65536,split_boundary_13,0,25,0.099328,0.0086
65536,split_boundary_13,0,26,0.096256,0.0086
65536,split_boundary_13,0,27,0.09728,0.0086
65536,split_boundary_13,0,28,0.100352,0.0083
65536,split_boundary_13,0,29,0.09728,0.0086
65536,split_boundary_13,0,30,0.096256,0.0084
65536,split_boundary_13,0,31,0.09728,0.0084
65536,split_boundary_13,0,32,0.098304,0.0083
65536,split_boundary_13,0,33,0.103424,0.0086
65536,split_boundary_13,0,34,0.098304,0.0084
65536,split_boundary_13,0,35,0.098304,0.0085
65536,split_boundary_13,0,36,0.098304,0.0084
65536,split_boundary_13,0,37,0.098304,0.0084
65536,split_boundary_13,0,38,0.098304,0.0084
65536,split_boundary_13,0,39,0.098304,0.0083
65536,split_boundary_13,0,40,0.098304,0.0084
65536,split_boundary_13,0,41,0.099328,0.0087
65536,split_boundary_13,0,42,0.098304,0.0086
65536,split_boundary_13,0,43,0.101376,0.0088
65536,split_boundary_13,0,44,0.096256,0.0105
65536,split_boundary_13,0,45,0.100352,0.0087
65536,split_boundary_13,0,46,0.09728,0.0085
65536,split_boundary_13,0,47,0.096256,0.0082
65536,split_boundary_13,0,48,0.099328,0.0085
65536,split_boundary_13,0,49,0.099328,0.0083
65536,split_boundary_13,0,50,0.096256,0.0084
65536,split_boundary_13,0,51,0.09728,0.0083
65536,split_boundary_13,0,52,0.099328,0.0082
65536,split_boundary_13,0,53,0.100352,0.0087
65536,split_boundary_13,0,54,0.09728,0.0088
65536,split_boundary_13,0,55,0.09728,0.0087
65536,split_boundary_13,0,56,0.100352,0.0083
65536,split_boundary_13,0,57,0.099328,0.0086
65536,split_boundary_13,0,58,0.09728,0.0085
65536,split_boundary_13,0,59,0.09728,0.0083
65536,split_boundary_13,0,60,0.099328,0.0088
65536,split_boundary_13,0,61,0.099328,0.0084
65536,split_boundary_13,0,62,0.09728,0.0084
65536,split_boundary_13,0,63,0.096256,0.0084
65536,split_boundary_13,0,64,0.098304,0.0084
65536,split_boundary_13,0,65,0.098304,0.0085
65536,split_boundary_13,0,66,0.09728,0.0083
65536,split_boundary_13,0,67,0.096256,0.0084
65536,split_boundary_13,0,68,0.099328,0.0084
65536,split_boundary_13,0,69,0.100352,0.0084
65536,split_boundary_13,0,70,0.09728,0.0084
65536,split_boundary_13,0,71,0.09728,0.0085
65536,split_boundary_13,0,72,0.099328,0.0087
65536,split_boundary_13,0,73,0.099328,0.0086
65536,split_boundary_13,0,74,0.096256,0.0084
65536,split_boundary_13,0,75,0.096256,0.0082
65536,split_boundary_13,0,76,0.099328,0.0084
65536,split_boundary_13,0,77,0.099328,0.0085
65536,split_boundary_13,0,78,0.096256,0.0083
65536,split_boundary_13,0,79,0.09728,0.0082
65536,split_boundary_13,0,80,0.099328,0.0083
65536,split_boundary_13,0,81,0.100352,0.0085
65536,split_boundary_13,0,82,0.09728,0.0086
65536,split_boundary_13,0,83,0.096256,0.0083
65536,split_boundary_13,0,84,0.099328,0.0083
65536,split_boundary_13,0,85,0.099328,0.0085
65536,split_boundary_13,0,86,0.096256,0.0085
65536,split_boundary_13,0,87,0.096256,0.0083
65536,split_boundary_13,0,88,0.099328,0.009
65536,split_boundary_13,0,89,0.099328,0.0084
65536,split_boundary_13,0,90,0.09728,0.0083
65536,split_boundary_13,0,91,0.09728,0.0085
65536,split_boundary_13,0,92,0.099328,0.0083
65536,split_boundary_13,0,93,0.100352,0.0084
65536,split_boundary_13,0,94,0.09728,0.0084
65536,split_boundary_13,0,95,0.096256,0.0083
65536,split_boundary_13,0,96,0.099328,0.0083
65536,split_boundary_13,0,97,0.099328,0.0082
65536,split_boundary_13,0,98,0.096256,0.0083
65536,split_boundary_13,0,99,0.096256,0.0082
65536,split_boundary_13,0,100,0.099328,0.0084
65536,split_boundary_13,0,101,0.100352,0.0085
65536,split_boundary_13,0,102,0.09728,0.0083
65536,split_boundary_13,0,103,0.09728,0.0083
65536,split_boundary_13,0,104,0.100352,0.0085
65536,split_boundary_13,0,105,0.100352,0.0083
65536,split_boundary_13,0,106,0.09728,0.0092
65536,split_boundary_13,0,107,0.09728,0.0084
65536,split_boundary_13,0,108,0.100352,0.0083
65536,split_boundary_13,0,109,0.099328,0.0086
65536,split_boundary_13,0,110,0.096256,0.0083
65536,split_boundary_13,0,111,0.09728,0.0083
65536,split_boundary_13,0,112,0.098304,0.0085
65536,split_boundary_13,0,113,0.099328,0.0086
65536,split_boundary_13,0,114,0.096256,0.0084
65536,split_boundary_13,0,115,0.09728,0.0083
65536,split_boundary_13,0,116,0.099328,0.0083
65536,split_boundary_13,0,117,0.099328,0.0085
65536,split_boundary_13,0,118,0.096256,0.0084
65536,split_boundary_13,0,119,0.096256,0.0084
65536,split_boundary_13,1,0,0.100352,0.0243
65536,split_boundary_13,1,1,0.096256,0.0106
65536,split_boundary_13,1,2,0.096256,0.0093
65536,split_boundary_13,1,3,0.099328,0.0085
65536,split_boundary_13,1,4,0.100352,0.0087
65536,split_boundary_13,1,5,0.096256,0.0088
65536,split_boundary_13,1,6,0.096256,0.0083
65536,split_boundary_13,1,7,0.099328,0.0084
65536,split_boundary_13,1,8,0.099328,0.009
65536,split_boundary_13,1,9,0.09728,0.0146
65536,split_boundary_13,1,10,0.09728,0.009
65536,split_boundary_13,1,11,0.099328,0.0086
65536,split_boundary_13,1,12,0.099328,0.0092
65536,split_boundary_13,1,13,0.096256,0.0088
65536,split_boundary_13,1,14,0.096256,0.0087
65536,split_boundary_13,1,15,0.099328,0.0085
65536,split_boundary_13,1,16,0.100352,0.0088
65536,split_boundary_13,1,17,0.096256,0.0086
65536,split_boundary_13,1,18,0.09728,0.0087
65536,split_boundary_13,1,19,0.099328,0.0084
65536,split_boundary_13,1,20,0.100352,0.0084
65536,split_boundary_13,1,21,0.096256,0.0085
65536,split_boundary_13,1,22,0.096256,0.0087
65536,split_boundary_13,1,23,0.099328,0.0083
65536,split_boundary_13,1,24,0.099328,0.0085
65536,split_boundary_13,1,25,0.096256,0.0084
65536,split_boundary_13,1,26,0.09728,0.0084
65536,split_boundary_13,1,27,0.099328,0.0082
65536,split_boundary_13,1,28,0.100352,0.0085
65536,split_boundary_13,1,29,0.09728,0.0086
65536,split_boundary_13,1,30,0.09728,0.0084
65536,split_boundary_13,1,31,0.099328,0.0084
65536,split_boundary_13,1,32,0.099328,0.0086
65536,split_boundary_13,1,33,0.09728,0.0084
65536,split_boundary_13,1,34,0.096256,0.0084
65536,split_boundary_13,1,35,0.099328,0.0084
65536,split_boundary_13,1,36,0.099328,0.0091
65536,split_boundary_13,1,37,0.09728,0.0084
65536,split_boundary_13,1,38,0.098304,0.0084
65536,split_boundary_13,1,39,0.099328,0.0086
65536,split_boundary_13,1,40,0.100352,0.0086
65536,split_boundary_13,1,41,0.09728,0.0085
65536,split_boundary_13,1,42,0.096256,0.0084
65536,split_boundary_13,1,43,0.099328,0.0083
65536,split_boundary_13,1,44,0.100352,0.0087
65536,split_boundary_13,1,45,0.09728,0.0085
65536,split_boundary_13,1,46,0.096256,0.0084
65536,split_boundary_13,1,47,0.099328,0.0083
65536,split_boundary_13,1,48,0.100352,0.0083
65536,split_boundary_13,1,49,0.096256,0.0085
65536,split_boundary_13,1,50,0.09728,0.0097
65536,split_boundary_13,1,51,0.099328,0.0083
65536,split_boundary_13,1,52,0.099328,0.0084
65536,split_boundary_13,1,53,0.096256,0.0084
65536,split_boundary_13,1,54,0.096256,0.0083
65536,split_boundary_13,1,55,0.100352,0.0083
65536,split_boundary_13,1,56,0.099328,0.0085
65536,split_boundary_13,1,57,0.096256,0.0083
65536,split_boundary_13,1,58,0.09728,0.0084
65536,split_boundary_13,1,59,0.099328,0.0084
65536,split_boundary_13,1,60,0.099328,0.0085
65536,split_boundary_13,1,61,0.09728,0.0085
65536,split_boundary_13,1,62,0.096256,0.0082
65536,split_boundary_13,1,63,0.100352,0.0085
65536,split_boundary_13,1,64,0.100352,0.0085
65536,split_boundary_13,1,65,0.09728,0.0084
65536,split_boundary_13,1,66,0.096256,0.0084
65536,split_boundary_13,1,67,0.100352,0.0083
65536,split_boundary_13,1,68,0.100352,0.0088
65536,split_boundary_13,1,69,0.096256,0.0085
65536,split_boundary_13,1,70,0.09728,0.0087
65536,split_boundary_13,1,71,0.099328,0.0086
65536,split_boundary_13,1,72,0.099328,0.0084
65536,split_boundary_13,1,73,0.09728,0.0083
65536,split_boundary_13,1,74,0.096256,0.0085
65536,split_boundary_13,1,75,0.100352,0.0083
65536,split_boundary_13,1,76,0.09728,0.0086
65536,split_boundary_13,1,77,0.09728,0.0082
65536,split_boundary_13,1,78,0.096256,0.0083
65536,split_boundary_13,1,79,0.099328,0.0083
65536,split_boundary_13,1,80,0.099328,0.0084
65536,split_boundary_13,1,81,0.096256,0.0084
65536,split_boundary_13,1,82,0.09728,0.0084
65536,split_boundary_13,1,83,0.099328,0.0083
65536,split_boundary_13,1,84,0.100352,0.0086
65536,split_boundary_13,1,85,0.096256,0.0108
65536,split_boundary_13,1,86,0.096256,0.0083
65536,split_boundary_13,1,87,0.100352,0.0084
65536,split_boundary_13,1,88,0.100352,0.0085
65536,split_boundary_13,1,89,0.09728,0.0084
65536,split_boundary_13,1,90,0.09728,0.0082
65536,split_boundary_13,1,91,0.099328,0.0083
65536,split_boundary_13,1,92,0.099328,0.0085
65536,split_boundary_13,1,93,0.09728,0.0084
65536,split_boundary_13,1,94,0.096256,0.0084
65536,split_boundary_13,1,95,0.099328,0.0083
65536,split_boundary_13,1,96,0.100352,0.009
65536,split_boundary_13,1,97,0.09728,0.0083
65536,split_boundary_13,1,98,0.09728,0.0083
65536,split_boundary_13,1,99,0.099328,0.0083
65536,split_boundary_13,1,100,0.100352,0.0087
65536,split_boundary_13,1,101,0.096256,0.0083
65536,split_boundary_13,1,102,0.09728,0.0084
65536,split_boundary_13,1,103,0.099328,0.0085
65536,split_boundary_13,1,104,0.099328,0.0089
65536,split_boundary_13,1,105,0.09728,0.0086
65536,split_boundary_13,1,106,0.096256,0.0083
65536,split_boundary_13,1,107,0.099328,0.0083
65536,split_boundary_13,1,108,0.100352,0.0084
65536,split_boundary_13,1,109,0.09728,0.0084
65536,split_boundary_13,1,110,0.09728,0.0084
65536,split_boundary_13,1,111,0.099328,0.0084
65536,split_boundary_13,1,112,0.100352,0.0086
65536,split_boundary_13,1,113,0.09728,0.0085
65536,split_boundary_13,1,114,0.096256,0.0084
65536,split_boundary_13,1,115,0.100352,0.0085
65536,split_boundary_13,1,116,0.100352,0.0084
65536,split_boundary_13,1,117,0.09728,0.0085
65536,split_boundary_13,1,118,0.09728,0.0083
65536,split_boundary_13,1,119,0.098304,0.0083
65536,split_boundary_13,2,0,0.09728,0.0242
65536,split_boundary_13,2,1,0.096256,0.0108
65536,split_boundary_13,2,2,0.099328,0.0087
65536,split_boundary_13,2,3,0.099328,0.009
65536,split_boundary_13,2,4,0.09728,0.0087
65536,split_boundary_13,2,5,0.09728,0.0083
65536,split_boundary_13,2,6,0.098304,0.0084
65536,split_boundary_13,2,7,0.099328,0.0085
65536,split_boundary_13,2,8,0.096256,0.0086
65536,split_boundary_13,2,9,0.096256,0.0084
65536,split_boundary_13,2,10,0.099328,0.0084
65536,split_boundary_13,2,11,0.100352,0.0084
65536,split_boundary_13,2,12,0.096256,0.0087
65536,split_boundary_13,2,13,0.09728,0.0088
65536,split_boundary_13,2,14,0.09728,0.0084
65536,split_boundary_13,2,15,0.099328,0.0086
65536,split_boundary_13,2,16,0.09728,0.0086
65536,split_boundary_13,2,17,0.09728,0.0085
65536,split_boundary_13,2,18,0.099328,0.0084
65536,split_boundary_13,2,19,0.100352,0.0085
65536,split_boundary_13,2,20,0.09728,0.0085
65536,split_boundary_13,2,21,0.09728,0.0083
65536,split_boundary_13,2,22,0.099328,0.0086
65536,split_boundary_13,2,23,0.100352,0.0086
65536,split_boundary_13,2,24,0.096256,0.0083
65536,split_boundary_13,2,25,0.096256,0.0084
65536,split_boundary_13,2,26,0.099328,0.0085
65536,split_boundary_13,2,27,0.099328,0.0085
65536,split_boundary_13,2,28,0.09728,0.0084
65536,split_boundary_13,2,29,0.09728,0.0083
65536,split_boundary_13,2,30,0.099328,0.0082
65536,split_boundary_13,2,31,0.099328,0.0083
65536,split_boundary_13,2,32,0.09728,0.0084
65536,split_boundary_13,2,33,0.096256,0.0082
65536,split_boundary_13,2,34,0.099328,0.0084
65536,split_boundary_13,2,35,0.100352,0.0085
65536,split_boundary_13,2,36,0.096256,0.0084
65536,split_boundary_13,2,37,0.09728,0.0083
65536,split_boundary_13,2,38,0.099328,0.0084
65536,split_boundary_13,2,39,0.100352,0.009
65536,split_boundary_13,2,40,0.09728,0.0085
65536,split_boundary_13,2,41,0.096256,0.0082
65536,split_boundary_13,2,42,0.099328,0.0084
65536,split_boundary_13,2,43,0.100352,0.0084
65536,split_boundary_13,2,44,0.09728,0.0083
65536,split_boundary_13,2,45,0.09728,0.0083
65536,split_boundary_13,2,46,0.099328,0.0084
65536,split_boundary_13,2,47,0.100352,0.0086
65536,split_boundary_13,2,48,0.098304,0.0084
65536,split_boundary_13,2,49,0.098304,0.0083
65536,split_boundary_13,2,50,0.098304,0.0083
65536,split_boundary_13,2,51,0.098304,0.0086
65536,split_boundary_13,2,52,0.098304,0.0083
65536,split_boundary_13,2,53,0.098304,0.0083
65536,split_boundary_13,2,54,0.098304,0.0084
65536,split_boundary_13,2,55,0.098304,0.0083
65536,split_boundary_13,2,56,0.099328,0.0084
65536,split_boundary_13,2,57,0.098304,0.0083
65536,split_boundary_13,2,58,0.099328,0.0082
65536,split_boundary_13,2,59,0.096256,0.0084
65536,split_boundary_13,2,60,0.096256,0.0083
65536,split_boundary_13,2,61,0.09728,0.0083
65536,split_boundary_13,2,62,0.099328,0.0083
65536,split_boundary_13,2,63,0.099328,0.0085
65536,split_boundary_13,2,64,0.09728,0.0083
65536,split_boundary_13,2,65,0.09728,0.0084
65536,split_boundary_13,2,66,0.099328,0.0087
65536,split_boundary_13,2,67,0.099328,0.0086
65536,split_boundary_13,2,68,0.096256,0.0085
65536,split_boundary_13,2,69,0.09728,0.0082
65536,split_boundary_13,2,70,0.099328,0.0085
65536,split_boundary_13,2,71,0.101376,0.0089
65536,split_boundary_13,2,72,0.096256,0.0088
65536,split_boundary_13,2,73,0.09728,0.0082
65536,split_boundary_13,2,74,0.100352,0.0083
65536,split_boundary_13,2,75,0.099328,0.0084
65536,split_boundary_13,2,76,0.09728,0.0083
65536,split_boundary_13,2,77,0.09728,0.0084
65536,split_boundary_13,2,78,0.099328,0.0107
65536,split_boundary_13,2,79,0.099328,0.0089
65536,split_boundary_13,2,80,0.096256,0.0084
65536,split_boundary_13,2,81,0.096256,0.0083
65536,split_boundary_13,2,82,0.099328,0.0084
65536,split_boundary_13,2,83,0.100352,0.0086
65536,split_boundary_13,2,84,0.096256,0.0085
65536,split_boundary_13,2,85,0.096256,0.0084
65536,split_boundary_13,2,86,0.099328,0.0085
65536,split_boundary_13,2,87,0.100352,0.0084
65536,split_boundary_13,2,88,0.096256,0.0084
65536,split_boundary_13,2,89,0.09728,0.0086
65536,split_boundary_13,2,90,0.100352,0.0083
65536,split_boundary_13,2,91,0.100352,0.0086
65536,split_boundary_13,2,92,0.096256,0.0083
65536,split_boundary_13,2,93,0.096256,0.0084
65536,split_boundary_13,2,94,0.099328,0.0082
65536,split_boundary_13,2,95,0.100352,0.0086
65536,split_boundary_13,2,96,0.09728,0.0085
65536,split_boundary_13,2,97,0.098304,0.0084
65536,split_boundary_13,2,98,0.099328,0.0083
65536,split_boundary_13,2,99,0.100352,0.0084
65536,split_boundary_13,2,100,0.096256,0.0084
65536,split_boundary_13,2,101,0.096256,0.0085
65536,split_boundary_13,2,102,0.099328,0.0084
65536,split_boundary_13,2,103,0.100352,0.0084
65536,split_boundary_13,2,104,0.09728,0.0082
65536,split_boundary_13,2,105,0.096256,0.0083
65536,split_boundary_13,2,106,0.099328,0.0083
65536,split_boundary_13,2,107,0.100352,0.0083
65536,split_boundary_13,2,108,0.096256,0.0083
65536,split_boundary_13,2,109,0.09728,0.0083
65536,split_boundary_13,2,110,0.099328,0.0084
65536,split_boundary_13,2,111,0.099328,0.0093
65536,split_boundary_13,2,112,0.096256,0.0084
65536,split_boundary_13,2,113,0.096256,0.0083
65536,split_boundary_13,2,114,0.099328,0.0082
65536,split_boundary_13,2,115,0.100352,0.0083
65536,split_boundary_13,2,116,0.09728,0.0082
65536,split_boundary_13,2,117,0.098304,0.0083
65536,split_boundary_13,2,118,0.099328,0.0082
65536,split_boundary_13,2,119,0.100352,0.0084
131072,current_group,0,0,0.282624,0.0096
131072,current_group,0,1,0.283648,0.0091
131072,current_group,0,2,0.2816,0.009
131072,current_group,0,3,0.280576,0.009
131072,current_group,0,4,0.283648,0.0091
131072,current_group,0,5,0.284672,0.0091
131072,current_group,0,6,0.282624,0.0091
131072,current_group,0,7,0.279552,0.0091
131072,current_group,0,8,0.285696,0.0089
131072,current_group,0,9,0.279552,0.0097
131072,current_group,0,10,0.2816,0.0089
131072,current_group,0,11,0.282624,0.0089
131072,current_group,0,12,0.284672,0.0091
131072,current_group,0,13,0.279552,0.0092
131072,current_group,0,14,0.283648,0.0092
131072,current_group,0,15,0.2816,0.0091
131072,current_group,0,16,0.284672,0.0094
131072,current_group,0,17,0.280576,0.0093
131072,current_group,0,18,0.2816,0.0091
131072,current_group,0,19,0.280576,0.009
131072,current_group,0,20,0.2816,0.0092
131072,current_group,0,21,0.278528,0.0093
131072,current_group,0,22,0.284672,0.0094
131072,current_group,0,23,0.2816,0.009
131072,current_group,0,24,0.284672,0.0089
131072,current_group,0,25,0.278528,0.0089
131072,current_group,0,26,0.28672,0.009
131072,current_group,0,27,0.282624,0.0091
131072,current_group,0,28,0.282624,0.009
131072,current_group,0,29,0.280576,0.0089
131072,current_group,0,30,0.284672,0.0091
131072,current_group,0,31,0.278528,0.0089
131072,current_group,0,32,0.285696,0.0091
131072,current_group,0,33,0.283648,0.0091
131072,current_group,0,34,0.282624,0.0094
131072,current_group,0,35,0.282624,0.0089
131072,current_group,0,36,0.2816,0.0087
131072,current_group,0,37,0.2816,0.0091
131072,current_group,0,38,0.284672,0.009
131072,current_group,0,39,0.280576,0.009
131072,current_group,0,40,0.282624,0.0094
131072,current_group,0,41,0.282624,0.0092
131072,current_group,0,42,0.285696,0.0089
131072,current_group,0,43,0.279552,0.0088
131072,current_group,0,44,0.282624,0.0097
131072,current_group,0,45,0.2816,0.0097
131072,current_group,0,46,0.284672,0.0095
131072,current_group,0,47,0.279552,0.0099
131072,current_group,0,48,0.2816,0.0093
131072,current_group,0,49,0.280576,0.0102
131072,current_group,0,50,0.2816,0.0089
131072,current_group,0,51,0.279552,0.0092
131072,current_group,0,52,0.2816,0.0091
131072,current_group,0,53,0.280576,0.0091
131072,current_group,0,54,0.28672,0.009
131072,current_group,0,55,0.2816,0.0094
131072,current_group,0,56,0.284672,0.0093
131072,current_group,0,57,0.278528,0.0089
131072,current_group,0,58,0.28672,0.0101
131072,current_group,0,59,0.279552,0.0094
131072,current_group,0,60,0.282624,0.009
131072,current_group,0,61,0.280576,0.0094
131072,current_group,0,62,0.284672,0.0092
131072,current_group,0,63,0.283648,0.009
131072,current_group,0,64,0.282624,0.0089
131072,current_group,0,65,0.278528,0.009
131072,current_group,0,66,0.283648,0.01
131072,current_group,0,67,0.279552,0.0091
131072,current_group,0,68,0.283648,0.0093
131072,current_group,0,69,0.283648,0.0093
131072,current_group,0,70,0.282624,0.009
131072,current_group,0,71,0.283648,0.0091
131072,current_group,0,72,0.292864,0.009
131072,current_group,0,73,0.285696,0.0091
131072,current_group,0,74,0.287744,0.0093
131072,current_group,0,75,0.280576,0.0092
131072,current_group,0,76,0.28672,0.0093
131072,current_group,0,77,0.279552,0.0092
131072,current_group,0,78,0.282624,0.0092
131072,current_group,0,79,0.280576,0.0095
131072,current_group,0,80,0.284672,0.0096
131072,current_group,0,81,0.280576,0.0091
131072,current_group,0,82,0.285696,0.0093
131072,current_group,0,83,0.280576,0.009
131072,current_group,0,84,0.2816,0.0092
131072,current_group,0,85,0.282624,0.009
131072,current_group,0,86,0.287744,0.0091
131072,current_group,0,87,0.279552,0.0089
131072,current_group,0,88,0.28672,0.0092
131072,current_group,0,89,0.279552,0.0092
131072,current_group,0,90,0.282624,0.0092
131072,current_group,0,91,0.282624,0.0091
131072,current_group,0,92,0.284672,0.0091
131072,current_group,0,93,0.279552,0.0091
131072,current_group,0,94,0.284672,0.009
131072,current_group,0,95,0.279552,0.0089
131072,current_group,0,96,0.282624,0.0095
131072,current_group,0,97,0.2816,0.0091
131072,current_group,0,98,0.283648,0.0089
131072,current_group,0,99,0.279552,0.0093
131072,current_group,0,100,0.282624,0.0091
131072,current_group,0,101,0.279552,0.0089
131072,current_group,0,102,0.2816,0.009
131072,current_group,0,103,0.2816,0.0093
131072,current_group,0,104,0.282624,0.0089
131072,current_group,0,105,0.278528,0.0092
131072,current_group,0,106,0.285696,0.0152
131072,current_group,0,107,0.2816,0.0094
131072,current_group,0,108,0.282624,0.0095
131072,current_group,0,109,0.2816,0.0093
131072,current_group,0,110,0.2816,0.0091
131072,current_group,0,111,0.280576,0.009
131072,current_group,0,112,0.282624,0.0089
131072,current_group,0,113,0.280576,0.0091
131072,current_group,0,114,0.284672,0.0092
131072,current_group,0,115,0.278528,0.0095
131072,current_group,0,116,0.282624,0.0094
131072,current_group,0,117,0.280576,0.0097
131072,current_group,0,118,0.284672,0.0092
131072,current_group,0,119,0.2816,0.0091
131072,current_group,1,0,0.277504,0.0239
131072,current_group,1,1,0.282624,0.0108
131072,current_group,1,2,0.283648,0.0095
131072,current_group,1,3,0.280576,0.0094
131072,current_group,1,4,0.2816,0.0092
131072,current_group,1,5,0.283648,0.0095
131072,current_group,1,6,0.288768,0.0091
131072,current_group,1,7,0.278528,0.0093
131072,current_group,1,8,0.282624,0.0092
131072,current_group,1,9,0.280576,0.0094
131072,current_group,1,10,0.284672,0.0092
131072,current_group,1,11,0.280576,0.0092
131072,current_group,1,12,0.282624,0.0095
131072,current_group,1,13,0.279552,0.0091
131072,current_group,1,14,0.282624,0.0091
131072,current_group,1,15,0.2816,0.0094
131072,current_group,1,16,0.285696,0.0103
131072,current_group,1,17,0.2816,0.0097
131072,current_group,1,18,0.283648,0.009
131072,current_group,1,19,0.2816,0.0094
131072,current_group,1,20,0.284672,0.0092
131072,current_group,1,21,0.280576,0.0094
131072,current_group,1,22,0.2816,0.0091
131072,current_group,1,23,0.280576,0.0092
131072,current_group,1,24,0.2816,0.0092
131072,current_group,1,25,0.280576,0.0103
131072,current_group,1,26,0.282624,0.0094
131072,current_group,1,27,0.2816,0.0091
131072,current_group,1,28,0.279552,0.0093
131072,current_group,1,29,0.279552,0.0094
131072,current_group,1,30,0.284672,0.0093
131072,current_group,1,31,0.282624,0.0093
131072,current_group,1,32,0.2816,0.0091
131072,current_group,1,33,0.2816,0.0093
131072,current_group,1,34,0.285696,0.0091
131072,current_group,1,35,0.279552,0.0094
131072,current_group,1,36,0.283648,0.009
131072,current_group,1,37,0.2816,0.0097
131072,current_group,1,38,0.283648,0.0097
131072,current_group,1,39,0.279552,0.0092
131072,current_group,1,40,0.285696,0.0092
131072,current_group,1,41,0.280576,0.0094
131072,current_group,1,42,0.283648,0.0089
131072,current_group,1,43,0.279552,0.0094
131072,current_group,1,44,0.282624,0.009
131072,current_group,1,45,0.280576,0.0095
131072,current_group,1,46,0.283648,0.0093
131072,current_group,1,47,0.279552,0.0092
131072,current_group,1,48,0.287744,0.009
131072,current_group,1,49,0.279552,0.0092
131072,current_group,1,50,0.282624,0.0095
131072,current_group,1,51,0.279552,0.0093
131072,current_group,1,52,0.2816,0.0092
131072,current_group,1,53,0.2816,0.0093
131072,current_group,1,54,0.283648,0.0091
131072,current_group,1,55,0.278528,0.0108
131072,current_group,1,56,0.289792,0.0094
131072,current_group,1,57,0.283648,0.0098
131072,current_group,1,58,0.285696,0.009
131072,current_group,1,59,0.288768,0.0092
131072,current_group,1,60,0.285696,0.0093
131072,current_group,1,61,0.279552,0.0092
131072,current_group,1,62,0.2816,0.0091
131072,current_group,1,63,0.279552,0.0096
131072,current_group,1,64,0.282624,0.0092
131072,current_group,1,65,0.277504,0.0094
131072,current_group,1,66,0.282624,0.0093
131072,current_group,1,67,0.280576,0.0108
131072,current_group,1,68,0.280576,0.0101
131072,current_group,1,69,0.2816,0.0094
131072,current_group,1,70,0.2816,0.0091
131072,current_group,1,71,0.280576,0.0093
131072,current_group,1,72,0.2816,0.0092
131072,current_group,1,73,0.279552,0.0095
131072,current_group,1,74,0.283648,0.0095
131072,current_group,1,75,0.280576,0.0096
131072,current_group,1,76,0.283648,0.0092
131072,current_group,1,77,0.279552,0.0097
131072,current_group,1,78,0.282624,0.009
131072,current_group,1,79,0.282624,0.0092
131072,current_group,1,80,0.280576,0.0092
131072,current_group,1,81,0.280576,0.0095
131072,current_group,1,82,0.2816,0.0092
131072,current_group,1,83,0.280576,0.0092
131072,current_group,1,84,0.2816,0.0091
131072,current_group,1,85,0.278528,0.0093
131072,current_group,1,86,0.2816,0.009
131072,current_group,1,87,0.2816,0.0091
131072,current_group,1,88,0.282624,0.009
131072,current_group,1,89,0.282624,0.0091
131072,current_group,1,90,0.280576,0.0093
131072,current_group,1,91,0.2816,0.0095
131072,current_group,1,92,0.280576,0.0092
131072,current_group,1,93,0.280576,0.0092
131072,current_group,1,94,0.284672,0.0096
131072,current_group,1,95,0.280576,0.0091
131072,current_group,1,96,0.282624,0.0092
131072,current_group,1,97,0.279552,0.0091
131072,current_group,1,98,0.282624,0.0091
131072,current_group,1,99,0.2816,0.0092
131072,current_group,1,100,0.282624,0.009
131072,current_group,1,101,0.280576,0.0094
131072,current_group,1,102,0.282624,0.009
131072,current_group,1,103,0.280576,0.0099
131072,current_group,1,104,0.282624,0.0095
131072,current_group,1,105,0.2816,0.0093
131072,current_group,1,106,0.282624,0.0094
131072,current_group,1,107,0.283648,0.0092
131072,current_group,1,108,0.2816,0.0091
131072,current_group,1,109,0.280576,0.0091
131072,current_group,1,110,0.2816,0.0092
131072,current_group,1,111,0.280576,0.0093
131072,current_group,1,112,0.280576,0.0089
131072,current_group,1,113,0.282624,0.0093
131072,current_group,1,114,0.283648,0.0092
131072,current_group,1,115,0.280576,0.0096
131072,current_group,1,116,0.2816,0.0097
131072,current_group,1,117,0.278528,0.0092
131072,current_group,1,118,0.2816,0.0231
131072,current_group,1,119,0.2816,0.0093
131072,current_group,2,0,0.275456,0.02
131072,current_group,2,1,0.282624,0.0108
131072,current_group,2,2,0.280576,0.0092
131072,current_group,2,3,0.283648,0.0094
131072,current_group,2,4,0.283648,0.0096
131072,current_group,2,5,0.282624,0.0092
131072,current_group,2,6,0.283648,0.0092
131072,current_group,2,7,0.280576,0.0092
131072,current_group,2,8,0.283648,0.0091
131072,current_group,2,9,0.2816,0.0093
131072,current_group,2,10,0.28672,0.0092
131072,current_group,2,11,0.280576,0.0107
131072,current_group,2,12,0.283648,0.009
131072,current_group,2,13,0.280576,0.0092
131072,current_group,2,14,0.283648,0.009
131072,current_group,2,15,0.279552,0.0092
131072,current_group,2,16,0.283648,0.0089
131072,current_group,2,17,0.282624,0.0098
131072,current_group,2,18,0.282624,0.009
131072,current_group,2,19,0.279552,0.0093
131072,current_group,2,20,0.283648,0.0093
131072,current_group,2,21,0.280576,0.0095
131072,current_group,2,22,0.285696,0.0095
131072,current_group,2,23,0.278528,0.0092
131072,current_group,2,24,0.2816,0.0091
131072,current_group,2,25,0.283648,0.0103
131072,current_group,2,26,0.284672,0.0092
131072,current_group,2,27,0.279552,0.0092
131072,current_group,2,28,0.283648,0.009
131072,current_group,2,29,0.279552,0.01
131072,current_group,2,30,0.284672,0.0093
131072,current_group,2,31,0.2816,0.0102
131072,current_group,2,32,0.2816,0.0091
131072,current_group,2,33,0.279552,0.0095
131072,current_group,2,34,0.2816,0.0094
131072,current_group,2,35,0.280576,0.0093
131072,current_group,2,36,0.282624,0.0094
131072,current_group,2,37,0.278528,0.0093
131072,current_group,2,38,0.285696,0.0091
131072,current_group,2,39,0.280576,0.011
131072,current_group,2,40,0.29184,0.0094
131072,current_group,2,41,0.285696,0.0097
131072,current_group,2,42,0.283648,0.0092
131072,current_group,2,43,0.280576,0.0094
131072,current_group,2,44,0.283648,0.0091
131072,current_group,2,45,0.282624,0.0093
131072,current_group,2,46,0.284672,0.0093
131072,current_group,2,47,0.279552,0.0097
131072,current_group,2,48,0.282624,0.0093
131072,current_group,2,49,0.277504,0.0091
131072,current_group,2,50,0.283648,0.0091
131072,current_group,2,51,0.280576,0.0093
131072,current_group,2,52,0.282624,0.0089
131072,current_group,2,53,0.2816,0.0092
131072,current_group,2,54,0.280576,0.0093
131072,current_group,2,55,0.282624,0.0094
131072,current_group,2,56,0.284672,0.0094
131072,current_group,2,57,0.279552,0.0093
131072,current_group,2,58,0.28672,0.0091
131072,current_group,2,59,0.2816,0.0094
131072,current_group,2,60,0.283648,0.0093
131072,current_group,2,61,0.2816,0.0102
131072,current_group,2,62,0.279552,0.009
131072,current_group,2,63,0.2816,0.0094
131072,current_group,2,64,0.2816,0.0091
131072,current_group,2,65,0.282624,0.0096
131072,current_group,2,66,0.282624,0.0094
131072,current_group,2,67,0.2816,0.0092
131072,current_group,2,68,0.279552,0.009
131072,current_group,2,69,0.280576,0.0094
131072,current_group,2,70,0.283648,0.0102
131072,current_group,2,71,0.279552,0.0093
131072,current_group,2,72,0.283648,0.0091
131072,current_group,2,73,0.2816,0.0094
131072,current_group,2,74,0.2816,0.009
131072,current_group,2,75,0.278528,0.0091
131072,current_group,2,76,0.284672,0.0091
131072,current_group,2,77,0.279552,0.0102
131072,current_group,2,78,0.284672,0.012
131072,current_group,2,79,0.278528,0.0093
131072,current_group,2,80,0.282624,0.0094
131072,current_group,2,81,0.2816,0.0092
131072,current_group,2,82,0.283648,0.0097
131072,current_group,2,83,0.279552,0.0095
131072,current_group,2,84,0.285696,0.0091
131072,current_group,2,85,0.280576,0.0093
131072,current_group,2,86,0.2816,0.0091
131072,current_group,2,87,0.278528,0.0092
131072,current_group,2,88,0.282624,0.0092
131072,current_group,2,89,0.280576,0.0091
131072,current_group,2,90,0.283648,0.0094
131072,current_group,2,91,0.284672,0.0092
131072,current_group,2,92,0.282624,0.0095
131072,current_group,2,93,0.279552,0.0091
131072,current_group,2,94,0.279552,0.0091
131072,current_group,2,95,0.279552,0.0094
131072,current_group,2,96,0.2816,0.0095
131072,current_group,2,97,0.278528,0.0094
131072,current_group,2,98,0.283648,0.009
131072,current_group,2,99,0.279552,0.0091
131072,current_group,2,100,0.283648,0.0091
131072,current_group,2,101,0.280576,0.0097
131072,current_group,2,102,0.283648,0.009
131072,current_group,2,103,0.279552,0.009
131072,current_group,2,104,0.284672,0.0092
131072,current_group,2,105,0.279552,0.0092
131072,current_group,2,106,0.2816,0.0091
131072,current_group,2,107,0.280576,0.0092
131072,current_group,2,108,0.285696,0.0092
131072,current_group,2,109,0.278528,0.0093
131072,current_group,2,110,0.282624,0.0092
131072,current_group,2,111,0.283648,0.0091
131072,current_group,2,112,0.285696,0.009
131072,current_group,2,113,0.279552,0.0092
131072,current_group,2,114,0.279552,0.009
131072,current_group,2,115,0.279552,0.0098
131072,current_group,2,116,0.285696,0.0094
131072,current_group,2,117,0.278528,0.0153
131072,current_group,2,118,0.282624,0.0094
131072,current_group,2,119,0.282624,0.0098
131072,split_pass,0,0,0.188416,0.0053
131072,split_pass,0,1,0.182272,0.0047
131072,split_pass,0,2,0.182272,0.0046
131072,split_pass,0,3,0.182272,0.0047
131072,split_pass,0,4,0.181248,0.0048
131072,split_pass,0,5,0.181248,0.0047
131072,split_pass,0,6,0.182272,0.0046
131072,split_pass,0,7,0.182272,0.005
131072,split_pass,0,8,0.182272,0.0051
131072,split_pass,0,9,0.181248,0.0049
131072,split_pass,0,10,0.181248,0.0047
131072,split_pass,0,11,0.182272,0.0046
131072,split_pass,0,12,0.183296,0.0048
131072,split_pass,0,13,0.182272,0.0048
131072,split_pass,0,14,0.181248,0.0048
131072,split_pass,0,15,0.181248,0.0047
131072,split_pass,0,16,0.181248,0.005
131072,split_pass,0,17,0.181248,0.0048
131072,split_pass,0,18,0.182272,0.0047
131072,split_pass,0,19,0.182272,0.0047
131072,split_pass,0,20,0.183296,0.0048
131072,split_pass,0,21,0.181248,0.0047
131072,split_pass,0,22,0.181248,0.0049
131072,split_pass,0,23,0.183296,0.0048
131072,split_pass,0,24,0.181248,0.0051
131072,split_pass,0,25,0.182272,0.0047
131072,split_pass,0,26,0.181248,0.0046
131072,split_pass,0,27,0.182272,0.0047
131072,split_pass,0,28,0.183296,0.0057
131072,split_pass,0,29,0.180224,0.0048
131072,split_pass,0,30,0.181248,0.0047
131072,split_pass,0,31,0.182272,0.0049
131072,split_pass,0,32,0.182272,0.0047
131072,split_pass,0,33,0.182272,0.0048
131072,split_pass,0,34,0.181248,0.0046
131072,split_pass,0,35,0.183296,0.0046
131072,split_pass,0,36,0.181248,0.0047
131072,split_pass,0,37,0.181248,0.0047
131072,split_pass,0,38,0.182272,0.0047
131072,split_pass,0,39,0.183296,0.0045
131072,split_pass,0,40,0.182272,0.0049
131072,split_pass,0,41,0.183296,0.0054
131072,split_pass,0,42,0.182272,0.005
131072,split_pass,0,43,0.182272,0.0047
131072,split_pass,0,44,0.183296,0.0048
131072,split_pass,0,45,0.181248,0.0047
131072,split_pass,0,46,0.182272,0.0047
131072,split_pass,0,47,0.182272,0.0047
131072,split_pass,0,48,0.182272,0.0048
131072,split_pass,0,49,0.181248,0.0047
131072,split_pass,0,50,0.181248,0.0047
131072,split_pass,0,51,0.182272,0.0047
131072,split_pass,0,52,0.182272,0.0047
131072,split_pass,0,53,0.181248,0.0047
131072,split_pass,0,54,0.181248,0.0048
131072,split_pass,0,55,0.181248,0.0045
131072,split_pass,0,56,0.181248,0.0047
131072,split_pass,0,57,0.181248,0.0047
131072,split_pass,0,58,0.182272,0.0047
131072,split_pass,0,59,0.182272,0.0045
131072,split_pass,0,60,0.181248,0.0051
131072,split_pass,0,61,0.181248,0.0046
131072,split_pass,0,62,0.182272,0.0045
131072,split_pass,0,63,0.182272,0.0047
131072,split_pass,0,64,0.182272,0.0048
131072,split_pass,0,65,0.182272,0.0048
131072,split_pass,0,66,0.182272,0.0046
131072,split_pass,0,67,0.183296,0.0046
131072,split_pass,0,68,0.181248,0.0051
131072,split_pass,0,69,0.180224,0.0047
131072,split_pass,0,70,0.182272,0.0047
131072,split_pass,0,71,0.182272,0.0048
131072,split_pass,0,72,0.182272,0.0047
131072,split_pass,0,73,0.182272,0.0047
131072,split_pass,0,74,0.182272,0.0048
131072,split_pass,0,75,0.181248,0.0046
131072,split_pass,0,76,0.182272,0.0049
131072,split_pass,0,77,0.182272,0.0047
131072,split_pass,0,78,0.181248,0.0047
131072,split_pass,0,79,0.182272,0.0047
131072,split_pass,0,80,0.181248,0.0049
131072,split_pass,0,81,0.181248,0.0047
131072,split_pass,0,82,0.182272,0.0046
131072,split_pass,0,83,0.182272,0.0047
131072,split_pass,0,84,0.182272,0.0051
131072,split_pass,0,85,0.181248,0.0048
131072,split_pass,0,86,0.182272,0.0047
131072,split_pass,0,87,0.183296,0.0048
131072,split_pass,0,88,0.183296,0.0049
131072,split_pass,0,89,0.181248,0.0045
131072,split_pass,0,90,0.182272,0.0048
131072,split_pass,0,91,0.181248,0.0047
131072,split_pass,0,92,0.182272,0.005
131072,split_pass,0,93,0.182272,0.0055
131072,split_pass,0,94,0.181248,0.0051
131072,split_pass,0,95,0.182272,0.0046
131072,split_pass,0,96,0.182272,0.005
131072,split_pass,0,97,0.181248,0.0051
131072,split_pass,0,98,0.182272,0.0048
131072,split_pass,0,99,0.181248,0.0047
131072,split_pass,0,100,0.182272,0.005
131072,split_pass,0,101,0.182272,0.0046
131072,split_pass,0,102,0.181248,0.0047
131072,split_pass,0,103,0.181248,0.0046
131072,split_pass,0,104,0.182272,0.0049
131072,split_pass,0,105,0.181248,0.0048
131072,split_pass,0,106,0.181248,0.0048
131072,split_pass,0,107,0.183296,0.0046
131072,split_pass,0,108,0.182272,0.0049
131072,split_pass,0,109,0.181248,0.0049
131072,split_pass,0,110,0.181248,0.0079
131072,split_pass,0,111,0.182272,0.0047
131072,split_pass,0,112,0.182272,0.0048
131072,split_pass,0,113,0.181248,0.0049
131072,split_pass,0,114,0.182272,0.0047
131072,split_pass,0,115,0.183296,0.0046
131072,split_pass,0,116,0.182272,0.005
131072,split_pass,0,117,0.181248,0.0048
131072,split_pass,0,118,0.181248,0.0047
131072,split_pass,0,119,0.182272,0.0047
131072,split_pass,1,0,0.181248,0.0195
131072,split_pass,1,1,0.182272,0.0056
131072,split_pass,1,2,0.182272,0.0049
131072,split_pass,1,3,0.182272,0.0051
131072,split_pass,1,4,0.182272,0.0048
131072,split_pass,1,5,0.182272,0.0047
131072,split_pass,1,6,0.181248,0.0053
131072,split_pass,1,7,0.183296,0.0051
131072,split_pass,1,8,0.180224,0.0051
131072,split_pass,1,9,0.181248,0.0047
131072,split_pass,1,10,0.181248,0.005
131072,split_pass,1,11,0.181248,0.0049
131072,split_pass,1,12,0.181248,0.005
131072,split_pass,1,13,0.181248,0.0048
131072,split_pass,1,14,0.183296,0.0047
131072,split_pass,1,15,0.183296,0.0103
131072,split_pass,1,16,0.183296,0.0053
131072,split_pass,1,17,0.183296,0.0049
131072,split_pass,1,18,0.183296,0.005
131072,split_pass,1,19,0.187392,0.0051
131072,split_pass,1,20,0.182272,0.0049
131072,split_pass,1,21,0.182272,0.0048
131072,split_pass,1,22,0.182272,0.0048
131072,split_pass,1,23,0.181248,0.0049
131072,split_pass,1,24,0.181248,0.005
131072,split_pass,1,25,0.181248,0.0052
131072,split_pass,1,26,0.182272,0.0052
131072,split_pass,1,27,0.182272,0.005
131072,split_pass,1,28,0.182272,0.0052
131072,split_pass,1,29,0.182272,0.0049
131072,split_pass,1,30,0.181248,0.0049
131072,split_pass,1,31,0.185344,0.0049
131072,split_pass,1,32,0.181248,0.0049
131072,split_pass,1,33,0.181248,0.0048
131072,split_pass,1,34,0.181248,0.0048
131072,split_pass,1,35,0.182272,0.0048
131072,split_pass,1,36,0.181248,0.005
131072,split_pass,1,37,0.181248,0.0048
131072,split_pass,1,38,0.182272,0.0047
131072,split_pass,1,39,0.183296,0.0053
131072,split_pass,1,40,0.181248,0.0049
131072,split_pass,1,41,0.181248,0.0049
131072,split_pass,1,42,0.182272,0.0048
131072,split_pass,1,43,0.182272,0.0049
131072,split_pass,1,44,0.182272,0.005
131072,split_pass,1,45,0.181248,0.0053
131072,split_pass,1,46,0.181248,0.0046
131072,split_pass,1,47,0.183296,0.0049
131072,split_pass,1,48,0.181248,0.0047
131072,split_pass,1,49,0.182272,0.0049
131072,split_pass,1,50,0.182272,0.0048
131072,split_pass,1,51,0.182272,0.0049
131072,split_pass,1,52,0.181248,0.0048
131072,split_pass,1,53,0.182272,0.0046
131072,split_pass,1,54,0.182272,0.0051
131072,split_pass,1,55,0.182272,0.0049
131072,split_pass,1,56,0.181248,0.0049
131072,split_pass,1,57,0.181248,0.0047
131072,split_pass,1,58,0.182272,0.0047
131072,split_pass,1,59,0.182272,0.005
131072,split_pass,1,60,0.180224,0.0048
131072,split_pass,1,61,0.182272,0.0049
131072,split_pass,1,62,0.181248,0.0048
131072,split_pass,1,63,0.181248,0.0051
131072,split_pass,1,64,0.181248,0.0048
131072,split_pass,1,65,0.182272,0.0048
131072,split_pass,1,66,0.182272,0.0047
131072,split_pass,1,67,0.181248,0.0049
131072,split_pass,1,68,0.181248,0.0047
131072,split_pass,1,69,0.182272,0.0048
131072,split_pass,1,70,0.181248,0.0048
131072,split_pass,1,71,0.182272,0.0051
131072,split_pass,1,72,0.182272,0.0048
131072,split_pass,1,73,0.182272,0.0048
131072,split_pass,1,74,0.182272,0.0048
131072,split_pass,1,75,0.182272,0.0049
131072,split_pass,1,76,0.181248,0.0048
131072,split_pass,1,77,0.182272,0.0048
131072,split_pass,1,78,0.183296,0.005
131072,split_pass,1,79,0.182272,0.0049
131072,split_pass,1,80,0.181248,0.0049
131072,split_pass,1,81,0.182272,0.005
131072,split_pass,1,82,0.183296,0.0048
131072,split_pass,1,83,0.182272,0.0049
131072,split_pass,1,84,0.180224,0.0048
131072,split_pass,1,85,0.181248,0.0047
131072,split_pass,1,86,0.181248,0.0046
131072,split_pass,1,87,0.182272,0.005
131072,split_pass,1,88,0.181248,0.0047
131072,split_pass,1,89,0.181248,0.0048
131072,split_pass,1,90,0.182272,0.0047
131072,split_pass,1,91,0.183296,0.0052
131072,split_pass,1,92,0.181248,0.005
131072,split_pass,1,93,0.181248,0.0048
131072,split_pass,1,94,0.181248,0.0047
131072,split_pass,1,95,0.182272,0.0052
131072,split_pass,1,96,0.182272,0.0048
131072,split_pass,1,97,0.180224,0.0047
131072,split_pass,1,98,0.182272,0.0048
131072,split_pass,1,99,0.181248,0.0048
131072,split_pass,1,100,0.181248,0.0049
131072,split_pass,1,101,0.182272,0.0048
131072,split_pass,1,102,0.182272,0.0048
131072,split_pass,1,103,0.182272,0.005
131072,split_pass,1,104,0.182272,0.0046
131072,split_pass,1,105,0.182272,0.0049
131072,split_pass,1,106,0.181248,0.0047
131072,split_pass,1,107,0.182272,0.0048
131072,split_pass,1,108,0.182272,0.0082
131072,split_pass,1,109,0.181248,0.0048
131072,split_pass,1,110,0.182272,0.005
131072,split_pass,1,111,0.181248,0.005
131072,split_pass,1,112,0.181248,0.0048
131072,split_pass,1,113,0.180224,0.0048
131072,split_pass,1,114,0.182272,0.0047
131072,split_pass,1,115,0.182272,0.0049
131072,split_pass,1,116,0.181248,0.0047
131072,split_pass,1,117,0.182272,0.005
131072,split_pass,1,118,0.182272,0.0049
131072,split_pass,1,119,0.181248,0.0051
131072,split_pass,2,0,0.183296,0.0168
131072,split_pass,2,1,0.182272,0.006
131072,split_pass,2,2,0.183296,0.0052
131072,split_pass,2,3,0.182272,0.0293
131072,split_pass,2,4,0.181248,0.0147
131072,split_pass,2,5,0.182272,0.0055
131072,split_pass,2,6,0.182272,0.005
131072,split_pass,2,7,0.181248,0.0051
131072,split_pass,2,8,0.183296,0.0047
131072,split_pass,2,9,0.182272,0.0048
131072,split_pass,2,10,0.181248,0.0049
131072,split_pass,2,11,0.181248,0.0047
131072,split_pass,2,12,0.181248,0.0047
131072,split_pass,2,13,0.182272,0.0048
131072,split_pass,2,14,0.183296,0.0049
131072,split_pass,2,15,0.180224,0.0047
131072,split_pass,2,16,0.181248,0.0047
131072,split_pass,2,17,0.18432,0.0054
131072,split_pass,2,18,0.182272,0.0051
131072,split_pass,2,19,0.182272,0.0048
131072,split_pass,2,20,0.181248,0.0047
131072,split_pass,2,21,0.186368,0.0048
131072,split_pass,2,22,0.18432,0.0051
131072,split_pass,2,23,0.181248,0.0048
131072,split_pass,2,24,0.181248,0.0047
131072,split_pass,2,25,0.182272,0.0046
131072,split_pass,2,26,0.182272,0.0053
131072,split_pass,2,27,0.182272,0.0047
131072,split_pass,2,28,0.181248,0.0047
131072,split_pass,2,29,0.182272,0.0048
131072,split_pass,2,30,0.182272,0.0048
131072,split_pass,2,31,0.181248,0.0046
131072,split_pass,2,32,0.181248,0.0047
131072,split_pass,2,33,0.183296,0.0048
131072,split_pass,2,34,0.182272,0.0049
131072,split_pass,2,35,0.181248,0.0049
131072,split_pass,2,36,0.182272,0.0047
131072,split_pass,2,37,0.181248,0.0047
131072,split_pass,2,38,0.183296,0.0051
131072,split_pass,2,39,0.181248,0.0048
131072,split_pass,2,40,0.182272,0.0046
131072,split_pass,2,41,0.182272,0.0049
131072,split_pass,2,42,0.182272,0.0049
131072,split_pass,2,43,0.182272,0.005
131072,split_pass,2,44,0.180224,0.0102
131072,split_pass,2,45,0.181248,0.0055
131072,split_pass,2,46,0.182272,0.0051
131072,split_pass,2,47,0.181248,0.005
131072,split_pass,2,48,0.182272,0.0048
131072,split_pass,2,49,0.182272,0.0047
131072,split_pass,2,50,0.181248,0.005
131072,split_pass,2,51,0.182272,0.0052
131072,split_pass,2,52,0.183296,0.0047
131072,split_pass,2,53,0.181248,0.0049
131072,split_pass,2,54,0.182272,0.0048
131072,split_pass,2,55,0.182272,0.0047
131072,split_pass,2,56,0.183296,0.005
131072,split_pass,2,57,0.181248,0.0046
131072,split_pass,2,58,0.182272,0.0048
131072,split_pass,2,59,0.182272,0.0049
131072,split_pass,2,60,0.181248,0.005
131072,split_pass,2,61,0.182272,0.0047
131072,split_pass,2,62,0.182272,0.0051
131072,split_pass,2,63,0.181248,0.0051
131072,split_pass,2,64,0.182272,0.0048
131072,split_pass,2,65,0.182272,0.0048
131072,split_pass,2,66,0.182272,0.005
131072,split_pass,2,67,0.181248,0.0049
131072,split_pass,2,68,0.183296,0.0048
131072,split_pass,2,69,0.181248,0.0049
131072,split_pass,2,70,0.182272,0.0048
131072,split_pass,2,71,0.181248,0.005
131072,split_pass,2,72,0.183296,0.0047
131072,split_pass,2,73,0.183296,0.005
131072,split_pass,2,74,0.183296,0.0059
131072,split_pass,2,75,0.18432,0.005
131072,split_pass,2,76,0.188416,0.005
131072,split_pass,2,77,0.182272,0.005
131072,split_pass,2,78,0.182272,0.0048
131072,split_pass,2,79,0.182272,0.0048
131072,split_pass,2,80,0.182272,0.0049
131072,split_pass,2,81,0.183296,0.0053
131072,split_pass,2,82,0.182272,0.0049
131072,split_pass,2,83,0.181248,0.0049
131072,split_pass,2,84,0.181248,0.0051
131072,split_pass,2,85,0.183296,0.0049
131072,split_pass,2,86,0.182272,0.0053
131072,split_pass,2,87,0.181248,0.005
131072,split_pass,2,88,0.182272,0.005
131072,split_pass,2,89,0.182272,0.0049
131072,split_pass,2,90,0.183296,0.0049
131072,split_pass,2,91,0.182272,0.0048
131072,split_pass,2,92,0.181248,0.0048
131072,split_pass,2,93,0.182272,0.005
131072,split_pass,2,94,0.182272,0.005
131072,split_pass,2,95,0.181248,0.0048
131072,split_pass,2,96,0.181248,0.0047
131072,split_pass,2,97,0.182272,0.0047
131072,split_pass,2,98,0.181248,0.0049
131072,split_pass,2,99,0.181248,0.0048
131072,split_pass,2,100,0.181248,0.0048
131072,split_pass,2,101,0.181248,0.0047
131072,split_pass,2,102,0.181248,0.0049
131072,split_pass,2,103,0.182272,0.0048
131072,split_pass,2,104,0.182272,0.0048
131072,split_pass,2,105,0.182272,0.0048
131072,split_pass,2,106,0.181248,0.0049
131072,split_pass,2,107,0.182272,0.0048
131072,split_pass,2,108,0.181248,0.005
131072,split_pass,2,109,0.182272,0.0048
131072,split_pass,2,110,0.182272,0.0051
131072,split_pass,2,111,0.182272,0.0049
131072,split_pass,2,112,0.181248,0.005
131072,split_pass,2,113,0.182272,0.0047
131072,split_pass,2,114,0.182272,0.0048
131072,split_pass,2,115,0.182272,0.0048
131072,split_pass,2,116,0.182272,0.0048
131072,split_pass,2,117,0.182272,0.0047
131072,split_pass,2,118,0.181248,0.0049
131072,split_pass,2,119,0.181248,0.0047
131072,split_shadow_13,0,0,0.181248,0.0049
131072,split_shadow_13,0,1,0.180224,0.0047
131072,split_shadow_13,0,2,0.182272,0.0049
131072,split_shadow_13,0,3,0.182272,0.0048
131072,split_shadow_13,0,4,0.182272,0.0048
131072,split_shadow_13,0,5,0.181248,0.0049
131072,split_shadow_13,0,6,0.181248,0.0051
131072,split_shadow_13,0,7,0.182272,0.0047
131072,split_shadow_13,0,8,0.181248,0.0047
131072,split_shadow_13,0,9,0.182272,0.0047
131072,split_shadow_13,0,10,0.182272,0.0048
131072,split_shadow_13,0,11,0.182272,0.0048
131072,split_shadow_13,0,12,0.182272,0.0048
131072,split_shadow_13,0,13,0.183296,0.0047
131072,split_shadow_13,0,14,0.18432,0.0048
131072,split_shadow_13,0,15,0.182272,0.0048
131072,split_shadow_13,0,16,0.181248,0.0047
131072,split_shadow_13,0,17,0.182272,0.0046
131072,split_shadow_13,0,18,0.181248,0.0048
131072,split_shadow_13,0,19,0.181248,0.0048
131072,split_shadow_13,0,20,0.181248,0.0046
131072,split_shadow_13,0,21,0.183296,0.0047
131072,split_shadow_13,0,22,0.181248,0.005
131072,split_shadow_13,0,23,0.181248,0.0048
131072,split_shadow_13,0,24,0.181248,0.0049
131072,split_shadow_13,0,25,0.182272,0.0047
131072,split_shadow_13,0,26,0.181248,0.005
131072,split_shadow_13,0,27,0.182272,0.0046
131072,split_shadow_13,0,28,0.181248,0.0047
131072,split_shadow_13,0,29,0.182272,0.0046
131072,split_shadow_13,0,30,0.182272,0.0049
131072,split_shadow_13,0,31,0.181248,0.0047
131072,split_shadow_13,0,32,0.181248,0.0047
131072,split_shadow_13,0,33,0.182272,0.0047
131072,split_shadow_13,0,34,0.182272,0.0048
131072,split_shadow_13,0,35,0.181248,0.0046
131072,split_shadow_13,0,36,0.181248,0.0047
131072,split_shadow_13,0,37,0.183296,0.0046
131072,split_shadow_13,0,38,0.181248,0.0049
131072,split_shadow_13,0,39,0.181248,0.0051
131072,split_shadow_13,0,40,0.181248,0.0048
131072,split_shadow_13,0,41,0.18432,0.0047
131072,split_shadow_13,0,42,0.182272,0.0046
131072,split_shadow_13,0,43,0.181248,0.0046
131072,split_shadow_13,0,44,0.180224,0.0047
131072,split_shadow_13,0,45,0.182272,0.0049
131072,split_shadow_13,0,46,0.188416,0.0061
131072,split_shadow_13,0,47,0.182272,0.0051
131072,split_shadow_13,0,48,0.182272,0.0048
131072,split_shadow_13,0,49,0.181248,0.0048
131072,split_shadow_13,0,50,0.182272,0.0051
131072,split_shadow_13,0,51,0.181248,0.0048
131072,split_shadow_13,0,52,0.180224,0.0047
131072,split_shadow_13,0,53,0.181248,0.0048
131072,split_shadow_13,0,54,0.182272,0.0047
131072,split_shadow_13,0,55,0.182272,0.005
131072,split_shadow_13,0,56,0.182272,0.0048
131072,split_shadow_13,0,57,0.181248,0.0046
131072,split_shadow_13,0,58,0.182272,0.0047
131072,split_shadow_13,0,59,0.182272,0.0048
131072,split_shadow_13,0,60,0.180224,0.0048
131072,split_shadow_13,0,61,0.182272,0.0046
131072,split_shadow_13,0,62,0.181248,0.0049
131072,split_shadow_13,0,63,0.182272,0.0048
131072,split_shadow_13,0,64,0.181248,0.0047
131072,split_shadow_13,0,65,0.182272,0.0047
131072,split_shadow_13,0,66,0.182272,0.0048
131072,split_shadow_13,0,67,0.182272,0.0046
131072,split_shadow_13,0,68,0.181248,0.0047
131072,split_shadow_13,0,69,0.181248,0.0047
131072,split_shadow_13,0,70,0.182272,0.0048
131072,split_shadow_13,0,71,0.183296,0.0049
131072,split_shadow_13,0,72,0.180224,0.0046
131072,split_shadow_13,0,73,0.182272,0.0047
131072,split_shadow_13,0,74,0.181248,0.0049
131072,split_shadow_13,0,75,0.182272,0.0046
131072,split_shadow_13,0,76,0.181248,0.005
131072,split_shadow_13,0,77,0.182272,0.0047
131072,split_shadow_13,0,78,0.180224,0.0048
131072,split_shadow_13,0,79,0.182272,0.0049
131072,split_shadow_13,0,80,0.181248,0.0048
131072,split_shadow_13,0,81,0.181248,0.0048
131072,split_shadow_13,0,82,0.181248,0.0048
131072,split_shadow_13,0,83,0.181248,0.0049
131072,split_shadow_13,0,84,0.181248,0.005
131072,split_shadow_13,0,85,0.181248,0.0047
131072,split_shadow_13,0,86,0.182272,0.0048
131072,split_shadow_13,0,87,0.182272,0.0047
131072,split_shadow_13,0,88,0.182272,0.0047
131072,split_shadow_13,0,89,0.183296,0.0047
131072,split_shadow_13,0,90,0.182272,0.0049
131072,split_shadow_13,0,91,0.182272,0.0048
131072,split_shadow_13,0,92,0.181248,0.0048
131072,split_shadow_13,0,93,0.182272,0.0046
131072,split_shadow_13,0,94,0.182272,0.0049
131072,split_shadow_13,0,95,0.181248,0.0049
131072,split_shadow_13,0,96,0.182272,0.0047
131072,split_shadow_13,0,97,0.183296,0.0049
131072,split_shadow_13,0,98,0.181248,0.0047
131072,split_shadow_13,0,99,0.182272,0.0048
131072,split_shadow_13,0,100,0.181248,0.0047
131072,split_shadow_13,0,101,0.183296,0.0046
131072,split_shadow_13,0,102,0.181248,0.0049
131072,split_shadow_13,0,103,0.182272,0.0049
131072,split_shadow_13,0,104,0.181248,0.0048
131072,split_shadow_13,0,105,0.181248,0.0047
131072,split_shadow_13,0,106,0.181248,0.0048
131072,split_shadow_13,0,107,0.182272,0.0048
131072,split_shadow_13,0,108,0.181248,0.0046
131072,split_shadow_13,0,109,0.181248,0.0047
131072,split_shadow_13,0,110,0.181248,0.0049
131072,split_shadow_13,0,111,0.182272,0.0048
131072,split_shadow_13,0,112,0.180224,0.0047
131072,split_shadow_13,0,113,0.181248,0.0047
131072,split_shadow_13,0,114,0.182272,0.005
131072,split_shadow_13,0,115,0.182272,0.0049
131072,split_shadow_13,0,116,0.181248,0.0047
131072,split_shadow_13,0,117,0.182272,0.0047
131072,split_shadow_13,0,118,0.181248,0.005
131072,split_shadow_13,0,119,0.182272,0.0048
131072,split_shadow_13,1,0,0.181248,0.0158
131072,split_shadow_13,1,1,0.185344,0.0061
131072,split_shadow_13,1,2,0.182272,0.0052
131072,split_shadow_13,1,3,0.183296,0.0048
131072,split_shadow_13,1,4,0.183296,0.0049
131072,split_shadow_13,1,5,0.18432,0.0052
131072,split_shadow_13,1,6,0.183296,0.005
131072,split_shadow_13,1,7,0.183296,0.0047
131072,split_shadow_13,1,8,0.185344,0.0049
131072,split_shadow_13,1,9,0.181248,0.0053
131072,split_shadow_13,1,10,0.181248,0.0051
131072,split_shadow_13,1,11,0.180224,0.0055
131072,split_shadow_13,1,12,0.182272,0.0067
131072,split_shadow_13,1,13,0.181248,0.0049
131072,split_shadow_13,1,14,0.182272,0.005
131072,split_shadow_13,1,15,0.181248,0.0053
131072,split_shadow_13,1,16,0.181248,0.005
131072,split_shadow_13,1,17,0.181248,0.0051
131072,split_shadow_13,1,18,0.181248,0.0052
131072,split_shadow_13,1,19,0.181248,0.005
131072,split_shadow_13,1,20,0.181248,0.005
131072,split_shadow_13,1,21,0.180224,0.0052
131072,split_shadow_13,1,22,0.182272,0.0049
131072,split_shadow_13,1,23,0.182272,0.005
131072,split_shadow_13,1,24,0.183296,0.0047
131072,split_shadow_13,1,25,0.181248,0.0051
131072,split_shadow_13,1,26,0.181248,0.0048
131072,split_shadow_13,1,27,0.182272,0.0048
131072,split_shadow_13,1,28,0.182272,0.0049
131072,split_shadow_13,1,29,0.181248,0.0051
131072,split_shadow_13,1,30,0.182272,0.0048
131072,split_shadow_13,1,31,0.181248,0.0048
131072,split_shadow_13,1,32,0.181248,0.0047
131072,split_shadow_13,1,33,0.181248,0.005
131072,split_shadow_13,1,34,0.182272,0.0047
131072,split_shadow_13,1,35,0.181248,0.0049
131072,split_shadow_13,1,36,0.182272,0.0051
131072,split_shadow_13,1,37,0.182272,0.0052
131072,split_shadow_13,1,38,0.181248,0.0049
131072,split_shadow_13,1,39,0.180224,0.0047
131072,split_shadow_13,1,40,0.183296,0.0049
131072,split_shadow_13,1,41,0.181248,0.005
131072,split_shadow_13,1,42,0.181248,0.0048
131072,split_shadow_13,1,43,0.181248,0.0049
131072,split_shadow_13,1,44,0.181248,0.0047
131072,split_shadow_13,1,45,0.181248,0.005
131072,split_shadow_13,1,46,0.182272,0.0051
131072,split_shadow_13,1,47,0.181248,0.0048
131072,split_shadow_13,1,48,0.183296,0.0047
131072,split_shadow_13,1,49,0.181248,0.0049
131072,split_shadow_13,1,50,0.182272,0.0049
131072,split_shadow_13,1,51,0.181248,0.0047
131072,split_shadow_13,1,52,0.183296,0.0051
131072,split_shadow_13,1,53,0.182272,0.0048
131072,split_shadow_13,1,54,0.181248,0.0049
131072,split_shadow_13,1,55,0.181248,0.0051
131072,split_shadow_13,1,56,0.181248,0.0048
131072,split_shadow_13,1,57,0.181248,0.0049
131072,split_shadow_13,1,58,0.181248,0.0049
131072,split_shadow_13,1,59,0.181248,0.0047
131072,split_shadow_13,1,60,0.182272,0.0047
131072,split_shadow_13,1,61,0.181248,0.005
131072,split_shadow_13,1,62,0.182272,0.0049
131072,split_shadow_13,1,63,0.181248,0.0048
131072,split_shadow_13,1,64,0.181248,0.005
131072,split_shadow_13,1,65,0.181248,0.0048
131072,split_shadow_13,1,66,0.182272,0.0048
131072,split_shadow_13,1,67,0.181248,0.0047
131072,split_shadow_13,1,68,0.182272,0.0048
131072,split_shadow_13,1,69,0.181248,0.005
131072,split_shadow_13,1,70,0.182272,0.005
131072,split_shadow_13,1,71,0.182272,0.0048
131072,split_shadow_13,1,72,0.181248,0.005
131072,split_shadow_13,1,73,0.182272,0.0049
131072,split_shadow_13,1,74,0.181248,0.0047
131072,split_shadow_13,1,75,0.181248,0.0049
131072,split_shadow_13,1,76,0.182272,0.0047
131072,split_shadow_13,1,77,0.181248,0.0049
131072,split_shadow_13,1,78,0.182272,0.0049
131072,split_shadow_13,1,79,0.181248,0.0049
131072,split_shadow_13,1,80,0.183296,0.005
131072,split_shadow_13,1,81,0.181248,0.0051
131072,split_shadow_13,1,82,0.182272,0.0049
131072,split_shadow_13,1,83,0.181248,0.0049
131072,split_shadow_13,1,84,0.181248,0.0048
131072,split_shadow_13,1,85,0.180224,0.0051
131072,split_shadow_13,1,86,0.181248,0.0048
131072,split_shadow_13,1,87,0.180224,0.0048
131072,split_shadow_13,1,88,0.182272,0.0047
131072,split_shadow_13,1,89,0.180224,0.005
131072,split_shadow_13,1,90,0.182272,0.0049
131072,split_shadow_13,1,91,0.181248,0.0048
131072,split_shadow_13,1,92,0.182272,0.0049
131072,split_shadow_13,1,93,0.181248,0.0052
131072,split_shadow_13,1,94,0.182272,0.0048
131072,split_shadow_13,1,95,0.181248,0.0047
131072,split_shadow_13,1,96,0.182272,0.0047
131072,split_shadow_13,1,97,0.181248,0.0049
131072,split_shadow_13,1,98,0.181248,0.0048
131072,split_shadow_13,1,99,0.181248,0.0048
131072,split_shadow_13,1,100,0.183296,0.0047
131072,split_shadow_13,1,101,0.181248,0.0049
131072,split_shadow_13,1,102,0.183296,0.0047
131072,split_shadow_13,1,103,0.180224,0.0046
131072,split_shadow_13,1,104,0.182272,0.0047
131072,split_shadow_13,1,105,0.182272,0.0049
131072,split_shadow_13,1,106,0.182272,0.0048
131072,split_shadow_13,1,107,0.180224,0.0048
131072,split_shadow_13,1,108,0.183296,0.0048
131072,split_shadow_13,1,109,0.182272,0.0049
131072,split_shadow_13,1,110,0.181248,0.0048
131072,split_shadow_13,1,111,0.180224,0.0047
131072,split_shadow_13,1,112,0.182272,0.0049
131072,split_shadow_13,1,113,0.188416,0.0049
131072,split_shadow_13,1,114,0.182272,0.0055
131072,split_shadow_13,1,115,0.181248,0.0052
131072,split_shadow_13,1,116,0.181248,0.0047
131072,split_shadow_13,1,117,0.182272,0.0049
131072,split_shadow_13,1,118,0.182272,0.005
131072,split_shadow_13,1,119,0.180224,0.0048
131072,split_shadow_13,2,0,0.182272,0.0163
131072,split_shadow_13,2,1,0.181248,0.0058
131072,split_shadow_13,2,2,0.182272,0.0068
131072,split_shadow_13,2,3,0.183296,0.0049
131072,split_shadow_13,2,4,0.181248,0.0051
131072,split_shadow_13,2,5,0.182272,0.0051
131072,split_shadow_13,2,6,0.181248,0.0048
131072,split_shadow_13,2,7,0.181248,0.0047
131072,split_shadow_13,2,8,0.181248,0.005
131072,split_shadow_13,2,9,0.182272,0.0051
131072,split_shadow_13,2,10,0.181248,0.0049
131072,split_shadow_13,2,11,0.182272,0.0047
131072,split_shadow_13,2,12,0.181248,0.0049
131072,split_shadow_13,2,13,0.181248,0.0047
131072,split_shadow_13,2,14,0.180224,0.0047
131072,split_shadow_13,2,15,0.181248,0.0048
131072,split_shadow_13,2,16,0.181248,0.0048
131072,split_shadow_13,2,17,0.182272,0.0049
131072,split_shadow_13,2,18,0.181248,0.0047
131072,split_shadow_13,2,19,0.183296,0.0049
131072,split_shadow_13,2,20,0.181248,0.0053
131072,split_shadow_13,2,21,0.181248,0.0049
131072,split_shadow_13,2,22,0.181248,0.0048
131072,split_shadow_13,2,23,0.182272,0.0049
131072,split_shadow_13,2,24,0.181248,0.005
131072,split_shadow_13,2,25,0.182272,0.0048
131072,split_shadow_13,2,26,0.180224,0.0048
131072,split_shadow_13,2,27,0.182272,0.0049
131072,split_shadow_13,2,28,0.182272,0.005
131072,split_shadow_13,2,29,0.181248,0.0049
131072,split_shadow_13,2,30,0.181248,0.0048
131072,split_shadow_13,2,31,0.182272,0.0049
131072,split_shadow_13,2,32,0.181248,0.0053
131072,split_shadow_13,2,33,0.182272,0.0049
131072,split_shadow_13,2,34,0.182272,0.0047
131072,split_shadow_13,2,35,0.181248,0.0049
131072,split_shadow_13,2,36,0.181248,0.0049
131072,split_shadow_13,2,37,0.181248,0.0051
131072,split_shadow_13,2,38,0.181248,0.0047
131072,split_shadow_13,2,39,0.182272,0.005
131072,split_shadow_13,2,40,0.181248,0.0049
131072,split_shadow_13,2,41,0.181248,0.0048
131072,split_shadow_13,2,42,0.182272,0.0048
131072,split_shadow_13,2,43,0.181248,0.005
131072,split_shadow_13,2,44,0.181248,0.005
131072,split_shadow_13,2,45,0.18432,0.0049
131072,split_shadow_13,2,46,0.183296,0.0049
131072,split_shadow_13,2,47,0.18432,0.0049
131072,split_shadow_13,2,48,0.18432,0.0059
131072,split_shadow_13,2,49,0.183296,0.005
131072,split_shadow_13,2,50,0.182272,0.0047
131072,split_shadow_13,2,51,0.185344,0.0048
131072,split_shadow_13,2,52,0.182272,0.005
131072,split_shadow_13,2,53,0.181248,0.0048
131072,split_shadow_13,2,54,0.181248,0.0048
131072,split_shadow_13,2,55,0.18432,0.005
131072,split_shadow_13,2,56,0.181248,0.0049
131072,split_shadow_13,2,57,0.182272,0.0051
131072,split_shadow_13,2,58,0.181248,0.0047
131072,split_shadow_13,2,59,0.182272,0.0048
131072,split_shadow_13,2,60,0.181248,0.0052
131072,split_shadow_13,2,61,0.181248,0.0048
131072,split_shadow_13,2,62,0.180224,0.0049
131072,split_shadow_13,2,63,0.183296,0.005
131072,split_shadow_13,2,64,0.181248,0.005
131072,split_shadow_13,2,65,0.182272,0.0048
131072,split_shadow_13,2,66,0.180224,0.0048
131072,split_shadow_13,2,67,0.182272,0.005
131072,split_shadow_13,2,68,0.181248,0.0052
131072,split_shadow_13,2,69,0.182272,0.0057
131072,split_shadow_13,2,70,0.181248,0.0051
131072,split_shadow_13,2,71,0.182272,0.0049
131072,split_shadow_13,2,72,0.181248,0.005
131072,split_shadow_13,2,73,0.181248,0.0049
131072,split_shadow_13,2,74,0.181248,0.0048
131072,split_shadow_13,2,75,0.181248,0.0047
131072,split_shadow_13,2,76,0.181248,0.0049
131072,split_shadow_13,2,77,0.181248,0.005
131072,split_shadow_13,2,78,0.181248,0.0048
131072,split_shadow_13,2,79,0.181248,0.0048
131072,split_shadow_13,2,80,0.181248,0.0049
131072,split_shadow_13,2,81,0.181248,0.0048
131072,split_shadow_13,2,82,0.181248,0.0048
131072,split_shadow_13,2,83,0.182272,0.0048
131072,split_shadow_13,2,84,0.181248,0.005
131072,split_shadow_13,2,85,0.181248,0.0049
131072,split_shadow_13,2,86,0.181248,0.0048
131072,split_shadow_13,2,87,0.182272,0.0055
131072,split_shadow_13,2,88,0.182272,0.0053
131072,split_shadow_13,2,89,0.181248,0.0047
131072,split_shadow_13,2,90,0.181248,0.0046
131072,split_shadow_13,2,91,0.181248,0.0048
131072,split_shadow_13,2,92,0.181248,0.0055
131072,split_shadow_13,2,93,0.181248,0.0049
131072,split_shadow_13,2,94,0.181248,0.0047
131072,split_shadow_13,2,95,0.181248,0.0048
131072,split_shadow_13,2,96,0.180224,0.005
131072,split_shadow_13,2,97,0.181248,0.0049
131072,split_shadow_13,2,98,0.181248,0.0048
131072,split_shadow_13,2,99,0.183296,0.0047
131072,split_shadow_13,2,100,0.182272,0.005
131072,split_shadow_13,2,101,0.181248,0.0048
131072,split_shadow_13,2,102,0.181248,0.005
131072,split_shadow_13,2,103,0.182272,0.0047
131072,split_shadow_13,2,104,0.182272,0.0051
131072,split_shadow_13,2,105,0.182272,0.0049
131072,split_shadow_13,2,106,0.181248,0.0048
131072,split_shadow_13,2,107,0.182272,0.0051
131072,split_shadow_13,2,108,0.182272,0.0049
131072,split_shadow_13,2,109,0.182272,0.0049
131072,split_shadow_13,2,110,0.181248,0.0047
131072,split_shadow_13,2,111,0.182272,0.0047
131072,split_shadow_13,2,112,0.181248,0.0049
131072,split_shadow_13,2,113,0.182272,0.0048
131072,split_shadow_13,2,114,0.181248,0.0049
131072,split_shadow_13,2,115,0.182272,0.0048
131072,split_shadow_13,2,116,0.181248,0.0051
131072,split_shadow_13,2,117,0.181248,0.0048
131072,split_shadow_13,2,118,0.181248,0.0047
131072,split_shadow_13,2,119,0.182272,0.005
131072,split_boundary_13,0,0,0.182272,0.0089
131072,split_boundary_13,0,1,0.180224,0.0098
131072,split_boundary_13,0,2,0.185344,0.0092
131072,split_boundary_13,0,3,0.182272,0.0089
131072,split_boundary_13,0,4,0.182272,0.0089
131072,split_boundary_13,0,5,0.188416,0.009
131072,split_boundary_13,0,6,0.187392,0.009
131072,split_boundary_13,0,7,0.181248,0.0088
131072,split_boundary_13,0,8,0.182272,0.0088
131072,split_boundary_13,0,9,0.186368,0.0089
131072,split_boundary_13,0,10,0.187392,0.0089
131072,split_boundary_13,0,11,0.181248,0.0088
131072,split_boundary_13,0,12,0.180224,0.0089
131072,split_boundary_13,0,13,0.181248,0.0089
131072,split_boundary_13,0,14,0.181248,0.0088
131072,split_boundary_13,0,15,0.182272,0.0086
131072,split_boundary_13,0,16,0.182272,0.0087
131072,split_boundary_13,0,17,0.181248,0.011
131072,split_boundary_13,0,18,0.185344,0.009
131072,split_boundary_13,0,19,0.180224,0.0087
131072,split_boundary_13,0,20,0.182272,0.0088
131072,split_boundary_13,0,21,0.182272,0.0088
131072,split_boundary_13,0,22,0.188416,0.009
131072,split_boundary_13,0,23,0.181248,0.0088
131072,split_boundary_13,0,24,0.181248,0.0087
131072,split_boundary_13,0,25,0.188416,0.0086
131072,split_boundary_13,0,26,0.188416,0.009
131072,split_boundary_13,0,27,0.181248,0.0089
131072,split_boundary_13,0,28,0.182272,0.0088
131072,split_boundary_13,0,29,0.187392,0.0087
131072,split_boundary_13,0,30,0.185344,0.0088
131072,split_boundary_13,0,31,0.181248,0.0086
131072,split_boundary_13,0,32,0.182272,0.009
131072,split_boundary_13,0,33,0.181248,0.009
131072,split_boundary_13,0,34,0.181248,0.0087
131072,split_boundary_13,0,35,0.181248,0.0089
131072,split_boundary_13,0,36,0.183296,0.0087
131072,split_boundary_13,0,37,0.183296,0.009
131072,split_boundary_13,0,38,0.182272,0.0089
131072,split_boundary_13,0,39,0.183296,0.0088
131072,split_boundary_13,0,40,0.183296,0.0088
131072,split_boundary_13,0,41,0.182272,0.0087
131072,split_boundary_13,0,42,0.182272,0.0089
131072,split_boundary_13,0,43,0.181248,0.0088
131072,split_boundary_13,0,44,0.181248,0.0086
131072,split_boundary_13,0,45,0.181248,0.0088
131072,split_boundary_13,0,46,0.182272,0.0089
131072,split_boundary_13,0,47,0.181248,0.0093
131072,split_boundary_13,0,48,0.182272,0.0088
131072,split_boundary_13,0,49,0.181248,0.0088
131072,split_boundary_13,0,50,0.188416,0.0093
131072,split_boundary_13,0,51,0.181248,0.0093
131072,split_boundary_13,0,52,0.182272,0.0089
131072,split_boundary_13,0,53,0.187392,0.0087
131072,split_boundary_13,0,54,0.182272,0.0095
131072,split_boundary_13,0,55,0.181248,0.0089
131072,split_boundary_13,0,56,0.182272,0.0086
131072,split_boundary_13,0,57,0.18432,0.0089
131072,split_boundary_13,0,58,0.18432,0.0089
131072,split_boundary_13,0,59,0.181248,0.0087
131072,split_boundary_13,0,60,0.181248,0.0087
131072,split_boundary_13,0,61,0.187392,0.0087
131072,split_boundary_13,0,62,0.187392,0.0093
131072,split_boundary_13,0,63,0.181248,0.0087
131072,split_boundary_13,0,64,0.181248,0.0087
131072,split_boundary_13,0,65,0.181248,0.0086
131072,split_boundary_13,0,66,0.187392,0.0089
131072,split_boundary_13,0,67,0.181248,0.0089
131072,split_boundary_13,0,68,0.181248,0.0086
131072,split_boundary_13,0,69,0.182272,0.0088
131072,split_boundary_13,0,70,0.185344,0.009
131072,split_boundary_13,0,71,0.181248,0.0088
131072,split_boundary_13,0,72,0.181248,0.0087
131072,split_boundary_13,0,73,0.181248,0.0086
131072,split_boundary_13,0,74,0.182272,0.0089
131072,split_boundary_13,0,75,0.181248,0.0087
131072,split_boundary_13,0,76,0.182272,0.0088
131072,split_boundary_13,0,77,0.182272,0.0088
131072,split_boundary_13,0,78,0.188416,0.0088
131072,split_boundary_13,0,79,0.181248,0.0088
131072,split_boundary_13,0,80,0.182272,0.0089
131072,split_boundary_13,0,81,0.186368,0.0087
131072,split_boundary_13,0,82,0.186368,0.009
131072,split_boundary_13,0,83,0.181248,0.0088
131072,split_boundary_13,0,84,0.182272,0.0088
131072,split_boundary_13,0,85,0.186368,0.0088
131072,split_boundary_13,0,86,0.185344,0.0088
131072,split_boundary_13,0,87,0.181248,0.0087
131072,split_boundary_13,0,88,0.182272,0.0088
131072,split_boundary_13,0,89,0.181248,0.0088
131072,split_boundary_13,0,90,0.181248,0.011
131072,split_boundary_13,0,91,0.181248,0.0092
131072,split_boundary_13,0,92,0.181248,0.0088
131072,split_boundary_13,0,93,0.181248,0.0089
131072,split_boundary_13,0,94,0.181248,0.0089
131072,split_boundary_13,0,95,0.181248,0.0087
131072,split_boundary_13,0,96,0.183296,0.0087
131072,split_boundary_13,0,97,0.18432,0.0087
131072,split_boundary_13,0,98,0.18432,0.0095
131072,split_boundary_13,0,99,0.18432,0.009
131072,split_boundary_13,0,100,0.183296,0.0087
131072,split_boundary_13,0,101,0.181248,0.0096
131072,split_boundary_13,0,102,0.182272,0.0092
131072,split_boundary_13,0,103,0.181248,0.009
131072,split_boundary_13,0,104,0.181248,0.0092
131072,split_boundary_13,0,105,0.181248,0.0091
131072,split_boundary_13,0,106,0.18432,0.0091
131072,split_boundary_13,0,107,0.182272,0.0087
131072,split_boundary_13,0,108,0.181248,0.0091
131072,split_boundary_13,0,109,0.182272,0.009
131072,split_boundary_13,0,110,0.186368,0.0094
131072,split_boundary_13,0,111,0.181248,0.009
131072,split_boundary_13,0,112,0.181248,0.0089
131072,split_boundary_13,0,113,0.187392,0.0088
131072,split_boundary_13,0,114,0.181248,0.009
131072,split_boundary_13,0,115,0.181248,0.0089
131072,split_boundary_13,0,116,0.181248,0.0087
131072,split_boundary_13,0,117,0.186368,0.0087
131072,split_boundary_13,0,118,0.182272,0.0089
131072,split_boundary_13,0,119,0.181248,0.0091
131072,split_boundary_13,1,0,0.181248,0.0296
131072,split_boundary_13,1,1,0.183296,0.0116
131072,split_boundary_13,1,2,0.181248,0.0097
131072,split_boundary_13,1,3,0.181248,0.009
131072,split_boundary_13,1,4,0.182272,0.0088
131072,split_boundary_13,1,5,0.188416,0.0091
131072,split_boundary_13,1,6,0.181248,0.0091
131072,split_boundary_13,1,7,0.181248,0.0089
131072,split_boundary_13,1,8,0.186368,0.0088
131072,split_boundary_13,1,9,0.181248,0.009
131072,split_boundary_13,1,10,0.181248,0.0089
131072,split_boundary_13,1,11,0.18432,0.009
131072,split_boundary_13,1,12,0.18432,0.0091
131072,split_boundary_13,1,13,0.183296,0.0092
131072,split_boundary_13,1,14,0.183296,0.0092
131072,split_boundary_13,1,15,0.18432,0.0089
131072,split_boundary_13,1,16,0.182272,0.009
131072,split_boundary_13,1,17,0.185344,0.0096
131072,split_boundary_13,1,18,0.181248,0.0094
131072,split_boundary_13,1,19,0.182272,0.009
131072,split_boundary_13,1,20,0.188416,0.0088
131072,split_boundary_13,1,21,0.186368,0.009
131072,split_boundary_13,1,22,0.180224,0.0089
131072,split_boundary_13,1,23,0.182272,0.009
131072,split_boundary_13,1,24,0.181248,0.0088
131072,split_boundary_13,1,25,0.188416,0.0091
131072,split_boundary_13,1,26,0.180224,0.009
131072,split_boundary_13,1,27,0.180224,0.0091
131072,split_boundary_13,1,28,0.182272,0.0091
131072,split_boundary_13,1,29,0.188416,0.0092
131072,split_boundary_13,1,30,0.181248,0.0091
131072,split_boundary_13,1,31,0.181248,0.0089
131072,split_boundary_13,1,32,0.183296,0.0099
131072,split_boundary_13,1,33,0.186368,0.0093
131072,split_boundary_13,1,34,0.181248,0.0091
131072,split_boundary_13,1,35,0.182272,0.0089
131072,split_boundary_13,1,36,0.180224,0.0115
131072,split_boundary_13,1,37,0.18944,0.0093
131072,split_boundary_13,1,38,0.181248,0.0119
131072,split_boundary_13,1,39,0.182272,0.0091
131072,split_boundary_13,1,40,0.186368,0.009
131072,split_boundary_13,1,41,0.187392,0.0091
131072,split_boundary_13,1,42,0.181248,0.0211
131072,split_boundary_13,1,43,0.181248,0.01
131072,split_boundary_13,1,44,0.180224,0.0092
131072,split_boundary_13,1,45,0.180224,0.0091
131072,split_boundary_13,1,46,0.181248,0.0091
131072,split_boundary_13,1,47,0.180224,0.0091
131072,split_boundary_13,1,48,0.205824,0.0091
131072,split_boundary_13,1,49,0.182272,0.009
131072,split_boundary_13,1,50,0.180224,0.0091
131072,split_boundary_13,1,51,0.181248,0.0091
131072,split_boundary_13,1,52,0.181248,0.0088
131072,split_boundary_13,1,53,0.185344,0.0092
131072,split_boundary_13,1,54,0.181248,0.0092
131072,split_boundary_13,1,55,0.181248,0.009
131072,split_boundary_13,1,56,0.182272,0.0091
131072,split_boundary_13,1,57,0.182272,0.0091
131072,split_boundary_13,1,58,0.181248,0.009
131072,split_boundary_13,1,59,0.182272,0.0089
131072,split_boundary_13,1,60,0.183296,0.009
131072,split_boundary_13,1,61,0.183296,0.0093
131072,split_boundary_13,1,62,0.18432,0.009
131072,split_boundary_13,1,63,0.18432,0.0091
131072,split_boundary_13,1,64,0.183296,0.0089
131072,split_boundary_13,1,65,0.186368,0.0089
131072,split_boundary_13,1,66,0.182272,0.0092
131072,split_boundary_13,1,67,0.180224,0.0089
131072,split_boundary_13,1,68,0.181248,0.0092
131072,split_boundary_13,1,69,0.188416,0.0096
131072,split_boundary_13,1,70,0.182272,0.0091
131072,split_boundary_13,1,71,0.181248,0.0089
131072,split_boundary_13,1,72,0.188416,0.009
131072,split_boundary_13,1,73,0.181248,0.0093
131072,split_boundary_13,1,74,0.182272,0.009
131072,split_boundary_13,1,75,0.181248,0.009
131072,split_boundary_13,1,76,0.183296,0.0096
131072,split_boundary_13,1,77,0.185344,0.0094
131072,split_boundary_13,1,78,0.181248,0.0092
131072,split_boundary_13,1,79,0.182272,0.0098
131072,split_boundary_13,1,80,0.187392,0.0091
131072,split_boundary_13,1,81,0.187392,0.0091
131072,split_boundary_13,1,82,0.181248,0.0089
131072,split_boundary_13,1,83,0.181248,0.0089
131072,split_boundary_13,1,84,0.181248,0.0092
131072,split_boundary_13,1,85,0.181248,0.0093
131072,split_boundary_13,1,86,0.182272,0.009
131072,split_boundary_13,1,87,0.182272,0.0089
131072,split_boundary_13,1,88,0.181248,0.0091
131072,split_boundary_13,1,89,0.181248,0.009
131072,split_boundary_13,1,90,0.181248,0.0091
131072,split_boundary_13,1,91,0.182272,0.0091
131072,split_boundary_13,1,92,0.186368,0.009
131072,split_boundary_13,1,93,0.187392,0.0091
131072,split_boundary_13,1,94,0.180224,0.0089
131072,split_boundary_13,1,95,0.182272,0.0088
131072,split_boundary_13,1,96,0.181248,0.0097
131072,split_boundary_13,1,97,0.185344,0.0091
131072,split_boundary_13,1,98,0.180224,0.0094
131072,split_boundary_13,1,99,0.182272,0.0089
131072,split_boundary_13,1,100,0.181248,0.0091
131072,split_boundary_13,1,101,0.187392,0.0092
131072,split_boundary_13,1,102,0.181248,0.0091
131072,split_boundary_13,1,103,0.181248,0.0088
131072,split_boundary_13,1,104,0.187392,0.009
131072,split_boundary_13,1,105,0.182272,0.0297
131072,split_boundary_13,1,106,0.181248,0.0142
131072,split_boundary_13,1,107,0.181248,0.0096
131072,split_boundary_13,1,108,0.186368,0.0093
131072,split_boundary_13,1,109,0.188416,0.0091
131072,split_boundary_13,1,110,0.181248,0.0093
131072,split_boundary_13,1,111,0.181248,0.0116
131072,split_boundary_13,1,112,0.185344,0.0096
131072,split_boundary_13,1,113,0.187392,0.009
131072,split_boundary_13,1,114,0.182272,0.009
131072,split_boundary_13,1,115,0.182272,0.0092
131072,split_boundary_13,1,116,0.186368,0.009
131072,split_boundary_13,1,117,0.188416,0.0092
131072,split_boundary_13,1,118,0.181248,0.0093
131072,split_boundary_13,1,119,0.181248,0.0089
131072,split_boundary_13,2,0,0.18432,0.035
131072,split_boundary_13,2,1,0.181248,0.0112
131072,split_boundary_13,2,2,0.181248,0.0095
131072,split_boundary_13,2,3,0.181248,0.0243
131072,split_boundary_13,2,4,0.181248,0.0109
131072,split_boundary_13,2,5,0.181248,0.0097
131072,split_boundary_13,2,6,0.181248,0.009
131072,split_boundary_13,2,7,0.186368,0.0092
131072,split_boundary_13,2,8,0.18432,0.0091
131072,split_boundary_13,2,9,0.182272,0.009
131072,split_boundary_13,2,10,0.182272,0.0091
131072,split_boundary_13,2,11,0.181248,0.0089
131072,split_boundary_13,2,12,0.186368,0.0101
131072,split_boundary_13,2,13,0.181248,0.0092
131072,split_boundary_13,2,14,0.182272,0.0088
131072,split_boundary_13,2,15,0.188416,0.0089
131072,split_boundary_13,2,16,0.186368,0.0089
131072,split_boundary_13,2,17,0.181248,0.0091
131072,split_boundary_13,2,18,0.181248,0.0089
131072,split_boundary_13,2,19,0.181248,0.0093
131072,split_boundary_13,2,20,0.186368,0.0091
131072,split_boundary_13,2,21,0.182272,0.0089
131072,split_boundary_13,2,22,0.181248,0.0091
131072,split_boundary_13,2,23,0.181248,0.0114
131072,split_boundary_13,2,24,0.181248,0.0092
131072,split_boundary_13,2,25,0.181248,0.009
131072,split_boundary_13,2,26,0.182272,0.0089
131072,split_boundary_13,2,27,0.186368,0.0088
131072,split_boundary_13,2,28,0.181248,0.009
131072,split_boundary_13,2,29,0.180224,0.009
131072,split_boundary_13,2,30,0.181248,0.0091
131072,split_boundary_13,2,31,0.181248,0.0088
131072,split_boundary_13,2,32,0.188416,0.009
131072,split_boundary_13,2,33,0.180224,0.009
131072,split_boundary_13,2,34,0.181248,0.0089
131072,split_boundary_13,2,35,0.188416,0.009
131072,split_boundary_13,2,36,0.186368,0.0091
131072,split_boundary_13,2,37,0.181248,0.0091
131072,split_boundary_13,2,38,0.181248,0.0089
131072,split_boundary_13,2,39,0.182272,0.0087
131072,split_boundary_13,2,40,0.187392,0.0093
131072,split_boundary_13,2,41,0.181248,0.0091
131072,split_boundary_13,2,42,0.181248,0.0089
131072,split_boundary_13,2,43,0.182272,0.0089
131072,split_boundary_13,2,44,0.183296,0.009
131072,split_boundary_13,2,45,0.181248,0.0093
131072,split_boundary_13,2,46,0.181248,0.0089
131072,split_boundary_13,2,47,0.187392,0.0088
131072,split_boundary_13,2,48,0.182272,0.0089
131072,split_boundary_13,2,49,0.182272,0.0089
131072,split_boundary_13,2,50,0.182272,0.0088
131072,split_boundary_13,2,51,0.182272,0.0088
131072,split_boundary_13,2,52,0.188416,0.009
131072,split_boundary_13,2,53,0.182272,0.0089
131072,split_boundary_13,2,54,0.181248,0.0089
131072,split_boundary_13,2,55,0.181248,0.0088
131072,split_boundary_13,2,56,0.188416,0.009
131072,split_boundary_13,2,57,0.181248,0.009
131072,split_boundary_13,2,58,0.181248,0.0088
131072,split_boundary_13,2,59,0.187392,0.0089
131072,split_boundary_13,2,60,0.188416,0.011
131072,split_boundary_13,2,61,0.181248,0.009
131072,split_boundary_13,2,62,0.182272,0.0089
131072,split_boundary_13,2,63,0.181248,0.009
131072,split_boundary_13,2,64,0.182272,0.0092
131072,split_boundary_13,2,65,0.181248,0.009
131072,split_boundary_13,2,66,0.182272,0.0089
131072,split_boundary_13,2,67,0.182272,0.0093
131072,split_boundary_13,2,68,0.181248,0.0093
131072,split_boundary_13,2,69,0.182272,0.0094
131072,split_boundary_13,2,70,0.181248,0.009
131072,split_boundary_13,2,71,0.183296,0.0089
131072,split_boundary_13,2,72,0.18432,0.009
131072,split_boundary_13,2,73,0.181248,0.0089
131072,split_boundary_13,2,74,0.181248,0.0091
131072,split_boundary_13,2,75,0.186368,0.0091
131072,split_boundary_13,2,76,0.188416,0.009
131072,split_boundary_13,2,77,0.181248,0.009
131072,split_boundary_13,2,78,0.180224,0.0091
131072,split_boundary_13,2,79,0.180224,0.0088
131072,split_boundary_13,2,80,0.188416,0.009
131072,split_boundary_13,2,81,0.181248,0.009
131072,split_boundary_13,2,82,0.182272,0.0088
131072,split_boundary_13,2,83,0.181248,0.0088
131072,split_boundary_13,2,84,0.181248,0.009
131072,split_boundary_13,2,85,0.182272,0.0088
131072,split_boundary_13,2,86,0.182272,0.0088
131072,split_boundary_13,2,87,0.181248,0.009
131072,split_boundary_13,2,88,0.185344,0.009
131072,split_boundary_13,2,89,0.181248,0.0088
131072,split_boundary_13,2,90,0.182272,0.0088
131072,split_boundary_13,2,91,0.182272,0.0089
131072,split_boundary_13,2,92,0.185344,0.0089
131072,split_boundary_13,2,93,0.181248,0.009
131072,split_boundary_13,2,94,0.181248,0.0088
131072,split_boundary_13,2,95,0.181248,0.0087
131072,split_boundary_13,2,96,0.185344,0.009
131072,split_boundary_13,2,97,0.182272,0.0089
131072,split_boundary_13,2,98,0.181248,0.0088
131072,split_boundary_13,2,99,0.188416,0.0088
131072,split_boundary_13,2,100,0.188416,0.0089
131072,split_boundary_13,2,101,0.181248,0.0089
131072,split_boundary_13,2,102,0.182272,0.009
131072,split_boundary_13,2,103,0.180224,0.0087
131072,split_boundary_13,2,104,0.186368,0.0095
131072,split_boundary_13,2,105,0.180224,0.009
131072,split_boundary_13,2,106,0.181248,0.0095
131072,split_boundary_13,2,107,0.181248,0.0089
131072,split_boundary_13,2,108,0.182272,0.0094
131072,split_boundary_13,2,109,0.180224,0.0111
131072,split_boundary_13,2,110,0.181248,0.0091
131072,split_boundary_13,2,111,0.181248,0.0086
131072,split_boundary_13,2,112,0.182272,0.009
131072,split_boundary_13,2,113,0.181248,0.0091
131072,split_boundary_13,2,114,0.181248,0.0088
131072,split_boundary_13,2,115,0.183296,0.0088
131072,split_boundary_13,2,116,0.187392,0.0093
131072,split_boundary_13,2,117,0.181248,0.009
131072,split_boundary_13,2,118,0.181248,0.0088
131072,split_boundary_13,2,119,0.181248,0.009
