count,scenario,repeat,sample,prepare_ms,submit_ms,gpu_ms
10000,sample_publish_motion,1,0,0.0139,0.0041,0.098304
10000,sample_publish_motion,1,1,0.0155,0.003,0.114688
10000,sample_publish_motion,1,2,0.014,0.0031,0.111616
10000,sample_publish_motion,1,3,0.014,0.003,0.101376
10000,sample_publish_motion,1,4,0.014,0.003,0.104448
10000,sample_publish_motion,1,5,0.014,0.0046,0.103424
10000,sample_publish_motion,1,6,0.014,0.003,0.10752
10000,sample_publish_motion,1,7,0.0139,0.003,0.104448
10000,sample_publish_motion,1,8,0.0137,0.003,0.106496
10000,sample_publish_motion,1,9,0.0139,0.0031,0.101376
10000,sample_publish_motion,1,10,0.0139,0.003,0.103424
10000,sample_publish_motion,1,11,0.0139,0.003,0.101376
10000,sample_publish_motion,1,12,0.014,0.0031,0.111616
10000,sample_publish_motion,1,13,0.0138,0.0049,0.106496
10000,sample_publish_motion,1,14,0.0138,0.003,0.1024
10000,sample_publish_motion,1,15,0.0139,0.003,0.100352
10000,sample_publish_motion,1,16,0.0139,0.003,0.106496
10000,sample_publish_motion,1,17,0.0139,0.003,0.1024
10000,sample_publish_motion,1,18,0.0139,0.003,0.106496
10000,sample_publish_motion,1,19,0.0138,0.0045,0.114688
10000,sample_publish_motion,1,20,0.02,0.0031,0.105472
10000,sample_publish_motion,1,21,0.014,0.003,0.123904
10000,sample_publish_motion,1,22,0.0138,0.003,0.099328
10000,sample_publish_motion,1,23,0.014,0.003,0.109568
10000,sample_publish_motion,1,24,0.0139,0.003,0.100352
10000,sample_publish_motion,1,25,0.0139,0.0046,0.104448
10000,sample_publish_motion,1,26,0.0139,0.0029,0.111616
10000,sample_publish_motion,1,27,0.0137,0.003,0.098304
10000,sample_publish_motion,1,28,0.014,0.0038,0.110592
10000,sample_publish_motion,1,29,0.0142,0.003,0.10752
10000,sample_publish_motion,1,30,0.0138,0.003,0.106496
10000,sample_publish_motion,1,31,0.0139,0.003,0.103424
10000,sample_publish_motion,1,32,0.0139,0.003,0.10752
10000,sample_publish_motion,1,33,0.0139,0.003,0.100352
10000,sample_publish_motion,1,34,0.0138,0.003,0.098304
10000,sample_publish_motion,1,35,0.0139,0.003,0.101376
10000,sample_publish_motion,1,36,0.0139,0.0033,0.106496
10000,sample_publish_motion,1,37,0.0139,0.003,0.111616
10000,sample_publish_motion,1,38,0.0207,0.0031,0.111616
10000,sample_publish_motion,1,39,0.0138,0.003,0.109568
10000,sample_publish_motion,1,40,0.0138,0.003,0.099328
10000,sample_publish_motion,1,41,0.0138,0.003,0.115712
10000,sample_publish_motion,1,42,0.0249,0.007,0.099328
10000,sample_publish_motion,1,43,0.0137,0.003,0.101376
10000,sample_publish_motion,1,44,0.0139,0.003,0.1024
10000,sample_publish_motion,1,45,0.0137,0.003,0.099328
10000,sample_publish_motion,1,46,0.0139,0.003,0.098304
10000,sample_publish_motion,1,47,0.0139,0.003,0.109568
10000,sample_publish_motion,1,48,0.0138,0.0045,0.105472
10000,sample_publish_motion,1,49,0.0139,0.0029,0.101376
10000,sample_publish_motion,1,50,0.0139,0.0033,0.106496
10000,sample_publish_motion,1,51,0.0204,0.0033,0.110592
10000,sample_publish_motion,1,52,0.0137,0.0035,0.105472
10000,sample_publish_motion,1,53,0.015,0.0031,0.103424
10000,sample_publish_motion,1,54,0.0137,0.0048,0.119808
10000,sample_publish_motion,1,55,0.0139,0.003,0.100352
10000,sample_publish_motion,1,56,0.0139,0.0031,0.103424
10000,sample_publish_motion,1,57,0.0179,0.0034,0.108544
10000,sample_publish_motion,1,58,0.0137,0.003,0.099328
10000,sample_publish_motion,1,59,0.0138,0.003,0.103424
10000,sample_publish_motion,1,60,0.0138,0.003,0.098304
10000,sample_publish_motion,1,61,0.0137,0.003,0.099328
10000,sample_publish_motion,1,62,0.0138,0.003,0.1024
10000,sample_publish_motion,1,63,0.0138,0.003,0.1024
10000,sample_publish_motion,1,64,0.0137,0.0033,0.09728
10000,sample_publish_motion,1,65,0.0138,0.003,0.09728
10000,sample_publish_motion,1,66,0.0138,0.003,0.105472
10000,sample_publish_motion,1,67,0.0138,0.0037,0.11264
10000,sample_publish_motion,1,68,0.0137,0.0029,0.1024
10000,sample_publish_motion,1,69,0.0139,0.003,0.108544
10000,sample_publish_motion,1,70,0.0163,0.003,0.10752
10000,sample_publish_motion,1,71,0.0138,0.003,0.101376
10000,sample_publish_motion,1,72,0.0138,0.0031,0.105472
10000,sample_publish_motion,1,73,0.0139,0.0049,0.1024
10000,sample_publish_motion,1,74,0.0139,0.0031,0.105472
10000,sample_publish_motion,1,75,0.0138,0.0029,0.100352
10000,sample_publish_motion,1,76,0.0137,0.003,0.106496
10000,sample_publish_motion,1,77,0.0138,0.0046,0.108544
10000,sample_publish_motion,1,78,0.0138,0.003,0.108544
10000,sample_publish_motion,1,79,0.0139,0.003,0.100352
10000,sample_publish_motion,1,80,0.0138,0.0033,0.106496
10000,sample_publish_motion,1,81,0.0137,0.0032,0.098304
10000,sample_publish_motion,1,82,0.0137,0.003,0.109568
10000,sample_publish_motion,1,83,0.0139,0.0045,0.105472
10000,sample_publish_motion,1,84,0.0198,0.003,0.103424
10000,sample_publish_motion,1,85,0.014,0.003,0.100352
10000,sample_publish_motion,1,86,0.0139,0.0034,0.103424
10000,sample_publish_motion,1,87,0.014,0.0034,0.109568
10000,sample_publish_motion,1,88,0.0227,0.003,0.1024
10000,sample_publish_motion,1,89,0.0139,0.0046,0.104448
10000,sample_publish_motion,1,90,0.015,0.0035,0.12288
10000,sample_publish_motion,1,91,0.0138,0.003,0.113664
10000,sample_publish_motion,1,92,0.0152,0.0032,0.108544
10000,sample_publish_motion,1,93,0.0138,0.003,0.105472
10000,sample_publish_motion,1,94,0.014,0.003,0.108544
10000,sample_publish_motion,1,95,0.0163,0.0033,0.106496
10000,sample_publish_motion,1,96,0.0147,0.0032,0.105472
10000,sample_publish_motion,1,97,0.0146,0.0031,0.105472
10000,sample_publish_motion,1,98,0.0176,0.003,0.11264
10000,sample_publish_motion,1,99,0.0187,0.0035,0.104448
10000,sample_publish_motion,1,100,0.0161,0.0032,0.120832
10000,sample_publish_motion,1,101,0.0201,0.0032,0.113664
10000,sample_publish_motion,1,102,0.0224,0.0042,0.114688
10000,sample_publish_motion,1,103,0.0223,0.0031,0.104448
10000,sample_publish_motion,1,104,0.0145,0.003,0.11264
10000,sample_publish_motion,1,105,0.0141,0.0031,0.113664
10000,sample_publish_motion,1,106,0.0143,0.0048,0.111616
10000,sample_publish_motion,1,107,0.0143,0.0031,0.108544
10000,sample_publish_motion,1,108,0.0145,0.0031,0.105472
10000,sample_publish_motion,1,109,0.0145,0.0032,0.111616
10000,sample_publish_motion,1,110,0.0146,0.0036,0.106496
10000,sample_publish_motion,1,111,0.0156,0.0033,0.105472
10000,sample_publish_motion,1,112,0.0145,0.0032,0.110592
10000,sample_publish_motion,1,113,0.0146,0.0035,0.106496
10000,sample_publish_motion,1,114,0.0167,0.0032,0.110592
10000,sample_publish_motion,1,115,0.0192,0.0033,0.11264
10000,sample_publish_motion,1,116,0.0144,0.0031,0.111616
10000,sample_publish_motion,1,117,0.0144,0.0032,0.114688
10000,sample_publish_motion,1,118,0.0143,0.0035,0.111616
10000,sample_publish_motion,1,119,0.0142,0.0036,0.120832
10000,sample_publish_motion,2,0,0.1469,0.0052,0.137216
10000,sample_publish_motion,2,1,0.1383,0.0049,0.125952
10000,sample_publish_motion,2,2,0.1181,0.003,0.135168
10000,sample_publish_motion,2,3,0.0156,0.0031,0.123904
10000,sample_publish_motion,2,4,0.0155,0.0031,0.115712
10000,sample_publish_motion,2,5,0.0156,0.0044,0.111616
10000,sample_publish_motion,2,6,0.1187,0.0047,0.115712
10000,sample_publish_motion,2,7,0.1341,0.0032,0.11264
10000,sample_publish_motion,2,8,0.0157,0.0031,0.115712
10000,sample_publish_motion,2,9,0.0157,0.0031,0.11264
10000,sample_publish_motion,2,10,0.0155,0.003,0.113664
10000,sample_publish_motion,2,11,0.0156,0.0057,0.128
10000,sample_publish_motion,2,12,0.1466,0.003,0.119808
10000,sample_publish_motion,2,13,0.1145,0.0038,0.11264
10000,sample_publish_motion,2,14,0.0156,0.004,0.110592
10000,sample_publish_motion,2,15,0.1158,0.0029,0.110592
10000,sample_publish_motion,2,16,0.0153,0.0048,0.125952
10000,sample_publish_motion,2,17,0.1353,0.0031,0.110592
10000,sample_publish_motion,2,18,0.0157,0.0031,0.111616
10000,sample_publish_motion,2,19,0.0156,0.0041,0.120832
10000,sample_publish_motion,2,20,0.1131,0.0048,0.11776
10000,sample_publish_motion,2,21,0.1217,0.0032,0.114688
10000,sample_publish_motion,2,22,0.0157,0.0032,0.113664
10000,sample_publish_motion,2,23,0.1181,0.0041,0.113664
10000,sample_publish_motion,2,24,0.0154,0.0029,0.11776
10000,sample_publish_motion,2,25,0.0156,0.0049,0.115712
10000,sample_publish_motion,2,26,0.1189,0.0045,0.11776
10000,sample_publish_motion,2,27,0.0157,0.0039,0.11264
10000,sample_publish_motion,2,28,0.0157,0.0031,0.114688
10000,sample_publish_motion,2,29,0.0156,0.0032,0.11264
10000,sample_publish_motion,2,30,0.0155,0.0031,0.113664
10000,sample_publish_motion,2,31,0.0157,0.0031,0.115712
10000,sample_publish_motion,2,32,0.0154,0.003,0.111616
10000,sample_publish_motion,2,33,0.0157,0.0031,0.116736
10000,sample_publish_motion,2,34,0.0157,0.003,0.113664
10000,sample_publish_motion,2,35,0.0157,0.0031,0.114688
10000,sample_publish_motion,2,36,0.0156,0.003,0.115712
10000,sample_publish_motion,2,37,0.0157,0.0031,0.113664
10000,sample_publish_motion,2,38,0.0157,0.0039,0.11264
10000,sample_publish_motion,2,39,0.1092,0.003,0.116736
10000,sample_publish_motion,2,40,0.0155,0.005,0.114688
10000,sample_publish_motion,2,41,0.1263,0.0033,0.11776
10000,sample_publish_motion,2,42,0.0156,0.0031,0.114688
10000,sample_publish_motion,2,43,0.0156,0.0032,0.115712
10000,sample_publish_motion,2,44,0.0157,0.0031,0.124928
10000,sample_publish_motion,2,45,0.0157,0.0031,0.109568
10000,sample_publish_motion,2,46,0.0157,0.004,0.11264
10000,sample_publish_motion,2,47,0.1059,0.0049,0.11264
10000,sample_publish_motion,2,48,0.1143,0.0031,0.110592
10000,sample_publish_motion,2,49,0.0158,0.003,0.11264
10000,sample_publish_motion,2,50,0.0156,0.0038,0.111616
10000,sample_publish_motion,2,51,0.1044,0.0031,0.109568
10000,sample_publish_motion,2,52,0.0153,0.0046,0.111616
10000,sample_publish_motion,2,53,0.1356,0.0032,0.11264
10000,sample_publish_motion,2,54,0.0158,0.0031,0.111616
10000,sample_publish_motion,2,55,0.0155,0.003,0.114688
10000,sample_publish_motion,2,56,0.0156,0.0031,0.113664
10000,sample_publish_motion,2,57,0.0157,0.0031,0.124928
10000,sample_publish_motion,2,58,0.0156,0.004,0.114688
10000,sample_publish_motion,2,59,0.1161,0.0033,0.128
10000,sample_publish_motion,2,60,0.0155,0.0048,0.11264
10000,sample_publish_motion,2,61,0.1408,0.0031,0.11264
10000,sample_publish_motion,2,62,0.0157,0.0031,0.116736
10000,sample_publish_motion,2,63,0.0159,0.0046,0.115712
10000,sample_publish_motion,2,64,0.1106,0.0061,0.115712
10000,sample_publish_motion,2,65,0.1298,0.0031,0.11264
10000,sample_publish_motion,2,66,0.0156,0.003,0.111616
10000,sample_publish_motion,2,67,0.0158,0.0031,0.11776
10000,sample_publish_motion,2,68,0.0158,0.0031,0.11264
10000,sample_publish_motion,2,69,0.0158,0.0031,0.121856
10000,sample_publish_motion,2,70,0.0156,0.0049,0.110592
10000,sample_publish_motion,2,71,0.1222,0.003,0.110592
10000,sample_publish_motion,2,72,0.0157,0.0047,0.11264
10000,sample_publish_motion,2,73,0.1151,0.003,0.109568
10000,sample_publish_motion,2,74,0.121,0.0041,0.123904
10000,sample_publish_motion,2,75,0.1152,0.0043,0.106496
10000,sample_publish_motion,2,76,0.1671,0.0039,0.120832
10000,sample_publish_motion,2,77,0.0155,0.0029,0.110592
10000,sample_publish_motion,2,78,0.0156,0.005,0.10752
10000,sample_publish_motion,2,79,0.0154,0.0038,0.116736
10000,sample_publish_motion,2,80,0.0158,0.003,0.108544
10000,sample_publish_motion,2,81,0.0156,0.0052,0.109568
10000,sample_publish_motion,2,82,0.0154,0.0038,0.118784
10000,sample_publish_motion,2,83,0.1142,0.0042,0.10752
10000,sample_publish_motion,2,84,0.1386,0.0039,0.123904
10000,sample_publish_motion,2,85,0.0157,0.0048,0.110592
10000,sample_publish_motion,2,86,0.0154,0.004,0.10752
10000,sample_publish_motion,2,87,0.0154,0.0041,0.116736
10000,sample_publish_motion,2,88,0.0157,0.0029,0.116736
10000,sample_publish_motion,2,89,0.0155,0.0047,0.113664
10000,sample_publish_motion,2,90,0.116,0.0031,0.119808
10000,sample_publish_motion,2,91,0.0157,0.0031,0.114688
10000,sample_publish_motion,2,92,0.0159,0.0042,0.116736
10000,sample_publish_motion,2,93,0.1329,0.0049,0.106496
10000,sample_publish_motion,2,94,0.0156,0.0039,0.113664
10000,sample_publish_motion,2,95,0.1151,0.0031,0.111616
10000,sample_publish_motion,2,96,0.0158,0.0031,0.10752
10000,sample_publish_motion,2,97,0.1237,0.0039,0.111616
10000,sample_publish_motion,2,98,0.0155,0.0049,0.115712
10000,sample_publish_motion,2,99,0.0154,0.0038,0.11776
10000,sample_publish_motion,2,100,0.1224,0.0041,0.120832
10000,sample_publish_motion,2,101,0.1223,0.0042,0.109568
10000,sample_publish_motion,2,102,0.0154,0.0049,0.103424
10000,sample_publish_motion,2,103,0.0154,0.0039,0.11776
10000,sample_publish_motion,2,104,0.0154,0.0042,0.115712
10000,sample_publish_motion,2,105,0.0154,0.0031,0.110592
10000,sample_publish_motion,2,106,0.0155,0.0046,0.116736
10000,sample_publish_motion,2,107,0.1213,0.0033,0.110592
10000,sample_publish_motion,2,108,0.1188,0.0038,0.121856
10000,sample_publish_motion,2,109,0.0154,0.003,0.12288
10000,sample_publish_motion,2,110,0.0155,0.0053,0.104448
10000,sample_publish_motion,2,111,0.0155,0.0041,0.11264
10000,sample_publish_motion,2,112,0.1225,0.0032,0.103424
10000,sample_publish_motion,2,113,0.1325,0.0038,0.116736
10000,sample_publish_motion,2,114,0.0166,0.003,0.118784
10000,sample_publish_motion,2,115,0.0154,0.0052,0.101376
10000,sample_publish_motion,2,116,0.1166,0.0031,0.11264
10000,sample_publish_motion,2,117,0.0162,0.003,0.108544
10000,sample_publish_motion,2,118,0.1346,0.0038,0.111616
10000,sample_publish_motion,2,119,0.0153,0.005,0.106496
10000,sample_publish_motion,3,0,0.0141,0.0027,0.100352
10000,sample_publish_motion,3,1,0.014,0.0026,0.115712
10000,sample_publish_motion,3,2,0.014,0.0027,0.100352
10000,sample_publish_motion,3,3,0.0139,0.0027,0.110592
10000,sample_publish_motion,3,4,0.0139,0.0027,0.099328
10000,sample_publish_motion,3,5,0.0139,0.0029,0.119808
10000,sample_publish_motion,3,6,0.0142,0.0026,0.118784
10000,sample_publish_motion,3,7,0.0166,0.0028,0.115712
10000,sample_publish_motion,3,8,0.0155,0.0028,0.123904
10000,sample_publish_motion,3,9,0.014,0.0026,0.110592
10000,sample_publish_motion,3,10,0.0141,0.0026,0.103424
10000,sample_publish_motion,3,11,0.0142,0.0026,0.10752
10000,sample_publish_motion,3,12,0.0142,0.0027,0.11264
10000,sample_publish_motion,3,13,0.0142,0.0027,0.100352
10000,sample_publish_motion,3,14,0.014,0.0027,0.108544
10000,sample_publish_motion,3,15,0.014,0.0027,0.11776
10000,sample_publish_motion,3,16,0.0145,0.003,0.11776
10000,sample_publish_motion,3,17,0.0142,0.0027,0.1024
10000,sample_publish_motion,3,18,0.0142,0.0027,0.10752
10000,sample_publish_motion,3,19,0.0141,0.0027,0.10752
10000,sample_publish_motion,3,20,0.0141,0.0027,0.10752
10000,sample_publish_motion,3,21,0.0142,0.0027,0.101376
10000,sample_publish_motion,3,22,0.0141,0.0026,0.099328
10000,sample_publish_motion,3,23,0.0142,0.0027,0.100352
10000,sample_publish_motion,3,24,0.0141,0.0027,0.1024
10000,sample_publish_motion,3,25,0.0141,0.0027,0.099328
10000,sample_publish_motion,3,26,0.0141,0.0029,0.111616
10000,sample_publish_motion,3,27,0.0141,0.0026,0.109568
10000,sample_publish_motion,3,28,0.0141,0.0027,0.1024
10000,sample_publish_motion,3,29,0.0141,0.0026,0.099328
10000,sample_publish_motion,3,30,0.014,0.0026,0.101376
10000,sample_publish_motion,3,31,0.0141,0.0028,0.109568
10000,sample_publish_motion,3,32,0.0141,0.0026,0.100352
10000,sample_publish_motion,3,33,0.0141,0.0027,0.103424
10000,sample_publish_motion,3,34,0.014,0.0027,0.108544
10000,sample_publish_motion,3,35,0.0141,0.0026,0.10752
10000,sample_publish_motion,3,36,0.0142,0.0029,0.104448
10000,sample_publish_motion,3,37,0.0142,0.0027,0.099328
10000,sample_publish_motion,3,38,0.0141,0.0026,0.099328
10000,sample_publish_motion,3,39,0.0141,0.0026,0.101376
10000,sample_publish_motion,3,40,0.0141,0.0027,0.099328
10000,sample_publish_motion,3,41,0.014,0.0027,0.106496
10000,sample_publish_motion,3,42,0.0141,0.0027,0.101376
10000,sample_publish_motion,3,43,0.0141,0.0028,0.10752
10000,sample_publish_motion,3,44,0.0142,0.0026,0.099328
10000,sample_publish_motion,3,45,0.0141,0.0027,0.103424
10000,sample_publish_motion,3,46,0.0142,0.0026,0.10752
10000,sample_publish_motion,3,47,0.0142,0.0026,0.108544
10000,sample_publish_motion,3,48,0.0141,0.0027,0.1024
10000,sample_publish_motion,3,49,0.0141,0.0027,0.099328
10000,sample_publish_motion,3,50,0.0141,0.0029,0.10752
10000,sample_publish_motion,3,51,0.0143,0.0027,0.108544
10000,sample_publish_motion,3,52,0.0141,0.0027,0.100352
10000,sample_publish_motion,3,53,0.0142,0.0027,0.105472
10000,sample_publish_motion,3,54,0.0142,0.0026,0.1024
10000,sample_publish_motion,3,55,0.0142,0.0029,0.099328
10000,sample_publish_motion,3,56,0.0141,0.0029,0.099328
10000,sample_publish_motion,3,57,0.0141,0.0027,0.103424
10000,sample_publish_motion,3,58,0.0141,0.0027,0.12288
10000,sample_publish_motion,3,59,0.017,0.0027,0.116736
10000,sample_publish_motion,3,60,0.0186,0.0029,0.111616
10000,sample_publish_motion,3,61,0.0142,0.0027,0.106496
10000,sample_publish_motion,3,62,0.0142,0.0027,0.106496
10000,sample_publish_motion,3,63,0.0143,0.003,0.111616
10000,sample_publish_motion,3,64,0.0141,0.0027,0.109568
10000,sample_publish_motion,3,65,0.0141,0.0029,0.114688
10000,sample_publish_motion,3,66,0.0142,0.003,0.113664
10000,sample_publish_motion,3,67,0.0198,0.0029,0.115712
10000,sample_publish_motion,3,68,0.0152,0.0031,0.105472
10000,sample_publish_motion,3,69,0.0143,0.0032,0.114688
10000,sample_publish_motion,3,70,0.0164,0.0027,0.10752
10000,sample_publish_motion,3,71,0.0143,0.0038,0.10752
10000,sample_publish_motion,3,72,0.0143,0.0027,0.105472
10000,sample_publish_motion,3,73,0.0142,0.0027,0.100352
10000,sample_publish_motion,3,74,0.0143,0.0027,0.101376
10000,sample_publish_motion,3,75,0.0142,0.0027,0.101376
10000,sample_publish_motion,3,76,0.0143,0.0027,0.115712
10000,sample_publish_motion,3,77,0.0142,0.0028,0.099328
10000,sample_publish_motion,3,78,0.0143,0.0027,0.101376
10000,sample_publish_motion,3,79,0.0142,0.0027,0.106496
10000,sample_publish_motion,3,80,0.0142,0.0027,0.099328
10000,sample_publish_motion,3,81,0.0142,0.0027,0.110592
10000,sample_publish_motion,3,82,0.0142,0.0027,0.099328
10000,sample_publish_motion,3,83,0.0141,0.0027,0.10752
10000,sample_publish_motion,3,84,0.0142,0.0027,0.109568
10000,sample_publish_motion,3,85,0.0143,0.0029,0.106496
10000,sample_publish_motion,3,86,0.0142,0.0027,0.101376
10000,sample_publish_motion,3,87,0.0143,0.0027,0.111616
10000,sample_publish_motion,3,88,0.0142,0.0027,0.100352
10000,sample_publish_motion,3,89,0.0141,0.0028,0.099328
10000,sample_publish_motion,3,90,0.0142,0.0027,0.101376
10000,sample_publish_motion,3,91,0.0142,0.0027,0.11264
10000,sample_publish_motion,3,92,0.0142,0.0027,0.106496
10000,sample_publish_motion,3,93,0.0142,0.0027,0.110592
10000,sample_publish_motion,3,94,0.0141,0.0027,0.100352
10000,sample_publish_motion,3,95,0.0142,0.0027,0.099328
10000,sample_publish_motion,3,96,0.0141,0.0027,0.106496
10000,sample_publish_motion,3,97,0.0142,0.0027,0.10752
10000,sample_publish_motion,3,98,0.0142,0.0027,0.111616
10000,sample_publish_motion,3,99,0.0142,0.0027,0.101376
10000,sample_publish_motion,3,100,0.0143,0.0027,0.100352
10000,sample_publish_motion,3,101,0.0142,0.0027,0.100352
10000,sample_publish_motion,3,102,0.0142,0.0027,0.101376
10000,sample_publish_motion,3,103,0.0141,0.0027,0.099328
10000,sample_publish_motion,3,104,0.0142,0.0027,0.108544
10000,sample_publish_motion,3,105,0.0142,0.0027,0.108544
10000,sample_publish_motion,3,106,0.0141,0.0027,0.108544
10000,sample_publish_motion,3,107,0.0143,0.0027,0.1024
10000,sample_publish_motion,3,108,0.0142,0.0027,0.101376
10000,sample_publish_motion,3,109,0.0142,0.0027,0.099328
10000,sample_publish_motion,3,110,0.0142,0.0027,0.106496
10000,sample_publish_motion,3,111,0.0141,0.0027,0.101376
10000,sample_publish_motion,3,112,0.014,0.0026,0.105472
10000,sample_publish_motion,3,113,0.0141,0.0027,0.099328
10000,sample_publish_motion,3,114,0.0141,0.0028,0.1024
10000,sample_publish_motion,3,115,0.0142,0.0028,0.099328
10000,sample_publish_motion,3,116,0.0142,0.0027,0.109568
10000,sample_publish_motion,3,117,0.014,0.0027,0.101376
10000,sample_publish_motion,3,118,0.0142,0.0026,0.11264
10000,sample_publish_motion,3,119,0.0142,0.0027,0.099328
10000,delta_sample_publish_motion,1,0,0.0141,0.1309,0.257024
10000,delta_sample_publish_motion,1,1,0.0141,0.1364,0.270336
10000,delta_sample_publish_motion,1,2,0.0141,0.1608,0.257024
10000,delta_sample_publish_motion,1,3,0.0141,0.1627,0.260096
10000,delta_sample_publish_motion,1,4,0.0141,0.1502,0.264192
10000,delta_sample_publish_motion,1,5,0.0141,0.1758,0.262144
10000,delta_sample_publish_motion,1,6,0.0141,0.1518,0.262144
10000,delta_sample_publish_motion,1,7,0.0141,0.1553,0.268288
10000,delta_sample_publish_motion,1,8,0.0141,0.1334,0.258048
10000,delta_sample_publish_motion,1,9,0.0141,0.1245,0.263168
10000,delta_sample_publish_motion,1,10,0.014,0.1357,0.274432
10000,delta_sample_publish_motion,1,11,0.014,0.1375,0.263168
10000,delta_sample_publish_motion,1,12,0.0139,0.1316,0.262144
10000,delta_sample_publish_motion,1,13,0.014,0.1423,0.260096
10000,delta_sample_publish_motion,1,14,0.014,0.1214,0.263168
10000,delta_sample_publish_motion,1,15,0.0142,0.1343,0.262144
10000,delta_sample_publish_motion,1,16,0.014,0.1567,0.260096
10000,delta_sample_publish_motion,1,17,0.0139,0.1389,0.263168
10000,delta_sample_publish_motion,1,18,0.0142,0.1681,0.265216
10000,delta_sample_publish_motion,1,19,0.0141,0.1697,0.262144
10000,delta_sample_publish_motion,1,20,0.0141,0.1451,0.262144
10000,delta_sample_publish_motion,1,21,0.014,0.1493,0.262144
10000,delta_sample_publish_motion,1,22,0.014,0.1386,0.26112
10000,delta_sample_publish_motion,1,23,0.014,0.1384,0.263168
10000,delta_sample_publish_motion,1,24,0.0141,0.1283,0.270336
10000,delta_sample_publish_motion,1,25,0.014,0.1346,0.262144
10000,delta_sample_publish_motion,1,26,0.014,0.1298,0.262144
10000,delta_sample_publish_motion,1,27,0.0141,0.1299,0.26112
10000,delta_sample_publish_motion,1,28,0.014,0.1404,0.26624
10000,delta_sample_publish_motion,1,29,0.0141,0.1385,0.262144
10000,delta_sample_publish_motion,1,30,0.0139,0.1652,0.262144
10000,delta_sample_publish_motion,1,31,0.0141,0.1558,0.259072
10000,delta_sample_publish_motion,1,32,0.0141,0.1506,0.262144
10000,delta_sample_publish_motion,1,33,0.0141,0.1593,0.260096
10000,delta_sample_publish_motion,1,34,0.0141,0.1461,0.26112
10000,delta_sample_publish_motion,1,35,0.014,0.1494,0.26112
10000,delta_sample_publish_motion,1,36,0.014,0.1369,0.26112
10000,delta_sample_publish_motion,1,37,0.014,0.1476,0.27648
10000,delta_sample_publish_motion,1,38,0.0139,0.1366,0.265216
10000,delta_sample_publish_motion,1,39,0.0141,0.1337,0.26112
10000,delta_sample_publish_motion,1,40,0.014,0.1284,0.262144
10000,delta_sample_publish_motion,1,41,0.0141,0.137,0.262144
10000,delta_sample_publish_motion,1,42,0.0139,0.1322,0.260096
10000,delta_sample_publish_motion,1,43,0.014,0.1421,0.26112
10000,delta_sample_publish_motion,1,44,0.014,0.1359,0.264192
10000,delta_sample_publish_motion,1,45,0.0141,0.1524,0.26112
10000,delta_sample_publish_motion,1,46,0.014,0.1662,0.263168
10000,delta_sample_publish_motion,1,47,0.0139,0.1466,0.264192
10000,delta_sample_publish_motion,1,48,0.014,0.1651,0.262144
10000,delta_sample_publish_motion,1,49,0.014,0.1494,0.26112
10000,delta_sample_publish_motion,1,50,0.014,0.1357,0.262144
10000,delta_sample_publish_motion,1,51,0.014,0.1431,0.26112
10000,delta_sample_publish_motion,1,52,0.0139,0.1375,0.262144
10000,delta_sample_publish_motion,1,53,0.014,0.1323,0.262144
10000,delta_sample_publish_motion,1,54,0.014,0.1346,0.275456
10000,delta_sample_publish_motion,1,55,0.014,0.1286,0.263168
10000,delta_sample_publish_motion,1,56,0.0141,0.1305,0.265216
10000,delta_sample_publish_motion,1,57,0.014,0.1413,0.263168
10000,delta_sample_publish_motion,1,58,0.014,0.157,0.26112
10000,delta_sample_publish_motion,1,59,0.0138,0.1515,0.26112
10000,delta_sample_publish_motion,1,60,0.014,0.1484,0.260096
10000,delta_sample_publish_motion,1,61,0.0141,0.1652,0.26112
10000,delta_sample_publish_motion,1,62,0.0141,0.1573,0.262144
10000,delta_sample_publish_motion,1,63,0.014,0.1468,0.262144
10000,delta_sample_publish_motion,1,64,0.0141,0.154,0.26112
10000,delta_sample_publish_motion,1,65,0.014,0.1422,0.26624
10000,delta_sample_publish_motion,1,66,0.0141,0.1385,0.262144
10000,delta_sample_publish_motion,1,67,0.014,0.1413,0.26112
10000,delta_sample_publish_motion,1,68,0.0139,0.1217,0.262144
10000,delta_sample_publish_motion,1,69,0.0139,0.1179,0.262144
10000,delta_sample_publish_motion,1,70,0.014,0.1448,0.270336
10000,delta_sample_publish_motion,1,71,0.014,0.1531,0.262144
10000,delta_sample_publish_motion,1,72,0.0141,0.1512,0.260096
10000,delta_sample_publish_motion,1,73,0.0141,0.1471,0.26112
10000,delta_sample_publish_motion,1,74,0.0141,0.144,0.275456
10000,delta_sample_publish_motion,1,75,0.014,0.1432,0.25088
10000,delta_sample_publish_motion,1,76,0.0141,0.1504,0.262144
10000,delta_sample_publish_motion,1,77,0.014,0.1713,0.26112
10000,delta_sample_publish_motion,1,78,0.014,0.1341,0.262144
10000,delta_sample_publish_motion,1,79,0.0255,0.1714,0.238592
10000,delta_sample_publish_motion,1,80,0.0141,0.1437,0.242688
10000,delta_sample_publish_motion,1,81,0.0275,0.1297,0.26624
10000,delta_sample_publish_motion,1,82,0.0174,0.1697,0.262144
10000,delta_sample_publish_motion,1,83,0.0174,0.1429,2.122752
10000,delta_sample_publish_motion,1,84,0.0269,0.1785,0.270336
10000,delta_sample_publish_motion,1,85,0.0139,0.1515,0.263168
10000,delta_sample_publish_motion,1,86,0.014,0.1676,0.263168
10000,delta_sample_publish_motion,1,87,0.0141,0.1557,0.262144
10000,delta_sample_publish_motion,1,88,0.0139,0.1478,0.26112
10000,delta_sample_publish_motion,1,89,0.014,0.1406,0.267264
10000,delta_sample_publish_motion,1,90,0.014,0.1434,0.258048
10000,delta_sample_publish_motion,1,91,0.014,0.144,0.265216
10000,delta_sample_publish_motion,1,92,0.0141,0.1458,0.264192
10000,delta_sample_publish_motion,1,93,0.014,0.1475,0.257024
10000,delta_sample_publish_motion,1,94,0.014,0.1397,0.26112
10000,delta_sample_publish_motion,1,95,0.014,0.1364,0.262144
10000,delta_sample_publish_motion,1,96,0.0141,0.138,0.26112
10000,delta_sample_publish_motion,1,97,0.014,0.1555,0.26112
10000,delta_sample_publish_motion,1,98,0.014,0.1404,0.270336
10000,delta_sample_publish_motion,1,99,0.014,0.1544,0.257024
10000,delta_sample_publish_motion,1,100,0.0141,0.1791,0.27136
10000,delta_sample_publish_motion,1,101,0.014,0.1363,0.258048
10000,delta_sample_publish_motion,1,102,0.014,0.1455,0.264192
10000,delta_sample_publish_motion,1,103,0.014,0.144,0.26112
10000,delta_sample_publish_motion,1,104,0.014,0.133,0.262144
10000,delta_sample_publish_motion,1,105,0.014,0.1381,0.262144
10000,delta_sample_publish_motion,1,106,0.014,0.1413,0.262144
10000,delta_sample_publish_motion,1,107,0.0141,0.1342,0.26624
10000,delta_sample_publish_motion,1,108,0.014,0.12,0.262144
10000,delta_sample_publish_motion,1,109,0.0141,0.1307,0.262144
10000,delta_sample_publish_motion,1,110,0.014,0.1523,0.263168
10000,delta_sample_publish_motion,1,111,0.014,0.133,0.26112
10000,delta_sample_publish_motion,1,112,0.014,0.1576,0.251904
10000,delta_sample_publish_motion,1,113,0.0141,0.1513,0.200704
10000,delta_sample_publish_motion,1,114,0.014,0.1636,0.19456
10000,delta_sample_publish_motion,1,115,0.014,0.1404,0.177152
10000,delta_sample_publish_motion,1,116,0.0217,0.1492,0.21504
10000,delta_sample_publish_motion,1,117,0.0217,0.1336,0.2048
10000,delta_sample_publish_motion,1,118,0.0141,0.1363,0.205824
10000,delta_sample_publish_motion,1,119,0.0141,0.1405,0.2048
10000,delta_sample_publish_motion,2,0,0.016,0.1832,0.206848
10000,delta_sample_publish_motion,2,1,0.0159,0.1907,0.20992
10000,delta_sample_publish_motion,2,2,0.0161,0.1695,0.196608
10000,delta_sample_publish_motion,2,3,0.0161,0.1755,0.197632
10000,delta_sample_publish_motion,2,4,0.0162,0.1655,0.197632
10000,delta_sample_publish_motion,2,5,0.0161,0.1723,0.198656
10000,delta_sample_publish_motion,2,6,0.0162,0.1908,0.201728
10000,delta_sample_publish_motion,2,7,0.0162,0.1836,0.207872
10000,delta_sample_publish_motion,2,8,0.0162,0.1747,0.205824
10000,delta_sample_publish_motion,2,9,0.0162,0.1751,0.19968
10000,delta_sample_publish_motion,2,10,0.016,0.1714,0.206848
10000,delta_sample_publish_motion,2,11,0.016,0.1795,0.19968
10000,delta_sample_publish_motion,2,12,0.0161,0.1766,0.196608
10000,delta_sample_publish_motion,2,13,0.0162,0.1874,0.197632
10000,delta_sample_publish_motion,2,14,0.016,0.1888,0.196608
10000,delta_sample_publish_motion,2,15,0.0162,0.1634,0.198656
10000,delta_sample_publish_motion,2,16,0.0161,0.1762,0.202752
10000,delta_sample_publish_motion,2,17,0.0161,0.1786,0.197632
10000,delta_sample_publish_motion,2,18,0.0161,0.1597,0.203776
10000,delta_sample_publish_motion,2,19,0.0184,0.1676,0.200704
10000,delta_sample_publish_motion,2,20,0.0162,0.1875,0.21504
10000,delta_sample_publish_motion,2,21,0.0162,0.1876,0.200704
10000,delta_sample_publish_motion,2,22,0.0162,0.1772,0.205824
10000,delta_sample_publish_motion,2,23,0.0161,0.1688,0.214016
10000,delta_sample_publish_motion,2,24,0.0162,0.1863,0.205824
10000,delta_sample_publish_motion,2,25,0.0162,0.178,0.192512
10000,delta_sample_publish_motion,2,26,0.0161,0.1858,0.208896
10000,delta_sample_publish_motion,2,27,0.0172,0.179,0.19968
10000,delta_sample_publish_motion,2,28,0.0162,0.1942,0.205824
10000,delta_sample_publish_motion,2,29,0.0162,0.1652,0.197632
10000,delta_sample_publish_motion,2,30,0.0161,0.1554,0.2048
10000,delta_sample_publish_motion,2,31,0.0163,0.1802,0.197632
10000,delta_sample_publish_motion,2,32,0.0162,0.1672,0.205824
10000,delta_sample_publish_motion,2,33,0.0163,0.1731,0.198656
10000,delta_sample_publish_motion,2,34,0.0162,0.1726,0.198656
10000,delta_sample_publish_motion,2,35,0.0162,0.1698,0.212992
10000,delta_sample_publish_motion,2,36,0.0162,0.1684,0.205824
10000,delta_sample_publish_motion,2,37,0.0162,0.1731,0.2048
10000,delta_sample_publish_motion,2,38,0.0163,0.1977,0.2048
10000,delta_sample_publish_motion,2,39,0.0161,0.1702,0.197632
10000,delta_sample_publish_motion,2,40,0.0162,0.1727,0.19456
10000,delta_sample_publish_motion,2,41,0.0161,0.1653,0.198656
10000,delta_sample_publish_motion,2,42,0.0162,0.1777,0.203776
10000,delta_sample_publish_motion,2,43,0.0163,0.172,0.197632
10000,delta_sample_publish_motion,2,44,0.0163,0.1644,0.196608
10000,delta_sample_publish_motion,2,45,0.0161,0.1641,0.202752
10000,delta_sample_publish_motion,2,46,0.0163,0.1693,0.206848
10000,delta_sample_publish_motion,2,47,0.0163,0.1693,0.198656
10000,delta_sample_publish_motion,2,48,0.0162,0.1759,0.197632
10000,delta_sample_publish_motion,2,49,0.0162,0.1781,0.198656
10000,delta_sample_publish_motion,2,50,0.0162,0.1649,0.206848
10000,delta_sample_publish_motion,2,51,0.0161,0.2034,0.207872
10000,delta_sample_publish_motion,2,52,0.0164,0.1716,0.206848
10000,delta_sample_publish_motion,2,53,0.0162,0.1826,0.198656
10000,delta_sample_publish_motion,2,54,0.0163,0.1782,0.214016
10000,delta_sample_publish_motion,2,55,0.016,0.1663,0.198656
10000,delta_sample_publish_motion,2,56,0.0159,0.1762,0.2048
10000,delta_sample_publish_motion,2,57,0.016,0.1562,0.205824
10000,delta_sample_publish_motion,2,58,0.016,0.1808,0.197632
10000,delta_sample_publish_motion,2,59,0.016,0.1719,0.195584
10000,delta_sample_publish_motion,2,60,0.016,0.1723,0.206848
10000,delta_sample_publish_motion,2,61,0.0161,0.1733,0.205824
10000,delta_sample_publish_motion,2,62,0.0161,0.1785,0.198656
10000,delta_sample_publish_motion,2,63,0.016,0.1625,0.196608
10000,delta_sample_publish_motion,2,64,0.0162,0.177,0.192512
10000,delta_sample_publish_motion,2,65,0.0162,0.1977,0.211968
10000,delta_sample_publish_motion,2,66,0.0162,0.1655,0.207872
10000,delta_sample_publish_motion,2,67,0.016,0.1748,0.198656
10000,delta_sample_publish_motion,2,68,0.0162,0.1692,0.197632
10000,delta_sample_publish_motion,2,69,0.0175,0.1725,0.205824
10000,delta_sample_publish_motion,2,70,0.0161,0.1633,0.208896
10000,delta_sample_publish_motion,2,71,0.0162,0.1748,0.19968
10000,delta_sample_publish_motion,2,72,0.0162,0.1765,0.21504
10000,delta_sample_publish_motion,2,73,0.0161,0.1821,0.19456
10000,delta_sample_publish_motion,2,74,0.0161,0.1613,0.19968
10000,delta_sample_publish_motion,2,75,0.0162,0.1871,0.207872
10000,delta_sample_publish_motion,2,76,0.0162,0.1678,0.222208
10000,delta_sample_publish_motion,2,77,0.0163,0.1601,0.206848
10000,delta_sample_publish_motion,2,78,0.016,0.1936,0.206848
10000,delta_sample_publish_motion,2,79,0.0161,0.1802,0.207872
10000,delta_sample_publish_motion,2,80,0.0163,0.1646,0.206848
10000,delta_sample_publish_motion,2,81,0.0162,0.1691,0.197632
10000,delta_sample_publish_motion,2,82,0.016,0.1657,0.198656
10000,delta_sample_publish_motion,2,83,0.0161,0.1674,0.206848
10000,delta_sample_publish_motion,2,84,0.0163,0.176,0.2048
10000,delta_sample_publish_motion,2,85,0.0162,0.1676,0.2048
10000,delta_sample_publish_motion,2,86,0.0161,0.1786,0.203776
10000,delta_sample_publish_motion,2,87,0.0162,0.1881,0.198656
10000,delta_sample_publish_motion,2,88,0.0162,0.1624,0.206848
10000,delta_sample_publish_motion,2,89,0.0161,0.1758,0.20992
10000,delta_sample_publish_motion,2,90,0.0163,0.1662,0.207872
10000,delta_sample_publish_motion,2,91,0.0163,0.1563,0.197632
10000,delta_sample_publish_motion,2,92,0.0162,0.1713,0.205824
10000,delta_sample_publish_motion,2,93,0.0173,0.1891,0.197632
10000,delta_sample_publish_motion,2,94,0.0161,0.1615,0.198656
10000,delta_sample_publish_motion,2,95,0.016,0.1768,0.208896
10000,delta_sample_publish_motion,2,96,0.0159,0.1974,0.198656
10000,delta_sample_publish_motion,2,97,0.0161,0.1672,0.198656
10000,delta_sample_publish_motion,2,98,0.0161,0.1478,0.205824
10000,delta_sample_publish_motion,2,99,0.0162,0.1828,0.19968
10000,delta_sample_publish_motion,2,100,0.0161,0.1704,0.208896
10000,delta_sample_publish_motion,2,101,0.0162,0.1701,0.197632
10000,delta_sample_publish_motion,2,102,0.0174,0.1672,0.216064
10000,delta_sample_publish_motion,2,103,0.016,0.1715,0.21504
10000,delta_sample_publish_motion,2,104,0.0162,0.1729,0.187392
10000,delta_sample_publish_motion,2,105,0.0161,0.183,0.19968
10000,delta_sample_publish_motion,2,106,0.0162,0.1871,0.205824
10000,delta_sample_publish_motion,2,107,0.0161,0.1613,0.206848
10000,delta_sample_publish_motion,2,108,0.0162,0.1764,0.205824
10000,delta_sample_publish_motion,2,109,0.0161,0.1713,0.197632
10000,delta_sample_publish_motion,2,110,0.0166,0.1684,0.197632
10000,delta_sample_publish_motion,2,111,0.0161,0.162,0.197632
10000,delta_sample_publish_motion,2,112,0.0262,0.1657,0.223232
10000,delta_sample_publish_motion,2,113,0.0162,0.1779,0.200704
10000,delta_sample_publish_motion,2,114,0.0163,0.1689,0.206848
10000,delta_sample_publish_motion,2,115,0.0162,0.1501,0.206848
10000,delta_sample_publish_motion,2,116,0.0162,0.1717,0.197632
10000,delta_sample_publish_motion,2,117,0.0164,0.1659,0.207872
10000,delta_sample_publish_motion,2,118,0.0162,0.1606,2.383872
10000,delta_sample_publish_motion,2,119,0.0241,0.2104,0.216064
10000,delta_sample_publish_motion,3,0,0.0142,0.1431,0.2048
10000,delta_sample_publish_motion,3,1,0.0141,0.1359,0.205824
10000,delta_sample_publish_motion,3,2,0.0142,0.1678,0.197632
10000,delta_sample_publish_motion,3,3,0.0141,0.1395,0.197632
10000,delta_sample_publish_motion,3,4,0.0142,0.1443,0.197632
10000,delta_sample_publish_motion,3,5,0.0142,0.1459,0.197632
10000,delta_sample_publish_motion,3,6,0.0141,0.1402,0.197632
10000,delta_sample_publish_motion,3,7,0.0142,0.1388,0.205824
10000,delta_sample_publish_motion,3,8,0.0141,0.1282,0.196608
10000,delta_sample_publish_motion,3,9,0.0147,0.1209,0.210944
10000,delta_sample_publish_motion,3,10,0.0141,0.1398,0.196608
10000,delta_sample_publish_motion,3,11,0.0142,0.1463,0.198656
10000,delta_sample_publish_motion,3,12,0.0142,0.1446,0.203776
10000,delta_sample_publish_motion,3,13,0.0141,0.1449,0.205824
10000,delta_sample_publish_motion,3,14,0.014,0.1502,0.2048
10000,delta_sample_publish_motion,3,15,0.0142,0.154,0.2048
10000,delta_sample_publish_motion,3,16,0.0141,0.144,0.196608
10000,delta_sample_publish_motion,3,17,0.0142,0.1328,0.205824
10000,delta_sample_publish_motion,3,18,0.0142,0.1444,0.196608
10000,delta_sample_publish_motion,3,19,0.0143,0.1322,0.214016
10000,delta_sample_publish_motion,3,20,0.0143,0.1517,0.193536
10000,delta_sample_publish_motion,3,21,0.0243,0.1383,0.206848
10000,delta_sample_publish_motion,3,22,0.0215,0.1262,0.193536
10000,delta_sample_publish_motion,3,23,0.0142,0.1321,0.211968
10000,delta_sample_publish_motion,3,24,0.0142,0.1367,0.208896
10000,delta_sample_publish_motion,3,25,0.0143,0.1604,0.205824
10000,delta_sample_publish_motion,3,26,0.0142,0.1503,0.197632
10000,delta_sample_publish_motion,3,27,0.0144,0.1434,0.196608
10000,delta_sample_publish_motion,3,28,0.0141,0.1572,0.2048
10000,delta_sample_publish_motion,3,29,0.0143,0.137,0.198656
10000,delta_sample_publish_motion,3,30,0.0142,0.15,0.205824
10000,delta_sample_publish_motion,3,31,0.0142,0.145,0.2048
10000,delta_sample_publish_motion,3,32,0.0141,0.1391,0.19968
10000,delta_sample_publish_motion,3,33,0.014,0.1416,0.197632
10000,delta_sample_publish_motion,3,34,0.0141,0.1435,0.205824
10000,delta_sample_publish_motion,3,35,0.0141,0.1418,0.203776
10000,delta_sample_publish_motion,3,36,0.0143,0.1257,0.216064
10000,delta_sample_publish_motion,3,37,0.0142,0.1475,0.19968
10000,delta_sample_publish_motion,3,38,0.0143,0.1276,0.196608
10000,delta_sample_publish_motion,3,39,0.0143,0.1598,0.196608
10000,delta_sample_publish_motion,3,40,0.0141,0.1484,0.2048
10000,delta_sample_publish_motion,3,41,0.0141,0.154,0.19968
10000,delta_sample_publish_motion,3,42,0.0141,0.1334,0.197632
10000,delta_sample_publish_motion,3,43,0.0142,0.1455,0.197632
10000,delta_sample_publish_motion,3,44,0.0141,0.1413,0.196608
10000,delta_sample_publish_motion,3,45,0.0142,0.1408,0.2048
10000,delta_sample_publish_motion,3,46,0.0142,0.1502,0.195584
10000,delta_sample_publish_motion,3,47,0.0143,0.1372,0.2048
10000,delta_sample_publish_motion,3,48,0.0141,0.1323,0.2048
10000,delta_sample_publish_motion,3,49,0.0142,0.1485,0.2048
10000,delta_sample_publish_motion,3,50,0.0142,0.1533,0.203776
10000,delta_sample_publish_motion,3,51,0.0143,0.125,0.2048
10000,delta_sample_publish_motion,3,52,0.0249,0.1774,0.210944
10000,delta_sample_publish_motion,3,53,0.0143,0.1566,0.197632
10000,delta_sample_publish_motion,3,54,0.0142,0.1519,0.198656
10000,delta_sample_publish_motion,3,55,0.0142,0.1319,0.198656
10000,delta_sample_publish_motion,3,56,0.0142,0.1357,0.203776
10000,delta_sample_publish_motion,3,57,0.0144,0.1595,0.205824
10000,delta_sample_publish_motion,3,58,0.0142,0.138,0.196608
10000,delta_sample_publish_motion,3,59,0.0224,0.1471,0.201728
10000,delta_sample_publish_motion,3,60,0.0216,0.1476,0.197632
10000,delta_sample_publish_motion,3,61,0.0141,0.1514,0.198656
10000,delta_sample_publish_motion,3,62,0.0141,0.1519,0.201728
10000,delta_sample_publish_motion,3,63,0.0143,0.152,0.196608
10000,delta_sample_publish_motion,3,64,0.0143,0.1271,0.205824
10000,delta_sample_publish_motion,3,65,0.0142,0.1519,0.205824
10000,delta_sample_publish_motion,3,66,0.0143,0.1356,0.197632
10000,delta_sample_publish_motion,3,67,0.0141,0.1471,0.203776
10000,delta_sample_publish_motion,3,68,0.0142,0.1438,0.196608
10000,delta_sample_publish_motion,3,69,0.0141,0.1544,0.198656
10000,delta_sample_publish_motion,3,70,0.0141,0.135,0.2048
10000,delta_sample_publish_motion,3,71,0.0142,0.1527,0.203776
10000,delta_sample_publish_motion,3,72,0.0141,0.1448,0.2048
10000,delta_sample_publish_motion,3,73,0.0142,0.1452,0.206848
10000,delta_sample_publish_motion,3,74,0.0142,0.158,0.19968
10000,delta_sample_publish_motion,3,75,0.0143,0.1475,0.2048
10000,delta_sample_publish_motion,3,76,0.0142,0.1545,0.196608
10000,delta_sample_publish_motion,3,77,0.0143,0.142,0.198656
10000,delta_sample_publish_motion,3,78,0.0143,0.1416,0.197632
10000,delta_sample_publish_motion,3,79,0.0142,0.1226,0.203776
10000,delta_sample_publish_motion,3,80,0.0141,0.1582,0.203776
10000,delta_sample_publish_motion,3,81,0.0143,0.1337,0.200704
10000,delta_sample_publish_motion,3,82,0.0155,0.1498,0.216064
10000,delta_sample_publish_motion,3,83,0.0142,0.1376,0.206848
10000,delta_sample_publish_motion,3,84,0.0242,0.1528,0.2048
10000,delta_sample_publish_motion,3,85,0.0166,0.1437,0.201728
10000,delta_sample_publish_motion,3,86,0.0168,0.1405,0.200704
10000,delta_sample_publish_motion,3,87,0.0168,0.1618,0.200704
10000,delta_sample_publish_motion,3,88,0.0166,0.1584,0.203776
10000,delta_sample_publish_motion,3,89,0.0179,0.1518,0.200704
10000,delta_sample_publish_motion,3,90,0.0166,0.1561,0.201728
10000,delta_sample_publish_motion,3,91,0.0197,0.1493,0.205824
10000,delta_sample_publish_motion,3,92,0.0142,0.1633,0.19968
10000,delta_sample_publish_motion,3,93,0.0143,0.1473,0.205824
10000,delta_sample_publish_motion,3,94,0.0143,0.1471,0.203776
10000,delta_sample_publish_motion,3,95,0.0143,0.1548,0.206848
10000,delta_sample_publish_motion,3,96,0.0142,0.1544,0.198656
10000,delta_sample_publish_motion,3,97,0.0143,0.1473,0.205824
10000,delta_sample_publish_motion,3,98,0.0143,0.1484,0.203776
10000,delta_sample_publish_motion,3,99,0.0143,0.158,0.196608
10000,delta_sample_publish_motion,3,100,0.0144,0.1431,0.2048
10000,delta_sample_publish_motion,3,101,0.0143,0.1471,0.197632
10000,delta_sample_publish_motion,3,102,0.0143,0.1452,0.197632
10000,delta_sample_publish_motion,3,103,0.0172,0.161,0.205824
10000,delta_sample_publish_motion,3,104,0.0143,0.1492,0.208896
10000,delta_sample_publish_motion,3,105,0.0143,0.1505,0.205824
10000,delta_sample_publish_motion,3,106,0.0143,0.1497,0.197632
10000,delta_sample_publish_motion,3,107,0.0144,0.1429,0.197632
10000,delta_sample_publish_motion,3,108,0.0143,0.1531,0.207872
10000,delta_sample_publish_motion,3,109,0.0249,0.1567,0.200704
10000,delta_sample_publish_motion,3,110,0.0142,0.153,0.19968
10000,delta_sample_publish_motion,3,111,0.0143,0.1474,0.203776
10000,delta_sample_publish_motion,3,112,0.0142,0.1466,0.205824
10000,delta_sample_publish_motion,3,113,0.0143,0.1577,0.203776
10000,delta_sample_publish_motion,3,114,0.0143,0.1477,0.2048
10000,delta_sample_publish_motion,3,115,0.0143,0.1544,0.207872
10000,delta_sample_publish_motion,3,116,0.0141,0.1496,0.196608
10000,delta_sample_publish_motion,3,117,0.0142,0.1512,0.205824
10000,delta_sample_publish_motion,3,118,0.0142,0.1411,0.197632
10000,delta_sample_publish_motion,3,119,0.0143,0.1501,0.2048
65536,sample_publish_motion,1,0,0.1009,0.0047,0.272384
65536,sample_publish_motion,1,1,0.1002,0.0023,0.26624
65536,sample_publish_motion,1,2,0.0982,0.0023,0.253952
65536,sample_publish_motion,1,3,0.099,0.0022,0.27136
65536,sample_publish_motion,1,4,0.0992,0.0026,0.24576
65536,sample_publish_motion,1,5,0.0986,0.0023,0.262144
65536,sample_publish_motion,1,6,0.0973,0.0023,0.254976
65536,sample_publish_motion,1,7,0.098,0.0022,0.267264
65536,sample_publish_motion,1,8,0.0974,0.0023,0.254976
65536,sample_publish_motion,1,9,0.0976,0.0022,0.258048
65536,sample_publish_motion,1,10,0.097,0.0023,0.272384
65536,sample_publish_motion,1,11,0.1491,0.003,0.262144
65536,sample_publish_motion,1,12,0.1107,0.0024,0.260096
65536,sample_publish_motion,1,13,0.1016,0.0024,0.270336
65536,sample_publish_motion,1,14,0.1056,0.0027,0.273408
65536,sample_publish_motion,1,15,0.1005,0.0024,0.270336
65536,sample_publish_motion,1,16,0.1008,0.0022,0.254976
65536,sample_publish_motion,1,17,0.1147,0.0022,0.258048
65536,sample_publish_motion,1,18,0.0971,0.0024,0.256
65536,sample_publish_motion,1,19,0.096,0.0024,0.251904
65536,sample_publish_motion,1,20,0.0961,0.0023,0.252928
65536,sample_publish_motion,1,21,0.0945,0.0022,0.26624
65536,sample_publish_motion,1,22,0.0943,0.0025,0.251904
65536,sample_publish_motion,1,23,0.0963,0.0022,0.252928
65536,sample_publish_motion,1,24,0.0954,0.0021,0.274432
65536,sample_publish_motion,1,25,0.0935,0.0022,0.256
65536,sample_publish_motion,1,26,0.094,0.0021,0.256
65536,sample_publish_motion,1,27,0.0924,0.0022,0.258048
65536,sample_publish_motion,1,28,0.0933,0.0021,0.25088
65536,sample_publish_motion,1,29,0.0924,0.0023,0.260096
65536,sample_publish_motion,1,30,0.0931,0.002,0.256
65536,sample_publish_motion,1,31,0.0976,0.0021,0.249856
65536,sample_publish_motion,1,32,0.0924,0.0022,0.252928
65536,sample_publish_motion,1,33,0.092,0.0022,0.257024
65536,sample_publish_motion,1,34,0.0907,0.0021,0.259072
65536,sample_publish_motion,1,35,0.1378,0.0022,0.263168
65536,sample_publish_motion,1,36,0.0919,0.0023,0.258048
65536,sample_publish_motion,1,37,0.0915,0.0021,0.248832
65536,sample_publish_motion,1,38,0.0933,0.0024,0.256
65536,sample_publish_motion,1,39,0.0932,0.0022,0.252928
65536,sample_publish_motion,1,40,0.0924,0.002,0.260096
65536,sample_publish_motion,1,41,0.0907,0.0021,0.257024
65536,sample_publish_motion,1,42,0.0933,0.0023,0.265216
65536,sample_publish_motion,1,43,0.0913,0.0022,0.251904
65536,sample_publish_motion,1,44,0.0914,0.0023,0.259072
65536,sample_publish_motion,1,45,0.0914,0.0021,0.256
65536,sample_publish_motion,1,46,0.0912,0.0022,0.253952
65536,sample_publish_motion,1,47,0.0912,0.0021,0.249856
65536,sample_publish_motion,1,48,0.0911,0.0021,0.254976
65536,sample_publish_motion,1,49,0.0917,0.0021,0.254976
65536,sample_publish_motion,1,50,0.0909,0.0022,0.254976
65536,sample_publish_motion,1,51,0.0913,0.0021,0.252928
65536,sample_publish_motion,1,52,0.0912,0.002,0.263168
65536,sample_publish_motion,1,53,0.0909,0.0021,0.318464
65536,sample_publish_motion,1,54,0.0899,0.0021,0.263168
65536,sample_publish_motion,1,55,0.1372,0.0023,0.26112
65536,sample_publish_motion,1,56,0.0944,0.0021,0.262144
65536,sample_publish_motion,1,57,0.0909,0.0023,0.251904
65536,sample_publish_motion,1,58,0.0912,0.002,0.253952
65536,sample_publish_motion,1,59,0.0906,0.002,0.262144
65536,sample_publish_motion,1,60,0.0947,0.0021,0.269312
65536,sample_publish_motion,1,61,0.0898,0.002,0.262144
65536,sample_publish_motion,1,62,0.0944,0.0021,0.259072
65536,sample_publish_motion,1,63,0.0907,0.0021,0.251904
65536,sample_publish_motion,1,64,0.0909,0.0023,0.251904
65536,sample_publish_motion,1,65,0.0907,0.0021,0.256
65536,sample_publish_motion,1,66,0.091,0.002,0.260096
65536,sample_publish_motion,1,67,0.0908,0.0023,0.253952
65536,sample_publish_motion,1,68,0.0908,0.0022,0.257024
65536,sample_publish_motion,1,69,0.0901,0.0021,0.251904
65536,sample_publish_motion,1,70,0.0907,0.0021,0.268288
65536,sample_publish_motion,1,71,0.0899,0.0023,0.251904
65536,sample_publish_motion,1,72,0.0912,0.002,0.252928
65536,sample_publish_motion,1,73,0.1372,0.0021,0.262144
65536,sample_publish_motion,1,74,0.0904,0.0022,0.253952
65536,sample_publish_motion,1,75,0.0912,0.0021,0.262144
65536,sample_publish_motion,1,76,0.095,0.0022,0.25088
65536,sample_publish_motion,1,77,0.0916,0.002,0.26112
65536,sample_publish_motion,1,78,0.0916,0.0021,0.263168
65536,sample_publish_motion,1,79,0.0904,0.002,0.258048
65536,sample_publish_motion,1,80,0.0945,0.002,0.26112
65536,sample_publish_motion,1,81,0.0912,0.0022,0.251904
65536,sample_publish_motion,1,82,0.0908,0.0021,0.25088
65536,sample_publish_motion,1,83,0.0912,0.003,0.25088
65536,sample_publish_motion,1,84,0.091,0.0021,0.260096
65536,sample_publish_motion,1,85,0.0901,0.002,0.274432
65536,sample_publish_motion,1,86,0.0908,0.0087,0.289792
65536,sample_publish_motion,1,87,0.0917,0.0021,0.254976
65536,sample_publish_motion,1,88,0.0923,0.0023,0.259072
65536,sample_publish_motion,1,89,0.092,0.0022,0.248832
65536,sample_publish_motion,1,90,0.0927,0.0024,0.259072
65536,sample_publish_motion,1,91,0.0917,0.0022,0.26112
65536,sample_publish_motion,1,92,0.0923,0.0023,0.253952
65536,sample_publish_motion,1,93,0.0926,0.002,0.254976
65536,sample_publish_motion,1,94,0.0907,0.002,0.256
65536,sample_publish_motion,1,95,0.0917,0.0022,0.256
65536,sample_publish_motion,1,96,0.0913,0.0023,0.251904
65536,sample_publish_motion,1,97,0.0918,0.0021,0.25088
65536,sample_publish_motion,1,98,0.0957,0.0021,0.260096
65536,sample_publish_motion,1,99,0.0911,0.0027,0.25088
65536,sample_publish_motion,1,100,0.0911,0.002,0.258048
65536,sample_publish_motion,1,101,0.0907,0.0021,0.252928
65536,sample_publish_motion,1,102,0.0914,0.0023,0.25088
65536,sample_publish_motion,1,103,0.0917,0.0021,0.252928
65536,sample_publish_motion,1,104,0.0913,0.0031,0.268288
65536,sample_publish_motion,1,105,0.0919,0.0023,0.270336
65536,sample_publish_motion,1,106,0.0926,0.0022,0.251904
65536,sample_publish_motion,1,107,0.0914,0.0021,0.251904
65536,sample_publish_motion,1,108,0.0903,0.002,0.254976
65536,sample_publish_motion,1,109,0.0914,0.0022,0.25088
65536,sample_publish_motion,1,110,0.0912,0.0021,0.259072
65536,sample_publish_motion,1,111,0.0922,0.0021,0.25088
65536,sample_publish_motion,1,112,0.0914,0.0022,0.254976
65536,sample_publish_motion,1,113,0.0916,0.0022,0.25088
65536,sample_publish_motion,1,114,0.0913,0.0021,0.251904
65536,sample_publish_motion,1,115,0.0906,0.0021,0.254976
65536,sample_publish_motion,1,116,0.0912,0.0023,0.259072
65536,sample_publish_motion,1,117,0.0919,0.0021,0.25088
65536,sample_publish_motion,1,118,0.0916,0.002,0.262144
65536,sample_publish_motion,1,119,0.0912,0.0021,0.258048
65536,sample_publish_motion,2,0,0.6236,0.0035,0.254976
65536,sample_publish_motion,2,1,0.7827,0.0025,0.267264
65536,sample_publish_motion,2,2,0.122,0.0023,0.269312
65536,sample_publish_motion,2,3,0.1196,0.0023,0.25088
65536,sample_publish_motion,2,4,0.1124,0.0022,0.262144
65536,sample_publish_motion,2,5,0.1113,0.0024,0.26112
65536,sample_publish_motion,2,6,0.1073,0.0022,0.258048
65536,sample_publish_motion,2,7,0.105,0.0023,0.259072
65536,sample_publish_motion,2,8,0.1027,0.0023,0.257024
65536,sample_publish_motion,2,9,0.1015,0.0022,0.259072
65536,sample_publish_motion,2,10,0.0997,0.0022,0.257024
65536,sample_publish_motion,2,11,0.0993,0.0024,0.256
65536,sample_publish_motion,2,12,0.0991,0.0022,0.256
65536,sample_publish_motion,2,13,0.0995,0.0021,0.267264
65536,sample_publish_motion,2,14,0.1006,0.0024,0.257024
65536,sample_publish_motion,2,15,0.099,0.0022,0.249856
65536,sample_publish_motion,2,16,0.0971,0.0021,0.253952
65536,sample_publish_motion,2,17,0.0961,0.0022,0.270336
65536,sample_publish_motion,2,18,0.0955,0.0023,0.253952
65536,sample_publish_motion,2,19,0.0968,0.0021,0.25088
65536,sample_publish_motion,2,20,0.0962,0.0023,0.257024
65536,sample_publish_motion,2,21,0.0958,0.0023,0.251904
65536,sample_publish_motion,2,22,0.0963,0.0021,0.265216
65536,sample_publish_motion,2,23,0.0952,0.0022,0.28672
65536,sample_publish_motion,2,24,0.0952,0.002,0.264192
65536,sample_publish_motion,2,25,0.0943,0.0022,0.249856
65536,sample_publish_motion,2,26,0.0945,0.0021,0.252928
65536,sample_publish_motion,2,27,0.099,0.0022,0.259072
65536,sample_publish_motion,2,28,0.0937,0.0023,0.251904
65536,sample_publish_motion,2,29,0.0932,0.0021,0.264192
65536,sample_publish_motion,2,30,0.092,0.0021,0.265216
65536,sample_publish_motion,2,31,0.1392,0.002,0.262144
65536,sample_publish_motion,2,32,0.0922,0.002,0.26112
65536,sample_publish_motion,2,33,0.1392,0.002,0.265216
65536,sample_publish_motion,2,34,0.0917,0.0021,0.265216
65536,sample_publish_motion,2,35,0.0916,0.0022,0.257024
65536,sample_publish_motion,2,36,0.0986,0.0021,0.254976
65536,sample_publish_motion,2,37,0.0919,0.002,0.267264
65536,sample_publish_motion,2,38,0.1186,0.0023,0.33792
65536,sample_publish_motion,2,39,0.1016,0.0022,0.253952
65536,sample_publish_motion,2,40,0.093,0.0021,0.253952
65536,sample_publish_motion,2,41,0.0906,0.0021,0.257024
65536,sample_publish_motion,2,42,0.092,0.0022,0.253952
65536,sample_publish_motion,2,43,0.0917,0.0021,0.254976
65536,sample_publish_motion,2,44,0.0926,0.002,0.258048
65536,sample_publish_motion,2,45,0.092,0.0021,0.256
65536,sample_publish_motion,2,46,0.0908,0.0021,0.25088
65536,sample_publish_motion,2,47,0.0909,0.002,0.26112
65536,sample_publish_motion,2,48,0.0901,0.002,0.252928
65536,sample_publish_motion,2,49,0.0956,0.0021,0.25088
65536,sample_publish_motion,2,50,0.1001,0.0022,0.253952
65536,sample_publish_motion,2,51,0.0911,0.002,0.27136
65536,sample_publish_motion,2,52,0.09,0.0021,0.269312
65536,sample_publish_motion,2,53,0.0905,0.0022,0.25088
65536,sample_publish_motion,2,54,0.0904,0.0022,0.256
65536,sample_publish_motion,2,55,0.0918,0.002,0.262144
65536,sample_publish_motion,2,56,0.0911,0.0022,0.251904
65536,sample_publish_motion,2,57,0.0907,0.002,0.258048
65536,sample_publish_motion,2,58,0.0901,0.002,0.253952
65536,sample_publish_motion,2,59,0.0908,0.002,0.26112
65536,sample_publish_motion,2,60,0.1204,0.0022,0.24576
65536,sample_publish_motion,2,61,0.0938,0.002,0.251904
65536,sample_publish_motion,2,62,0.0946,0.002,0.252928
65536,sample_publish_motion,2,63,0.0914,0.0021,0.252928
65536,sample_publish_motion,2,64,0.0915,0.002,0.254976
65536,sample_publish_motion,2,65,0.1362,0.002,0.264192
65536,sample_publish_motion,2,66,0.0902,0.0024,0.263168
65536,sample_publish_motion,2,67,0.0931,0.0023,0.254976
65536,sample_publish_motion,2,68,0.0994,0.0022,0.264192
65536,sample_publish_motion,2,69,0.0915,0.002,0.254976
65536,sample_publish_motion,2,70,0.0951,0.0022,0.257024
65536,sample_publish_motion,2,71,0.0911,0.002,0.25088
65536,sample_publish_motion,2,72,0.0915,0.0019,0.258048
65536,sample_publish_motion,2,73,0.0918,0.0022,0.260096
65536,sample_publish_motion,2,74,0.091,0.0022,0.249856
65536,sample_publish_motion,2,75,0.0918,0.0021,0.253952
65536,sample_publish_motion,2,76,0.091,0.002,0.262144
65536,sample_publish_motion,2,77,0.09,0.002,0.257024
65536,sample_publish_motion,2,78,0.0911,0.0022,0.258048
65536,sample_publish_motion,2,79,0.0915,0.002,0.264192
65536,sample_publish_motion,2,80,0.0915,0.002,0.26112
65536,sample_publish_motion,2,81,0.0914,0.0022,0.249856
65536,sample_publish_motion,2,82,0.0917,0.0021,0.249856
65536,sample_publish_motion,2,83,0.091,0.0021,0.254976
65536,sample_publish_motion,2,84,0.0906,0.0022,0.251904
65536,sample_publish_motion,2,85,0.0908,0.0021,0.267264
65536,sample_publish_motion,2,86,0.1006,0.002,0.265216
65536,sample_publish_motion,2,87,0.0903,0.002,0.258048
65536,sample_publish_motion,2,88,0.0909,0.0022,0.251904
65536,sample_publish_motion,2,89,0.0914,0.0021,0.247808
65536,sample_publish_motion,2,90,0.1362,0.0021,0.248832
65536,sample_publish_motion,2,91,0.0922,0.0023,0.252928
65536,sample_publish_motion,2,92,0.091,0.0021,0.264192
65536,sample_publish_motion,2,93,0.0923,0.0021,0.272384
65536,sample_publish_motion,2,94,0.0919,0.0021,0.248832
65536,sample_publish_motion,2,95,0.0917,0.0024,0.25088
65536,sample_publish_motion,2,96,0.0915,0.002,0.254976
65536,sample_publish_motion,2,97,0.0903,0.002,0.252928
65536,sample_publish_motion,2,98,0.0946,0.0023,0.26624
65536,sample_publish_motion,2,99,0.1142,0.0029,0.267264
65536,sample_publish_motion,2,100,0.1116,0.002,0.269312
65536,sample_publish_motion,2,101,0.103,0.0021,0.270336
65536,sample_publish_motion,2,102,0.1014,0.0021,0.268288
65536,sample_publish_motion,2,103,0.1044,0.0021,0.252928
65536,sample_publish_motion,2,104,0.0956,0.002,0.26112
65536,sample_publish_motion,2,105,0.0961,0.0022,0.251904
65536,sample_publish_motion,2,106,0.0939,0.0021,0.258048
65536,sample_publish_motion,2,107,0.0929,0.002,0.262144
65536,sample_publish_motion,2,108,0.0918,0.0021,0.256
65536,sample_publish_motion,2,109,0.0929,0.0021,0.26112
65536,sample_publish_motion,2,110,0.0915,0.0021,0.274432
65536,sample_publish_motion,2,111,0.0932,0.0021,0.259072
65536,sample_publish_motion,2,112,0.0916,0.0023,0.253952
65536,sample_publish_motion,2,113,0.0911,0.0021,0.252928
65536,sample_publish_motion,2,114,0.0905,0.0022,0.25088
65536,sample_publish_motion,2,115,0.0912,0.0021,0.26112
65536,sample_publish_motion,2,116,0.0902,0.0023,0.251904
65536,sample_publish_motion,2,117,0.0913,0.002,0.253952
65536,sample_publish_motion,2,118,0.1397,0.002,0.257024
65536,sample_publish_motion,2,119,0.0899,0.0022,0.253952
65536,sample_publish_motion,3,0,0.1092,0.0029,0.26112
65536,sample_publish_motion,3,1,0.0958,0.0024,0.254976
65536,sample_publish_motion,3,2,0.0959,0.0021,0.251904
65536,sample_publish_motion,3,3,0.0963,0.0022,0.270336
65536,sample_publish_motion,3,4,0.095,0.0022,0.248832
65536,sample_publish_motion,3,5,0.0951,0.0021,0.258048
65536,sample_publish_motion,3,6,0.0954,0.0021,0.267264
65536,sample_publish_motion,3,7,0.0937,0.0022,0.259072
65536,sample_publish_motion,3,8,0.0946,0.0023,0.254976
65536,sample_publish_motion,3,9,0.0951,0.0022,0.256
65536,sample_publish_motion,3,10,0.0947,0.0021,0.258048
65536,sample_publish_motion,3,11,0.0941,0.0021,0.269312
65536,sample_publish_motion,3,12,0.0935,0.0022,0.26112
65536,sample_publish_motion,3,13,0.0941,0.0021,0.247808
65536,sample_publish_motion,3,14,0.0941,0.0022,0.259072
65536,sample_publish_motion,3,15,0.0928,0.0023,0.249856
65536,sample_publish_motion,3,16,0.0944,0.0023,0.264192
65536,sample_publish_motion,3,17,0.093,0.0022,0.254976
65536,sample_publish_motion,3,18,0.0926,0.0021,0.262144
65536,sample_publish_motion,3,19,0.0924,0.0021,0.251904
65536,sample_publish_motion,3,20,0.0939,0.0021,0.252928
65536,sample_publish_motion,3,21,0.0931,0.0022,0.263168
65536,sample_publish_motion,3,22,0.0927,0.0022,0.252928
65536,sample_publish_motion,3,23,0.0924,0.002,0.251904
65536,sample_publish_motion,3,24,0.0929,0.0021,0.252928
65536,sample_publish_motion,3,25,0.0924,0.0021,0.258048
65536,sample_publish_motion,3,26,0.0926,0.0022,0.257024
65536,sample_publish_motion,3,27,0.0926,0.0021,0.258048
65536,sample_publish_motion,3,28,0.0924,0.002,0.258048
65536,sample_publish_motion,3,29,0.0947,0.0022,0.26112
65536,sample_publish_motion,3,30,0.0923,0.002,0.263168
65536,sample_publish_motion,3,31,0.097,0.0024,0.275456
65536,sample_publish_motion,3,32,0.0927,0.0021,0.265216
65536,sample_publish_motion,3,33,0.0919,0.0022,0.260096
65536,sample_publish_motion,3,34,0.0917,0.0021,0.265216
65536,sample_publish_motion,3,35,0.093,0.002,0.264192
65536,sample_publish_motion,3,36,0.0959,0.0022,0.26624
65536,sample_publish_motion,3,37,0.0919,0.0024,0.257024
65536,sample_publish_motion,3,38,0.0925,0.0021,0.26112
65536,sample_publish_motion,3,39,0.0926,0.0024,0.269312
65536,sample_publish_motion,3,40,0.091,0.0023,0.260096
65536,sample_publish_motion,3,41,0.0924,0.002,0.268288
65536,sample_publish_motion,3,42,0.0956,0.0022,0.259072
65536,sample_publish_motion,3,43,0.0916,0.0022,0.260096
65536,sample_publish_motion,3,44,0.0918,0.0021,0.257024
65536,sample_publish_motion,3,45,0.0915,0.0021,0.262144
65536,sample_publish_motion,3,46,0.0917,0.0021,0.304128
65536,sample_publish_motion,3,47,0.0923,0.0022,0.259072
65536,sample_publish_motion,3,48,0.0927,0.0021,0.257024
65536,sample_publish_motion,3,49,0.0921,0.0021,0.265216
65536,sample_publish_motion,3,50,0.0919,0.0023,0.26112
65536,sample_publish_motion,3,51,0.0919,0.0021,0.257024
65536,sample_publish_motion,3,52,0.092,0.0021,0.268288
65536,sample_publish_motion,3,53,0.1543,0.0022,0.267264
65536,sample_publish_motion,3,54,0.0994,0.0022,0.259072
65536,sample_publish_motion,3,55,0.0922,0.0021,0.260096
65536,sample_publish_motion,3,56,0.0938,0.0021,0.268288
65536,sample_publish_motion,3,57,0.0923,0.0022,0.262144
65536,sample_publish_motion,3,58,0.0923,0.0021,0.26112
65536,sample_publish_motion,3,59,0.0915,0.0021,0.26112
65536,sample_publish_motion,3,60,0.0915,0.0021,0.265216
65536,sample_publish_motion,3,61,0.0925,0.0023,0.264192
65536,sample_publish_motion,3,62,0.0917,0.0022,0.267264
65536,sample_publish_motion,3,63,0.0927,0.0022,0.263168
65536,sample_publish_motion,3,64,0.0906,0.0023,0.26112
65536,sample_publish_motion,3,65,0.0926,0.0022,0.284672
65536,sample_publish_motion,3,66,0.0962,0.0022,0.26112
65536,sample_publish_motion,3,67,0.0922,0.0022,0.26624
65536,sample_publish_motion,3,68,0.0916,0.0023,0.26112
65536,sample_publish_motion,3,69,0.0923,0.0021,0.26112
65536,sample_publish_motion,3,70,0.0918,0.002,0.270336
65536,sample_publish_motion,3,71,0.0919,0.0022,0.265216
65536,sample_publish_motion,3,72,0.0919,0.0021,0.260096
65536,sample_publish_motion,3,73,0.094,0.0021,0.256
65536,sample_publish_motion,3,74,0.0919,0.0021,0.272384
65536,sample_publish_motion,3,75,0.0923,0.0022,0.259072
65536,sample_publish_motion,3,76,0.0929,0.0021,0.268288
65536,sample_publish_motion,3,77,0.0961,0.0021,0.265216
65536,sample_publish_motion,3,78,0.0913,0.0022,0.267264
65536,sample_publish_motion,3,79,0.0917,0.002,0.260096
65536,sample_publish_motion,3,80,0.0927,0.0024,0.278528
65536,sample_publish_motion,3,81,0.0934,0.0022,0.269312
65536,sample_publish_motion,3,82,0.0913,0.0023,0.26112
65536,sample_publish_motion,3,83,0.0916,0.0021,0.263168
65536,sample_publish_motion,3,84,0.0929,0.002,0.265216
65536,sample_publish_motion,3,85,0.0939,0.0022,0.263168
65536,sample_publish_motion,3,86,0.0906,0.0021,0.268288
65536,sample_publish_motion,3,87,0.0916,0.0021,0.263168
65536,sample_publish_motion,3,88,0.0916,0.0022,0.275456
65536,sample_publish_motion,3,89,0.0913,0.0023,2.115584
65536,sample_publish_motion,3,90,0.1369,0.0022,0.280576
65536,sample_publish_motion,3,91,0.0922,0.0021,0.263168
65536,sample_publish_motion,3,92,0.0932,0.0022,0.263168
65536,sample_publish_motion,3,93,0.0912,0.002,0.258048
65536,sample_publish_motion,3,94,0.0921,0.002,0.273408
65536,sample_publish_motion,3,95,0.0908,0.0021,0.265216
65536,sample_publish_motion,3,96,0.0919,0.0022,0.268288
65536,sample_publish_motion,3,97,0.0921,0.0024,0.260096
65536,sample_publish_motion,3,98,0.0923,0.0021,0.26624
65536,sample_publish_motion,3,99,0.0919,0.0023,0.262144
65536,sample_publish_motion,3,100,0.0914,0.0021,0.258048
65536,sample_publish_motion,3,101,0.0926,0.0021,0.27136
65536,sample_publish_motion,3,102,0.0918,0.0021,0.258048
65536,sample_publish_motion,3,103,0.0915,0.0023,0.26112
65536,sample_publish_motion,3,104,0.0918,0.0021,0.257024
65536,sample_publish_motion,3,105,0.0922,0.0021,0.263168
65536,sample_publish_motion,3,106,0.1424,0.0023,0.262144
65536,sample_publish_motion,3,107,0.0967,0.002,0.309248
65536,sample_publish_motion,3,108,0.0925,0.0022,0.260096
65536,sample_publish_motion,3,109,0.0922,0.0022,0.260096
65536,sample_publish_motion,3,110,0.0916,0.002,0.264192
65536,sample_publish_motion,3,111,0.0926,0.002,0.247808
65536,sample_publish_motion,3,112,0.0925,0.0021,0.246784
65536,sample_publish_motion,3,113,0.0913,0.0023,0.244736
65536,sample_publish_motion,3,114,0.0916,0.002,0.248832
65536,sample_publish_motion,3,115,0.0905,0.0021,0.243712
65536,sample_publish_motion,3,116,0.0989,0.0025,0.27136
65536,sample_publish_motion,3,117,0.7437,0.0022,0.253952
65536,sample_publish_motion,3,118,0.6189,0.0022,0.248832
65536,sample_publish_motion,3,119,0.0928,0.0022,0.242688
65536,delta_sample_publish_motion,1,0,0.6302,1.0125,1.608704
65536,delta_sample_publish_motion,1,1,0.8212,1.2472,1.439744
65536,delta_sample_publish_motion,1,2,0.3086,1.0808,1.358848
65536,delta_sample_publish_motion,1,3,0.2584,1.0112,1.518592
65536,delta_sample_publish_motion,1,4,0.7369,1.0906,1.543168
65536,delta_sample_publish_motion,1,5,0.4232,1.0287,1.611776
65536,delta_sample_publish_motion,1,6,0.5752,1.0435,1.229824
65536,delta_sample_publish_motion,1,7,0.6213,1.0959,1.5616
65536,delta_sample_publish_motion,1,8,0.1041,1.1105,1.357824
65536,delta_sample_publish_motion,1,9,0.4362,1.1662,1.282048
65536,delta_sample_publish_motion,1,10,0.4372,1.067,1.549312
65536,delta_sample_publish_motion,1,11,0.1036,1.0789,3.398656
65536,delta_sample_publish_motion,1,12,0.5011,1.1382,1.394688
65536,delta_sample_publish_motion,1,13,0.6353,0.9812,1.5104
65536,delta_sample_publish_motion,1,14,0.6921,1.1019,1.28512
65536,delta_sample_publish_motion,1,15,0.6345,0.959,1.371136
65536,delta_sample_publish_motion,1,16,0.4122,0.9307,1.359872
65536,delta_sample_publish_motion,1,17,0.1542,0.9293,1.567744
65536,delta_sample_publish_motion,1,18,0.2615,0.9016,1.559552
65536,delta_sample_publish_motion,1,19,0.8368,1.1212,1.549312
65536,delta_sample_publish_motion,1,20,0.4306,1.0167,1.415168
65536,delta_sample_publish_motion,1,21,0.4301,1.0339,1.524736
65536,delta_sample_publish_motion,1,22,0.5643,0.9681,1.50528
65536,delta_sample_publish_motion,1,23,0.591,0.924,1.386496
65536,delta_sample_publish_motion,1,24,0.4055,0.8789,1.522688
65536,delta_sample_publish_motion,1,25,0.1615,0.8535,1.741824
65536,delta_sample_publish_motion,1,26,0.1524,0.857,1.485824
65536,delta_sample_publish_motion,1,27,0.5411,0.9268,1.386496
65536,delta_sample_publish_motion,1,28,0.4512,0.9057,1.57184
65536,delta_sample_publish_motion,1,29,0.4806,0.9156,1.497088
65536,delta_sample_publish_motion,1,30,0.7162,1.0641,1.393664
65536,delta_sample_publish_motion,1,31,0.3769,1.0256,1.494016
65536,delta_sample_publish_motion,1,32,0.4265,1.0135,1.660928
65536,delta_sample_publish_motion,1,33,0.5372,1.0095,1.591296
65536,delta_sample_publish_motion,1,34,0.1767,1.0361,1.57184
65536,delta_sample_publish_motion,1,35,0.7167,0.9507,1.506304
65536,delta_sample_publish_motion,1,36,0.7575,1.0607,1.477632
65536,delta_sample_publish_motion,1,37,0.123,1.0079,1.324032
65536,delta_sample_publish_motion,1,38,0.499,1.0273,1.439744
65536,delta_sample_publish_motion,1,39,0.5623,0.9984,1.680384
65536,delta_sample_publish_motion,1,40,0.6802,0.9751,1.539072
65536,delta_sample_publish_motion,1,41,0.7329,0.9354,1.401856
65536,delta_sample_publish_motion,1,42,0.6551,0.8915,1.622016
65536,delta_sample_publish_motion,1,43,0.4861,13.428,1.362944
65536,delta_sample_publish_motion,1,44,0.6508,0.8561,1.284096
65536,delta_sample_publish_motion,1,45,0.5747,0.9965,1.59744
65536,delta_sample_publish_motion,1,46,0.5923,0.7902,1.664
65536,delta_sample_publish_motion,1,47,0.7354,0.9856,1.48992
65536,delta_sample_publish_motion,1,48,0.5783,1.0665,1.498112
65536,delta_sample_publish_motion,1,49,0.1778,1.0119,1.516544
65536,delta_sample_publish_motion,1,50,0.7135,0.8868,1.51552
65536,delta_sample_publish_motion,1,51,0.6902,1.0209,1.350656
65536,delta_sample_publish_motion,1,52,0.4564,0.9625,1.437696
65536,delta_sample_publish_motion,1,53,0.5145,0.9368,1.555456
65536,delta_sample_publish_motion,1,54,0.5811,0.9679,1.531904
65536,delta_sample_publish_motion,1,55,0.1783,0.9653,1.335296
65536,delta_sample_publish_motion,1,56,0.5471,0.9496,1.60256
65536,delta_sample_publish_motion,1,57,0.1045,0.9759,1.486848
65536,delta_sample_publish_motion,1,58,0.5129,0.9516,1.241088
65536,delta_sample_publish_motion,1,59,0.6251,0.8853,1.6384
65536,delta_sample_publish_motion,1,60,0.6192,0.8149,1.624064
65536,delta_sample_publish_motion,1,61,0.7702,0.878,1.409024
65536,delta_sample_publish_motion,1,62,0.5577,0.8963,1.307648
65536,delta_sample_publish_motion,1,63,0.46,0.9025,1.456128
65536,delta_sample_publish_motion,1,64,0.4276,0.8896,1.301504
65536,delta_sample_publish_motion,1,65,0.4222,0.7929,1.232896
65536,delta_sample_publish_motion,1,66,0.2329,0.7798,1.092608
65536,delta_sample_publish_motion,1,67,0.7438,0.7778,1.214464
65536,delta_sample_publish_motion,1,68,0.1045,0.8347,1.278976
65536,delta_sample_publish_motion,1,69,0.101,0.6203,1.043456
65536,delta_sample_publish_motion,1,70,0.1,0.8416,1.16736
65536,delta_sample_publish_motion,1,71,0.1008,0.5763,1.212416
65536,delta_sample_publish_motion,1,72,0.0996,0.9055,1.028096
65536,delta_sample_publish_motion,1,73,0.0992,0.5706,1.181696
65536,delta_sample_publish_motion,1,74,0.1102,0.9247,1.263616
65536,delta_sample_publish_motion,1,75,0.0996,0.5567,1.26976
65536,delta_sample_publish_motion,1,76,0.0995,0.9417,1.1008
65536,delta_sample_publish_motion,1,77,0.0986,0.573,1.238016
65536,delta_sample_publish_motion,1,78,0.0977,0.9725,1.230848
65536,delta_sample_publish_motion,1,79,0.0978,0.5745,1.032192
65536,delta_sample_publish_motion,1,80,0.0975,0.9039,1.180672
65536,delta_sample_publish_motion,1,81,0.0972,0.652,1.3312
65536,delta_sample_publish_motion,1,82,0.0974,0.8146,1.26464
65536,delta_sample_publish_motion,1,83,0.0967,0.7496,1.129472
65536,delta_sample_publish_motion,1,84,0.096,0.7858,1.266688
65536,delta_sample_publish_motion,1,85,0.096,0.7992,1.245184
65536,delta_sample_publish_motion,1,86,0.0959,0.6736,1.06496
65536,delta_sample_publish_motion,1,87,0.0983,0.913,1.221632
65536,delta_sample_publish_motion,1,88,0.0957,0.638,1.343488
65536,delta_sample_publish_motion,1,89,0.0958,0.9578,1.26464
65536,delta_sample_publish_motion,1,90,0.0968,0.5963,1.14176
65536,delta_sample_publish_motion,1,91,0.0953,0.9711,1.268736
65536,delta_sample_publish_motion,1,92,0.0951,0.6395,1.173504
65536,delta_sample_publish_motion,1,93,0.0951,0.955,1.057792
65536,delta_sample_publish_motion,1,94,0.0971,0.5978,1.242112
65536,delta_sample_publish_motion,1,95,0.0946,0.9418,1.394688
65536,delta_sample_publish_motion,1,96,0.0953,0.6222,1.250304
65536,delta_sample_publish_motion,1,97,0.0952,0.9177,1.138688
65536,delta_sample_publish_motion,1,98,0.0944,0.6762,1.314816
65536,delta_sample_publish_motion,1,99,0.0943,3.8272,1.18272
65536,delta_sample_publish_motion,1,100,0.0939,0.789,1.055744
65536,delta_sample_publish_motion,1,101,0.0934,0.7539,1.252352
65536,delta_sample_publish_motion,1,102,0.0926,0.8052,1.368064
65536,delta_sample_publish_motion,1,103,0.092,0.7206,1.26976
65536,delta_sample_publish_motion,1,104,0.0921,0.8444,1.145856
65536,delta_sample_publish_motion,1,105,0.1456,0.7703,1.271808
65536,delta_sample_publish_motion,1,106,0.1015,0.874,1.19296
65536,delta_sample_publish_motion,1,107,0.0959,0.6788,1.069056
65536,delta_sample_publish_motion,1,108,0.0915,0.8866,1.19296
65536,delta_sample_publish_motion,1,109,0.0912,0.6619,1.384448
65536,delta_sample_publish_motion,1,110,0.0917,0.8811,1.26464
65536,delta_sample_publish_motion,1,111,0.0916,0.6426,1.16224
65536,delta_sample_publish_motion,1,112,0.0914,0.8823,1.288192
65536,delta_sample_publish_motion,1,113,0.0909,0.6819,1.1776
65536,delta_sample_publish_motion,1,114,0.0914,0.8556,1.069056
65536,delta_sample_publish_motion,1,115,0.0949,0.7025,1.229824
65536,delta_sample_publish_motion,1,116,0.092,0.824,1.39776
65536,delta_sample_publish_motion,1,117,0.0911,0.7395,1.260544
65536,delta_sample_publish_motion,1,118,0.0913,0.7808,1.207296
65536,delta_sample_publish_motion,1,119,0.0914,0.7863,1.276928
65536,delta_sample_publish_motion,2,0,0.1042,1.0174,1.037312
65536,delta_sample_publish_motion,2,1,0.1067,0.9856,1.257472
65536,delta_sample_publish_motion,2,2,0.1047,0.9884,1.406976
65536,delta_sample_publish_motion,2,3,0.1097,0.9695,1.32608
65536,delta_sample_publish_motion,2,4,0.1169,0.9839,1.050624
65536,delta_sample_publish_motion,2,5,1.0801,1.3444,1.504256
65536,delta_sample_publish_motion,2,6,0.7807,1.027,1.282048
65536,delta_sample_publish_motion,2,7,0.1079,1.0133,1.114112
65536,delta_sample_publish_motion,2,8,0.1054,0.9772,1.293312
65536,delta_sample_publish_motion,2,9,0.1104,0.9523,1.399808
65536,delta_sample_publish_motion,2,10,0.106,0.976,1.323008
65536,delta_sample_publish_motion,2,11,0.118,0.9667,1.216512
65536,delta_sample_publish_motion,2,12,0.1073,0.9507,1.445888
65536,delta_sample_publish_motion,2,13,0.1053,0.9827,1.483776
65536,delta_sample_publish_motion,2,14,0.1085,1.0935,1.21856
65536,delta_sample_publish_motion,2,15,0.1097,0.9728,1.332224
65536,delta_sample_publish_motion,2,16,1.071,1.2863,1.664
65536,delta_sample_publish_motion,2,17,0.7992,1.0456,1.394688
65536,delta_sample_publish_motion,2,18,0.1146,0.9927,1.224704
65536,delta_sample_publish_motion,2,19,0.1062,0.9881,1.378304
65536,delta_sample_publish_motion,2,20,0.1108,0.945,1.24416
65536,delta_sample_publish_motion,2,21,0.1139,0.9647,1.396736
65536,delta_sample_publish_motion,2,22,0.1063,1.0338,1.354752
65536,delta_sample_publish_motion,2,23,0.1058,0.9737,1.444864
65536,delta_sample_publish_motion,2,24,0.107,0.9408,1.425408
65536,delta_sample_publish_motion,2,25,0.1055,0.9671,1.344512
65536,delta_sample_publish_motion,2,26,0.111,0.9396,1.380352
65536,delta_sample_publish_motion,2,27,0.1052,0.9495,1.302528
65536,delta_sample_publish_motion,2,28,0.1118,0.9376,1.20832
65536,delta_sample_publish_motion,2,29,0.1054,0.9592,1.349632
65536,delta_sample_publish_motion,2,30,0.1051,0.92,1.534976
65536,delta_sample_publish_motion,2,31,1.147,1.3448,1.678336
65536,delta_sample_publish_motion,2,32,0.7864,1.2178,1.357824
65536,delta_sample_publish_motion,2,33,0.1368,0.9974,1.460224
65536,delta_sample_publish_motion,2,34,0.1252,0.9214,1.299456
65536,delta_sample_publish_motion,2,35,0.1072,0.9735,1.44384
65536,delta_sample_publish_motion,2,36,0.1069,0.9906,1.412096
65536,delta_sample_publish_motion,2,37,0.1111,0.933,1.504256
65536,delta_sample_publish_motion,2,38,0.1065,0.9598,1.430528
65536,delta_sample_publish_motion,2,39,0.1101,0.9325,1.319936
65536,delta_sample_publish_motion,2,40,0.1067,0.9505,1.46432
65536,delta_sample_publish_motion,2,41,0.1063,0.9286,1.313792
65536,delta_sample_publish_motion,2,42,0.1059,0.9249,1.2288
65536,delta_sample_publish_motion,2,43,0.1057,0.9449,1.391616
65536,delta_sample_publish_motion,2,44,0.1057,0.9373,1.57184
65536,delta_sample_publish_motion,2,45,0.107,0.945,1.440768
65536,delta_sample_publish_motion,2,46,0.1071,0.9144,1.325056
65536,delta_sample_publish_motion,2,47,0.1053,0.9155,1.52064
65536,delta_sample_publish_motion,2,48,0.1081,0.9217,1.325056
65536,delta_sample_publish_motion,2,49,0.1051,0.9133,1.288192
65536,delta_sample_publish_motion,2,50,0.1055,5.9315,1.439744
65536,delta_sample_publish_motion,2,51,0.1066,0.9038,1.552384
65536,delta_sample_publish_motion,2,52,0.1064,0.9393,1.456128
65536,delta_sample_publish_motion,2,53,0.1125,0.8987,1.3568
65536,delta_sample_publish_motion,2,54,0.1053,0.9044,1.62816
65536,delta_sample_publish_motion,2,55,0.1054,0.9124,1.410048
65536,delta_sample_publish_motion,2,56,0.1064,0.8816,1.364992
65536,delta_sample_publish_motion,2,57,0.106,0.9083,1.511424
65536,delta_sample_publish_motion,2,58,0.1058,0.9139,1.581056
65536,delta_sample_publish_motion,2,59,0.1043,0.9113,1.494016
65536,delta_sample_publish_motion,2,60,0.112,1.9411,1.150976
65536,delta_sample_publish_motion,2,61,0.1049,0.8871,1.507328
65536,delta_sample_publish_motion,2,62,0.1054,0.9118,1.38752
65536,delta_sample_publish_motion,2,63,0.1048,0.8866,1.30048
65536,delta_sample_publish_motion,2,64,0.1054,0.8886,1.501184
65536,delta_sample_publish_motion,2,65,0.1051,0.9155,1.646592
65536,delta_sample_publish_motion,2,66,0.9549,1.2293,1.647616
65536,delta_sample_publish_motion,2,67,0.7161,1.0935,1.44384
65536,delta_sample_publish_motion,2,68,0.1137,0.911,1.5104
65536,delta_sample_publish_motion,2,69,0.1074,0.8737,1.375232
65536,delta_sample_publish_motion,2,70,0.1059,0.9059,1.324032
65536,delta_sample_publish_motion,2,71,0.1058,0.9102,1.4592
65536,delta_sample_publish_motion,2,72,0.1058,0.8815,1.581056
65536,delta_sample_publish_motion,2,73,0.1056,0.892,1.49504
65536,delta_sample_publish_motion,2,74,0.1064,0.8876,1.419264
65536,delta_sample_publish_motion,2,75,0.1053,0.9092,1.518592
65536,delta_sample_publish_motion,2,76,0.1191,0.8569,1.369088
65536,delta_sample_publish_motion,2,77,0.1062,0.9164,1.347584
65536,delta_sample_publish_motion,2,78,0.1061,0.8765,1.4336
65536,delta_sample_publish_motion,2,79,0.1053,0.8889,1.581056
65536,delta_sample_publish_motion,2,80,0.1056,0.9061,1.486848
65536,delta_sample_publish_motion,2,81,0.1113,0.8649,1.368064
65536,delta_sample_publish_motion,2,82,0.1058,0.8981,1.491968
65536,delta_sample_publish_motion,2,83,0.1051,0.8773,1.363968
65536,delta_sample_publish_motion,2,84,0.1067,0.9197,1.275904
65536,delta_sample_publish_motion,2,85,0.1053,0.8899,1.447936
65536,delta_sample_publish_motion,2,86,0.106,0.9004,1.604608
65536,delta_sample_publish_motion,2,87,0.1061,0.8783,1.486848
65536,delta_sample_publish_motion,2,88,0.1061,0.9044,1.355776
65536,delta_sample_publish_motion,2,89,0.111,0.8768,1.522688
65536,delta_sample_publish_motion,2,90,0.1052,0.891,1.447936
65536,delta_sample_publish_motion,2,91,0.1045,0.899,1.235968
65536,delta_sample_publish_motion,2,92,0.1045,0.8804,1.406976
65536,delta_sample_publish_motion,2,93,0.1054,0.8497,1.575936
65536,delta_sample_publish_motion,2,94,0.1169,0.9056,1.6128
65536,delta_sample_publish_motion,2,95,0.1041,0.8482,1.432576
65536,delta_sample_publish_motion,2,96,0.1049,0.9377,1.52576
65536,delta_sample_publish_motion,2,97,0.1063,0.875,1.344512
65536,delta_sample_publish_motion,2,98,0.1066,0.9123,1.314816
65536,delta_sample_publish_motion,2,99,0.1046,0.9002,1.41824
65536,delta_sample_publish_motion,2,100,0.105,0.9267,1.604608
65536,delta_sample_publish_motion,2,101,0.1054,0.8327,1.446912
65536,delta_sample_publish_motion,2,102,0.1053,0.8657,1.393664
65536,delta_sample_publish_motion,2,103,0.1066,0.8256,1.522688
65536,delta_sample_publish_motion,2,104,0.1123,0.9096,1.373184
65536,delta_sample_publish_motion,2,105,0.111,0.8783,1.366016
65536,delta_sample_publish_motion,2,106,0.1054,0.9274,1.50016
65536,delta_sample_publish_motion,2,107,0.1154,0.9017,1.600512
65536,delta_sample_publish_motion,2,108,0.8905,1.0729,1.608704
65536,delta_sample_publish_motion,2,109,0.7842,1.0565,1.41312
65536,delta_sample_publish_motion,2,110,0.1781,1.0137,1.577984
65536,delta_sample_publish_motion,2,111,0.1595,0.929,1.347584
65536,delta_sample_publish_motion,2,112,0.1253,0.8773,1.297408
65536,delta_sample_publish_motion,2,113,0.1066,0.8599,3.34336
65536,delta_sample_publish_motion,2,114,0.1048,0.8422,1.32608
65536,delta_sample_publish_motion,2,115,0.1059,0.8226,1.476608
65536,delta_sample_publish_motion,2,116,0.1055,0.8667,1.332224
65536,delta_sample_publish_motion,2,117,0.106,0.8364,1.46944
65536,delta_sample_publish_motion,2,118,0.1053,0.8467,1.30048
65536,delta_sample_publish_motion,2,119,0.1053,0.8291,1.241088
65536,delta_sample_publish_motion,3,0,0.0989,0.997,1.016832
65536,delta_sample_publish_motion,3,1,0.0997,1.0073,1.224704
65536,delta_sample_publish_motion,3,2,0.0998,0.9746,1.36704
65536,delta_sample_publish_motion,3,3,0.0999,0.9909,1.327104
65536,delta_sample_publish_motion,3,4,0.0996,0.9992,1.134592
65536,delta_sample_publish_motion,3,5,0.1005,1.0002,1.267712
65536,delta_sample_publish_motion,3,6,0.0997,0.9788,1.226752
65536,delta_sample_publish_motion,3,7,0.1014,0.9874,1.079296
65536,delta_sample_publish_motion,3,8,0.1008,1.0144,1.261568
65536,delta_sample_publish_motion,3,9,0.1017,0.9783,1.421312
65536,delta_sample_publish_motion,3,10,0.1006,0.9919,1.386496
65536,delta_sample_publish_motion,3,11,0.1073,0.9787,1.112064
65536,delta_sample_publish_motion,3,12,0.101,0.9964,1.312768
65536,delta_sample_publish_motion,3,13,0.1067,0.9747,1.26464
65536,delta_sample_publish_motion,3,14,0.1042,1.1676,1.106944
65536,delta_sample_publish_motion,3,15,0.1022,0.9737,1.302528
65536,delta_sample_publish_motion,3,16,0.104,1.0037,1.36192
65536,delta_sample_publish_motion,3,17,0.1039,0.9835,1.349632
65536,delta_sample_publish_motion,3,18,0.1027,1.0036,1.160192
65536,delta_sample_publish_motion,3,19,0.1025,0.9889,1.350656
65536,delta_sample_publish_motion,3,20,0.1144,0.9927,1.241088
65536,delta_sample_publish_motion,3,21,0.1136,0.9811,1.18784
65536,delta_sample_publish_motion,3,22,0.1075,0.9811,1.268736
65536,delta_sample_publish_motion,3,23,0.1139,0.9952,3.330048
65536,delta_sample_publish_motion,3,24,0.1532,1.0083,1.074176
65536,delta_sample_publish_motion,3,25,0.1035,0.9702,1.200128
65536,delta_sample_publish_motion,3,26,0.1025,0.9978,1.352704
65536,delta_sample_publish_motion,3,27,0.103,0.9501,1.24416
65536,delta_sample_publish_motion,3,28,0.1021,0.9787,1.11616
65536,delta_sample_publish_motion,3,29,0.1055,0.9661,1.293312
65536,delta_sample_publish_motion,3,30,0.1024,0.9912,1.412096
65536,delta_sample_publish_motion,3,31,0.103,0.9548,1.343488
65536,delta_sample_publish_motion,3,32,0.1318,1.0917,1.191936
65536,delta_sample_publish_motion,3,33,0.1261,0.9661,1.373184
65536,delta_sample_publish_motion,3,34,0.1045,0.9744,1.263616
65536,delta_sample_publish_motion,3,35,0.1067,0.9649,1.161216
65536,delta_sample_publish_motion,3,36,0.1044,0.9833,1.329152
65536,delta_sample_publish_motion,3,37,0.1024,0.9616,1.44384
65536,delta_sample_publish_motion,3,38,0.1193,0.9735,1.354752
65536,delta_sample_publish_motion,3,39,0.1153,0.9735,1.23904
65536,delta_sample_publish_motion,3,40,0.1101,0.9608,1.350656
65536,delta_sample_publish_motion,3,41,0.1071,0.9686,1.3056
65536,delta_sample_publish_motion,3,42,0.1374,1.0797,1.23392
65536,delta_sample_publish_motion,3,43,0.1297,0.9804,1.383424
65536,delta_sample_publish_motion,3,44,0.1105,1.0127,1.471488
65536,delta_sample_publish_motion,3,45,0.1031,0.9778,1.31584
65536,delta_sample_publish_motion,3,46,0.1096,0.9493,1.230848
65536,delta_sample_publish_motion,3,47,0.1033,0.9204,1.395712
65536,delta_sample_publish_motion,3,48,0.1034,0.9653,1.232896
65536,delta_sample_publish_motion,3,49,0.1024,0.9426,1.205248
65536,delta_sample_publish_motion,3,50,0.1035,0.9175,1.434624
65536,delta_sample_publish_motion,3,51,0.1052,0.944,1.502208
65536,delta_sample_publish_motion,3,52,0.1056,0.9602,1.404928
65536,delta_sample_publish_motion,3,53,0.1124,0.9423,1.332224
65536,delta_sample_publish_motion,3,54,0.1041,0.9685,1.46944
65536,delta_sample_publish_motion,3,55,0.1025,0.9656,1.32096
65536,delta_sample_publish_motion,3,56,0.1035,0.9334,1.212416
65536,delta_sample_publish_motion,3,57,0.1025,0.955,1.461248
65536,delta_sample_publish_motion,3,58,0.1025,0.9591,1.518592
65536,delta_sample_publish_motion,3,59,0.1033,0.9184,1.432576
65536,delta_sample_publish_motion,3,60,0.1043,0.9601,1.316864
65536,delta_sample_publish_motion,3,61,0.109,0.9456,1.449984
65536,delta_sample_publish_motion,3,62,0.1035,0.9363,1.299456
65536,delta_sample_publish_motion,3,63,0.1034,0.9385,1.220608
65536,delta_sample_publish_motion,3,64,0.104,0.9462,1.415168
65536,delta_sample_publish_motion,3,65,0.1037,0.9453,1.630208
65536,delta_sample_publish_motion,3,66,0.1033,0.9566,1.416192
65536,delta_sample_publish_motion,3,67,0.1051,0.9346,1.415168
65536,delta_sample_publish_motion,3,68,0.1056,0.9609,1.467392
65536,delta_sample_publish_motion,3,69,0.1046,0.9417,1.347584
65536,delta_sample_publish_motion,3,70,0.1034,0.9311,1.24928
65536,delta_sample_publish_motion,3,71,0.1025,0.9583,1.416192
65536,delta_sample_publish_motion,3,72,0.1052,0.9215,1.553408
65536,delta_sample_publish_motion,3,73,0.103,0.9545,1.514496
65536,delta_sample_publish_motion,3,74,0.1036,0.9477,1.445888
65536,delta_sample_publish_motion,3,75,0.1101,0.9544,1.490944
65536,delta_sample_publish_motion,3,76,0.1081,0.961,1.40288
65536,delta_sample_publish_motion,3,77,0.1032,0.9492,1.396736
65536,delta_sample_publish_motion,3,78,0.1055,0.9511,1.456128
65536,delta_sample_publish_motion,3,79,0.1052,0.9275,1.636352
65536,delta_sample_publish_motion,3,80,0.1024,0.9375,1.526784
65536,delta_sample_publish_motion,3,81,0.1042,0.9558,1.380352
65536,delta_sample_publish_motion,3,82,0.1112,0.9252,1.583104
65536,delta_sample_publish_motion,3,83,0.1023,0.9427,1.335296
65536,delta_sample_publish_motion,3,84,0.1052,0.9043,1.348608
65536,delta_sample_publish_motion,3,85,0.1072,0.9043,2.505728
65536,delta_sample_publish_motion,3,86,0.1534,0.9523,1.66912
65536,delta_sample_publish_motion,3,87,0.1021,0.9779,1.611776
65536,delta_sample_publish_motion,3,88,0.1032,0.9542,1.452032
65536,delta_sample_publish_motion,3,89,0.1071,0.958,1.584128
65536,delta_sample_publish_motion,3,90,0.1159,0.9241,1.384448
65536,delta_sample_publish_motion,3,91,0.1043,0.9137,1.308672
65536,delta_sample_publish_motion,3,92,0.1026,0.9455,1.497088
65536,delta_sample_publish_motion,3,93,0.1031,0.9198,1.59744
65536,delta_sample_publish_motion,3,94,0.1028,0.877,1.62304
65536,delta_sample_publish_motion,3,95,0.1022,0.9365,1.507328
65536,delta_sample_publish_motion,3,96,0.1105,0.9348,1.569792
65536,delta_sample_publish_motion,3,97,0.1052,0.9245,1.383424
65536,delta_sample_publish_motion,3,98,0.1028,0.9146,1.316864
65536,delta_sample_publish_motion,3,99,0.1024,0.9254,1.4592
65536,delta_sample_publish_motion,3,100,0.1033,0.9229,1.620992
65536,delta_sample_publish_motion,3,101,0.1027,0.8807,1.427456
65536,delta_sample_publish_motion,3,102,0.1053,0.8989,1.37216
65536,delta_sample_publish_motion,3,103,0.1085,0.8891,1.538048
65536,delta_sample_publish_motion,3,104,0.1021,0.9329,1.452032
65536,delta_sample_publish_motion,3,105,0.1023,0.8964,1.35168
65536,delta_sample_publish_motion,3,106,0.1089,0.9257,1.475584
65536,delta_sample_publish_motion,3,107,0.1021,0.8876,1.632256
65536,delta_sample_publish_motion,3,108,0.1019,0.9327,1.519616
65536,delta_sample_publish_motion,3,109,0.1033,0.8916,1.408
65536,delta_sample_publish_motion,3,110,0.1034,0.9115,1.527808
65536,delta_sample_publish_motion,3,111,0.1051,0.905,1.369088
65536,delta_sample_publish_motion,3,112,0.1088,0.8827,1.375232
65536,delta_sample_publish_motion,3,113,0.1051,0.9316,1.456128
65536,delta_sample_publish_motion,3,114,0.1026,0.9133,1.645568
65536,delta_sample_publish_motion,3,115,0.1025,0.9171,1.496064
65536,delta_sample_publish_motion,3,116,0.1043,0.9036,1.421312
65536,delta_sample_publish_motion,3,117,0.1027,0.9036,1.593344
65536,delta_sample_publish_motion,3,118,0.1032,0.9097,1.44384
65536,delta_sample_publish_motion,3,119,0.1055,0.9041,1.316864
131072,sample_publish_motion,1,0,0.2088,0.0046,0.39936
131072,sample_publish_motion,1,1,0.2206,0.0031,0.392192
131072,sample_publish_motion,1,2,0.2172,0.0024,0.395264
131072,sample_publish_motion,1,3,0.2069,0.0023,0.391168
131072,sample_publish_motion,1,4,0.2038,0.0024,0.387072
131072,sample_publish_motion,1,5,0.1998,0.003,0.398336
131072,sample_publish_motion,1,6,0.2046,0.0023,0.398336
131072,sample_publish_motion,1,7,0.2029,0.0026,0.400384
131072,sample_publish_motion,1,8,0.2085,0.0025,0.398336
131072,sample_publish_motion,1,9,0.2148,0.003,0.400384
131072,sample_publish_motion,1,10,0.2163,0.0026,0.391168
131072,sample_publish_motion,1,11,0.2145,0.0027,0.405504
131072,sample_publish_motion,1,12,0.2186,0.0029,0.398336
131072,sample_publish_motion,1,13,0.2237,0.0025,0.39936
131072,sample_publish_motion,1,14,0.2218,0.0036,0.397312
131072,sample_publish_motion,1,15,0.2302,0.0029,0.395264
131072,sample_publish_motion,1,16,0.226,0.0029,0.416768
131072,sample_publish_motion,1,17,0.2314,0.0027,0.397312
131072,sample_publish_motion,1,18,0.2287,0.0028,0.407552
131072,sample_publish_motion,1,19,0.2264,0.0037,0.40448
131072,sample_publish_motion,1,20,0.2404,0.0026,0.4096
131072,sample_publish_motion,1,21,0.2278,0.0026,0.401408
131072,sample_publish_motion,1,22,0.2277,0.0029,0.408576
131072,sample_publish_motion,1,23,0.2283,0.0029,0.4096
131072,sample_publish_motion,1,24,0.2272,0.0028,0.408576
131072,sample_publish_motion,1,25,0.2314,0.0027,0.407552
131072,sample_publish_motion,1,26,0.2281,0.0028,0.401408
131072,sample_publish_motion,1,27,0.2251,0.003,0.406528
131072,sample_publish_motion,1,28,0.2307,0.0028,0.401408
131072,sample_publish_motion,1,29,0.2392,0.0027,0.410624
131072,sample_publish_motion,1,30,0.2329,0.0028,0.39936
131072,sample_publish_motion,1,31,0.2315,0.0036,0.4096
131072,sample_publish_motion,1,32,0.2733,0.0036,0.41472
131072,sample_publish_motion,1,33,0.2957,0.0028,0.403456
131072,sample_publish_motion,1,34,0.2773,0.0028,0.42496
131072,sample_publish_motion,1,35,0.2609,0.0028,0.416768
131072,sample_publish_motion,1,36,0.2551,0.0028,0.403456
131072,sample_publish_motion,1,37,0.2466,0.0028,0.4096
131072,sample_publish_motion,1,38,0.2396,0.0026,0.398336
131072,sample_publish_motion,1,39,0.2711,0.003,0.405504
131072,sample_publish_motion,1,40,0.2449,0.0025,0.40448
131072,sample_publish_motion,1,41,0.2356,0.0032,0.403456
131072,sample_publish_motion,1,42,0.2356,0.0028,0.410624
131072,sample_publish_motion,1,43,0.2392,0.0027,0.39424
131072,sample_publish_motion,1,44,0.2404,0.0032,0.402432
131072,sample_publish_motion,1,45,0.2343,0.0027,0.410624
131072,sample_publish_motion,1,46,0.2318,0.003,0.415744
131072,sample_publish_motion,1,47,0.2343,0.0027,0.400384
131072,sample_publish_motion,1,48,0.2314,0.0028,0.403456
131072,sample_publish_motion,1,49,0.2354,0.003,0.417792
131072,sample_publish_motion,1,50,0.2401,0.003,0.395264
131072,sample_publish_motion,1,51,0.231,0.0028,0.411648
131072,sample_publish_motion,1,52,0.2297,0.0029,0.403456
131072,sample_publish_motion,1,53,0.2303,0.0027,0.403456
131072,sample_publish_motion,1,54,0.2262,0.0028,0.413696
131072,sample_publish_motion,1,55,0.2382,0.0027,0.400384
131072,sample_publish_motion,1,56,0.2314,0.0026,0.403456
131072,sample_publish_motion,1,57,0.2286,0.0026,0.40448
131072,sample_publish_motion,1,58,0.2293,0.0029,0.405504
131072,sample_publish_motion,1,59,0.2281,0.0037,0.411648
131072,sample_publish_motion,1,60,0.3038,0.0028,0.405504
131072,sample_publish_motion,1,61,0.2249,0.0028,0.4096
131072,sample_publish_motion,1,62,0.2298,0.0026,0.403456
131072,sample_publish_motion,1,63,0.2328,0.0027,0.398336
131072,sample_publish_motion,1,64,0.2269,0.0032,0.41472
131072,sample_publish_motion,1,65,0.2377,0.003,0.401408
131072,sample_publish_motion,1,66,0.2367,0.0026,0.411648
131072,sample_publish_motion,1,67,0.2318,0.0025,0.408576
131072,sample_publish_motion,1,68,0.2316,0.0025,0.393216
131072,sample_publish_motion,1,69,0.2293,0.0029,0.400384
131072,sample_publish_motion,1,70,0.2386,0.0026,0.420864
131072,sample_publish_motion,1,71,0.2332,0.0025,0.406528
131072,sample_publish_motion,1,72,0.2286,0.0027,0.413696
131072,sample_publish_motion,1,73,0.2293,0.0027,0.416768
131072,sample_publish_motion,1,74,0.3212,0.0038,0.415744
131072,sample_publish_motion,1,75,0.233,0.0036,0.415744
131072,sample_publish_motion,1,76,0.325,0.0029,0.452608
131072,sample_publish_motion,1,77,0.3217,0.0032,0.415744
131072,sample_publish_motion,1,78,0.2271,0.003,0.415744
131072,sample_publish_motion,1,79,0.2282,0.0028,0.410624
131072,sample_publish_motion,1,80,0.226,0.003,0.412672
131072,sample_publish_motion,1,81,0.2275,0.0027,0.41984
131072,sample_publish_motion,1,82,0.2218,0.0024,0.41984
131072,sample_publish_motion,1,83,0.2173,0.0026,0.43008
131072,sample_publish_motion,1,84,0.3125,0.0026,0.411648
131072,sample_publish_motion,1,85,0.2317,0.0032,0.411648
131072,sample_publish_motion,1,86,0.3106,0.0027,0.428032
131072,sample_publish_motion,1,87,0.2179,0.0023,0.407552
131072,sample_publish_motion,1,88,0.2179,0.0024,0.41472
131072,sample_publish_motion,1,89,0.2114,0.0024,0.418816
131072,sample_publish_motion,1,90,0.224,0.0028,0.408576
131072,sample_publish_motion,1,91,0.3004,0.0025,0.40448
131072,sample_publish_motion,1,92,0.21,0.0026,0.40448
131072,sample_publish_motion,1,93,0.2083,0.0027,0.408576
131072,sample_publish_motion,1,94,0.2113,0.0025,0.413696
131072,sample_publish_motion,1,95,0.2889,0.0025,0.411648
131072,sample_publish_motion,1,96,0.2012,0.0024,0.408576
131072,sample_publish_motion,1,97,0.199,0.0022,0.405504
131072,sample_publish_motion,1,98,0.1986,0.0026,0.407552
131072,sample_publish_motion,1,99,0.2017,0.0022,0.403456
131072,sample_publish_motion,1,100,0.2004,0.0023,0.402432
131072,sample_publish_motion,1,101,0.2,0.0028,0.406528
131072,sample_publish_motion,1,102,0.1995,0.0023,0.36864
131072,sample_publish_motion,1,103,0.1971,0.0023,0.370688
131072,sample_publish_motion,1,104,0.1952,0.003,0.346112
131072,sample_publish_motion,1,105,0.2055,0.0023,0.360448
131072,sample_publish_motion,1,106,0.2044,0.003,0.372736
131072,sample_publish_motion,1,107,0.1975,0.0031,0.376832
131072,sample_publish_motion,1,108,0.2848,0.0036,0.371712
131072,sample_publish_motion,1,109,0.2008,0.0024,0.366592
131072,sample_publish_motion,1,110,0.1976,0.0029,0.34304
131072,sample_publish_motion,1,111,0.2039,0.0025,0.365568
131072,sample_publish_motion,1,112,0.2013,0.0025,0.36864
131072,sample_publish_motion,1,113,0.2171,0.0027,0.359424
131072,sample_publish_motion,1,114,0.203,0.0027,0.369664
131072,sample_publish_motion,1,115,0.2009,0.003,0.369664
131072,sample_publish_motion,1,116,0.2163,0.0028,0.370688
131072,sample_publish_motion,1,117,0.2034,0.0034,0.372736
131072,sample_publish_motion,1,118,0.2033,0.0024,0.352256
131072,sample_publish_motion,1,119,0.2203,0.0022,0.36352
131072,sample_publish_motion,2,0,0.2288,0.0041,0.376832
131072,sample_publish_motion,2,1,0.2293,0.0026,0.357376
131072,sample_publish_motion,2,2,0.2322,0.0024,0.359424
131072,sample_publish_motion,2,3,0.2274,0.0024,0.36864
131072,sample_publish_motion,2,4,0.3182,0.0027,0.380928
131072,sample_publish_motion,2,5,0.227,0.0024,0.364544
131072,sample_publish_motion,2,6,0.224,0.0023,0.36352
131072,sample_publish_motion,2,7,0.3182,0.0024,0.379904
131072,sample_publish_motion,2,8,0.2271,0.0029,0.349184
131072,sample_publish_motion,2,9,0.2294,0.0024,0.376832
131072,sample_publish_motion,2,10,0.2286,0.0028,0.34816
131072,sample_publish_motion,2,11,0.2322,0.0024,0.36352
131072,sample_publish_motion,2,12,0.2266,0.0027,0.367616
131072,sample_publish_motion,2,13,0.2332,0.0026,0.365568
131072,sample_publish_motion,2,14,0.227,0.0027,0.384
131072,sample_publish_motion,2,15,0.2311,0.0027,0.361472
131072,sample_publish_motion,2,16,0.2347,0.0023,0.364544
131072,sample_publish_motion,2,17,0.2314,0.0036,0.364544
131072,sample_publish_motion,2,18,0.3265,0.0024,0.366592
131072,sample_publish_motion,2,19,0.3224,0.0027,0.36352
131072,sample_publish_motion,2,20,0.2268,0.0028,0.34816
131072,sample_publish_motion,2,21,0.2313,0.0025,0.36352
131072,sample_publish_motion,2,22,0.2276,0.0037,0.355328
131072,sample_publish_motion,2,23,0.3229,0.0037,0.379904
131072,sample_publish_motion,2,24,0.2307,0.0028,0.340992
131072,sample_publish_motion,2,25,0.2202,0.0024,0.360448
131072,sample_publish_motion,2,26,0.2169,0.0035,0.34816
131072,sample_publish_motion,2,27,0.2891,0.0022,0.366592
131072,sample_publish_motion,2,28,0.2138,0.0025,0.370688
131072,sample_publish_motion,2,29,0.2201,0.0026,0.346112
131072,sample_publish_motion,2,30,0.2218,0.0022,0.355328
131072,sample_publish_motion,2,31,0.213,0.0026,0.360448
131072,sample_publish_motion,2,32,0.2188,0.0024,0.362496
131072,sample_publish_motion,2,33,0.2161,0.0026,0.374784
131072,sample_publish_motion,2,34,0.2146,0.0027,0.356352
131072,sample_publish_motion,2,35,0.2075,0.0023,0.3584
131072,sample_publish_motion,2,36,0.2082,0.0021,0.36352
131072,sample_publish_motion,2,37,0.2891,0.0022,0.361472
131072,sample_publish_motion,2,38,0.2011,0.0024,0.338944
131072,sample_publish_motion,2,39,0.2018,0.0023,0.37376
131072,sample_publish_motion,2,40,0.2136,0.0022,0.359424
131072,sample_publish_motion,2,41,0.2028,0.0025,0.34304
131072,sample_publish_motion,2,42,0.2119,0.0021,0.3584
131072,sample_publish_motion,2,43,0.2007,0.0022,0.34304
131072,sample_publish_motion,2,44,0.2022,0.0029,0.372736
131072,sample_publish_motion,2,45,0.2015,0.0022,0.34304
131072,sample_publish_motion,2,46,0.2033,0.0021,0.356352
131072,sample_publish_motion,2,47,0.2005,0.0024,0.357376
131072,sample_publish_motion,2,48,0.2062,0.0023,0.344064
131072,sample_publish_motion,2,49,0.2005,0.0023,0.344064
131072,sample_publish_motion,2,50,0.2027,0.0021,0.357376
131072,sample_publish_motion,2,51,0.1966,0.0022,0.36352
131072,sample_publish_motion,2,52,0.198,0.0021,0.37376
131072,sample_publish_motion,2,53,0.2811,0.0021,0.340992
131072,sample_publish_motion,2,54,0.1985,0.0021,0.349184
131072,sample_publish_motion,2,55,0.1972,0.0023,0.344064
131072,sample_publish_motion,2,56,0.1983,0.002,0.34304
131072,sample_publish_motion,2,57,0.2011,0.0022,0.340992
131072,sample_publish_motion,2,58,0.1993,0.0023,0.36352
131072,sample_publish_motion,2,59,0.2031,0.0021,0.342016
131072,sample_publish_motion,2,60,0.1985,0.0021,0.344064
131072,sample_publish_motion,2,61,0.1959,0.0022,0.34304
131072,sample_publish_motion,2,62,0.1947,0.0023,0.349184
131072,sample_publish_motion,2,63,0.1999,0.0023,0.340992
131072,sample_publish_motion,2,64,0.1998,0.0022,0.342016
131072,sample_publish_motion,2,65,0.1943,0.0022,0.32768
131072,sample_publish_motion,2,66,0.2019,0.002,0.340992
131072,sample_publish_motion,2,67,0.1965,0.0021,0.340992
131072,sample_publish_motion,2,68,0.1946,0.0021,0.340992
131072,sample_publish_motion,2,69,0.1942,0.0021,0.350208
131072,sample_publish_motion,2,70,0.2037,0.0025,0.342016
131072,sample_publish_motion,2,71,0.2019,0.0022,0.338944
131072,sample_publish_motion,2,72,0.1974,0.0024,0.336896
131072,sample_publish_motion,2,73,0.1967,0.0027,0.334848
131072,sample_publish_motion,2,74,0.2006,0.002,0.338944
131072,sample_publish_motion,2,75,0.1996,0.0023,0.354304
131072,sample_publish_motion,2,76,0.2025,0.0022,0.340992
131072,sample_publish_motion,2,77,0.2017,0.0023,0.345088
131072,sample_publish_motion,2,78,0.2,0.0021,0.351232
131072,sample_publish_motion,2,79,0.2844,0.0023,0.354304
131072,sample_publish_motion,2,80,0.2034,0.0031,0.345088
131072,sample_publish_motion,2,81,0.2826,0.0021,0.340992
131072,sample_publish_motion,2,82,0.1968,0.0025,0.347136
131072,sample_publish_motion,2,83,0.1978,0.002,0.340992
131072,sample_publish_motion,2,84,0.1987,0.0026,0.339968
131072,sample_publish_motion,2,85,0.1978,0.0029,0.345088
131072,sample_publish_motion,2,86,0.2142,0.0027,0.333824
131072,sample_publish_motion,2,87,0.2167,0.0023,0.344064
131072,sample_publish_motion,2,88,0.208,0.0034,0.352256
131072,sample_publish_motion,2,89,0.3203,0.0023,0.342016
131072,sample_publish_motion,2,90,0.2359,0.0022,0.355328
131072,sample_publish_motion,2,91,0.2237,0.0022,0.345088
131072,sample_publish_motion,2,92,0.2165,0.0028,0.3328
131072,sample_publish_motion,2,93,0.2091,0.0021,0.347136
131072,sample_publish_motion,2,94,0.2064,0.0021,0.350208
131072,sample_publish_motion,2,95,0.2848,0.0026,0.34304
131072,sample_publish_motion,2,96,0.203,0.0023,0.349184
131072,sample_publish_motion,2,97,0.1992,0.0024,0.339968
131072,sample_publish_motion,2,98,0.1997,0.0022,0.338944
131072,sample_publish_motion,2,99,0.1999,0.0023,0.339968
131072,sample_publish_motion,2,100,0.2007,0.0024,0.342016
131072,sample_publish_motion,2,101,0.1966,0.0021,0.34304
131072,sample_publish_motion,2,102,0.1964,0.0023,0.350208
131072,sample_publish_motion,2,103,0.1977,0.002,0.342016
131072,sample_publish_motion,2,104,0.1969,0.0022,0.35328
131072,sample_publish_motion,2,105,0.2028,0.0025,0.342016
131072,sample_publish_motion,2,106,0.2034,0.0023,0.339968
131072,sample_publish_motion,2,107,0.2006,0.0022,0.351232
131072,sample_publish_motion,2,108,0.2004,0.0024,0.352256
131072,sample_publish_motion,2,109,0.2059,0.0023,0.34816
131072,sample_publish_motion,2,110,0.1968,0.0023,0.349184
131072,sample_publish_motion,2,111,0.1991,0.0025,0.354304
131072,sample_publish_motion,2,112,0.1996,0.0024,0.339968
131072,sample_publish_motion,2,113,0.1998,0.0028,0.334848
131072,sample_publish_motion,2,114,0.1978,0.0023,0.350208
131072,sample_publish_motion,2,115,0.2011,0.0019,0.34304
131072,sample_publish_motion,2,116,0.195,0.0022,0.347136
131072,sample_publish_motion,2,117,0.1948,0.0021,0.352256
131072,sample_publish_motion,2,118,0.1985,0.0024,0.34304
131072,sample_publish_motion,2,119,0.195,0.0023,0.340992
131072,sample_publish_motion,3,0,0.2132,0.0035,0.36352
131072,sample_publish_motion,3,1,0.2093,0.0046,0.369664
131072,sample_publish_motion,3,2,0.263,0.003,0.372736
131072,sample_publish_motion,3,3,0.2363,0.0037,0.37376
131072,sample_publish_motion,3,4,0.2272,0.0024,0.364544
131072,sample_publish_motion,3,5,0.2174,0.0037,0.365568
131072,sample_publish_motion,3,6,0.214,0.0023,0.369664
131072,sample_publish_motion,3,7,0.2104,0.0021,0.37376
131072,sample_publish_motion,3,8,0.2077,0.0047,0.37888
131072,sample_publish_motion,3,9,0.2917,0.0033,0.369664
131072,sample_publish_motion,3,10,0.2993,0.0024,0.362496
131072,sample_publish_motion,3,11,0.2369,0.0035,0.359424
131072,sample_publish_motion,3,12,0.3008,0.0023,0.362496
131072,sample_publish_motion,3,13,0.2185,0.0025,0.370688
131072,sample_publish_motion,3,14,0.2113,0.0022,0.364544
131072,sample_publish_motion,3,15,0.2077,0.0023,0.36352
131072,sample_publish_motion,3,16,0.2037,0.0032,0.38912
131072,sample_publish_motion,3,17,0.2252,0.0023,0.369664
131072,sample_publish_motion,3,18,0.2,0.0031,0.36864
131072,sample_publish_motion,3,19,0.2153,0.0024,0.36864
131072,sample_publish_motion,3,20,0.197,0.0022,0.379904
131072,sample_publish_motion,3,21,0.1962,0.0031,0.367616
131072,sample_publish_motion,3,22,0.198,0.0027,0.360448
131072,sample_publish_motion,3,23,0.2393,0.0022,0.365568
131072,sample_publish_motion,3,24,0.2876,0.002,0.36352
131072,sample_publish_motion,3,25,0.199,0.0026,0.349184
131072,sample_publish_motion,3,26,0.2033,0.0024,0.359424
131072,sample_publish_motion,3,27,0.2013,0.0031,0.369664
131072,sample_publish_motion,3,28,0.1974,0.0022,0.366592
131072,sample_publish_motion,3,29,0.1991,0.0021,0.380928
131072,sample_publish_motion,3,30,0.1981,0.0026,0.367616
131072,sample_publish_motion,3,31,0.1923,0.0023,0.374784
131072,sample_publish_motion,3,32,0.1971,0.0022,0.362496
131072,sample_publish_motion,3,33,0.1978,0.0023,0.364544
131072,sample_publish_motion,3,34,0.2106,0.0023,0.365568
131072,sample_publish_motion,3,35,0.2018,0.0024,0.367616
131072,sample_publish_motion,3,36,0.2001,0.0031,0.376832
131072,sample_publish_motion,3,37,0.2242,0.0029,0.36864
131072,sample_publish_motion,3,38,0.2109,0.0023,0.36352
131072,sample_publish_motion,3,39,0.2061,0.0029,0.357376
131072,sample_publish_motion,3,40,0.2202,0.0027,0.365568
131072,sample_publish_motion,3,41,0.2153,0.0027,0.375808
131072,sample_publish_motion,3,42,0.2909,0.0024,0.385024
131072,sample_publish_motion,3,43,0.216,0.0028,0.37376
131072,sample_publish_motion,3,44,0.2155,0.0027,0.371712
131072,sample_publish_motion,3,45,0.2122,0.0027,0.37888
131072,sample_publish_motion,3,46,0.2133,0.0027,0.386048
131072,sample_publish_motion,3,47,0.2198,0.0027,0.39424
131072,sample_publish_motion,3,48,0.2157,0.0033,0.372736
131072,sample_publish_motion,3,49,0.2177,0.0029,0.36864
131072,sample_publish_motion,3,50,0.2095,0.0028,0.366592
131072,sample_publish_motion,3,51,0.2119,0.0033,0.37376
131072,sample_publish_motion,3,52,0.2138,0.003,0.372736
131072,sample_publish_motion,3,53,0.2111,0.0029,0.374784
131072,sample_publish_motion,3,54,0.2117,0.0024,0.366592
131072,sample_publish_motion,3,55,0.2061,0.0023,0.367616
131072,sample_publish_motion,3,56,0.2037,0.0024,0.369664
131072,sample_publish_motion,3,57,0.2021,0.0028,0.36864
131072,sample_publish_motion,3,58,0.2007,0.0023,0.36864
131072,sample_publish_motion,3,59,0.2026,0.0026,0.366592
131072,sample_publish_motion,3,60,0.1983,0.0027,0.352256
131072,sample_publish_motion,3,61,0.2022,0.0023,0.359424
131072,sample_publish_motion,3,62,0.2838,0.0028,0.364544
131072,sample_publish_motion,3,63,0.2086,0.0026,0.364544
131072,sample_publish_motion,3,64,0.2022,0.0022,0.366592
131072,sample_publish_motion,3,65,0.2176,0.0037,0.376832
131072,sample_publish_motion,3,66,0.227,0.0025,0.371712
131072,sample_publish_motion,3,67,0.211,0.0023,0.37888
131072,sample_publish_motion,3,68,0.2883,0.0024,0.370688
131072,sample_publish_motion,3,69,0.2045,0.0024,0.36352
131072,sample_publish_motion,3,70,0.2876,0.002,0.361472
131072,sample_publish_motion,3,71,0.1996,0.0023,0.402432
131072,sample_publish_motion,3,72,0.2048,0.0023,0.36864
131072,sample_publish_motion,3,73,0.2037,0.0022,0.369664
131072,sample_publish_motion,3,74,0.1975,0.0022,0.365568
131072,sample_publish_motion,3,75,0.1971,0.0028,0.36864
131072,sample_publish_motion,3,76,0.1965,0.0027,0.371712
131072,sample_publish_motion,3,77,0.2854,0.0024,0.36864
131072,sample_publish_motion,3,78,0.1979,0.003,0.388096
131072,sample_publish_motion,3,79,0.2811,0.0038,0.381952
131072,sample_publish_motion,3,80,0.2839,0.0044,0.374784
131072,sample_publish_motion,3,81,0.3224,0.0038,0.384
131072,sample_publish_motion,3,82,0.3061,0.0042,0.392192
131072,sample_publish_motion,3,83,0.325,0.004,0.38912
131072,sample_publish_motion,3,84,0.2805,0.0025,0.371712
131072,sample_publish_motion,3,85,0.2561,0.0027,0.379904
131072,sample_publish_motion,3,86,0.2344,0.0034,0.37376
131072,sample_publish_motion,3,87,0.2299,0.003,0.370688
131072,sample_publish_motion,3,88,0.2092,0.0028,0.357376
131072,sample_publish_motion,3,89,0.2121,0.0021,0.357376
131072,sample_publish_motion,3,90,0.2119,0.0034,0.371712
131072,sample_publish_motion,3,91,0.2025,0.0027,0.376832
131072,sample_publish_motion,3,92,0.2118,0.0035,0.360448
131072,sample_publish_motion,3,93,0.3058,0.0025,0.362496
131072,sample_publish_motion,3,94,0.2126,0.0026,0.356352
131072,sample_publish_motion,3,95,0.2251,0.0026,0.36352
131072,sample_publish_motion,3,96,0.226,0.0024,0.376832
131072,sample_publish_motion,3,97,0.2229,0.0028,0.357376
131072,sample_publish_motion,3,98,0.2308,0.0026,0.364544
131072,sample_publish_motion,3,99,0.2244,0.0027,0.365568
131072,sample_publish_motion,3,100,0.2318,0.0026,0.366592
131072,sample_publish_motion,3,101,0.2277,0.0031,0.386048
131072,sample_publish_motion,3,102,0.2337,0.0037,0.362496
131072,sample_publish_motion,3,103,0.3183,0.0026,0.365568
131072,sample_publish_motion,3,104,0.2273,0.0029,0.3584
131072,sample_publish_motion,3,105,0.2441,0.0036,0.37376
131072,sample_publish_motion,3,106,0.2793,0.0036,0.359424
131072,sample_publish_motion,3,107,0.3008,0.0026,0.364544
131072,sample_publish_motion,3,108,0.2321,0.0032,0.382976
131072,sample_publish_motion,3,109,0.2346,0.0028,0.370688
131072,sample_publish_motion,3,110,0.2384,0.0029,0.367616
131072,sample_publish_motion,3,111,0.2384,0.0046,0.367616
131072,sample_publish_motion,3,112,0.3466,0.0026,0.377856
131072,sample_publish_motion,3,113,0.2677,0.0025,0.385024
131072,sample_publish_motion,3,114,0.3379,0.0025,0.366592
131072,sample_publish_motion,3,115,0.2413,0.0028,0.351232
131072,sample_publish_motion,3,116,0.2411,0.0028,0.365568
131072,sample_publish_motion,3,117,0.2366,0.0035,0.372736
131072,sample_publish_motion,3,118,0.2334,0.0028,0.347136
131072,sample_publish_motion,3,119,0.2331,0.0025,0.382976
131072,delta_sample_publish_motion,1,0,0.1982,2.7334,2.174976
131072,delta_sample_publish_motion,1,1,0.2026,2.7566,2.489344
131072,delta_sample_publish_motion,1,2,0.2008,2.6551,2.536448
131072,delta_sample_publish_motion,1,3,0.1973,2.7371,2.531328
131072,delta_sample_publish_motion,1,4,0.2328,2.9456,2.644992
131072,delta_sample_publish_motion,1,5,0.2284,2.7792,2.432
131072,delta_sample_publish_motion,1,6,0.2267,2.7244,2.443264
131072,delta_sample_publish_motion,1,7,0.2096,2.6904,2.36544
131072,delta_sample_publish_motion,1,8,0.205,2.6542,2.4576
131072,delta_sample_publish_motion,1,9,0.2026,2.6836,2.422784
131072,delta_sample_publish_motion,1,10,0.2001,2.6898,2.5088
131072,delta_sample_publish_motion,1,11,0.1982,2.676,2.520064
131072,delta_sample_publish_motion,1,12,0.2163,2.6838,2.282496
131072,delta_sample_publish_motion,1,13,0.2043,2.7305,2.531328
131072,delta_sample_publish_motion,1,14,0.2005,2.7008,2.470912
131072,delta_sample_publish_motion,1,15,0.2004,2.7578,2.504704
131072,delta_sample_publish_motion,1,16,0.1995,2.6932,2.44224
131072,delta_sample_publish_motion,1,17,0.1976,2.7101,2.521088
131072,delta_sample_publish_motion,1,18,0.1992,2.6549,2.562048
131072,delta_sample_publish_motion,1,19,0.1992,2.6612,2.295808
131072,delta_sample_publish_motion,1,20,0.1983,2.6563,2.5088
131072,delta_sample_publish_motion,1,21,0.1994,2.7047,2.322432
131072,delta_sample_publish_motion,1,22,0.1999,2.7005,2.481152
131072,delta_sample_publish_motion,1,23,0.1996,2.6609,2.403328
131072,delta_sample_publish_motion,1,24,0.2041,2.749,2.526208
131072,delta_sample_publish_motion,1,25,0.1986,2.7205,2.536448
131072,delta_sample_publish_motion,1,26,0.2007,2.6804,2.328576
131072,delta_sample_publish_motion,1,27,0.2015,2.6599,2.376704
131072,delta_sample_publish_motion,1,28,0.2011,2.6463,2.404352
131072,delta_sample_publish_motion,1,29,0.196,2.6302,2.394112
131072,delta_sample_publish_motion,1,30,0.1994,2.6916,2.482176
131072,delta_sample_publish_motion,1,31,0.1968,2.6827,2.470912
131072,delta_sample_publish_motion,1,32,0.2037,2.6993,2.596864
131072,delta_sample_publish_motion,1,33,0.2001,2.7065,2.259968
131072,delta_sample_publish_motion,1,34,0.2002,2.6821,2.448384
131072,delta_sample_publish_motion,1,35,0.1982,2.6423,2.39616
131072,delta_sample_publish_motion,1,36,0.1981,2.6838,2.489344
131072,delta_sample_publish_motion,1,37,0.5126,2.6956,2.766848
131072,delta_sample_publish_motion,1,38,0.4023,2.8057,3.08736
131072,delta_sample_publish_motion,1,39,0.4129,2.8246,3.037184
131072,delta_sample_publish_motion,1,40,0.4896,2.7,2.640896
131072,delta_sample_publish_motion,1,41,0.4853,2.5225,2.74944
131072,delta_sample_publish_motion,1,42,0.4598,2.6418,2.817024
131072,delta_sample_publish_motion,1,43,0.4687,2.6348,2.80064
131072,delta_sample_publish_motion,1,44,0.449,2.7317,5.105664
131072,delta_sample_publish_motion,1,45,1.5858,2.7284,2.78528
131072,delta_sample_publish_motion,1,46,1.4611,2.4093,2.90304
131072,delta_sample_publish_motion,1,47,0.7491,2.5901,2.701312
131072,delta_sample_publish_motion,1,48,1.3656,2.5393,2.823168
131072,delta_sample_publish_motion,1,49,1.4766,2.528,2.684928
131072,delta_sample_publish_motion,1,50,0.6646,2.5382,2.811904
131072,delta_sample_publish_motion,1,51,1.2851,2.4228,2.912256
131072,delta_sample_publish_motion,1,52,1.4618,2.5764,3.037184
131072,delta_sample_publish_motion,1,53,1.0172,2.4767,2.989056
131072,delta_sample_publish_motion,1,54,0.8237,2.4447,2.42176
131072,delta_sample_publish_motion,1,55,0.9011,2.3903,3.11808
131072,delta_sample_publish_motion,1,56,1.5699,2.4894,2.9696
131072,delta_sample_publish_motion,1,57,1.4287,2.3738,2.905088
131072,delta_sample_publish_motion,1,58,0.8936,2.3583,2.850816
131072,delta_sample_publish_motion,1,59,0.9079,2.3318,2.922496
131072,delta_sample_publish_motion,1,60,1.2051,2.189,2.975744
131072,delta_sample_publish_motion,1,61,1.3297,2.2607,2.78528
131072,delta_sample_publish_motion,1,62,1.039,2.2688,2.837504
131072,delta_sample_publish_motion,1,63,1.5178,2.1598,2.799616
131072,delta_sample_publish_motion,1,64,1.0918,2.1175,3.05152
131072,delta_sample_publish_motion,1,65,0.8093,2.1503,2.977792
131072,delta_sample_publish_motion,1,66,0.7518,2.0528,2.932736
131072,delta_sample_publish_motion,1,67,0.7513,1.8778,2.916352
131072,delta_sample_publish_motion,1,68,0.7379,1.8085,2.702336
131072,delta_sample_publish_motion,1,69,0.7045,1.9081,2.762752
131072,delta_sample_publish_motion,1,70,0.9145,1.9809,2.783232
131072,delta_sample_publish_motion,1,71,1.0133,1.8475,2.861056
131072,delta_sample_publish_motion,1,72,1.0096,1.8694,2.8416
131072,delta_sample_publish_motion,1,73,1.4378,2.0218,2.957312
131072,delta_sample_publish_motion,1,74,1.1411,1.9306,3.106816
131072,delta_sample_publish_motion,1,75,1.0112,1.945,2.93376
131072,delta_sample_publish_motion,1,76,0.5285,1.7856,2.772992
131072,delta_sample_publish_motion,1,77,0.8824,1.7212,2.870272
131072,delta_sample_publish_motion,1,78,0.8678,1.8091,3.001344
131072,delta_sample_publish_motion,1,79,0.4427,1.7348,2.884608
131072,delta_sample_publish_motion,1,80,0.4617,1.7584,2.88256
131072,delta_sample_publish_motion,1,81,0.8868,1.7218,2.973696
131072,delta_sample_publish_motion,1,82,0.712,1.7856,2.732032
131072,delta_sample_publish_motion,1,83,0.8648,1.8033,2.807808
131072,delta_sample_publish_motion,1,84,1.0583,1.8131,2.772992
131072,delta_sample_publish_motion,1,85,0.9415,1.8108,3.382272
131072,delta_sample_publish_motion,1,86,0.82,1.8066,3.350528
131072,delta_sample_publish_motion,1,87,0.686,1.795,3.180544
131072,delta_sample_publish_motion,1,88,0.7202,1.7656,3.54816
131072,delta_sample_publish_motion,1,89,0.6871,1.7423,3.21024
131072,delta_sample_publish_motion,1,90,0.7896,1.725,3.193856
131072,delta_sample_publish_motion,1,91,0.7654,1.7277,3.325952
131072,delta_sample_publish_motion,1,92,0.738,1.7055,3.203072
131072,delta_sample_publish_motion,1,93,0.8174,1.6919,3.362816
131072,delta_sample_publish_motion,1,94,0.822,1.6649,3.198976
131072,delta_sample_publish_motion,1,95,0.8414,1.608,3.508224
131072,delta_sample_publish_motion,1,96,0.8689,1.6458,3.231744
131072,delta_sample_publish_motion,1,97,0.8761,1.615,3.192832
131072,delta_sample_publish_motion,1,98,1.0492,1.5677,3.237888
131072,delta_sample_publish_motion,1,99,0.2685,1.6008,3.188736
131072,delta_sample_publish_motion,1,100,0.3281,1.5975,3.318784
131072,delta_sample_publish_motion,1,101,0.2464,1.5794,3.182592
131072,delta_sample_publish_motion,1,102,0.2334,1.5876,3.447808
131072,delta_sample_publish_motion,1,103,0.2276,1.607,3.17952
131072,delta_sample_publish_motion,1,104,0.2205,1.6388,3.186688
131072,delta_sample_publish_motion,1,105,0.2198,1.6443,3.223552
131072,delta_sample_publish_motion,1,106,0.2156,1.6428,3.180544
131072,delta_sample_publish_motion,1,107,0.2121,1.6459,3.323904
131072,delta_sample_publish_motion,1,108,0.2107,1.6526,3.177472
131072,delta_sample_publish_motion,1,109,0.2964,1.698,3.459072
131072,delta_sample_publish_motion,1,110,0.2084,1.6625,3.176448
131072,delta_sample_publish_motion,1,111,0.2063,1.6591,3.204096
131072,delta_sample_publish_motion,1,112,0.205,1.639,3.223552
131072,delta_sample_publish_motion,1,113,0.2032,1.6244,3.1744
131072,delta_sample_publish_motion,1,114,0.2026,1.6352,3.29216
131072,delta_sample_publish_motion,1,115,0.2001,1.6205,3.180544
131072,delta_sample_publish_motion,1,116,0.2857,1.6825,3.463168
131072,delta_sample_publish_motion,1,117,0.2117,1.6521,3.195904
131072,delta_sample_publish_motion,1,118,0.2014,1.6192,3.175424
131072,delta_sample_publish_motion,1,119,0.1999,1.6492,3.238912
131072,delta_sample_publish_motion,2,0,0.228,2.6776,2.31424
131072,delta_sample_publish_motion,2,1,0.2338,2.6015,2.69312
131072,delta_sample_publish_motion,2,2,0.2336,2.5414,3.086336
131072,delta_sample_publish_motion,2,3,0.2448,2.5841,2.855936
131072,delta_sample_publish_motion,2,4,0.2391,2.4643,2.981888
131072,delta_sample_publish_motion,2,5,0.2368,2.8584,3.024896
131072,delta_sample_publish_motion,2,6,0.2762,2.509,2.675712
131072,delta_sample_publish_motion,2,7,0.2538,2.5323,2.707456
131072,delta_sample_publish_motion,2,8,0.2468,2.5363,2.756608
131072,delta_sample_publish_motion,2,9,0.2392,2.3712,2.806784
131072,delta_sample_publish_motion,2,10,0.2349,2.3947,2.760704
131072,delta_sample_publish_motion,2,11,0.2339,2.3244,2.840576
131072,delta_sample_publish_motion,2,12,0.2351,2.1962,2.883584
131072,delta_sample_publish_motion,2,13,0.2306,2.1396,2.655232
131072,delta_sample_publish_motion,2,14,0.2317,2.1668,2.71872
131072,delta_sample_publish_motion,2,15,0.2291,2.1494,2.771968
131072,delta_sample_publish_motion,2,16,0.2299,2.0474,2.865152
131072,delta_sample_publish_motion,2,17,0.2312,2.1265,2.767872
131072,delta_sample_publish_motion,2,18,0.2316,2.0487,2.898944
131072,delta_sample_publish_motion,2,19,0.2246,1.9956,2.998272
131072,delta_sample_publish_motion,2,20,0.2384,1.972,2.681856
131072,delta_sample_publish_motion,2,21,0.2342,2.0625,2.802688
131072,delta_sample_publish_motion,2,22,0.2312,1.925,2.917376
131072,delta_sample_publish_motion,2,23,0.23,1.9757,2.861056
131072,delta_sample_publish_motion,2,24,0.2297,1.8659,2.833408
131072,delta_sample_publish_motion,2,25,0.2312,1.8502,2.916352
131072,delta_sample_publish_motion,2,26,0.2314,1.8119,2.927616
131072,delta_sample_publish_motion,2,27,0.2288,1.7809,2.644992
131072,delta_sample_publish_motion,2,28,0.228,1.7917,2.76992
131072,delta_sample_publish_motion,2,29,0.2325,1.7845,2.766848
131072,delta_sample_publish_motion,2,30,0.2296,1.7646,2.861056
131072,delta_sample_publish_motion,2,31,0.2287,1.7972,2.80576
131072,delta_sample_publish_motion,2,32,0.2267,1.8023,2.925568
131072,delta_sample_publish_motion,2,33,0.2336,1.7744,2.875392
131072,delta_sample_publish_motion,2,34,0.2288,1.7817,2.648064
131072,delta_sample_publish_motion,2,35,0.2298,1.7913,2.710528
131072,delta_sample_publish_motion,2,36,0.2302,1.7739,2.696192
131072,delta_sample_publish_motion,2,37,0.2288,1.7726,2.894848
131072,delta_sample_publish_motion,2,38,0.2297,1.7649,2.844672
131072,delta_sample_publish_motion,2,39,0.2301,1.7405,2.866176
131072,delta_sample_publish_motion,2,40,0.2262,1.7604,2.930688
131072,delta_sample_publish_motion,2,41,0.2299,1.7579,2.683904
131072,delta_sample_publish_motion,2,42,0.231,1.7398,2.47808
131072,delta_sample_publish_motion,2,43,0.2312,1.7722,2.798592
131072,delta_sample_publish_motion,2,44,0.2304,1.7441,2.777088
131072,delta_sample_publish_motion,2,45,0.2295,1.7624,2.79552
131072,delta_sample_publish_motion,2,46,0.2284,1.7404,2.880512
131072,delta_sample_publish_motion,2,47,0.229,1.7378,2.930688
131072,delta_sample_publish_motion,2,48,0.2258,1.7368,2.684928
131072,delta_sample_publish_motion,2,49,0.2293,1.7086,2.741248
131072,delta_sample_publish_motion,2,50,0.2279,1.7194,2.729984
131072,delta_sample_publish_motion,2,51,0.226,1.771,2.80576
131072,delta_sample_publish_motion,2,52,0.2314,1.6938,2.902016
131072,delta_sample_publish_motion,2,53,0.2317,1.7062,2.84672
131072,delta_sample_publish_motion,2,54,0.2261,1.7013,2.996224
131072,delta_sample_publish_motion,2,55,0.2233,1.6974,2.813952
131072,delta_sample_publish_motion,2,56,0.23,1.6963,2.735104
131072,delta_sample_publish_motion,2,57,0.227,1.6698,2.686976
131072,delta_sample_publish_motion,2,58,0.3319,2.1598,2.960384
131072,delta_sample_publish_motion,2,59,0.3391,2.0814,2.857984
131072,delta_sample_publish_motion,2,60,0.3239,1.7552,3.009536
131072,delta_sample_publish_motion,2,61,0.2891,1.762,2.957312
131072,delta_sample_publish_motion,2,62,0.2621,1.7427,2.69312
131072,delta_sample_publish_motion,2,63,0.247,1.6458,2.752512
131072,delta_sample_publish_motion,2,64,0.2353,1.6736,2.823168
131072,delta_sample_publish_motion,2,65,0.2343,1.6262,2.656256
131072,delta_sample_publish_motion,2,66,0.2297,1.5787,2.668544
131072,delta_sample_publish_motion,2,67,0.2266,1.5474,2.87232
131072,delta_sample_publish_motion,2,68,0.2312,1.5929,2.746368
131072,delta_sample_publish_motion,2,69,0.2296,1.5423,2.20672
131072,delta_sample_publish_motion,2,70,0.2204,1.5474,2.209792
131072,delta_sample_publish_motion,2,71,0.2205,1.4678,2.243584
131072,delta_sample_publish_motion,2,72,0.2184,1.5416,2.525184
131072,delta_sample_publish_motion,2,73,0.2174,1.5846,2.367488
131072,delta_sample_publish_motion,2,74,0.2213,1.6037,2.499584
131072,delta_sample_publish_motion,2,75,0.2134,1.6409,2.540544
131072,delta_sample_publish_motion,2,76,0.2115,1.6723,2.299904
131072,delta_sample_publish_motion,2,77,0.2107,1.6736,2.57536
131072,delta_sample_publish_motion,2,78,0.2094,1.6889,2.46784
131072,delta_sample_publish_motion,2,79,0.2102,1.6789,2.482176
131072,delta_sample_publish_motion,2,80,0.2077,1.6921,2.51904
131072,delta_sample_publish_motion,2,81,0.2105,1.6979,2.612224
131072,delta_sample_publish_motion,2,82,0.2116,1.6697,2.705408
131072,delta_sample_publish_motion,2,83,0.2091,1.6468,2.348032
131072,delta_sample_publish_motion,2,84,0.2059,1.6654,2.521088
131072,delta_sample_publish_motion,2,85,0.2088,1.7297,2.51904
131072,delta_sample_publish_motion,2,86,0.2435,1.6937,2.567168
131072,delta_sample_publish_motion,2,87,0.2237,1.6598,2.558976
131072,delta_sample_publish_motion,2,88,0.218,1.6804,2.6112
131072,delta_sample_publish_motion,2,89,0.2146,1.6579,2.6112
131072,delta_sample_publish_motion,2,90,0.2097,1.652,2.41152
131072,delta_sample_publish_motion,2,91,0.2094,1.6334,2.440192
131072,delta_sample_publish_motion,2,92,0.2027,1.6516,2.432
131072,delta_sample_publish_motion,2,93,0.2057,1.6324,2.60608
131072,delta_sample_publish_motion,2,94,0.2005,1.6736,2.441216
131072,delta_sample_publish_motion,2,95,0.2044,1.6567,2.618368
131072,delta_sample_publish_motion,2,96,0.2021,1.6478,2.603008
131072,delta_sample_publish_motion,2,97,0.2018,1.6536,2.357248
131072,delta_sample_publish_motion,2,98,0.1982,1.6474,2.475008
131072,delta_sample_publish_motion,2,99,0.2002,1.6363,2.505728
131072,delta_sample_publish_motion,2,100,0.1973,1.6476,2.552832
131072,delta_sample_publish_motion,2,101,0.1982,1.6254,2.441216
131072,delta_sample_publish_motion,2,102,0.1974,1.6513,2.633728
131072,delta_sample_publish_motion,2,103,0.198,1.6501,2.569216
131072,delta_sample_publish_motion,2,104,0.1988,1.661,2.29376
131072,delta_sample_publish_motion,2,105,0.1989,1.6464,2.423808
131072,delta_sample_publish_motion,2,106,0.1987,1.6599,2.47808
131072,delta_sample_publish_motion,2,107,0.2049,1.6428,2.497536
131072,delta_sample_publish_motion,2,108,0.2018,1.651,2.438144
131072,delta_sample_publish_motion,2,109,0.2024,1.6606,2.650112
131072,delta_sample_publish_motion,2,110,0.1986,1.6523,2.658304
131072,delta_sample_publish_motion,2,111,0.1999,1.6478,2.318336
131072,delta_sample_publish_motion,2,112,0.1955,1.6208,2.436096
131072,delta_sample_publish_motion,2,113,0.197,1.6328,4.411392
131072,delta_sample_publish_motion,2,114,0.1996,1.6577,2.587648
131072,delta_sample_publish_motion,2,115,0.2001,1.64,2.456576
131072,delta_sample_publish_motion,2,116,0.1966,1.6579,2.531328
131072,delta_sample_publish_motion,2,117,0.2137,1.6494,2.704384
131072,delta_sample_publish_motion,2,118,0.2008,1.6432,2.30912
131072,delta_sample_publish_motion,2,119,0.2024,1.6477,2.39616
131072,delta_sample_publish_motion,3,0,0.2302,1.7139,3.18976
131072,delta_sample_publish_motion,3,1,0.3221,1.7601,3.260416
131072,delta_sample_publish_motion,3,2,0.2293,1.7377,3.186688
131072,delta_sample_publish_motion,3,3,0.2285,1.7337,3.349504
131072,delta_sample_publish_motion,3,4,0.2275,1.6944,3.18976
131072,delta_sample_publish_motion,3,5,0.226,1.6789,3.48672
131072,delta_sample_publish_motion,3,6,0.2281,1.7128,3.198976
131072,delta_sample_publish_motion,3,7,0.2276,1.6739,3.195904
131072,delta_sample_publish_motion,3,8,0.2287,1.6964,3.294208
131072,delta_sample_publish_motion,3,9,0.2274,1.6834,3.18464
131072,delta_sample_publish_motion,3,10,0.2253,1.6845,3.373056
131072,delta_sample_publish_motion,3,11,0.2262,1.67,3.185664
131072,delta_sample_publish_motion,3,12,0.2272,1.6471,3.470336
131072,delta_sample_publish_motion,3,13,0.2278,1.6337,3.207168
131072,delta_sample_publish_motion,3,14,0.2292,1.6224,3.186688
131072,delta_sample_publish_motion,3,15,0.23,1.6183,3.331072
131072,delta_sample_publish_motion,3,16,0.2301,1.6295,3.191808
131072,delta_sample_publish_motion,3,17,0.2386,1.5805,3.334144
131072,delta_sample_publish_motion,3,18,0.2394,1.6029,3.18464
131072,delta_sample_publish_motion,3,19,0.2425,1.5537,3.490816
131072,delta_sample_publish_motion,3,20,0.2331,1.5086,3.188736
131072,delta_sample_publish_motion,3,21,0.226,1.5547,3.186688
131072,delta_sample_publish_motion,3,22,0.3159,1.5965,3.237888
131072,delta_sample_publish_motion,3,23,0.2258,1.5872,3.182592
131072,delta_sample_publish_motion,3,24,0.2257,1.5921,3.30752
131072,delta_sample_publish_motion,3,25,0.2182,1.5948,3.187712
131072,delta_sample_publish_motion,3,26,0.2193,1.5866,3.442688
131072,delta_sample_publish_motion,3,27,0.221,1.6395,3.193856
131072,delta_sample_publish_motion,3,28,0.211,1.6674,3.180544
131072,delta_sample_publish_motion,3,29,0.3023,1.662,3.2256
131072,delta_sample_publish_motion,3,30,0.2124,1.6945,3.19488
131072,delta_sample_publish_motion,3,31,0.2109,1.6154,3.305472
131072,delta_sample_publish_motion,3,32,0.2088,1.6468,3.182592
131072,delta_sample_publish_motion,3,33,0.2071,1.6542,3.442688
131072,delta_sample_publish_motion,3,34,0.2061,1.6666,3.177472
131072,delta_sample_publish_motion,3,35,0.2032,1.6482,3.17952
131072,delta_sample_publish_motion,3,36,0.2017,1.6483,3.231744
131072,delta_sample_publish_motion,3,37,0.2011,1.6443,3.193856
131072,delta_sample_publish_motion,3,38,0.2039,1.6626,3.325952
131072,delta_sample_publish_motion,3,39,0.2036,1.6327,3.188736
131072,delta_sample_publish_motion,3,40,0.2048,1.6821,3.257344
131072,delta_sample_publish_motion,3,41,0.2933,1.6806,3.182592
131072,delta_sample_publish_motion,3,42,0.2111,1.6704,3.162112
131072,delta_sample_publish_motion,3,43,0.2083,1.6633,3.176448
131072,delta_sample_publish_motion,3,44,0.2057,1.6455,3.18976
131072,delta_sample_publish_motion,3,45,0.209,1.6282,3.197952
131072,delta_sample_publish_motion,3,46,0.2825,1.6967,3.182592
131072,delta_sample_publish_motion,3,47,0.2858,1.7003,3.267584
131072,delta_sample_publish_motion,3,48,0.2033,1.6568,3.193856
131072,delta_sample_publish_motion,3,49,0.2197,1.6628,3.187712
131072,delta_sample_publish_motion,3,50,0.2671,1.6562,3.182592
131072,delta_sample_publish_motion,3,51,0.2003,1.6538,3.20512
131072,delta_sample_publish_motion,3,52,0.2048,1.6314,4.663296
131072,delta_sample_publish_motion,3,53,0.2021,1.6528,3.19488
131072,delta_sample_publish_motion,3,54,0.1987,1.6626,3.27168
131072,delta_sample_publish_motion,3,55,0.287,1.7101,3.187712
131072,delta_sample_publish_motion,3,56,0.2014,1.6427,3.178496
131072,delta_sample_publish_motion,3,57,0.2848,1.6998,3.178496
131072,delta_sample_publish_motion,3,58,0.2017,1.6643,3.176448
131072,delta_sample_publish_motion,3,59,0.1988,1.6435,3.186688
131072,delta_sample_publish_motion,3,60,0.2144,1.6623,3.221504
131072,delta_sample_publish_motion,3,61,0.2411,1.7203,3.301376
131072,delta_sample_publish_motion,3,62,0.253,1.7244,3.18976
131072,delta_sample_publish_motion,3,63,0.2404,1.6847,3.197952
131072,delta_sample_publish_motion,3,64,0.2238,1.6599,3.183616
131072,delta_sample_publish_motion,3,65,0.2183,1.6384,3.207168
131072,delta_sample_publish_motion,3,66,0.2667,1.6555,3.176448
131072,delta_sample_publish_motion,3,67,0.2257,1.6239,3.181568
131072,delta_sample_publish_motion,3,68,0.2073,1.6543,3.258368
131072,delta_sample_publish_motion,3,69,0.2893,1.6913,3.182592
131072,delta_sample_publish_motion,3,70,0.2041,1.6649,3.18976
131072,delta_sample_publish_motion,3,71,0.2861,2.8773,3.196928
131072,delta_sample_publish_motion,3,72,0.2074,1.6748,3.182592
131072,delta_sample_publish_motion,3,73,0.2052,1.6274,3.18976
131072,delta_sample_publish_motion,3,74,0.2051,1.6407,3.1744
131072,delta_sample_publish_motion,3,75,0.1998,1.6561,3.270656
131072,delta_sample_publish_motion,3,76,0.2855,1.6532,3.188736
131072,delta_sample_publish_motion,3,77,0.2002,1.6504,3.180544
131072,delta_sample_publish_motion,3,78,0.2007,1.6373,3.18464
131072,delta_sample_publish_motion,3,79,0.2013,1.6342,3.186688
131072,delta_sample_publish_motion,3,80,0.2004,1.6238,3.177472
131072,delta_sample_publish_motion,3,81,0.2013,1.6497,3.183616
131072,delta_sample_publish_motion,3,82,0.2001,1.672,3.262464
131072,delta_sample_publish_motion,3,83,0.2075,1.6364,3.180544
131072,delta_sample_publish_motion,3,84,0.2011,1.6752,3.176448
131072,delta_sample_publish_motion,3,85,0.2018,1.7386,3.17952
131072,delta_sample_publish_motion,3,86,0.2012,1.7714,3.19488
131072,delta_sample_publish_motion,3,87,0.1987,1.8388,3.191808
131072,delta_sample_publish_motion,3,88,0.2015,1.8899,3.18976
131072,delta_sample_publish_motion,3,89,0.2003,1.9013,3.262464
131072,delta_sample_publish_motion,3,90,0.1987,1.9858,3.202048
131072,delta_sample_publish_motion,3,91,0.2028,2.1458,3.187712
131072,delta_sample_publish_motion,3,92,0.2836,2.1922,3.198976
131072,delta_sample_publish_motion,3,93,0.1966,2.2788,3.180544
131072,delta_sample_publish_motion,3,94,0.2799,2.6229,3.191808
131072,delta_sample_publish_motion,3,95,0.2771,2.6876,3.193856
131072,delta_sample_publish_motion,3,96,0.2672,2.7118,3.26144
131072,delta_sample_publish_motion,3,97,0.2322,2.6919,3.182592
131072,delta_sample_publish_motion,3,98,0.2205,2.7508,3.191808
131072,delta_sample_publish_motion,3,99,0.2603,2.8564,3.195904
131072,delta_sample_publish_motion,3,100,0.2384,2.8012,3.198976
131072,delta_sample_publish_motion,3,101,0.2223,2.767,3.180544
131072,delta_sample_publish_motion,3,102,0.2126,2.7511,3.183616
131072,delta_sample_publish_motion,3,103,0.2075,2.6879,3.260416
131072,delta_sample_publish_motion,3,104,0.2039,2.6901,3.182592
131072,delta_sample_publish_motion,3,105,0.2068,2.7945,3.183616
131072,delta_sample_publish_motion,3,106,0.2516,2.7489,3.187712
131072,delta_sample_publish_motion,3,107,0.204,2.6725,3.190784
131072,delta_sample_publish_motion,3,108,0.202,2.708,3.197952
131072,delta_sample_publish_motion,3,109,0.204,2.6559,3.19488
131072,delta_sample_publish_motion,3,110,0.1997,2.6406,2.685952
131072,delta_sample_publish_motion,3,111,0.2958,3.0926,2.45248
131072,delta_sample_publish_motion,3,112,0.2555,2.8509,2.50368
131072,delta_sample_publish_motion,3,113,0.2355,2.7943,2.423808
131072,delta_sample_publish_motion,3,114,0.2224,2.7129,2.5344
131072,delta_sample_publish_motion,3,115,0.2136,2.6927,2.46272
131072,delta_sample_publish_motion,3,116,0.212,2.729,2.56512
131072,delta_sample_publish_motion,3,117,0.2043,2.5898,2.62656
131072,delta_sample_publish_motion,3,118,0.2026,2.4026,2.21184
131072,delta_sample_publish_motion,3,119,0.2046,2.658,2.4832
