backend,count,scenario,hz,iterations,run,sample,step_wall_ms,gpu_ms,submit_cpu_ms
compute_linked,10000,staggered_driven,20,4,1,0,1.7166,1.296384,0.0429
compute_linked,10000,staggered_driven,20,4,1,1,1.5006,1.294336,0.0407
compute_linked,10000,staggered_driven,20,4,1,2,1.4472,1.304576,0.0565
compute_linked,10000,staggered_driven,20,4,1,3,1.4116,1.307648,0.0256
compute_linked,10000,staggered_driven,20,4,1,4,1.4003,1.309696,0.0198
compute_linked,10000,staggered_driven,20,4,1,5,1.4336,1.3056,0.0337
compute_linked,10000,staggered_driven,20,4,1,6,1.4377,1.328128,0.0347
compute_linked,10000,staggered_driven,20,4,1,7,1.5442,1.32096,0.1133
compute_linked,10000,staggered_driven,20,4,1,8,1.4246,1.314816,0.023
compute_linked,10000,staggered_driven,20,4,1,9,1.396,1.3056,0.0205
compute_linked,10000,staggered_driven,20,4,1,10,1.4007,1.308672,0.0211
compute_linked,10000,staggered_driven,20,4,1,11,1.4025,1.3056,0.0244
compute_linked,10000,staggered_driven,20,4,1,12,1.4066,1.318912,0.021
compute_linked,10000,staggered_driven,20,4,1,13,1.4298,1.340416,0.018
compute_linked,10000,staggered_driven,20,4,1,14,1.4305,1.34144,0.0225
compute_linked,10000,staggered_driven,20,4,1,15,1.4364,1.345536,0.0212
compute_linked,10000,staggered_driven,20,4,1,16,1.425,1.344512,0.0211
compute_linked,10000,staggered_driven,20,4,1,17,1.4392,1.35168,0.0222
compute_linked,10000,staggered_driven,20,4,1,18,1.4304,1.342464,0.0197
compute_linked,10000,staggered_driven,20,4,1,19,1.4672,1.34144,0.0228
compute_linked,10000,staggered_driven,20,4,1,20,1.4418,1.345536,0.0224
compute_linked,10000,staggered_driven,20,4,1,21,2.0007,1.908736,0.0228
compute_linked,10000,staggered_driven,20,4,1,22,1.4312,1.344512,0.0215
compute_linked,10000,staggered_driven,20,4,1,23,1.4326,1.340416,0.0237
compute_linked,10000,staggered_driven,20,4,1,24,1.5015,1.32608,0.0391
compute_linked,10000,staggered_driven,20,4,1,25,1.446,1.332224,0.0304
compute_linked,10000,staggered_driven,20,4,1,26,1.4182,1.333248,0.0174
compute_linked,10000,staggered_driven,20,4,1,27,1.4212,1.333248,0.02
compute_linked,10000,staggered_driven,20,4,1,28,1.4144,1.328128,0.0189
compute_linked,10000,staggered_driven,20,4,1,29,1.4572,1.327104,0.0177
compute_linked,10000,staggered_driven,20,4,1,30,1.4261,1.335296,0.0214
compute_linked,10000,staggered_driven,20,4,1,31,1.4454,1.350656,0.0263
compute_linked,10000,staggered_driven,20,4,1,32,1.4342,1.3568,0.0167
compute_linked,10000,staggered_driven,20,4,1,33,1.4296,1.342464,0.0203
compute_linked,10000,staggered_driven,20,4,1,34,1.4073,1.321984,0.0177
compute_linked,10000,staggered_driven,20,4,1,35,1.4392,1.3056,0.0412
compute_linked,10000,staggered_driven,20,4,1,36,1.4519,1.309696,0.0691
compute_linked,10000,staggered_driven,20,4,1,37,1.3802,1.288192,0.0245
compute_linked,10000,staggered_driven,20,4,1,38,1.3836,1.299456,0.0159
compute_linked,10000,staggered_driven,20,4,1,39,1.3873,1.299456,0.0209
compute_exact_ranges,10000,staggered_driven,20,4,1,0,1.6656,1.453056,0.1329
compute_exact_ranges,10000,staggered_driven,20,4,1,1,1.5633,1.458176,0.028
compute_exact_ranges,10000,staggered_driven,20,4,1,2,2.2816,1.446912,0.029
compute_exact_ranges,10000,staggered_driven,20,4,1,3,1.5549,1.456128,0.0231
compute_exact_ranges,10000,staggered_driven,20,4,1,4,1.5606,1.453056,0.0247
compute_exact_ranges,10000,staggered_driven,20,4,1,5,1.548,1.456128,0.0242
compute_exact_ranges,10000,staggered_driven,20,4,1,6,1.6221,1.456128,0.0325
compute_exact_ranges,10000,staggered_driven,20,4,1,7,1.6662,1.455104,0.1265
compute_exact_ranges,10000,staggered_driven,20,4,1,8,1.5456,1.461248,0.0206
compute_exact_ranges,10000,staggered_driven,20,4,1,9,1.5749,1.453056,0.0195
compute_exact_ranges,10000,staggered_driven,20,4,1,10,1.5412,1.45408,0.0187
compute_exact_ranges,10000,staggered_driven,20,4,1,11,1.5402,1.453056,0.0191
compute_exact_ranges,10000,staggered_driven,20,4,1,12,1.74,1.649664,0.0202
compute_exact_ranges,10000,staggered_driven,20,4,1,13,1.5649,1.47968,0.0205
compute_exact_ranges,10000,staggered_driven,20,4,1,14,1.5858,1.497088,0.0193
compute_exact_ranges,10000,staggered_driven,20,4,1,15,1.585,1.49504,0.0203
compute_exact_ranges,10000,staggered_driven,20,4,1,16,1.5968,1.516544,0.0189
compute_exact_ranges,10000,staggered_driven,20,4,1,17,1.5829,1.498112,0.0189
compute_exact_ranges,10000,staggered_driven,20,4,1,18,1.6237,1.491968,0.0217
compute_exact_ranges,10000,staggered_driven,20,4,1,19,1.6036,1.499136,0.0212
compute_exact_ranges,10000,staggered_driven,20,4,1,20,1.5832,1.491968,0.0192
compute_exact_ranges,10000,staggered_driven,20,4,1,21,1.3355,1.253376,0.0164
compute_exact_ranges,10000,staggered_driven,20,4,1,22,1.2986,1.210368,0.0186
compute_exact_ranges,10000,staggered_driven,20,4,1,23,1.2943,1.210368,0.0186
compute_exact_ranges,10000,staggered_driven,20,4,1,24,1.2607,1.178624,0.0188
compute_exact_ranges,10000,staggered_driven,20,4,1,25,1.2995,1.216512,0.0168
compute_exact_ranges,10000,staggered_driven,20,4,1,26,1.3571,1.206272,0.0304
compute_exact_ranges,10000,staggered_driven,20,4,1,27,1.3118,1.204224,0.0207
compute_exact_ranges,10000,staggered_driven,20,4,1,28,1.2882,1.205248,0.0163
compute_exact_ranges,10000,staggered_driven,20,4,1,29,1.3514,1.209344,0.0754
compute_exact_ranges,10000,staggered_driven,20,4,1,30,1.2999,1.204224,0.0275
compute_exact_ranges,10000,staggered_driven,20,4,1,31,1.3214,1.206272,0.0157
compute_exact_ranges,10000,staggered_driven,20,4,1,32,1.2551,1.18272,0.0141
compute_exact_ranges,10000,staggered_driven,20,4,1,33,1.2785,1.202176,0.0131
compute_exact_ranges,10000,staggered_driven,20,4,1,34,1.2525,1.174528,0.0127
compute_exact_ranges,10000,staggered_driven,20,4,1,35,1.3421,1.171456,0.0161
compute_exact_ranges,10000,staggered_driven,20,4,1,36,1.2566,1.168384,0.0163
compute_exact_ranges,10000,staggered_driven,20,4,1,37,1.2736,1.186816,0.017
compute_exact_ranges,10000,staggered_driven,20,4,1,38,1.2586,1.178624,0.0139
compute_exact_ranges,10000,staggered_driven,20,4,1,39,1.2574,1.180672,0.0128
compute_bounded_linked,10000,staggered_driven,20,4,1,0,1.1744,1.03936,0.0788
compute_bounded_linked,10000,staggered_driven,20,4,1,1,1.4234,1.052672,0.008
compute_bounded_linked,10000,staggered_driven,20,4,1,2,1.1403,1.052672,0.014
compute_bounded_linked,10000,staggered_driven,20,4,1,3,1.233,1.069056,0.0123
compute_bounded_linked,10000,staggered_driven,20,4,1,4,1.1966,1.062912,0.0174
compute_bounded_linked,10000,staggered_driven,20,4,1,5,1.1568,1.061888,0.0151
compute_bounded_linked,10000,staggered_driven,20,4,1,6,1.184,1.067008,0.035
compute_bounded_linked,10000,staggered_driven,20,4,1,7,1.1725,1.072128,0.0177
compute_bounded_linked,10000,staggered_driven,20,4,1,8,1.2447,1.072128,0.0177
compute_bounded_linked,10000,staggered_driven,20,4,1,9,1.206,1.065984,0.025
compute_bounded_linked,10000,staggered_driven,20,4,1,10,1.1617,1.068032,0.0188
compute_bounded_linked,10000,staggered_driven,20,4,1,11,1.1428,1.062912,0.0109
compute_bounded_linked,10000,staggered_driven,20,4,1,12,1.1518,1.071104,0.012
compute_bounded_linked,10000,staggered_driven,20,4,1,13,1.1727,1.089536,0.0139
compute_bounded_linked,10000,staggered_driven,20,4,1,14,1.1635,1.084416,0.0124
compute_bounded_linked,10000,staggered_driven,20,4,1,15,1.1669,1.086464,0.0108
compute_bounded_linked,10000,staggered_driven,20,4,1,16,1.1731,1.092608,0.0183
compute_bounded_linked,10000,staggered_driven,20,4,1,17,1.1734,1.092608,0.0125
compute_bounded_linked,10000,staggered_driven,20,4,1,18,1.1714,1.092608,0.0126
compute_bounded_linked,10000,staggered_driven,20,4,1,19,1.1741,1.094656,0.0123
compute_bounded_linked,10000,staggered_driven,20,4,1,20,1.1641,1.083392,0.012
compute_bounded_linked,10000,staggered_driven,20,4,1,21,1.1602,1.079296,0.0131
compute_bounded_linked,10000,staggered_driven,20,4,1,22,1.1604,1.081344,0.0125
compute_bounded_linked,10000,staggered_driven,20,4,1,23,1.192,1.072128,0.0245
compute_bounded_linked,10000,staggered_driven,20,4,1,24,1.186,1.073152,0.0445
compute_bounded_linked,10000,staggered_driven,20,4,1,25,1.1881,1.079296,0.0336
compute_bounded_linked,10000,staggered_driven,20,4,1,26,1.2338,1.076224,0.0408
compute_bounded_linked,10000,staggered_driven,20,4,1,27,1.1549,1.072128,0.0152
compute_bounded_linked,10000,staggered_driven,20,4,1,28,1.2534,1.08032,0.1055
compute_bounded_linked,10000,staggered_driven,20,4,1,29,1.156,1.08032,0.0071
compute_bounded_linked,10000,staggered_driven,20,4,1,30,1.3372,1.257472,0.0099
compute_bounded_linked,10000,staggered_driven,20,4,1,31,1.1682,1.088512,0.0101
compute_bounded_linked,10000,staggered_driven,20,4,1,32,1.1743,1.099776,0.0094
compute_bounded_linked,10000,staggered_driven,20,4,1,33,1.193,1.101824,0.0079
compute_bounded_linked,10000,staggered_driven,20,4,1,34,1.1494,1.073152,0.0097
compute_bounded_linked,10000,staggered_driven,20,4,1,35,1.1402,1.063936,0.0086
compute_bounded_linked,10000,staggered_driven,20,4,1,36,1.1382,1.061888,0.0085
compute_bounded_linked,10000,staggered_driven,20,4,1,37,1.1382,1.0496,0.0078
compute_bounded_linked,10000,staggered_driven,20,4,1,38,1.1423,1.055744,0.0098
compute_bounded_linked,10000,staggered_driven,20,4,1,39,1.163,1.0496,0.0099
compute_exact_ranges,10000,staggered_driven,20,4,2,0,1.98,1.168384,0.0147
compute_exact_ranges,10000,staggered_driven,20,4,2,1,1.2607,1.18272,0.0117
compute_exact_ranges,10000,staggered_driven,20,4,2,2,1.2979,1.18272,0.0115
compute_exact_ranges,10000,staggered_driven,20,4,2,3,1.2872,1.179648,0.0151
compute_exact_ranges,10000,staggered_driven,20,4,2,4,1.271,1.189888,0.0135
compute_exact_ranges,10000,staggered_driven,20,4,2,5,1.2612,1.18272,0.0134
compute_exact_ranges,10000,staggered_driven,20,4,2,6,1.258,1.178624,0.0125
compute_exact_ranges,10000,staggered_driven,20,4,2,7,1.2786,1.18784,0.0133
compute_exact_ranges,10000,staggered_driven,20,4,2,8,1.2229,1.152,0.0132
compute_exact_ranges,10000,staggered_driven,20,4,2,9,1.2619,1.184768,0.0132
compute_exact_ranges,10000,staggered_driven,20,4,2,10,1.2554,1.180672,0.0121
compute_exact_ranges,10000,staggered_driven,20,4,2,11,1.2504,1.168384,0.0173
compute_exact_ranges,10000,staggered_driven,20,4,2,12,1.2654,1.18784,0.0131
compute_exact_ranges,10000,staggered_driven,20,4,2,13,1.2802,1.202176,0.012
compute_exact_ranges,10000,staggered_driven,20,4,2,14,1.2848,1.206272,0.014
compute_exact_ranges,10000,staggered_driven,20,4,2,15,1.2878,1.209344,0.0121
compute_exact_ranges,10000,staggered_driven,20,4,2,16,1.2591,1.18272,0.0139
compute_exact_ranges,10000,staggered_driven,20,4,2,17,1.2894,1.210368,0.0139
compute_exact_ranges,10000,staggered_driven,20,4,2,18,1.2846,1.20832,0.012
compute_exact_ranges,10000,staggered_driven,20,4,2,19,1.2856,1.205248,0.0134
compute_exact_ranges,10000,staggered_driven,20,4,2,20,1.4759,1.390592,0.018
compute_exact_ranges,10000,staggered_driven,20,4,2,21,1.2679,1.191936,0.0144
compute_exact_ranges,10000,staggered_driven,20,4,2,22,1.3073,1.227776,0.013
compute_exact_ranges,10000,staggered_driven,20,4,2,23,1.2954,1.215488,0.0141
compute_exact_ranges,10000,staggered_driven,20,4,2,24,1.258,1.18784,0.0128
compute_exact_ranges,10000,staggered_driven,20,4,2,25,1.2942,1.209344,0.0144
compute_exact_ranges,10000,staggered_driven,20,4,2,26,1.3034,1.207296,0.0211
compute_exact_ranges,10000,staggered_driven,20,4,2,27,1.2995,1.214464,0.0178
compute_exact_ranges,10000,staggered_driven,20,4,2,28,1.3222,1.20832,0.0183
compute_exact_ranges,10000,staggered_driven,20,4,2,29,1.2905,1.211392,0.0124
compute_exact_ranges,10000,staggered_driven,20,4,2,30,1.2855,1.207296,0.0146
compute_exact_ranges,10000,staggered_driven,20,4,2,31,1.2814,1.206272,0.0121
compute_exact_ranges,10000,staggered_driven,20,4,2,32,1.2484,1.173504,0.0134
compute_exact_ranges,10000,staggered_driven,20,4,2,33,1.2851,1.206272,0.0129
compute_exact_ranges,10000,staggered_driven,20,4,2,34,2.5216,2.444288,0.0115
compute_exact_ranges,10000,staggered_driven,20,4,2,35,1.2593,1.180672,0.0138
compute_exact_ranges,10000,staggered_driven,20,4,2,36,1.2722,1.181696,0.0248
compute_exact_ranges,10000,staggered_driven,20,4,2,37,1.2556,1.176576,0.0134
compute_exact_ranges,10000,staggered_driven,20,4,2,38,1.2539,1.176576,0.0132
compute_exact_ranges,10000,staggered_driven,20,4,2,39,1.2522,1.173504,0.0138
compute_bounded_linked,10000,staggered_driven,20,4,2,0,1.1411,1.04448,0.0416
compute_bounded_linked,10000,staggered_driven,20,4,2,1,1.1204,1.047552,0.0054
compute_bounded_linked,10000,staggered_driven,20,4,2,2,1.1526,1.053696,0.0054
compute_bounded_linked,10000,staggered_driven,20,4,2,3,1.414,1.057792,0.0059
compute_bounded_linked,10000,staggered_driven,20,4,2,4,1.154,1.05472,0.0082
compute_bounded_linked,10000,staggered_driven,20,4,2,5,1.1541,1.05984,0.0055
compute_bounded_linked,10000,staggered_driven,20,4,2,6,1.1309,1.056768,0.0072
compute_bounded_linked,10000,staggered_driven,20,4,2,7,1.2642,1.07008,0.0056
compute_bounded_linked,10000,staggered_driven,20,4,2,8,1.142,1.07008,0.0078
compute_bounded_linked,10000,staggered_driven,20,4,2,9,1.1251,1.052672,0.0055
compute_bounded_linked,10000,staggered_driven,20,4,2,10,1.1276,1.053696,0.0057
compute_bounded_linked,10000,staggered_driven,20,4,2,11,1.1661,1.058816,0.0082
compute_bounded_linked,10000,staggered_driven,20,4,2,12,1.1586,1.06496,0.0055
compute_bounded_linked,10000,staggered_driven,20,4,2,13,1.1486,1.074176,0.0072
compute_bounded_linked,10000,staggered_driven,20,4,2,14,1.3464,1.268736,0.0057
compute_bounded_linked,10000,staggered_driven,20,4,2,15,1.167,1.089536,0.0085
compute_bounded_linked,10000,staggered_driven,20,4,2,16,1.1654,1.091584,0.0058
compute_bounded_linked,10000,staggered_driven,20,4,2,17,1.1805,1.1008,0.01
compute_bounded_linked,10000,staggered_driven,20,4,2,18,1.1676,1.089536,0.0091
compute_bounded_linked,10000,staggered_driven,20,4,2,19,1.162,1.088512,0.0062
compute_bounded_linked,10000,staggered_driven,20,4,2,20,1.1691,1.09568,0.0056
compute_bounded_linked,10000,staggered_driven,20,4,2,21,1.16,1.082368,0.0089
compute_bounded_linked,10000,staggered_driven,20,4,2,22,1.1612,1.08544,0.0081
compute_bounded_linked,10000,staggered_driven,20,4,2,23,1.1571,1.08544,0.0056
compute_bounded_linked,10000,staggered_driven,20,4,2,24,1.1527,1.082368,0.0076
compute_bounded_linked,10000,staggered_driven,20,4,2,25,1.1497,1.076224,0.0062
compute_bounded_linked,10000,staggered_driven,20,4,2,26,1.148,1.0752,0.0074
compute_bounded_linked,10000,staggered_driven,20,4,2,27,1.1498,1.078272,0.0056
compute_bounded_linked,10000,staggered_driven,20,4,2,28,1.1526,1.078272,0.0081
compute_bounded_linked,10000,staggered_driven,20,4,2,29,1.1405,1.07008,0.0055
compute_bounded_linked,10000,staggered_driven,20,4,2,30,1.1529,1.081344,0.0056
compute_bounded_linked,10000,staggered_driven,20,4,2,31,1.1638,1.091584,0.007
compute_bounded_linked,10000,staggered_driven,20,4,2,32,1.1586,1.09056,0.0059
compute_bounded_linked,10000,staggered_driven,20,4,2,33,1.1723,1.098752,0.0076
compute_bounded_linked,10000,staggered_driven,20,4,2,34,1.1411,1.068032,0.006
compute_bounded_linked,10000,staggered_driven,20,4,2,35,1.1408,1.06496,0.0084
compute_bounded_linked,10000,staggered_driven,20,4,2,36,1.1537,1.056768,0.0054
compute_bounded_linked,10000,staggered_driven,20,4,2,37,1.1219,1.04448,0.0074
compute_bounded_linked,10000,staggered_driven,20,4,2,38,1.1558,1.050624,0.0057
compute_bounded_linked,10000,staggered_driven,20,4,2,39,1.126,1.050624,0.0083
compute_linked,10000,staggered_driven,20,4,2,0,1.0994,1.032192,0.0062
compute_linked,10000,staggered_driven,20,4,2,1,1.3545,1.031168,0.0025
compute_linked,10000,staggered_driven,20,4,2,2,1.1175,1.038336,0.0081
compute_linked,10000,staggered_driven,20,4,2,3,1.1089,1.038336,0.0052
compute_linked,10000,staggered_driven,20,4,2,4,1.1208,1.038336,0.0072
compute_linked,10000,staggered_driven,20,4,2,5,1.1165,1.03936,0.0054
compute_linked,10000,staggered_driven,20,4,2,6,1.1385,1.05472,0.0116
compute_linked,10000,staggered_driven,20,4,2,7,1.1244,1.052672,0.0053
compute_linked,10000,staggered_driven,20,4,2,8,1.1165,1.0496,0.0074
compute_linked,10000,staggered_driven,20,4,2,9,1.137,1.030144,0.0054
compute_linked,10000,staggered_driven,20,4,2,10,1.115,1.03936,0.0081
compute_linked,10000,staggered_driven,20,4,2,11,1.1083,1.035264,0.0052
compute_linked,10000,staggered_driven,20,4,2,12,1.1215,1.043456,0.0103
compute_linked,10000,staggered_driven,20,4,2,13,1.3203,1.245184,0.0063
compute_linked,10000,staggered_driven,20,4,2,14,1.1416,1.06496,0.0081
compute_linked,10000,staggered_driven,20,4,2,15,1.1513,1.077248,0.0056
compute_linked,10000,staggered_driven,20,4,2,16,1.1465,1.0752,0.0074
compute_linked,10000,staggered_driven,20,4,2,17,1.1449,1.073152,0.006
compute_linked,10000,staggered_driven,20,4,2,18,1.1428,1.07008,0.0074
compute_linked,10000,staggered_driven,20,4,2,19,1.1451,1.073152,0.0055
compute_linked,10000,staggered_driven,20,4,2,20,1.1495,1.07008,0.006
compute_linked,10000,staggered_driven,20,4,2,21,1.1404,1.06496,0.0062
compute_linked,10000,staggered_driven,20,4,2,22,1.1751,1.067008,0.0082
compute_linked,10000,staggered_driven,20,4,2,23,1.1254,1.052672,0.0055
compute_linked,10000,staggered_driven,20,4,2,24,1.1186,1.052672,0.0057
compute_linked,10000,staggered_driven,20,4,2,25,1.1253,1.053696,0.0055
compute_linked,10000,staggered_driven,20,4,2,26,1.1242,1.052672,0.0052
compute_linked,10000,staggered_driven,20,4,2,27,1.1281,1.05472,0.0078
compute_linked,10000,staggered_driven,20,4,2,28,1.1297,1.05984,0.0053
compute_linked,10000,staggered_driven,20,4,2,29,1.1323,1.05984,0.007
compute_linked,10000,staggered_driven,20,4,2,30,1.156,1.05984,0.0052
compute_linked,10000,staggered_driven,20,4,2,31,1.148,1.07008,0.0083
compute_linked,10000,staggered_driven,20,4,2,32,1.1421,1.067008,0.0062
compute_linked,10000,staggered_driven,20,4,2,33,1.1404,1.063936,0.0079
compute_linked,10000,staggered_driven,20,4,2,34,1.1242,1.052672,0.006
compute_linked,10000,staggered_driven,20,4,2,35,1.1137,1.03936,0.0076
compute_linked,10000,staggered_driven,20,4,2,36,1.1123,1.038336,0.0054
compute_linked,10000,staggered_driven,20,4,2,37,1.1295,1.021952,0.0073
compute_linked,10000,staggered_driven,20,4,2,38,1.1013,1.02912,0.006
compute_linked,10000,staggered_driven,20,4,2,39,1.1082,1.03424,0.0075
compute_bounded_linked,10000,staggered_driven,20,4,3,0,1.109,1.046528,0.0073
compute_bounded_linked,10000,staggered_driven,20,4,3,1,1.1302,1.056768,0.0052
compute_bounded_linked,10000,staggered_driven,20,4,3,2,1.3495,1.053696,0.006
compute_bounded_linked,10000,staggered_driven,20,4,3,3,1.1427,1.05984,0.0103
compute_bounded_linked,10000,staggered_driven,20,4,3,4,1.1608,1.058816,0.0079
compute_bounded_linked,10000,staggered_driven,20,4,3,5,1.1382,1.052672,0.0064
compute_bounded_linked,10000,staggered_driven,20,4,3,6,1.1491,1.072128,0.0077
compute_bounded_linked,10000,staggered_driven,20,4,3,7,1.2851,1.068032,0.0059
compute_bounded_linked,10000,staggered_driven,20,4,3,8,1.1759,1.068032,0.0077
compute_bounded_linked,10000,staggered_driven,20,4,3,9,1.1536,1.057792,0.0061
compute_bounded_linked,10000,staggered_driven,20,4,3,10,1.1517,1.052672,0.0059
compute_bounded_linked,10000,staggered_driven,20,4,3,11,1.3394,1.238016,0.0087
compute_bounded_linked,10000,staggered_driven,20,4,3,12,1.1396,1.063936,0.0063
compute_bounded_linked,10000,staggered_driven,20,4,3,13,1.1768,1.1008,0.0082
compute_bounded_linked,10000,staggered_driven,20,4,3,14,1.1679,1.094656,0.0056
compute_bounded_linked,10000,staggered_driven,20,4,3,15,1.1946,1.091584,0.0084
compute_bounded_linked,10000,staggered_driven,20,4,3,16,1.1784,1.09056,0.0096
compute_bounded_linked,10000,staggered_driven,20,4,3,17,1.1713,1.09056,0.0084
compute_bounded_linked,10000,staggered_driven,20,4,3,18,1.1711,1.09568,0.0063
compute_bounded_linked,10000,staggered_driven,20,4,3,19,1.1692,1.088512,0.0057
compute_bounded_linked,10000,staggered_driven,20,4,3,20,1.196,1.09056,0.0055
compute_bounded_linked,10000,staggered_driven,20,4,3,21,1.1581,1.083392,0.0055
compute_bounded_linked,10000,staggered_driven,20,4,3,22,1.1515,1.074176,0.0084
compute_bounded_linked,10000,staggered_driven,20,4,3,23,1.1553,1.081344,0.0055
compute_bounded_linked,10000,staggered_driven,20,4,3,24,1.1406,1.072128,0.0079
compute_bounded_linked,10000,staggered_driven,20,4,3,25,1.15,1.071104,0.011
compute_bounded_linked,10000,staggered_driven,20,4,3,26,1.1435,1.07008,0.0075
compute_bounded_linked,10000,staggered_driven,20,4,3,27,1.1489,1.077248,0.0055
compute_bounded_linked,10000,staggered_driven,20,4,3,28,1.1737,1.077248,0.0056
compute_bounded_linked,10000,staggered_driven,20,4,3,29,1.152,1.073152,0.0084
compute_bounded_linked,10000,staggered_driven,20,4,3,30,1.1532,1.078272,0.0057
compute_bounded_linked,10000,staggered_driven,20,4,3,31,1.1764,1.099776,0.0076
compute_bounded_linked,10000,staggered_driven,20,4,3,32,1.1644,1.094656,0.0062
compute_bounded_linked,10000,staggered_driven,20,4,3,33,1.1737,1.098752,0.0076
compute_bounded_linked,10000,staggered_driven,20,4,3,34,1.1329,1.05472,0.0055
compute_bounded_linked,10000,staggered_driven,20,4,3,35,1.169,1.056768,0.0084
compute_bounded_linked,10000,staggered_driven,20,4,3,36,1.1297,1.053696,0.0062
compute_bounded_linked,10000,staggered_driven,20,4,3,37,1.1223,1.04448,0.0056
compute_bounded_linked,10000,staggered_driven,20,4,3,38,1.1252,1.0496,0.0071
compute_bounded_linked,10000,staggered_driven,20,4,3,39,1.3086,1.227776,0.0086
compute_linked,10000,staggered_driven,20,4,3,0,1.3959,1.03424,0.0062
compute_linked,10000,staggered_driven,20,4,3,1,1.1082,1.035264,0.0046
compute_linked,10000,staggered_driven,20,4,3,2,1.1048,1.027072,0.0052
compute_linked,10000,staggered_driven,20,4,3,3,1.114,1.035264,0.0081
compute_linked,10000,staggered_driven,20,4,3,4,1.1188,1.04448,0.0052
compute_linked,10000,staggered_driven,20,4,3,5,1.1177,1.042432,0.0072
compute_linked,10000,staggered_driven,20,4,3,6,1.1836,1.050624,0.0062
compute_linked,10000,staggered_driven,20,4,3,7,1.1317,1.056768,0.0079
compute_linked,10000,staggered_driven,20,4,3,8,1.1112,1.046528,0.0056
compute_linked,10000,staggered_driven,20,4,3,9,1.1151,1.042432,0.0073
compute_linked,10000,staggered_driven,20,4,3,10,1.2979,1.219584,0.0054
compute_linked,10000,staggered_driven,20,4,3,11,1.1081,1.032192,0.0063
compute_linked,10000,staggered_driven,20,4,3,12,1.1115,1.040384,0.0059
compute_linked,10000,staggered_driven,20,4,3,13,1.139,1.06496,0.0051
compute_linked,10000,staggered_driven,20,4,3,14,1.1467,1.072128,0.006
compute_linked,10000,staggered_driven,20,4,3,15,1.1547,1.081344,0.0057
compute_linked,10000,staggered_driven,20,4,3,16,1.1452,1.078272,0.0055
compute_linked,10000,staggered_driven,20,4,3,17,1.1508,1.078272,0.0052
compute_linked,10000,staggered_driven,20,4,3,18,1.1507,1.078272,0.006
compute_linked,10000,staggered_driven,20,4,3,19,1.2107,1.072128,0.0052
compute_linked,10000,staggered_driven,20,4,3,20,1.1511,1.0752,0.0068
compute_linked,10000,staggered_driven,20,4,3,21,1.1363,1.060864,0.006
compute_linked,10000,staggered_driven,20,4,3,22,1.1352,1.058816,0.0071
compute_linked,10000,staggered_driven,20,4,3,23,1.1328,1.055744,0.0077
compute_linked,10000,staggered_driven,20,4,3,24,1.1191,1.052672,0.007
compute_linked,10000,staggered_driven,20,4,3,25,1.1316,1.05984,0.006
compute_linked,10000,staggered_driven,20,4,3,26,1.1259,1.053696,0.0077
compute_linked,10000,staggered_driven,20,4,3,27,1.1339,1.062912,0.0054
compute_linked,10000,staggered_driven,20,4,3,28,1.1578,1.058816,0.0084
compute_linked,10000,staggered_driven,20,4,3,29,1.1292,1.057792,0.0053
compute_linked,10000,staggered_driven,20,4,3,30,1.1315,1.056768,0.0072
compute_linked,10000,staggered_driven,20,4,3,31,1.1503,1.078272,0.0052
compute_linked,10000,staggered_driven,20,4,3,32,1.139,1.068032,0.0076
compute_linked,10000,staggered_driven,20,4,3,33,1.1497,1.076224,0.0053
compute_linked,10000,staggered_driven,20,4,3,34,1.1187,1.041408,0.0069
compute_linked,10000,staggered_driven,20,4,3,35,1.1162,1.040384,0.0056
compute_linked,10000,staggered_driven,20,4,3,36,1.1027,1.03936,0.0054
compute_linked,10000,staggered_driven,20,4,3,37,1.0955,1.024,0.0052
compute_linked,10000,staggered_driven,20,4,3,38,1.0908,1.022976,0.0052
compute_linked,10000,staggered_driven,20,4,3,39,1.3004,1.216512,0.0089
compute_exact_ranges,10000,staggered_driven,20,4,3,0,1.9734,1.159168,0.0632
compute_exact_ranges,10000,staggered_driven,20,4,3,1,1.2747,1.185792,0.0174
compute_exact_ranges,10000,staggered_driven,20,4,3,2,1.2617,1.185792,0.0091
compute_exact_ranges,10000,staggered_driven,20,4,3,3,1.4398,1.362944,0.0098
compute_exact_ranges,10000,staggered_driven,20,4,3,4,1.2614,1.185792,0.011
compute_exact_ranges,10000,staggered_driven,20,4,3,5,1.2654,1.184768,0.0106
compute_exact_ranges,10000,staggered_driven,20,4,3,6,1.2571,1.183744,0.0078
compute_exact_ranges,10000,staggered_driven,20,4,3,7,1.2673,1.186816,0.0086
compute_exact_ranges,10000,staggered_driven,20,4,3,8,1.2324,1.160192,0.0098
compute_exact_ranges,10000,staggered_driven,20,4,3,9,1.2557,1.1776,0.0096
compute_exact_ranges,10000,staggered_driven,20,4,3,10,1.2648,1.18272,0.0109
compute_exact_ranges,10000,staggered_driven,20,4,3,11,1.2588,1.18272,0.0098
compute_exact_ranges,10000,staggered_driven,20,4,3,12,1.2945,1.186816,0.0081
compute_exact_ranges,10000,staggered_driven,20,4,3,13,1.2838,1.211392,0.0088
compute_exact_ranges,10000,staggered_driven,20,4,3,14,1.2819,1.20832,0.0096
compute_exact_ranges,10000,staggered_driven,20,4,3,15,1.286,1.210368,0.0095
compute_exact_ranges,10000,staggered_driven,20,4,3,16,1.2618,1.186816,0.0112
compute_exact_ranges,10000,staggered_driven,20,4,3,17,1.2826,1.207296,0.0099
compute_exact_ranges,10000,staggered_driven,20,4,3,18,1.285,1.212416,0.0079
compute_exact_ranges,10000,staggered_driven,20,4,3,19,1.2792,1.206272,0.0079
compute_exact_ranges,10000,staggered_driven,20,4,3,20,1.2768,1.200128,0.0108
compute_exact_ranges,10000,staggered_driven,20,4,3,21,1.2861,1.210368,0.01
compute_exact_ranges,10000,staggered_driven,20,4,3,22,1.2931,1.217536,0.0097
compute_exact_ranges,10000,staggered_driven,20,4,3,23,1.285,1.211392,0.0087
compute_exact_ranges,10000,staggered_driven,20,4,3,24,1.2574,1.179648,0.0108
compute_exact_ranges,10000,staggered_driven,20,4,3,25,1.3261,1.211392,0.0139
compute_exact_ranges,10000,staggered_driven,20,4,3,26,1.2816,1.200128,0.015
compute_exact_ranges,10000,staggered_driven,20,4,3,27,1.287,1.206272,0.014
compute_exact_ranges,10000,staggered_driven,20,4,3,28,1.3157,1.212416,0.0128
compute_exact_ranges,10000,staggered_driven,20,4,3,29,1.573,1.360896,0.009
compute_exact_ranges,10000,staggered_driven,20,4,3,30,1.2807,1.205248,0.009
compute_exact_ranges,10000,staggered_driven,20,4,3,31,1.2819,1.205248,0.0097
compute_exact_ranges,10000,staggered_driven,20,4,3,32,1.251,1.176576,0.011
compute_exact_ranges,10000,staggered_driven,20,4,3,33,1.2871,1.21344,0.0097
compute_exact_ranges,10000,staggered_driven,20,4,3,34,1.2671,1.189888,0.0096
compute_exact_ranges,10000,staggered_driven,20,4,3,35,2.164,1.18784,0.0091
compute_exact_ranges,10000,staggered_driven,20,4,3,36,1.2943,1.183744,0.0088
compute_exact_ranges,10000,staggered_driven,20,4,3,37,1.2581,1.181696,0.0096
compute_exact_ranges,10000,staggered_driven,20,4,3,38,1.2592,1.176576,0.017
compute_exact_ranges,10000,staggered_driven,20,4,3,39,1.2485,1.17248,0.0097
compute_linked,10000,staggered_driven,30,4,1,0,1.1026,1.037312,0.0067
compute_linked,10000,staggered_driven,30,4,1,1,1.1103,1.031168,0.0048
compute_linked,10000,staggered_driven,30,4,1,2,1.1121,1.036288,0.006
compute_linked,10000,staggered_driven,30,4,1,3,1.4001,1.038336,0.0072
compute_linked,10000,staggered_driven,30,4,1,4,1.1193,1.040384,0.006
compute_linked,10000,staggered_driven,30,4,1,5,1.1173,1.040384,0.0079
compute_linked,10000,staggered_driven,30,4,1,6,1.1212,1.048576,0.008
compute_linked,10000,staggered_driven,30,4,1,7,1.1468,1.04448,0.0054
compute_linked,10000,staggered_driven,30,4,1,8,1.1204,1.053696,0.0071
compute_linked,10000,staggered_driven,30,4,1,9,1.1157,1.045504,0.006
compute_linked,10000,staggered_driven,30,4,1,10,1.1141,1.036288,0.0051
compute_linked,10000,staggered_driven,30,4,1,11,1.1189,1.045504,0.0074
compute_linked,10000,staggered_driven,30,4,1,12,1.1114,1.037312,0.0051
compute_linked,10000,staggered_driven,30,4,1,13,1.1393,1.065984,0.0061
compute_linked,10000,staggered_driven,30,4,1,14,1.1389,1.065984,0.0053
compute_linked,10000,staggered_driven,30,4,1,15,1.1415,1.069056,0.0052
compute_linked,10000,staggered_driven,30,4,1,16,1.1462,1.060864,0.0055
compute_linked,10000,staggered_driven,30,4,1,17,1.1469,1.073152,0.0054
compute_linked,10000,staggered_driven,30,4,1,18,1.1226,1.061888,0.0052
compute_linked,10000,staggered_driven,30,4,1,19,1.1675,1.0752,0.0071
compute_linked,10000,staggered_driven,30,4,1,20,1.1342,1.062912,0.006
compute_linked,10000,staggered_driven,30,4,1,21,1.1342,1.061888,0.0071
compute_linked,10000,staggered_driven,30,4,1,22,1.1834,1.058816,0.0051
compute_linked,10000,staggered_driven,30,4,1,23,1.1407,1.061888,0.0115
compute_linked,10000,staggered_driven,30,4,1,24,1.1178,1.050624,0.0059
compute_linked,10000,staggered_driven,30,4,1,25,1.1395,1.052672,0.0094
compute_linked,10000,staggered_driven,30,4,1,26,1.2628,1.06496,0.0086
compute_linked,10000,staggered_driven,30,4,1,27,1.1261,1.045504,0.0082
compute_linked,10000,staggered_driven,30,4,1,28,1.4413,1.362944,0.0062
compute_linked,10000,staggered_driven,30,4,1,29,1.1437,1.07008,0.0086
compute_linked,10000,staggered_driven,30,4,1,30,1.1499,1.06496,0.0064
compute_linked,10000,staggered_driven,30,4,1,31,1.1348,1.057792,0.0078
compute_linked,10000,staggered_driven,30,4,1,32,1.1213,1.052672,0.0052
compute_linked,10000,staggered_driven,30,4,1,33,1.1496,1.076224,0.0074
compute_linked,10000,staggered_driven,30,4,1,34,1.1357,1.063936,0.006
compute_linked,10000,staggered_driven,30,4,1,35,1.1346,1.057792,0.0051
compute_linked,10000,staggered_driven,30,4,1,36,1.16,1.051648,0.0051
compute_linked,10000,staggered_driven,30,4,1,37,1.1287,1.048576,0.0061
compute_linked,10000,staggered_driven,30,4,1,38,1.0941,1.021952,0.0057
compute_linked,10000,staggered_driven,30,4,1,39,1.1218,1.037312,0.0076
compute_exact_ranges,10000,staggered_driven,30,4,1,0,1.2334,1.160192,0.0131
compute_exact_ranges,10000,staggered_driven,30,4,1,1,1.9623,1.180672,0.0067
compute_exact_ranges,10000,staggered_driven,30,4,1,2,1.2638,1.180672,0.011
compute_exact_ranges,10000,staggered_driven,30,4,1,3,1.2534,1.178624,0.0094
compute_exact_ranges,10000,staggered_driven,30,4,1,4,1.2641,1.188864,0.0095
compute_exact_ranges,10000,staggered_driven,30,4,1,5,1.2695,1.18784,0.0085
compute_exact_ranges,10000,staggered_driven,30,4,1,6,1.2633,1.18272,0.0105
compute_exact_ranges,10000,staggered_driven,30,4,1,7,1.2667,1.188864,0.0124
compute_exact_ranges,10000,staggered_driven,30,4,1,8,1.2306,1.15712,0.0099
compute_exact_ranges,10000,staggered_driven,30,4,1,9,1.266,1.19296,0.0106
compute_exact_ranges,10000,staggered_driven,30,4,1,10,1.2682,1.190912,0.008
compute_exact_ranges,10000,staggered_driven,30,4,1,11,1.3026,1.188864,0.0083
compute_exact_ranges,10000,staggered_driven,30,4,1,12,1.2645,1.18784,0.0108
compute_exact_ranges,10000,staggered_driven,30,4,1,13,1.2835,1.209344,0.0097
compute_exact_ranges,10000,staggered_driven,30,4,1,14,1.2824,1.207296,0.0096
compute_exact_ranges,10000,staggered_driven,30,4,1,15,1.3933,1.21344,0.0108
compute_exact_ranges,10000,staggered_driven,30,4,1,16,1.2616,1.190912,0.0091
compute_exact_ranges,10000,staggered_driven,30,4,1,17,1.2967,1.219584,0.0079
compute_exact_ranges,10000,staggered_driven,30,4,1,18,1.2939,1.217536,0.0108
compute_exact_ranges,10000,staggered_driven,30,4,1,19,1.2944,1.21856,0.0103
compute_exact_ranges,10000,staggered_driven,30,4,1,20,1.2915,1.214464,0.0094
compute_exact_ranges,10000,staggered_driven,30,4,1,21,1.3314,1.224704,0.0324
compute_exact_ranges,10000,staggered_driven,30,4,1,22,1.3007,1.219584,0.0098
compute_exact_ranges,10000,staggered_driven,30,4,1,23,1.3263,1.209344,0.0105
compute_exact_ranges,10000,staggered_driven,30,4,1,24,1.2711,1.184768,0.0111
compute_exact_ranges,10000,staggered_driven,30,4,1,25,1.2898,1.211392,0.0102
compute_exact_ranges,10000,staggered_driven,30,4,1,26,1.2889,1.211392,0.0097
compute_exact_ranges,10000,staggered_driven,30,4,1,27,1.3334,1.210368,0.05
compute_exact_ranges,10000,staggered_driven,30,4,1,28,1.29,1.212416,0.0105
compute_exact_ranges,10000,staggered_driven,30,4,1,29,1.2926,1.21856,0.0093
compute_exact_ranges,10000,staggered_driven,30,4,1,30,1.2832,1.210368,0.0075
compute_exact_ranges,10000,staggered_driven,30,4,1,31,1.28,1.204224,0.0103
compute_exact_ranges,10000,staggered_driven,30,4,1,32,1.2531,1.183744,0.0076
compute_exact_ranges,10000,staggered_driven,30,4,1,33,1.2812,1.207296,0.0076
compute_exact_ranges,10000,staggered_driven,30,4,1,34,1.2731,1.19296,0.0103
compute_exact_ranges,10000,staggered_driven,30,4,1,35,1.2593,1.18272,0.0074
compute_exact_ranges,10000,staggered_driven,30,4,1,36,1.2917,1.178624,0.0097
compute_exact_ranges,10000,staggered_driven,30,4,1,37,1.2616,1.183744,0.0082
compute_exact_ranges,10000,staggered_driven,30,4,1,38,1.2425,1.170432,0.0078
compute_exact_ranges,10000,staggered_driven,30,4,1,39,1.2639,1.18784,0.0095
compute_bounded_linked,10000,staggered_driven,30,4,1,0,1.4012,1.051648,0.0092
compute_bounded_linked,10000,staggered_driven,30,4,1,1,1.1287,1.055744,0.0027
compute_bounded_linked,10000,staggered_driven,30,4,1,2,1.1215,1.046528,0.0072
compute_bounded_linked,10000,staggered_driven,30,4,1,3,1.1309,1.056768,0.0062
compute_bounded_linked,10000,staggered_driven,30,4,1,4,1.1329,1.057792,0.008
compute_bounded_linked,10000,staggered_driven,30,4,1,5,1.1339,1.056768,0.0055
compute_bounded_linked,10000,staggered_driven,30,4,1,6,1.1589,1.050624,0.0075
compute_bounded_linked,10000,staggered_driven,30,4,1,7,1.1289,1.055744,0.0063
compute_bounded_linked,10000,staggered_driven,30,4,1,8,1.1361,1.067008,0.006
compute_bounded_linked,10000,staggered_driven,30,4,1,9,1.1325,1.055744,0.0055
compute_bounded_linked,10000,staggered_driven,30,4,1,10,1.3174,1.242112,0.0057
compute_bounded_linked,10000,staggered_driven,30,4,1,11,1.1293,1.056768,0.0083
compute_bounded_linked,10000,staggered_driven,30,4,1,12,1.1285,1.057792,0.0062
compute_bounded_linked,10000,staggered_driven,30,4,1,13,1.1671,1.089536,0.0102
compute_bounded_linked,10000,staggered_driven,30,4,1,14,1.1696,1.094656,0.0065
compute_bounded_linked,10000,staggered_driven,30,4,1,15,1.1758,1.096704,0.0116
compute_bounded_linked,10000,staggered_driven,30,4,1,16,1.1876,1.097728,0.0061
compute_bounded_linked,10000,staggered_driven,30,4,1,17,1.1857,1.1008,0.0083
compute_bounded_linked,10000,staggered_driven,30,4,1,18,1.1738,1.1008,0.0066
compute_bounded_linked,10000,staggered_driven,30,4,1,19,1.1972,1.093632,0.0056
compute_bounded_linked,10000,staggered_driven,30,4,1,20,1.1595,1.084416,0.0077
compute_bounded_linked,10000,staggered_driven,30,4,1,21,1.1582,1.079296,0.0062
compute_bounded_linked,10000,staggered_driven,30,4,1,22,1.1533,1.078272,0.0077
compute_bounded_linked,10000,staggered_driven,30,4,1,23,1.1577,1.082368,0.0056
compute_bounded_linked,10000,staggered_driven,30,4,1,24,1.1478,1.0752,0.0084
compute_bounded_linked,10000,staggered_driven,30,4,1,25,1.1537,1.08032,0.0055
compute_bounded_linked,10000,staggered_driven,30,4,1,26,1.1579,1.079296,0.0108
compute_bounded_linked,10000,staggered_driven,30,4,1,27,1.1542,1.077248,0.0054
compute_bounded_linked,10000,staggered_driven,30,4,1,28,1.1508,1.074176,0.0063
compute_bounded_linked,10000,staggered_driven,30,4,1,29,1.1458,1.071104,0.0055
compute_bounded_linked,10000,staggered_driven,30,4,1,30,1.1525,1.08032,0.0055
compute_bounded_linked,10000,staggered_driven,30,4,1,31,1.1727,1.079296,0.0071
compute_bounded_linked,10000,staggered_driven,30,4,1,32,1.1421,1.077248,0.0059
compute_bounded_linked,10000,staggered_driven,30,4,1,33,1.1728,1.099776,0.0077
compute_bounded_linked,10000,staggered_driven,30,4,1,34,1.1477,1.071104,0.0056
compute_bounded_linked,10000,staggered_driven,30,4,1,35,1.1752,1.055744,0.0187
compute_bounded_linked,10000,staggered_driven,30,4,1,36,2.0005,1.067008,0.0064
compute_bounded_linked,10000,staggered_driven,30,4,1,37,1.1546,1.053696,0.0223
compute_bounded_linked,10000,staggered_driven,30,4,1,38,1.2313,1.056768,0.0096
compute_bounded_linked,10000,staggered_driven,30,4,1,39,1.1272,1.048576,0.0067
compute_exact_ranges,10000,staggered_driven,30,4,2,0,1.3564,1.159168,0.1308
compute_exact_ranges,10000,staggered_driven,30,4,2,1,1.2665,1.183744,0.0118
compute_exact_ranges,10000,staggered_driven,30,4,2,2,2.2617,1.378304,0.0232
compute_exact_ranges,10000,staggered_driven,30,4,2,3,1.2916,1.19296,0.025
compute_exact_ranges,10000,staggered_driven,30,4,2,4,1.265,1.188864,0.0098
compute_exact_ranges,10000,staggered_driven,30,4,2,5,1.27,1.189888,0.0083
compute_exact_ranges,10000,staggered_driven,30,4,2,6,1.273,1.19296,0.011
compute_exact_ranges,10000,staggered_driven,30,4,2,7,1.2568,1.18272,0.0076
compute_exact_ranges,10000,staggered_driven,30,4,2,8,1.2331,1.161216,0.0098
compute_exact_ranges,10000,staggered_driven,30,4,2,9,1.2638,1.185792,0.0083
compute_exact_ranges,10000,staggered_driven,30,4,2,10,1.2692,1.195008,0.0076
compute_exact_ranges,10000,staggered_driven,30,4,2,11,1.4972,1.183744,0.0102
compute_exact_ranges,10000,staggered_driven,30,4,2,12,1.2722,1.185792,0.0115
compute_exact_ranges,10000,staggered_driven,30,4,2,13,1.2989,1.214464,0.0108
compute_exact_ranges,10000,staggered_driven,30,4,2,14,1.2911,1.212416,0.0082
compute_exact_ranges,10000,staggered_driven,30,4,2,15,1.2889,1.209344,0.0127
compute_exact_ranges,10000,staggered_driven,30,4,2,16,1.2543,1.183744,0.0077
compute_exact_ranges,10000,staggered_driven,30,4,2,17,1.2985,1.215488,0.0151
compute_exact_ranges,10000,staggered_driven,30,4,2,18,1.2899,1.216512,0.0084
compute_exact_ranges,10000,staggered_driven,30,4,2,19,1.2864,1.21344,0.0081
compute_exact_ranges,10000,staggered_driven,30,4,2,20,1.2884,1.21344,0.0079
compute_exact_ranges,10000,staggered_driven,30,4,2,21,1.2877,1.211392,0.0093
compute_exact_ranges,10000,staggered_driven,30,4,2,22,1.2836,1.205248,0.0119
compute_exact_ranges,10000,staggered_driven,30,4,2,23,1.2899,1.212416,0.0097
compute_exact_ranges,10000,staggered_driven,30,4,2,24,1.2609,1.184768,0.0102
compute_exact_ranges,10000,staggered_driven,30,4,2,25,1.295,1.216512,0.0085
compute_exact_ranges,10000,staggered_driven,30,4,2,26,1.2889,1.207296,0.0095
compute_exact_ranges,10000,staggered_driven,30,4,2,27,1.4423,1.207296,0.012
compute_exact_ranges,10000,staggered_driven,30,4,2,28,1.2837,1.206272,0.0105
compute_exact_ranges,10000,staggered_driven,30,4,2,29,1.2961,1.219584,0.0086
compute_exact_ranges,10000,staggered_driven,30,4,2,30,1.3231,1.211392,0.012
compute_exact_ranges,10000,staggered_driven,30,4,2,31,1.2878,1.205248,0.0112
compute_exact_ranges,10000,staggered_driven,30,4,2,32,1.2574,1.183744,0.0088
compute_exact_ranges,10000,staggered_driven,30,4,2,33,3.0061,2.925568,0.0105
compute_exact_ranges,10000,staggered_driven,30,4,2,34,1.2714,1.19296,0.0112
compute_exact_ranges,10000,staggered_driven,30,4,2,35,1.2603,1.1776,0.0107
compute_exact_ranges,10000,staggered_driven,30,4,2,36,1.249,1.17248,0.0076
compute_exact_ranges,10000,staggered_driven,30,4,2,37,1.2772,1.180672,0.0096
compute_exact_ranges,10000,staggered_driven,30,4,2,38,1.2563,1.176576,0.0118
compute_exact_ranges,10000,staggered_driven,30,4,2,39,1.2516,1.176576,0.0095
compute_bounded_linked,10000,staggered_driven,30,4,2,0,1.1988,1.050624,0.0861
compute_bounded_linked,10000,staggered_driven,30,4,2,1,1.4129,1.056768,0.007
compute_bounded_linked,10000,staggered_driven,30,4,2,2,1.1384,1.058816,0.0057
compute_bounded_linked,10000,staggered_driven,30,4,2,3,1.1452,1.063936,0.0051
compute_bounded_linked,10000,staggered_driven,30,4,2,4,1.14,1.063936,0.0056
compute_bounded_linked,10000,staggered_driven,30,4,2,5,1.1349,1.056768,0.0049
compute_bounded_linked,10000,staggered_driven,30,4,2,6,1.1315,1.053696,0.0049
compute_bounded_linked,10000,staggered_driven,30,4,2,7,1.1275,1.051648,0.0076
compute_bounded_linked,10000,staggered_driven,30,4,2,8,1.1428,1.069056,0.0053
compute_bounded_linked,10000,staggered_driven,30,4,2,9,1.1269,1.055744,0.006
compute_bounded_linked,10000,staggered_driven,30,4,2,10,1.1368,1.061888,0.0055
compute_bounded_linked,10000,staggered_driven,30,4,2,11,1.1423,1.05984,0.0056
compute_bounded_linked,10000,staggered_driven,30,4,2,12,1.1361,1.058816,0.0057
compute_bounded_linked,10000,staggered_driven,30,4,2,13,1.2351,1.094656,0.0048
compute_bounded_linked,10000,staggered_driven,30,4,2,14,1.167,1.089536,0.0065
compute_bounded_linked,10000,staggered_driven,30,4,2,15,1.1731,1.09568,0.0058
compute_bounded_linked,10000,staggered_driven,30,4,2,16,1.1671,1.09568,0.0052
compute_bounded_linked,10000,staggered_driven,30,4,2,17,1.1682,1.089536,0.0049
compute_bounded_linked,10000,staggered_driven,30,4,2,18,1.1629,1.086464,0.0056
compute_bounded_linked,10000,staggered_driven,30,4,2,19,1.1648,1.087488,0.005
compute_bounded_linked,10000,staggered_driven,30,4,2,20,1.1554,1.081344,0.0049
compute_bounded_linked,10000,staggered_driven,30,4,2,21,1.3375,1.258496,0.0048
compute_bounded_linked,10000,staggered_driven,30,4,2,22,1.1663,1.091584,0.0055
compute_bounded_linked,10000,staggered_driven,30,4,2,23,1.1715,1.09568,0.0118
compute_bounded_linked,10000,staggered_driven,30,4,2,24,1.1588,1.082368,0.0054
compute_bounded_linked,10000,staggered_driven,30,4,2,25,1.2929,1.086464,0.008
compute_bounded_linked,10000,staggered_driven,30,4,2,26,1.1522,1.082368,0.0056
compute_bounded_linked,10000,staggered_driven,30,4,2,27,1.1543,1.082368,0.0052
compute_bounded_linked,10000,staggered_driven,30,4,2,28,1.16,1.088512,0.0049
compute_bounded_linked,10000,staggered_driven,30,4,2,29,1.1858,1.079296,0.0055
compute_bounded_linked,10000,staggered_driven,30,4,2,30,1.1661,1.086464,0.0048
compute_bounded_linked,10000,staggered_driven,30,4,2,31,1.15,1.077248,0.0048
compute_bounded_linked,10000,staggered_driven,30,4,2,32,1.1485,1.079296,0.0052
compute_bounded_linked,10000,staggered_driven,30,4,2,33,1.1776,1.098752,0.0048
compute_bounded_linked,10000,staggered_driven,30,4,2,34,1.1539,1.081344,0.0048
compute_bounded_linked,10000,staggered_driven,30,4,2,35,1.1586,1.08032,0.0047
compute_bounded_linked,10000,staggered_driven,30,4,2,36,1.1251,1.050624,0.0054
compute_bounded_linked,10000,staggered_driven,30,4,2,37,1.1357,1.058816,0.0047
compute_bounded_linked,10000,staggered_driven,30,4,2,38,1.1111,1.047552,0.0048
compute_bounded_linked,10000,staggered_driven,30,4,2,39,1.1302,1.050624,0.0056
compute_linked,10000,staggered_driven,30,4,2,0,1.1001,1.030144,0.0052
compute_linked,10000,staggered_driven,30,4,2,1,1.1037,1.03424,0.0021
compute_linked,10000,staggered_driven,30,4,2,2,1.1174,1.041408,0.0067
compute_linked,10000,staggered_driven,30,4,2,3,1.1332,1.048576,0.0053
compute_linked,10000,staggered_driven,30,4,2,4,1.3533,1.03936,0.0053
compute_linked,10000,staggered_driven,30,4,2,5,1.1156,1.038336,0.0053
compute_linked,10000,staggered_driven,30,4,2,6,1.1089,1.030144,0.006
compute_linked,10000,staggered_driven,30,4,2,7,1.1099,1.036288,0.0054
compute_linked,10000,staggered_driven,30,4,2,8,1.228,1.0496,0.0049
compute_linked,10000,staggered_driven,30,4,2,9,1.1185,1.040384,0.0052
compute_linked,10000,staggered_driven,30,4,2,10,1.3344,1.231872,0.0055
compute_linked,10000,staggered_driven,30,4,2,11,1.1218,1.043456,0.0054
compute_linked,10000,staggered_driven,30,4,2,12,1.1208,1.042432,0.0069
compute_linked,10000,staggered_driven,30,4,2,13,1.1445,1.067008,0.0054
compute_linked,10000,staggered_driven,30,4,2,14,1.1388,1.065984,0.0054
compute_linked,10000,staggered_driven,30,4,2,15,1.1355,1.063936,0.0047
compute_linked,10000,staggered_driven,30,4,2,16,1.1443,1.077248,0.0047
compute_linked,10000,staggered_driven,30,4,2,17,1.2112,1.079296,0.0139
compute_linked,10000,staggered_driven,30,4,2,18,1.1575,1.08032,0.0053
compute_linked,10000,staggered_driven,30,4,2,19,1.1477,1.0752,0.0056
compute_linked,10000,staggered_driven,30,4,2,20,1.1341,1.05984,0.0045
compute_linked,10000,staggered_driven,30,4,2,21,1.2403,1.063936,0.0078
compute_linked,10000,staggered_driven,30,4,2,22,1.1353,1.06496,0.0054
compute_linked,10000,staggered_driven,30,4,2,23,1.1618,1.058816,0.0051
compute_linked,10000,staggered_driven,30,4,2,24,1.1295,1.05984,0.0051
compute_linked,10000,staggered_driven,30,4,2,25,1.1657,1.055744,0.0046
compute_linked,10000,staggered_driven,30,4,2,26,1.1328,1.056768,0.0045
compute_linked,10000,staggered_driven,30,4,2,27,1.1297,1.053696,0.0066
compute_linked,10000,staggered_driven,30,4,2,28,1.329,1.247232,0.0055
compute_linked,10000,staggered_driven,30,4,2,29,1.1443,1.071104,0.0053
compute_linked,10000,staggered_driven,30,4,2,30,1.1494,1.067008,0.005
compute_linked,10000,staggered_driven,30,4,2,31,1.141,1.062912,0.0071
compute_linked,10000,staggered_driven,30,4,2,32,1.1187,1.053696,0.0049
compute_linked,10000,staggered_driven,30,4,2,33,1.1602,1.08544,0.0048
compute_linked,10000,staggered_driven,30,4,2,34,1.1263,1.05472,0.0045
compute_linked,10000,staggered_driven,30,4,2,35,1.1311,1.05472,0.005
compute_linked,10000,staggered_driven,30,4,2,36,1.1185,1.04448,0.0052
compute_linked,10000,staggered_driven,30,4,2,37,1.1117,1.03936,0.0046
compute_linked,10000,staggered_driven,30,4,2,38,1.1109,1.031168,0.0067
compute_linked,10000,staggered_driven,30,4,2,39,1.0989,1.026048,0.0052
compute_bounded_linked,10000,staggered_driven,30,4,3,0,1.1157,1.046528,0.0063
compute_bounded_linked,10000,staggered_driven,30,4,3,1,1.431,1.05984,0.0041
compute_bounded_linked,10000,staggered_driven,30,4,3,2,1.1389,1.05984,0.0058
compute_bounded_linked,10000,staggered_driven,30,4,3,3,1.1458,1.06496,0.0067
compute_bounded_linked,10000,staggered_driven,30,4,3,4,1.1401,1.062912,0.0051
compute_bounded_linked,10000,staggered_driven,30,4,3,5,1.1304,1.053696,0.0054
compute_bounded_linked,10000,staggered_driven,30,4,3,6,1.1365,1.05472,0.0067
compute_bounded_linked,10000,staggered_driven,30,4,3,7,1.1369,1.056768,0.0058
compute_bounded_linked,10000,staggered_driven,30,4,3,8,1.1613,1.06496,0.0058
compute_bounded_linked,10000,staggered_driven,30,4,3,9,1.1352,1.058816,0.0049
compute_bounded_linked,10000,staggered_driven,30,4,3,10,1.1352,1.061888,0.0049
compute_bounded_linked,10000,staggered_driven,30,4,3,11,1.1601,1.060864,0.0049
compute_bounded_linked,10000,staggered_driven,30,4,3,12,1.257,1.067008,0.0076
compute_bounded_linked,10000,staggered_driven,30,4,3,13,1.1667,1.09568,0.0054
compute_bounded_linked,10000,staggered_driven,30,4,3,14,1.1717,1.09568,0.0063
compute_bounded_linked,10000,staggered_driven,30,4,3,15,1.2024,1.093632,0.0058
compute_bounded_linked,10000,staggered_driven,30,4,3,16,1.1705,1.101824,0.0052
compute_bounded_linked,10000,staggered_driven,30,4,3,17,1.1751,1.102848,0.0049
compute_bounded_linked,10000,staggered_driven,30,4,3,18,1.1596,1.084416,0.0049
compute_bounded_linked,10000,staggered_driven,30,4,3,19,1.2866,1.101824,0.007
compute_bounded_linked,10000,staggered_driven,30,4,3,20,1.1863,1.086464,0.0074
compute_bounded_linked,10000,staggered_driven,30,4,3,21,1.1635,1.08544,0.0052
compute_bounded_linked,10000,staggered_driven,30,4,3,22,1.1627,1.088512,0.0057
compute_bounded_linked,10000,staggered_driven,30,4,3,23,1.1636,1.082368,0.0049
compute_bounded_linked,10000,staggered_driven,30,4,3,24,1.1499,1.082368,0.0052
compute_bounded_linked,10000,staggered_driven,30,4,3,25,1.1576,1.082368,0.0048
compute_bounded_linked,10000,staggered_driven,30,4,3,26,1.1503,1.0752,0.0056
compute_bounded_linked,10000,staggered_driven,30,4,3,27,1.1611,1.086464,0.0047
compute_bounded_linked,10000,staggered_driven,30,4,3,28,1.1939,1.086464,0.0048
compute_bounded_linked,10000,staggered_driven,30,4,3,29,1.3482,1.268736,0.0079
compute_bounded_linked,10000,staggered_driven,30,4,3,30,1.1545,1.083392,0.0056
compute_bounded_linked,10000,staggered_driven,30,4,3,31,1.1605,1.087488,0.0054
compute_bounded_linked,10000,staggered_driven,30,4,3,32,1.1549,1.08032,0.0069
compute_bounded_linked,10000,staggered_driven,30,4,3,33,1.2032,1.101824,0.0074
compute_bounded_linked,10000,staggered_driven,30,4,3,34,1.1575,1.08032,0.0056
compute_bounded_linked,10000,staggered_driven,30,4,3,35,1.1428,1.06496,0.0047
compute_bounded_linked,10000,staggered_driven,30,4,3,36,1.1424,1.071104,0.0055
compute_bounded_linked,10000,staggered_driven,30,4,3,37,1.135,1.063936,0.0046
compute_bounded_linked,10000,staggered_driven,30,4,3,38,1.1235,1.045504,0.0048
compute_bounded_linked,10000,staggered_driven,30,4,3,39,1.1295,1.052672,0.0069
compute_linked,10000,staggered_driven,30,4,3,0,1.0987,1.038336,0.0049
compute_linked,10000,staggered_driven,30,4,3,1,1.1112,1.037312,0.0019
compute_linked,10000,staggered_driven,30,4,3,2,1.1209,1.033216,0.0045
compute_linked,10000,staggered_driven,30,4,3,3,1.3672,1.041408,0.007
compute_linked,10000,staggered_driven,30,4,3,4,1.1162,1.041408,0.0055
compute_linked,10000,staggered_driven,30,4,3,5,1.1159,1.040384,0.0046
compute_linked,10000,staggered_driven,30,4,3,6,1.1135,1.041408,0.0044
compute_linked,10000,staggered_driven,30,4,3,7,1.1118,1.03936,0.0052
compute_linked,10000,staggered_driven,30,4,3,8,1.2129,1.046528,0.0048
compute_linked,10000,staggered_driven,30,4,3,9,1.1326,1.048576,0.0139
compute_linked,10000,staggered_driven,30,4,3,10,1.1245,1.048576,0.0045
compute_linked,10000,staggered_driven,30,4,3,11,1.1164,1.041408,0.0052
compute_linked,10000,staggered_driven,30,4,3,12,1.1102,1.040384,0.0044
compute_linked,10000,staggered_driven,30,4,3,13,1.1684,1.065984,0.0044
compute_linked,10000,staggered_driven,30,4,3,14,1.1427,1.069056,0.0044
compute_linked,10000,staggered_driven,30,4,3,15,1.1398,1.065984,0.0052
compute_linked,10000,staggered_driven,30,4,3,16,1.1329,1.07008,0.0046
compute_linked,10000,staggered_driven,30,4,3,17,1.1386,1.068032,0.0044
compute_linked,10000,staggered_driven,30,4,3,18,1.2866,1.079296,0.0052
compute_linked,10000,staggered_driven,30,4,3,19,1.1272,1.058816,0.0052
compute_linked,10000,staggered_driven,30,4,3,20,1.1403,1.069056,0.0049
compute_linked,10000,staggered_driven,30,4,3,21,1.1343,1.062912,0.0053
compute_linked,10000,staggered_driven,30,4,3,22,1.1386,1.069056,0.0051
compute_linked,10000,staggered_driven,30,4,3,23,1.1439,1.069056,0.0045
compute_linked,10000,staggered_driven,30,4,3,24,1.1287,1.060864,0.0046
compute_linked,10000,staggered_driven,30,4,3,25,1.136,1.069056,0.0054
compute_linked,10000,staggered_driven,30,4,3,26,1.175,1.058816,0.0058
compute_linked,10000,staggered_driven,30,4,3,27,1.1468,1.069056,0.0053
compute_linked,10000,staggered_driven,30,4,3,28,1.1362,1.062912,0.0054
compute_linked,10000,staggered_driven,30,4,3,29,1.1399,1.060864,0.0052
compute_linked,10000,staggered_driven,30,4,3,30,1.1373,1.057792,0.0062
compute_linked,10000,staggered_driven,30,4,3,31,1.1529,1.052672,0.0054
compute_linked,10000,staggered_driven,30,4,3,32,1.1206,1.053696,0.0057
compute_linked,10000,staggered_driven,30,4,3,33,1.1518,1.077248,0.0046
compute_linked,10000,staggered_driven,30,4,3,34,1.1441,1.047552,0.005
compute_linked,10000,staggered_driven,30,4,3,35,1.1233,1.046528,0.0053
compute_linked,10000,staggered_driven,30,4,3,36,1.1215,1.04448,0.0053
compute_linked,10000,staggered_driven,30,4,3,37,1.1133,1.040384,0.0044
compute_linked,10000,staggered_driven,30,4,3,38,1.1186,1.027072,0.0066
compute_linked,10000,staggered_driven,30,4,3,39,1.1195,1.028096,0.0044
compute_exact_ranges,10000,staggered_driven,30,4,3,0,1.231,1.15712,0.0127
compute_exact_ranges,10000,staggered_driven,30,4,3,1,2.1648,1.368064,0.0041
compute_exact_ranges,10000,staggered_driven,30,4,3,2,1.2921,1.184768,0.0264
compute_exact_ranges,10000,staggered_driven,30,4,3,3,1.3125,1.193984,0.0376
compute_exact_ranges,10000,staggered_driven,30,4,3,4,1.2806,1.193984,0.0117
compute_exact_ranges,10000,staggered_driven,30,4,3,5,1.2724,1.19296,0.011
compute_exact_ranges,10000,staggered_driven,30,4,3,6,1.2652,1.186816,0.0091
compute_exact_ranges,10000,staggered_driven,30,4,3,7,1.2594,1.176576,0.0112
compute_exact_ranges,10000,staggered_driven,30,4,3,8,1.249,1.164288,0.0079
compute_exact_ranges,10000,staggered_driven,30,4,3,9,1.2738,1.196032,0.0076
compute_exact_ranges,10000,staggered_driven,30,4,3,10,1.5048,1.398784,0.0082
compute_exact_ranges,10000,staggered_driven,30,4,3,11,1.2666,1.189888,0.0082
compute_exact_ranges,10000,staggered_driven,30,4,3,12,1.2736,1.199104,0.0077
compute_exact_ranges,10000,staggered_driven,30,4,3,13,1.3167,1.207296,0.0081
compute_exact_ranges,10000,staggered_driven,30,4,3,14,1.2931,1.214464,0.0091
compute_exact_ranges,10000,staggered_driven,30,4,3,15,1.2892,1.215488,0.0068
compute_exact_ranges,10000,staggered_driven,30,4,3,16,1.333,1.19296,0.0218
compute_exact_ranges,10000,staggered_driven,30,4,3,17,1.3219,1.215488,0.0237
compute_exact_ranges,10000,staggered_driven,30,4,3,18,1.3011,1.215488,0.0071
compute_exact_ranges,10000,staggered_driven,30,4,3,19,1.2938,1.215488,0.0112
compute_exact_ranges,10000,staggered_driven,30,4,3,20,1.2866,1.20832,0.0101
compute_exact_ranges,10000,staggered_driven,30,4,3,21,1.2915,1.21856,0.0068
compute_exact_ranges,10000,staggered_driven,30,4,3,22,1.2772,1.2032,0.007
compute_exact_ranges,10000,staggered_driven,30,4,3,23,1.2883,1.211392,0.0103
compute_exact_ranges,10000,staggered_driven,30,4,3,24,1.253,1.18272,0.0074
compute_exact_ranges,10000,staggered_driven,30,4,3,25,1.3264,1.212416,0.0071
compute_exact_ranges,10000,staggered_driven,30,4,3,26,1.2888,1.20832,0.0097
compute_exact_ranges,10000,staggered_driven,30,4,3,27,1.3113,1.211392,0.0069
compute_exact_ranges,10000,staggered_driven,30,4,3,28,1.29,1.21344,0.0067
compute_exact_ranges,10000,staggered_driven,30,4,3,29,1.3229,1.206272,0.0173
compute_exact_ranges,10000,staggered_driven,30,4,3,30,1.3151,1.211392,0.0228
compute_exact_ranges,10000,staggered_driven,30,4,3,31,1.2848,1.210368,0.0079
compute_exact_ranges,10000,staggered_driven,30,4,3,32,1.252,1.179648,0.0093
compute_exact_ranges,10000,staggered_driven,30,4,3,33,1.2925,1.220608,0.007
compute_exact_ranges,10000,staggered_driven,30,4,3,34,2.6877,2.613248,0.0067
compute_exact_ranges,10000,staggered_driven,30,4,3,35,1.2574,1.183744,0.0097
compute_exact_ranges,10000,staggered_driven,30,4,3,36,1.2935,1.184768,0.0075
compute_exact_ranges,10000,staggered_driven,30,4,3,37,1.2678,1.18272,0.011
compute_exact_ranges,10000,staggered_driven,30,4,3,38,1.2615,1.184768,0.0098
compute_exact_ranges,10000,staggered_driven,30,4,3,39,1.2532,1.181696,0.0066
compute_linked,10000,staggered_driven,60,4,1,0,1.0909,1.024,0.0053
compute_linked,10000,staggered_driven,60,4,1,1,1.4563,1.030144,0.0037
compute_linked,10000,staggered_driven,60,4,1,2,1.1163,1.03936,0.0052
compute_linked,10000,staggered_driven,60,4,1,3,1.1105,1.03424,0.0043
compute_linked,10000,staggered_driven,60,4,1,4,1.1161,1.042432,0.0053
compute_linked,10000,staggered_driven,60,4,1,5,1.3057,1.230848,0.0044
compute_linked,10000,staggered_driven,60,4,1,6,1.1184,1.04448,0.0053
compute_linked,10000,staggered_driven,60,4,1,7,1.1057,1.036288,0.005
compute_linked,10000,staggered_driven,60,4,1,8,1.1096,1.041408,0.0047
compute_linked,10000,staggered_driven,60,4,1,9,1.1053,1.033216,0.0052
compute_linked,10000,staggered_driven,60,4,1,10,1.1033,1.032192,0.0044
compute_linked,10000,staggered_driven,60,4,1,11,1.1169,1.040384,0.0045
compute_linked,10000,staggered_driven,60,4,1,12,1.093,1.021952,0.0043
compute_linked,10000,staggered_driven,60,4,1,13,1.1428,1.071104,0.0052
compute_linked,10000,staggered_driven,60,4,1,14,1.192,1.072128,0.0044
compute_linked,10000,staggered_driven,60,4,1,15,1.1397,1.067008,0.0044
compute_linked,10000,staggered_driven,60,4,1,16,1.1359,1.07008,0.0049
compute_linked,10000,staggered_driven,60,4,1,17,1.1466,1.072128,0.0044
compute_linked,10000,staggered_driven,60,4,1,18,1.1378,1.068032,0.0043
compute_linked,10000,staggered_driven,60,4,1,19,1.1308,1.057792,0.0043
compute_linked,10000,staggered_driven,60,4,1,20,1.129,1.05472,0.0051
compute_linked,10000,staggered_driven,60,4,1,21,1.1322,1.058816,0.0043
compute_linked,10000,staggered_driven,60,4,1,22,1.1312,1.058816,0.0044
compute_linked,10000,staggered_driven,60,4,1,23,1.1465,1.056768,0.0046
compute_linked,10000,staggered_driven,60,4,1,24,1.1265,1.053696,0.0089
compute_linked,10000,staggered_driven,60,4,1,25,1.1282,1.05472,0.0044
compute_linked,10000,staggered_driven,60,4,1,26,1.1337,1.061888,0.0043
compute_linked,10000,staggered_driven,60,4,1,27,1.1285,1.057792,0.0051
compute_linked,10000,staggered_driven,60,4,1,28,1.136,1.05984,0.0044
compute_linked,10000,staggered_driven,60,4,1,29,1.1381,1.062912,0.0068
compute_linked,10000,staggered_driven,60,4,1,30,1.126,1.055744,0.0043
compute_linked,10000,staggered_driven,60,4,1,31,1.132,1.05984,0.0069
compute_linked,10000,staggered_driven,60,4,1,32,1.1175,1.05472,0.0045
compute_linked,10000,staggered_driven,60,4,1,33,1.1296,1.058816,0.0044
compute_linked,10000,staggered_driven,60,4,1,34,1.2903,1.20832,0.0051
compute_linked,10000,staggered_driven,60,4,1,35,1.1041,1.036288,0.0052
compute_linked,10000,staggered_driven,60,4,1,36,1.1024,1.033216,0.0069
compute_linked,10000,staggered_driven,60,4,1,37,1.1142,1.035264,0.0046
compute_linked,10000,staggered_driven,60,4,1,38,1.133,1.022976,0.0065
compute_linked,10000,staggered_driven,60,4,1,39,1.1077,1.030144,0.0052
compute_exact_ranges,10000,staggered_driven,60,4,1,0,2.2681,1.333248,0.0168
compute_exact_ranges,10000,staggered_driven,60,4,1,1,1.2775,1.195008,0.0076
compute_exact_ranges,10000,staggered_driven,60,4,1,2,1.2656,1.185792,0.0067
compute_exact_ranges,10000,staggered_driven,60,4,1,3,1.2704,1.19296,0.0105
compute_exact_ranges,10000,staggered_driven,60,4,1,4,1.273,1.193984,0.0067
compute_exact_ranges,10000,staggered_driven,60,4,1,5,1.259,1.181696,0.0067
compute_exact_ranges,10000,staggered_driven,60,4,1,6,1.2672,1.189888,0.01
compute_exact_ranges,10000,staggered_driven,60,4,1,7,1.2576,1.185792,0.0068
compute_exact_ranges,10000,staggered_driven,60,4,1,8,1.2338,1.165312,0.0069
compute_exact_ranges,10000,staggered_driven,60,4,1,9,1.2657,1.183744,0.0098
compute_exact_ranges,10000,staggered_driven,60,4,1,10,1.2659,1.188864,0.0069
compute_exact_ranges,10000,staggered_driven,60,4,1,11,1.2913,1.183744,0.0069
compute_exact_ranges,10000,staggered_driven,60,4,1,12,1.2657,1.189888,0.0099
compute_exact_ranges,10000,staggered_driven,60,4,1,13,1.2897,1.212416,0.007
compute_exact_ranges,10000,staggered_driven,60,4,1,14,1.2834,1.210368,0.0067
compute_exact_ranges,10000,staggered_driven,60,4,1,15,1.2945,1.215488,0.0085
compute_exact_ranges,10000,staggered_driven,60,4,1,16,1.262,1.185792,0.0138
compute_exact_ranges,10000,staggered_driven,60,4,1,17,1.2843,1.210368,0.007
compute_exact_ranges,10000,staggered_driven,60,4,1,18,1.29,1.215488,0.0088
compute_exact_ranges,10000,staggered_driven,60,4,1,19,1.2791,1.206272,0.0075
compute_exact_ranges,10000,staggered_driven,60,4,1,20,1.2959,1.217536,0.0069
compute_exact_ranges,10000,staggered_driven,60,4,1,21,1.2955,1.21856,0.0088
compute_exact_ranges,10000,staggered_driven,60,4,1,22,1.2877,1.210368,0.0105
compute_exact_ranges,10000,staggered_driven,60,4,1,23,1.3443,1.207296,0.0268
compute_exact_ranges,10000,staggered_driven,60,4,1,24,1.2559,1.184768,0.0093
compute_exact_ranges,10000,staggered_driven,60,4,1,25,1.3942,1.210368,0.0108
compute_exact_ranges,10000,staggered_driven,60,4,1,26,1.292,1.21344,0.0075
compute_exact_ranges,10000,staggered_driven,60,4,1,27,1.2943,1.214464,0.0094
compute_exact_ranges,10000,staggered_driven,60,4,1,28,1.2945,1.214464,0.0077
compute_exact_ranges,10000,staggered_driven,60,4,1,29,1.33,1.217536,0.0449
compute_exact_ranges,10000,staggered_driven,60,4,1,30,1.2858,1.212416,0.0067
compute_exact_ranges,10000,staggered_driven,60,4,1,31,1.2779,1.205248,0.0075
compute_exact_ranges,10000,staggered_driven,60,4,1,32,1.2762,1.185792,0.022
compute_exact_ranges,10000,staggered_driven,60,4,1,33,1.3105,1.214464,0.0249
compute_exact_ranges,10000,staggered_driven,60,4,1,34,1.2731,1.183744,0.0215
compute_exact_ranges,10000,staggered_driven,60,4,1,35,1.2949,1.18784,0.0067
compute_exact_ranges,10000,staggered_driven,60,4,1,36,1.2673,1.18784,0.0065
compute_exact_ranges,10000,staggered_driven,60,4,1,37,1.2564,1.181696,0.0065
compute_exact_ranges,10000,staggered_driven,60,4,1,38,1.2612,1.18784,0.0073
compute_exact_ranges,10000,staggered_driven,60,4,1,39,1.2597,1.18784,0.0067
compute_bounded_linked,10000,staggered_driven,60,4,1,0,1.1011,1.036288,0.0058
compute_bounded_linked,10000,staggered_driven,60,4,1,1,1.1252,1.055744,0.0021
compute_bounded_linked,10000,staggered_driven,60,4,1,2,1.1343,1.05472,0.0045
compute_bounded_linked,10000,staggered_driven,60,4,1,3,1.4436,1.062912,0.005
compute_bounded_linked,10000,staggered_driven,60,4,1,4,1.1419,1.06496,0.0056
compute_bounded_linked,10000,staggered_driven,60,4,1,5,1.1222,1.048576,0.0046
compute_bounded_linked,10000,staggered_driven,60,4,1,6,1.1312,1.057792,0.0045
compute_bounded_linked,10000,staggered_driven,60,4,1,7,1.2186,1.057792,0.0046
compute_bounded_linked,10000,staggered_driven,60,4,1,8,1.1247,1.055744,0.0069
compute_bounded_linked,10000,staggered_driven,60,4,1,9,1.1268,1.050624,0.0047
compute_bounded_linked,10000,staggered_driven,60,4,1,10,1.1179,1.043456,0.0046
compute_bounded_linked,10000,staggered_driven,60,4,1,11,1.1259,1.052672,0.0054
compute_bounded_linked,10000,staggered_driven,60,4,1,12,1.1276,1.051648,0.0047
compute_bounded_linked,10000,staggered_driven,60,4,1,13,1.1375,1.06496,0.0047
compute_bounded_linked,10000,staggered_driven,60,4,1,14,1.158,1.08032,0.0065
compute_bounded_linked,10000,staggered_driven,60,4,1,15,1.1546,1.082368,0.0054
compute_bounded_linked,10000,staggered_driven,60,4,1,16,1.1697,1.079296,0.0071
compute_bounded_linked,10000,staggered_driven,60,4,1,17,1.1705,1.091584,0.0048
compute_bounded_linked,10000,staggered_driven,60,4,1,18,1.1744,1.09056,0.0055
compute_bounded_linked,10000,staggered_driven,60,4,1,19,1.1521,1.078272,0.0053
compute_bounded_linked,10000,staggered_driven,60,4,1,20,1.1558,1.079296,0.0048
compute_bounded_linked,10000,staggered_driven,60,4,1,21,1.1401,1.08032,0.0055
compute_bounded_linked,10000,staggered_driven,60,4,1,22,1.4178,1.241088,0.0069
compute_bounded_linked,10000,staggered_driven,60,4,1,23,1.1656,1.092608,0.0055
compute_bounded_linked,10000,staggered_driven,60,4,1,24,1.148,1.08032,0.0048
compute_bounded_linked,10000,staggered_driven,60,4,1,25,1.1592,1.079296,0.0054
compute_bounded_linked,10000,staggered_driven,60,4,1,26,1.1652,1.08544,0.0055
compute_bounded_linked,10000,staggered_driven,60,4,1,27,1.1665,1.086464,0.0071
compute_bounded_linked,10000,staggered_driven,60,4,1,28,1.1927,1.089536,0.0069
compute_bounded_linked,10000,staggered_driven,60,4,1,29,1.1673,1.087488,0.0069
compute_bounded_linked,10000,staggered_driven,60,4,1,30,1.1622,1.084416,0.0054
compute_bounded_linked,10000,staggered_driven,60,4,1,31,1.2008,1.084416,0.0068
compute_bounded_linked,10000,staggered_driven,60,4,1,32,1.1461,1.0752,0.0069
compute_bounded_linked,10000,staggered_driven,60,4,1,33,1.155,1.076224,0.005
compute_bounded_linked,10000,staggered_driven,60,4,1,34,1.1301,1.055744,0.0054
compute_bounded_linked,10000,staggered_driven,60,4,1,35,1.1328,1.053696,0.0057
compute_bounded_linked,10000,staggered_driven,60,4,1,36,1.1362,1.055744,0.0072
compute_bounded_linked,10000,staggered_driven,60,4,1,37,1.1118,1.03936,0.0046
compute_bounded_linked,10000,staggered_driven,60,4,1,38,1.1159,1.043456,0.0046
compute_bounded_linked,10000,staggered_driven,60,4,1,39,1.1178,1.042432,0.0046
compute_exact_ranges,10000,staggered_driven,60,4,2,0,1.2564,1.168384,0.0142
compute_exact_ranges,10000,staggered_driven,60,4,2,1,1.923,1.19296,0.004
compute_exact_ranges,10000,staggered_driven,60,4,2,2,1.269,1.184768,0.0101
compute_exact_ranges,10000,staggered_driven,60,4,2,3,1.2503,1.175552,0.0068
compute_exact_ranges,10000,staggered_driven,60,4,2,4,1.2685,1.193984,0.0083
compute_exact_ranges,10000,staggered_driven,60,4,2,5,1.2704,1.189888,0.0066
compute_exact_ranges,10000,staggered_driven,60,4,2,6,1.2663,1.188864,0.0076
compute_exact_ranges,10000,staggered_driven,60,4,2,7,1.2658,1.18784,0.0077
compute_exact_ranges,10000,staggered_driven,60,4,2,8,1.2484,1.160192,0.0071
compute_exact_ranges,10000,staggered_driven,60,4,2,9,1.2652,1.188864,0.0065
compute_exact_ranges,10000,staggered_driven,60,4,2,10,1.2643,1.18784,0.0074
compute_exact_ranges,10000,staggered_driven,60,4,2,11,1.2634,1.189888,0.0068
compute_exact_ranges,10000,staggered_driven,60,4,2,12,1.2653,1.188864,0.0064
compute_exact_ranges,10000,staggered_driven,60,4,2,13,1.5235,1.447936,0.0068
compute_exact_ranges,10000,staggered_driven,60,4,2,14,1.2716,1.200128,0.0074
compute_exact_ranges,10000,staggered_driven,60,4,2,15,1.2853,1.216512,0.0075
compute_exact_ranges,10000,staggered_driven,60,4,2,16,1.2683,1.18272,0.0077
compute_exact_ranges,10000,staggered_driven,60,4,2,17,1.2873,1.214464,0.0076
compute_exact_ranges,10000,staggered_driven,60,4,2,18,1.2986,1.220608,0.0065
compute_exact_ranges,10000,staggered_driven,60,4,2,19,1.3042,1.230848,0.0068
compute_exact_ranges,10000,staggered_driven,60,4,2,20,1.2807,1.207296,0.0075
compute_exact_ranges,10000,staggered_driven,60,4,2,21,1.2778,1.206272,0.0067
compute_exact_ranges,10000,staggered_driven,60,4,2,22,1.2987,1.220608,0.0065
compute_exact_ranges,10000,staggered_driven,60,4,2,23,1.2885,1.21344,0.0095
compute_exact_ranges,10000,staggered_driven,60,4,2,24,1.2467,1.1776,0.0067
compute_exact_ranges,10000,staggered_driven,60,4,2,25,1.2893,1.210368,0.0067
compute_exact_ranges,10000,staggered_driven,60,4,2,26,1.292,1.21856,0.0073
compute_exact_ranges,10000,staggered_driven,60,4,2,27,1.3283,1.217536,0.0124
compute_exact_ranges,10000,staggered_driven,60,4,2,28,1.2906,1.212416,0.0065
compute_exact_ranges,10000,staggered_driven,60,4,2,29,1.2816,1.207296,0.0072
compute_exact_ranges,10000,staggered_driven,60,4,2,30,1.2689,1.199104,0.0065
compute_exact_ranges,10000,staggered_driven,60,4,2,31,2.1405,1.215488,0.0067
compute_exact_ranges,10000,staggered_driven,60,4,2,32,1.2469,1.180672,0.0069
compute_exact_ranges,10000,staggered_driven,60,4,2,33,1.2778,1.206272,0.0065
compute_exact_ranges,10000,staggered_driven,60,4,2,34,1.2714,1.19296,0.0068
compute_exact_ranges,10000,staggered_driven,60,4,2,35,1.2634,1.18784,0.0074
compute_exact_ranges,10000,staggered_driven,60,4,2,36,1.2536,1.180672,0.0064
compute_exact_ranges,10000,staggered_driven,60,4,2,37,1.258,1.18272,0.0064
compute_exact_ranges,10000,staggered_driven,60,4,2,38,1.4771,1.366016,0.0073
compute_exact_ranges,10000,staggered_driven,60,4,2,39,1.2562,1.181696,0.0076
compute_bounded_linked,10000,staggered_driven,60,4,2,0,1.4907,1.035264,0.0055
compute_bounded_linked,10000,staggered_driven,60,4,2,1,1.134,1.048576,0.002
compute_bounded_linked,10000,staggered_driven,60,4,2,2,1.1343,1.051648,0.0056
compute_bounded_linked,10000,staggered_driven,60,4,2,3,1.1293,1.055744,0.0056
compute_bounded_linked,10000,staggered_driven,60,4,2,4,1.1367,1.05984,0.0045
compute_bounded_linked,10000,staggered_driven,60,4,2,5,1.1346,1.057792,0.0054
compute_bounded_linked,10000,staggered_driven,60,4,2,6,1.1279,1.053696,0.0046
compute_bounded_linked,10000,staggered_driven,60,4,2,7,1.129,1.058816,0.0045
compute_bounded_linked,10000,staggered_driven,60,4,2,8,1.3097,1.23904,0.0046
compute_bounded_linked,10000,staggered_driven,60,4,2,9,1.1207,1.050624,0.0055
compute_bounded_linked,10000,staggered_driven,60,4,2,10,1.1208,1.052672,0.0053
compute_bounded_linked,10000,staggered_driven,60,4,2,11,1.1395,1.058816,0.0045
compute_bounded_linked,10000,staggered_driven,60,4,2,12,1.165,1.051648,0.0054
compute_bounded_linked,10000,staggered_driven,60,4,2,13,1.1602,1.086464,0.0047
compute_bounded_linked,10000,staggered_driven,60,4,2,14,1.1649,1.08544,0.0046
compute_bounded_linked,10000,staggered_driven,60,4,2,15,1.1711,1.091584,0.0081
compute_bounded_linked,10000,staggered_driven,60,4,2,16,1.1645,1.094656,0.0051
compute_bounded_linked,10000,staggered_driven,60,4,2,17,1.1636,1.087488,0.0046
compute_bounded_linked,10000,staggered_driven,60,4,2,18,1.1688,1.09568,0.0047
compute_bounded_linked,10000,staggered_driven,60,4,2,19,1.1575,1.081344,0.005
compute_bounded_linked,10000,staggered_driven,60,4,2,20,1.1441,1.071104,0.0048
compute_bounded_linked,10000,staggered_driven,60,4,2,21,1.158,1.082368,0.0048
compute_bounded_linked,10000,staggered_driven,60,4,2,22,1.154,1.082368,0.0046
compute_bounded_linked,10000,staggered_driven,60,4,2,23,1.1526,1.078272,0.0054
compute_bounded_linked,10000,staggered_driven,60,4,2,24,1.1462,1.077248,0.0047
compute_bounded_linked,10000,staggered_driven,60,4,2,25,1.1538,1.081344,0.0046
compute_bounded_linked,10000,staggered_driven,60,4,2,26,1.155,1.08032,0.0073
compute_bounded_linked,10000,staggered_driven,60,4,2,27,1.1505,1.077248,0.0047
compute_bounded_linked,10000,staggered_driven,60,4,2,28,1.1543,1.076224,0.0049
compute_bounded_linked,10000,staggered_driven,60,4,2,29,1.1449,1.071104,0.0047
compute_bounded_linked,10000,staggered_driven,60,4,2,30,1.1578,1.081344,0.0054
compute_bounded_linked,10000,staggered_driven,60,4,2,31,1.1504,1.076224,0.0046
compute_bounded_linked,10000,staggered_driven,60,4,2,32,1.1446,1.076224,0.0049
compute_bounded_linked,10000,staggered_driven,60,4,2,33,1.1592,1.081344,0.0054
compute_bounded_linked,10000,staggered_driven,60,4,2,34,1.1208,1.047552,0.0046
compute_bounded_linked,10000,staggered_driven,60,4,2,35,1.1284,1.055744,0.0046
compute_bounded_linked,10000,staggered_driven,60,4,2,36,1.3059,1.231872,0.0046
compute_bounded_linked,10000,staggered_driven,60,4,2,37,1.1224,1.051648,0.0054
compute_bounded_linked,10000,staggered_driven,60,4,2,38,1.1215,1.051648,0.0053
compute_bounded_linked,10000,staggered_driven,60,4,2,39,1.1414,1.043456,0.0047
compute_linked,10000,staggered_driven,60,4,2,0,1.1216,1.019904,0.0414
compute_linked,10000,staggered_driven,60,4,2,1,1.1121,1.02912,0.0116
compute_linked,10000,staggered_driven,60,4,2,2,1.3651,1.028096,0.0049
compute_linked,10000,staggered_driven,60,4,2,3,1.1165,1.042432,0.0046
compute_linked,10000,staggered_driven,60,4,2,4,1.1149,1.037312,0.0042
compute_linked,10000,staggered_driven,60,4,2,5,1.1067,1.02912,0.0048
compute_linked,10000,staggered_driven,60,4,2,6,1.1067,1.035264,0.0043
compute_linked,10000,staggered_driven,60,4,2,7,1.1048,1.033216,0.0061
compute_linked,10000,staggered_driven,60,4,2,8,1.1,1.02912,0.0043
compute_linked,10000,staggered_driven,60,4,2,9,1.2232,1.035264,0.0062
compute_linked,10000,staggered_driven,60,4,2,10,1.1065,1.037312,0.0049
compute_linked,10000,staggered_driven,60,4,2,11,1.1209,1.041408,0.0046
compute_linked,10000,staggered_driven,60,4,2,12,1.1503,1.037312,0.0062
compute_linked,10000,staggered_driven,60,4,2,13,1.1437,1.065984,0.0048
compute_linked,10000,staggered_driven,60,4,2,14,1.1421,1.069056,0.006
compute_linked,10000,staggered_driven,60,4,2,15,1.1267,1.055744,0.0041
compute_linked,10000,staggered_driven,60,4,2,16,1.1399,1.0752,0.0045
compute_linked,10000,staggered_driven,60,4,2,17,1.1354,1.058816,0.0044
compute_linked,10000,staggered_driven,60,4,2,18,1.1472,1.072128,0.0049
compute_linked,10000,staggered_driven,60,4,2,19,1.162,1.055744,0.0041
compute_linked,10000,staggered_driven,60,4,2,20,1.1421,1.058816,0.0049
compute_linked,10000,staggered_driven,60,4,2,21,1.1301,1.058816,0.0041
compute_linked,10000,staggered_driven,60,4,2,22,1.1256,1.055744,0.004
compute_linked,10000,staggered_driven,60,4,2,23,1.1342,1.058816,0.0048
compute_linked,10000,staggered_driven,60,4,2,24,1.123,1.055744,0.0043
compute_linked,10000,staggered_driven,60,4,2,25,1.13,1.058816,0.0041
compute_linked,10000,staggered_driven,60,4,2,26,1.1332,1.062912,0.0041
compute_linked,10000,staggered_driven,60,4,2,27,1.1263,1.05472,0.0048
compute_linked,10000,staggered_driven,60,4,2,28,1.1295,1.058816,0.004
compute_linked,10000,staggered_driven,60,4,2,29,1.1333,1.060864,0.0043
compute_linked,10000,staggered_driven,60,4,2,30,1.1241,1.052672,0.0048
compute_linked,10000,staggered_driven,60,4,2,31,1.1305,1.058816,0.0041
compute_linked,10000,staggered_driven,60,4,2,32,1.1217,1.053696,0.006
compute_linked,10000,staggered_driven,60,4,2,33,1.1642,1.05984,0.0042
compute_linked,10000,staggered_driven,60,4,2,34,1.0997,1.024,0.0049
compute_linked,10000,staggered_driven,60,4,2,35,1.0957,1.025024,0.004
compute_linked,10000,staggered_driven,60,4,2,36,1.0944,1.024,0.004
compute_linked,10000,staggered_driven,60,4,2,37,1.2719,1.200128,0.004
compute_linked,10000,staggered_driven,60,4,2,38,1.0934,1.021952,0.0049
compute_linked,10000,staggered_driven,60,4,2,39,1.0907,1.021952,0.0047
compute_bounded_linked,10000,staggered_driven,60,4,3,0,1.3475,1.040384,0.0071
compute_bounded_linked,10000,staggered_driven,60,4,3,1,1.1078,1.03424,0.0019
compute_bounded_linked,10000,staggered_driven,60,4,3,2,1.1287,1.050624,0.0045
compute_bounded_linked,10000,staggered_driven,60,4,3,3,1.1205,1.053696,0.0044
compute_bounded_linked,10000,staggered_driven,60,4,3,4,1.2685,1.056768,0.0051
compute_bounded_linked,10000,staggered_driven,60,4,3,5,1.1356,1.05984,0.0051
compute_bounded_linked,10000,staggered_driven,60,4,3,6,1.1293,1.057792,0.0044
compute_bounded_linked,10000,staggered_driven,60,4,3,7,1.1318,1.053696,0.0044
compute_bounded_linked,10000,staggered_driven,60,4,3,8,1.4691,1.221632,0.0053
compute_bounded_linked,10000,staggered_driven,60,4,3,9,1.1418,1.05472,0.0051
compute_bounded_linked,10000,staggered_driven,60,4,3,10,1.137,1.057792,0.0044
compute_bounded_linked,10000,staggered_driven,60,4,3,11,1.1975,1.057792,0.0111
compute_bounded_linked,10000,staggered_driven,60,4,3,12,1.1366,1.048576,0.005
compute_bounded_linked,10000,staggered_driven,60,4,3,13,1.1601,1.08544,0.0063
compute_bounded_linked,10000,staggered_driven,60,4,3,14,1.1589,1.086464,0.0043
compute_bounded_linked,10000,staggered_driven,60,4,3,15,1.1682,1.094656,0.005
compute_bounded_linked,10000,staggered_driven,60,4,3,16,1.1587,1.09056,0.0045
compute_bounded_linked,10000,staggered_driven,60,4,3,17,1.2057,1.088512,0.0044
compute_bounded_linked,10000,staggered_driven,60,4,3,18,1.1687,1.09056,0.0074
compute_bounded_linked,10000,staggered_driven,60,4,3,19,1.1567,1.082368,0.0051
compute_bounded_linked,10000,staggered_driven,60,4,3,20,1.1618,1.084416,0.0044
compute_bounded_linked,10000,staggered_driven,60,4,3,21,1.1405,1.078272,0.0044
compute_bounded_linked,10000,staggered_driven,60,4,3,22,1.1539,1.08032,0.0051
compute_bounded_linked,10000,staggered_driven,60,4,3,23,1.1549,1.079296,0.0044
compute_bounded_linked,10000,staggered_driven,60,4,3,24,1.1378,1.07008,0.0045
compute_bounded_linked,10000,staggered_driven,60,4,3,25,1.1848,1.079296,0.0045
compute_bounded_linked,10000,staggered_driven,60,4,3,26,1.1643,1.08032,0.0046
compute_bounded_linked,10000,staggered_driven,60,4,3,27,1.1614,1.08544,0.0045
compute_bounded_linked,10000,staggered_driven,60,4,3,28,1.1534,1.077248,0.0044
compute_bounded_linked,10000,staggered_driven,60,4,3,29,1.1495,1.078272,0.005
compute_bounded_linked,10000,staggered_driven,60,4,3,30,1.1443,1.073152,0.0042
compute_bounded_linked,10000,staggered_driven,60,4,3,31,1.1498,1.076224,0.0043
compute_bounded_linked,10000,staggered_driven,60,4,3,32,1.1663,1.072128,0.0047
compute_bounded_linked,10000,staggered_driven,60,4,3,33,1.1392,1.074176,0.0046
compute_bounded_linked,10000,staggered_driven,60,4,3,34,1.1263,1.045504,0.0063
compute_bounded_linked,10000,staggered_driven,60,4,3,35,1.1246,1.055744,0.0045
compute_bounded_linked,10000,staggered_driven,60,4,3,36,1.4621,1.21856,0.0095
compute_bounded_linked,10000,staggered_driven,60,4,3,37,1.126,1.0496,0.0051
compute_bounded_linked,10000,staggered_driven,60,4,3,38,1.1312,1.053696,0.0043
compute_bounded_linked,10000,staggered_driven,60,4,3,39,1.193,1.053696,0.0047
compute_linked,10000,staggered_driven,60,4,3,0,1.088,1.025024,0.0051
compute_linked,10000,staggered_driven,60,4,3,1,1.0942,1.025024,0.002
compute_linked,10000,staggered_driven,60,4,3,2,1.476,1.035264,0.004
compute_linked,10000,staggered_driven,60,4,3,3,1.1561,1.03424,0.0095
compute_linked,10000,staggered_driven,60,4,3,4,1.1129,1.03936,0.005
compute_linked,10000,staggered_driven,60,4,3,5,1.1213,1.045504,0.0041
compute_linked,10000,staggered_driven,60,4,3,6,1.1072,1.03424,0.0042
compute_linked,10000,staggered_driven,60,4,3,7,1.2928,1.216512,0.0041
compute_linked,10000,staggered_driven,60,4,3,8,1.1183,1.046528,0.0047
compute_linked,10000,staggered_driven,60,4,3,9,1.1038,1.032192,0.0044
compute_linked,10000,staggered_driven,60,4,3,10,1.1138,1.035264,0.0041
compute_linked,10000,staggered_driven,60,4,3,11,1.1228,1.02912,0.0049
compute_linked,10000,staggered_driven,60,4,3,12,1.1129,1.036288,0.0043
compute_linked,10000,staggered_driven,60,4,3,13,1.1412,1.065984,0.0051
compute_linked,10000,staggered_driven,60,4,3,14,1.1399,1.069056,0.0041
compute_linked,10000,staggered_driven,60,4,3,15,1.1417,1.069056,0.0048
compute_linked,10000,staggered_driven,60,4,3,16,1.1387,1.072128,0.0043
compute_linked,10000,staggered_driven,60,4,3,17,1.1758,1.07008,0.004
compute_linked,10000,staggered_driven,60,4,3,18,1.1478,1.076224,0.005
compute_linked,10000,staggered_driven,60,4,3,19,1.1292,1.052672,0.0059
compute_linked,10000,staggered_driven,60,4,3,20,1.1276,1.055744,0.004
compute_linked,10000,staggered_driven,60,4,3,21,1.1316,1.05984,0.0041
compute_linked,10000,staggered_driven,60,4,3,22,1.1344,1.058816,0.0048
compute_linked,10000,staggered_driven,60,4,3,23,1.1304,1.057792,0.0041
compute_linked,10000,staggered_driven,60,4,3,24,1.1219,1.05472,0.0042
compute_linked,10000,staggered_driven,60,4,3,25,1.1282,1.05472,0.0041
compute_linked,10000,staggered_driven,60,4,3,26,1.1243,1.050624,0.0048
compute_linked,10000,staggered_driven,60,4,3,27,1.1336,1.058816,0.0043
compute_linked,10000,staggered_driven,60,4,3,28,1.1209,1.057792,0.0041
compute_linked,10000,staggered_driven,60,4,3,29,1.1284,1.058816,0.0048
compute_linked,10000,staggered_driven,60,4,3,30,1.1275,1.05472,0.004
compute_linked,10000,staggered_driven,60,4,3,31,1.1283,1.053696,0.0041
compute_linked,10000,staggered_driven,60,4,3,32,1.1185,1.050624,0.0044
compute_linked,10000,staggered_driven,60,4,3,33,1.1366,1.060864,0.0049
compute_linked,10000,staggered_driven,60,4,3,34,1.1036,1.033216,0.0042
compute_linked,10000,staggered_driven,60,4,3,35,1.0993,1.027072,0.0041
compute_linked,10000,staggered_driven,60,4,3,36,1.2928,1.214464,0.0071
compute_linked,10000,staggered_driven,60,4,3,37,1.1016,1.033216,0.0049
compute_linked,10000,staggered_driven,60,4,3,38,1.1017,1.033216,0.0046
compute_linked,10000,staggered_driven,60,4,3,39,1.1049,1.027072,0.004
compute_exact_ranges,10000,staggered_driven,60,4,3,0,2.5836,1.768448,0.0083
compute_exact_ranges,10000,staggered_driven,60,4,3,1,1.4716,1.394688,0.004
compute_exact_ranges,10000,staggered_driven,60,4,3,2,1.2441,1.165312,0.0073
compute_exact_ranges,10000,staggered_driven,60,4,3,3,1.2652,1.183744,0.0086
compute_exact_ranges,10000,staggered_driven,60,4,3,4,1.2825,1.184768,0.0073
compute_exact_ranges,10000,staggered_driven,60,4,3,5,1.2662,1.188864,0.0073
compute_exact_ranges,10000,staggered_driven,60,4,3,6,1.259,1.186816,0.0064
compute_exact_ranges,10000,staggered_driven,60,4,3,7,1.2672,1.185792,0.0066
compute_exact_ranges,10000,staggered_driven,60,4,3,8,1.234,1.166336,0.007
compute_exact_ranges,10000,staggered_driven,60,4,3,9,1.2947,1.188864,0.0065
compute_exact_ranges,10000,staggered_driven,60,4,3,10,1.265,1.186816,0.0063
compute_exact_ranges,10000,staggered_driven,60,4,3,11,1.2652,1.189888,0.0072
compute_exact_ranges,10000,staggered_driven,60,4,3,12,1.2672,1.189888,0.0086
compute_exact_ranges,10000,staggered_driven,60,4,3,13,1.2857,1.21344,0.0065
compute_exact_ranges,10000,staggered_driven,60,4,3,14,1.2808,1.207296,0.0072
compute_exact_ranges,10000,staggered_driven,60,4,3,15,1.284,1.205248,0.0067
compute_exact_ranges,10000,staggered_driven,60,4,3,16,1.255,1.180672,0.0086
compute_exact_ranges,10000,staggered_driven,60,4,3,17,1.2992,1.217536,0.0073
compute_exact_ranges,10000,staggered_driven,60,4,3,18,1.2943,1.21856,0.0068
compute_exact_ranges,10000,staggered_driven,60,4,3,19,1.283,1.209344,0.0064
compute_exact_ranges,10000,staggered_driven,60,4,3,20,1.29,1.215488,0.0073
compute_exact_ranges,10000,staggered_driven,60,4,3,21,1.2898,1.216512,0.0063
compute_exact_ranges,10000,staggered_driven,60,4,3,22,1.2951,1.215488,0.0064
compute_exact_ranges,10000,staggered_driven,60,4,3,23,1.3176,1.209344,0.0066
compute_exact_ranges,10000,staggered_driven,60,4,3,24,1.2524,1.184768,0.0068
compute_exact_ranges,10000,staggered_driven,60,4,3,25,1.2849,1.211392,0.0086
compute_exact_ranges,10000,staggered_driven,60,4,3,26,1.4776,1.399808,0.009
compute_exact_ranges,10000,staggered_driven,60,4,3,27,1.2737,1.199104,0.0073
compute_exact_ranges,10000,staggered_driven,60,4,3,28,1.2827,1.207296,0.0062
compute_exact_ranges,10000,staggered_driven,60,4,3,29,1.2816,1.204224,0.0063
compute_exact_ranges,10000,staggered_driven,60,4,3,30,1.2912,1.211392,0.0073
compute_exact_ranges,10000,staggered_driven,60,4,3,31,1.2889,1.212416,0.0064
compute_exact_ranges,10000,staggered_driven,60,4,3,32,2.1501,1.183744,0.0068
compute_exact_ranges,10000,staggered_driven,60,4,3,33,1.2855,1.210368,0.0072
compute_exact_ranges,10000,staggered_driven,60,4,3,34,1.2922,1.184768,0.0081
compute_exact_ranges,10000,staggered_driven,60,4,3,35,1.2762,1.18784,0.0063
compute_exact_ranges,10000,staggered_driven,60,4,3,36,1.2611,1.18784,0.0071
compute_exact_ranges,10000,staggered_driven,60,4,3,37,1.2603,1.181696,0.0063
compute_exact_ranges,10000,staggered_driven,60,4,3,38,1.256,1.18272,0.0063
compute_exact_ranges,10000,staggered_driven,60,4,3,39,1.2545,1.178624,0.0078
compute_linked,65536,staggered_driven,20,4,1,0,3.0908,3.01056,0.0106
compute_linked,65536,staggered_driven,20,4,1,1,3.3755,3.04128,0.002
compute_linked,65536,staggered_driven,20,4,1,2,3.3447,3.243008,0.0074
compute_linked,65536,staggered_driven,20,4,1,3,3.5372,3.03104,0.0051
compute_linked,65536,staggered_driven,20,4,1,4,3.102,3.022848,0.005
compute_linked,65536,staggered_driven,20,4,1,5,3.1156,3.039232,0.0071
compute_linked,65536,staggered_driven,20,4,1,6,3.1167,3.01056,0.0049
compute_linked,65536,staggered_driven,20,4,1,7,3.0519,2.975744,0.0065
compute_linked,65536,staggered_driven,20,4,1,8,3.0602,2.991104,0.0046
compute_linked,65536,staggered_driven,20,4,1,9,3.0607,2.989056,0.0049
compute_linked,65536,staggered_driven,20,4,1,10,3.0705,2.9952,0.007
compute_linked,65536,staggered_driven,20,4,1,11,3.1046,2.993152,0.0047
compute_linked,65536,staggered_driven,20,4,1,12,3.3218,3.24096,0.0072
compute_linked,65536,staggered_driven,20,4,1,13,3.0851,3.014656,0.005
compute_linked,65536,staggered_driven,20,4,1,14,3.0933,3.014656,0.005
compute_linked,65536,staggered_driven,20,4,1,15,3.104,3.024896,0.0062
compute_linked,65536,staggered_driven,20,4,1,16,3.1021,3.035136,0.0047
compute_linked,65536,staggered_driven,20,4,1,17,3.0726,2.998272,0.0071
compute_linked,65536,staggered_driven,20,4,1,18,3.0917,3.017728,0.0049
compute_linked,65536,staggered_driven,20,4,1,19,3.079,3.003392,0.0071
compute_linked,65536,staggered_driven,20,4,1,20,3.1048,3.004416,0.0066
compute_linked,65536,staggered_driven,20,4,1,21,3.0599,2.997248,0.0049
compute_linked,65536,staggered_driven,20,4,1,22,3.1013,2.991104,0.0048
compute_linked,65536,staggered_driven,20,4,1,23,3.388,3.286016,0.0071
compute_linked,65536,staggered_driven,20,4,1,24,3.0814,3.008512,0.0066
compute_linked,65536,staggered_driven,20,4,1,25,3.0669,2.989056,0.0071
compute_linked,65536,staggered_driven,20,4,1,26,3.0618,2.988032,0.0049
compute_linked,65536,staggered_driven,20,4,1,27,3.0812,2.972672,0.007
compute_linked,65536,staggered_driven,20,4,1,28,3.0473,2.975744,0.0041
compute_linked,65536,staggered_driven,20,4,1,29,3.0646,2.993152,0.0048
compute_linked,65536,staggered_driven,20,4,1,30,3.0815,3.00544,0.0071
compute_linked,65536,staggered_driven,20,4,1,31,3.0641,2.987008,0.007
compute_linked,65536,staggered_driven,20,4,1,32,3.0586,2.99008,0.0063
compute_linked,65536,staggered_driven,20,4,1,33,3.3414,3.24096,0.007
compute_linked,65536,staggered_driven,20,4,1,34,3.0687,2.996224,0.0049
compute_linked,65536,staggered_driven,20,4,1,35,3.0552,2.983936,0.0048
compute_linked,65536,staggered_driven,20,4,1,36,3.0992,3.00032,0.0061
compute_linked,65536,staggered_driven,20,4,1,37,3.0735,2.965504,0.0072
compute_linked,65536,staggered_driven,20,4,1,38,3.0753,2.999296,0.0071
compute_linked,65536,staggered_driven,20,4,1,39,3.0695,2.9952,0.007
compute_exact_ranges,65536,staggered_driven,20,4,1,0,5.1231,4.217856,0.0129
compute_exact_ranges,65536,staggered_driven,20,4,1,1,4.1366,4.056064,0.0062
compute_exact_ranges,65536,staggered_driven,20,4,1,2,4.1096,4.031488,0.0102
compute_exact_ranges,65536,staggered_driven,20,4,1,3,4.1339,4.022272,0.0101
compute_exact_ranges,65536,staggered_driven,20,4,1,4,4.1109,4.032512,0.0101
compute_exact_ranges,65536,staggered_driven,20,4,1,5,4.1176,4.042752,0.0069
compute_exact_ranges,65536,staggered_driven,20,4,1,6,4.1081,4.030464,0.0102
compute_exact_ranges,65536,staggered_driven,20,4,1,7,4.1036,4.020224,0.0071
compute_exact_ranges,65536,staggered_driven,20,4,1,8,4.3074,4.215808,0.0098
compute_exact_ranges,65536,staggered_driven,20,4,1,9,4.1703,4.063232,0.0074
compute_exact_ranges,65536,staggered_driven,20,4,1,10,4.138,4.05504,0.0136
compute_exact_ranges,65536,staggered_driven,20,4,1,11,4.138,4.047872,0.0147
compute_exact_ranges,65536,staggered_driven,20,4,1,12,4.0955,4.018176,0.0071
compute_exact_ranges,65536,staggered_driven,20,4,1,13,4.1365,4.052992,0.013
compute_exact_ranges,65536,staggered_driven,20,4,1,14,4.1374,4.052992,0.0125
compute_exact_ranges,65536,staggered_driven,20,4,1,15,4.2008,4.048896,0.0103
compute_exact_ranges,65536,staggered_driven,20,4,1,16,4.5076,4.329472,0.0071
compute_exact_ranges,65536,staggered_driven,20,4,1,17,4.1332,4.048896,0.0116
compute_exact_ranges,65536,staggered_driven,20,4,1,18,4.1863,4.048896,0.0146
compute_exact_ranges,65536,staggered_driven,20,4,1,19,4.1509,4.032512,0.0124
compute_exact_ranges,65536,staggered_driven,20,4,1,20,4.13,4.03968,0.0104
compute_exact_ranges,65536,staggered_driven,20,4,1,21,4.1701,4.05504,0.0102
compute_exact_ranges,65536,staggered_driven,20,4,1,22,4.1573,4.045824,0.0095
compute_exact_ranges,65536,staggered_driven,20,4,1,23,4.1497,4.038656,0.0071
compute_exact_ranges,65536,staggered_driven,20,4,1,24,4.2932,4.210688,0.0111
compute_exact_ranges,65536,staggered_driven,20,4,1,25,4.1119,4.035584,0.0101
compute_exact_ranges,65536,staggered_driven,20,4,1,26,4.13,4.027392,0.0069
compute_exact_ranges,65536,staggered_driven,20,4,1,27,4.1404,4.02944,0.01
compute_exact_ranges,65536,staggered_driven,20,4,1,28,4.1138,4.035584,0.0102
compute_exact_ranges,65536,staggered_driven,20,4,1,29,4.1431,4.058112,0.0101
compute_exact_ranges,65536,staggered_driven,20,4,1,30,4.1326,4.052992,0.0102
compute_exact_ranges,65536,staggered_driven,20,4,1,31,4.1663,4.05504,0.01
compute_exact_ranges,65536,staggered_driven,20,4,1,32,4.2535,4.063232,0.0093
compute_exact_ranges,65536,staggered_driven,20,4,1,33,4.1258,4.045824,0.007
compute_exact_ranges,65536,staggered_driven,20,4,1,34,4.1423,4.066304,0.007
compute_exact_ranges,65536,staggered_driven,20,4,1,35,4.1284,4.018176,0.0071
compute_exact_ranges,65536,staggered_driven,20,4,1,36,4.1059,4.033536,0.0074
compute_exact_ranges,65536,staggered_driven,20,4,1,37,4.115,4.043776,0.007
compute_exact_ranges,65536,staggered_driven,20,4,1,38,4.1349,4.06016,0.0069
compute_exact_ranges,65536,staggered_driven,20,4,1,39,4.1545,4.038656,0.0098
compute_bounded_linked,65536,staggered_driven,20,4,1,0,3.1815,3.104768,0.0093
compute_bounded_linked,65536,staggered_driven,20,4,1,1,3.3711,3.268608,0.0021
compute_bounded_linked,65536,staggered_driven,20,4,1,2,3.1929,3.122176,0.0051
compute_bounded_linked,65536,staggered_driven,20,4,1,3,3.6349,3.115008,0.0074
compute_bounded_linked,65536,staggered_driven,20,4,1,4,3.2084,3.130368,0.0051
compute_bounded_linked,65536,staggered_driven,20,4,1,5,3.1807,3.10272,0.0073
compute_bounded_linked,65536,staggered_driven,20,4,1,6,3.203,3.095552,0.005
compute_bounded_linked,65536,staggered_driven,20,4,1,7,3.1414,3.063808,0.0073
compute_bounded_linked,65536,staggered_driven,20,4,1,8,3.1486,3.081216,0.0044
compute_bounded_linked,65536,staggered_driven,20,4,1,9,3.1737,3.094528,0.0097
compute_bounded_linked,65536,staggered_driven,20,4,1,10,3.1664,3.089408,0.0071
compute_bounded_linked,65536,staggered_driven,20,4,1,11,3.1636,3.055616,0.0071
compute_bounded_linked,65536,staggered_driven,20,4,1,12,3.4144,3.341312,0.005
compute_bounded_linked,65536,staggered_driven,20,4,1,13,3.1779,3.0976,0.005
compute_bounded_linked,65536,staggered_driven,20,4,1,14,3.1461,3.072,0.0072
compute_bounded_linked,65536,staggered_driven,20,4,1,15,3.1719,3.098624,0.0051
compute_bounded_linked,65536,staggered_driven,20,4,1,16,3.128,3.059712,0.0046
compute_bounded_linked,65536,staggered_driven,20,4,1,17,3.1465,3.070976,0.0063
compute_bounded_linked,65536,staggered_driven,20,4,1,18,3.143,3.067904,0.0072
compute_bounded_linked,65536,staggered_driven,20,4,1,19,3.148,3.067904,0.005
compute_bounded_linked,65536,staggered_driven,20,4,1,20,3.1793,3.080192,0.0072
compute_bounded_linked,65536,staggered_driven,20,4,1,21,3.1996,3.09248,0.005
compute_bounded_linked,65536,staggered_driven,20,4,1,22,3.4571,3.382272,0.0067
compute_bounded_linked,65536,staggered_driven,20,4,1,23,3.1681,3.089408,0.0051
compute_bounded_linked,65536,staggered_driven,20,4,1,24,3.1762,3.106816,0.0047
compute_bounded_linked,65536,staggered_driven,20,4,1,25,3.1808,3.106816,0.005
compute_bounded_linked,65536,staggered_driven,20,4,1,26,3.184,3.072,0.0113
compute_bounded_linked,65536,staggered_driven,20,4,1,27,3.1525,3.076096,0.0072
compute_bounded_linked,65536,staggered_driven,20,4,1,28,3.156,3.080192,0.0072
compute_bounded_linked,65536,staggered_driven,20,4,1,29,3.1471,3.073024,0.005
compute_bounded_linked,65536,staggered_driven,20,4,1,30,3.151,3.074048,0.0073
compute_bounded_linked,65536,staggered_driven,20,4,1,31,3.1929,3.08736,0.0051
compute_bounded_linked,65536,staggered_driven,20,4,1,32,3.3914,3.321856,0.0046
compute_bounded_linked,65536,staggered_driven,20,4,1,33,3.1773,3.105792,0.005
compute_bounded_linked,65536,staggered_driven,20,4,1,34,3.1588,3.086336,0.005
compute_bounded_linked,65536,staggered_driven,20,4,1,35,3.1739,3.0976,0.0065
compute_bounded_linked,65536,staggered_driven,20,4,1,36,3.197,3.090432,0.005
compute_bounded_linked,65536,staggered_driven,20,4,1,37,3.158,3.080192,0.0072
compute_bounded_linked,65536,staggered_driven,20,4,1,38,3.1602,3.086336,0.005
compute_bounded_linked,65536,staggered_driven,20,4,1,39,3.171,3.093504,0.0074
compute_exact_ranges,65536,staggered_driven,20,4,2,0,5.0524,4.021248,0.0144
compute_exact_ranges,65536,staggered_driven,20,4,2,1,4.1985,4.050944,0.0037
compute_exact_ranges,65536,staggered_driven,20,4,2,2,4.1208,4.045824,0.0072
compute_exact_ranges,65536,staggered_driven,20,4,2,3,4.1151,4.037632,0.0077
compute_exact_ranges,65536,staggered_driven,20,4,2,4,4.1408,4.027392,0.0092
compute_exact_ranges,65536,staggered_driven,20,4,2,5,4.1427,4.037632,0.0101
compute_exact_ranges,65536,staggered_driven,20,4,2,6,4.1094,4.033536,0.007
compute_exact_ranges,65536,staggered_driven,20,4,2,7,4.0997,4.025344,0.007
compute_exact_ranges,65536,staggered_driven,20,4,2,8,4.263,4.194304,0.0068
compute_exact_ranges,65536,staggered_driven,20,4,2,9,4.127,4.04992,0.0075
compute_exact_ranges,65536,staggered_driven,20,4,2,10,4.146,4.0704,0.007
compute_exact_ranges,65536,staggered_driven,20,4,2,11,4.1367,4.062208,0.0072
compute_exact_ranges,65536,staggered_driven,20,4,2,12,4.1592,4.052992,0.0072
compute_exact_ranges,65536,staggered_driven,20,4,2,13,4.1301,4.04992,0.009
compute_exact_ranges,65536,staggered_driven,20,4,2,14,4.1183,4.043776,0.007
compute_exact_ranges,65536,staggered_driven,20,4,2,15,4.1169,4.041728,0.0071
compute_exact_ranges,65536,staggered_driven,20,4,2,16,4.3451,4.27008,0.0097
compute_exact_ranges,65536,staggered_driven,20,4,2,17,4.1361,4.058112,0.0094
compute_exact_ranges,65536,staggered_driven,20,4,2,18,4.1036,4.025344,0.0071
compute_exact_ranges,65536,staggered_driven,20,4,2,19,4.158,4.047872,0.0101
compute_exact_ranges,65536,staggered_driven,20,4,2,20,4.1421,4.041728,0.01
compute_exact_ranges,65536,staggered_driven,20,4,2,21,4.1565,4.061184,0.0069
compute_exact_ranges,65536,staggered_driven,20,4,2,22,4.1231,4.048896,0.007
compute_exact_ranges,65536,staggered_driven,20,4,2,23,4.1427,4.042752,0.01
compute_exact_ranges,65536,staggered_driven,20,4,2,24,5.3822,5.31456,0.0065
compute_exact_ranges,65536,staggered_driven,20,4,2,25,4.1333,4.06016,0.0071
compute_exact_ranges,65536,staggered_driven,20,4,2,26,4.1113,4.032512,0.0129
compute_exact_ranges,65536,staggered_driven,20,4,2,27,4.1182,4.041728,0.0101
compute_exact_ranges,65536,staggered_driven,20,4,2,28,4.1524,4.0448,0.0103
compute_exact_ranges,65536,staggered_driven,20,4,2,29,4.1167,4.03968,0.0106
compute_exact_ranges,65536,staggered_driven,20,4,2,30,4.1198,4.043776,0.0101
compute_exact_ranges,65536,staggered_driven,20,4,2,31,4.124,4.046848,0.0101
compute_exact_ranges,65536,staggered_driven,20,4,2,32,4.4179,4.312064,0.0099
compute_exact_ranges,65536,staggered_driven,20,4,2,33,4.1617,4.052992,0.0103
compute_exact_ranges,65536,staggered_driven,20,4,2,34,4.1428,4.051968,0.0102
compute_exact_ranges,65536,staggered_driven,20,4,2,35,4.11,4.030464,0.0106
compute_exact_ranges,65536,staggered_driven,20,4,2,36,4.1117,4.033536,0.0102
compute_exact_ranges,65536,staggered_driven,20,4,2,37,4.1143,4.037632,0.01
compute_exact_ranges,65536,staggered_driven,20,4,2,38,4.1265,4.052992,0.007
compute_exact_ranges,65536,staggered_driven,20,4,2,39,4.1564,4.045824,0.0069
compute_bounded_linked,65536,staggered_driven,20,4,2,0,3.6821,3.119104,0.01
compute_bounded_linked,65536,staggered_driven,20,4,2,1,3.2413,3.130368,0.0032
compute_bounded_linked,65536,staggered_driven,20,4,2,2,3.4319,3.355648,0.0065
compute_bounded_linked,65536,staggered_driven,20,4,2,3,3.1902,3.116032,0.0052
compute_bounded_linked,65536,staggered_driven,20,4,2,4,3.1873,3.109888,0.0076
compute_bounded_linked,65536,staggered_driven,20,4,2,5,3.2035,3.130368,0.0052
compute_bounded_linked,65536,staggered_driven,20,4,2,6,3.2011,3.093504,0.0067
compute_bounded_linked,65536,staggered_driven,20,4,2,7,3.1789,3.100672,0.0073
compute_bounded_linked,65536,staggered_driven,20,4,2,8,3.1662,3.09248,0.007
compute_bounded_linked,65536,staggered_driven,20,4,2,9,3.1784,3.10272,0.0052
compute_bounded_linked,65536,staggered_driven,20,4,2,10,3.1573,3.08224,0.0073
compute_bounded_linked,65536,staggered_driven,20,4,2,11,3.1631,3.088384,0.0044
compute_bounded_linked,65536,staggered_driven,20,4,2,12,3.4386,3.330048,0.0072
compute_bounded_linked,65536,staggered_driven,20,4,2,13,3.1678,3.095552,0.0051
compute_bounded_linked,65536,staggered_driven,20,4,2,14,3.1968,3.122176,0.0053
compute_bounded_linked,65536,staggered_driven,20,4,2,15,3.1958,3.11808,0.0063
compute_bounded_linked,65536,staggered_driven,20,4,2,16,3.2306,3.163136,0.0048
compute_bounded_linked,65536,staggered_driven,20,4,2,17,3.206,3.130368,0.0072
compute_bounded_linked,65536,staggered_driven,20,4,2,18,3.211,3.13856,0.0052
compute_bounded_linked,65536,staggered_driven,20,4,2,19,3.2171,3.144704,0.0052
compute_bounded_linked,65536,staggered_driven,20,4,2,20,3.2565,3.154944,0.0063
compute_bounded_linked,65536,staggered_driven,20,4,2,21,3.256,3.160064,0.0072
compute_bounded_linked,65536,staggered_driven,20,4,2,22,3.4973,3.390464,0.0052
compute_bounded_linked,65536,staggered_driven,20,4,2,23,3.2264,3.15392,0.005
compute_bounded_linked,65536,staggered_driven,20,4,2,24,3.2138,3.126272,0.007
compute_bounded_linked,65536,staggered_driven,20,4,2,25,3.2202,3.137536,0.0073
compute_bounded_linked,65536,staggered_driven,20,4,2,26,3.2143,3.136512,0.0073
compute_bounded_linked,65536,staggered_driven,20,4,2,27,3.2305,3.115008,0.0123
compute_bounded_linked,65536,staggered_driven,20,4,2,28,3.1824,3.10784,0.005
compute_bounded_linked,65536,staggered_driven,20,4,2,29,3.1864,3.11296,0.005
compute_bounded_linked,65536,staggered_driven,20,4,2,30,3.2082,3.105792,0.0063
compute_bounded_linked,65536,staggered_driven,20,4,2,31,3.181,3.100672,0.0072
compute_bounded_linked,65536,staggered_driven,20,4,2,32,3.4419,3.373056,0.0047
compute_bounded_linked,65536,staggered_driven,20,4,2,33,3.1789,3.108864,0.005
compute_bounded_linked,65536,staggered_driven,20,4,2,34,3.2212,3.120128,0.0073
compute_bounded_linked,65536,staggered_driven,20,4,2,35,3.1635,3.08736,0.0063
compute_bounded_linked,65536,staggered_driven,20,4,2,36,3.1688,3.091456,0.0073
compute_bounded_linked,65536,staggered_driven,20,4,2,37,3.1992,3.091456,0.0051
compute_bounded_linked,65536,staggered_driven,20,4,2,38,3.1619,3.085312,0.0073
compute_bounded_linked,65536,staggered_driven,20,4,2,39,3.1721,3.0976,0.0064
compute_linked,65536,staggered_driven,20,4,2,0,3.0882,3.019776,0.007
compute_linked,65536,staggered_driven,20,4,2,1,3.1027,3.028992,0.0044
compute_linked,65536,staggered_driven,20,4,2,2,3.1031,3.026944,0.0068
compute_linked,65536,staggered_driven,20,4,2,3,3.1016,3.027968,0.0047
compute_linked,65536,staggered_driven,20,4,2,4,3.6158,3.013632,0.0059
compute_linked,65536,staggered_driven,20,4,2,5,3.1535,3.033088,0.0052
compute_linked,65536,staggered_driven,20,4,2,6,3.3197,3.241984,0.0069
compute_linked,65536,staggered_driven,20,4,2,7,3.1056,3.03616,0.0048
compute_linked,65536,staggered_driven,20,4,2,8,3.0699,3.002368,0.0044
compute_linked,65536,staggered_driven,20,4,2,9,3.0839,3.009536,0.0062
compute_linked,65536,staggered_driven,20,4,2,10,3.1194,3.01056,0.0069
compute_linked,65536,staggered_driven,20,4,2,11,3.0796,2.998272,0.0047
compute_linked,65536,staggered_driven,20,4,2,12,3.0802,2.983936,0.0067
compute_linked,65536,staggered_driven,20,4,2,13,3.0737,3.00032,0.0058
compute_linked,65536,staggered_driven,20,4,2,14,3.0694,2.9952,0.0064
compute_linked,65536,staggered_driven,20,4,2,15,3.0803,3.00032,0.0048
compute_linked,65536,staggered_driven,20,4,2,16,3.0693,3.002368,0.0044
compute_linked,65536,staggered_driven,20,4,2,17,3.3069,3.209216,0.0059
compute_linked,65536,staggered_driven,20,4,2,18,3.1013,3.00544,0.007
compute_linked,65536,staggered_driven,20,4,2,19,3.0767,2.998272,0.0047
compute_linked,65536,staggered_driven,20,4,2,20,3.1255,3.050496,0.0069
compute_linked,65536,staggered_driven,20,4,2,21,3.1405,3.034112,0.0047
compute_linked,65536,staggered_driven,20,4,2,22,3.1108,3.034112,0.0069
compute_linked,65536,staggered_driven,20,4,2,23,3.124,3.048448,0.0069
compute_linked,65536,staggered_driven,20,4,2,24,3.1005,3.033088,0.0043
compute_linked,65536,staggered_driven,20,4,2,25,3.1101,3.032064,0.0048
compute_linked,65536,staggered_driven,20,4,2,26,3.1304,3.022848,0.0045
compute_linked,65536,staggered_driven,20,4,2,27,3.3277,3.250176,0.0068
compute_linked,65536,staggered_driven,20,4,2,28,3.1182,3.048448,0.0049
compute_linked,65536,staggered_driven,20,4,2,29,3.1215,3.0464,0.0071
compute_linked,65536,staggered_driven,20,4,2,30,3.1323,3.05664,0.0061
compute_linked,65536,staggered_driven,20,4,2,31,3.158,3.048448,0.0069
compute_linked,65536,staggered_driven,20,4,2,32,3.0824,3.014656,0.0064
compute_linked,65536,staggered_driven,20,4,2,33,3.1144,3.033088,0.0065
compute_linked,65536,staggered_driven,20,4,2,34,3.1156,3.018752,0.0059
compute_linked,65536,staggered_driven,20,4,2,35,3.0843,3.007488,0.0067
compute_linked,65536,staggered_driven,20,4,2,36,3.1014,2.994176,0.0047
compute_linked,65536,staggered_driven,20,4,2,37,3.0716,2.994176,0.0048
compute_linked,65536,staggered_driven,20,4,2,38,3.3077,3.232768,0.0059
compute_linked,65536,staggered_driven,20,4,2,39,3.0905,3.018752,0.0048
compute_bounded_linked,65536,staggered_driven,20,4,3,0,3.4566,3.373056,0.0095
compute_bounded_linked,65536,staggered_driven,20,4,3,1,3.243,3.172352,0.002
compute_bounded_linked,65536,staggered_driven,20,4,3,2,3.672,3.172352,0.0074
compute_bounded_linked,65536,staggered_driven,20,4,3,3,3.2609,3.182592,0.005
compute_bounded_linked,65536,staggered_driven,20,4,3,4,3.2482,3.140608,0.0049
compute_bounded_linked,65536,staggered_driven,20,4,3,5,3.2518,3.146752,0.0064
compute_bounded_linked,65536,staggered_driven,20,4,3,6,3.2364,3.137536,0.0072
compute_bounded_linked,65536,staggered_driven,20,4,3,7,3.2123,3.134464,0.005
compute_bounded_linked,65536,staggered_driven,20,4,3,8,3.2212,3.150848,0.0046
compute_bounded_linked,65536,staggered_driven,20,4,3,9,3.2512,3.135488,0.0049
compute_bounded_linked,65536,staggered_driven,20,4,3,10,3.4736,3.377152,0.0064
compute_bounded_linked,65536,staggered_driven,20,4,3,11,3.2306,3.151872,0.0069
compute_bounded_linked,65536,staggered_driven,20,4,3,12,3.2186,3.142656,0.0072
compute_bounded_linked,65536,staggered_driven,20,4,3,13,3.2056,3.125248,0.005
compute_bounded_linked,65536,staggered_driven,20,4,3,14,3.2281,3.122176,0.005
compute_bounded_linked,65536,staggered_driven,20,4,3,15,3.1856,3.108864,0.0066
compute_bounded_linked,65536,staggered_driven,20,4,3,16,3.1799,3.105792,0.0068
compute_bounded_linked,65536,staggered_driven,20,4,3,17,3.1693,3.09248,0.0072
compute_bounded_linked,65536,staggered_driven,20,4,3,18,3.1715,3.093504,0.005
compute_bounded_linked,65536,staggered_driven,20,4,3,19,3.5751,3.454976,0.0094
compute_bounded_linked,65536,staggered_driven,20,4,3,20,3.6433,3.566592,0.0057
compute_bounded_linked,65536,staggered_driven,20,4,3,21,3.2091,3.126272,0.0072
compute_bounded_linked,65536,staggered_driven,20,4,3,22,3.1751,3.101696,0.0049
compute_bounded_linked,65536,staggered_driven,20,4,3,23,3.1929,3.115008,0.0056
compute_bounded_linked,65536,staggered_driven,20,4,3,24,3.1418,3.072,0.0068
compute_bounded_linked,65536,staggered_driven,20,4,3,25,3.1876,3.088384,0.0069
compute_bounded_linked,65536,staggered_driven,20,4,3,26,3.1561,3.08224,0.005
compute_bounded_linked,65536,staggered_driven,20,4,3,27,3.1815,3.083264,0.0073
compute_bounded_linked,65536,staggered_driven,20,4,3,28,3.1529,3.07712,0.005
compute_bounded_linked,65536,staggered_driven,20,4,3,29,3.2141,3.110912,0.0047
compute_bounded_linked,65536,staggered_driven,20,4,3,30,3.5158,3.441664,0.0047
compute_bounded_linked,65536,staggered_driven,20,4,3,31,3.2331,3.163136,0.0072
compute_bounded_linked,65536,staggered_driven,20,4,3,32,3.231,3.160064,0.0046
compute_bounded_linked,65536,staggered_driven,20,4,3,33,3.2177,3.140608,0.0073
compute_bounded_linked,65536,staggered_driven,20,4,3,34,3.2774,3.117056,0.0063
compute_bounded_linked,65536,staggered_driven,20,4,3,35,3.2093,3.109888,0.0072
compute_bounded_linked,65536,staggered_driven,20,4,3,36,3.2066,3.10784,0.0052
compute_bounded_linked,65536,staggered_driven,20,4,3,37,3.1733,3.098624,0.005
compute_bounded_linked,65536,staggered_driven,20,4,3,38,3.2366,3.131392,0.0072
compute_bounded_linked,65536,staggered_driven,20,4,3,39,3.2503,3.113984,0.0068
compute_linked,65536,staggered_driven,20,4,3,0,3.0742,2.991104,0.0102
compute_linked,65536,staggered_driven,20,4,3,1,3.1094,3.039232,0.0019
compute_linked,65536,staggered_driven,20,4,3,2,3.1293,3.054592,0.0061
compute_linked,65536,staggered_driven,20,4,3,3,3.7557,3.255296,0.0049
compute_linked,65536,staggered_driven,20,4,3,4,3.133,3.058688,0.0077
compute_linked,65536,staggered_driven,20,4,3,5,3.2109,3.096576,0.0049
compute_linked,65536,staggered_driven,20,4,3,6,3.1753,3.060736,0.0093
compute_linked,65536,staggered_driven,20,4,3,7,3.1076,3.03616,0.0048
compute_linked,65536,staggered_driven,20,4,3,8,3.5953,3.508224,0.006
compute_linked,65536,staggered_driven,20,4,3,9,3.1086,3.028992,0.0052
compute_linked,65536,staggered_driven,20,4,3,10,3.1335,3.026944,0.0049
compute_linked,65536,staggered_driven,20,4,3,11,3.1037,3.030016,0.0043
compute_linked,65536,staggered_driven,20,4,3,12,3.1028,3.027968,0.007
compute_linked,65536,staggered_driven,20,4,3,13,3.4697,3.396608,0.0047
compute_linked,65536,staggered_driven,20,4,3,14,3.0987,3.026944,0.0048
compute_linked,65536,staggered_driven,20,4,3,15,3.1346,3.028992,0.0069
compute_linked,65536,staggered_driven,20,4,3,16,3.1057,3.04128,0.0044
compute_linked,65536,staggered_driven,20,4,3,17,3.0865,3.009536,0.0051
compute_linked,65536,staggered_driven,20,4,3,18,3.0809,3.008512,0.0046
compute_linked,65536,staggered_driven,20,4,3,19,3.0777,3.002368,0.0068
compute_linked,65536,staggered_driven,20,4,3,20,3.3367,3.238912,0.006
compute_linked,65536,staggered_driven,20,4,3,21,3.0844,3.009536,0.0051
compute_linked,65536,staggered_driven,20,4,3,22,3.1167,3.013632,0.0048
compute_linked,65536,staggered_driven,20,4,3,23,3.0787,3.00544,0.0053
compute_linked,65536,staggered_driven,20,4,3,24,3.4069,3.303424,0.0062
compute_linked,65536,staggered_driven,20,4,3,25,3.0918,2.999296,0.0069
compute_linked,65536,staggered_driven,20,4,3,26,3.2974,3.222528,0.0049
compute_linked,65536,staggered_driven,20,4,3,27,3.0995,2.993152,0.0052
compute_linked,65536,staggered_driven,20,4,3,28,3.0808,3.00544,0.0071
compute_linked,65536,staggered_driven,20,4,3,29,3.0766,3.003392,0.0042
compute_linked,65536,staggered_driven,20,4,3,30,3.0595,2.983936,0.0072
compute_linked,65536,staggered_driven,20,4,3,31,3.0621,2.988032,0.0049
compute_linked,65536,staggered_driven,20,4,3,32,3.0563,2.988032,0.0045
compute_linked,65536,staggered_driven,20,4,3,33,3.2598,3.18464,0.0065
compute_linked,65536,staggered_driven,20,4,3,34,3.346,3.265536,0.0049
compute_linked,65536,staggered_driven,20,4,3,35,3.0565,2.987008,0.0049
compute_linked,65536,staggered_driven,20,4,3,36,3.051,2.973696,0.005
compute_linked,65536,staggered_driven,20,4,3,37,3.114,2.981888,0.0062
compute_linked,65536,staggered_driven,20,4,3,38,3.0911,3.013632,0.0071
compute_linked,65536,staggered_driven,20,4,3,39,3.3309,3.255296,0.0066
compute_exact_ranges,65536,staggered_driven,20,4,3,0,5.2296,4.050944,0.0119
compute_exact_ranges,65536,staggered_driven,20,4,3,1,4.1985,4.050944,0.0042
compute_exact_ranges,65536,staggered_driven,20,4,3,2,4.108,4.030464,0.0074
compute_exact_ranges,65536,staggered_driven,20,4,3,3,4.1303,4.021248,0.0079
compute_exact_ranges,65536,staggered_driven,20,4,3,4,4.2741,4.19328,0.0102
compute_exact_ranges,65536,staggered_driven,20,4,3,5,4.1042,4.030464,0.0093
compute_exact_ranges,65536,staggered_driven,20,4,3,6,4.139,4.063232,0.0072
compute_exact_ranges,65536,staggered_driven,20,4,3,7,4.141,4.03456,0.0073
compute_exact_ranges,65536,staggered_driven,20,4,3,8,4.3459,4.274176,0.0068
compute_exact_ranges,65536,staggered_driven,20,4,3,9,4.3652,4.28544,0.0073
compute_exact_ranges,65536,staggered_driven,20,4,3,10,4.1128,4.035584,0.0072
compute_exact_ranges,65536,staggered_driven,20,4,3,11,4.1704,4.056064,0.0072
compute_exact_ranges,65536,staggered_driven,20,4,3,12,4.1415,4.061184,0.0104
compute_exact_ranges,65536,staggered_driven,20,4,3,13,4.1446,4.06528,0.0098
compute_exact_ranges,65536,staggered_driven,20,4,3,14,4.3977,4.289536,0.013
compute_exact_ranges,65536,staggered_driven,20,4,3,15,4.1497,4.074496,0.0071
compute_exact_ranges,65536,staggered_driven,20,4,3,16,4.3388,4.263936,0.0099
compute_exact_ranges,65536,staggered_driven,20,4,3,17,4.1199,4.041728,0.0072
compute_exact_ranges,65536,staggered_driven,20,4,3,18,4.1248,4.0448,0.0104
compute_exact_ranges,65536,staggered_driven,20,4,3,19,4.3572,4.25472,0.0103
compute_exact_ranges,65536,staggered_driven,20,4,3,20,4.1255,4.048896,0.0072
compute_exact_ranges,65536,staggered_driven,20,4,3,21,4.1274,4.047872,0.0103
compute_exact_ranges,65536,staggered_driven,20,4,3,22,4.1576,4.077568,0.0105
compute_exact_ranges,65536,staggered_driven,20,4,3,23,4.1342,4.028416,0.0129
compute_exact_ranges,65536,staggered_driven,20,4,3,24,4.3385,4.263936,0.01
compute_exact_ranges,65536,staggered_driven,20,4,3,25,4.1311,4.054016,0.0071
compute_exact_ranges,65536,staggered_driven,20,4,3,26,4.1148,4.035584,0.0104
compute_exact_ranges,65536,staggered_driven,20,4,3,27,4.1918,4.0448,0.0134
compute_exact_ranges,65536,staggered_driven,20,4,3,28,4.1228,4.03968,0.0109
compute_exact_ranges,65536,staggered_driven,20,4,3,29,4.2959,4.215808,0.0109
compute_exact_ranges,65536,staggered_driven,20,4,3,30,4.1154,4.041728,0.0072
compute_exact_ranges,65536,staggered_driven,20,4,3,31,4.1673,4.056064,0.0104
compute_exact_ranges,65536,staggered_driven,20,4,3,32,4.4128,4.344832,0.0073
compute_exact_ranges,65536,staggered_driven,20,4,3,33,4.1459,4.068352,0.0072
compute_exact_ranges,65536,staggered_driven,20,4,3,34,4.12,4.023296,0.0104
compute_exact_ranges,65536,staggered_driven,20,4,3,35,4.1562,4.041728,0.0104
compute_exact_ranges,65536,staggered_driven,20,4,3,36,4.1089,4.027392,0.0133
compute_exact_ranges,65536,staggered_driven,20,4,3,37,4.1259,4.046848,0.0105
compute_exact_ranges,65536,staggered_driven,20,4,3,38,4.1279,4.048896,0.0104
compute_exact_ranges,65536,staggered_driven,20,4,3,39,4.1637,4.057088,0.0071
compute_linked,65536,staggered_driven,30,4,1,0,3.0879,3.011584,0.0072
compute_linked,65536,staggered_driven,30,4,1,1,3.5341,2.997248,0.0021
compute_linked,65536,staggered_driven,30,4,1,2,3.0819,3.001344,0.0048
compute_linked,65536,staggered_driven,30,4,1,3,3.1009,3.018752,0.0049
compute_linked,65536,staggered_driven,30,4,1,4,3.3069,3.224576,0.0071
compute_linked,65536,staggered_driven,30,4,1,5,3.1889,3.050496,0.007
compute_linked,65536,staggered_driven,30,4,1,6,3.1035,3.027968,0.0049
compute_linked,65536,staggered_driven,30,4,1,7,3.1057,3.027968,0.0048
compute_linked,65536,staggered_driven,30,4,1,8,3.0342,2.967552,0.0044
compute_linked,65536,staggered_driven,30,4,1,9,3.0739,2.973696,0.0064
compute_linked,65536,staggered_driven,30,4,1,10,3.0582,2.980864,0.0071
compute_linked,65536,staggered_driven,30,4,1,11,3.0631,2.982912,0.0048
compute_linked,65536,staggered_driven,30,4,1,12,3.0574,2.980864,0.007
compute_linked,65536,staggered_driven,30,4,1,13,3.0998,2.989056,0.0064
compute_linked,65536,staggered_driven,30,4,1,14,3.3221,3.247104,0.0048
compute_linked,65536,staggered_driven,30,4,1,15,3.1016,3.026944,0.0068
compute_linked,65536,staggered_driven,30,4,1,16,3.0901,3.017728,0.0067
compute_linked,65536,staggered_driven,30,4,1,17,3.1059,3.028992,0.0061
compute_linked,65536,staggered_driven,30,4,1,18,3.1292,3.021824,0.007
compute_linked,65536,staggered_driven,30,4,1,19,3.0835,2.98496,0.0048
compute_linked,65536,staggered_driven,30,4,1,20,3.0666,2.992128,0.0049
compute_linked,65536,staggered_driven,30,4,1,21,3.0686,2.971648,0.006
compute_linked,65536,staggered_driven,30,4,1,22,3.0533,2.976768,0.007
compute_linked,65536,staggered_driven,30,4,1,23,3.0452,2.970624,0.0048
compute_linked,65536,staggered_driven,30,4,1,24,3.0471,2.977792,0.0045
compute_linked,65536,staggered_driven,30,4,1,25,3.3132,3.237888,0.006
compute_linked,65536,staggered_driven,30,4,1,26,3.0839,3.004416,0.005
compute_linked,65536,staggered_driven,30,4,1,27,3.1156,3.027968,0.0116
compute_linked,65536,staggered_driven,30,4,1,28,3.1188,3.043328,0.007
compute_linked,65536,staggered_driven,30,4,1,29,3.1192,3.009536,0.0061
compute_linked,65536,staggered_driven,30,4,1,30,3.1033,3.023872,0.0069
compute_linked,65536,staggered_driven,30,4,1,31,3.0839,3.009536,0.0049
compute_linked,65536,staggered_driven,30,4,1,32,3.0816,3.012608,0.0046
compute_linked,65536,staggered_driven,30,4,1,33,3.0751,2.997248,0.007
compute_linked,65536,staggered_driven,30,4,1,34,3.0779,2.965504,0.0065
compute_linked,65536,staggered_driven,30,4,1,35,3.0595,2.981888,0.0071
compute_linked,65536,staggered_driven,30,4,1,36,3.5473,3.464192,0.005
compute_linked,65536,staggered_driven,30,4,1,37,3.1256,3.011584,0.039
compute_linked,65536,staggered_driven,30,4,1,38,3.0889,3.003392,0.0094
compute_linked,65536,staggered_driven,30,4,1,39,3.18,3.043328,0.0071
compute_exact_ranges,65536,staggered_driven,30,4,1,0,4.2277,4.031488,0.1243
compute_exact_ranges,65536,staggered_driven,30,4,1,1,5.0788,4.032512,0.0073
compute_exact_ranges,65536,staggered_driven,30,4,1,2,4.1059,4.025344,0.0065
compute_exact_ranges,65536,staggered_driven,30,4,1,3,4.3036,4.206592,0.0065
compute_exact_ranges,65536,staggered_driven,30,4,1,4,4.1428,4.023296,0.0157
compute_exact_ranges,65536,staggered_driven,30,4,1,5,4.1291,4.040704,0.0097
compute_exact_ranges,65536,staggered_driven,30,4,1,6,4.1069,4.031488,0.0063
compute_exact_ranges,65536,staggered_driven,30,4,1,7,4.5206,4.415488,0.0091
compute_exact_ranges,65536,staggered_driven,30,4,1,8,4.0991,4.026368,0.0067
compute_exact_ranges,65536,staggered_driven,30,4,1,9,4.128,4.038656,0.0107
compute_exact_ranges,65536,staggered_driven,30,4,1,10,4.1174,4.033536,0.0095
compute_exact_ranges,65536,staggered_driven,30,4,1,11,4.2678,4.013056,0.0064
compute_exact_ranges,65536,staggered_driven,30,4,1,12,4.1435,4.031488,0.0063
compute_exact_ranges,65536,staggered_driven,30,4,1,13,4.1214,4.040704,0.0093
compute_exact_ranges,65536,staggered_driven,30,4,1,14,4.0983,4.018176,0.0084
compute_exact_ranges,65536,staggered_driven,30,4,1,15,4.106,4.031488,0.0063
compute_exact_ranges,65536,staggered_driven,30,4,1,16,4.1046,4.037632,0.0063
compute_exact_ranges,65536,staggered_driven,30,4,1,17,4.1046,4.031488,0.0063
compute_exact_ranges,65536,staggered_driven,30,4,1,18,4.2734,4.197376,0.0065
compute_exact_ranges,65536,staggered_driven,30,4,1,19,4.1095,4.027392,0.0086
compute_exact_ranges,65536,staggered_driven,30,4,1,20,4.1225,4.015104,0.0064
compute_exact_ranges,65536,staggered_driven,30,4,1,21,4.1037,4.02944,0.0065
compute_exact_ranges,65536,staggered_driven,30,4,1,22,4.1107,4.033536,0.0091
compute_exact_ranges,65536,staggered_driven,30,4,1,23,4.0888,4.016128,0.0067
compute_exact_ranges,65536,staggered_driven,30,4,1,24,4.0948,4.02432,0.0064
compute_exact_ranges,65536,staggered_driven,30,4,1,25,4.0915,4.017152,0.0063
compute_exact_ranges,65536,staggered_driven,30,4,1,26,4.2989,4.225024,0.0065
compute_exact_ranges,65536,staggered_driven,30,4,1,27,4.1045,4.033536,0.0066
compute_exact_ranges,65536,staggered_driven,30,4,1,28,4.1662,4.06016,0.0064
compute_exact_ranges,65536,staggered_driven,30,4,1,29,4.1063,4.031488,0.0084
compute_exact_ranges,65536,staggered_driven,30,4,1,30,4.1124,4.032512,0.006
compute_exact_ranges,65536,staggered_driven,30,4,1,31,4.0996,4.023296,0.0062
compute_exact_ranges,65536,staggered_driven,30,4,1,32,4.0914,4.02432,0.0059
compute_exact_ranges,65536,staggered_driven,30,4,1,33,4.1074,4.03456,0.0063
compute_exact_ranges,65536,staggered_driven,30,4,1,34,4.2732,4.197376,0.0086
compute_exact_ranges,65536,staggered_driven,30,4,1,35,4.1038,4.031488,0.0063
compute_exact_ranges,65536,staggered_driven,30,4,1,36,4.1373,4.031488,0.0063
compute_exact_ranges,65536,staggered_driven,30,4,1,37,4.0989,4.023296,0.0063
compute_exact_ranges,65536,staggered_driven,30,4,1,38,4.0838,4.009984,0.0065
compute_exact_ranges,65536,staggered_driven,30,4,1,39,4.0908,4.013056,0.0092
compute_bounded_linked,65536,staggered_driven,30,4,1,0,3.6374,3.470336,0.0124
compute_bounded_linked,65536,staggered_driven,30,4,1,1,4.525,3.448832,0.008
compute_bounded_linked,65536,staggered_driven,30,4,1,2,3.5485,3.365888,0.0167
compute_bounded_linked,65536,staggered_driven,30,4,1,3,3.5586,3.423232,0.0079
compute_bounded_linked,65536,staggered_driven,30,4,1,4,3.5864,3.36384,0.0102
compute_bounded_linked,65536,staggered_driven,30,4,1,5,3.3551,3.115008,0.0088
compute_bounded_linked,65536,staggered_driven,30,4,1,6,3.977,3.769344,0.0105
compute_bounded_linked,65536,staggered_driven,30,4,1,7,3.7867,3.073024,0.0119
compute_bounded_linked,65536,staggered_driven,30,4,1,8,3.5036,3.06688,0.0217
compute_bounded_linked,65536,staggered_driven,30,4,1,9,4.1416,3.597312,0.0574
compute_bounded_linked,65536,staggered_driven,30,4,1,10,3.3597,3.100672,0.0164
compute_bounded_linked,65536,staggered_driven,30,4,1,11,3.802,3.326976,0.016
compute_bounded_linked,65536,staggered_driven,30,4,1,12,3.6788,3.361792,0.0171
compute_bounded_linked,65536,staggered_driven,30,4,1,13,3.943,3.42016,0.0273
compute_bounded_linked,65536,staggered_driven,30,4,1,14,3.8986,3.429376,0.0206
compute_bounded_linked,65536,staggered_driven,30,4,1,15,3.7944,3.423232,0.023
compute_bounded_linked,65536,staggered_driven,30,4,1,16,4.2456,3.454976,0.1667
compute_bounded_linked,65536,staggered_driven,30,4,1,17,4.3828,3.34336,0.0598
compute_bounded_linked,65536,staggered_driven,30,4,1,18,4.4068,3.540992,0.0483
compute_bounded_linked,65536,staggered_driven,30,4,1,19,4.2718,3.488768,0.0493
compute_bounded_linked,65536,staggered_driven,30,4,1,20,4.2613,3.478528,0.0484
compute_bounded_linked,65536,staggered_driven,30,4,1,21,4.004,3.062784,0.0584
compute_bounded_linked,65536,staggered_driven,30,4,1,22,3.9687,3.065856,0.0409
compute_bounded_linked,65536,staggered_driven,30,4,1,23,4.0219,3.390464,0.0777
compute_bounded_linked,65536,staggered_driven,30,4,1,24,4.3661,3.52768,0.0431
compute_bounded_linked,65536,staggered_driven,30,4,1,25,4.4797,3.521536,0.0505
compute_bounded_linked,65536,staggered_driven,30,4,1,26,4.4653,3.52256,0.0445
compute_bounded_linked,65536,staggered_driven,30,4,1,27,4.1585,3.536896,0.0529
compute_bounded_linked,65536,staggered_driven,30,4,1,28,4.0662,3.482624,0.0462
compute_bounded_linked,65536,staggered_driven,30,4,1,29,4.5468,3.459072,0.0455
compute_bounded_linked,65536,staggered_driven,30,4,1,30,4.37,3.654656,0.0451
compute_bounded_linked,65536,staggered_driven,30,4,1,31,4.4161,3.6352,0.045
compute_bounded_linked,65536,staggered_driven,30,4,1,32,4.6864,3.621888,0.062
compute_bounded_linked,65536,staggered_driven,30,4,1,33,4.2343,3.39456,0.0554
compute_bounded_linked,65536,staggered_driven,30,4,1,34,4.1092,3.047424,0.1851
compute_bounded_linked,65536,staggered_driven,30,4,1,35,4.6188,3.542016,0.0573
compute_bounded_linked,65536,staggered_driven,30,4,1,36,5.2672,3.610624,0.0621
compute_bounded_linked,65536,staggered_driven,30,4,1,37,4.1767,3.580928,0.0444
compute_bounded_linked,65536,staggered_driven,30,4,1,38,3.9345,3.360768,0.0393
compute_bounded_linked,65536,staggered_driven,30,4,1,39,3.8888,3.080192,0.0532
compute_exact_ranges,65536,staggered_driven,30,4,2,0,4.1978,4.073472,0.0159
compute_exact_ranges,65536,staggered_driven,30,4,2,1,5.0826,4.02944,0.0075
compute_exact_ranges,65536,staggered_driven,30,4,2,2,4.3083,4.194304,0.0115
compute_exact_ranges,65536,staggered_driven,30,4,2,3,4.1156,4.018176,0.0113
compute_exact_ranges,65536,staggered_driven,30,4,2,4,4.181,4.023296,0.0098
compute_exact_ranges,65536,staggered_driven,30,4,2,5,4.1113,4.015104,0.0088
compute_exact_ranges,65536,staggered_driven,30,4,2,6,4.1414,4.047872,0.0087
compute_exact_ranges,65536,staggered_driven,30,4,2,7,4.1346,4.015104,0.0082
compute_exact_ranges,65536,staggered_driven,30,4,2,8,4.1011,4.018176,0.0074
compute_exact_ranges,65536,staggered_driven,30,4,2,9,4.1718,4.028416,0.0095
compute_exact_ranges,65536,staggered_driven,30,4,2,10,4.3443,4.256768,0.0076
compute_exact_ranges,65536,staggered_driven,30,4,2,11,4.109,4.026368,0.0075
compute_exact_ranges,65536,staggered_driven,30,4,2,12,4.4487,4.361216,0.0075
compute_exact_ranges,65536,staggered_driven,30,4,2,13,4.1747,4.023296,0.0077
compute_exact_ranges,65536,staggered_driven,30,4,2,14,4.1328,4.041728,0.0103
compute_exact_ranges,65536,staggered_driven,30,4,2,15,4.1297,4.043776,0.0092
compute_exact_ranges,65536,staggered_driven,30,4,2,16,4.0813,4.001792,0.0068
compute_exact_ranges,65536,staggered_driven,30,4,2,17,4.1628,4.032512,0.0089
compute_exact_ranges,65536,staggered_driven,30,4,2,18,4.4453,4.222976,0.008
compute_exact_ranges,65536,staggered_driven,30,4,2,19,4.1613,4.025344,0.0076
compute_exact_ranges,65536,staggered_driven,30,4,2,20,4.119,4.028416,0.009
compute_exact_ranges,65536,staggered_driven,30,4,2,21,4.1474,4.0448,0.009
compute_exact_ranges,65536,staggered_driven,30,4,2,22,4.1734,4.03968,0.0102
compute_exact_ranges,65536,staggered_driven,30,4,2,23,4.1088,4.02432,0.0078
compute_exact_ranges,65536,staggered_driven,30,4,2,24,4.1442,4.032512,0.018
compute_exact_ranges,65536,staggered_driven,30,4,2,25,4.1335,4.028416,0.0086
compute_exact_ranges,65536,staggered_driven,30,4,2,26,4.3412,4.212736,0.0096
compute_exact_ranges,65536,staggered_driven,30,4,2,27,4.1326,4.041728,0.0079
compute_exact_ranges,65536,staggered_driven,30,4,2,28,4.1792,4.036608,0.0085
compute_exact_ranges,65536,staggered_driven,30,4,2,29,4.1595,4.038656,0.0083
compute_exact_ranges,65536,staggered_driven,30,4,2,30,4.1545,4.047872,0.008
compute_exact_ranges,65536,staggered_driven,30,4,2,31,4.1285,4.038656,0.008
compute_exact_ranges,65536,staggered_driven,30,4,2,32,4.1298,4.037632,0.01
compute_exact_ranges,65536,staggered_driven,30,4,2,33,4.1753,4.03968,0.0093
compute_exact_ranges,65536,staggered_driven,30,4,2,34,4.4232,4.306944,0.0077
compute_exact_ranges,65536,staggered_driven,30,4,2,35,4.1197,4.028416,0.008
compute_exact_ranges,65536,staggered_driven,30,4,2,36,4.193,4.02944,0.011
compute_exact_ranges,65536,staggered_driven,30,4,2,37,4.0947,4.006912,0.0077
compute_exact_ranges,65536,staggered_driven,30,4,2,38,4.1252,4.013056,0.0131
compute_exact_ranges,65536,staggered_driven,30,4,2,39,4.1766,4.045824,0.0092
compute_bounded_linked,65536,staggered_driven,30,4,2,0,3.2054,3.0976,0.0091
compute_bounded_linked,65536,staggered_driven,30,4,2,1,3.1914,3.109888,0.0021
compute_bounded_linked,65536,staggered_driven,30,4,2,2,3.8428,3.126272,0.0067
compute_bounded_linked,65536,staggered_driven,30,4,2,3,3.2057,3.116032,0.005
compute_bounded_linked,65536,staggered_driven,30,4,2,4,3.4362,3.346432,0.0079
compute_bounded_linked,65536,staggered_driven,30,4,2,5,3.2844,3.149824,0.005
compute_bounded_linked,65536,staggered_driven,30,4,2,6,3.2349,3.145728,0.0063
compute_bounded_linked,65536,staggered_driven,30,4,2,7,3.1749,3.08736,0.0075
compute_bounded_linked,65536,staggered_driven,30,4,2,8,3.1854,3.104768,0.0061
compute_bounded_linked,65536,staggered_driven,30,4,2,9,3.1828,3.100672,0.0066
compute_bounded_linked,65536,staggered_driven,30,4,2,10,3.1943,3.063808,0.0062
compute_bounded_linked,65536,staggered_driven,30,4,2,11,3.1777,3.07712,0.0059
compute_bounded_linked,65536,staggered_driven,30,4,2,12,3.2001,3.086336,0.0059
compute_bounded_linked,65536,staggered_driven,30,4,2,13,3.1529,3.069952,0.0049
compute_bounded_linked,65536,staggered_driven,30,4,2,14,3.129,3.057664,0.0047
compute_bounded_linked,65536,staggered_driven,30,4,2,15,3.4807,3.354624,0.0048
compute_bounded_linked,65536,staggered_driven,30,4,2,16,3.1832,3.106816,0.0063
compute_bounded_linked,65536,staggered_driven,30,4,2,17,3.1873,3.104768,0.0067
compute_bounded_linked,65536,staggered_driven,30,4,2,18,3.1848,3.094528,0.0095
compute_bounded_linked,65536,staggered_driven,30,4,2,19,3.1743,3.083264,0.0064
compute_bounded_linked,65536,staggered_driven,30,4,2,20,3.1855,3.07712,0.0071
compute_bounded_linked,65536,staggered_driven,30,4,2,21,3.2122,3.062784,0.0068
compute_bounded_linked,65536,staggered_driven,30,4,2,22,3.1346,3.053568,0.0083
compute_bounded_linked,65536,staggered_driven,30,4,2,23,3.1679,3.079168,0.006
compute_bounded_linked,65536,staggered_driven,30,4,2,24,3.1909,3.079168,0.0043
compute_bounded_linked,65536,staggered_driven,30,4,2,25,3.3819,3.29728,0.0068
compute_bounded_linked,65536,staggered_driven,30,4,2,26,3.2181,3.086336,0.0063
compute_bounded_linked,65536,staggered_driven,30,4,2,27,3.1756,3.08224,0.009
compute_bounded_linked,65536,staggered_driven,30,4,2,28,3.248,3.085312,0.0148
compute_bounded_linked,65536,staggered_driven,30,4,2,29,3.2235,3.1232,0.005
compute_bounded_linked,65536,staggered_driven,30,4,2,30,3.1787,3.050496,0.0095
compute_bounded_linked,65536,staggered_driven,30,4,2,31,3.208,3.054592,0.0075
compute_bounded_linked,65536,staggered_driven,30,4,2,32,3.1297,3.049472,0.0048
compute_bounded_linked,65536,staggered_driven,30,4,2,33,3.1646,3.07712,0.0049
compute_bounded_linked,65536,staggered_driven,30,4,2,34,3.1367,3.049472,0.0059
compute_bounded_linked,65536,staggered_driven,30,4,2,35,3.3984,3.239936,0.0089
compute_bounded_linked,65536,staggered_driven,30,4,2,36,3.1596,3.075072,0.0049
compute_bounded_linked,65536,staggered_driven,30,4,2,37,3.1292,3.040256,0.0071
compute_bounded_linked,65536,staggered_driven,30,4,2,38,3.1599,3.070976,0.0048
compute_bounded_linked,65536,staggered_driven,30,4,2,39,3.1818,3.099648,0.007
compute_linked,65536,staggered_driven,30,4,2,0,3.1712,3.076096,0.0084
compute_linked,65536,staggered_driven,30,4,2,1,3.1342,3.04128,0.0018
compute_linked,65536,staggered_driven,30,4,2,2,3.1397,3.053568,0.0072
compute_linked,65536,staggered_driven,30,4,2,3,3.6406,3.026944,0.0044
compute_linked,65536,staggered_driven,30,4,2,4,3.1641,3.02592,0.0045
compute_linked,65536,staggered_driven,30,4,2,5,3.1564,3.042304,0.0081
compute_linked,65536,staggered_driven,30,4,2,6,3.1008,3.019776,0.0042
compute_linked,65536,staggered_driven,30,4,2,7,3.1162,3.032064,0.0045
compute_linked,65536,staggered_driven,30,4,2,8,3.1108,3.043328,0.0041
compute_linked,65536,staggered_driven,30,4,2,9,3.3712,3.260416,0.0042
compute_linked,65536,staggered_driven,30,4,2,10,3.1452,3.062784,0.0043
compute_linked,65536,staggered_driven,30,4,2,11,3.1481,3.06688,0.0062
compute_linked,65536,staggered_driven,30,4,2,12,3.1086,3.023872,0.0043
compute_linked,65536,staggered_driven,30,4,2,13,3.0851,3.008512,0.0061
compute_linked,65536,staggered_driven,30,4,2,14,3.1323,3.0208,0.0051
compute_linked,65536,staggered_driven,30,4,2,15,3.097,3.019776,0.0063
compute_linked,65536,staggered_driven,30,4,2,16,3.0959,3.022848,0.0047
compute_linked,65536,staggered_driven,30,4,2,17,3.0984,3.0208,0.0062
compute_linked,65536,staggered_driven,30,4,2,18,3.3158,3.218432,0.004
compute_linked,65536,staggered_driven,30,4,2,19,3.1369,3.023872,0.0042
compute_linked,65536,staggered_driven,30,4,2,20,3.0903,3.009536,0.0042
compute_linked,65536,staggered_driven,30,4,2,21,3.0672,2.985984,0.0061
compute_linked,65536,staggered_driven,30,4,2,22,3.0766,2.996224,0.0076
compute_linked,65536,staggered_driven,30,4,2,23,3.0993,3.021824,0.0061
compute_linked,65536,staggered_driven,30,4,2,24,3.0945,3.02592,0.0043
compute_linked,65536,staggered_driven,30,4,2,25,3.0993,3.018752,0.0048
compute_linked,65536,staggered_driven,30,4,2,26,3.1385,3.03616,0.0065
compute_linked,65536,staggered_driven,30,4,2,27,3.0875,3.008512,0.0043
compute_linked,65536,staggered_driven,30,4,2,28,3.3693,3.252224,0.006
compute_linked,65536,staggered_driven,30,4,2,29,3.2404,3.023872,0.0063
compute_linked,65536,staggered_driven,30,4,2,30,3.146,3.064832,0.0042
compute_linked,65536,staggered_driven,30,4,2,31,3.1644,3.079168,0.0076
compute_linked,65536,staggered_driven,30,4,2,32,3.1392,3.064832,0.007
compute_linked,65536,staggered_driven,30,4,2,33,3.1717,3.05664,0.0054
compute_linked,65536,staggered_driven,30,4,2,34,3.1206,3.045376,0.0042
compute_linked,65536,staggered_driven,30,4,2,35,3.109,3.032064,0.0053
compute_linked,65536,staggered_driven,30,4,2,36,3.1232,3.04128,0.0042
compute_linked,65536,staggered_driven,30,4,2,37,3.1172,3.03104,0.0043
compute_linked,65536,staggered_driven,30,4,2,38,3.0935,3.013632,0.0044
compute_linked,65536,staggered_driven,30,4,2,39,3.3595,3.257344,0.0042
compute_bounded_linked,65536,staggered_driven,30,4,3,0,3.2279,3.117056,0.0184
compute_bounded_linked,65536,staggered_driven,30,4,3,1,3.4029,3.329024,0.0019
compute_bounded_linked,65536,staggered_driven,30,4,3,2,3.7292,3.1232,0.0064
compute_bounded_linked,65536,staggered_driven,30,4,3,3,3.2501,3.1488,0.0072
compute_bounded_linked,65536,staggered_driven,30,4,3,4,3.2086,3.12832,0.0044
compute_bounded_linked,65536,staggered_driven,30,4,3,5,3.2632,3.154944,0.0044
compute_bounded_linked,65536,staggered_driven,30,4,3,6,3.2067,3.132416,0.0054
compute_bounded_linked,65536,staggered_driven,30,4,3,7,3.2114,3.134464,0.0061
compute_bounded_linked,65536,staggered_driven,30,4,3,8,3.2092,3.140608,0.0039
compute_bounded_linked,65536,staggered_driven,30,4,3,9,3.219,3.140608,0.0043
compute_bounded_linked,65536,staggered_driven,30,4,3,10,3.2245,3.113984,0.0043
compute_bounded_linked,65536,staggered_driven,30,4,3,11,3.4571,3.362816,0.0054
compute_bounded_linked,65536,staggered_driven,30,4,3,12,3.2348,3.162112,0.0044
compute_bounded_linked,65536,staggered_driven,30,4,3,13,3.1989,3.1232,0.0062
compute_bounded_linked,65536,staggered_driven,30,4,3,14,3.2014,3.127296,0.0043
compute_bounded_linked,65536,staggered_driven,30,4,3,15,3.2613,3.144704,0.0062
compute_bounded_linked,65536,staggered_driven,30,4,3,16,3.1858,3.119104,0.004
compute_bounded_linked,65536,staggered_driven,30,4,3,17,3.2313,3.134464,0.0042
compute_bounded_linked,65536,staggered_driven,30,4,3,18,3.2179,3.120128,0.0058
compute_bounded_linked,65536,staggered_driven,30,4,3,19,3.2054,3.129344,0.0042
compute_bounded_linked,65536,staggered_driven,30,4,3,20,3.2239,3.12832,0.0061
compute_bounded_linked,65536,staggered_driven,30,4,3,21,3.3747,3.303424,0.004
compute_bounded_linked,65536,staggered_driven,30,4,3,22,3.2168,3.0976,0.0043
compute_bounded_linked,65536,staggered_driven,30,4,3,23,3.1935,3.111936,0.0043
compute_bounded_linked,65536,staggered_driven,30,4,3,24,3.1687,3.095552,0.0058
compute_bounded_linked,65536,staggered_driven,30,4,3,25,3.1821,3.106816,0.0045
compute_bounded_linked,65536,staggered_driven,30,4,3,26,3.1707,3.095552,0.0062
compute_bounded_linked,65536,staggered_driven,30,4,3,27,3.17,3.096576,0.0062
compute_bounded_linked,65536,staggered_driven,30,4,3,28,3.1843,3.105792,0.0042
compute_bounded_linked,65536,staggered_driven,30,4,3,29,3.2003,3.105792,0.0061
compute_bounded_linked,65536,staggered_driven,30,4,3,30,3.1723,3.098624,0.0039
compute_bounded_linked,65536,staggered_driven,30,4,3,31,3.4458,3.323904,0.0044
compute_bounded_linked,65536,staggered_driven,30,4,3,32,3.1758,3.103744,0.0043
compute_bounded_linked,65536,staggered_driven,30,4,3,33,3.2183,3.136512,0.0044
compute_bounded_linked,65536,staggered_driven,30,4,3,34,3.189,3.109888,0.008
compute_bounded_linked,65536,staggered_driven,30,4,3,35,3.1757,3.098624,0.0064
compute_bounded_linked,65536,staggered_driven,30,4,3,36,3.1828,3.10784,0.0061
compute_bounded_linked,65536,staggered_driven,30,4,3,37,3.1845,3.105792,0.0042
compute_bounded_linked,65536,staggered_driven,30,4,3,38,3.1931,3.116032,0.0044
compute_bounded_linked,65536,staggered_driven,30,4,3,39,3.199,3.127296,0.0039
compute_linked,65536,staggered_driven,30,4,3,0,3.1457,3.057664,0.01
compute_linked,65536,staggered_driven,30,4,3,1,3.1555,3.052544,0.0022
compute_linked,65536,staggered_driven,30,4,3,2,3.6974,3.060736,0.0062
compute_linked,65536,staggered_driven,30,4,3,3,3.1466,3.054592,0.0053
compute_linked,65536,staggered_driven,30,4,3,4,3.4082,3.258368,0.0055
compute_linked,65536,staggered_driven,30,4,3,5,3.1605,3.063808,0.0047
compute_linked,65536,staggered_driven,30,4,3,6,3.1064,3.021824,0.0063
compute_linked,65536,staggered_driven,30,4,3,7,3.0945,3.011584,0.0053
compute_linked,65536,staggered_driven,30,4,3,8,3.1036,3.027968,0.0047
compute_linked,65536,staggered_driven,30,4,3,9,3.0971,3.018752,0.0045
compute_linked,65536,staggered_driven,30,4,3,10,3.0933,3.016704,0.0043
compute_linked,65536,staggered_driven,30,4,3,11,3.1041,3.027968,0.0046
compute_linked,65536,staggered_driven,30,4,3,12,3.1088,3.023872,0.0045
compute_linked,65536,staggered_driven,30,4,3,13,3.0794,2.9952,0.0042
compute_linked,65536,staggered_driven,30,4,3,14,3.1074,2.98496,0.0056
compute_linked,65536,staggered_driven,30,4,3,15,3.4789,3.396608,0.0044
compute_linked,65536,staggered_driven,30,4,3,16,3.0907,3.016704,0.0042
compute_linked,65536,staggered_driven,30,4,3,17,3.1201,3.039232,0.0044
compute_linked,65536,staggered_driven,30,4,3,18,3.1484,3.033088,0.0054
compute_linked,65536,staggered_driven,30,4,3,19,3.1498,3.002368,0.0063
compute_linked,65536,staggered_driven,30,4,3,20,3.081,3.002368,0.0045
compute_linked,65536,staggered_driven,30,4,3,21,3.066,2.99008,0.0044
compute_linked,65536,staggered_driven,30,4,3,22,3.0758,2.993152,0.0045
compute_linked,65536,staggered_driven,30,4,3,23,3.0919,3.009536,0.0045
compute_linked,65536,staggered_driven,30,4,3,24,3.0747,2.998272,0.0044
compute_linked,65536,staggered_driven,30,4,3,25,3.309,3.227648,0.0063
compute_linked,65536,staggered_driven,30,4,3,26,3.1081,3.026944,0.0045
compute_linked,65536,staggered_driven,30,4,3,27,3.1135,3.027968,0.0044
compute_linked,65536,staggered_driven,30,4,3,28,3.1274,3.023872,0.0045
compute_linked,65536,staggered_driven,30,4,3,29,3.1589,3.019776,0.0049
compute_linked,65536,staggered_driven,30,4,3,30,3.0919,3.00544,0.0044
compute_linked,65536,staggered_driven,30,4,3,31,3.0654,2.983936,0.0063
compute_linked,65536,staggered_driven,30,4,3,32,3.0785,3.00032,0.0045
compute_linked,65536,staggered_driven,30,4,3,33,3.0825,3.002368,0.0055
compute_linked,65536,staggered_driven,30,4,3,34,3.0991,2.978816,0.0056
compute_linked,65536,staggered_driven,30,4,3,35,3.0817,2.998272,0.0044
compute_linked,65536,staggered_driven,30,4,3,36,3.2881,3.187712,0.0055
compute_linked,65536,staggered_driven,30,4,3,37,3.0861,3.004416,0.0044
compute_linked,65536,staggered_driven,30,4,3,38,3.099,3.022848,0.0043
compute_linked,65536,staggered_driven,30,4,3,39,3.1275,3.00544,0.0043
compute_exact_ranges,65536,staggered_driven,30,4,3,0,4.1469,4.048896,0.0136
compute_exact_ranges,65536,staggered_driven,30,4,3,1,5.1357,4.032512,0.0041
compute_exact_ranges,65536,staggered_driven,30,4,3,2,4.1339,4.043776,0.0114
compute_exact_ranges,65536,staggered_driven,30,4,3,3,4.3397,4.257792,0.0084
compute_exact_ranges,65536,staggered_driven,30,4,3,4,4.1614,4.048896,0.0086
compute_exact_ranges,65536,staggered_driven,30,4,3,5,4.179,4.050944,0.0084
compute_exact_ranges,65536,staggered_driven,30,4,3,6,4.1447,4.052992,0.011
compute_exact_ranges,65536,staggered_driven,30,4,3,7,4.1527,4.050944,0.0177
compute_exact_ranges,65536,staggered_driven,30,4,3,8,4.1151,4.031488,0.0133
compute_exact_ranges,65536,staggered_driven,30,4,3,9,4.1418,4.051968,0.0135
compute_exact_ranges,65536,staggered_driven,30,4,3,10,4.188,4.050944,0.0106
compute_exact_ranges,65536,staggered_driven,30,4,3,11,4.3286,4.222976,0.0093
compute_exact_ranges,65536,staggered_driven,30,4,3,12,4.1696,4.077568,0.0099
compute_exact_ranges,65536,staggered_driven,30,4,3,13,4.225,4.047872,0.007
compute_exact_ranges,65536,staggered_driven,30,4,3,14,4.1968,4.050944,0.0086
compute_exact_ranges,65536,staggered_driven,30,4,3,15,4.1384,4.048896,0.0075
compute_exact_ranges,65536,staggered_driven,30,4,3,16,4.1283,4.04992,0.0075
compute_exact_ranges,65536,staggered_driven,30,4,3,17,4.2227,4.129792,0.0075
compute_exact_ranges,65536,staggered_driven,30,4,3,18,4.1789,4.042752,0.0074
compute_exact_ranges,65536,staggered_driven,30,4,3,19,4.4113,4.317184,0.0087
compute_exact_ranges,65536,staggered_driven,30,4,3,20,4.1619,4.062208,0.0071
compute_exact_ranges,65536,staggered_driven,30,4,3,21,4.14,4.047872,0.0072
compute_exact_ranges,65536,staggered_driven,30,4,3,22,4.1781,4.038656,0.0122
compute_exact_ranges,65536,staggered_driven,30,4,3,23,4.1291,4.048896,0.0078
compute_exact_ranges,65536,staggered_driven,30,4,3,24,4.1362,4.058112,0.0091
compute_exact_ranges,65536,staggered_driven,30,4,3,25,4.1363,4.056064,0.0069
compute_exact_ranges,65536,staggered_driven,30,4,3,26,4.1804,4.056064,0.0073
compute_exact_ranges,65536,staggered_driven,30,4,3,27,4.4185,4.221952,0.0135
compute_exact_ranges,65536,staggered_driven,30,4,3,28,4.147,4.06528,0.0079
compute_exact_ranges,65536,staggered_driven,30,4,3,29,4.1591,4.071424,0.0098
compute_exact_ranges,65536,staggered_driven,30,4,3,30,4.1676,4.051968,0.0065
compute_exact_ranges,65536,staggered_driven,30,4,3,31,4.132,4.050944,0.0096
compute_exact_ranges,65536,staggered_driven,30,4,3,32,4.1092,4.040704,0.0063
compute_exact_ranges,65536,staggered_driven,30,4,3,33,4.1171,4.041728,0.0065
compute_exact_ranges,65536,staggered_driven,30,4,3,34,4.3312,4.220928,0.0064
compute_exact_ranges,65536,staggered_driven,30,4,3,35,4.1215,4.047872,0.0065
compute_exact_ranges,65536,staggered_driven,30,4,3,36,4.1298,4.051968,0.0093
compute_exact_ranges,65536,staggered_driven,30,4,3,37,4.1017,4.025344,0.0087
compute_exact_ranges,65536,staggered_driven,30,4,3,38,4.1358,4.02944,0.0064
compute_exact_ranges,65536,staggered_driven,30,4,3,39,4.1251,4.052992,0.0063
compute_linked,65536,staggered_driven,60,4,1,0,3.101,3.026944,0.007
compute_linked,65536,staggered_driven,60,4,1,1,3.078,3.006464,0.004
compute_linked,65536,staggered_driven,60,4,1,2,3.0835,3.009536,0.0052
compute_linked,65536,staggered_driven,60,4,1,3,3.0938,3.019776,0.0059
compute_linked,65536,staggered_driven,60,4,1,4,3.6786,3.028992,0.0041
compute_linked,65536,staggered_driven,60,4,1,5,3.1383,3.040256,0.006
compute_linked,65536,staggered_driven,60,4,1,6,3.1372,3.024896,0.004
compute_linked,65536,staggered_driven,60,4,1,7,3.6452,3.56864,0.0051
compute_linked,65536,staggered_driven,60,4,1,8,3.1331,3.064832,0.0037
compute_linked,65536,staggered_driven,60,4,1,9,3.1191,3.044352,0.0041
compute_linked,65536,staggered_driven,60,4,1,10,3.131,3.054592,0.006
compute_linked,65536,staggered_driven,60,4,1,11,3.1434,3.035136,0.0051
compute_linked,65536,staggered_driven,60,4,1,12,3.0932,3.018752,0.0058
compute_linked,65536,staggered_driven,60,4,1,13,3.0758,3.003392,0.0041
compute_linked,65536,staggered_driven,60,4,1,14,3.083,3.008512,0.0058
compute_linked,65536,staggered_driven,60,4,1,15,3.071,2.997248,0.0051
compute_linked,65536,staggered_driven,60,4,1,16,3.096,3.028992,0.0036
compute_linked,65536,staggered_driven,60,4,1,17,3.3679,3.258368,0.0058
compute_linked,65536,staggered_driven,60,4,1,18,3.087,3.001344,0.0059
compute_linked,65536,staggered_driven,60,4,1,19,3.1244,3.022848,0.0058
compute_linked,65536,staggered_driven,60,4,1,20,3.1279,3.053568,0.0059
compute_linked,65536,staggered_driven,60,4,1,21,3.1487,3.043328,0.0058
compute_linked,65536,staggered_driven,60,4,1,22,3.0998,3.018752,0.004
compute_linked,65536,staggered_driven,60,4,1,23,3.1143,3.039232,0.0057
compute_linked,65536,staggered_driven,60,4,1,24,3.1024,3.033088,0.0036
compute_linked,65536,staggered_driven,60,4,1,25,3.0843,3.012608,0.0058
compute_linked,65536,staggered_driven,60,4,1,26,3.0851,3.007488,0.004
compute_linked,65536,staggered_driven,60,4,1,27,3.1247,3.0208,0.0041
compute_linked,65536,staggered_driven,60,4,1,28,3.3035,3.23072,0.0051
compute_linked,65536,staggered_driven,60,4,1,29,3.12,3.044352,0.004
compute_linked,65536,staggered_driven,60,4,1,30,3.1175,3.040256,0.004
compute_linked,65536,staggered_driven,60,4,1,31,3.1455,3.064832,0.0057
compute_linked,65536,staggered_driven,60,4,1,32,3.1213,3.052544,0.0036
compute_linked,65536,staggered_driven,60,4,1,33,3.12,3.043328,0.0042
compute_linked,65536,staggered_driven,60,4,1,34,3.1157,3.037184,0.0044
compute_linked,65536,staggered_driven,60,4,1,35,3.1251,3.027968,0.006
compute_linked,65536,staggered_driven,60,4,1,36,3.1398,3.0464,0.0051
compute_linked,65536,staggered_driven,60,4,1,37,3.1099,3.048448,0.0041
compute_linked,65536,staggered_driven,60,4,1,38,3.3757,3.265536,0.0043
compute_linked,65536,staggered_driven,60,4,1,39,3.1165,3.042304,0.0043
compute_exact_ranges,65536,staggered_driven,60,4,1,0,5.0206,4.009984,0.011
compute_exact_ranges,65536,staggered_driven,60,4,1,1,4.1101,4.032512,0.0037
compute_exact_ranges,65536,staggered_driven,60,4,1,2,4.1148,4.036608,0.0092
compute_exact_ranges,65536,staggered_driven,60,4,1,3,4.1194,4.03968,0.0092
compute_exact_ranges,65536,staggered_driven,60,4,1,4,4.1404,4.062208,0.0091
compute_exact_ranges,65536,staggered_driven,60,4,1,5,4.3499,4.237312,0.0093
compute_exact_ranges,65536,staggered_driven,60,4,1,6,4.1299,4.041728,0.0064
compute_exact_ranges,65536,staggered_driven,60,4,1,7,4.0946,4.01408,0.0084
compute_exact_ranges,65536,staggered_driven,60,4,1,8,4.0955,4.021248,0.006
compute_exact_ranges,65536,staggered_driven,60,4,1,9,4.1349,4.057088,0.009
compute_exact_ranges,65536,staggered_driven,60,4,1,10,4.1109,4.036608,0.0066
compute_exact_ranges,65536,staggered_driven,60,4,1,11,4.1154,4.040704,0.0068
compute_exact_ranges,65536,staggered_driven,60,4,1,12,4.1033,4.02432,0.0092
compute_exact_ranges,65536,staggered_driven,60,4,1,13,4.3033,4.225024,0.0092
compute_exact_ranges,65536,staggered_driven,60,4,1,14,4.1194,4.005888,0.007
compute_exact_ranges,65536,staggered_driven,60,4,1,15,4.1311,4.058112,0.0065
compute_exact_ranges,65536,staggered_driven,60,4,1,16,4.1217,4.056064,0.0061
compute_exact_ranges,65536,staggered_driven,60,4,1,17,4.1109,4.036608,0.0062
compute_exact_ranges,65536,staggered_driven,60,4,1,18,4.1415,4.030464,0.01
compute_exact_ranges,65536,staggered_driven,60,4,1,19,4.116,4.041728,0.0064
compute_exact_ranges,65536,staggered_driven,60,4,1,20,4.1441,4.043776,0.0065
compute_exact_ranges,65536,staggered_driven,60,4,1,21,4.343,4.245504,0.0064
compute_exact_ranges,65536,staggered_driven,60,4,1,22,4.1736,4.061184,0.0063
compute_exact_ranges,65536,staggered_driven,60,4,1,23,4.1384,4.06016,0.0093
compute_exact_ranges,65536,staggered_driven,60,4,1,24,4.1485,4.064256,0.0063
compute_exact_ranges,65536,staggered_driven,60,4,1,25,4.5921,4.49536,0.0102
compute_exact_ranges,65536,staggered_driven,60,4,1,26,4.1649,4.052992,0.0069
compute_exact_ranges,65536,staggered_driven,60,4,1,27,4.1074,4.02944,0.0094
compute_exact_ranges,65536,staggered_driven,60,4,1,28,4.1405,4.059136,0.0067
compute_exact_ranges,65536,staggered_driven,60,4,1,29,4.4622,4.355072,0.0093
compute_exact_ranges,65536,staggered_driven,60,4,1,30,4.184,4.0704,0.0066
compute_exact_ranges,65536,staggered_driven,60,4,1,31,4.1513,4.069376,0.0066
compute_exact_ranges,65536,staggered_driven,60,4,1,32,4.1506,4.06016,0.0109
compute_exact_ranges,65536,staggered_driven,60,4,1,33,4.1197,4.036608,0.012
compute_exact_ranges,65536,staggered_driven,60,4,1,34,4.334,4.221952,0.0094
compute_exact_ranges,65536,staggered_driven,60,4,1,35,4.1363,4.051968,0.0069
compute_exact_ranges,65536,staggered_driven,60,4,1,36,4.1614,4.077568,0.0095
compute_exact_ranges,65536,staggered_driven,60,4,1,37,4.4023,4.323328,0.0095
compute_exact_ranges,65536,staggered_driven,60,4,1,38,4.176,4.06528,0.0065
compute_exact_ranges,65536,staggered_driven,60,4,1,39,4.322,4.245504,0.0064
compute_bounded_linked,65536,staggered_driven,60,4,1,0,3.9391,3.334144,0.0063
compute_bounded_linked,65536,staggered_driven,60,4,1,1,3.2117,3.136512,0.002
compute_bounded_linked,65536,staggered_driven,60,4,1,2,3.1998,3.117056,0.0047
compute_bounded_linked,65536,staggered_driven,60,4,1,3,3.2451,3.150848,0.0114
compute_bounded_linked,65536,staggered_driven,60,4,1,4,3.2025,3.122176,0.0059
compute_bounded_linked,65536,staggered_driven,60,4,1,5,3.2128,3.095552,0.0065
compute_bounded_linked,65536,staggered_driven,60,4,1,6,3.1884,3.096576,0.0045
compute_bounded_linked,65536,staggered_driven,60,4,1,7,3.4839,3.401728,0.0065
compute_bounded_linked,65536,staggered_driven,60,4,1,8,3.4889,3.410944,0.0065
compute_bounded_linked,65536,staggered_driven,60,4,1,9,3.1913,3.111936,0.0045
compute_bounded_linked,65536,staggered_driven,60,4,1,10,3.2274,3.113984,0.0044
compute_bounded_linked,65536,staggered_driven,60,4,1,11,3.2066,3.106816,0.0045
compute_bounded_linked,65536,staggered_driven,60,4,1,12,3.1643,3.088384,0.004
compute_bounded_linked,65536,staggered_driven,60,4,1,13,3.4444,3.344384,0.0056
compute_bounded_linked,65536,staggered_driven,60,4,1,14,3.1919,3.108864,0.0046
compute_bounded_linked,65536,staggered_driven,60,4,1,15,3.2378,3.111936,0.0068
compute_bounded_linked,65536,staggered_driven,60,4,1,16,3.1794,3.105792,0.0041
compute_bounded_linked,65536,staggered_driven,60,4,1,17,3.19,3.109888,0.0044
compute_bounded_linked,65536,staggered_driven,60,4,1,18,3.4012,3.324928,0.0045
compute_bounded_linked,65536,staggered_driven,60,4,1,19,3.5151,3.436544,0.0047
compute_bounded_linked,65536,staggered_driven,60,4,1,20,3.2034,3.1232,0.0065
compute_bounded_linked,65536,staggered_driven,60,4,1,21,3.2146,3.129344,0.0045
compute_bounded_linked,65536,staggered_driven,60,4,1,22,3.201,3.119104,0.0064
compute_bounded_linked,65536,staggered_driven,60,4,1,23,3.1878,3.11296,0.0038
compute_bounded_linked,65536,staggered_driven,60,4,1,24,3.194,3.103744,0.0046
compute_bounded_linked,65536,staggered_driven,60,4,1,25,3.4084,3.305472,0.0063
compute_bounded_linked,65536,staggered_driven,60,4,1,26,3.2306,3.1232,0.0045
compute_bounded_linked,65536,staggered_driven,60,4,1,27,3.2049,3.126272,0.0044
compute_bounded_linked,65536,staggered_driven,60,4,1,28,3.4378,3.354624,0.0042
compute_bounded_linked,65536,staggered_driven,60,4,1,29,3.2232,3.14368,0.0045
compute_bounded_linked,65536,staggered_driven,60,4,1,30,3.2796,3.135488,0.0044
compute_bounded_linked,65536,staggered_driven,60,4,1,31,3.2304,3.149824,0.0043
compute_bounded_linked,65536,staggered_driven,60,4,1,32,3.3272,3.126272,0.0046
compute_bounded_linked,65536,staggered_driven,60,4,1,33,3.2443,3.141632,0.006
compute_bounded_linked,65536,staggered_driven,60,4,1,34,3.2046,3.125248,0.0064
compute_bounded_linked,65536,staggered_driven,60,4,1,35,3.2201,3.106816,0.0044
compute_bounded_linked,65536,staggered_driven,60,4,1,36,3.1808,3.099648,0.0044
compute_bounded_linked,65536,staggered_driven,60,4,1,37,3.1832,3.106816,0.0063
compute_bounded_linked,65536,staggered_driven,60,4,1,38,3.4058,3.330048,0.0056
compute_bounded_linked,65536,staggered_driven,60,4,1,39,3.1891,3.109888,0.0044
compute_exact_ranges,65536,staggered_driven,60,4,2,0,5.3362,4.2496,0.0123
compute_exact_ranges,65536,staggered_driven,60,4,2,1,4.133,4.040704,0.0085
compute_exact_ranges,65536,staggered_driven,60,4,2,2,4.1281,4.035584,0.0127
compute_exact_ranges,65536,staggered_driven,60,4,2,3,4.1352,4.057088,0.0071
compute_exact_ranges,65536,staggered_driven,60,4,2,4,4.1613,4.043776,0.0068
compute_exact_ranges,65536,staggered_driven,60,4,2,5,4.5276,4.333568,0.0081
compute_exact_ranges,65536,staggered_driven,60,4,2,6,4.3244,4.237312,0.0079
compute_exact_ranges,65536,staggered_driven,60,4,2,7,4.3639,4.282368,0.0069
compute_exact_ranges,65536,staggered_driven,60,4,2,8,4.1195,4.040704,0.0069
compute_exact_ranges,65536,staggered_driven,60,4,2,9,4.1301,4.043776,0.0096
compute_exact_ranges,65536,staggered_driven,60,4,2,10,4.1196,4.037632,0.0095
compute_exact_ranges,65536,staggered_driven,60,4,2,11,4.3485,4.269056,0.0094
compute_exact_ranges,65536,staggered_driven,60,4,2,12,4.1058,4.03456,0.0065
compute_exact_ranges,65536,staggered_driven,60,4,2,13,4.1542,4.0448,0.0066
compute_exact_ranges,65536,staggered_driven,60,4,2,14,4.1075,4.028416,0.0103
compute_exact_ranges,65536,staggered_driven,60,4,2,15,4.1366,4.05504,0.0094
compute_exact_ranges,65536,staggered_driven,60,4,2,16,4.0968,4.025344,0.0089
compute_exact_ranges,65536,staggered_driven,60,4,2,17,4.1524,4.046848,0.0065
compute_exact_ranges,65536,staggered_driven,60,4,2,18,4.1115,4.03456,0.0064
compute_exact_ranges,65536,staggered_driven,60,4,2,19,4.3134,4.238336,0.0063
compute_exact_ranges,65536,staggered_driven,60,4,2,20,4.1248,4.054016,0.0066
compute_exact_ranges,65536,staggered_driven,60,4,2,21,4.1553,4.047872,0.0063
compute_exact_ranges,65536,staggered_driven,60,4,2,22,4.139,4.06528,0.0064
compute_exact_ranges,65536,staggered_driven,60,4,2,23,4.1057,4.027392,0.0095
compute_exact_ranges,65536,staggered_driven,60,4,2,24,4.1077,4.032512,0.0088
compute_exact_ranges,65536,staggered_driven,60,4,2,25,4.1336,4.057088,0.0091
compute_exact_ranges,65536,staggered_driven,60,4,2,26,4.1286,4.05504,0.0064
compute_exact_ranges,65536,staggered_driven,60,4,2,27,4.3951,4.25472,0.0064
compute_exact_ranges,65536,staggered_driven,60,4,2,28,4.133,4.050944,0.0064
compute_exact_ranges,65536,staggered_driven,60,4,2,29,4.1716,4.068352,0.0092
compute_exact_ranges,65536,staggered_driven,60,4,2,30,4.1728,4.056064,0.0091
compute_exact_ranges,65536,staggered_driven,60,4,2,31,4.1316,4.052992,0.009
compute_exact_ranges,65536,staggered_driven,60,4,2,32,4.132,4.064256,0.0059
compute_exact_ranges,65536,staggered_driven,60,4,2,33,4.1674,4.084736,0.0091
compute_exact_ranges,65536,staggered_driven,60,4,2,34,4.242,4.086784,0.0091
compute_exact_ranges,65536,staggered_driven,60,4,2,35,4.3049,4.228096,0.0092
compute_exact_ranges,65536,staggered_driven,60,4,2,36,4.1428,4.068352,0.0065
compute_exact_ranges,65536,staggered_driven,60,4,2,37,4.128,4.04992,0.0063
compute_exact_ranges,65536,staggered_driven,60,4,2,38,4.177,4.064256,0.0092
compute_exact_ranges,65536,staggered_driven,60,4,2,39,4.1479,4.0704,0.009
compute_bounded_linked,65536,staggered_driven,60,4,2,0,3.7455,3.106816,0.0086
compute_bounded_linked,65536,staggered_driven,60,4,2,1,3.1887,3.110912,0.002
compute_bounded_linked,65536,staggered_driven,60,4,2,2,3.191,3.113984,0.0062
compute_bounded_linked,65536,staggered_driven,60,4,2,3,3.1908,3.108864,0.0044
compute_bounded_linked,65536,staggered_driven,60,4,2,4,3.2266,3.124224,0.0063
compute_bounded_linked,65536,staggered_driven,60,4,2,5,3.227,3.11296,0.0064
compute_bounded_linked,65536,staggered_driven,60,4,2,6,3.4254,3.346432,0.0064
compute_bounded_linked,65536,staggered_driven,60,4,2,7,3.204,3.130368,0.0043
compute_bounded_linked,65536,staggered_driven,60,4,2,8,3.1612,3.09248,0.004
compute_bounded_linked,65536,staggered_driven,60,4,2,9,3.2471,3.113984,0.0063
compute_bounded_linked,65536,staggered_driven,60,4,2,10,3.2526,3.108864,0.0056
compute_bounded_linked,65536,staggered_driven,60,4,2,11,3.1694,3.09248,0.0061
compute_bounded_linked,65536,staggered_driven,60,4,2,12,3.1802,3.09248,0.0044
compute_bounded_linked,65536,staggered_driven,60,4,2,13,3.188,3.113984,0.0043
compute_bounded_linked,65536,staggered_driven,60,4,2,14,3.2221,3.12832,0.0055
compute_bounded_linked,65536,staggered_driven,60,4,2,15,3.1971,3.1232,0.0044
compute_bounded_linked,65536,staggered_driven,60,4,2,16,3.3844,3.310592,0.0058
compute_bounded_linked,65536,staggered_driven,60,4,2,17,3.2068,3.131392,0.0043
compute_bounded_linked,65536,staggered_driven,60,4,2,18,3.2049,3.1232,0.0063
compute_bounded_linked,65536,staggered_driven,60,4,2,19,3.2155,3.136512,0.0065
compute_bounded_linked,65536,staggered_driven,60,4,2,20,3.2336,3.11808,0.0064
compute_bounded_linked,65536,staggered_driven,60,4,2,21,3.2024,3.122176,0.0043
compute_bounded_linked,65536,staggered_driven,60,4,2,22,3.2052,3.124224,0.0045
compute_bounded_linked,65536,staggered_driven,60,4,2,23,3.2184,3.136512,0.006
compute_bounded_linked,65536,staggered_driven,60,4,2,24,3.2205,3.147776,0.0058
compute_bounded_linked,65536,staggered_driven,60,4,2,25,3.2326,3.124224,0.0062
compute_bounded_linked,65536,staggered_driven,60,4,2,26,3.2259,3.136512,0.0043
compute_bounded_linked,65536,staggered_driven,60,4,2,27,3.5969,3.408896,0.0063
compute_bounded_linked,65536,staggered_driven,60,4,2,28,3.2207,3.124224,0.0044
compute_bounded_linked,65536,staggered_driven,60,4,2,29,3.2323,3.155968,0.0055
compute_bounded_linked,65536,staggered_driven,60,4,2,30,3.2237,3.115008,0.0062
compute_bounded_linked,65536,staggered_driven,60,4,2,31,3.5876,3.51232,0.0043
compute_bounded_linked,65536,staggered_driven,60,4,2,32,3.1884,3.11808,0.0049
compute_bounded_linked,65536,staggered_driven,60,4,2,33,3.1809,3.104768,0.0045
compute_bounded_linked,65536,staggered_driven,60,4,2,34,3.1791,3.10272,0.0056
compute_bounded_linked,65536,staggered_driven,60,4,2,35,3.1676,3.088384,0.0061
compute_bounded_linked,65536,staggered_driven,60,4,2,36,3.4697,3.391488,0.0063
compute_bounded_linked,65536,staggered_driven,60,4,2,37,3.2155,3.110912,0.0043
compute_bounded_linked,65536,staggered_driven,60,4,2,38,3.238,3.085312,0.0063
compute_bounded_linked,65536,staggered_driven,60,4,2,39,3.175,3.093504,0.0044
compute_linked,65536,staggered_driven,60,4,2,0,3.3485,3.238912,0.0067
compute_linked,65536,staggered_driven,60,4,2,1,3.1128,3.04128,0.0018
compute_linked,65536,staggered_driven,60,4,2,2,3.1308,3.050496,0.0041
compute_linked,65536,staggered_driven,60,4,2,3,3.1326,3.054592,0.0052
compute_linked,65536,staggered_driven,60,4,2,4,3.6107,3.058688,0.0059
compute_linked,65536,staggered_driven,60,4,2,5,3.1608,3.047424,0.0041
compute_linked,65536,staggered_driven,60,4,2,6,3.0907,3.008512,0.0041
compute_linked,65536,staggered_driven,60,4,2,7,3.1221,3.0208,0.004
compute_linked,65536,staggered_driven,60,4,2,8,3.1039,3.03616,0.0054
compute_linked,65536,staggered_driven,60,4,2,9,3.096,3.0208,0.006
compute_linked,65536,staggered_driven,60,4,2,10,3.1258,3.018752,0.0058
compute_linked,65536,staggered_driven,60,4,2,11,3.4077,3.330048,0.0052
compute_linked,65536,staggered_driven,60,4,2,12,3.0921,3.013632,0.004
compute_linked,65536,staggered_driven,60,4,2,13,3.1165,3.039232,0.0059
compute_linked,65536,staggered_driven,60,4,2,14,3.1115,3.03104,0.004
compute_linked,65536,staggered_driven,60,4,2,15,3.1322,3.022848,0.0058
compute_linked,65536,staggered_driven,60,4,2,16,3.0938,3.0208,0.0041
compute_linked,65536,staggered_driven,60,4,2,17,3.1027,3.028992,0.0051
compute_linked,65536,staggered_driven,60,4,2,18,3.0822,3.012608,0.0041
compute_linked,65536,staggered_driven,60,4,2,19,3.1015,3.023872,0.004
compute_linked,65536,staggered_driven,60,4,2,20,3.1335,3.028992,0.004
compute_linked,65536,staggered_driven,60,4,2,21,3.2928,3.21536,0.005
compute_linked,65536,staggered_driven,60,4,2,22,3.0918,3.018752,0.005
compute_linked,65536,staggered_driven,60,4,2,23,3.1193,3.042304,0.0041
compute_linked,65536,staggered_driven,60,4,2,24,3.1025,3.037184,0.0036
compute_linked,65536,staggered_driven,60,4,2,25,3.1351,3.030016,0.0058
compute_linked,65536,staggered_driven,60,4,2,26,3.1009,3.02592,0.0057
compute_linked,65536,staggered_driven,60,4,2,27,3.1278,3.055616,0.0058
compute_linked,65536,staggered_driven,60,4,2,28,3.1039,3.026944,0.004
compute_linked,65536,staggered_driven,60,4,2,29,3.1107,3.034112,0.0059
compute_linked,65536,staggered_driven,60,4,2,30,3.1118,3.026944,0.0059
compute_linked,65536,staggered_driven,60,4,2,31,3.4452,3.257344,0.0049
compute_linked,65536,staggered_driven,60,4,2,32,3.1127,3.038208,0.0039
compute_linked,65536,staggered_driven,60,4,2,33,3.1426,3.0464,0.0042
compute_linked,65536,staggered_driven,60,4,2,34,3.143,3.04128,0.0059
compute_linked,65536,staggered_driven,60,4,2,35,3.1467,3.032064,0.0059
compute_linked,65536,staggered_driven,60,4,2,36,3.0983,3.022848,0.0041
compute_linked,65536,staggered_driven,60,4,2,37,3.0846,3.003392,0.008
compute_linked,65536,staggered_driven,60,4,2,38,3.0997,3.0208,0.0053
compute_linked,65536,staggered_driven,60,4,2,39,3.0982,3.017728,0.0042
compute_bounded_linked,65536,staggered_driven,60,4,3,0,3.2127,3.141632,0.0046
compute_bounded_linked,65536,staggered_driven,60,4,3,1,3.1897,3.119104,0.0018
compute_bounded_linked,65536,staggered_driven,60,4,3,2,3.7219,3.134464,0.0055
compute_bounded_linked,65536,staggered_driven,60,4,3,3,3.2287,3.105792,0.0044
compute_bounded_linked,65536,staggered_driven,60,4,3,4,3.4212,3.314688,0.0062
compute_bounded_linked,65536,staggered_driven,60,4,3,5,3.2295,3.152896,0.0043
compute_bounded_linked,65536,staggered_driven,60,4,3,6,3.21,3.132416,0.0043
compute_bounded_linked,65536,staggered_driven,60,4,3,7,3.2111,3.131392,0.0062
compute_bounded_linked,65536,staggered_driven,60,4,3,8,3.2153,3.140608,0.0056
compute_bounded_linked,65536,staggered_driven,60,4,3,9,3.2176,3.136512,0.0061
compute_bounded_linked,65536,staggered_driven,60,4,3,10,3.2052,3.12832,0.0042
compute_bounded_linked,65536,staggered_driven,60,4,3,11,3.2047,3.126272,0.0062
compute_bounded_linked,65536,staggered_driven,60,4,3,12,3.2094,3.10784,0.0055
compute_bounded_linked,65536,staggered_driven,60,4,3,13,3.2196,3.11296,0.006
compute_bounded_linked,65536,staggered_driven,60,4,3,14,3.4947,3.376128,0.0061
compute_bounded_linked,65536,staggered_driven,60,4,3,15,3.1926,3.11808,0.0043
compute_bounded_linked,65536,staggered_driven,60,4,3,16,3.1856,3.115008,0.004
compute_bounded_linked,65536,staggered_driven,60,4,3,17,3.2209,3.142656,0.0042
compute_bounded_linked,65536,staggered_driven,60,4,3,18,3.2191,3.13856,0.0062
compute_bounded_linked,65536,staggered_driven,60,4,3,19,3.224,3.111936,0.0042
compute_bounded_linked,65536,staggered_driven,60,4,3,20,3.1852,3.104768,0.0044
compute_bounded_linked,65536,staggered_driven,60,4,3,21,3.1811,3.101696,0.0055
compute_bounded_linked,65536,staggered_driven,60,4,3,22,3.1994,3.10272,0.0042
compute_bounded_linked,65536,staggered_driven,60,4,3,23,3.1719,3.0976,0.0042
compute_bounded_linked,65536,staggered_driven,60,4,3,24,3.4471,3.37408,0.0038
compute_bounded_linked,65536,staggered_driven,60,4,3,25,3.2012,3.126272,0.0061
compute_bounded_linked,65536,staggered_driven,60,4,3,26,3.1975,3.121152,0.0042
compute_bounded_linked,65536,staggered_driven,60,4,3,27,3.2055,3.131392,0.0043
compute_bounded_linked,65536,staggered_driven,60,4,3,28,3.1932,3.116032,0.0062
compute_bounded_linked,65536,staggered_driven,60,4,3,29,3.208,3.098624,0.0043
compute_bounded_linked,65536,staggered_driven,60,4,3,30,3.4347,3.354624,0.006
compute_bounded_linked,65536,staggered_driven,60,4,3,31,3.1826,3.108864,0.0047
compute_bounded_linked,65536,staggered_driven,60,4,3,32,3.1843,3.116032,0.0059
compute_bounded_linked,65536,staggered_driven,60,4,3,33,3.2168,3.14368,0.0043
compute_bounded_linked,65536,staggered_driven,60,4,3,34,3.2203,3.101696,0.0042
compute_bounded_linked,65536,staggered_driven,60,4,3,35,3.5051,3.395584,0.0062
compute_bounded_linked,65536,staggered_driven,60,4,3,36,3.1862,3.101696,0.0063
compute_bounded_linked,65536,staggered_driven,60,4,3,37,3.1972,3.117056,0.0062
compute_bounded_linked,65536,staggered_driven,60,4,3,38,3.1828,3.10784,0.0043
compute_bounded_linked,65536,staggered_driven,60,4,3,39,3.2609,3.1488,0.0041
compute_linked,65536,staggered_driven,60,4,3,0,3.138,3.05664,0.0081
compute_linked,65536,staggered_driven,60,4,3,1,3.1296,3.034112,0.0018
compute_linked,65536,staggered_driven,60,4,3,2,3.602,3.048448,0.0049
compute_linked,65536,staggered_driven,60,4,3,3,3.1129,3.035136,0.004
compute_linked,65536,staggered_driven,60,4,3,4,3.1096,3.03616,0.0058
compute_linked,65536,staggered_driven,60,4,3,5,3.1194,3.04128,0.004
compute_linked,65536,staggered_driven,60,4,3,6,3.151,3.058688,0.0051
compute_linked,65536,staggered_driven,60,4,3,7,3.1539,3.00544,0.0322
compute_linked,65536,staggered_driven,60,4,3,8,3.3219,3.245056,0.0096
compute_linked,65536,staggered_driven,60,4,3,9,3.0921,3.014656,0.0116
compute_linked,65536,staggered_driven,60,4,3,10,3.0936,3.019776,0.0058
compute_linked,65536,staggered_driven,60,4,3,11,3.0878,3.01568,0.005
compute_linked,65536,staggered_driven,60,4,3,12,3.1435,3.00544,0.004
compute_linked,65536,staggered_driven,60,4,3,13,3.0861,3.008512,0.004
compute_linked,65536,staggered_driven,60,4,3,14,3.0951,3.0208,0.0057
compute_linked,65536,staggered_driven,60,4,3,15,3.1227,3.026944,0.005
compute_linked,65536,staggered_driven,60,4,3,16,3.0915,3.006464,0.0053
compute_linked,65536,staggered_driven,60,4,3,17,3.0978,3.019776,0.0096
compute_linked,65536,staggered_driven,60,4,3,18,3.1307,3.023872,0.004
compute_linked,65536,staggered_driven,60,4,3,19,3.3238,3.233792,0.005
compute_linked,65536,staggered_driven,60,4,3,20,3.1264,3.054592,0.004
compute_linked,65536,staggered_driven,60,4,3,21,3.1131,3.037184,0.0039
compute_linked,65536,staggered_driven,60,4,3,22,3.1176,3.045376,0.0057
compute_linked,65536,staggered_driven,60,4,3,23,3.1693,3.048448,0.0039
compute_linked,65536,staggered_driven,60,4,3,24,3.0963,3.02592,0.0052
compute_linked,65536,staggered_driven,60,4,3,25,3.1068,3.034112,0.0056
compute_linked,65536,staggered_driven,60,4,3,26,3.0838,3.012608,0.004
compute_linked,65536,staggered_driven,60,4,3,27,3.1052,3.032064,0.0056
compute_linked,65536,staggered_driven,60,4,3,28,3.0939,3.021824,0.005
compute_linked,65536,staggered_driven,60,4,3,29,3.3059,3.232768,0.004
compute_linked,65536,staggered_driven,60,4,3,30,3.0927,3.023872,0.0039
compute_linked,65536,staggered_driven,60,4,3,31,3.1826,3.043328,0.0059
compute_linked,65536,staggered_driven,60,4,3,32,3.1163,3.05152,0.0035
compute_linked,65536,staggered_driven,60,4,3,33,3.1294,3.05664,0.004
compute_linked,65536,staggered_driven,60,4,3,34,3.1071,3.034112,0.006
compute_linked,65536,staggered_driven,60,4,3,35,3.1046,3.026944,0.0039
compute_linked,65536,staggered_driven,60,4,3,36,3.1239,3.030016,0.0056
compute_linked,65536,staggered_driven,60,4,3,37,3.1195,3.024896,0.0058
compute_linked,65536,staggered_driven,60,4,3,38,3.1009,3.027968,0.0039
compute_linked,65536,staggered_driven,60,4,3,39,3.0844,3.011584,0.0041
compute_exact_ranges,65536,staggered_driven,60,4,3,0,4.1305,4.05504,0.0098
compute_exact_ranges,65536,staggered_driven,60,4,3,1,4.1472,4.071424,0.0035
compute_exact_ranges,65536,staggered_driven,60,4,3,2,5.0239,4.061184,0.0067
compute_exact_ranges,65536,staggered_driven,60,4,3,3,4.1426,4.064256,0.0063
compute_exact_ranges,65536,staggered_driven,60,4,3,4,4.1051,4.031488,0.0066
compute_exact_ranges,65536,staggered_driven,60,4,3,5,4.117,4.042752,0.0064
compute_exact_ranges,65536,staggered_driven,60,4,3,6,4.3179,4.206592,0.0091
compute_exact_ranges,65536,staggered_driven,60,4,3,7,4.1086,4.038656,0.0062
compute_exact_ranges,65536,staggered_driven,60,4,3,8,4.1376,4.061184,0.0068
compute_exact_ranges,65536,staggered_driven,60,4,3,9,4.1389,4.02944,0.0062
compute_exact_ranges,65536,staggered_driven,60,4,3,10,4.149,4.047872,0.0089
compute_exact_ranges,65536,staggered_driven,60,4,3,11,4.1343,4.059136,0.0089
compute_exact_ranges,65536,staggered_driven,60,4,3,12,4.1332,4.035584,0.0061
compute_exact_ranges,65536,staggered_driven,60,4,3,13,4.115,4.052992,0.006
compute_exact_ranges,65536,staggered_driven,60,4,3,14,4.3767,4.268032,0.0062
compute_exact_ranges,65536,staggered_driven,60,4,3,15,4.0964,4.021248,0.0062
compute_exact_ranges,65536,staggered_driven,60,4,3,16,4.1075,4.037632,0.0063
compute_exact_ranges,65536,staggered_driven,60,4,3,17,4.1787,4.038656,0.0064
compute_exact_ranges,65536,staggered_driven,60,4,3,18,4.1378,4.035584,0.0089
compute_exact_ranges,65536,staggered_driven,60,4,3,19,4.1355,4.035584,0.0089
compute_exact_ranges,65536,staggered_driven,60,4,3,20,4.1382,4.03968,0.0089
compute_exact_ranges,65536,staggered_driven,60,4,3,21,4.1213,4.043776,0.0088
compute_exact_ranges,65536,staggered_driven,60,4,3,22,4.3572,4.248576,0.009
compute_exact_ranges,65536,staggered_driven,60,4,3,23,4.1242,4.05504,0.0061
compute_exact_ranges,65536,staggered_driven,60,4,3,24,4.1243,4.04992,0.0084
compute_exact_ranges,65536,staggered_driven,60,4,3,25,4.1766,4.06528,0.0092
compute_exact_ranges,65536,staggered_driven,60,4,3,26,4.1224,4.046848,0.0061
compute_exact_ranges,65536,staggered_driven,60,4,3,27,4.1584,4.057088,0.009
compute_exact_ranges,65536,staggered_driven,60,4,3,28,4.1354,4.036608,0.0089
compute_exact_ranges,65536,staggered_driven,60,4,3,29,4.1368,4.035584,0.0089
compute_exact_ranges,65536,staggered_driven,60,4,3,30,4.3742,4.262912,0.009
compute_exact_ranges,65536,staggered_driven,60,4,3,31,4.1613,4.089856,0.0063
compute_exact_ranges,65536,staggered_driven,60,4,3,32,4.129,4.063232,0.0057
compute_exact_ranges,65536,staggered_driven,60,4,3,33,4.1878,4.078592,0.0084
compute_exact_ranges,65536,staggered_driven,60,4,3,34,4.1417,4.06528,0.0088
compute_exact_ranges,65536,staggered_driven,60,4,3,35,4.1277,4.051968,0.009
compute_exact_ranges,65536,staggered_driven,60,4,3,36,4.1344,4.05504,0.009
compute_exact_ranges,65536,staggered_driven,60,4,3,37,4.1424,4.026368,0.009
compute_exact_ranges,65536,staggered_driven,60,4,3,38,4.3594,4.258816,0.009
compute_exact_ranges,65536,staggered_driven,60,4,3,39,4.1271,4.054016,0.0063
compute_linked,131072,staggered_driven,20,4,1,0,5.5345,5.441536,0.0096
compute_linked,131072,staggered_driven,20,4,1,1,6.0111,5.43744,0.0019
compute_linked,131072,staggered_driven,20,4,1,2,5.4509,5.341184,0.0043
compute_linked,131072,staggered_driven,20,4,1,3,5.4307,5.356544,0.0039
compute_linked,131072,staggered_driven,20,4,1,4,5.4202,5.34528,0.0057
compute_linked,131072,staggered_driven,20,4,1,5,5.6389,5.5296,0.004
compute_linked,131072,staggered_driven,20,4,1,6,5.4006,5.326848,0.004
compute_linked,131072,staggered_driven,20,4,1,7,5.4028,5.325824,0.0058
compute_linked,131072,staggered_driven,20,4,1,8,5.4144,5.341184,0.0053
compute_linked,131072,staggered_driven,20,4,1,9,5.4262,5.351424,0.0056
compute_linked,131072,staggered_driven,20,4,1,10,5.4729,5.399552,0.004
compute_linked,131072,staggered_driven,20,4,1,11,5.7658,5.653504,0.004
compute_linked,131072,staggered_driven,20,4,1,12,5.5113,5.4272,0.004
compute_linked,131072,staggered_driven,20,4,1,13,5.4635,5.383168,0.004
compute_linked,131072,staggered_driven,20,4,1,14,5.4858,5.376,0.0058
compute_linked,131072,staggered_driven,20,4,1,15,5.4754,5.364736,0.0058
compute_linked,131072,staggered_driven,20,4,1,16,5.4734,5.38624,0.0036
compute_linked,131072,staggered_driven,20,4,1,17,5.7452,5.63712,0.0039
compute_linked,131072,staggered_driven,20,4,1,18,5.5369,5.458944,0.004
compute_linked,131072,staggered_driven,20,4,1,19,5.5351,5.458944,0.0057
compute_linked,131072,staggered_driven,20,4,1,20,5.5526,5.440512,0.004
compute_linked,131072,staggered_driven,20,4,1,21,5.5093,5.43232,0.0057
compute_linked,131072,staggered_driven,20,4,1,22,5.5438,5.470208,0.004
compute_linked,131072,staggered_driven,20,4,1,23,5.7527,5.63712,0.0041
compute_linked,131072,staggered_driven,20,4,1,24,5.5171,5.445632,0.0054
compute_linked,131072,staggered_driven,20,4,1,25,5.5144,5.439488,0.0058
compute_linked,131072,staggered_driven,20,4,1,26,5.5473,5.415936,0.0039
compute_linked,131072,staggered_driven,20,4,1,27,5.4905,5.412864,0.004
compute_linked,131072,staggered_driven,20,4,1,28,5.5185,5.430272,0.0086
compute_linked,131072,staggered_driven,20,4,1,29,6.158,6.042624,0.0079
compute_linked,131072,staggered_driven,20,4,1,30,5.544,5.456896,0.0046
compute_linked,131072,staggered_driven,20,4,1,31,5.52,5.441536,0.0041
compute_linked,131072,staggered_driven,20,4,1,32,5.4776,5.404672,0.0041
compute_linked,131072,staggered_driven,20,4,1,33,5.5142,5.440512,0.004
compute_linked,131072,staggered_driven,20,4,1,34,5.4727,5.400576,0.004
compute_linked,131072,staggered_driven,20,4,1,35,5.7851,5.671936,0.004
compute_linked,131072,staggered_driven,20,4,1,36,5.4994,5.394432,0.0057
compute_linked,131072,staggered_driven,20,4,1,37,5.4817,5.405696,0.0043
compute_linked,131072,staggered_driven,20,4,1,38,5.5596,5.446656,0.0039
compute_linked,131072,staggered_driven,20,4,1,39,5.533,5.45792,0.0057
compute_exact_ranges,131072,staggered_driven,20,4,1,0,8.2992,8.20224,0.0144
compute_exact_ranges,131072,staggered_driven,20,4,1,1,8.8644,7.970816,0.0064
compute_exact_ranges,131072,staggered_driven,20,4,1,2,8.0994,7.983104,0.0065
compute_exact_ranges,131072,staggered_driven,20,4,1,3,8.0441,7.960576,0.0125
compute_exact_ranges,131072,staggered_driven,20,4,1,4,8.3673,8.039424,0.0061
compute_exact_ranges,131072,staggered_driven,20,4,1,5,7.9969,7.878656,0.0064
compute_exact_ranges,131072,staggered_driven,20,4,1,6,8.0831,7.97184,0.0061
compute_exact_ranges,131072,staggered_driven,20,4,1,7,8.0413,7.960576,0.0093
compute_exact_ranges,131072,staggered_driven,20,4,1,8,8.1372,8.054784,0.0079
compute_exact_ranges,131072,staggered_driven,20,4,1,9,7.9747,7.857152,0.0066
compute_exact_ranges,131072,staggered_driven,20,4,1,10,7.9127,7.834624,0.009
compute_exact_ranges,131072,staggered_driven,20,4,1,11,8.0387,7.931904,0.0089
compute_exact_ranges,131072,staggered_driven,20,4,1,12,8.1167,8.032256,0.0062
compute_exact_ranges,131072,staggered_driven,20,4,1,13,8.0303,7.917568,0.0096
compute_exact_ranges,131072,staggered_driven,20,4,1,14,8.0397,7.841792,0.0158
compute_exact_ranges,131072,staggered_driven,20,4,1,15,7.9512,7.849984,0.0108
compute_exact_ranges,131072,staggered_driven,20,4,1,16,7.913,7.743488,0.0114
compute_exact_ranges,131072,staggered_driven,20,4,1,17,8.1348,7.9616,0.0114
compute_exact_ranges,131072,staggered_driven,20,4,1,18,8.0184,7.812096,0.0206
compute_exact_ranges,131072,staggered_driven,20,4,1,19,7.8453,7.714816,0.0105
compute_exact_ranges,131072,staggered_driven,20,4,1,20,7.8749,7.748608,0.0092
compute_exact_ranges,131072,staggered_driven,20,4,1,21,8.0167,7.917568,0.0129
compute_exact_ranges,131072,staggered_driven,20,4,1,22,8.8642,8.745984,0.0155
compute_exact_ranges,131072,staggered_driven,20,4,1,23,8.1393,8.00768,0.011
compute_exact_ranges,131072,staggered_driven,20,4,1,24,8.1363,8.061952,0.0082
compute_exact_ranges,131072,staggered_driven,20,4,1,25,8.2002,8.046592,0.0066
compute_exact_ranges,131072,staggered_driven,20,4,1,26,8.028,7.943168,0.0066
compute_exact_ranges,131072,staggered_driven,20,4,1,27,8.0308,7.948288,0.0096
compute_exact_ranges,131072,staggered_driven,20,4,1,28,8.1425,8.029184,0.0095
compute_exact_ranges,131072,staggered_driven,20,4,1,29,8.2273,8.147968,0.0067
compute_exact_ranges,131072,staggered_driven,20,4,1,30,8.2463,8.103936,0.0064
compute_exact_ranges,131072,staggered_driven,20,4,1,31,8.1561,8.072192,0.0093
compute_exact_ranges,131072,staggered_driven,20,4,1,32,8.1478,8.075264,0.0062
compute_exact_ranges,131072,staggered_driven,20,4,1,33,8.4026,8.326144,0.0068
compute_exact_ranges,131072,staggered_driven,20,4,1,34,8.2958,8.188928,0.0067
compute_exact_ranges,131072,staggered_driven,20,4,1,35,8.2255,8.122368,0.0064
compute_exact_ranges,131072,staggered_driven,20,4,1,36,8.2495,8.131584,0.0094
compute_exact_ranges,131072,staggered_driven,20,4,1,37,8.2138,8.13056,0.0117
compute_exact_ranges,131072,staggered_driven,20,4,1,38,8.2211,8.091648,0.0116
compute_exact_ranges,131072,staggered_driven,20,4,1,39,8.0767,7.969792,0.0089
compute_bounded_linked,131072,staggered_driven,20,4,1,0,6.0141,5.910528,0.0123
compute_bounded_linked,131072,staggered_driven,20,4,1,1,6.7002,6.131712,0.0054
compute_bounded_linked,131072,staggered_driven,20,4,1,2,5.917,5.835776,0.0048
compute_bounded_linked,131072,staggered_driven,20,4,1,3,6.2106,6.085632,0.0048
compute_bounded_linked,131072,staggered_driven,20,4,1,4,5.8667,5.7856,0.0045
compute_bounded_linked,131072,staggered_driven,20,4,1,5,6.1368,6.055936,0.0045
compute_bounded_linked,131072,staggered_driven,20,4,1,6,5.9845,5.797888,0.0065
compute_bounded_linked,131072,staggered_driven,20,4,1,7,5.8597,5.774336,0.0066
compute_bounded_linked,131072,staggered_driven,20,4,1,8,5.8784,5.794816,0.0051
compute_bounded_linked,131072,staggered_driven,20,4,1,9,6.0863,5.96992,0.0045
compute_bounded_linked,131072,staggered_driven,20,4,1,10,5.8406,5.763072,0.0045
compute_bounded_linked,131072,staggered_driven,20,4,1,11,5.8784,5.798912,0.0045
compute_bounded_linked,131072,staggered_driven,20,4,1,12,6.164,6.049792,0.0045
compute_bounded_linked,131072,staggered_driven,20,4,1,13,5.9292,5.853184,0.0044
compute_bounded_linked,131072,staggered_driven,20,4,1,14,6.1953,6.11328,0.0046
compute_bounded_linked,131072,staggered_driven,20,4,1,15,5.9744,5.8624,0.0044
compute_bounded_linked,131072,staggered_driven,20,4,1,16,6.0666,5.992448,0.0046
compute_bounded_linked,131072,staggered_driven,20,4,1,17,5.8711,5.796864,0.0045
compute_bounded_linked,131072,staggered_driven,20,4,1,18,6.2403,6.131712,0.0044
compute_bounded_linked,131072,staggered_driven,20,4,1,19,6.0081,5.93408,0.0044
compute_bounded_linked,131072,staggered_driven,20,4,1,20,6.4103,6.32832,0.0054
compute_bounded_linked,131072,staggered_driven,20,4,1,21,5.9932,5.879808,0.0048
compute_bounded_linked,131072,staggered_driven,20,4,1,22,6.1858,6.073344,0.0044
compute_bounded_linked,131072,staggered_driven,20,4,1,23,5.9974,5.896192,0.0064
compute_bounded_linked,131072,staggered_driven,20,4,1,24,6.3355,6.259712,0.0042
compute_bounded_linked,131072,staggered_driven,20,4,1,25,5.9878,5.914624,0.0045
compute_bounded_linked,131072,staggered_driven,20,4,1,26,6.2511,6.145024,0.0044
compute_bounded_linked,131072,staggered_driven,20,4,1,27,5.9522,5.814272,0.0064
compute_bounded_linked,131072,staggered_driven,20,4,1,28,6.1351,6.03648,0.0063
compute_bounded_linked,131072,staggered_driven,20,4,1,29,5.8524,5.774336,0.0044
compute_bounded_linked,131072,staggered_driven,20,4,1,30,5.9484,5.825536,0.0045
compute_bounded_linked,131072,staggered_driven,20,4,1,31,6.1581,6.053888,0.0044
compute_bounded_linked,131072,staggered_driven,20,4,1,32,5.9181,5.843968,0.0049
compute_bounded_linked,131072,staggered_driven,20,4,1,33,6.178,5.884928,0.0044
compute_bounded_linked,131072,staggered_driven,20,4,1,34,5.9883,5.905408,0.0046
compute_bounded_linked,131072,staggered_driven,20,4,1,35,6.0763,5.999616,0.0059
compute_bounded_linked,131072,staggered_driven,20,4,1,36,5.9646,5.85216,0.005
compute_bounded_linked,131072,staggered_driven,20,4,1,37,6.2481,6.145024,0.0044
compute_bounded_linked,131072,staggered_driven,20,4,1,38,5.9773,5.90336,0.0044
compute_bounded_linked,131072,staggered_driven,20,4,1,39,6.3121,6.1952,0.0045
compute_exact_ranges,131072,staggered_driven,20,4,2,0,8.2693,8.169472,0.0125
compute_exact_ranges,131072,staggered_driven,20,4,2,1,9.3755,8.08448,0.0041
compute_exact_ranges,131072,staggered_driven,20,4,2,2,8.4213,8.17664,0.0149
compute_exact_ranges,131072,staggered_driven,20,4,2,3,8.253,8.141824,0.0118
compute_exact_ranges,131072,staggered_driven,20,4,2,4,8.5102,8.112128,0.0101
compute_exact_ranges,131072,staggered_driven,20,4,2,5,8.1999,8.108032,0.0101
compute_exact_ranges,131072,staggered_driven,20,4,2,6,8.1549,8.02304,0.0089
compute_exact_ranges,131072,staggered_driven,20,4,2,7,8.0467,7.906304,0.0169
compute_exact_ranges,131072,staggered_driven,20,4,2,8,8.1872,8.071168,0.0099
compute_exact_ranges,131072,staggered_driven,20,4,2,9,8.2316,8.144896,0.0106
compute_exact_ranges,131072,staggered_driven,20,4,2,10,8.3028,8.17152,0.0089
compute_exact_ranges,131072,staggered_driven,20,4,2,11,8.1774,8.097792,0.0076
compute_exact_ranges,131072,staggered_driven,20,4,2,12,8.2625,8.14592,0.0066
compute_exact_ranges,131072,staggered_driven,20,4,2,13,8.2688,8.187904,0.0095
compute_exact_ranges,131072,staggered_driven,20,4,2,14,8.2794,8.150016,0.0092
compute_exact_ranges,131072,staggered_driven,20,4,2,15,8.0559,7.94624,0.0076
compute_exact_ranges,131072,staggered_driven,20,4,2,16,8.2606,8.150016,0.01
compute_exact_ranges,131072,staggered_driven,20,4,2,17,8.2993,8.21248,0.007
compute_exact_ranges,131072,staggered_driven,20,4,2,18,8.2904,8.158208,0.0094
compute_exact_ranges,131072,staggered_driven,20,4,2,19,8.211,8.126464,0.007
compute_exact_ranges,131072,staggered_driven,20,4,2,20,8.2709,8.152064,0.0072
compute_exact_ranges,131072,staggered_driven,20,4,2,21,8.3288,8.209408,0.0111
compute_exact_ranges,131072,staggered_driven,20,4,2,22,8.2985,8.183808,0.0071
compute_exact_ranges,131072,staggered_driven,20,4,2,23,8.2438,8.159232,0.007
compute_exact_ranges,131072,staggered_driven,20,4,2,24,8.3057,8.218624,0.0092
compute_exact_ranges,131072,staggered_driven,20,4,2,25,8.1891,8.101888,0.0088
compute_exact_ranges,131072,staggered_driven,20,4,2,26,8.3703,8.221696,0.008
compute_exact_ranges,131072,staggered_driven,20,4,2,27,8.2962,8.182784,0.0084
compute_exact_ranges,131072,staggered_driven,20,4,2,28,8.2909,8.146944,0.0078
compute_exact_ranges,131072,staggered_driven,20,4,2,29,8.2193,8.1408,0.0071
compute_exact_ranges,131072,staggered_driven,20,4,2,30,8.325,8.184832,0.0129
compute_exact_ranges,131072,staggered_driven,20,4,2,31,8.3035,8.201216,0.0112
compute_exact_ranges,131072,staggered_driven,20,4,2,32,8.0818,8.001536,0.0081
compute_exact_ranges,131072,staggered_driven,20,4,2,33,8.1362,8.049664,0.0084
compute_exact_ranges,131072,staggered_driven,20,4,2,34,8.2503,8.09472,0.0083
compute_exact_ranges,131072,staggered_driven,20,4,2,35,8.1769,8.05376,0.0096
compute_exact_ranges,131072,staggered_driven,20,4,2,36,8.3594,8.230912,0.008
compute_exact_ranges,131072,staggered_driven,20,4,2,37,8.2414,8.111104,0.017
compute_exact_ranges,131072,staggered_driven,20,4,2,38,8.2915,8.088576,0.0106
compute_exact_ranges,131072,staggered_driven,20,4,2,39,8.1218,8.037376,0.0097
compute_bounded_linked,131072,staggered_driven,20,4,2,0,6.0085,5.909504,0.0097
compute_bounded_linked,131072,staggered_driven,20,4,2,1,6.8997,6.24128,0.0022
compute_bounded_linked,131072,staggered_driven,20,4,2,2,6.2672,6.136832,0.0094
compute_bounded_linked,131072,staggered_driven,20,4,2,3,5.9415,5.813248,0.0074
compute_bounded_linked,131072,staggered_driven,20,4,2,4,5.8944,5.805056,0.0104
compute_bounded_linked,131072,staggered_driven,20,4,2,5,6.224,5.998592,0.006
compute_bounded_linked,131072,staggered_driven,20,4,2,6,5.9122,5.781504,0.0062
compute_bounded_linked,131072,staggered_driven,20,4,2,7,6.2256,6.102016,0.0077
compute_bounded_linked,131072,staggered_driven,20,4,2,8,5.8427,5.753856,0.0077
compute_bounded_linked,131072,staggered_driven,20,4,2,9,6.1203,5.991424,0.0076
compute_bounded_linked,131072,staggered_driven,20,4,2,10,5.8842,5.797888,0.0052
compute_bounded_linked,131072,staggered_driven,20,4,2,11,6.1923,6.084608,0.0048
compute_bounded_linked,131072,staggered_driven,20,4,2,12,5.9453,5.82656,0.0048
compute_bounded_linked,131072,staggered_driven,20,4,2,13,6.3052,6.175744,0.0072
compute_bounded_linked,131072,staggered_driven,20,4,2,14,6.0258,5.832704,0.0129
compute_bounded_linked,131072,staggered_driven,20,4,2,15,5.9623,5.777408,0.0075
compute_bounded_linked,131072,staggered_driven,20,4,2,16,6.2372,5.772288,0.0253
compute_bounded_linked,131072,staggered_driven,20,4,2,17,6.3777,6.137856,0.0151
compute_bounded_linked,131072,staggered_driven,20,4,2,18,6.1601,5.830656,0.0173
compute_bounded_linked,131072,staggered_driven,20,4,2,19,5.9838,5.842944,0.0071
compute_bounded_linked,131072,staggered_driven,20,4,2,20,6.501,5.981184,0.0199
compute_bounded_linked,131072,staggered_driven,20,4,2,21,6.223,5.99552,0.0183
compute_bounded_linked,131072,staggered_driven,20,4,2,22,6.0218,5.773312,0.0109
compute_bounded_linked,131072,staggered_driven,20,4,2,23,6.2772,5.991424,0.0107
compute_bounded_linked,131072,staggered_driven,20,4,2,24,5.9513,5.740544,0.0135
compute_bounded_linked,131072,staggered_driven,20,4,2,25,6.0614,5.769216,0.0157
compute_bounded_linked,131072,staggered_driven,20,4,2,26,6.4061,5.883904,0.0157
compute_bounded_linked,131072,staggered_driven,20,4,2,27,6.4182,5.94432,0.0402
compute_bounded_linked,131072,staggered_driven,20,4,2,28,6.9463,6.375424,0.0339
compute_bounded_linked,131072,staggered_driven,20,4,2,29,6.7602,5.921792,0.0625
compute_bounded_linked,131072,staggered_driven,20,4,2,30,6.6308,5.943296,0.0341
compute_bounded_linked,131072,staggered_driven,20,4,2,31,6.9006,6.086656,0.057
compute_bounded_linked,131072,staggered_driven,20,4,2,32,6.8353,6.28736,0.0472
compute_bounded_linked,131072,staggered_driven,20,4,2,33,7.0535,6.175744,0.1001
compute_bounded_linked,131072,staggered_driven,20,4,2,34,6.5795,5.727232,0.0359
compute_bounded_linked,131072,staggered_driven,20,4,2,35,6.5721,5.986304,0.0314
compute_bounded_linked,131072,staggered_driven,20,4,2,36,6.3116,5.77536,0.0424
compute_bounded_linked,131072,staggered_driven,20,4,2,37,6.5847,5.817344,0.03
compute_bounded_linked,131072,staggered_driven,20,4,2,38,6.2375,5.846016,0.028
compute_bounded_linked,131072,staggered_driven,20,4,2,39,5.8836,5.40672,0.1199
compute_linked,131072,staggered_driven,20,4,2,0,5.9805,5.8368,0.0126
compute_linked,131072,staggered_driven,20,4,2,1,5.715,5.588992,0.0042
compute_linked,131072,staggered_driven,20,4,2,2,6.5592,5.612544,0.0085
compute_linked,131072,staggered_driven,20,4,2,3,5.8554,5.600256,0.0075
compute_linked,131072,staggered_driven,20,4,2,4,5.7731,5.599232,0.0073
compute_linked,131072,staggered_driven,20,4,2,5,6.0305,5.910528,0.0092
compute_linked,131072,staggered_driven,20,4,2,6,5.6659,5.499904,0.009
compute_linked,131072,staggered_driven,20,4,2,7,5.8382,5.701632,0.0078
compute_linked,131072,staggered_driven,20,4,2,8,5.6197,5.496832,0.0066
compute_linked,131072,staggered_driven,20,4,2,9,5.9031,5.755904,0.0063
compute_linked,131072,staggered_driven,20,4,2,10,5.7052,5.597184,0.0081
compute_linked,131072,staggered_driven,20,4,2,11,5.6628,5.562368,0.0064
compute_linked,131072,staggered_driven,20,4,2,12,5.9126,5.752832,0.0056
compute_linked,131072,staggered_driven,20,4,2,13,5.7399,5.6064,0.0086
compute_linked,131072,staggered_driven,20,4,2,14,6.0722,5.95968,0.0075
compute_linked,131072,staggered_driven,20,4,2,15,5.7551,5.57056,0.042
compute_linked,131072,staggered_driven,20,4,2,16,5.9385,5.820416,0.0384
compute_linked,131072,staggered_driven,20,4,2,17,5.5961,5.508096,0.0069
compute_linked,131072,staggered_driven,20,4,2,18,5.6835,5.552128,0.0053
compute_linked,131072,staggered_driven,20,4,2,19,5.8693,5.767168,0.0051
compute_linked,131072,staggered_driven,20,4,2,20,5.7602,5.61152,0.0177
compute_linked,131072,staggered_driven,20,4,2,21,5.9707,5.599232,0.0202
compute_linked,131072,staggered_driven,20,4,2,22,6.1052,5.738496,0.0097
compute_linked,131072,staggered_driven,20,4,2,23,5.8834,5.543936,0.0271
compute_linked,131072,staggered_driven,20,4,2,24,5.9342,5.681152,0.0162
compute_linked,131072,staggered_driven,20,4,2,25,6.2925,5.92384,0.0391
compute_linked,131072,staggered_driven,20,4,2,26,5.8496,5.504,0.0194
compute_linked,131072,staggered_driven,20,4,2,27,6.3473,5.948416,0.0223
compute_linked,131072,staggered_driven,20,4,2,28,5.8519,5.466112,0.022
compute_linked,131072,staggered_driven,20,4,2,29,6.0269,5.634048,0.0224
compute_linked,131072,staggered_driven,20,4,2,30,6.1537,5.497856,0.0393
compute_linked,131072,staggered_driven,20,4,2,31,6.4943,5.926912,0.0363
compute_linked,131072,staggered_driven,20,4,2,32,6.4819,5.901312,0.031
compute_linked,131072,staggered_driven,20,4,2,33,6.3586,5.894144,0.0222
compute_linked,131072,staggered_driven,20,4,2,34,5.7509,5.485568,0.0177
compute_linked,131072,staggered_driven,20,4,2,35,5.9378,5.55008,0.0154
compute_linked,131072,staggered_driven,20,4,2,36,5.6997,5.412864,0.0131
compute_linked,131072,staggered_driven,20,4,2,37,6.0041,5.819392,0.0129
compute_linked,131072,staggered_driven,20,4,2,38,5.6214,5.451776,0.0139
compute_linked,131072,staggered_driven,20,4,2,39,5.7536,5.494784,0.01
compute_bounded_linked,131072,staggered_driven,20,4,3,0,5.9613,5.85216,0.0161
compute_bounded_linked,131072,staggered_driven,20,4,3,1,6.7018,6.053888,0.0069
compute_bounded_linked,131072,staggered_driven,20,4,3,2,5.999,5.906432,0.0092
compute_bounded_linked,131072,staggered_driven,20,4,3,3,6.2262,6.102016,0.0048
compute_bounded_linked,131072,staggered_driven,20,4,3,4,5.905,5.827584,0.0048
compute_bounded_linked,131072,staggered_driven,20,4,3,5,6.291,6.1696,0.0054
compute_bounded_linked,131072,staggered_driven,20,4,3,6,6.022,5.943296,0.005
compute_bounded_linked,131072,staggered_driven,20,4,3,7,6.3176,6.22592,0.0045
compute_bounded_linked,131072,staggered_driven,20,4,3,8,5.9624,5.885952,0.0047
compute_bounded_linked,131072,staggered_driven,20,4,3,9,6.1469,6.063104,0.0045
compute_bounded_linked,131072,staggered_driven,20,4,3,10,5.9905,5.9136,0.0044
compute_bounded_linked,131072,staggered_driven,20,4,3,11,6.3245,6.177792,0.0054
compute_bounded_linked,131072,staggered_driven,20,4,3,12,6.1168,6.037504,0.0045
compute_bounded_linked,131072,staggered_driven,20,4,3,13,6.2892,6.17472,0.0049
compute_bounded_linked,131072,staggered_driven,20,4,3,14,6.0517,5.976064,0.0047
compute_bounded_linked,131072,staggered_driven,20,4,3,15,6.2944,6.175744,0.0062
compute_bounded_linked,131072,staggered_driven,20,4,3,16,6.0344,5.940224,0.0054
compute_bounded_linked,131072,staggered_driven,20,4,3,17,6.2482,6.163456,0.0052
compute_bounded_linked,131072,staggered_driven,20,4,3,18,6.0414,5.958656,0.0081
compute_bounded_linked,131072,staggered_driven,20,4,3,19,6.3714,6.250496,0.005
compute_bounded_linked,131072,staggered_driven,20,4,3,20,6.0114,5.93408,0.0046
compute_bounded_linked,131072,staggered_driven,20,4,3,21,6.3145,6.1952,0.0054
compute_bounded_linked,131072,staggered_driven,20,4,3,22,6.0762,5.967872,0.0054
compute_bounded_linked,131072,staggered_driven,20,4,3,23,6.2725,6.15936,0.0049
compute_bounded_linked,131072,staggered_driven,20,4,3,24,5.9347,5.861376,0.005
compute_bounded_linked,131072,staggered_driven,20,4,3,25,6.1986,6.1184,0.0047
compute_bounded_linked,131072,staggered_driven,20,4,3,26,6.051,5.971968,0.006
compute_bounded_linked,131072,staggered_driven,20,4,3,27,6.1787,6.055936,0.0047
compute_bounded_linked,131072,staggered_driven,20,4,3,28,6.0524,5.97504,0.0047
compute_bounded_linked,131072,staggered_driven,20,4,3,29,6.2923,6.167552,0.0058
compute_bounded_linked,131072,staggered_driven,20,4,3,30,6.0415,5.961728,0.0055
compute_bounded_linked,131072,staggered_driven,20,4,3,31,6.2882,6.170624,0.0121
compute_bounded_linked,131072,staggered_driven,20,4,3,32,5.9295,5.853184,0.0042
compute_bounded_linked,131072,staggered_driven,20,4,3,33,6.1779,6.091776,0.0068
compute_bounded_linked,131072,staggered_driven,20,4,3,34,5.9744,5.89824,0.0048
compute_bounded_linked,131072,staggered_driven,20,4,3,35,6.2414,6.127616,0.0046
compute_bounded_linked,131072,staggered_driven,20,4,3,36,6.0011,5.925888,0.0046
compute_bounded_linked,131072,staggered_driven,20,4,3,37,6.2364,6.152192,0.0046
compute_bounded_linked,131072,staggered_driven,20,4,3,38,6.0148,5.892096,0.0044
compute_bounded_linked,131072,staggered_driven,20,4,3,39,6.2822,6.197248,0.0044
compute_linked,131072,staggered_driven,20,4,3,0,6.0055,5.89824,0.0098
compute_linked,131072,staggered_driven,20,4,3,1,5.7367,5.655552,0.002
compute_linked,131072,staggered_driven,20,4,3,2,6.2965,5.695488,0.0047
compute_linked,131072,staggered_driven,20,4,3,3,5.8132,5.619712,0.0045
compute_linked,131072,staggered_driven,20,4,3,4,5.7235,5.638144,0.0045
compute_linked,131072,staggered_driven,20,4,3,5,5.8873,5.810176,0.0043
compute_linked,131072,staggered_driven,20,4,3,6,5.7086,5.598208,0.0045
compute_linked,131072,staggered_driven,20,4,3,7,5.917,5.803008,0.0043
compute_linked,131072,staggered_driven,20,4,3,8,5.6926,5.599232,0.01
compute_linked,131072,staggered_driven,20,4,3,9,5.756,5.635072,0.006
compute_linked,131072,staggered_driven,20,4,3,10,5.8061,5.6064,0.0049
compute_linked,131072,staggered_driven,20,4,3,11,5.8169,5.730304,0.0055
compute_linked,131072,staggered_driven,20,4,3,12,6.0197,5.90336,0.0047
compute_linked,131072,staggered_driven,20,4,3,13,5.7133,5.640192,0.0045
compute_linked,131072,staggered_driven,20,4,3,14,5.9652,5.88288,0.0042
compute_linked,131072,staggered_driven,20,4,3,15,5.7524,5.639168,0.0042
compute_linked,131072,staggered_driven,20,4,3,16,5.6989,5.627904,0.0038
compute_linked,131072,staggered_driven,20,4,3,17,5.8883,5.690368,0.0076
compute_linked,131072,staggered_driven,20,4,3,18,5.9672,5.85216,0.0046
compute_linked,131072,staggered_driven,20,4,3,19,5.9761,5.894144,0.0044
compute_linked,131072,staggered_driven,20,4,3,20,5.7556,5.682176,0.0042
compute_linked,131072,staggered_driven,20,4,3,21,5.9342,5.820416,0.0042
compute_linked,131072,staggered_driven,20,4,3,22,5.6842,5.6064,0.0041
compute_linked,131072,staggered_driven,20,4,3,23,5.7777,5.700608,0.0042
compute_linked,131072,staggered_driven,20,4,3,24,5.8225,5.604352,0.0052
compute_linked,131072,staggered_driven,20,4,3,25,5.7574,5.670912,0.0052
compute_linked,131072,staggered_driven,20,4,3,26,5.8446,5.756928,0.0051
compute_linked,131072,staggered_driven,20,4,3,27,5.7449,5.618688,0.0069
compute_linked,131072,staggered_driven,20,4,3,28,5.7649,5.681152,0.0051
compute_linked,131072,staggered_driven,20,4,3,29,5.9748,5.89312,0.0064
compute_linked,131072,staggered_driven,20,4,3,30,5.8417,5.727232,0.0048
compute_linked,131072,staggered_driven,20,4,3,31,5.9352,5.834752,0.0042
compute_linked,131072,staggered_driven,20,4,3,32,5.8154,5.735424,0.0046
compute_linked,131072,staggered_driven,20,4,3,33,5.964,5.85216,0.0043
compute_linked,131072,staggered_driven,20,4,3,34,5.7147,5.644288,0.0041
compute_linked,131072,staggered_driven,20,4,3,35,5.7184,5.630976,0.0041
compute_linked,131072,staggered_driven,20,4,3,36,5.8212,5.617664,0.0042
compute_linked,131072,staggered_driven,20,4,3,37,5.7991,5.720064,0.0043
compute_linked,131072,staggered_driven,20,4,3,38,5.8834,5.803008,0.0043
compute_linked,131072,staggered_driven,20,4,3,39,5.731,5.620736,0.0042
compute_exact_ranges,131072,staggered_driven,20,4,3,0,8.3252,8.2176,0.0158
compute_exact_ranges,131072,staggered_driven,20,4,3,1,9.0589,8.177664,0.0066
compute_exact_ranges,131072,staggered_driven,20,4,3,2,8.3828,8.264704,0.0066
compute_exact_ranges,131072,staggered_driven,20,4,3,3,8.0871,8.005632,0.0095
compute_exact_ranges,131072,staggered_driven,20,4,3,4,8.1567,7.785472,0.0096
compute_exact_ranges,131072,staggered_driven,20,4,3,5,7.8597,7.774208,0.0092
compute_exact_ranges,131072,staggered_driven,20,4,3,6,7.7891,7.717888,0.0063
compute_exact_ranges,131072,staggered_driven,20,4,3,7,7.8681,7.752704,0.0065
compute_exact_ranges,131072,staggered_driven,20,4,3,8,7.7649,7.696384,0.0064
compute_exact_ranges,131072,staggered_driven,20,4,3,9,7.8433,7.7568,0.009
compute_exact_ranges,131072,staggered_driven,20,4,3,10,8.2391,7.9616,0.0091
compute_exact_ranges,131072,staggered_driven,20,4,3,11,7.8887,7.81312,0.009
compute_exact_ranges,131072,staggered_driven,20,4,3,12,7.9211,7.80288,0.0091
compute_exact_ranges,131072,staggered_driven,20,4,3,13,7.8741,7.79776,0.0062
compute_exact_ranges,131072,staggered_driven,20,4,3,14,8.089,7.979008,0.009
compute_exact_ranges,131072,staggered_driven,20,4,3,15,7.819,7.744512,0.0062
compute_exact_ranges,131072,staggered_driven,20,4,3,16,8.0736,8.00256,0.0061
compute_exact_ranges,131072,staggered_driven,20,4,3,17,7.8696,7.791616,0.0093
compute_exact_ranges,131072,staggered_driven,20,4,3,18,8.011,7.932928,0.0093
compute_exact_ranges,131072,staggered_driven,20,4,3,19,7.9162,7.808,0.009
compute_exact_ranges,131072,staggered_driven,20,4,3,20,7.8636,7.786496,0.0089
compute_exact_ranges,131072,staggered_driven,20,4,3,21,7.7948,7.72096,0.0061
compute_exact_ranges,131072,staggered_driven,20,4,3,22,7.9823,7.87456,0.0062
compute_exact_ranges,131072,staggered_driven,20,4,3,23,7.8731,7.794688,0.009
compute_exact_ranges,131072,staggered_driven,20,4,3,24,7.8525,7.783424,0.0063
compute_exact_ranges,131072,staggered_driven,20,4,3,25,7.8001,7.721984,0.0089
compute_exact_ranges,131072,staggered_driven,20,4,3,26,8.0792,7.969792,0.009
compute_exact_ranges,131072,staggered_driven,20,4,3,27,7.8491,7.770112,0.0091
compute_exact_ranges,131072,staggered_driven,20,4,3,28,7.9009,7.790592,0.0089
compute_exact_ranges,131072,staggered_driven,20,4,3,29,7.8652,7.78752,0.0091
compute_exact_ranges,131072,staggered_driven,20,4,3,30,7.9579,7.878656,0.009
compute_exact_ranges,131072,staggered_driven,20,4,3,31,8.0247,7.919616,0.0062
compute_exact_ranges,131072,staggered_driven,20,4,3,32,7.9431,7.83872,0.006
compute_exact_ranges,131072,staggered_driven,20,4,3,33,7.9121,7.834624,0.009
compute_exact_ranges,131072,staggered_driven,20,4,3,34,8.3641,8.288256,0.0062
compute_exact_ranges,131072,staggered_driven,20,4,3,35,7.9126,7.790592,0.0105
compute_exact_ranges,131072,staggered_driven,20,4,3,36,7.8722,7.793664,0.0069
compute_exact_ranges,131072,staggered_driven,20,4,3,37,7.9409,7.829504,0.0091
compute_exact_ranges,131072,staggered_driven,20,4,3,38,7.9242,7.809024,0.0091
compute_exact_ranges,131072,staggered_driven,20,4,3,39,7.9843,7.871488,0.0089
compute_linked,131072,staggered_driven,30,4,1,0,5.5618,5.460992,0.0098
compute_linked,131072,staggered_driven,30,4,1,1,5.5742,5.476352,0.005
compute_linked,131072,staggered_driven,30,4,1,2,6.3494,5.711872,0.0059
compute_linked,131072,staggered_driven,30,4,1,3,5.7974,5.716992,0.0041
compute_linked,131072,staggered_driven,30,4,1,4,5.5741,5.47328,0.0043
compute_linked,131072,staggered_driven,30,4,1,5,5.5937,5.470208,0.0041
compute_linked,131072,staggered_driven,30,4,1,6,5.5488,5.445632,0.0057
compute_linked,131072,staggered_driven,30,4,1,7,5.9198,5.840896,0.0041
compute_linked,131072,staggered_driven,30,4,1,8,5.4507,5.377024,0.004
compute_linked,131072,staggered_driven,30,4,1,9,5.4512,5.376,0.0059
compute_linked,131072,staggered_driven,30,4,1,10,5.7627,5.67296,0.0041
compute_linked,131072,staggered_driven,30,4,1,11,5.5121,5.433344,0.0042
compute_linked,131072,staggered_driven,30,4,1,12,5.539,5.428224,0.0041
compute_linked,131072,staggered_driven,30,4,1,13,5.7582,5.675008,0.0064
compute_linked,131072,staggered_driven,30,4,1,14,5.8021,5.726208,0.0054
compute_linked,131072,staggered_driven,30,4,1,15,5.4715,5.399552,0.0041
compute_linked,131072,staggered_driven,30,4,1,16,5.4722,5.398528,0.0041
compute_linked,131072,staggered_driven,30,4,1,17,5.4621,5.363712,0.0038
compute_linked,131072,staggered_driven,30,4,1,18,5.7143,5.607424,0.0059
compute_linked,131072,staggered_driven,30,4,1,19,5.747,5.632,0.0059
compute_linked,131072,staggered_driven,30,4,1,20,5.5093,5.42208,0.0041
compute_linked,131072,staggered_driven,30,4,1,21,5.7488,5.666816,0.0057
compute_linked,131072,staggered_driven,30,4,1,22,5.4952,5.387264,0.0041
compute_linked,131072,staggered_driven,30,4,1,23,5.5142,5.412864,0.0058
compute_linked,131072,staggered_driven,30,4,1,24,5.4923,5.425152,0.0036
compute_linked,131072,staggered_driven,30,4,1,25,5.8015,5.722112,0.0059
compute_linked,131072,staggered_driven,30,4,1,26,5.5669,5.44768,0.0061
compute_linked,131072,staggered_driven,30,4,1,27,5.4929,5.410816,0.0042
compute_linked,131072,staggered_driven,30,4,1,28,5.5557,5.455872,0.0059
compute_linked,131072,staggered_driven,30,4,1,29,5.7528,5.638144,0.0056
compute_linked,131072,staggered_driven,30,4,1,30,5.5285,5.417984,0.0041
compute_linked,131072,staggered_driven,30,4,1,31,5.7489,5.668864,0.0059
compute_linked,131072,staggered_driven,30,4,1,32,5.7013,5.62688,0.0043
compute_linked,131072,staggered_driven,30,4,1,33,5.5195,5.404672,0.0044
compute_linked,131072,staggered_driven,30,4,1,34,5.519,5.4272,0.0041
compute_linked,131072,staggered_driven,30,4,1,35,5.4782,5.39648,0.0041
compute_linked,131072,staggered_driven,30,4,1,36,5.7553,5.654528,0.006
compute_linked,131072,staggered_driven,30,4,1,37,5.7473,5.632,0.004
compute_linked,131072,staggered_driven,30,4,1,38,5.4808,5.387264,0.0126
compute_linked,131072,staggered_driven,30,4,1,39,5.4589,5.380096,0.0076
compute_exact_ranges,131072,staggered_driven,30,4,1,0,7.9421,7.847936,0.0116
compute_exact_ranges,131072,staggered_driven,30,4,1,1,8.8199,7.88992,0.0039
compute_exact_ranges,131072,staggered_driven,30,4,1,2,8.1743,8.050688,0.0076
compute_exact_ranges,131072,staggered_driven,30,4,1,3,7.7946,7.711744,0.0092
compute_exact_ranges,131072,staggered_driven,30,4,1,4,8.0904,7.714816,0.0091
compute_exact_ranges,131072,staggered_driven,30,4,1,5,7.8149,7.730176,0.0091
compute_exact_ranges,131072,staggered_driven,30,4,1,6,8.416,8.296448,0.0067
compute_exact_ranges,131072,staggered_driven,30,4,1,7,7.8298,7.74656,0.0068
compute_exact_ranges,131072,staggered_driven,30,4,1,8,7.7815,7.71072,0.0058
compute_exact_ranges,131072,staggered_driven,30,4,1,9,7.7565,7.678976,0.0086
compute_exact_ranges,131072,staggered_driven,30,4,1,10,7.942,7.801856,0.0064
compute_exact_ranges,131072,staggered_driven,30,4,1,11,7.8046,7.725056,0.0093
compute_exact_ranges,131072,staggered_driven,30,4,1,12,7.9094,7.763968,0.0092
compute_exact_ranges,131072,staggered_driven,30,4,1,13,7.8224,7.742464,0.0091
compute_exact_ranges,131072,staggered_driven,30,4,1,14,8.0045,7.926784,0.0091
compute_exact_ranges,131072,staggered_driven,30,4,1,15,7.8561,7.743488,0.0062
compute_exact_ranges,131072,staggered_driven,30,4,1,16,7.8233,7.75168,0.0085
compute_exact_ranges,131072,staggered_driven,30,4,1,17,7.8956,7.81824,0.0091
compute_exact_ranges,131072,staggered_driven,30,4,1,18,8.0513,7.936,0.0064
compute_exact_ranges,131072,staggered_driven,30,4,1,19,7.8984,7.821312,0.0087
compute_exact_ranges,131072,staggered_driven,30,4,1,20,7.9097,7.795712,0.0062
compute_exact_ranges,131072,staggered_driven,30,4,1,21,7.8698,7.78752,0.0093
compute_exact_ranges,131072,staggered_driven,30,4,1,22,7.9193,7.840768,0.0092
compute_exact_ranges,131072,staggered_driven,30,4,1,23,8.0936,8.013824,0.0092
compute_exact_ranges,131072,staggered_driven,30,4,1,24,7.932,7.857152,0.0084
compute_exact_ranges,131072,staggered_driven,30,4,1,25,7.9185,7.83872,0.0091
compute_exact_ranges,131072,staggered_driven,30,4,1,26,7.9464,7.867392,0.0092
compute_exact_ranges,131072,staggered_driven,30,4,1,27,8.1032,7.995392,0.0064
compute_exact_ranges,131072,staggered_driven,30,4,1,28,7.9094,7.827456,0.0091
compute_exact_ranges,131072,staggered_driven,30,4,1,29,7.9339,7.827456,0.0066
compute_exact_ranges,131072,staggered_driven,30,4,1,30,7.838,7.759872,0.0064
compute_exact_ranges,131072,staggered_driven,30,4,1,31,8.0521,7.945216,0.0063
compute_exact_ranges,131072,staggered_driven,30,4,1,32,8.3117,8.244224,0.0059
compute_exact_ranges,131072,staggered_driven,30,4,1,33,8.0081,7.891968,0.0071
compute_exact_ranges,131072,staggered_driven,30,4,1,34,7.9221,7.846912,0.0084
compute_exact_ranges,131072,staggered_driven,30,4,1,35,8.0398,7.958528,0.0063
compute_exact_ranges,131072,staggered_driven,30,4,1,36,7.9593,7.846912,0.0063
compute_exact_ranges,131072,staggered_driven,30,4,1,37,7.9162,7.8336,0.0062
compute_exact_ranges,131072,staggered_driven,30,4,1,38,7.9005,7.817216,0.0092
compute_exact_ranges,131072,staggered_driven,30,4,1,39,8.1312,8.01792,0.0064
compute_bounded_linked,131072,staggered_driven,30,4,1,0,5.7854,5.706752,0.0087
compute_bounded_linked,131072,staggered_driven,30,4,1,1,6.4122,5.726208,0.0019
compute_bounded_linked,131072,staggered_driven,30,4,1,2,5.8444,5.723136,0.0064
compute_bounded_linked,131072,staggered_driven,30,4,1,3,5.8063,5.725184,0.0063
compute_bounded_linked,131072,staggered_driven,30,4,1,4,5.7721,5.664768,0.0063
compute_bounded_linked,131072,staggered_driven,30,4,1,5,5.7474,5.663744,0.0043
compute_bounded_linked,131072,staggered_driven,30,4,1,6,5.947,5.83168,0.0045
compute_bounded_linked,131072,staggered_driven,30,4,1,7,5.7682,5.65248,0.0044
compute_bounded_linked,131072,staggered_driven,30,4,1,8,5.9839,5.915648,0.0048
compute_bounded_linked,131072,staggered_driven,30,4,1,9,5.8153,5.704704,0.0044
compute_bounded_linked,131072,staggered_driven,30,4,1,10,5.7463,5.66784,0.0062
compute_bounded_linked,131072,staggered_driven,30,4,1,11,5.7815,5.705728,0.0044
compute_bounded_linked,131072,staggered_driven,30,4,1,12,5.9812,5.902336,0.0063
compute_bounded_linked,131072,staggered_driven,30,4,1,13,5.7547,5.641216,0.0043
compute_bounded_linked,131072,staggered_driven,30,4,1,14,5.7244,5.643264,0.0062
compute_bounded_linked,131072,staggered_driven,30,4,1,15,5.7293,5.64736,0.008
compute_bounded_linked,131072,staggered_driven,30,4,1,16,5.7199,5.644288,0.0059
compute_bounded_linked,131072,staggered_driven,30,4,1,17,5.9391,5.860352,0.0063
compute_bounded_linked,131072,staggered_driven,30,4,1,18,5.7478,5.675008,0.0044
compute_bounded_linked,131072,staggered_driven,30,4,1,19,5.7966,5.686272,0.0064
compute_bounded_linked,131072,staggered_driven,30,4,1,20,5.7622,5.684224,0.0063
compute_bounded_linked,131072,staggered_driven,30,4,1,21,5.7488,5.670912,0.0062
compute_bounded_linked,131072,staggered_driven,30,4,1,22,5.8936,5.814272,0.0063
compute_bounded_linked,131072,staggered_driven,30,4,1,23,5.7346,5.62688,0.0044
compute_bounded_linked,131072,staggered_driven,30,4,1,24,5.7606,5.69344,0.0039
compute_bounded_linked,131072,staggered_driven,30,4,1,25,5.7798,5.69856,0.0043
compute_bounded_linked,131072,staggered_driven,30,4,1,26,5.8174,5.714944,0.006
compute_bounded_linked,131072,staggered_driven,30,4,1,27,5.7377,5.659648,0.0062
compute_bounded_linked,131072,staggered_driven,30,4,1,28,5.9969,5.876736,0.0043
compute_bounded_linked,131072,staggered_driven,30,4,1,29,5.743,5.636096,0.0043
compute_bounded_linked,131072,staggered_driven,30,4,1,30,5.7435,5.653504,0.005
compute_bounded_linked,131072,staggered_driven,30,4,1,31,5.7868,5.660672,0.0062
compute_bounded_linked,131072,staggered_driven,30,4,1,32,5.7123,5.641216,0.0044
compute_bounded_linked,131072,staggered_driven,30,4,1,33,5.7505,5.671936,0.0062
compute_bounded_linked,131072,staggered_driven,30,4,1,34,6.0092,5.89824,0.0062
compute_bounded_linked,131072,staggered_driven,30,4,1,35,5.7474,5.664768,0.0043
compute_bounded_linked,131072,staggered_driven,30,4,1,36,5.7448,5.664768,0.0043
compute_bounded_linked,131072,staggered_driven,30,4,1,37,5.7517,5.670912,0.0062
compute_bounded_linked,131072,staggered_driven,30,4,1,38,5.7286,5.648384,0.0062
compute_bounded_linked,131072,staggered_driven,30,4,1,39,5.9848,5.874688,0.0046
compute_exact_ranges,131072,staggered_driven,30,4,2,0,8.1162,8.029184,0.0117
compute_exact_ranges,131072,staggered_driven,30,4,2,1,8.7389,7.878656,0.004
compute_exact_ranges,131072,staggered_driven,30,4,2,2,7.9165,7.803904,0.0064
compute_exact_ranges,131072,staggered_driven,30,4,2,3,7.8648,7.781376,0.0063
compute_exact_ranges,131072,staggered_driven,30,4,2,4,8.2754,7.936,0.0061
compute_exact_ranges,131072,staggered_driven,30,4,2,5,7.8414,7.7568,0.0063
compute_exact_ranges,131072,staggered_driven,30,4,2,6,7.8579,7.743488,0.0063
compute_exact_ranges,131072,staggered_driven,30,4,2,7,7.8072,7.7056,0.0088
compute_exact_ranges,131072,staggered_driven,30,4,2,8,7.995,7.921664,0.0064
compute_exact_ranges,131072,staggered_driven,30,4,2,9,7.8777,7.796736,0.0093
compute_exact_ranges,131072,staggered_driven,30,4,2,10,7.8886,7.773184,0.009
compute_exact_ranges,131072,staggered_driven,30,4,2,11,7.9335,7.829504,0.0093
compute_exact_ranges,131072,staggered_driven,30,4,2,12,8.0669,7.949312,0.0089
compute_exact_ranges,131072,staggered_driven,30,4,2,13,7.9505,7.867392,0.0063
compute_exact_ranges,131072,staggered_driven,30,4,2,14,7.9173,7.803904,0.009
compute_exact_ranges,131072,staggered_driven,30,4,2,15,7.8637,7.785472,0.009
compute_exact_ranges,131072,staggered_driven,30,4,2,16,8.0494,7.979008,0.0059
compute_exact_ranges,131072,staggered_driven,30,4,2,17,7.9382,7.86432,0.0063
compute_exact_ranges,131072,staggered_driven,30,4,2,18,7.9152,7.791616,0.019
compute_exact_ranges,131072,staggered_driven,30,4,2,19,7.9429,7.86944,0.0063
compute_exact_ranges,131072,staggered_driven,30,4,2,20,7.8793,7.794688,0.0064
compute_exact_ranges,131072,staggered_driven,30,4,2,21,8.2627,8.030208,0.009
compute_exact_ranges,131072,staggered_driven,30,4,2,22,7.9772,7.873536,0.0091
compute_exact_ranges,131072,staggered_driven,30,4,2,23,7.9508,7.80288,0.0091
compute_exact_ranges,131072,staggered_driven,30,4,2,24,7.8915,7.814144,0.009
compute_exact_ranges,131072,staggered_driven,30,4,2,25,8.0523,7.938048,0.009
compute_exact_ranges,131072,staggered_driven,30,4,2,26,7.9598,7.87968,0.0061
compute_exact_ranges,131072,staggered_driven,30,4,2,27,7.9544,7.836672,0.0091
compute_exact_ranges,131072,staggered_driven,30,4,2,28,7.8889,7.808,0.0092
compute_exact_ranges,131072,staggered_driven,30,4,2,29,8.0463,7.931904,0.0091
compute_exact_ranges,131072,staggered_driven,30,4,2,30,7.9226,7.846912,0.0064
compute_exact_ranges,131072,staggered_driven,30,4,2,31,7.9547,7.846912,0.0064
compute_exact_ranges,131072,staggered_driven,30,4,2,32,7.8969,7.826432,0.0059
compute_exact_ranges,131072,staggered_driven,30,4,2,33,8.1283,8.014848,0.0092
compute_exact_ranges,131072,staggered_driven,30,4,2,34,7.9433,7.866368,0.0063
compute_exact_ranges,131072,staggered_driven,30,4,2,35,7.9028,7.786496,0.0063
compute_exact_ranges,131072,staggered_driven,30,4,2,36,7.8555,7.779328,0.0063
compute_exact_ranges,131072,staggered_driven,30,4,2,37,8.2152,8.09984,0.0063
compute_exact_ranges,131072,staggered_driven,30,4,2,38,7.9669,7.861248,0.02
compute_exact_ranges,131072,staggered_driven,30,4,2,39,7.8993,7.786496,0.0092
compute_bounded_linked,131072,staggered_driven,30,4,2,0,5.8165,5.738496,0.0087
compute_bounded_linked,131072,staggered_driven,30,4,2,1,6.3126,5.730304,0.0019
compute_bounded_linked,131072,staggered_driven,30,4,2,2,5.7912,5.710848,0.0045
compute_bounded_linked,131072,staggered_driven,30,4,2,3,6.0825,5.968896,0.0044
compute_bounded_linked,131072,staggered_driven,30,4,2,4,5.8125,5.735424,0.0043
compute_bounded_linked,131072,staggered_driven,30,4,2,5,5.8288,5.750784,0.0062
compute_bounded_linked,131072,staggered_driven,30,4,2,6,5.7627,5.65248,0.0043
compute_bounded_linked,131072,staggered_driven,30,4,2,7,5.7734,5.666816,0.0062
compute_bounded_linked,131072,staggered_driven,30,4,2,8,5.7241,5.654528,0.0048
compute_bounded_linked,131072,staggered_driven,30,4,2,9,5.9686,5.856256,0.0044
compute_bounded_linked,131072,staggered_driven,30,4,2,10,5.731,5.648384,0.0043
compute_bounded_linked,131072,staggered_driven,30,4,2,11,5.6887,5.608448,0.0063
compute_bounded_linked,131072,staggered_driven,30,4,2,12,5.7842,5.666816,0.0064
compute_bounded_linked,131072,staggered_driven,30,4,2,13,5.7393,5.660672,0.0061
compute_bounded_linked,131072,staggered_driven,30,4,2,14,5.9782,5.897216,0.0061
compute_bounded_linked,131072,staggered_driven,30,4,2,15,5.7951,5.682176,0.0044
compute_bounded_linked,131072,staggered_driven,30,4,2,16,5.7153,5.644288,0.004
compute_bounded_linked,131072,staggered_driven,30,4,2,17,5.7108,5.625856,0.0044
compute_bounded_linked,131072,staggered_driven,30,4,2,18,5.7093,5.607424,0.0063
compute_bounded_linked,131072,staggered_driven,30,4,2,19,5.6817,5.605376,0.0043
compute_bounded_linked,131072,staggered_driven,30,4,2,20,5.9572,5.840896,0.0044
compute_bounded_linked,131072,staggered_driven,30,4,2,21,5.7551,5.671936,0.0043
compute_bounded_linked,131072,staggered_driven,30,4,2,22,5.7063,5.620736,0.0062
compute_bounded_linked,131072,staggered_driven,30,4,2,23,5.7287,5.613568,0.0046
compute_bounded_linked,131072,staggered_driven,30,4,2,24,5.6986,5.624832,0.004
compute_bounded_linked,131072,staggered_driven,30,4,2,25,5.7205,5.641216,0.0043
compute_bounded_linked,131072,staggered_driven,30,4,2,26,6.0471,5.899264,0.0062
compute_bounded_linked,131072,staggered_driven,30,4,2,27,5.756,5.677056,0.0043
compute_bounded_linked,131072,staggered_driven,30,4,2,28,5.8247,5.71392,0.0061
compute_bounded_linked,131072,staggered_driven,30,4,2,29,5.7464,5.669888,0.0062
compute_bounded_linked,131072,staggered_driven,30,4,2,30,5.6983,5.624832,0.0044
compute_bounded_linked,131072,staggered_driven,30,4,2,31,5.7672,5.649408,0.0044
compute_bounded_linked,131072,staggered_driven,30,4,2,32,5.7229,5.650432,0.0045
compute_bounded_linked,131072,staggered_driven,30,4,2,33,6.0567,5.971968,0.0043
compute_bounded_linked,131072,staggered_driven,30,4,2,34,5.7802,5.658624,0.0064
compute_bounded_linked,131072,staggered_driven,30,4,2,35,5.7154,5.639168,0.0042
compute_bounded_linked,131072,staggered_driven,30,4,2,36,5.6874,5.612544,0.0043
compute_bounded_linked,131072,staggered_driven,30,4,2,37,5.9442,5.861376,0.0043
compute_bounded_linked,131072,staggered_driven,30,4,2,38,5.6991,5.617664,0.0044
compute_bounded_linked,131072,staggered_driven,30,4,2,39,5.7473,5.639168,0.0044
compute_linked,131072,staggered_driven,30,4,2,0,5.5774,5.485568,0.0081
compute_linked,131072,staggered_driven,30,4,2,1,5.7973,5.721088,0.0018
compute_linked,131072,staggered_driven,30,4,2,2,5.9702,5.474304,0.0058
compute_linked,131072,staggered_driven,30,4,2,3,5.8625,5.50912,0.004
compute_linked,131072,staggered_driven,30,4,2,4,5.6089,5.506048,0.0063
compute_linked,131072,staggered_driven,30,4,2,5,5.5583,5.479424,0.0038
compute_linked,131072,staggered_driven,30,4,2,6,5.5505,5.474304,0.0058
compute_linked,131072,staggered_driven,30,4,2,7,5.7596,5.651456,0.0058
compute_linked,131072,staggered_driven,30,4,2,8,5.5011,5.428224,0.0036
compute_linked,131072,staggered_driven,30,4,2,9,5.5202,5.40672,0.0041
compute_linked,131072,staggered_driven,30,4,2,10,5.5062,5.4272,0.0044
compute_linked,131072,staggered_driven,30,4,2,11,5.5352,5.434368,0.0056
compute_linked,131072,staggered_driven,30,4,2,12,5.8512,5.735424,0.004
compute_linked,131072,staggered_driven,30,4,2,13,5.5668,5.46816,0.0059
compute_linked,131072,staggered_driven,30,4,2,14,5.5608,5.484544,0.0058
compute_linked,131072,staggered_driven,30,4,2,15,5.6219,5.51424,0.0057
compute_linked,131072,staggered_driven,30,4,2,16,5.5688,5.501952,0.0036
compute_linked,131072,staggered_driven,30,4,2,17,5.5586,5.459968,0.0057
compute_linked,131072,staggered_driven,30,4,2,18,5.7232,5.645312,0.0055
compute_linked,131072,staggered_driven,30,4,2,19,5.5742,5.467136,0.0042
compute_linked,131072,staggered_driven,30,4,2,20,5.5678,5.470208,0.0057
compute_linked,131072,staggered_driven,30,4,2,21,5.5135,5.439488,0.004
compute_linked,131072,staggered_driven,30,4,2,22,5.5581,5.451776,0.004
compute_linked,131072,staggered_driven,30,4,2,23,5.4762,5.399552,0.0058
compute_linked,131072,staggered_driven,30,4,2,24,5.7563,5.6832,0.0036
compute_linked,131072,staggered_driven,30,4,2,25,5.5384,5.431296,0.0052
compute_linked,131072,staggered_driven,30,4,2,26,5.562,5.484544,0.0059
compute_linked,131072,staggered_driven,30,4,2,27,5.5443,5.465088,0.0041
compute_linked,131072,staggered_driven,30,4,2,28,5.5094,5.444608,0.0054
compute_linked,131072,staggered_driven,30,4,2,29,5.5155,5.436416,0.0054
compute_linked,131072,staggered_driven,30,4,2,30,5.7687,5.6576,0.004
compute_linked,131072,staggered_driven,30,4,2,31,5.5738,5.497856,0.004
compute_linked,131072,staggered_driven,30,4,2,32,5.5765,5.507072,0.004
compute_linked,131072,staggered_driven,30,4,2,33,5.65,5.520384,0.006
compute_linked,131072,staggered_driven,30,4,2,34,5.5646,5.487616,0.0058
compute_linked,131072,staggered_driven,30,4,2,35,5.5329,5.449728,0.0043
compute_linked,131072,staggered_driven,30,4,2,36,5.8559,5.755904,0.0055
compute_linked,131072,staggered_driven,30,4,2,37,5.5467,5.44768,0.0059
compute_linked,131072,staggered_driven,30,4,2,38,5.5357,5.420032,0.0044
compute_linked,131072,staggered_driven,30,4,2,39,5.5255,5.446656,0.0059
compute_bounded_linked,131072,staggered_driven,30,4,3,0,5.804,5.71392,0.0091
compute_bounded_linked,131072,staggered_driven,30,4,3,1,6.3422,5.723136,0.0019
compute_bounded_linked,131072,staggered_driven,30,4,3,2,5.7956,5.710848,0.0064
compute_bounded_linked,131072,staggered_driven,30,4,3,3,5.9757,5.891072,0.0064
compute_bounded_linked,131072,staggered_driven,30,4,3,4,5.8258,5.711872,0.0045
compute_bounded_linked,131072,staggered_driven,30,4,3,5,5.7595,5.680128,0.0063
compute_bounded_linked,131072,staggered_driven,30,4,3,6,5.7696,5.685248,0.0045
compute_bounded_linked,131072,staggered_driven,30,4,3,7,5.6337,5.569536,0.0061
compute_bounded_linked,131072,staggered_driven,30,4,3,8,5.6674,5.59104,0.0045
compute_bounded_linked,131072,staggered_driven,30,4,3,9,5.9572,5.835776,0.0044
compute_bounded_linked,131072,staggered_driven,30,4,3,10,5.7966,5.72928,0.0044
compute_bounded_linked,131072,staggered_driven,30,4,3,11,5.743,5.658624,0.0044
compute_bounded_linked,131072,staggered_driven,30,4,3,12,5.8336,5.71392,0.0064
compute_bounded_linked,131072,staggered_driven,30,4,3,13,5.7953,5.718016,0.0044
compute_bounded_linked,131072,staggered_driven,30,4,3,14,5.9849,5.906432,0.0063
compute_bounded_linked,131072,staggered_driven,30,4,3,15,5.8197,5.701632,0.0044
compute_bounded_linked,131072,staggered_driven,30,4,3,16,5.7266,5.65248,0.004
compute_bounded_linked,131072,staggered_driven,30,4,3,17,5.8446,5.692416,0.0062
compute_bounded_linked,131072,staggered_driven,30,4,3,18,5.7539,5.673984,0.0045
compute_bounded_linked,131072,staggered_driven,30,4,3,19,5.7505,5.668864,0.0045
compute_bounded_linked,131072,staggered_driven,30,4,3,20,5.9964,5.839872,0.0104
compute_bounded_linked,131072,staggered_driven,30,4,3,21,5.7295,5.645312,0.0043
compute_bounded_linked,131072,staggered_driven,30,4,3,22,5.7067,5.628928,0.0063
compute_bounded_linked,131072,staggered_driven,30,4,3,23,5.7088,5.627904,0.0043
compute_bounded_linked,131072,staggered_driven,30,4,3,24,5.741,5.645312,0.0059
compute_bounded_linked,131072,staggered_driven,30,4,3,25,6.2676,6.15424,0.0044
compute_bounded_linked,131072,staggered_driven,30,4,3,26,5.702,5.617664,0.0066
compute_bounded_linked,131072,staggered_driven,30,4,3,27,5.7224,5.648384,0.0044
compute_bounded_linked,131072,staggered_driven,30,4,3,28,5.7618,5.641216,0.0046
compute_bounded_linked,131072,staggered_driven,30,4,3,29,5.7288,5.62688,0.006
compute_bounded_linked,131072,staggered_driven,30,4,3,30,5.7118,5.635072,0.0044
compute_bounded_linked,131072,staggered_driven,30,4,3,31,5.9884,5.87776,0.0062
compute_bounded_linked,131072,staggered_driven,30,4,3,32,5.7343,5.658624,0.0044
compute_bounded_linked,131072,staggered_driven,30,4,3,33,5.7728,5.660672,0.0062
compute_bounded_linked,131072,staggered_driven,30,4,3,34,5.7192,5.64224,0.0062
compute_bounded_linked,131072,staggered_driven,30,4,3,35,5.7441,5.653504,0.0044
compute_bounded_linked,131072,staggered_driven,30,4,3,36,5.7413,5.636096,0.0061
compute_bounded_linked,131072,staggered_driven,30,4,3,37,6.0556,5.899264,0.0064
compute_bounded_linked,131072,staggered_driven,30,4,3,38,5.7771,5.695488,0.0044
compute_bounded_linked,131072,staggered_driven,30,4,3,39,5.7818,5.700608,0.0064
compute_linked,131072,staggered_driven,30,4,3,0,5.8262,5.735424,0.0077
compute_linked,131072,staggered_driven,30,4,3,1,5.6215,5.51424,0.0028
compute_linked,131072,staggered_driven,30,4,3,2,6.0975,5.486592,0.004
compute_linked,131072,staggered_driven,30,4,3,3,5.8364,5.75488,0.0059
compute_linked,131072,staggered_driven,30,4,3,4,5.5677,5.453824,0.004
compute_linked,131072,staggered_driven,30,4,3,5,5.5258,5.444608,0.0059
compute_linked,131072,staggered_driven,30,4,3,6,5.9956,5.880832,0.0059
compute_linked,131072,staggered_driven,30,4,3,7,5.5604,5.445632,0.0041
compute_linked,131072,staggered_driven,30,4,3,8,5.4905,5.420032,0.0054
compute_linked,131072,staggered_driven,30,4,3,9,5.5089,5.428224,0.004
compute_linked,131072,staggered_driven,30,4,3,10,5.8319,5.742592,0.0055
compute_linked,131072,staggered_driven,30,4,3,11,5.7007,5.625856,0.0041
compute_linked,131072,staggered_driven,30,4,3,12,5.5511,5.438464,0.0043
compute_linked,131072,staggered_driven,30,4,3,13,5.499,5.420032,0.0059
compute_linked,131072,staggered_driven,30,4,3,14,5.8481,5.743616,0.006
compute_linked,131072,staggered_driven,30,4,3,15,5.6463,5.526528,0.0041
compute_linked,131072,staggered_driven,30,4,3,16,5.5907,5.518336,0.0036
compute_linked,131072,staggered_driven,30,4,3,17,5.854,5.774336,0.0042
compute_linked,131072,staggered_driven,30,4,3,18,5.5274,5.449728,0.0042
compute_linked,131072,staggered_driven,30,4,3,19,5.5719,5.455872,0.006
compute_linked,131072,staggered_driven,30,4,3,20,5.5531,5.472256,0.0042
compute_linked,131072,staggered_driven,30,4,3,21,5.7406,5.6576,0.0081
compute_linked,131072,staggered_driven,30,4,3,22,5.5161,5.405696,0.0058
compute_linked,131072,staggered_driven,30,4,3,23,5.723,5.641216,0.0044
compute_linked,131072,staggered_driven,30,4,3,24,5.8045,5.735424,0.0037
compute_linked,131072,staggered_driven,30,4,3,25,5.5517,5.441536,0.004
compute_linked,131072,staggered_driven,30,4,3,26,5.5554,5.453824,0.0059
compute_linked,131072,staggered_driven,30,4,3,27,5.5148,5.435392,0.0059
compute_linked,131072,staggered_driven,30,4,3,28,5.7239,5.629952,0.004
compute_linked,131072,staggered_driven,30,4,3,29,5.799,5.711872,0.0041
compute_linked,131072,staggered_driven,30,4,3,30,5.5749,5.443584,0.0109
compute_linked,131072,staggered_driven,30,4,3,31,5.5047,5.426176,0.0068
compute_linked,131072,staggered_driven,30,4,3,32,5.7032,5.634048,0.0036
compute_linked,131072,staggered_driven,30,4,3,33,5.545,5.42208,0.0041
compute_linked,131072,staggered_driven,30,4,3,34,5.5116,5.431296,0.0041
compute_linked,131072,staggered_driven,30,4,3,35,5.9529,5.87264,0.0041
compute_linked,131072,staggered_driven,30,4,3,36,5.5551,5.446656,0.0041
compute_linked,131072,staggered_driven,30,4,3,37,5.5548,5.477376,0.0059
compute_linked,131072,staggered_driven,30,4,3,38,5.5369,5.435392,0.006
compute_linked,131072,staggered_driven,30,4,3,39,5.7148,5.63712,0.0039
compute_exact_ranges,131072,staggered_driven,30,4,3,0,8.5068,8.40192,0.0287
compute_exact_ranges,131072,staggered_driven,30,4,3,1,8.9086,7.921664,0.0055
compute_exact_ranges,131072,staggered_driven,30,4,3,2,7.8768,7.794688,0.0067
compute_exact_ranges,131072,staggered_driven,30,4,3,3,7.9303,7.851008,0.009
compute_exact_ranges,131072,staggered_driven,30,4,3,4,7.9942,7.711744,0.0063
compute_exact_ranges,131072,staggered_driven,30,4,3,5,7.9743,7.77728,0.0064
compute_exact_ranges,131072,staggered_driven,30,4,3,6,7.7781,7.69536,0.009
compute_exact_ranges,131072,staggered_driven,30,4,3,7,7.9438,7.78752,0.0123
compute_exact_ranges,131072,staggered_driven,30,4,3,8,7.8109,7.73632,0.0064
compute_exact_ranges,131072,staggered_driven,30,4,3,9,7.9875,7.903232,0.0092
compute_exact_ranges,131072,staggered_driven,30,4,3,10,7.873,7.7568,0.0091
compute_exact_ranges,131072,staggered_driven,30,4,3,11,7.7552,7.672832,0.0091
compute_exact_ranges,131072,staggered_driven,30,4,3,12,7.7931,7.683072,0.0095
compute_exact_ranges,131072,staggered_driven,30,4,3,13,8.0398,7.922688,0.0092
compute_exact_ranges,131072,staggered_driven,30,4,3,14,7.8746,7.798784,0.0064
compute_exact_ranges,131072,staggered_driven,30,4,3,15,7.9169,7.80288,0.0063
compute_exact_ranges,131072,staggered_driven,30,4,3,16,7.8541,7.783424,0.006
compute_exact_ranges,131072,staggered_driven,30,4,3,17,8.0255,7.913472,0.0065
compute_exact_ranges,131072,staggered_driven,30,4,3,18,7.7739,7.692288,0.0091
compute_exact_ranges,131072,staggered_driven,30,4,3,19,7.8447,7.734272,0.0091
compute_exact_ranges,131072,staggered_driven,30,4,3,20,7.8241,7.742464,0.0091
compute_exact_ranges,131072,staggered_driven,30,4,3,21,8.0715,7.957504,0.0091
compute_exact_ranges,131072,staggered_driven,30,4,3,22,7.7839,7.701504,0.0115
compute_exact_ranges,131072,staggered_driven,30,4,3,23,7.9245,7.771136,0.0092
compute_exact_ranges,131072,staggered_driven,30,4,3,24,7.8224,7.747584,0.0086
compute_exact_ranges,131072,staggered_driven,30,4,3,25,7.9927,7.8848,0.009
compute_exact_ranges,131072,staggered_driven,30,4,3,26,7.9161,7.799808,0.0062
compute_exact_ranges,131072,staggered_driven,30,4,3,27,8.2207,8.143872,0.0066
compute_exact_ranges,131072,staggered_driven,30,4,3,28,7.9005,7.79264,0.0065
compute_exact_ranges,131072,staggered_driven,30,4,3,29,7.8207,7.73632,0.0064
compute_exact_ranges,131072,staggered_driven,30,4,3,30,8.1466,8.005632,0.0088
compute_exact_ranges,131072,staggered_driven,30,4,3,31,7.9002,7.7568,0.0114
compute_exact_ranges,131072,staggered_driven,30,4,3,32,7.8119,7.73632,0.0064
compute_exact_ranges,131072,staggered_driven,30,4,3,33,7.8855,7.769088,0.0092
compute_exact_ranges,131072,staggered_driven,30,4,3,34,8.0476,7.965696,0.0063
compute_exact_ranges,131072,staggered_driven,30,4,3,35,8.0104,7.883776,0.0086
compute_exact_ranges,131072,staggered_driven,30,4,3,36,7.877,7.795712,0.0092
compute_exact_ranges,131072,staggered_driven,30,4,3,37,7.8793,7.799808,0.0092
compute_exact_ranges,131072,staggered_driven,30,4,3,38,8.0327,7.921664,0.0092
compute_exact_ranges,131072,staggered_driven,30,4,3,39,7.8903,7.808,0.0063
compute_linked,131072,staggered_driven,60,4,1,0,5.6053,5.508096,0.0079
compute_linked,131072,staggered_driven,60,4,1,1,5.7773,5.69856,0.0018
compute_linked,131072,staggered_driven,60,4,1,2,6.1225,5.51936,0.0073
compute_linked,131072,staggered_driven,60,4,1,3,5.8591,5.730304,0.0055
compute_linked,131072,staggered_driven,60,4,1,4,5.5879,5.504,0.0068
compute_linked,131072,staggered_driven,60,4,1,5,5.5686,5.491712,0.0053
compute_linked,131072,staggered_driven,60,4,1,6,5.6268,5.46816,0.0078
compute_linked,131072,staggered_driven,60,4,1,7,5.7903,5.677056,0.0059
compute_linked,131072,staggered_driven,60,4,1,8,5.511,5.436416,0.0075
compute_linked,131072,staggered_driven,60,4,1,9,5.5758,5.4272,0.0041
compute_linked,131072,staggered_driven,60,4,1,10,5.5665,5.438464,0.0108
compute_linked,131072,staggered_driven,60,4,1,11,5.4911,5.414912,0.0061
compute_linked,131072,staggered_driven,60,4,1,12,5.7154,5.612544,0.005
compute_linked,131072,staggered_driven,60,4,1,13,5.5434,5.415936,0.0056
compute_linked,131072,staggered_driven,60,4,1,14,5.5215,5.39648,0.006
compute_linked,131072,staggered_driven,60,4,1,15,5.514,5.43232,0.0044
compute_linked,131072,staggered_driven,60,4,1,16,5.5033,5.429248,0.0051
compute_linked,131072,staggered_driven,60,4,1,17,5.5688,5.426176,0.006
compute_linked,131072,staggered_driven,60,4,1,18,5.7486,5.640192,0.004
compute_linked,131072,staggered_driven,60,4,1,19,5.535,5.43232,0.0043
compute_linked,131072,staggered_driven,60,4,1,20,5.5691,5.449728,0.006
compute_linked,131072,staggered_driven,60,4,1,21,5.5684,5.48864,0.0076
compute_linked,131072,staggered_driven,60,4,1,22,5.5518,5.474304,0.0059
compute_linked,131072,staggered_driven,60,4,1,23,5.5375,5.462016,0.005
compute_linked,131072,staggered_driven,60,4,1,24,5.7144,5.623808,0.0039
compute_linked,131072,staggered_driven,60,4,1,25,5.5143,5.440512,0.0042
compute_linked,131072,staggered_driven,60,4,1,26,5.5631,5.480448,0.0074
compute_linked,131072,staggered_driven,60,4,1,27,5.6717,5.441536,0.005
compute_linked,131072,staggered_driven,60,4,1,28,5.5545,5.4528,0.0062
compute_linked,131072,staggered_driven,60,4,1,29,5.5532,5.438464,0.0135
compute_linked,131072,staggered_driven,60,4,1,30,5.7603,5.628928,0.0042
compute_linked,131072,staggered_driven,60,4,1,31,5.6198,5.469184,0.0158
compute_linked,131072,staggered_driven,60,4,1,32,5.5058,5.4272,0.0053
compute_linked,131072,staggered_driven,60,4,1,33,5.5619,5.43744,0.0042
compute_linked,131072,staggered_driven,60,4,1,34,5.5553,5.472256,0.004
compute_linked,131072,staggered_driven,60,4,1,35,5.5214,5.440512,0.0043
compute_linked,131072,staggered_driven,60,4,1,36,5.8263,5.70368,0.004
compute_linked,131072,staggered_driven,60,4,1,37,5.5093,5.433344,0.004
compute_linked,131072,staggered_driven,60,4,1,38,5.5058,5.415936,0.0044
compute_linked,131072,staggered_driven,60,4,1,39,5.5714,5.449728,0.006
compute_exact_ranges,131072,staggered_driven,60,4,1,0,7.9792,7.885824,0.0118
compute_exact_ranges,131072,staggered_driven,60,4,1,1,9.2086,8.126464,0.005
compute_exact_ranges,131072,staggered_driven,60,4,1,2,7.9463,7.862272,0.0064
compute_exact_ranges,131072,staggered_driven,60,4,1,3,7.829,7.718912,0.0064
compute_exact_ranges,131072,staggered_driven,60,4,1,4,7.9548,7.707648,0.009
compute_exact_ranges,131072,staggered_driven,60,4,1,5,8.1294,8.0128,0.0089
compute_exact_ranges,131072,staggered_driven,60,4,1,6,7.9051,7.800832,0.0067
compute_exact_ranges,131072,staggered_driven,60,4,1,7,7.8719,7.760896,0.009
compute_exact_ranges,131072,staggered_driven,60,4,1,8,7.8206,7.727104,0.0064
compute_exact_ranges,131072,staggered_driven,60,4,1,9,8.0157,7.906304,0.0088
compute_exact_ranges,131072,staggered_driven,60,4,1,10,7.8155,7.734272,0.0062
compute_exact_ranges,131072,staggered_driven,60,4,1,11,7.9297,7.817216,0.0091
compute_exact_ranges,131072,staggered_driven,60,4,1,12,7.8295,7.753728,0.009
compute_exact_ranges,131072,staggered_driven,60,4,1,13,7.9995,7.924736,0.0061
compute_exact_ranges,131072,staggered_driven,60,4,1,14,7.8537,7.743488,0.009
compute_exact_ranges,131072,staggered_driven,60,4,1,15,7.8382,7.759872,0.0091
compute_exact_ranges,131072,staggered_driven,60,4,1,16,7.8065,7.738368,0.0058
compute_exact_ranges,131072,staggered_driven,60,4,1,17,7.8143,7.73632,0.009
compute_exact_ranges,131072,staggered_driven,60,4,1,18,8.0774,7.96672,0.0091
compute_exact_ranges,131072,staggered_driven,60,4,1,19,7.848,7.769088,0.0092
compute_exact_ranges,131072,staggered_driven,60,4,1,20,7.8732,7.795712,0.0089
compute_exact_ranges,131072,staggered_driven,60,4,1,21,7.9039,7.826432,0.0088
compute_exact_ranges,131072,staggered_driven,60,4,1,22,8.1112,8.003584,0.009
compute_exact_ranges,131072,staggered_driven,60,4,1,23,7.9887,7.916544,0.0061
compute_exact_ranges,131072,staggered_driven,60,4,1,24,7.9277,7.852032,0.0062
compute_exact_ranges,131072,staggered_driven,60,4,1,25,7.9056,7.825408,0.0088
compute_exact_ranges,131072,staggered_driven,60,4,1,26,8.2465,8.136704,0.0088
compute_exact_ranges,131072,staggered_driven,60,4,1,27,7.9605,7.886848,0.0064
compute_exact_ranges,131072,staggered_driven,60,4,1,28,8.0403,7.934976,0.0062
compute_exact_ranges,131072,staggered_driven,60,4,1,29,7.9863,7.911424,0.0062
compute_exact_ranges,131072,staggered_driven,60,4,1,30,8.1606,8.046592,0.0118
compute_exact_ranges,131072,staggered_driven,60,4,1,31,7.9901,7.909376,0.0089
compute_exact_ranges,131072,staggered_driven,60,4,1,32,7.9372,7.867392,0.0065
compute_exact_ranges,131072,staggered_driven,60,4,1,33,8.0241,7.949312,0.0064
compute_exact_ranges,131072,staggered_driven,60,4,1,34,8.1923,8.085504,0.0063
compute_exact_ranges,131072,staggered_driven,60,4,1,35,7.9136,7.830528,0.0064
compute_exact_ranges,131072,staggered_driven,60,4,1,36,8.0495,7.933952,0.0094
compute_exact_ranges,131072,staggered_driven,60,4,1,37,7.9851,7.907328,0.0091
compute_exact_ranges,131072,staggered_driven,60,4,1,38,8.24,8.159232,0.0092
compute_exact_ranges,131072,staggered_driven,60,4,1,39,8.0392,7.95648,0.0067
compute_bounded_linked,131072,staggered_driven,60,4,1,0,5.8183,5.733376,0.0079
compute_bounded_linked,131072,staggered_driven,60,4,1,1,6.2309,5.666816,0.0021
compute_bounded_linked,131072,staggered_driven,60,4,1,2,5.7446,5.661696,0.0044
compute_bounded_linked,131072,staggered_driven,60,4,1,3,5.7623,5.656576,0.0061
compute_bounded_linked,131072,staggered_driven,60,4,1,4,5.7492,5.666816,0.0039
compute_bounded_linked,131072,staggered_driven,60,4,1,5,6.012,5.894144,0.0062
compute_bounded_linked,131072,staggered_driven,60,4,1,6,5.7248,5.644288,0.0063
compute_bounded_linked,131072,staggered_driven,60,4,1,7,5.7251,5.613568,0.0062
compute_bounded_linked,131072,staggered_driven,60,4,1,8,5.6954,5.622784,0.0046
compute_bounded_linked,131072,staggered_driven,60,4,1,9,5.7038,5.624832,0.0042
compute_bounded_linked,131072,staggered_driven,60,4,1,10,6.0028,5.888,0.0061
compute_bounded_linked,131072,staggered_driven,60,4,1,11,5.7144,5.640192,0.0043
compute_bounded_linked,131072,staggered_driven,60,4,1,12,5.7526,5.673984,0.0061
compute_bounded_linked,131072,staggered_driven,60,4,1,13,5.788,5.677056,0.0061
compute_bounded_linked,131072,staggered_driven,60,4,1,14,5.7184,5.64224,0.0043
compute_bounded_linked,131072,staggered_driven,60,4,1,15,5.7584,5.653504,0.006
compute_bounded_linked,131072,staggered_driven,60,4,1,16,5.8887,5.817344,0.0039
compute_bounded_linked,131072,staggered_driven,60,4,1,17,5.729,5.639168,0.0043
compute_bounded_linked,131072,staggered_driven,60,4,1,18,5.7445,5.644288,0.0062
compute_bounded_linked,131072,staggered_driven,60,4,1,19,5.8066,5.630976,0.0061
compute_bounded_linked,131072,staggered_driven,60,4,1,20,5.7274,5.643264,0.0062
compute_bounded_linked,131072,staggered_driven,60,4,1,21,5.7618,5.656576,0.006
compute_bounded_linked,131072,staggered_driven,60,4,1,22,6.0561,5.907456,0.0061
compute_bounded_linked,131072,staggered_driven,60,4,1,23,5.7497,5.64224,0.0063
compute_bounded_linked,131072,staggered_driven,60,4,1,24,5.7348,5.627904,0.0039
compute_bounded_linked,131072,staggered_driven,60,4,1,25,5.7392,5.63712,0.0062
compute_bounded_linked,131072,staggered_driven,60,4,1,26,5.6919,5.615616,0.0043
compute_bounded_linked,131072,staggered_driven,60,4,1,27,6.4209,6.233088,0.0061
compute_bounded_linked,131072,staggered_driven,60,4,1,28,5.7681,5.669888,0.0081
compute_bounded_linked,131072,staggered_driven,60,4,1,29,5.7154,5.633024,0.006
compute_bounded_linked,131072,staggered_driven,60,4,1,30,5.7597,5.610496,0.0061
compute_bounded_linked,131072,staggered_driven,60,4,1,31,5.6959,5.614592,0.0044
compute_bounded_linked,131072,staggered_driven,60,4,1,32,5.6933,5.622784,0.0038
compute_bounded_linked,131072,staggered_driven,60,4,1,33,6.0755,5.926912,0.0061
compute_bounded_linked,131072,staggered_driven,60,4,1,34,5.7294,5.64224,0.0062
compute_bounded_linked,131072,staggered_driven,60,4,1,35,5.6932,5.610496,0.006
compute_bounded_linked,131072,staggered_driven,60,4,1,36,5.7616,5.61152,0.006
compute_bounded_linked,131072,staggered_driven,60,4,1,37,5.7289,5.623808,0.0061
compute_bounded_linked,131072,staggered_driven,60,4,1,38,5.6941,5.59616,0.006
compute_bounded_linked,131072,staggered_driven,60,4,1,39,5.9885,5.871616,0.006
compute_exact_ranges,131072,staggered_driven,60,4,2,0,8.2498,8.147968,0.0124
compute_exact_ranges,131072,staggered_driven,60,4,2,1,8.826,7.899136,0.0052
compute_exact_ranges,131072,staggered_driven,60,4,2,2,7.8922,7.77216,0.0063
compute_exact_ranges,131072,staggered_driven,60,4,2,3,7.7935,7.711744,0.0091
compute_exact_ranges,131072,staggered_driven,60,4,2,4,8.2882,7.942144,0.0092
compute_exact_ranges,131072,staggered_driven,60,4,2,5,7.8582,7.773184,0.0092
compute_exact_ranges,131072,staggered_driven,60,4,2,6,7.8857,7.770112,0.0091
compute_exact_ranges,131072,staggered_driven,60,4,2,7,7.827,7.74656,0.0064
compute_exact_ranges,131072,staggered_driven,60,4,2,8,7.9677,7.891968,0.0087
compute_exact_ranges,131072,staggered_driven,60,4,2,9,7.8598,7.785472,0.0065
compute_exact_ranges,131072,staggered_driven,60,4,2,10,7.8491,7.745536,0.0062
compute_exact_ranges,131072,staggered_driven,60,4,2,11,7.9381,7.86432,0.0062
compute_exact_ranges,131072,staggered_driven,60,4,2,12,8.0672,7.957504,0.0066
compute_exact_ranges,131072,staggered_driven,60,4,2,13,7.8521,7.77216,0.0092
compute_exact_ranges,131072,staggered_driven,60,4,2,14,7.9683,7.849984,0.0091
compute_exact_ranges,131072,staggered_driven,60,4,2,15,7.9912,7.9104,0.009
compute_exact_ranges,131072,staggered_driven,60,4,2,16,8.1417,8.070144,0.0058
compute_exact_ranges,131072,staggered_driven,60,4,2,17,8.1992,8.119296,0.009
compute_exact_ranges,131072,staggered_driven,60,4,2,18,8.0361,7.921664,0.0083
compute_exact_ranges,131072,staggered_driven,60,4,2,19,7.9952,7.916544,0.0091
compute_exact_ranges,131072,staggered_driven,60,4,2,20,8.1036,8.025088,0.0091
compute_exact_ranges,131072,staggered_driven,60,4,2,21,8.0187,7.940096,0.0091
compute_exact_ranges,131072,staggered_driven,60,4,2,22,8.0967,7.986176,0.0092
compute_exact_ranges,131072,staggered_driven,60,4,2,23,7.9909,7.912448,0.0091
compute_exact_ranges,131072,staggered_driven,60,4,2,24,8.1465,8.078336,0.0059
compute_exact_ranges,131072,staggered_driven,60,4,2,25,8.0127,7.90528,0.0063
compute_exact_ranges,131072,staggered_driven,60,4,2,26,8.0307,7.913472,0.0092
compute_exact_ranges,131072,staggered_driven,60,4,2,27,8.0484,7.965696,0.0063
compute_exact_ranges,131072,staggered_driven,60,4,2,28,8.2181,8.134656,0.0063
compute_exact_ranges,131072,staggered_driven,60,4,2,29,8.0609,7.953408,0.0063
compute_exact_ranges,131072,staggered_driven,60,4,2,30,7.9473,7.866368,0.0062
compute_exact_ranges,131072,staggered_driven,60,4,2,31,8.0298,7.921664,0.0091
compute_exact_ranges,131072,staggered_driven,60,4,2,32,8.1637,8.091648,0.0059
compute_exact_ranges,131072,staggered_driven,60,4,2,33,8.0351,7.926784,0.0064
compute_exact_ranges,131072,staggered_driven,60,4,2,34,7.9792,7.899136,0.0092
compute_exact_ranges,131072,staggered_driven,60,4,2,35,8.0264,7.913472,0.0091
compute_exact_ranges,131072,staggered_driven,60,4,2,36,7.9569,7.845888,0.0134
compute_exact_ranges,131072,staggered_driven,60,4,2,37,8.1817,8.062976,0.0092
compute_exact_ranges,131072,staggered_driven,60,4,2,38,8.0144,7.913472,0.0062
compute_exact_ranges,131072,staggered_driven,60,4,2,39,7.9469,7.862272,0.0091
compute_bounded_linked,131072,staggered_driven,60,4,2,0,5.7464,5.663744,0.0086
compute_bounded_linked,131072,staggered_driven,60,4,2,1,6.3158,5.66272,0.0018
compute_bounded_linked,131072,staggered_driven,60,4,2,2,5.7567,5.653504,0.0043
compute_bounded_linked,131072,staggered_driven,60,4,2,3,6.0327,5.880832,0.0061
compute_bounded_linked,131072,staggered_driven,60,4,2,4,5.7591,5.645312,0.0063
compute_bounded_linked,131072,staggered_driven,60,4,2,5,5.7236,5.63712,0.0042
compute_bounded_linked,131072,staggered_driven,60,4,2,6,5.7796,5.663744,0.0041
compute_bounded_linked,131072,staggered_driven,60,4,2,7,5.7035,5.623808,0.006
compute_bounded_linked,131072,staggered_driven,60,4,2,8,5.6884,5.615616,0.0038
compute_bounded_linked,131072,staggered_driven,60,4,2,9,6.0035,5.88288,0.0043
compute_bounded_linked,131072,staggered_driven,60,4,2,10,5.7431,5.650432,0.0043
compute_bounded_linked,131072,staggered_driven,60,4,2,11,5.6988,5.619712,0.0061
compute_bounded_linked,131072,staggered_driven,60,4,2,12,5.6791,5.604352,0.0042
compute_bounded_linked,131072,staggered_driven,60,4,2,13,5.7135,5.636096,0.0043
compute_bounded_linked,131072,staggered_driven,60,4,2,14,5.9864,5.871616,0.0061
compute_bounded_linked,131072,staggered_driven,60,4,2,15,5.7858,5.710848,0.0042
compute_bounded_linked,131072,staggered_driven,60,4,2,16,5.7756,5.706752,0.0038
compute_bounded_linked,131072,staggered_driven,60,4,2,17,5.8034,5.689344,0.0062
compute_bounded_linked,131072,staggered_driven,60,4,2,18,5.736,5.658624,0.006
compute_bounded_linked,131072,staggered_driven,60,4,2,19,5.7807,5.671936,0.0078
compute_bounded_linked,131072,staggered_driven,60,4,2,20,6.0107,5.894144,0.0061
compute_bounded_linked,131072,staggered_driven,60,4,2,21,5.7493,5.66272,0.0061
compute_bounded_linked,131072,staggered_driven,60,4,2,22,6.3945,6.320128,0.0045
compute_bounded_linked,131072,staggered_driven,60,4,2,23,5.825,5.709824,0.005
compute_bounded_linked,131072,staggered_driven,60,4,2,24,5.7318,5.660672,0.0041
compute_bounded_linked,131072,staggered_driven,60,4,2,25,6.1781,6.099968,0.0061
compute_bounded_linked,131072,staggered_driven,60,4,2,26,5.781,5.675008,0.0041
compute_bounded_linked,131072,staggered_driven,60,4,2,27,5.7236,5.645312,0.0061
compute_bounded_linked,131072,staggered_driven,60,4,2,28,5.9009,5.822464,0.0061
compute_bounded_linked,131072,staggered_driven,60,4,2,29,5.7117,5.641216,0.0042
compute_bounded_linked,131072,staggered_driven,60,4,2,30,5.76,5.653504,0.0048
compute_bounded_linked,131072,staggered_driven,60,4,2,31,5.9183,5.840896,0.0061
compute_bounded_linked,131072,staggered_driven,60,4,2,32,5.9024,5.835776,0.0039
compute_bounded_linked,131072,staggered_driven,60,4,2,33,5.7431,5.628928,0.0042
compute_bounded_linked,131072,staggered_driven,60,4,2,34,5.7067,5.630976,0.0042
compute_bounded_linked,131072,staggered_driven,60,4,2,35,5.9244,5.84704,0.0061
compute_bounded_linked,131072,staggered_driven,60,4,2,36,5.698,5.627904,0.0042
compute_bounded_linked,131072,staggered_driven,60,4,2,37,5.9708,5.863424,0.006
compute_bounded_linked,131072,staggered_driven,60,4,2,38,5.715,5.635072,0.0043
compute_bounded_linked,131072,staggered_driven,60,4,2,39,5.941,5.860352,0.0062
compute_linked,131072,staggered_driven,60,4,2,0,5.6399,5.558272,0.0046
compute_linked,131072,staggered_driven,60,4,2,1,6.0393,5.9648,0.0017
compute_linked,131072,staggered_driven,60,4,2,2,6.1468,5.547008,0.007
compute_linked,131072,staggered_driven,60,4,2,3,5.6768,5.551104,0.0044
compute_linked,131072,staggered_driven,60,4,2,4,5.8306,5.752832,0.0058
compute_linked,131072,staggered_driven,60,4,2,5,5.795,5.720064,0.0041
compute_linked,131072,staggered_driven,60,4,2,6,5.6261,5.51424,0.004
compute_linked,131072,staggered_driven,60,4,2,7,5.561,5.48352,0.004
compute_linked,131072,staggered_driven,60,4,2,8,5.7623,5.694464,0.0037
compute_linked,131072,staggered_driven,60,4,2,9,5.5823,5.471232,0.0041
compute_linked,131072,staggered_driven,60,4,2,10,5.5229,5.44768,0.004
compute_linked,131072,staggered_driven,60,4,2,11,5.7885,5.712896,0.0058
compute_linked,131072,staggered_driven,60,4,2,12,5.6059,5.491712,0.0041
compute_linked,131072,staggered_driven,60,4,2,13,5.5786,5.500928,0.0059
compute_linked,131072,staggered_driven,60,4,2,14,5.553,5.477376,0.0059
compute_linked,131072,staggered_driven,60,4,2,15,5.5586,5.484544,0.004
compute_linked,131072,staggered_driven,60,4,2,16,5.5949,5.49376,0.0037
compute_linked,131072,staggered_driven,60,4,2,17,5.7317,5.495808,0.0058
compute_linked,131072,staggered_driven,60,4,2,18,5.5583,5.480448,0.0041
compute_linked,131072,staggered_driven,60,4,2,19,5.5686,5.462016,0.0058
compute_linked,131072,staggered_driven,60,4,2,20,5.5189,5.44256,0.0058
compute_linked,131072,staggered_driven,60,4,2,21,5.5685,5.492736,0.0058
compute_linked,131072,staggered_driven,60,4,2,22,5.8573,5.74976,0.0058
compute_linked,131072,staggered_driven,60,4,2,23,5.5478,5.477376,0.004
compute_linked,131072,staggered_driven,60,4,2,24,5.5594,5.485568,0.0054
compute_linked,131072,staggered_driven,60,4,2,25,5.5676,5.459968,0.0058
compute_linked,131072,staggered_driven,60,4,2,26,5.5421,5.460992,0.004
compute_linked,131072,staggered_driven,60,4,2,27,5.5154,5.449728,0.0059
compute_linked,131072,staggered_driven,60,4,2,28,5.8004,5.690368,0.0041
compute_linked,131072,staggered_driven,60,4,2,29,5.5622,5.491712,0.004
compute_linked,131072,staggered_driven,60,4,2,30,5.5706,5.494784,0.0058
compute_linked,131072,staggered_driven,60,4,2,31,5.6146,5.507072,0.006
compute_linked,131072,staggered_driven,60,4,2,32,5.5698,5.49888,0.0041
compute_linked,131072,staggered_driven,60,4,2,33,5.5635,5.486592,0.0057
compute_linked,131072,staggered_driven,60,4,2,34,5.7883,5.681152,0.0041
compute_linked,131072,staggered_driven,60,4,2,35,5.5636,5.48352,0.0041
compute_linked,131072,staggered_driven,60,4,2,36,5.6219,5.545984,0.004
compute_linked,131072,staggered_driven,60,4,2,37,5.6404,5.533696,0.0038
compute_linked,131072,staggered_driven,60,4,2,38,5.5825,5.505024,0.0057
compute_linked,131072,staggered_driven,60,4,2,39,5.554,5.475328,0.0058
compute_bounded_linked,131072,staggered_driven,60,4,3,0,5.8048,5.731328,0.0075
compute_bounded_linked,131072,staggered_driven,60,4,3,1,6.4767,5.697536,0.0018
compute_bounded_linked,131072,staggered_driven,60,4,3,2,5.9352,5.738496,0.0049
compute_bounded_linked,131072,staggered_driven,60,4,3,3,5.8077,5.728256,0.0062
compute_bounded_linked,131072,staggered_driven,60,4,3,4,5.8397,5.69856,0.0061
compute_bounded_linked,131072,staggered_driven,60,4,3,5,5.7656,5.689344,0.0043
compute_bounded_linked,131072,staggered_driven,60,4,3,6,5.7327,5.654528,0.0043
compute_bounded_linked,131072,staggered_driven,60,4,3,7,6.0687,5.869568,0.0043
compute_bounded_linked,131072,staggered_driven,60,4,3,8,5.7159,5.64224,0.0039
compute_bounded_linked,131072,staggered_driven,60,4,3,9,5.726,5.644288,0.0062
compute_bounded_linked,131072,staggered_driven,60,4,3,10,5.7579,5.645312,0.0042
compute_bounded_linked,131072,staggered_driven,60,4,3,11,5.7114,5.632,0.0062
compute_bounded_linked,131072,staggered_driven,60,4,3,12,5.6759,5.599232,0.0043
compute_bounded_linked,131072,staggered_driven,60,4,3,13,5.9912,5.84192,0.0061
compute_bounded_linked,131072,staggered_driven,60,4,3,14,5.785,5.680128,0.0042
compute_bounded_linked,131072,staggered_driven,60,4,3,15,6.2288,6.146048,0.0043
compute_bounded_linked,131072,staggered_driven,60,4,3,16,5.7792,5.70368,0.0047
compute_bounded_linked,131072,staggered_driven,60,4,3,17,5.7639,5.684224,0.0061
compute_bounded_linked,131072,staggered_driven,60,4,3,18,5.9919,5.914624,0.0043
compute_bounded_linked,131072,staggered_driven,60,4,3,19,5.7955,5.721088,0.0042
compute_bounded_linked,131072,staggered_driven,60,4,3,20,5.7977,5.687296,0.0061
compute_bounded_linked,131072,staggered_driven,60,4,3,21,5.7084,5.627904,0.0062
compute_bounded_linked,131072,staggered_driven,60,4,3,22,5.7372,5.62176,0.0061
compute_bounded_linked,131072,staggered_driven,60,4,3,23,5.7167,5.623808,0.0061
compute_bounded_linked,131072,staggered_driven,60,4,3,24,6.0101,5.940224,0.0042
compute_bounded_linked,131072,staggered_driven,60,4,3,25,5.7827,5.692416,0.0043
compute_bounded_linked,131072,staggered_driven,60,4,3,26,5.7639,5.673984,0.0054
compute_bounded_linked,131072,staggered_driven,60,4,3,27,5.7683,5.651456,0.0042
compute_bounded_linked,131072,staggered_driven,60,4,3,28,5.7512,5.673984,0.006
compute_bounded_linked,131072,staggered_driven,60,4,3,29,5.7033,5.620736,0.0042
compute_bounded_linked,131072,staggered_driven,60,4,3,30,6.0287,5.915648,0.0061
compute_bounded_linked,131072,staggered_driven,60,4,3,31,5.7575,5.677056,0.0043
compute_bounded_linked,131072,staggered_driven,60,4,3,32,5.7036,5.630976,0.0039
compute_bounded_linked,131072,staggered_driven,60,4,3,33,5.7319,5.628928,0.0061
compute_bounded_linked,131072,staggered_driven,60,4,3,34,5.7189,5.638144,0.0063
compute_bounded_linked,131072,staggered_driven,60,4,3,35,5.9774,5.869568,0.0057
compute_bounded_linked,131072,staggered_driven,60,4,3,36,5.8114,5.692416,0.0046
compute_bounded_linked,131072,staggered_driven,60,4,3,37,5.7603,5.679104,0.0061
compute_bounded_linked,131072,staggered_driven,60,4,3,38,5.7537,5.643264,0.0061
compute_bounded_linked,131072,staggered_driven,60,4,3,39,5.7698,5.646336,0.0061
compute_linked,131072,staggered_driven,60,4,3,0,5.5899,5.45792,0.0101
compute_linked,131072,staggered_driven,60,4,3,1,5.5505,5.4784,0.0017
compute_linked,131072,staggered_driven,60,4,3,2,6.1004,5.480448,0.0058
compute_linked,131072,staggered_driven,60,4,3,3,5.5427,5.459968,0.0058
compute_linked,131072,staggered_driven,60,4,3,4,5.5383,5.458944,0.0037
compute_linked,131072,staggered_driven,60,4,3,5,5.7575,5.64224,0.0057
compute_linked,131072,staggered_driven,60,4,3,6,5.5147,5.428224,0.0059
compute_linked,131072,staggered_driven,60,4,3,7,5.508,5.429248,0.004
compute_linked,131072,staggered_driven,60,4,3,8,5.5169,5.443584,0.0069
compute_linked,131072,staggered_driven,60,4,3,9,5.5427,5.46816,0.004
compute_linked,131072,staggered_driven,60,4,3,10,5.5454,5.46816,0.0057
compute_linked,131072,staggered_driven,60,4,3,11,5.8543,5.709824,0.0056
compute_linked,131072,staggered_driven,60,4,3,12,5.5948,5.518336,0.004
compute_linked,131072,staggered_driven,60,4,3,13,5.5852,5.507072,0.0058
compute_linked,131072,staggered_driven,60,4,3,14,5.6191,5.474304,0.0058
compute_linked,131072,staggered_driven,60,4,3,15,5.5782,5.497856,0.0041
compute_linked,131072,staggered_driven,60,4,3,16,5.8266,5.76,0.0037
compute_linked,131072,staggered_driven,60,4,3,17,5.6239,5.513216,0.004
compute_linked,131072,staggered_driven,60,4,3,18,5.5839,5.505024,0.004
compute_linked,131072,staggered_driven,60,4,3,19,5.5806,5.505024,0.0061
compute_linked,131072,staggered_driven,60,4,3,20,5.5714,5.495808,0.0041
compute_linked,131072,staggered_driven,60,4,3,21,5.5925,5.489664,0.0058
compute_linked,131072,staggered_driven,60,4,3,22,5.791,5.676032,0.004
compute_linked,131072,staggered_driven,60,4,3,23,5.5761,5.504,0.004
compute_linked,131072,staggered_driven,60,4,3,24,5.5802,5.511168,0.0035
compute_linked,131072,staggered_driven,60,4,3,25,5.5847,5.474304,0.0039
compute_linked,131072,staggered_driven,60,4,3,26,5.5213,5.44768,0.0039
compute_linked,131072,staggered_driven,60,4,3,27,5.5421,5.466112,0.0056
compute_linked,131072,staggered_driven,60,4,3,28,5.8137,5.710848,0.0056
compute_linked,131072,staggered_driven,60,4,3,29,5.5461,5.464064,0.004
compute_linked,131072,staggered_driven,60,4,3,30,5.6039,5.494784,0.0057
compute_linked,131072,staggered_driven,60,4,3,31,5.5721,5.49376,0.0039
compute_linked,131072,staggered_driven,60,4,3,32,5.5451,5.454848,0.0052
compute_linked,131072,staggered_driven,60,4,3,33,5.519,5.443584,0.0057
compute_linked,131072,staggered_driven,60,4,3,34,5.7318,5.62176,0.004
compute_linked,131072,staggered_driven,60,4,3,35,5.5235,5.445632,0.0063
compute_linked,131072,staggered_driven,60,4,3,36,5.5227,5.448704,0.0058
compute_linked,131072,staggered_driven,60,4,3,37,5.5795,5.469184,0.004
compute_linked,131072,staggered_driven,60,4,3,38,5.5463,5.46816,0.0057
compute_linked,131072,staggered_driven,60,4,3,39,5.5505,5.474304,0.0057
compute_exact_ranges,131072,staggered_driven,60,4,3,0,8.1078,8.013824,0.012
compute_exact_ranges,131072,staggered_driven,60,4,3,1,8.8005,7.877632,0.0049
compute_exact_ranges,131072,staggered_driven,60,4,3,2,7.952,7.836672,0.0062
compute_exact_ranges,131072,staggered_driven,60,4,3,3,7.9137,7.803904,0.0127
compute_exact_ranges,131072,staggered_driven,60,4,3,4,8.1441,7.779328,0.0063
compute_exact_ranges,131072,staggered_driven,60,4,3,5,7.9765,7.783424,0.0061
compute_exact_ranges,131072,staggered_driven,60,4,3,6,7.8286,7.750656,0.009
compute_exact_ranges,131072,staggered_driven,60,4,3,7,7.8394,7.721984,0.0112
compute_exact_ranges,131072,staggered_driven,60,4,3,8,7.8443,7.770112,0.0065
compute_exact_ranges,131072,staggered_driven,60,4,3,9,8.0468,7.931904,0.0089
compute_exact_ranges,131072,staggered_driven,60,4,3,10,7.8556,7.775232,0.009
compute_exact_ranges,131072,staggered_driven,60,4,3,11,7.8882,7.808,0.009
compute_exact_ranges,131072,staggered_driven,60,4,3,12,7.8998,7.819264,0.009
compute_exact_ranges,131072,staggered_driven,60,4,3,13,8.0864,7.97184,0.0093
compute_exact_ranges,131072,staggered_driven,60,4,3,14,7.8034,7.725056,0.009
compute_exact_ranges,131072,staggered_driven,60,4,3,15,10.2172,7.759872,0.0065
compute_exact_ranges,131072,staggered_driven,60,4,3,16,7.8069,7.734272,0.0064
compute_exact_ranges,131072,staggered_driven,60,4,3,17,7.9171,7.806976,0.0088
compute_exact_ranges,131072,staggered_driven,60,4,3,18,7.7308,7.652352,0.009
compute_exact_ranges,131072,staggered_driven,60,4,3,19,7.7547,7.645184,0.009
compute_exact_ranges,131072,staggered_driven,60,4,3,20,7.8277,7.748608,0.0089
compute_exact_ranges,131072,staggered_driven,60,4,3,21,8.0719,7.964672,0.009
compute_exact_ranges,131072,staggered_driven,60,4,3,22,7.7505,7.676928,0.0062
compute_exact_ranges,131072,staggered_driven,60,4,3,23,7.8947,7.750656,0.0062
compute_exact_ranges,131072,staggered_driven,60,4,3,24,7.8081,7.74144,0.0057
compute_exact_ranges,131072,staggered_driven,60,4,3,25,8.1123,8.005632,0.0062
compute_exact_ranges,131072,staggered_driven,60,4,3,26,7.8934,7.788544,0.0089
compute_exact_ranges,131072,staggered_driven,60,4,3,27,7.8598,7.733248,0.0089
compute_exact_ranges,131072,staggered_driven,60,4,3,28,7.9042,7.824384,0.0091
compute_exact_ranges,131072,staggered_driven,60,4,3,29,8.118,8.000512,0.0118
compute_exact_ranges,131072,staggered_driven,60,4,3,30,7.9596,7.885824,0.0062
compute_exact_ranges,131072,staggered_driven,60,4,3,31,7.9784,7.86944,0.009
compute_exact_ranges,131072,staggered_driven,60,4,3,32,7.8764,7.80288,0.0085
compute_exact_ranges,131072,staggered_driven,60,4,3,33,8.0841,8.005632,0.009
compute_exact_ranges,131072,staggered_driven,60,4,3,34,7.9221,7.815168,0.0061
compute_exact_ranges,131072,staggered_driven,60,4,3,35,7.8471,7.773184,0.0061
compute_exact_ranges,131072,staggered_driven,60,4,3,36,7.9093,7.805952,0.0061
compute_exact_ranges,131072,staggered_driven,60,4,3,37,8.0799,8.005632,0.0061
compute_exact_ranges,131072,staggered_driven,60,4,3,38,7.9772,7.86944,0.0062
compute_exact_ranges,131072,staggered_driven,60,4,3,39,7.9548,7.849984,0.0089
